24192 200.0000000000 99999
  -0.0444263   -0.0107356   -0.0652266
   0.6079753    0.2193408    0.2565480
  -0.1217722    0.3589839   -0.6692330
  -0.0287169    0.0570285   -0.0065231
   0.3417206    0.7518702    0.4700469
   0.2255448    0.4645621    0.3380646
  -0.0468750   -0.2875337   -0.0308270
   0.2008760   -0.6280480   -0.1734420
   0.2148056    0.7046051    0.1741253
  -0.0864975   -0.0966421   -0.0405396
  -0.6760271    0.5569986   -0.3298690
  -0.1578171   -0.2018744    0.1216100
  -0.1358815   -0.0381030   -0.1124260
  -0.6493564   -0.0085010   -0.8006138
  -0.5731305    0.1087585    0.3062277
  -0.1094998    0.0315774    0.1573395
   0.2237293   -0.0441237   -0.6824607
   0.0277513    0.1060746    0.6211385
  -0.0998387   -0.1612811   -0.1405791
   0.4209059   -0.2661371    0.5239977
  -0.4967319    0.5077117   -0.0601453
  -0.0193335    0.1113948    0.0025295
  -0.1180211    0.0046483   -0.5827229
  -0.0027310   -0.1058720    0.1532227
   0.0309184   -0.0068681   -0.0285171
  -0.5865841    0.2121578   -0.7102073
  -0.2869731   -0.0711098    0.1685433
   0.1062982   -0.0097739    0.0544972
   0.3099457    0.3383321    0.2248904
   0.3582467   -0.1234074   -0.4580417
   0.0028830   -0.0765306    0.0735736
   0.3175036    0.5466335    0.0131051
  -1.0580417   -0.2407843    0.0608562
   0.0391197   -0.0685093    0.0342066
   0.1905997    0.2366541    0.4409856
  -0.7400922   -0.4099993    0.0970466
  -0.0672042    0.1569792    0.1725315
  -0.8556567   -0.0686388   -0.7818878
  -0.6582563   -0.1662002   -0.1051437
   0.1054605   -0.0277141    0.0169307
  -0.1145335    0.0111264   -0.0262788
  -1.1488091   -0.9864194    0.4403214
   0.0360561    0.0831732   -0.0591690
   0.3340954   -0.6999174    0.4714230
   0.3282358   -0.0906270    0.1844404
   0.1076773   -0.0752631   -0.2284680
  -0.4880714   -0.5245745    1.0457017
  -0.6050737   -0.2041482   -0.0222348
  -0.1091833   -0.0876501   -0.0833777
   0.2142589    0.3159773   -0.1212373
  -0.1747897    0.4005926    0.5683868
  -0.0799097   -0.0403317    0.0996682
  -0.5380812    0.5354987    0.2807471
  -0.0789499   -0.2738864   -0.0917464
  -0.0150569    0.1592256   -0.0760020
   0.0686513    1.0569113    0.4014186
   0.2860223    0.3551739    0.0502090
   0.0861316    0.0210916   -0.0442792
  -0.4566507   -0.0086868    0.0172222
   0.1763851   -0.6045668   -0.0940505
  -0.0396109    0.0646055    0.1114668
  -0.2937028    0.6795850   -0.4625248
   0.8164816   -0.5812451    0.4358482
   0.0326624   -0.1042271    0.0789981
  -0.1695992    0.1381494   -0.1616757
   0.2724909    0.2371269   -0.1470388
   0.1092208   -0.1203357   -0.1691740
  -0.7735872   -0.0148028    0.3115256
   0.4258721    0.1086204    0.2908879
   0.0672841   -0.0347075    0.0958976
   0.1278907    0.7324454   -0.0925285
  -0.2836037    0.3213711   -0.2465357
  -0.1963228   -0.1439086   -0.0418103
  -0.4106416   -0.9016572    0.0966806
   0.5009303    0.3012844    0.1985077
   0.1873243    0.1289805    0.0776512
  -0.9681656   -0.0244648   -0.1776422
   0.0402414    0.1134578   -0.3034456
  -0.0160295   -0.0244816    0.0365299
   0.1284566   -0.2873580   -0.1512066
  -0.3779695   -0.0189387    0.4108661
  -0.0540334   -0.0236927    0.2363681
   0.4058472    0.3321094    0.3880126
   0.5731645   -0.2071870   -0.6006031
   0.1760325   -0.1244499    0.0886079
   0.4697904    0.6229487   -0.6828405
   0.0810138   -0.7821472    0.3850078
  -0.0594718   -0.0789483    0.0199071
   0.2638551    1.2710611   -0.2598709
  -0.2642330   -0.1479912    0.1958329
  -0.0099784   -0.1860686    0.0339018
   0.6760293   -0.3485338   -0.2336488
   0.5156732    0.1353891    0.2075992
   0.1677115    0.0560924   -0.2315127
   0.6066404   -0.1357045   -0.3276326
  -0.4722655   -0.1086781    0.3309670
   0.1051891    0.0502120   -0.1415570
  -0.4151951    0.4066337   -0.1785906
  -0.4273232   -0.2050397   -0.5540287
   0.2018078   -0.0960181    0.1453166
   0.4137784    0.6684806   -0.0751317
  -0.0330786   -0.0704641   -0.0289617
   0.0292499    0.1191121    0.0407465
   0.6679106    0.2089481   -0.4299670
  -0.2554753    0.4403417    0.0394195
  -0.1510661   -0.0342037    0.0495719
   0.0957750   -0.2629188    0.4440083
  -0.0094714    0.3646482   -0.4760255
   0.0437510   -0.0431104   -0.0097333
  -0.2810493   -1.0828416   -0.4842507
   0.1032291   -0.9180454   -0.3114581
  -0.0700209   -0.0329527   -0.0922727
  -0.0580196   -0.3413712    0.4342989
  -0.6353005   -0.0425138    0.4924937
   0.1360716   -0.0529079   -0.2061219
   0.6962273    0.0746109   -0.1567856
   0.2005634   -0.1168211    0.3482161
  -0.1050667    0.0095390   -0.1105175
  -0.1598591   -0.4417050   -0.8600910
  -0.1400107    0.6191625    0.6087049
   0.0864658    0.0624216   -0.0251886
  -0.3481236   -0.0727898   -0.3841190
  -0.6124480    0.2977543    0.2600080
   0.0153816    0.0620616   -0.0504297
  -0.0460906    0.3607006   -0.0460104
   0.5206836   -0.3194959    0.0171792
  -0.1283040    0.0728329    0.0884571
  -0.2409810    0.3677925   -0.1531316
  -0.1254403   -0.4486920   -0.1315206
  -0.1331565   -0.1986783    0.0931694
   0.0033751   -0.1740665    0.1728397
   0.4116375    0.2510519   -1.1984013
   0.1314074    0.0159075    0.0202004
   0.2804140   -0.1625807    1.0074468
  -1.1246903   -0.3028139   -0.2067295
  -0.0336800    0.0280570   -0.0914835
  -0.1433177   -0.4718063   -0.4764269
   0.1895640    0.0176410    0.1171336
   0.1827477   -0.0461725   -0.0259739
  -0.4033127   -0.1168987   -0.1034985
  -0.2726032    0.2431821    0.4545549
   0.0134540   -0.1208630    0.1876087
   0.4780759    0.0082858    0.7829031
   0.1810243    0.0653494   -0.0858677
   0.1477730    0.0353748    0.0553539
   0.2812474    0.1745308    0.8519290
  -0.3411881    0.2816656    0.0681508
   0.0044883   -0.0173940    0.1442648
  -0.0532865    0.4079854    0.1952910
   0.0445694    0.1318638    0.3486775
  -0.0197537    0.1285899    0.0232130
   0.4020917   -0.3332486   -0.7045612
   0.4459475    0.0448530   -0.0995355
   0.0559818   -0.0054578   -0.0465934
  -0.5169374   -0.3041468   -0.0486164
   0.3058481   -0.6366023    0.0563786
   0.0547717    0.0379605    0.0976677
  -0.4310334   -0.3632408    0.4387975
  -0.3705352   -0.0292622    0.4620451
   0.0386671    0.0483597   -0.0815206
   0.4451162    0.5211615    0.4496590
   0.2074807   -0.1650210    0.4348285
   0.0572191   -0.1634535    0.1631630
   0.0800778   -0.4638193   -0.1187935
  -0.2623467   -0.3473403    0.6132546
  -0.0150909   -0.0808986    0.2196964
  -0.0997688    0.1651408    0.4695176
   0.3990602    0.0715107    0.1739985
   0.1171572    0.0114897   -0.0293027
  -0.8265296   -0.2986062    0.1705615
   0.3762220   -0.1572040    0.3292178
   0.0540064   -0.1179288   -0.0200849
  -0.4305330    0.2007588    0.1233308
  -0.0000853    0.4937920    0.7963424
  -0.0739640    0.1332185    0.0988287
  -0.5998499    0.4996773    0.4804731
   0.1194122   -0.0716239   -0.5012394
   0.3162346    0.1327364    0.1009019
  -0.0599665    0.2022901    0.6545256
  -0.1628706   -0.0476765    0.4540044
  -0.0107828   -0.0098024   -0.0283499
  -0.0425299    0.0325978   -0.6077214
  -0.6458642   -0.3286687    0.2500182
   0.0382616   -0.0978692    0.1381821
   0.5290929    0.0590152   -0.0995590
  -0.6314178   -0.0846959   -0.3854622
  -0.0265816    0.1984366    0.1438734
  -0.4239368    0.1787073   -0.2057636
  -0.5559735   -0.2116652    0.0060976
  -0.1231151    0.2179400   -0.1724254
   0.2204797   -0.1286464   -0.5839152
  -0.7872370   -0.1598521   -0.3080742
  -0.0657655    0.1247808    0.0537476
   0.1553409   -0.1994278    0.2897899
  -0.7158754    0.3104484   -0.7609385
  -0.1039571   -0.0556456    0.0343255
   0.5726255   -0.0921410   -0.2425093
   0.3492269   -0.1500608    0.1336995
  -0.1434986   -0.1892722   -0.1270571
  -0.4855390   -0.2953303    0.0203502
  -0.4259073   -0.1467046    0.5607228
  -0.0617217   -0.1888541    0.0437946
   0.2237142    0.7228150   -0.5000992
   0.2511463    0.0223028    0.2711580
   0.0368539    0.0520417   -0.3259954
  -0.2407614   -0.0391911   -0.0177496
   0.2551396   -0.2231363   -0.8520613
   0.0190491    0.0356858    0.0722276
  -0.3166771    1.0783082    0.2950110
   0.1422987   -0.4617903    0.0774262
   0.0991507   -0.0572274   -0.0432289
  -0.3564560   -0.2416004    0.1080348
  -0.3165415   -0.7412217   -0.1570798
   0.0110903    0.0912522    0.0037038
   0.1799552    0.9987937   -0.1447050
  -0.1725975   -0.2135880    0.5170701
  -0.0538242   -0.1604800    0.0995990
  -0.1352367   -0.3002728   -0.0352976
  -0.2315450   -0.2788939    0.0534056
   0.0292521    0.1298274   -0.0800898
   0.3957479   -0.6487950    0.4548757
  -0.5138108    0.2570483   -0.1889985
  -0.0808785   -0.1148242    0.2206625
   0.4064290    0.6904860    0.8142184
  -0.0279446    0.4067891    0.0961034
   0.0602958   -0.1539860   -0.1173213
   0.5932525    0.0839619   -0.1490024
  -0.7157536   -0.1461840    0.6860627
  -0.0726101    0.0013195    0.0799991
   0.2332698    0.1851282    0.0634289
  -0.0318027    0.2919699    0.4327203
  -0.1686082   -0.0400444    0.0520216
  -0.1489301    0.2398750    0.7556752
   0.4196607   -0.1044415   -0.2672068
  -0.0534328   -0.0460075   -0.0138602
   0.3444217    0.5448724    0.5223345
   0.5481509   -0.3117696    0.0211266
   0.1350425    0.0796451   -0.1182205
  -0.3298553    0.4997973   -0.4252070
   1.0033947   -0.3480141    0.2033816
  -0.1677384    0.1096278    0.1934537
  -0.5027595    0.1904351   -0.9183229
  -0.0057469    0.0623055   -0.1378667
   0.0693553    0.0225304   -0.0326609
  -0.6392401   -0.9322358   -0.1613649
  -1.0336996    0.2069209   -0.4397205
   0.1564677    0.2269066    0.0732225
  -0.4770497    0.0130219    0.0940256
   0.9018148    0.2851680   -0.3387004
  -0.1256079   -0.0016486   -0.0108418
  -0.5369986   -0.4540061    0.4067318
  -0.6314317   -0.3072659    0.1957449
   0.0006127    0.0575250    0.0979523
  -0.1246348    0.0239388    0.4767194
   0.0399462    0.3004326    1.0691276
  -0.2331319    0.0641772    0.2488652
  -0.1203406   -0.3010479    0.1264650
   0.1721213    0.1703451   -0.6568242
   0.0628427    0.0695059    0.0391280
  -0.2121134   -1.0675536    0.2111852
   0.1618330   -0.3194434    0.0150338
   0.0405976   -0.2495751   -0.0506596
   0.0265061    0.5931659    0.1893670
   0.1569315   -0.1969034    0.3829845
   0.0231394   -0.0214649    0.0688716
   0.7930305    0.2041411   -0.2506611
   0.5514354    0.8842589   -0.0850974
  -0.0515586   -0.0736268    0.0624172
   0.3130299   -0.0370472   -0.0449105
  -0.7768198    0.1855242    0.4594403
  -0.0127999   -0.0780495    0.0099421
  -0.2106302    0.3984363   -0.3775057
   0.6341148    0.2522577    0.0184008
   0.0953902    0.1296327   -0.0505312
  -0.2750437    0.0140572    0.2345159
   0.5290189   -0.4580013   -0.5340525
   0.1145490    0.0529604   -0.1538094
  -0.5937354    0.2718389   -0.1755944
   0.4810587    0.2215846    0.3818596
   0.0870369    0.0107588   -0.0405492
   0.0289971   -0.6384582   -0.0872146
  -0.4318812   -0.1810562   -0.2426954
  -0.2016459   -0.0398535    0.0272301
   0.5835494    0.3324107    0.2108101
   0.2135451   -0.2973182   -0.3465672
  -0.0377269   -0.0128535   -0.0575564
  -0.1407815    0.2380531    0.1560980
   0.7569535    0.8258265    0.1241249
  -0.0102334   -0.2613166   -0.0711482
  -0.3326876    0.2593210   -0.5567176
   0.5989094   -0.2491836   -0.5866050
   0.0034589   -0.0716848    0.0612787
  -0.1665998   -0.1163243    0.4589480
  -0.6965027   -0.6141368   -0.0789568
  -0.0693889    0.0169261    0.0312591
  -0.3468025    0.2739433   -0.3206308
  -0.4874222   -0.3378079   -0.4007765
  -0.2320393    0.0113245    0.2272275
  -0.4442396   -0.0553905   -0.1605203
   0.6150299    0.2186565    0.0102128
  -0.2004811   -0.2149716   -0.0283965
   0.5458950   -0.0153014   -0.8145276
  -0.2325042    0.1412482   -0.0225254
  -0.1059883    0.0788691    0.0060144
  -0.1872338    0.0123519    0.4279569
   0.2538274    0.5849983    0.0336453
  -0.0010831    0.2492528    0.1216074
   0.1891345    0.2636238    0.2608243
  -0.1889883   -0.2155550   -0.6030338
   0.1194287    0.0357200   -0.0013415
  -0.6787329    0.4574596   -0.2844453
  -0.0744429    0.2687616   -0.1990487
  -0.0161698   -0.0606700   -0.1801896
  -0.4614239   -0.1417595    1.5637157
  -0.5865803    0.2143965    0.2992038
   0.1459056   -0.1025474   -0.1191273
  -0.3614802   -0.2107519    0.0968392
  -0.0553602   -0.1023666   -0.6079844
  -0.0942089   -0.0302103   -0.1254174
   0.0688698    0.5629636   -0.8151438
   0.3947291    0.6461372    0.3402907
   0.0165520    0.1037007    0.0311544
  -0.5346122   -0.4018652    0.2211099
  -0.1392557   -0.3114170   -0.1116508
   0.1286393   -0.0805794    0.0073631
   0.2913656   -0.3161868   -0.0921704
  -0.1894780   -0.3701163   -0.0461167
  -0.0618009    0.0293014   -0.0535515
  -0.7613016    0.8993620   -1.3036118
   0.6007501   -0.0085385    0.6982727
   0.0765531    0.0306806   -0.1776089
  -0.6088374    0.0349416    0.3333924
  -0.0452657   -0.4460285   -0.5033569
   0.2230332    0.0905063    0.0419529
  -0.3774285    0.6661367   -1.2158110
  -0.4557472   -0.2369585   -0.1390816
   0.0063070   -0.0879030    0.0472717
   0.6499146   -0.3383833   -0.2261843
  -0.3886264    0.3385413   -0.0908563
   0.1018210    0.0628578   -0.0010754
  -0.0524729   -0.1647119    0.0226799
  -0.5777310    0.6468604   -0.7057545
  -0.1580974    0.0615859    0.1947729
   0.8043514   -0.2878630   -0.4597842
   0.8079079   -0.1894690   -0.2310888
  -0.2393703    0.1623950   -0.0148628
  -0.1747283   -0.8467216    0.6405438
   0.1550144   -0.0274435    0.2489588
  -0.0937452    0.0902145   -0.0698085
   0.4271074    0.2863635   -0.3723826
  -0.2518569   -0.9467683   -0.2047670
   0.2145281    0.0821804    0.0092673
  -0.3294209   -1.2308224   -0.3696285
   0.2867274    0.4432891    0.1230230
  -0.0076146    0.0293298    0.0443480
  -0.9013627    0.2624500    0.1941908
   0.4815106   -0.3904568   -0.2833028
   0.0566070    0.0942234   -0.0357942
  -0.1684235   -0.4231728   -0.3095813
   0.4731530    0.0031241   -0.1493774
   0.0862591    0.1605874   -0.1526989
  -0.9031967   -0.5494646   -0.2738625
  -0.0382747    0.5132294   -0.7808316
   0.1128716    0.0112501    0.0125852
  -0.4756226    0.4622868    0.1415456
  -0.0945348   -0.6215088    0.9210435
   0.0479224   -0.0175109   -0.0702581
  -0.2382218    0.1036107   -0.2765037
  -0.1085509    0.6214232   -0.6243926
  -0.1053976   -0.0375592    0.1964380
  -0.0512620   -0.8658682   -0.0046123
  -0.6506970   -0.2339941    1.2588198
  -0.1219611    0.0733850    0.2060081
   0.1417745    0.5897404    0.0667298
  -0.0282362   -0.6344175    0.2560718
   0.0930227   -0.0663704    0.0580406
  -0.6396330   -0.5170352   -0.3042999
  -0.6064677   -0.3693510   -0.8695275
  -0.0146041    0.2226635    0.0400977
   0.0229709   -0.1329952   -0.0060051
   0.1210730    0.2017680    0.5231504
  -0.0095551    0.0278039    0.1143803
  -0.3256064    0.3210539   -0.0162566
   0.7454406   -0.4592071   -0.1547503
   0.0704301   -0.0505569   -0.1132267
  -0.3283867    0.0206963    0.0534684
   0.3391523   -0.8829327   -0.2739976
   0.1671108   -0.0630014   -0.1752767
  -0.1476248   -0.1241549   -0.1968295
  -1.0237352    0.1526672   -0.1953366
  -0.1105513   -0.0668062   -0.1384347
  -0.2276772   -0.0141068    0.1144443
  -0.4994173    0.7182999    0.5051845
   0.0324640   -0.0186759    0.0619394
   0.3840835    0.2590062    0.0407302
  -0.3226849   -0.0574547   -0.1303449
   0.0394791   -0.0943464   -0.0228571
   0.5871594   -0.2404051    0.0630848
   0.3808432   -0.3390891   -0.1282001
  -0.2197794    0.0654212    0.0974134
   0.0960543   -0.2551025   -0.2647149
   0.2555477    0.1072763    0.4809029
  -0.1039539    0.0945932   -0.1156829
   0.2079533    0.4440675   -0.0168090
  -0.2044590   -0.9504304   -0.9213102
   0.0329849    0.0099151   -0.1131809
  -0.4645832   -0.3984132   -0.1120973
   0.3169768   -0.5137892   -0.1052101
   0.1159284    0.1114069    0.0735461
   0.2848819   -0.4028200    0.1595480
   0.9997820    0.0260053   -0.1297898
  -0.1994336    0.1018250    0.2403826
   0.3892990   -0.4180995    0.0868206
   0.4511023    0.3328466    1.0145874
   0.0228561    0.0983084    0.0698317
   1.1365867   -0.2258777   -0.3319122
  -0.6339151    0.6749597   -0.2402813
   0.0794194   -0.0395258    0.0691586
   0.5518573    0.1478019   -0.4821813
  -0.2368464    1.3104419   -0.2115596
   0.0770406    0.1250993    0.0697174
   0.5583119    0.2831455   -0.4100200
  -0.4706633    0.9714348    0.1086173
   0.0937526   -0.1434418    0.0980358
   0.4082198    0.6650360    0.6510619
  -0.8534850    0.6688205    0.0025540
   0.1242715   -0.0328305    0.0653165
  -0.2281994   -0.8611146   -0.0749750
  -0.3438669    0.8532750    1.1382691
   0.1218668   -0.1349651    0.0264821
   0.9003531   -0.0979515    0.0952673
   0.6980054    0.1733549   -0.3636657
  -0.0447384   -0.0034697   -0.0248414
  -0.5430837    0.3902836    0.0349179
   0.4211078    0.6655256   -0.4799275
   0.0154412    0.0742727   -0.1386697
  -0.2548331   -0.3241258   -0.4475476
  -0.1827365   -0.0802562    0.5782194
  -0.0749000    0.1221274   -0.0608211
  -0.0852542    0.1019939    0.0983951
  -0.4451459   -0.3336062   -0.2261857
  -0.1583269   -0.1244732    0.1064144
  -0.2723052   -0.0803305   -0.1847797
   0.2736669    0.1715178   -0.2363422
  -0.0361052   -0.0870509    0.0819223
  -0.6285178   -0.4196008    0.2955849
  -0.6130735   -0.7105958    0.3719915
  -0.0405186    0.1137163    0.1040997
  -0.9479825   -0.4768147    0.2717689
   0.6627177   -0.6735974    0.4798808
  -0.1838649   -0.2249022    0.0510919
  -0.1524985    0.7794455   -0.0051875
  -0.0203666    0.2298150    0.2613332
  -0.0154944    0.0245138   -0.2326753
  -0.2889848    0.7341519    0.4138669
  -0.1143673    0.0441207   -0.7278438
  -0.0914161   -0.0240483    0.2865396
   0.4953407   -0.6852673    0.1891695
  -0.0048349   -0.2499031    0.0496430
  -0.0655704    0.1710068   -0.0584818
   0.0640976    0.2335421    0.3082846
   0.4691280    0.1289083   -0.2213517
   0.1149035    0.1362447   -0.1122964
   0.0397462    0.1113978    0.1599897
  -0.2028809    0.0861133    0.1414144
   0.0904699   -0.0679969    0.1084778
  -0.2423158    0.5324629   -0.4050812
  -0.1955300    0.0867533    0.2542977
  -0.0337234   -0.0698655    0.0814437
  -0.5004543   -0.6466411    0.3978827
  -0.5256835    0.0328438    0.3936334
   0.0382350    0.1102798   -0.0092192
  -0.0531408   -0.1532587    0.3145970
   0.7638808    0.3434628   -0.4231018
  -0.0543413    0.1130586    0.1385933
  -0.5460416   -0.4166139   -0.0322382
   0.1167830    0.3946652    0.6890652
  -0.2289379   -0.0525453   -0.1105083
   1.0007402    0.2301889   -0.0069482
  -0.2993877   -0.4360265   -0.1451122
  -0.0103293    0.0152476   -0.1924159
  -0.7642992   -0.5522422   -0.5963748
   0.2140585    0.0275410   -1.6055785
  -0.0531338    0.0777666    0.0799204
  -0.6837031    0.2049023   -0.2643205
   0.0537541   -0.0143617   -0.0562406
   0.0750467   -0.2048681    0.0124736
  -0.2167444    0.2009719    0.0500262
  -0.1805879    0.2972497    0.0680510
  -0.1956860   -0.0897731    0.1958808
   0.0670197   -0.1303396    0.7890036
  -0.2516614    0.8376284   -0.0216803
  -0.1132127   -0.0126025    0.2675505
   0.5171484   -0.4039229    0.2335614
   0.5756085    0.0868354   -0.4662234
   0.0797265   -0.0936136    0.1050205
  -0.4184373    0.3995876    0.4719203
  -0.1936136    0.7661424   -0.5451233
  -0.1130864    0.0180215    0.2754060
   0.2997780   -0.3711258   -0.7282248
   0.4232934    0.1817978    0.1252569
  -0.0189667   -0.2152478    0.0906041
  -0.3135945   -0.2648708   -0.2929358
  -0.2535240    1.1074414   -0.1698821
   0.1609020    0.0120486   -0.0099731
   0.2507342    0.5379161    0.2485064
  -0.4258167    0.0084692    0.0539001
   0.1310394   -0.0184600    0.0999149
  -0.0141972    0.3407882   -0.5593657
  -0.1102742   -0.0792719    0.0688277
  -0.0509229    0.1136089    0.1486194
   0.0341157   -0.2899114   -0.0207315
  -0.4917063    0.3519085    0.3229812
  -0.0161198   -0.2522279   -0.0235989
  -0.0023666   -0.2323524   -0.4189723
  -0.9836268   -0.8939241    0.2522106
   0.1305929   -0.0809673    0.0378850
  -0.6412866   -0.1566290   -0.1403562
   0.1917671   -0.1309145   -0.1435681
  -0.0020057    0.0081432   -0.0126819
   0.3507662   -0.8863914   -0.6959442
   0.3082730    0.2865794   -0.2012956
  -0.1542815    0.0173439   -0.1125737
   0.9248259   -0.1661178    0.0434243
   0.9571905   -0.4001697    0.0726092
   0.0736784   -0.0837443   -0.1071814
  -0.6041478    0.0947723    0.4069693
   0.2134561    0.5902923    0.0424891
  -0.2335939   -0.2113015   -0.0444635
  -0.5843875   -0.5611272   -0.0418677
   0.3615496    0.5988578    0.4558462
  -0.2692973   -0.0310870    0.0280174
  -0.5527757    0.0752425   -0.1181827
  -0.5698327    0.5076352   -0.5321137
  -0.0201154   -0.0220782   -0.0465990
  -0.1471832    0.3506379    0.7441789
   0.0285793   -0.1412427   -0.0908314
   0.1365842    0.0186537   -0.0074521
   0.5343626   -0.1030029    0.5421700
  -0.0110426   -0.5064471    0.3279645
  -0.2109126   -0.0270943   -0.1045544
  -0.0206009    0.0876878   -0.2609173
   0.9736483   -0.3481045    0.8751305
  -0.0689116   -0.1235959   -0.0609363
   0.2390835   -0.1188090    0.6068932
   0.5581738    0.1977410   -0.4376156
  -0.1592960   -0.0999593    0.0063760
   0.0680984   -0.2976848    0.0582757
   0.6881146    0.0254784    0.2805202
   0.0362501   -0.0851917    0.0748706
   0.3396974    0.4061976   -0.0220852
  -0.2683141   -0.4654190   -0.1551834
  -0.0338372    0.2025849    0.1751988
  -0.2172269    0.2497841    0.4744155
  -0.0298156   -0.0554481    0.5388699
  -0.1152687   -0.1352358   -0.0149318
  -0.4252433    0.1484806    0.0444014
   0.5002906   -0.5784777   -0.3222320
   0.0722588    0.2063272    0.1011734
   0.0092520   -0.6227962   -0.2834863
   0.0506738   -0.7322986    0.3354376
  -0.0523368   -0.1665760   -0.1041208
  -0.5207641    0.3364708   -0.0882023
   0.1144715   -0.3193712   -0.9589313
  -0.2222098    0.0518891   -0.0700893
   0.4803349   -0.2956231    0.1541183
  -0.0836971   -0.1973071    0.5322974
  -0.0499129   -0.0521623    0.1575539
  -0.0891042    0.2482757   -0.0719320
   0.4272118   -0.1164018    0.1378070
   0.2074660   -0.0038622    0.0759307
   0.1052910    0.4622922   -0.8018045
   0.2426676   -0.6434793   -0.0341104
   0.0396186    0.0078715   -0.1094900
  -0.1620675    0.6108645    0.8806368
  -0.3117099    0.5472462    0.2194737
   0.0934082    0.1384290    0.1128074
   0.0561144   -0.4084947    0.2230105
  -0.0526514    0.0612035   -0.6941869
  -0.1145091   -0.0098330   -0.0876779
  -0.2294359    0.2547275    0.8729092
   0.2866091   -0.1103411    0.3686862
   0.0063261    0.0413993    0.0732137
  -0.3527095   -0.0756868    0.3209448
   0.2514825    0.6554600    0.0489697
  -0.0760763   -0.0341248   -0.1561180
  -0.3641996    0.0550429   -0.5449014
  -0.1418060   -0.1820669   -0.4565105
  -0.0554567   -0.2066121    0.1118664
  -0.0772558    0.2497565    0.1803281
  -0.0395010    0.2253001    0.5933101
   0.2889394   -0.0161433   -0.0428254
  -0.4230210    0.5052498   -0.2137501
  -0.1767446   -0.0436771   -0.3660595
   0.0249037    0.0999966   -0.0266027
  -0.8217267    0.1526638   -0.7729558
  -0.3460800    0.4877190   -0.8479304
   0.0786915    0.1677966   -0.0350476
  -0.0108593    0.3532294   -0.2421371
   0.3167560    0.4824637    0.1088143
  -0.1495509   -0.1586267    0.1209667
   0.3736906    0.5164095    0.7002941
  -0.4261077    0.0947734   -1.2582018
  -0.1048451    0.0072257   -0.0417496
   0.3056786    0.1171850    0.7235971
   0.0904818   -0.8127355   -0.2736599
  -0.3232616    0.0277941   -0.0145288
   0.5165200   -0.7506368   -0.0279003
  -0.7000287    0.0847325    0.2207651
  -0.0409787   -0.0589060    0.0250788
  -0.2296697    0.0484760    0.4437828
  -0.4560074   -0.8958067   -0.0290833
  -0.1027315   -0.0811550    0.0731612
   0.4161939    0.1177814    0.5998827
  -0.1064889   -0.0606372    0.3764438
   0.1144874    0.0596083   -0.0204415
   0.5313588    0.0953351   -0.0036502
   0.0967167    0.3280095    0.2115739
  -0.1431651    0.0723217    0.0958537
  -0.3033322    0.3094657   -0.3445482
  -0.3854998   -0.1122162   -0.1665522
  -0.0720143    0.0501633    0.0776616
   0.2069381   -0.0696852    0.8523642
   0.1673224    0.5035163   -0.4612793
  -0.0216478   -0.2006962   -0.0883539
  -0.6039057    0.1784087   -0.6400616
  -0.4724034   -0.0176615   -0.1862708
  -0.2134707    0.0503740    0.0549984
  -0.0375679   -0.3932661    0.4502214
  -0.1722585    0.3758443    0.1205212
  -0.1661983   -0.0134069    0.0964076
  -0.0015876    0.4514476   -0.6265277
  -0.4129644   -0.1340230   -0.1528153
  -0.0213902   -0.1887363   -0.0402202
   0.3584297    0.0953543   -0.4916500
   0.2283361    0.8424016    0.2518723
  -0.1064051    0.0210429   -0.1547194
  -0.1747631   -0.0302531   -0.0580730
  -0.0115167    0.8341306   -0.4011111
   0.0739572    0.1273668    0.1214401
   0.1524554    0.4691868   -0.8592151
   0.2074336   -0.5195118   -0.0853969
  -0.1902961   -0.0120865    0.1575348
  -0.7300295    0.2518954   -0.5239149
  -0.0372574   -0.8287918   -0.3105475
   0.0973776    0.0210179   -0.2174986
   0.3522305   -0.4089615   -0.0833108
   0.2863330    0.7817796    0.1388226
  -0.1462818    0.0328369    0.0958819
   0.9404851    0.2738341    0.5777884
   0.2147042    0.3882326    0.4506097
  -0.0303234    0.0671485   -0.0768362
   0.0217082    0.0938638   -0.0154580
   0.6592749    0.3528594    0.3404036
   0.0340020   -0.0423674   -0.0708887
  -0.6252102   -0.4042474    0.6995825
   0.2218799    0.5198750   -0.4211842
   0.0933619   -0.0954235    0.1259966
   0.6871557    0.3984996   -0.7243494
   0.3496751   -0.3011030    0.0855366
  -0.1198471    0.2041282   -0.1760097
   0.9019434   -0.0922585    0.4483400
  -0.0568738    0.6452609    0.9518251
  -0.0184808    0.0541813   -0.0007763
  -0.3828856   -0.1933819    0.1988359
  -0.6719489    0.5723084   -0.2652149
   0.0387998   -0.0047625   -0.0642962
  -0.4767096    0.2465064   -0.2648723
   0.2347988   -0.3550340   -0.6965473
  -0.0740629    0.0410151    0.1437936
  -0.5389610    0.2148982   -0.4663326
   0.0304830    0.4538845   -0.0565570
  -0.2707601   -0.1493654    0.0360916
  -0.0217794    0.0947273    0.1309467
   0.2866724   -0.3114258   -0.3221074
  -0.0165594   -0.2000454    0.0017624
   0.7599036    0.3584138    0.6859176
  -0.1165712   -0.2656823    0.0892760
  -0.0531072    0.0525905    0.0761877
  -0.0097898   -0.0680458   -0.3959162
  -0.1293977   -0.3036819   -0.2392586
  -0.0440501   -0.0770091    0.2789680
  -0.2139699    0.0031668   -0.7702544
   0.4006526    0.2371047    0.7617655
  -0.1727484   -0.0407345    0.1189671
  -0.0377696    0.1210667   -0.3165089
  -0.3401680    0.4886925    0.0198256
  -0.0263427   -0.0813275   -0.0795448
   0.2186895    0.5542132    0.0180981
   0.2032107   -0.3026426    0.1552754
  -0.1842769   -0.0401454    0.3380100
   0.3792018    0.6378542    0.1484036
  -0.0201964   -0.0165695   -0.1863971
  -0.0525584   -0.0528494    0.2365154
  -0.0313680    0.1638620   -0.1440070
  -0.3345869    1.4070289    0.3824146
  -0.0990050    0.2647488   -0.0237032
  -0.4284982    0.3914609    0.1581764
   0.2605215    0.1257362   -0.5188687
  -0.1607524   -0.0594024   -0.1362177
  -0.6213288    0.7028809   -0.5203452
   0.3713919   -0.0586704   -0.4638653
   0.0154356    0.1000993    0.0293221
   0.5103469    0.0274885    0.1325493
   0.3822210    0.4136812    0.5264882
  -0.1234948    0.0766746   -0.0089393
   0.3519595   -0.7318013   -0.8268799
   0.0435300    0.5449591    0.0742327
  -0.0285278    0.0244128   -0.0562142
  -0.1247216   -0.1641249    0.7164534
   0.2293479    0.2314143    0.9300947
  -0.0035551   -0.0307877    0.0566146
  -0.0727593    0.1999523   -0.2518096
  -0.0233709   -0.1607259    0.9119525
   0.0258778   -0.0931559   -0.0745886
   0.0928448    0.3276610    0.1154899
   0.4789855   -0.2690566   -0.5109227
  -0.0158068   -0.2546897   -0.0987591
  -0.5926833   -0.1393341    0.6484390
  -0.6829767   -0.2049233    0.3940480
   0.0906958   -0.0202837    0.0262266
  -0.4988307    0.5097699    0.0084750
  -0.2959701   -0.3325503    0.7217214
  -0.1354478    0.2429667    0.0413984
  -0.3122129   -0.0684856    0.5153359
  -0.0620047    0.0783466    0.2798579
   0.0791384    0.2513514   -0.0129417
  -0.5378448   -0.3908241   -0.4356033
  -0.7873600    0.0453595    0.5376227
   0.0826755   -0.0957024    0.0517713
   0.1791001   -0.2261122   -0.1532737
   0.4478088   -0.8918086   -0.4891386
   0.0190985    0.2182008   -0.0015715
  -0.4832886    0.6379684   -0.1658263
   0.0647261    0.0252960   -0.2776792
  -0.0445484    0.0693649   -0.0413922
  -0.4085531   -0.3058140    0.0978764
   0.1102162    0.0984331   -0.6644889
  -0.0911198    0.1793199   -0.0043566
  -0.2050535    0.2729847   -0.6267812
   0.5131223    0.0474187    0.6034829
  -0.1214633    0.1078802   -0.1384811
   0.4906447    0.3469095    0.1734064
  -0.5987070   -0.3870429    0.0417551
   0.0655418    0.0389635    0.0020359
  -0.3761514    0.6545930    0.1800210
  -0.5274883    0.4977740   -0.4129097
  -0.0636100   -0.0353877    0.1388776
   0.2287404   -0.0071096    0.4947114
   0.5643726    0.1365162    0.4011475
  -0.0892503    0.0370401    0.1502663
  -0.0582204    0.1510871   -0.7046585
   0.0175174    0.2628083   -0.1761328
  -0.1052700   -0.0982291   -0.0998723
  -0.0512013    0.2815959   -0.1470769
  -0.1590245   -0.0056800   -0.0866261
  -0.1395760    0.1181828   -0.0129810
   0.4451375   -0.2275745   -0.4752698
  -0.3408296    0.0227355    0.4358486
   0.0214506   -0.0716623    0.0985428
   0.6047704    0.2432389   -0.0978376
  -0.0235235   -0.3406608   -0.2477716
  -0.0052705   -0.1847447   -0.0876115
   0.5167115   -0.3045731    0.2056312
   0.6652100   -0.7638962    0.2837561
   0.1310322    0.0412075   -0.0096286
  -0.0179295    0.3306279   -0.4172400
  -0.1808475   -0.6356470   -0.2834511
   0.0740936    0.0252275   -0.0252482
  -0.4381684    0.2538949    0.1151385
  -0.7444142    0.1167920    0.2850212
  -0.2105866    0.0607175   -0.2330718
   0.0388298    0.6462875    0.0067713
  -0.1844349   -0.3858532   -0.2106017
  -0.2922617   -0.1366769   -0.0353051
  -0.3281075   -0.1505382    0.2243969
   0.2767167    0.9222865   -0.6487311
   0.0542606   -0.0163192    0.1927907
  -0.3135867   -0.4483628   -0.0072520
  -0.0608564   -0.3963299    0.3489031
   0.0322135   -0.1734893    0.0209395
  -0.9155219    0.0988802    0.6745637
  -0.3636868   -0.0977015   -1.0459020
   0.2075035   -0.0876596    0.0965008
  -0.3605049   -0.4138281    0.4919393
   0.0807445    0.9448096    0.3590135
   0.0542826    0.0656678    0.0310826
   0.9413037    0.7839889   -0.4025018
   0.3074310    0.2203739   -0.7613465
  -0.0483166    0.0013650   -0.1677298
   0.2161759    0.0549184    0.2858209
   0.1167250    0.7409449   -0.4565177
   0.0459452   -0.0224563    0.2031785
  -0.2850998    0.0034382   -0.2089659
   0.6431328   -0.5353574   -0.4974333
   0.0648949    0.0072934    0.0084791
   0.5498124    0.2993052   -0.1305946
  -0.3319340   -0.1734013   -0.2093538
  -0.1132732    0.2900131    0.0124521
  -0.4340954   -0.3807445    0.3946734
   0.1610983   -0.0755285    0.2101953
   0.0285246   -0.0092816   -0.0189462
   0.4031758   -0.4097723   -0.1488624
   0.4638318    0.3224696    0.5837131
  -0.0806339   -0.2034766    0.0675557
   0.4990208   -0.1378576    0.3915697
   0.4667530   -0.2820792   -0.7743511
  -0.1287337    0.0001760   -0.0434991
  -0.5872445   -0.2757197    0.7254096
   0.4969199    0.2049914    0.1816246
   0.1146398   -0.0413006   -0.0447432
   0.3125790   -0.0262924    0.4162543
  -0.2617912    0.0084356   -0.0721561
   0.1342340    0.0856348    0.0419860
   0.4162187    0.5574846   -0.1505580
  -0.1359856    0.2582567    0.3005235
   0.0077716    0.1028075    0.0469183
   0.4102563   -0.4063797    0.7309948
   0.1595572    0.4857431   -0.5580819
  -0.1069162   -0.2065491    0.1001882
  -0.0109773    0.5696812    0.2662224
   0.3286511    0.1433734   -0.4346295
  -0.1994266    0.0664046    0.0660429
   0.6160762   -0.6391622    0.4565914
   0.2448767   -0.1694452   -0.1788021
  -0.1029906    0.1387109   -0.0397129
  -0.1971281   -0.3945074   -0.3084960
   0.0919654   -0.9009296    0.5378087
  -0.2568588   -0.0297656    0.0006127
  -0.3095228   -0.6701353    0.8192604
  -0.3295323    0.3774606    0.7001979
  -0.0481332   -0.0083562   -0.0230402
   0.0351894   -0.3989955   -1.0904537
  -0.6818439   -0.8621935   -0.5524827
  -0.0611561   -0.1440388    0.0482176
   0.0344430    0.1348089    0.2286590
   0.5659422    0.4453744   -0.4214980
  -0.0291183    0.0049673    0.0155673
  -0.0094982   -1.0061338    0.0898629
   0.7331719    0.0462914   -0.3043686
   0.0262734    0.0087464    0.0690822
   0.5648398    0.0672128   -0.1031195
  -0.1796251    0.6789088    0.9637256
   0.1025512   -0.2118638    0.0362366
  -0.1587465   -0.3621156    0.0821549
  -0.3797575   -0.2631563    0.6109581
  -0.1084250   -0.1172295    0.0721739
  -0.3488070    0.6413866    0.5800498
  -0.2254868    0.2152942   -0.0764822
   0.0726700    0.0573333    0.1769657
  -0.2618432   -0.6320427    0.1665613
   0.2287330    0.6118137   -0.2923197
  -0.1499072   -0.1149951    0.0446651
   0.4453673   -0.0820753    0.4137735
  -0.1375457    0.0432867   -0.1940145
   0.1168720    0.1187803    0.1567273
  -0.8319862    0.4096378    0.0516959
   0.0133830    0.4518350    0.4100176
   0.0247481   -0.0089591    0.1049090
   0.8011635    0.4957852    0.2071870
   0.1242556   -0.1466684   -0.6995716
  -0.0802863    0.0955013   -0.0847200
   0.6641591   -0.0517337    0.2979341
   0.4005331    0.0114268   -0.4767879
   0.1937888   -0.1070790   -0.1401544
   0.2603347    0.6716858   -0.4093767
  -0.0751562    0.1491018    0.4969470
  -0.0786286   -0.0980629    0.0672795
   0.3735453    0.0704755    0.4240656
   0.0922281   -0.2266757    0.3861409
  -0.0780897   -0.0079394    0.1620946
  -0.2997136   -0.0913149   -0.0134702
  -0.3289666   -0.3623398   -0.1274468
  -0.0898152    0.1174530   -0.0516586
   0.0940110   -0.5079824   -0.2144948
  -0.4755669    0.0935780    0.1413594
  -0.0093869   -0.1203761    0.0110828
   0.2066385    0.3237553    0.9586840
  -0.1473130   -0.6124581   -0.3870053
  -0.0113288   -0.1258782    0.0460213
  -0.1597409    0.0459216   -0.2936800
  -0.5064847   -0.0135817    0.1590244
  -0.0536650   -0.1028480    0.0054111
  -0.3654965   -0.5435113    0.0998948
   0.4971176   -0.4626866    0.3190475
  -0.1697181    0.0919932   -0.0984491
   0.7002907   -0.3859694    0.9403412
  -0.3425597   -0.0475371   -0.0027288
  -0.1449240    0.1576831   -0.2144919
   0.9277212    0.4783562    0.1338267
  -0.4767555   -0.4038450    0.1354536
   0.0366470   -0.1223757    0.0264948
   0.4129283    0.6956077   -0.3212310
   0.2755907   -0.1193495   -0.0835236
   0.0221669    0.0116612   -0.0622097
   0.3038503    0.0855662    0.2627044
  -0.3099149    0.3981660   -0.1506767
   0.1574305   -0.1211947    0.1001519
   0.2817169   -0.4644541   -0.3565944
   0.0100008    0.8946654   -0.7317738
   0.0175785    0.0418835    0.1407153
   0.1191963    1.0861219    0.4050774
   0.0443167    0.1056030    0.2510789
  -0.0193468    0.1604811   -0.0685937
  -0.1358069   -0.6286001    0.8374720
  -0.1763439   -0.1427750    0.6267719
  -0.1449600   -0.1368397    0.1257546
  -0.2948497   -0.7903953   -0.8878763
   0.1092695   -0.5851026    0.0176707
   0.0021684    0.0799024   -0.1861965
   0.6740670   -0.6082791   -0.1800639
  -0.0434198   -0.4898490   -1.0820630
  -0.1426983    0.0325531    0.2628094
  -0.2412959    0.2055278    0.1252088
   0.2255093    0.0266041    0.4586096
   0.1089939    0.0037682   -0.0335028
  -0.0995958   -0.1369915   -0.0232097
  -0.1915262    0.4452487   -0.0302032
  -0.0036242    0.0593045    0.0441495
   0.3068416    0.8746830    0.2116148
   0.2721706    0.0176833   -0.9039288
  -0.1066076    0.1492192    0.1403172
  -0.5103982    0.3854837    0.5401102
   0.3882812    0.3016327    0.0435605
  -0.0454941    0.0124791    0.0533374
  -0.7792028   -0.8435717   -0.6063781
   0.1015687    0.1254160   -0.2776704
  -0.0603787    0.2394729    0.2972407
  -0.0674611   -0.4061260    0.3587826
  -0.2909190   -0.2708068    0.9563383
   0.1109058   -0.1230526   -0.0466822
   0.6308839    0.2402493   -0.4362448
   0.4151404    0.4852333   -1.4825269
   0.0057464   -0.0436828    0.0103312
  -0.2749793    0.0442497    0.3713420
  -0.4371906   -0.0946548   -0.4206240
  -0.0784891   -0.0247936    0.0905215
   0.3897328    0.0255004    0.2356977
  -0.7955998   -0.4170031   -0.2580608
   0.0402110   -0.0664262    0.1485644
  -0.0852788   -0.9606009   -0.2700906
  -0.1377114   -0.2041629    0.2022123
   0.0898788   -0.1915071    0.1119022
  -0.2863321    0.1737624   -0.6857215
  -0.2330819    0.2579247   -1.0843234
   0.1299252   -0.0807176    0.1438339
  -0.0256068   -0.3090280    0.3945317
  -0.6319838   -0.0512019    0.0376661
   0.0875239    0.2152996   -0.2418304
  -0.1033907   -0.2053605    0.6450515
   0.2130474    0.0968035   -0.6951308
   0.2032871    0.1872580   -0.0826621
  -0.1074549    0.4521850   -0.2687611
   0.5702155    0.3835595   -0.2254398
   0.3267840    0.1634276    0.0351820
  -0.0250832   -0.1828192    0.6914653
   0.0752660   -0.3006676   -0.0999038
   0.0910838    0.0718901   -0.0054900
   0.0450114    0.1767273    0.5567925
  -0.0902699   -0.0539738    0.7726280
   0.0230399    0.0696972    0.2103240
   0.1897128    0.0308808    0.1317472
  -0.5388147   -0.7203943   -0.3186899
   0.0557244   -0.1037484   -0.0528518
   0.5016821    0.6363884   -0.2783485
   0.2821463    0.0528464   -0.1124730
   0.0291930    0.1038726    0.0844070
  -0.2442416    0.7182757    0.5616068
   0.2331768   -0.6067697    0.3807141
  -0.1083002    0.0789758   -0.0245597
  -0.1093925    0.1062660   -0.2885085
   0.2230967    0.0217165    0.1062868
  -0.0694782   -0.0640042   -0.0052043
  -0.1062163    0.1702917   -0.1547603
   0.0786409    0.3081301   -0.1561875
   0.1040740    0.1059713   -0.0286386
   0.3199212    0.2021236   -0.4722211
  -0.3708607    0.0424497   -0.4957292
  -0.1698759   -0.0528220   -0.0342715
  -0.0786113    0.3064835    0.6241868
   0.3515100    0.2752391   -0.2874170
  -0.0090598   -0.0196784    0.0607801
   0.3963046   -0.2587989    0.0454103
  -1.2194850    0.4815396    0.6807061
  -0.1720012   -0.0664224    0.0678966
  -0.7357668   -0.2459896   -0.1952444
   0.5953317    0.1799756    0.5789305
  -0.0524421   -0.0730954    0.0453415
   0.4354497    1.0746852    0.0139393
   0.2857089    0.4228133    0.0524305
  -0.0426464   -0.1141447   -0.3821591
  -0.0390891    0.3611058    0.5535186
   0.2581106    0.2894612    0.3075887
  -0.1261678    0.0834584    0.0172769
  -0.0153731   -0.1754565    0.5011336
   0.6818919   -0.4074294   -0.2453658
  -0.1636670    0.1115434    0.0193285
   0.5031020    0.6540129   -0.0967234
   0.2742553   -0.2765116   -0.1425758
   0.1322508    0.0263424   -0.0577637
   0.4924706   -0.6375563    0.4088859
   0.2007630    0.3244557    0.1559424
   0.0322344    0.1526639    0.0783766
  -0.1848897   -0.2365646    0.2590168
   0.2688625   -0.1739241   -0.1916925
  -0.0928467    0.0593255    0.1754677
   0.4718128    0.6645749    0.4369284
  -0.8911583   -0.5173662    0.7277154
  -0.3267949   -0.1691159    0.0929789
  -0.4716949   -0.2929105   -0.4368690
   0.1013224    0.3195063   -0.2242543
  -0.0009862    0.0454122   -0.0500193
   0.6430795   -0.0336321    0.0620585
   0.0152095   -0.1927082   -0.3495724
  -0.1159982    0.1176868   -0.0128358
  -0.8672671    0.7292747    0.5776500
   0.8754960    0.1937800   -0.6189723
  -0.1588234    0.0557544   -0.0546987
  -0.6919729    0.2601412    0.3312189
  -0.3061456   -0.3335102    0.5327598
   0.0285865    0.0397632   -0.0552392
   0.0488172   -0.1613802    0.4317536
   0.3991610   -0.9513090    0.1433473
  -0.1378977    0.0572780   -0.0039511
  -0.5524610   -0.1288499    0.3126524
  -0.1147744    0.0084283   -0.2813044
  -0.2172871    0.0607150   -0.0351839
   0.7833483   -0.0063432   -0.6553681
   0.8729451    0.1521561   -0.5235842
  -0.0335429    0.0692975    0.0057739
  -0.7884149   -0.2786892   -0.1612384
   0.2077633   -0.1415087    0.0023868
  -0.1673630    0.0379349   -0.1397594
  -0.0710134   -0.0197002    0.1496647
   0.4708925   -0.0655061   -0.1124149
  -0.2798912    0.0870393   -0.0852941
   0.0533066   -0.5569710    0.1556920
   0.0186056   -0.1393487   -0.0791481
   0.0957931   -0.0278628   -0.0842280
  -0.1503219   -0.1195299   -0.4627186
   0.3214389    0.2225812   -0.2311785
  -0.0431147    0.0837403    0.0203783
   0.3258075    0.1828264   -0.2004321
  -0.6068783   -0.8605943   -0.2981918
   0.0857845    0.0372881   -0.0560478
   0.3501528   -0.1383199    0.8316165
  -0.4439848   -0.4527733    0.2058770
  -0.1555857    0.0721775   -0.2095805
  -0.2126199    0.1387268   -0.5499417
   0.4540974    0.4410153    0.6804609
   0.0501054    0.1428328   -0.0744484
   0.6401687    0.2907410    0.0600648
   0.4657981    0.4551845    0.3495449
  -0.0560576    0.1912497    0.0228124
  -0.2116705    0.0926306    0.3917113
   0.1213447   -0.1737415    0.1523416
  -0.2092553    0.0449984    0.1512120
  -0.3140901    0.5728434   -0.7079690
  -0.2986465    0.0870421   -0.6301385
   0.1843351   -0.0706167    0.0233762
   0.0876566   -0.1705827    0.3220727
  -0.2835494   -0.1008795   -0.1186183
   0.1062406   -0.1041511    0.1395290
   0.3305743   -0.3022945   -0.4774417
   0.1378164    0.3466117    0.0781644
  -0.1813416    0.0323352   -0.0935832
   0.1946416   -0.2753567   -0.9252887
   0.4802126    0.0066847    0.4107579
  -0.1320049   -0.0399923   -0.2156341
   0.3057676    0.2660258   -0.1863937
  -0.4174881   -0.9193416    0.2236784
  -0.1512530   -0.0281040    0.0509952
   0.3320255    0.0971615   -0.3248946
   0.1252319    0.4793244    0.0316158
   0.0207950   -0.1132491   -0.1033490
  -0.3135523    1.0260766    0.0526137
   0.6470971    0.1796432   -0.6347276
   0.0051640    0.0474757   -0.0682502
   0.2072881    0.2751118    0.1173916
  -0.2017781    0.4706449   -0.0319249
  -0.0147789   -0.0413809    0.0870934
  -0.0124078    0.6191873    0.4793807
  -0.2041445   -0.3563955   -0.4771653
  -0.1578419   -0.2593317    0.0016884
   0.0754533   -0.2795140    0.1347417
   0.0568162   -1.1145886    0.0279963
   0.1249988   -0.0063455   -0.0829771
   0.6439481    0.1541808   -0.0694941
  -0.1399709    0.0033931   -0.0776943
   0.1222069    0.1301387   -0.1168685
  -0.2755729    0.3505812    0.2083992
  -0.1738951    0.2314644    0.0772038
  -0.0707748    0.0808771   -0.0875918
   0.0751491   -0.1581837    0.5045592
   0.0041070    0.9736160    0.8642614
   0.1957414    0.1476810    0.2096232
  -0.3318503    0.2148958   -0.2636619
  -0.3396101    0.0237099    0.3364473
   0.0356647    0.0159981    0.0659947
  -0.3386013   -0.3034285    0.3506513
  -0.5758244    0.0370065   -0.3906261
  -0.0920565   -0.0159621   -0.0140397
   1.0817604    0.7634193   -0.0084603
   0.3040989   -0.7314461    0.0279338
   0.0053263   -0.0560688   -0.0750159
  -0.3145485   -0.0788351    0.1482935
  -0.2050288    1.0869173    0.5177541
  -0.1040283    0.0316937   -0.0853859
   0.3475751    0.0694913   -0.1685989
  -0.4008720   -0.1167953   -0.8257526
  -0.0549968   -0.0866878   -0.0883333
  -0.4015885   -0.4037724   -0.1918314
  -0.4496339    0.3755578    0.2037857
  -0.0729107   -0.0869961   -0.0158825
   0.5285004   -1.1093768   -0.7114776
   0.4813586    0.6357066    0.4193973
   0.1027736    0.1594135   -0.1289546
  -0.0017039   -1.0151545   -0.3811940
   0.2609857    0.2424354    0.3495622
   0.1110135    0.0127074    0.0341303
   0.2438781   -0.1183575   -0.2267431
   0.6711285    0.1635465    0.9166916
  -0.0650876   -0.2170481   -0.0452495
   0.5500224    0.2830094   -0.0591478
  -0.4488769   -0.1090828    0.3269190
  -0.0972852    0.2108563   -0.1633879
  -0.0264925   -0.3616992    0.2812777
  -0.6188958   -1.3004078   -0.3852226
  -0.1553328   -0.0198472   -0.1963645
  -0.6421360    0.6553296    0.6751519
   0.7535692   -0.2074878    0.2795927
  -0.1711953   -0.0356234    0.1449588
   0.1162232   -0.0537165    0.0463911
  -0.2123276    0.2681101   -0.3781588
  -0.0336399    0.1601664    0.2411031
  -0.1969408   -0.2805300   -0.9170243
  -0.1021743    0.4411769   -0.0584625
   0.0305904   -0.0094421    0.0172719
   0.0813168   -0.3377892   -0.3929569
   0.5217776    0.0251006    0.1295540
   0.0050191   -0.1266913    0.1975591
  -0.1968753    0.1477459    0.3251665
  -0.0867468   -0.1088966    0.2239293
  -0.0202322    0.0463982   -0.1672956
   0.5746000   -0.1287617   -0.3463266
   0.3596455    0.0542271   -0.2584943
  -0.2043394   -0.0869013    0.0974919
   0.3522288    0.0406067    0.4725057
  -0.3991407   -0.2663565   -0.5059258
  -0.1159953    0.2279527   -0.0627262
  -0.1134777   -0.5735821    0.9418238
   0.5033946   -0.1301556   -0.6953436
  -0.0268768   -0.0288172    0.1692969
   0.3974736    0.3218454   -0.3213412
   0.5207961    0.2964464   -0.6220422
  -0.0315108    0.0978028   -0.0667196
   0.6188833    0.2951715    0.2926581
   0.0751067    0.4029597   -0.2904949
  -0.0407159   -0.0303286   -0.0456603
   0.0133790   -0.2473397   -0.3096266
   0.2676957    0.1142461    0.0662220
  -0.0933122   -0.0725778   -0.0613127
   0.3113863    0.5724319    0.2265022
   0.0602496   -0.5576999    0.0254677
  -0.0582971   -0.0125975   -0.1446563
  -0.2204027   -0.2622011    0.9979181
   0.5593958    0.3812624    0.0452540
   0.0105296   -0.1948745   -0.1252910
  -0.0957233   -0.1350406    0.1303102
  -0.3010034    0.3478372   -1.2662518
  -0.1628746   -0.1844482   -0.1384235
  -0.0914284   -0.1166911   -0.4546347
  -0.2012835   -0.5144998    0.0991825
  -0.0181808    0.2069980   -0.1416040
   0.5872096    0.3807560    0.7510266
  -0.8041974    0.0265497   -0.4634153
  -0.0731218    0.0022045    0.0216549
   0.7311869    0.2321329    0.9474902
  -0.1116072    0.7107767   -0.9996871
  -0.0679835    0.2090549    0.1424957
   0.5278586    0.3007869    0.6109533
  -0.6271567   -0.3672926    0.1161738
  -0.1093710   -0.0347534    0.0856758
  -0.0830337   -0.3373621    0.3876613
  -0.1156232   -0.2948149   -0.8707837
   0.0888324    0.0487414    0.0440880
   0.1411962   -0.8350996   -0.1564671
  -0.5752692   -0.0093101   -0.7547179
  -0.0134240   -0.0866290    0.1642927
  -0.3538840    0.6861106    0.7576471
  -0.6235574   -0.6237043    0.3519590
  -0.0093278   -0.0187257    0.1008471
   0.6097168   -0.1659527   -0.4585334
   0.1749025    0.6299826    0.5851333
  -0.0627519   -0.1134846   -0.0881409
  -0.0604966   -0.5683255    0.5042790
  -0.3177813    0.2687044    0.3056315
   0.1200611   -0.1586479    0.0902828
  -0.2647445    0.4453375   -0.2180439
  -0.9298014    0.0143062    0.4313775
  -0.1484888   -0.0091512    0.0642422
   0.2218700   -0.2942216    0.2641813
   0.7504541    0.1449445    0.4420042
   0.0065890   -0.0391314   -0.0726597
   0.0407475   -0.2570857    0.5697874
   0.2860026   -0.0613218   -0.2068308
   0.1146841   -0.0493440   -0.2036338
   0.4058152   -0.3007112   -0.3152943
   0.5592750   -0.4683260   -0.2997962
   0.0387677    0.0113445   -0.2395070
   0.2599964    0.1929675    0.2387364
  -0.2981231    0.0156121    0.0896169
  -0.0118872   -0.0163219   -0.0530962
  -0.3427317    0.5886355    0.6717958
   0.0334976    0.3223709   -0.4054422
   0.0994167   -0.0791930    0.0441038
  -0.0069911    0.3388841   -0.6117213
  -0.4122894   -0.2495874    0.2613414
   0.0428527   -0.0265960   -0.0332544
  -0.1214230    0.3912080   -0.7197250
  -0.0793138    0.3861842   -0.3232660
  -0.2211055   -0.0329556    0.0232065
  -0.2968386    0.6418146   -0.1811015
   0.7897846   -0.2881794   -0.8644500
  -0.2049682    0.1094546   -0.0263846
   0.0078112   -1.0006781    0.1680755
   0.4178483   -0.8557827   -0.0070911
   0.0656079    0.0082585    0.1483834
  -0.3523593   -0.7681026   -0.0705345
   0.1541155   -0.2265511   -0.1569825
   0.0046729    0.0968069    0.0530084
  -0.2609814   -0.6210262    0.1734035
   0.6095098    0.6932573    0.0952847
  -0.2007120   -0.1633505   -0.2045645
   0.0981449    0.0254243    0.1677676
  -0.2629250   -0.3178062   -0.2365918
  -0.0836006    0.0037354    0.1017736
  -0.6663970   -0.7505242   -0.5718689
   0.6513290    0.1301849    0.6176053
  -0.1424767   -0.0701953   -0.0746573
   0.0212935    0.3889711    0.2351844
   0.4900367   -0.6620986   -0.2783000
  -0.0668340   -0.1955768   -0.0311920
   0.6730406    0.1604675   -0.8222033
  -0.8067774    0.3363044    0.0720706
  -0.0611925   -0.0957856   -0.0766455
   0.0047710   -0.7467285    0.2367437
  -0.1566403    0.4352554    0.1253903
  -0.1826028    0.0410895    0.0344605
   0.2199809    0.2644480    0.7230808
  -0.1266261    0.3311333   -0.2007260
   0.0795595    0.0736274    0.0479789
   0.9926861    0.0715423    0.2573647
  -0.1533286   -0.0036757   -0.1358493
  -0.0702172   -0.0350956    0.0591064
   0.6012477    0.3612293   -0.4507239
   0.1143798   -0.3641802    0.7257105
  -0.0118399   -0.0319531   -0.2745775
   0.1919159   -0.7034367   -0.1818520
   0.3051634   -0.5505259   -0.6621662
   0.2125928   -0.0838058   -0.0422058
  -0.5091996    0.3567314    0.5629044
  -0.2478573   -0.5028071    0.1718564
  -0.0074544    0.0214412   -0.0377938
  -0.4356786    0.0358293   -0.0248140
   0.3024794    0.9980350    0.7495610
   0.1876945    0.0674137    0.0574413
  -0.3869258   -0.7549606    0.4099014
   0.7568758    0.0520477    0.2170864
   0.1207779    0.0265394    0.1478678
  -0.4068356   -0.3626747    0.0363018
   0.0351439    0.2957155   -0.5193274
   0.1130592   -0.1285378   -0.0293647
  -0.2944788   -0.5325800    0.1243852
  -0.6788692    0.1819955   -0.8834934
  -0.0294164    0.1479680   -0.2321150
   0.1341057   -0.0464128   -0.1652189
   0.2820235   -0.3573564    0.0979729
   0.1034447   -0.0483618   -0.0221820
   0.4671833    0.1599310    0.3169976
   0.3190457    0.0906859    1.0936747
   0.0173715   -0.1090434   -0.1104844
  -0.5472287   -0.4645030   -0.1153268
  -0.2663005   -0.1019472    0.3431010
  -0.0574193    0.0274817    0.0749369
  -0.2064791    0.2612963   -0.0082624
  -0.0934165   -0.2474380   -0.9817972
   0.1037529   -0.0543434    0.1115385
  -0.0800808    0.6075054   -0.3220132
   0.0918659   -0.4402374   -0.1210980
   0.0782199   -0.0637559    0.1344925
  -0.3498795   -0.0058305   -0.3267131
   0.2345964   -0.2712168   -0.3996513
  -0.0862723    0.1315917    0.0923555
   0.1055154   -0.4232389   -0.2318675
  -0.0891258    0.2663516    0.2527003
   0.0221751   -0.0234327   -0.0335003
  -0.3139153   -0.3696749    0.5356014
   0.3285109    0.4229524    0.4217249
   0.1025175    0.0951027    0.0562191
  -0.5517134    0.4431338    0.3058121
   0.1565298    0.0066871   -0.0194284
   0.1905418   -0.0843812    0.0682250
   0.1583815    0.4377660   -0.1123169
  -0.2078000    0.6278785    0.5898971
  -0.1549951   -0.2003220    0.0939007
   0.4351080   -0.9167001    0.5071391
  -0.7059467   -0.0428864   -0.1866723
  -0.0008884    0.0374482   -0.0041338
   0.0026734   -0.0369250    0.0960304
   0.6665900   -0.2987826   -0.1471218
  -0.1358242    0.0712698   -0.0171969
  -0.1947332   -0.5902879    0.2134708
   0.0653953   -1.0697647    0.7512217
  -0.0332391   -0.0140160    0.2326646
   0.8082406    0.3738399   -0.6885551
  -0.0317362    0.4158858   -0.1366331
   0.1110575   -0.0521105    0.1192369
   0.3557045    0.1345683   -0.1079619
  -0.8199899   -1.0009173   -0.4306648
   0.0413021   -0.0786192   -0.0549552
   0.6167555   -0.4711346    0.3811125
  -0.1931658    0.0527788    0.3584059
  -0.2064430    0.0514617   -0.1416307
   0.1519489   -0.2706919   -0.0162398
  -0.0633520    0.4918820    0.4544129
  -0.1428098    0.2710805   -0.0039531
   0.0103257   -0.9123803   -0.2157689
   0.3229949    0.6258523    0.6156105
  -0.0963726    0.0046877    0.1589189
   0.1289375   -0.4067566    0.2464897
  -0.5640548    0.1233686    0.0545454
  -0.0123460   -0.0528222    0.0184576
   0.1304400   -0.1500250   -0.2823514
   0.4903854   -0.1927591    0.1518412
   0.0193939    0.1761333   -0.0392183
  -0.0538303   -0.7850542   -0.1573090
   0.1872915    0.7141488    0.0424293
   0.0110873    0.2786003    0.0380218
  -0.3775704   -0.4055820   -0.2254323
   0.0367640    0.0512848    0.0327763
   0.0819791   -0.1995467    0.0038408
   0.3234060   -0.3623227   -0.4240861
   0.6374969    0.0986234   -0.4373018
   0.0344916   -0.0165970    0.1074123
  -0.3077084   -0.0172284   -0.1936982
   0.1859269    0.1732813    0.3360005
   0.0111406   -0.0364455   -0.1200944
  -0.4738939    0.4979048   -0.3075785
  -0.6895201   -0.0748123   -0.0770594
   0.1705816    0.2130670   -0.0508425
   0.0848319    0.2995738    0.2387104
  -0.3535232    0.1397878   -0.2638288
  -0.0959128   -0.0219629    0.0721186
  -0.4702343   -0.4102635    0.3776774
   0.3695749    0.6081559   -1.3307018
   0.0163101   -0.1079531    0.0351057
   0.2330362   -0.3304875   -0.1053779
  -0.4177535    0.2343193    0.5455236
   0.1567116   -0.2461177    0.0107772
  -0.3161016    0.7201223   -0.3785142
   0.2647735    0.5877011    0.1921521
   0.1248508    0.0390263    0.0140047
   0.3612352   -0.2113686    0.5919456
   0.0111964   -0.5773789    0.1228692
  -0.1250931   -0.1029146    0.0871617
  -0.1948120    0.1403944   -0.0139934
  -0.2773251   -0.2113340   -0.1725104
  -0.0951133   -0.0529028   -0.0754002
   0.0431020    0.5908051   -1.1261071
  -0.1247595   -0.0766882    0.1417123
  -0.1394459    0.0192881   -0.2028038
  -0.0015910   -0.6499133   -0.4708275
   0.7089939    0.9175497   -0.3776627
   0.1861251    0.0194429   -0.1499099
   0.1434110    0.3499828    0.4503451
  -1.5173488   -0.1102694    0.5822947
  -0.2091141    0.0687721    0.0082772
   0.7221488    0.3206575    0.2748891
   0.2868980    0.4322835   -0.2819614
   0.0908097   -0.1074562    0.1321365
  -0.0578608    0.1181141    0.9633221
   0.3038199    0.3698550    0.3966242
  -0.0296714   -0.0339691   -0.0813155
   0.0349054   -0.5809829    0.1359473
   0.8445315    0.4909610    0.2137101
   0.0615043    0.2027576   -0.2524367
  -0.0228286   -0.5210746    0.6949309
   0.3445187   -0.0768556   -0.6916939
  -0.0159146    0.1270194    0.0844964
   0.0296890   -0.1299496    0.6756693
  -0.5287298    0.6292707   -0.7709395
  -0.1162706   -0.2452918    0.0408706
  -0.6987232   -0.4402468   -0.5058017
  -0.4852813    0.2290014   -0.1695767
  -0.0088511   -0.0858618   -0.2008042
  -0.1337143    0.1368690   -0.6661046
  -0.1380075   -0.3914465   -0.2808394
   0.2165937    0.0326832    0.0048665
   0.2495161    0.6979513    0.3461322
   0.6253930    0.1896040   -0.0228960
   0.0202070   -0.0109555   -0.1244802
   0.3530637    0.1237797   -0.1507246
  -0.0937679   -0.2056772    0.1465101
   0.0638860   -0.0614978    0.0993751
  -0.3948264   -0.3015383    0.2970275
   0.0339633   -0.4497422   -0.1026263
   0.1126020   -0.0303962    0.0413756
   0.3815751   -0.2812657    0.2156157
  -0.1173074   -0.6590148   -0.2309393
   0.0065165   -0.2174398    0.1023058
   0.3643891   -0.7385693   -0.5567322
   0.0120176    0.5141367    0.3498697
   0.0106025   -0.0101406   -0.0133192
   0.1484950   -0.3611293   -0.1333967
  -0.9893100   -0.5139431   -0.5669924
  -0.1044995    0.1710240    0.0359617
  -0.4523056    0.3657435   -0.5953851
  -0.5515701    0.2497688    0.2580698
   0.1064297    0.0510374    0.0464660
  -0.0213544    0.0551044    0.5233175
  -0.2757438   -0.0556544    0.5558302
   0.0657902   -0.0030262   -0.0998007
  -0.4213183   -0.5393412    0.9658996
   0.1405993    0.1880091    0.5668233
  -0.0141079    0.1043192   -0.0492461
   0.5282449    0.1534743    0.1006173
   0.1166950    0.3450514    0.5365965
   0.0511609   -0.0541527    0.0556705
  -0.2029250    0.0414266   -0.2334108
   0.2630587    0.2147135   -0.4167208
   0.0020013    0.0876597    0.0630646
   0.4108738    0.4130530    0.1856280
   0.1835604   -0.7940745   -0.2493851
   0.0706237   -0.2750083    0.1315485
  -0.8999269    0.5397316    0.2771647
  -0.2900899   -0.2392443    0.4798118
  -0.0168912    0.1058312    0.1531516
  -0.2680618   -0.1732665   -0.2402750
  -0.7991800    0.0551306   -0.3149319
  -0.0767704    0.0018313   -0.0572919
  -0.2202034    0.4677320   -0.0032258
   0.1419923    0.3229569   -0.0190152
  -0.0177102    0.0274128    0.0486482
  -0.0661093   -0.0889919    0.7203388
   0.0659973   -0.4025502   -0.2322336
  -0.0836125    0.0276751   -0.0333000
  -0.8367674   -0.7264366   -0.2444064
  -0.1947579   -0.2353528    0.1416985
  -0.1275063    0.1289033   -0.0303022
  -0.1390188   -0.2489669    0.6212647
  -0.0418973   -1.0476977    0.2295266
  -0.1682496   -0.0468619   -0.1420614
   0.4819545    0.5398144   -0.7316449
  -0.3908840   -0.0892615   -0.1325275
   0.0678077    0.0142736   -0.0455730
  -0.4202480   -0.3753165   -0.4634901
   0.4596733   -0.1672092    0.3945157
  -0.0214707    0.2900157    0.0531002
  -0.3566981   -0.3970773    0.3258752
  -0.9202539   -0.6360855   -0.1140086
  -0.1414918   -0.0302211   -0.1150023
  -0.4747625   -0.0189812    0.1836291
  -0.7280176   -0.2331582    0.2282709
   0.1326899    0.1447707   -0.0463540
  -0.2056977    0.6987367   -0.0994643
   0.4326819   -0.1217709   -0.1686496
   0.1367151   -0.0382349    0.1649764
  -0.1307261   -0.4342740   -0.3192810
   0.5499429   -0.3693946   -0.5725420
   0.1126327    0.0791086   -0.1415796
   0.1090397   -0.3187151   -0.1485032
   0.0003177    1.1860583    0.8136699
  -0.0227822    0.0557434   -0.1156442
  -0.1800922   -0.5040794    0.4880613
   0.1190148    0.7818996    0.0720096
  -0.1136423    0.0500010    0.1577055
   0.1417784    0.0098822   -0.1050622
  -0.0696095   -0.2316611    0.0755749
  -0.1355267    0.1277994   -0.0056222
   0.1617097   -0.3271912   -0.3699893
   0.0579685   -0.1822530    0.7089187
   0.0569298    0.0425445   -0.0602541
   0.6178427   -0.1880124   -0.3255524
  -0.4161850    0.3520933    0.0659219
  -0.0965960    0.1287353   -0.0019248
   0.7039227   -0.2617342   -0.1616995
   0.4577141   -0.0732842    0.1941063
   0.1008366    0.1356404   -0.0290401
  -0.1547084   -0.3762029   -0.3043698
   0.4588120    0.3483543   -0.3446734
  -0.1665559    0.0031028    0.0636870
   0.1012946    0.2890414   -0.3708404
  -0.1744620    0.1892297    0.1970509
   0.0999357    0.0824763   -0.1047098
  -0.0289359   -0.0533854   -0.2502569
   0.3380724    0.5468770    0.6688163
   0.0186110    0.0586095    0.0219141
  -0.0523004   -0.4958637   -0.1193102
  -0.5422685   -0.1065599   -0.0079697
  -0.1292951    0.0231985   -0.0046238
  -0.0464190    0.2933176    0.2397736
  -0.3284917   -0.2418220    0.2293988
  -0.0284221   -0.0598083    0.1580179
  -0.2874372   -0.5412924    0.1748425
  -0.2121049   -0.5886900    0.1878262
  -0.1371821    0.1694607    0.0216397
   0.4307039   -0.2478442   -0.0028239
   0.4144302    1.0400662    0.0003658
  -0.1239917   -0.0737274   -0.0853108
  -0.1216091   -0.4700231    0.0734735
   0.2861349   -0.2629388   -0.4299408
   0.0334739   -0.1010659    0.0942674
  -0.1633506    0.0765179   -0.2879575
  -0.2860022    0.0492687    0.1267947
   0.0017410   -0.0985633   -0.0639342
   0.2023900    0.0929963   -0.3552156
   0.9853464    0.4671565    0.2009036
   0.0596500   -0.2052491    0.1113805
   0.7319955    0.3313656    0.1683014
   0.2522449    0.0161304    0.2089548
   0.0805872   -0.1553489    0.0675201
  -0.2861418   -0.2916942   -0.2380339
  -0.2030386    0.3614087    0.2712230
  -0.2240147    0.0808917   -0.2284955
   0.3119579    0.1121523   -0.3668119
   0.3269732   -0.2760598   -0.4832628
   0.0018161    0.0467727   -0.0948362
   0.7198344    0.2189763   -0.1797659
  -0.1566601   -0.7510148   -0.2502585
   0.0398517    0.0227593    0.0166692
  -0.1255404    1.0890582    0.2620265
   0.2409650    0.8440130   -0.0861317
  -0.0944664   -0.0424192    0.1080534
  -0.1531598   -0.0642524   -0.3074340
   0.0375500   -0.4438899    0.0890359
  -0.0176721   -0.1357055    0.0358583
   0.5648742   -0.7217168   -0.0296553
  -0.7942871   -0.3573218   -0.4338156
  -0.0005544    0.0438320    0.3072140
   1.1064175    0.6218112   -0.3424458
  -0.0348026    0.3236701   -0.1155726
   0.0945011   -0.0714717    0.0714184
   0.3962658   -0.2256680   -0.1794965
  -0.3000014   -0.4480023    0.1756001
   0.0997784   -0.0853424    0.0092224
   0.1695073   -0.0052500   -1.0819725
   0.1151755    1.3181063   -1.1308047
  -0.0371989   -0.0620762   -0.0707241
  -0.1219289   -0.2615117   -0.9840382
  -0.2807273    1.0960779   -0.0833970
   0.1950855    0.0626544    0.1260709
   0.2733845   -0.2881480    0.3950490
   0.0120599    0.0535919    0.4020216
   0.1822354    0.0189216    0.1543493
   0.0326608    0.1370569    0.9759483
  -0.4945054   -0.1742466    0.0482864
   0.1122620   -0.0108871    0.1808875
   0.4934376    0.0664996   -0.1846523
   0.4216463    0.4770856   -0.4934126
  -0.0905224    0.0032373   -0.0310939
  -1.1460689    0.0868874   -0.0949505
  -0.3579237    0.0717643   -0.6183823
   0.2260543   -0.1047843    0.1238909
  -0.0642194   -0.2615187   -0.7171848
  -0.0850105    0.4663438    0.6467525
  -0.1166324   -0.1744247    0.0372518
  -0.3723046   -0.0504178    0.2971614
   0.4236186   -0.7265526    0.3141450
  -0.0092903   -0.0916293   -0.1958681
   0.1754659   -0.0311402   -0.4380060
   0.4118874   -0.1670988   -0.2152851
  -0.0553599   -0.0476707   -0.0907575
   0.8527036   -0.6793941    0.1852830
  -0.5541178    0.2813430   -0.0331097
   0.0665613    0.1449264   -0.0214311
   0.1287233   -0.7346665   -0.2647752
  -0.5736638   -0.6626347    0.5231078
  -0.1202432    0.0876642   -0.1939830
  -0.6588303    0.0622814    1.1577905
  -0.0069324    0.8036610    0.3161782
   0.0400388    0.0048802    0.0956608
   0.3107305   -0.2380976   -0.1511169
   0.1119102   -0.8511975   -0.7776345
   0.1352274    0.0814287   -0.0421586
  -1.3728811   -0.3038932    0.2763050
   0.1156076    0.0409631   -0.1191067
  -0.0244651   -0.0041962   -0.1180576
  -0.7295228    0.1779671    0.4127913
   0.3109515   -1.3503394   -0.2998605
   0.0697761   -0.0056738   -0.0824824
  -0.4256065   -0.7655304    0.1042822
  -0.5788242   -1.1545436   -0.0074531
   0.0233156    0.1685542    0.1438795
   0.1927852    0.1003559    0.0940644
   0.7765220    0.4646210   -0.2021070
  -0.1032236   -0.0259163    0.0373186
  -0.5740804   -0.0953146    0.0354931
   0.2260028    0.5668858    0.6317192
  -0.0246469   -0.0671621    0.0593298
  -0.3003669    0.2935746    0.7106086
   0.7909683    0.0505562   -0.0898332
  -0.1807298   -0.0463003   -0.0956545
   0.0556293    0.2097346   -0.0663359
   0.2505256   -0.8175912   -0.4045179
   0.0951242   -0.2502840   -0.0319692
  -0.0744941    0.5374385   -0.7745990
  -0.5989048   -0.3693121    0.1643400
   0.2171186   -0.1960956    0.0145259
   0.9995836   -0.1224851   -0.6308103
  -0.4605034   -0.2021081    0.0501464
  -0.0727643    0.0524939   -0.0292886
  -0.4565034   -0.1170799    0.4597348
   0.1130617    0.2814209   -0.5896536
   0.1886652    0.0284969    0.1061038
  -0.1738164   -0.2582237   -0.2991892
  -0.5980020    1.1333207   -0.2546255
  -0.0443626    0.0297403    0.0650099
   0.5662192    0.0310430   -0.4877019
  -0.5385157    0.2454186   -0.1669459
  -0.0370169    0.0741589    0.0209956
   0.4139645    0.2902512    0.5909049
  -0.1433155    0.6615832   -0.1366271
  -0.0716914   -0.0744598    0.0522165
   0.4261365    0.7817285    0.2739267
   0.3437338   -0.2534902    0.6319690
  -0.0089532   -0.0946462   -0.0759315
   1.2107955    0.4543165    0.0927889
   0.6678126   -0.3754998    0.1458914
  -0.1497053   -0.0143675   -0.1381440
   0.3582160   -0.0381209   -0.2939844
  -0.3155471   -0.0214597   -0.1227390
  -0.0441305   -0.1153977   -0.0222070
   0.6331107    0.5637460   -0.0460322
   0.0692762    0.2384729    0.1101723
   0.1349766   -0.1427023    0.2225697
   0.4413651   -0.4176885    1.0261540
   0.6400108    0.2145633   -0.2210902
  -0.0591209    0.2596832   -0.0536977
  -0.1799205   -0.5712034    0.6490445
  -0.0626716    1.0619934   -0.4291423
   0.1135057    0.0489879   -0.0404028
  -0.1928910    0.1365670   -0.0218737
  -0.4992396    0.4308509    0.0951774
  -0.0695577    0.0235255    0.1090203
   0.5535215   -0.4169595    0.2944856
   0.1135827    0.5429116    0.7932465
   0.1800603    0.1753633   -0.0916824
  -0.0644916    0.5899434   -0.3177799
  -0.1587505    0.1531241    0.0592169
   0.1063724    0.0904509    0.1588310
   0.7093515    0.0373562    0.2222420
  -0.7499831    0.1199267   -0.1448645
  -0.0530135   -0.1095109   -0.0559750
   1.1928580   -0.4374226    1.2984395
   0.0889747   -0.1603053   -0.1350514
  -0.0358838   -0.1064522    0.0027240
  -0.6605673    0.6565304    0.7744430
  -0.7404397    0.3461415    0.8168391
   0.1427862    0.2104997    0.1227467
   0.2693531    0.1420721   -0.2911678
  -0.3063564   -0.3674336    0.1044175
   0.2738683   -0.1300997    0.1065035
  -0.2661063   -0.4685746    0.0046524
  -0.1876162    0.2809328   -1.1932939
   0.0996810   -0.1453149   -0.0151600
   0.4763376   -0.4055646    0.1456882
  -0.1596898   -0.2469957   -0.3334155
   0.2794319   -0.0367934    0.0555571
   0.7795811    0.7055339    0.0056844
  -0.0698957    0.4125393    0.0260337
  -0.0068183    0.1119538    0.0288569
   0.0761863   -0.1884828    0.0796509
  -0.6746257   -0.1561860    0.6466581
   0.0961771   -0.0679709    0.0525455
  -0.4849481    0.0702985   -0.3453590
   0.5587420   -0.5015213   -0.2416682
  -0.1857245    0.1463006    0.0865580
  -0.2688726    0.0333483    0.4533399
  -1.1551325    0.2008177    0.0386719
   0.0102078   -0.0379178   -0.1341881
  -0.0481030   -0.6880824   -0.2695428
   0.1729193   -0.3285756    0.6165785
  -0.2037490    0.1333043    0.1006620
   0.0693338   -0.3995289   -0.1631312
   0.5550900   -0.1480000   -0.0363420
  -0.0697483    0.0674909    0.2046299
  -0.0202263    0.4066058    0.1694885
   0.2517484    0.2435780    0.1038580
  -0.1033544    0.0951217   -0.0803375
   0.6569477    0.0886046    0.1649736
  -0.0158504    0.2880655   -0.4028275
  -0.0781760    0.1106812    0.0764230
  -0.3703708    0.4096159    0.0922766
  -0.0010236   -0.1637110    0.1451830
  -0.1605001   -0.0784764   -0.0297899
  -0.3338082    0.4710241    0.1349911
   0.1308236    0.0059309    0.4703082
  -0.0284280   -0.0424433    0.0003036
  -0.3362920   -0.0568541   -0.0747504
  -0.1583034   -1.1886802   -0.9707260
   0.1275354    0.1245862   -0.0003972
  -0.7070956   -0.2058455   -0.4178227
  -0.6655689   -0.3464582    0.1035683
   0.1527272    0.0526727   -0.0546824
   0.3739999   -0.4360196   -0.0437119
   0.4858192    0.1726590   -0.6742049
  -0.0448385    0.0753053   -0.0501698
   0.4604540   -0.3864769    0.1003152
  -0.3255230   -1.0691547    0.1387305
  -0.1835720   -0.0166852    0.1998358
   0.4084750   -0.0911382    1.0005150
   0.2695643    0.1552979    0.1428181
  -0.1686839    0.0472123   -0.0837908
   0.8552967   -0.7780928   -0.1597472
   0.1897931   -0.3363193    0.3427443
   0.0586648    0.1246515    0.0223782
  -0.5850312   -0.3238592    0.6703391
   0.6534579    0.1106654   -0.8718504
   0.0049672   -0.1888453    0.0464657
   0.6493861    0.3316917   -0.3614384
   0.7824407   -0.1685271    0.2463585
   0.0150826    0.0179653    0.0121060
  -0.3265047    0.2235792    0.3413865
  -0.3538181   -0.1748519   -0.2218480
   0.0870348    0.0109622   -0.1973775
   0.2481057    0.3704005    0.4420055
  -0.0517960    0.6703401    0.8359816
   0.0281886    0.1514612   -0.0249841
  -0.3424227   -0.1247620    0.3498779
   0.0571915   -0.2590584    0.8634925
  -0.1744770   -0.0335984    0.0687871
   0.2799546   -0.4873441   -0.0349798
   0.1317122   -0.0845829   -0.2708853
  -0.0920696   -0.0102770   -0.1701577
   0.6405469   -0.9502129    0.4521974
   0.7419811   -0.2127324   -0.1928252
   0.1132489   -0.1520389    0.1069838
  -0.0148588   -0.1117698    0.0888854
  -1.1166624   -0.3991023   -0.0145637
  -0.0710358   -0.0422359    0.0872769
  -0.3256402   -0.3066910    0.2207070
   0.3690758   -0.1931103    0.3604891
  -0.0749657    0.1466844    0.1882420
  -0.1139768    0.2650351   -0.0995318
  -0.0833458   -0.8667370   -0.3258594
   0.0746126   -0.0962347    0.0077353
   0.2826756    0.0281232    0.3653793
  -0.6778116   -0.2151844   -0.0760757
  -0.0614340    0.1731820    0.0372367
  -0.3756344    0.5460980    0.0918938
   0.2483464    0.0777615    0.8231881
  -0.0577574   -0.0600640    0.1146478
   0.1424356    0.6168410   -0.3789776
   0.4474487    0.0141182    0.1967868
   0.0614925   -0.1816739   -0.0948073
   0.3284062   -0.4473642   -0.3603936
   0.6853523   -0.2203807   -0.2223268
   0.0595575   -0.1205757   -0.0433471
   0.9061541   -0.4290328    0.9596256
  -0.4066668    0.0134029    0.2152981
   0.0456158   -0.1290247   -0.0207602
  -0.3941354   -0.4576147   -0.3748822
   0.3771235    1.2236304   -0.1321974
   0.0923949    0.1285754   -0.0310817
  -0.7493693   -0.5214436   -0.5820713
   0.1262712   -0.0184673    0.3255995
  -0.0129958   -0.0254553    0.0094459
   0.5820510    0.2206905    0.1947554
  -0.2343006    0.3364751    0.2999744
  -0.0744728   -0.0124860    0.0120785
  -0.3093405    0.0682439    0.6855351
  -0.2214650    0.4699079    0.1281995
   0.0854733    0.1243835    0.2327172
  -0.0871235    0.3607354   -0.5152445
  -0.4594528    0.4873597    0.0884108
  -0.1915512    0.0514800    0.2348844
  -0.0244553    0.7167567    0.3625802
  -0.2019722    0.4582989    0.6021854
  -0.0079235    0.0079362    0.0841942
  -0.1005187   -0.4389570    0.7344187
   0.0361126   -0.1893344   -0.9571546
  -0.0357350    0.1090479    0.3464518
  -0.8383520   -0.4523800    0.3094141
  -0.5545595   -0.0641531   -0.2075570
  -0.1776755    0.0743260   -0.0945984
  -0.4316716    0.4713409   -0.3914489
  -0.7820606   -0.3624482    0.3605132
  -0.1743163    0.1733315   -0.0593209
  -1.0560323   -0.5104789    0.8767565
   0.2379628    0.1031739    0.0899802
  -0.1979534   -0.1156686   -0.2625028
   0.2532576    0.1844830    0.1505956
   0.6790588    0.5212248    0.2221581
   0.0845080   -0.0385186   -0.0671425
  -0.1474718    0.2687487   -0.2640850
   0.9046760    0.6742002   -0.3293492
   0.0485600   -0.0601707    0.1398373
  -0.6879730   -0.1543786    0.1852908
   0.6323529    0.0461782   -0.2925729
   0.0796889   -0.1092031   -0.0747537
   0.3307407   -0.1053239   -0.0938919
  -0.0624667    0.3602185    0.5787373
  -0.2058171    0.0448424   -0.0688568
   0.0988301    0.5060733    0.3766512
  -0.1598183    0.3872176   -0.6228250
  -0.1215917    0.0662772    0.0379589
   0.5534847   -0.0912274    0.6423381
  -0.3553077    0.0985119    0.3289101
   0.0807248   -0.1469106   -0.0769773
  -0.0854994   -0.1427323   -0.0700233
  -0.2116493   -0.7967698    0.1690445
  -0.1378761   -0.0399647   -0.1425785
   0.2184476    0.3556453    0.4958532
   0.2824425    0.5905634    0.6942860
   0.0172774    0.0683233   -0.0343019
   0.3538998    0.2831265   -0.2194961
  -0.3763721    0.1275252    0.1135748
  -0.0550687   -0.0306689    0.1092670
  -0.1274520    0.0323565   -0.4121997
   0.0247445    0.1675865    0.4906592
   0.1810551    0.0977362   -0.1920947
   0.3086615    0.3372241    0.0452587
  -0.4586976   -0.3251860   -0.0458158
   0.0507662    0.1430037    0.1072805
   0.6305378   -0.0941479    0.3957438
   0.2536035   -0.2296283   -0.1818956
   0.0350228   -0.1286740    0.0504109
   0.7063398   -0.8065177    0.6544101
   0.1675570   -0.2884322   -0.8958802
   0.1261214    0.1197111   -0.0864481
  -0.7224869   -0.3126257   -0.1684005
   0.0080990    0.4467191    0.0657937
  -0.0850938   -0.1496281   -0.0238005
  -0.4486855    0.3865381   -0.1917303
   0.1577088    0.2049832    0.6717673
  -0.1281138    0.1126448   -0.0164387
  -0.1851469    0.8766151    0.0489179
  -0.1105077    0.4271590   -0.0426375
  -0.0655055   -0.2553888   -0.0432943
   0.3105048   -0.5577714   -0.6805958
   0.3375548    0.3950253    0.4290888
  -0.1078027    0.0847778   -0.0796073
  -0.0736163   -0.5451483   -0.1289118
  -0.0716641   -0.4799751   -0.1254997
  -0.0490703   -0.0866290    0.0410903
   0.3677481    0.1160614   -0.7795860
  -0.5869708    0.4547236    0.0264256
  -0.1691561    0.1149781    0.0327223
  -0.9285008    0.4324402   -0.8270581
   0.5731947    0.4076600   -0.7135741
   0.0275476   -0.0462607   -0.0218911
   1.0961486    0.6581749    0.0642014
   0.5223505    0.1909097   -0.3002222
  -0.2016578   -0.1699298   -0.1133472
  -0.1290000   -0.2018552   -0.4672157
   0.3078789    0.0114331   -0.2138612
  -0.0251558    0.0743555   -0.0061075
  -0.2071461    0.7893221   -0.3553738
  -0.0870135    0.8866166   -0.1080342
  -0.0372057    0.0725579   -0.0871368
  -0.0222302    0.1656229   -0.1177653
   0.9083515   -0.1009677    0.5778559
  -0.0115717    0.1589436   -0.1256330
  -0.0067052   -0.1086791   -0.3883108
   0.6070820   -0.7347326   -0.3764334
   0.1121090   -0.0519681   -0.0717895
   0.2964606    0.0248031   -0.3152371
   0.2073652   -0.1809013    0.0448279
   0.1019701   -0.1073049    0.0613359
  -0.8879468   -0.0483222    0.3067253
  -0.2869395   -0.7494581    0.1878978
  -0.0875519   -0.0073995    0.1066367
   0.5189477    0.2521125    0.4475977
   0.2175976   -0.4737214    0.0015902
  -0.0554973   -0.0242798   -0.0595553
   0.4168255    0.4933053   -0.8168624
  -0.1515217    0.2117319   -0.7321630
  -0.1075289    0.0820003   -0.1733788
  -0.4632000    0.3616366   -0.7603322
   0.4945013    0.3766456    0.2198576
  -0.1638493    0.0595832    0.0336838
   0.1401586    0.5137836    0.2935406
  -0.1211715   -0.3773478    0.4705847
  -0.0506557   -0.1648622   -0.0229322
   0.0778266   -0.4902103    0.5130869
  -0.3768365   -0.2282117   -0.3056789
   0.0757821    0.0335120   -0.0770056
  -0.3863782   -0.5558723    0.4666529
   0.0483723   -1.3104591    0.0804088
  -0.0959447   -0.1134714   -0.2647639
  -0.1237242   -0.4001580   -0.3247119
   0.0240018    0.2882490   -0.3396164
  -0.0759249   -0.0122876   -0.1398292
   0.1540054   -0.3670705    0.1530509
   0.1109368   -0.3477292    0.0542312
  -0.0144772   -0.1665322    0.1877656
   0.4218799   -0.3746393   -0.4411173
   0.0617652   -0.9247843   -0.4014341
   0.0084257    0.0759334   -0.1222093
  -0.2906686   -0.1488791    0.1638453
  -0.1333553    0.5594204    0.8520904
  -0.0585859    0.0544184    0.0102237
  -0.0264900   -0.5566447    0.1860907
   0.0359210   -0.5914147    0.0526800
   0.0178621   -0.0077086   -0.0640251
   0.0993156   -0.5847499   -0.2398203
  -0.1525010    0.2775653   -0.5590954
  -0.1227815    0.1273686    0.0383396
  -0.4945206   -0.4924544    0.2675405
   0.4502009    0.4973029    0.0856780
  -0.0766907   -0.1841307    0.1765032
   0.5569855   -0.3351645   -0.2386169
   0.0636154    0.5569479   -0.3822925
  -0.0314962    0.0140231   -0.0403170
  -0.0107127   -0.2824018   -0.6449470
   0.0147342   -0.4743236   -1.0649915
  -0.1490797    0.0960398   -0.0177415
  -0.3182516   -0.2787088    0.6828950
  -0.1909939   -0.0826760   -0.1912398
   0.1566518   -0.1436827    0.1516170
   0.0106722   -0.3648271    0.0304694
  -0.1537375    0.1231942    0.6309248
   0.0101151   -0.0653927   -0.0091590
   0.6011756    0.3735954   -0.0778164
   0.6243832    0.0310605   -0.4653350
  -0.3665773    0.1531352   -0.0943011
  -1.6121508    0.1356934    0.1547929
  -0.0771311   -0.2546180   -0.2040585
   0.0901084   -0.1209444    0.0611574
  -0.1086731   -0.2038593   -0.0760248
   0.5525842    0.2377375    0.3127707
  -0.0505243    0.1412573   -0.0999261
   0.1125403   -0.5500013    1.0014729
   0.1966750   -0.8331852   -0.1150760
   0.0537976   -0.0448002   -0.0799065
   0.2522466    0.1243000   -0.1388419
   0.0204865   -0.0242728   -0.5029622
   0.0121848   -0.0193904   -0.0135339
  -0.0024385    1.1213315    0.0506135
   0.7704518    0.4195630   -0.2038066
   0.0665754   -0.0261922    0.1338108
   0.2552226    0.3823560   -0.1802617
  -0.5449325    0.2381147   -0.0966924
   0.2462364    0.0584296   -0.0970917
  -0.1165540    0.6050572    0.1766338
   0.5555659    0.0891888   -0.1432864
  -0.0051902    0.1281551    0.0455712
  -0.3757192    0.2962598    0.0830857
  -0.4413543   -0.8466527    0.0459768
  -0.0911140    0.2633931    0.0093182
   0.1504957    0.2051396   -0.1776563
   0.0670651    0.1487135   -0.5968796
   0.0277127   -0.0412100    0.0524712
  -0.2219312    0.3721910    0.5426050
  -0.1549592    0.0282690    0.2060825
  -0.2269437    0.0066372    0.1657412
   0.0087032    0.6533813   -0.2508209
   0.6043946   -0.5248590    0.7738093
  -0.0529943   -0.0786891    0.0323105
   0.1587694    0.0916063    0.5502147
   0.7832783    0.2399461   -0.0951594
   0.1372485    0.0908531   -0.0374048
   0.1186080    0.1657680    0.1941192
   0.2827702   -0.0731615   -0.6481076
   0.2303987    0.1241181   -0.0045637
  -0.0275870   -0.2221872   -0.1814561
   0.2813564    0.1691684    0.2379654
   0.1514591    0.0955781    0.1425855
  -0.3677028    0.6962028   -0.1722323
   0.8560263    0.2951922   -0.0024479
  -0.0919245    0.0538489   -0.1697359
  -0.6921166    0.0496141    0.0690785
  -0.2736354   -0.2685339    0.5655649
  -0.1110361   -0.0341303   -0.2662961
   0.2756811   -0.4689282    0.1404417
   0.5519550    0.3308636   -0.1988544
  -0.1058960   -0.0263940    0.1091740
  -0.1031056   -0.2431734   -0.3444865
   0.2245360    0.2570282    0.1343843
  -0.3631050   -0.0257688    0.1525140
  -0.4332368   -0.7223127    0.0708263
  -0.1638208    0.3974038   -0.2470395
   0.1116280   -0.0983233   -0.1158471
   0.3800390    0.0158925    0.3919107
  -0.4259001    0.1629212   -0.0848865
   0.2059980    0.1450073    0.1356442
  -0.8164635    0.2319437    0.3764845
  -0.3533456    0.5504128    0.2669780
  -0.0180366   -0.0875353   -0.0420642
  -0.3210796   -0.2622704   -0.0001474
   0.1667519    0.3162234   -0.4824984
   0.1489877   -0.0521227   -0.0567257
   0.4667434   -0.0679207   -0.2617135
   0.6584166   -1.2815169    0.6729900
  -0.1323914    0.0959598    0.1194805
   0.2250829    0.1997554    0.3117556
  -0.3819794    0.3077482    0.3375729
   0.0409152   -0.1888860   -0.0383615
  -0.0743872   -0.4500439    0.8081242
   0.2727769    0.1609652    0.0751652
  -0.0823968    0.1004203   -0.0955418
   0.2148542   -0.0960449   -0.0921122
  -0.1379508   -0.1558082   -0.6879529
   0.0489305   -0.1238730    0.1124505
  -0.1509189    0.1123156   -0.2467299
   0.6714871   -0.1274047    0.0602746
   0.1466819    0.1494904   -0.0889435
   0.5844892   -0.6027858   -0.0579471
   1.0407664   -0.3236583    0.2403663
   0.0218244   -0.0173488   -0.0670570
  -0.8711668   -0.2039502    0.2641359
  -0.3831936    0.3376073   -0.7502399
   0.0241995   -0.1046320    0.0379442
  -0.0519818    0.1368512   -0.0519930
  -0.0231969   -0.5209596    0.6480153
   0.3254075    0.0791692    0.0413188
  -0.0963991   -0.2429390   -0.2245675
  -0.1008978    0.8837668   -0.3895883
   0.0270065   -0.0701461   -0.2088836
  -0.1264562    0.7200407   -0.5261746
  -0.5185278   -0.1793258   -0.1016468
  -0.0081683   -0.1434284    0.1870257
  -0.3416218   -0.4154333    0.3686525
   0.6757895   -0.3772751   -0.3894300
   0.0659855    0.0410632   -0.1965614
  -0.1296647   -0.1106298    0.2113445
  -0.2100321   -0.2837784    0.1034921
  -0.0716172   -0.0432981    0.1310909
   0.1198824    0.4147914    0.0396923
   0.1042182   -0.1404005   -0.1103662
  -0.0843723    0.0075107    0.0745570
  -0.8630061    0.4313441    0.1889097
   0.2729146   -1.1618104   -0.4122994
   0.1217301   -0.1137312    0.0528435
  -0.3395020   -0.1903282   -0.1034511
   0.6623475   -0.4210313    0.4063274
  -0.0440187   -0.2264748    0.3636239
   0.0465606    0.0065124    0.3765555
   0.3971464    0.5425372    0.3429023
  -0.0939983   -0.0428853    0.0180104
  -0.2344088   -0.3237180    0.4762573
   0.2635943   -0.6648761   -0.4487843
   0.0882083   -0.0062537   -0.0595865
   0.7009492    0.3440366    0.0907448
  -0.4531875   -0.2194336    0.0612124
   0.0449393   -0.1344060   -0.0016596
   0.3115035   -0.0973096    0.2708962
  -0.8280074   -0.2912261   -0.1020301
   0.0941597   -0.0000544    0.3138238
   0.5521818   -0.6788197   -0.3175756
  -0.6236588    0.0292209   -0.0023901
   0.2184779   -0.0163931   -0.0886491
   0.2117945    1.1532643   -0.4198408
   0.2149340    0.2108053   -0.2604642
   0.1610896    0.0780833    0.0034348
  -0.0219961   -0.1007885   -0.0826715
  -0.3396066    0.7179901    0.2072555
  -0.0718831    0.0666163    0.0126042
  -1.0957605   -0.3716846    0.2008902
  -0.0680502   -1.4418210   -0.4183301
   0.0616861    0.0052113    0.1089670
  -1.1052502   -0.6763753   -0.0854939
  -0.1591029   -0.2021518   -0.0507831
   0.0464402    0.1358678   -0.0743669
   0.3712985   -0.4439631    0.8041112
  -0.4432713    1.2969320    0.0196364
  -0.0374358   -0.0299146   -0.0434759
  -0.1251919   -1.1208284    0.2833663
   0.3351310   -0.0512556   -0.6856420
  -0.1594404    0.1095400    0.1227941
  -0.2833161   -0.0150840    0.2729942
  -0.0497169    0.5859935    0.1872506
   0.0421431    0.0314142   -0.0213310
  -0.9395325    0.0122604    0.0089673
   0.8234736   -0.6437536   -0.3366592
   0.0066284   -0.0657174    0.0518012
  -0.3843032   -0.8606200   -0.6833763
  -0.1880675    0.1611441   -0.2259019
  -0.0193200    0.0694282    0.1282702
   0.5237088   -0.2410159    0.6055512
  -0.8323107    0.1469959    0.5109820
  -0.0488393    0.0393292    0.1726833
  -0.6168802   -0.2452976   -0.6323528
  -0.1922553    0.0160649   -0.1973080
   0.1512945   -0.1439552    0.0854237
   0.1354228    0.1926113   -0.3823644
  -0.2156419   -0.7229890    0.5295895
  -0.2251838    0.1525698    0.0773788
   0.0031265    0.5801269   -0.5049461
   0.1486081   -0.1705177    0.0818819
  -0.0597416   -0.1578698    0.0884709
   0.1870004    0.3883428    0.8204572
  -0.1183185   -0.5509521    0.1793697
  -0.0840359   -0.0830416    0.0554910
   0.6988572    0.5910960    0.6136903
  -0.3442038    0.0274468   -0.6851114
   0.0393668    0.1056440    0.1353910
   0.5257377    0.4041735   -0.7736341
   0.5812445   -0.1810924   -0.2454469
  -0.2297710   -0.0911880   -0.1278908
   0.7605555   -0.3335454   -0.4144782
  -0.1229166   -0.9324089   -0.1433628
   0.0509164   -0.1743686    0.2049405
   0.0707954    0.1680282    0.0636030
  -0.0019741   -0.9965640   -0.9678402
   0.2440922   -0.1044103    0.0828707
   0.3822567    0.0764837   -0.3123036
  -0.1143972    0.5499442    0.4469537
   0.1039584    0.0526692    0.0741028
   0.9719055   -0.0979059    0.4056872
  -0.0647841   -0.4727574   -0.0832775
  -0.0515179   -0.2198706   -0.1104722
   0.0793428   -0.3033146    0.0049754
  -0.4663983   -0.0412148   -0.1677096
   0.0309628   -0.0625862    0.2811838
   1.1583077    0.0204636    0.4505967
   0.0520667   -0.4034973    0.5471315
   0.1284121   -0.2246450    0.0787908
   0.4646041   -0.0227991    0.0960022
  -0.1247591   -0.2776241   -0.1682711
  -0.2402056   -0.2083029   -0.0141338
   0.1204699   -0.2482399    0.0065107
   0.0015551   -0.2234428   -0.3741479
   0.0025051   -0.1376028    0.0465536
  -0.5995607    0.3847069    0.3513354
   0.0388046    0.5997854    0.2891245
   0.0491639    0.0085275    0.0144770
  -0.8890740    0.1830054    0.0313513
  -0.0462996    0.6268824   -0.2462994
  -0.0628745    0.0083007   -0.0231182
   0.2361921    0.0059865    0.0022934
   0.7929575   -0.5210735    0.3248281
   0.1130139   -0.0322204   -0.0005465
  -0.0275729   -0.1567809    0.4346308
  -0.1565648   -0.3714868    0.1926012
   0.1361794    0.0964531    0.0596245
  -0.1184548   -0.4835226   -0.0528656
  -0.1095804   -0.2089238    0.4619992
   0.0952725    0.0018903   -0.0161258
  -0.8881078   -0.2394061   -0.8747433
   0.1947778   -0.9055590    0.0738575
  -0.1136733   -0.1462763   -0.1990819
  -0.0778908   -0.2447741   -0.1747472
  -0.1221408   -0.2305974    0.4916141
  -0.1294632    0.1074685   -0.0796581
  -0.4397496   -0.2064755    0.4945579
  -0.4179206    0.1518863   -0.2014767
  -0.0150808   -0.0974102   -0.0434938
  -0.2547200   -0.2820342   -1.2742500
  -0.0141611   -0.1087609   -0.0840496
   0.1133624    0.1987930   -0.1457846
   0.0421597   -0.2941039   -0.6329209
  -0.3163998   -0.2375471   -0.2544268
  -0.0749587   -0.0976133   -0.1180714
  -0.2770054    0.0810136   -0.1193337
   0.4437509   -0.0541069   -0.3104133
   0.1186047   -0.0471120    0.0740923
  -0.2070618    0.2169045   -0.2335796
  -0.1722496   -0.0408414    0.5226116
  -0.0399491    0.1751544    0.1130184
  -0.4338985    0.2909922    0.5963366
  -1.0415033   -0.5276570    0.3484720
  -0.1121548    0.2007529    0.0922716
   0.8097205   -0.4632608    0.4820014
  -0.1588971    0.4200990   -0.7607528
  -0.0340565    0.2286979   -0.0678554
  -0.1413154    0.1266333    0.1411195
  -0.0318912    0.1078407    0.1506803
   0.0137538   -0.1019598   -0.1548921
   0.1128152    0.0492707   -0.4083186
  -0.4810729   -0.3405443   -0.4875644
  -0.0860507   -0.0033012    0.1354481
  -0.1460431   -0.7155706   -0.0195804
  -0.5088829   -0.2727424   -0.0008429
   0.0657022   -0.0384221   -0.1019500
   0.0078161   -0.3390798    0.4151309
   0.6258458   -0.3644522   -0.3821384
  -0.1371152    0.2161733   -0.0199572
  -0.9853631    0.4110408    0.2820258
   0.0159066   -0.8962413    0.0313902
   0.0105083    0.0149858    0.0203375
   0.0883696   -0.5046244   -0.0996555
   0.5829981    0.0749669    0.0961336
  -0.1069464    0.0094615   -0.1548060
   0.1740492   -0.2668391    0.2083195
  -0.0572488    0.1043858    0.1709210
   0.0312352    0.0054758    0.0037137
   0.2480029   -0.1298314   -0.2014133
   0.2488752    0.4138606   -0.1051757
   0.1706886   -0.0239378    0.1646917
   0.0877477   -0.0234438    0.7753658
   0.1390581   -0.2511896   -0.0757578
  -0.1159284    0.0730664   -0.1831527
  -0.1342593    0.5060572   -0.1083977
   0.3434907   -0.2106842   -0.0283361
   0.0952855    0.0856061    0.0334766
  -0.3346227    0.0694184   -0.2389285
  -0.1591155    0.2127654    1.0764217
  -0.0783326    0.0326676    0.0841789
  -0.2109524   -0.1195016    0.3194104
   0.1871291    0.1656117    0.1101013
  -0.0882262   -0.1547168   -0.1077912
   0.3652513    0.3694293    0.0772000
   0.0057098    0.1039337   -0.5667259
   0.0364100   -0.0897728   -0.1353886
   0.1001060    0.1634348   -0.1722254
   0.5347158    0.5483360   -0.4587248
  -0.0560286   -0.0475376    0.0254134
  -0.1004956   -0.1770366   -0.0277686
  -0.8484523    0.1637375    0.0736233
  -0.0937942   -0.1043357   -0.0942012
   0.2135618    0.3304814   -0.8153855
  -1.0678550   -0.3131093    0.5822656
  -0.0685898   -0.1652035   -0.1875567
  -0.7968741    0.2874975    0.2473334
   0.2936025    0.6610574   -0.1495092
   0.1260597   -0.1415756   -0.1310859
   0.2512406   -0.1651197    0.9417122
  -0.3766219    0.2330488   -0.3265393
   0.1510235   -0.0065562   -0.1102360
   0.7080345   -0.1396535   -0.0248675
  -0.0231128   -0.2508692    0.4552311
   0.0328590   -0.0685588   -0.1515177
   0.2348572    0.8461446    0.2567484
   0.2203982   -0.8331932    0.1948081
   0.1325384   -0.1060945   -0.0352517
  -0.0516036    0.1989676    0.5756704
   0.2513676    0.3507714   -0.0120143
  -0.1768043   -0.1510098    0.0789286
   0.6062266   -0.5015658   -0.0707872
  -0.5126706    0.2103048    0.2554367
  -0.1082849   -0.1778753   -0.1326332
   0.4479120   -0.2142537   -0.3184719
   0.8806493    0.1950152    0.5201752
   0.1392159   -0.1463861    0.0123000
   0.0867737    0.0285905    0.1533331
   0.1230478    0.1332275    0.1607028
   0.1813751    0.1276060    0.0621414
  -0.0126370    0.1809270   -0.1814459
   0.8274799   -0.4465120   -0.2131981
   0.0176257   -0.0100207    0.0418225
  -0.2949983    0.3139370    0.2498281
   0.9278368    0.6759422   -0.4038181
   0.0229618   -0.1440145   -0.0607733
   0.2944389    0.7567782    0.2745050
  -0.6741173    0.1016164   -0.9044394
   0.1157959    0.0186330    0.2262843
   0.3297409    0.0450458    0.5613528
   0.1159640    0.1094673   -0.2952560
  -0.1833340    0.0077817    0.0004868
  -0.1748078    0.0201458    0.2497363
  -0.1724235   -0.5301830   -0.0880479
   0.2427209   -0.0990811   -0.1288584
  -0.3642372   -0.2903251    0.0933689
   0.4209211    0.0560695    0.2497134
   0.1327579    0.0715923   -0.0534594
  -0.4956247    0.2821533    0.0322359
   0.3295104    0.2431971    0.6422979
   0.0721845    0.0551509   -0.1137775
  -0.0932197   -0.7862895    0.5483655
  -0.0314720   -0.1948089    0.2902721
   0.0223462    0.0720345   -0.0263885
  -0.5547777   -0.1507131   -0.3056123
  -0.0471383   -0.3437685    0.3610625
  -0.0738328    0.1026873   -0.0210465
   0.2733344    0.8143163    0.6855271
  -0.5295775    1.1704744    0.2124244
   0.1073636    0.0704510    0.0846286
   0.2062658    0.5444392   -0.2960668
   1.2133819    0.0745357   -0.4456199
  -0.0729499   -0.0763944   -0.0418713
  -0.4886853    0.1775807    0.2788752
  -0.4555998    0.1998785   -0.3518077
  -0.0490503   -0.0482723    0.0821424
   0.4499127    0.0794399   -0.2773337
   0.2935601    1.0239412   -0.0456853
   0.0096102   -0.1016100   -0.0352270
  -0.4684295    0.4754407   -1.1359036
  -0.1990392    0.7741420    0.5939360
  -0.1412840    0.0870705    0.0351834
  -0.3196996    0.0702685    0.7790551
  -0.1949483    0.8862785    0.0292292
   0.0140593    0.0089695   -0.1358232
   0.1602281   -0.5018352   -0.0149935
  -0.2927797   -0.1171831   -0.2754214
   0.0018748    0.1801456    0.2138687
  -0.4930883   -0.3067483    0.2004335
   0.1331224    0.5502619   -0.2533782
  -0.0697749   -0.0111274   -0.0314486
  -0.2717143    1.0916077   -0.6486348
  -0.1660933   -0.3582039    0.3628665
  -0.0332503    0.0826491   -0.0786232
   0.9688763    0.3191670   -0.0703503
   0.7269042    0.1833137   -0.3152733
  -0.1811171   -0.0330414   -0.2468820
   0.3167175   -0.1047611    0.0607924
   0.3300716   -0.2531091    0.0075480
   0.0336135   -0.0571177    0.0662289
   0.3464945    0.2228777   -0.7034480
  -0.1004659   -0.3272536    0.4060312
   0.0710907    0.1607920   -0.1293735
   0.2876594   -0.4786560    0.1508183
   0.3904478    0.2802607   -0.6512914
  -0.1151160   -0.0689736   -0.1849228
   0.1159168   -0.3459920    0.2194391
   0.8720647   -0.7109855   -0.1344640
  -0.1551728   -0.1176851   -0.0207436
   0.3362744    0.2982748   -0.0012862
  -0.5222986    0.4880116   -0.2967479
   0.1931506    0.0424057    0.1988101
   0.6386399   -0.0166723    0.2739386
   0.4900491    0.1054466   -0.3995189
   0.3046362   -0.0069650    0.0114997
  -0.6469674    0.0720198   -0.3547299
   0.0020481    0.3386272   -0.4478796
  -0.0038573    0.0704120   -0.1871135
   0.0645155    0.4673958   -0.2378270
   0.1333309    0.3484618   -0.1718656
  -0.1769594   -0.0464242    0.1333250
   0.0373143   -0.0716645    0.4928316
  -0.6962065    0.3048491    0.1831435
  -0.0592373   -0.1222902    0.0692417
  -0.8298009   -0.5739166   -0.1645003
  -0.3730404   -0.3358139   -0.4303118
  -0.0839672   -0.0639765    0.0790500
  -0.4913821   -0.0661467   -0.4316319
  -0.7608461   -0.2260217   -0.4856230
   0.0613917   -0.0667712    0.1390912
   0.1074110    0.4859886   -0.0800768
  -0.6081680    0.1129705   -0.4569387
   0.0158457   -0.0058305    0.1487450
  -0.4578829    0.3272408    0.5246211
  -0.3116644   -0.7995259   -0.1042093
   0.2072954   -0.1406109   -0.0102945
  -0.6864101    0.5548798    0.1040183
  -0.7014871    0.1670056   -0.2811982
   0.1158742   -0.0261681    0.0855929
   0.1589305   -0.3307247    0.7528735
   1.0502044   -0.3166413    0.0873674
  -0.0940121    0.0451918    0.1314122
  -0.1185425    0.5837015    0.0994786
   0.6411468   -0.7337363    0.3623767
  -0.0479769    0.1725012    0.1249908
  -0.6082412   -0.3644322    0.1817315
  -0.6672887   -0.3630607    0.0008376
  -0.1195840    0.0236490   -0.0718247
  -0.0612748    0.1400562   -0.5570197
   0.8885570    0.3705846    0.3349332
   0.2175033    0.0647949   -0.2344684
   0.1768554   -0.3030584    1.0212173
   1.0189775    0.3243060   -0.4032727
  -0.0254000   -0.1562413   -0.0564021
   0.6633209   -0.0001704   -0.1725026
   0.5962509   -0.6416467   -0.7175934
   0.0110796   -0.0834831   -0.0418213
   0.4254316   -0.8124251   -1.0687648
   0.8639399    0.1481381   -0.2019019
   0.2019142   -0.0638162    0.2848499
  -0.3243740    0.6933273    0.5182025
   0.1301200   -0.7956216   -0.3862970
  -0.0023726   -0.0297000   -0.0331967
   0.1037692   -0.2721997   -0.1522088
   0.0417773    0.3147737    0.5394182
   0.1363510    0.0003336   -0.0841707
   0.0302686   -0.7965141    0.0834204
   0.2054475   -0.3893455   -0.1654064
   0.1526872    0.0203360   -0.1180297
   0.2845173   -0.4823780   -0.0860573
   0.0848256    0.4375224    0.3746193
   0.1320597   -0.0809959    0.0353648
  -0.4209335   -0.2891516   -0.1827229
  -0.2830235   -0.7926908    0.2420711
   0.0647509   -0.0301918    0.0535622
  -0.1410611   -0.4100623    0.3564725
  -0.6142150    0.7380356   -0.8021877
   0.0807667    0.1475245   -0.0567802
  -0.0285327   -0.0627609   -0.5642602
  -0.6543052   -0.1781541    0.7688269
   0.0266440   -0.0603728   -0.0737388
  -0.0438923    0.5127189   -0.0164244
   0.2182673   -0.4139674    0.3008018
   0.0707797   -0.0077388   -0.0685807
  -0.0538188   -0.8802381   -0.1335787
  -0.0476620    0.3113959   -0.0734085
  -0.0396936    0.0438623   -0.0466946
   0.7392620   -0.1118063    0.7337821
   0.0841989   -0.3429473   -0.1827456
   0.2040332    0.1426724   -0.0864854
   0.3123941   -0.4376144   -0.0688791
   1.0382838    0.3804568   -0.3386518
   0.0200027   -0.1167777   -0.1493320
  -0.5985804    0.3742227   -0.4128547
  -0.2531728   -0.2469455    0.0468103
  -0.1017490    0.1505360   -0.0016904
  -0.3689638   -0.4612988   -0.6580210
   0.2737776    0.0930796   -0.2448742
  -0.0534838   -0.0218914    0.0311713
   0.1831025    0.1018628    0.4249347
   0.7146427   -0.0145047    0.0134309
  -0.1710556   -0.0812959    0.1621705
   0.4953608    0.4818187    1.4421182
  -0.2816958    0.2868005   -0.1395953
   0.0775468   -0.1738604   -0.1143730
   0.6219306    0.9263226    0.4804236
  -0.0185179    0.7596321   -1.0825168
  -0.0721006   -0.0558252    0.2339741
   0.8638055    0.2158044    0.0851534
   0.3437031    0.7942361   -0.5078479
   0.1390686   -0.0402746    0.0253765
  -0.0280863    0.2051632   -0.0958136
  -0.3132759    0.5523362   -0.2123918
   0.1346252    0.0211921    0.0489694
   0.1118149    0.2114912    0.0512864
  -0.8243966   -0.2401357   -0.3619720
  -0.0921323    0.0967190    0.0486751
   0.6028833   -0.2926596    0.4233903
  -0.0172314    0.6980935   -0.3899652
   0.0280483   -0.2516789    0.0653066
   0.3727148   -0.0749515    0.4333586
  -0.0611450    0.0090192   -0.0354893
  -0.0407931   -0.0011271    0.0655312
   0.3078255   -0.3074816    0.2856587
   0.2476317    0.3232062   -0.0157173
   0.0053981   -0.1719884   -0.1382341
   0.0363539   -0.2348759   -0.3758202
  -0.1150104   -0.0160787   -0.1711787
  -0.0609219    0.0450007   -0.1778963
   0.6020712   -0.5692890   -0.4928484
   0.4045625   -0.1708205    0.6676501
  -0.1115954   -0.0338259    0.1098404
   0.0746507    0.4691766   -0.0830623
  -0.3627360    0.3722164    0.5794635
   0.1678106    0.0558144   -0.1492763
   0.8818699   -0.3466258   -0.4207667
  -0.5801370    0.6194197    0.2408832
   0.2531493   -0.0020538    0.0658512
   0.0717380   -0.2408120   -0.0961810
  -0.7258679   -0.1510713   -0.0506675
   0.0366314   -0.1003085   -0.1162925
  -0.2234236    0.0191217    0.1693492
   0.8154019    0.0314536    0.6060957
  -0.1075312    0.0693016    0.0276494
  -0.2068915    0.4992740   -0.1803979
  -0.1511967   -0.6387610    0.4704722
   0.1905646   -0.1000125   -0.0466886
  -0.1332985    0.1837319   -0.2021075
  -0.1945908   -0.6026896   -0.1247791
  -0.0263491   -0.0470929   -0.1011852
  -0.2797176    0.2829979    0.2665234
   0.0775273    0.7701226    0.3883056
   0.0266760    0.1182647    0.0368153
   0.4292035    0.2814267    0.3310482
  -1.3861663   -0.0990417   -0.3318069
  -0.1199663    0.1121923   -0.1899709
   0.5833551   -0.4543190    0.2176003
   0.2693085   -0.3912656   -0.3100756
   0.1682718   -0.2073173    0.2134245
  -0.1585652   -0.5584227   -0.2683135
   0.7542511   -0.7595501   -0.3114101
   0.1567608   -0.0500800    0.0614499
  -0.1513385   -0.0035379   -0.0447526
   0.5113974    0.3626775   -0.0873292
  -0.0968761    0.0249760    0.0038162
   0.0037743   -0.1789436    0.8393616
   0.1665534   -0.3485233   -0.0773893
   0.0583485    0.0793581    0.0264483
   0.3756866   -0.0691459    0.4892713
   0.2305542   -1.0607568   -0.4043744
   0.0289417    0.2068916   -0.0220609
  -0.4999835   -0.3272583   -0.5973683
  -0.5551058   -1.2033966    0.0661307
  -0.0464856    0.0417617   -0.0944925
   0.4039598    0.9393482   -0.7698125
  -0.0050047    0.2641968   -0.1808648
   0.0406818    0.2600386   -0.0255301
  -0.2140180   -0.4226777    0.9504727
  -0.3057359   -0.1505116    0.0448726
   0.0844026   -0.1946713   -0.1632973
  -0.3890911    0.1250086    0.0074953
  -0.2068316   -0.2606705   -0.5220320
   0.0418182    0.1362175   -0.1521421
  -0.3442942   -0.0760831    0.2579643
  -0.1199376    0.9993596   -0.1229708
  -0.0059302    0.0878286    0.0196083
   0.2382416   -0.1389461    0.2954388
   0.1950150   -0.2010280    0.3626324
  -0.1263638   -0.0191228   -0.1014427
  -0.0025204   -0.0883280    0.5313644
   0.1554691   -0.2921287    0.8030939
  -0.0700839   -0.0018026    0.0364199
  -0.1769593    0.4931303    0.7613031
  -0.0162691    0.5043889    0.0529193
  -0.0557238   -0.0233730    0.0056556
   0.2359821    0.8718706   -0.4874693
   0.4642487    0.3433622    0.0034548
  -0.0100498   -0.1020937    0.0336216
   0.1006143    0.6388720   -0.5996575
   0.8732231   -0.0780374   -0.2753341
   0.0027392    0.0210089   -0.1841915
  -0.1703622   -0.1738788    0.3148367
   0.2594636    0.4184265   -0.1778662
   0.1578596    0.0126686   -0.1509961
  -0.2866944    0.6491474    0.5609596
   0.4510420   -0.0405651   -0.3458441
  -0.0413147    0.0024692   -0.0466308
  -0.4097361    0.2764316    0.1665269
  -0.0471566    0.3620107    0.4669148
  -0.0814200    0.1999979   -0.1153770
   0.8280280    0.0958933    0.2279795
   0.6936667   -0.0055673    0.7532873
   0.2198911   -0.0257626    0.0924904
   0.0513251   -0.5265893    0.0429104
   0.1622229    0.5643324    1.0479925
  -0.0298689    0.0328222    0.0616098
   0.0543363   -0.6136743   -0.1389734
   0.3357771    0.3399811    0.7418342
   0.0844733   -0.0029348    0.1110335
  -0.3544202   -0.4116111    0.5278515
  -0.0168352   -1.0191480    0.2617828
  -0.1150551    0.0373416    0.0634663
   0.6755913    0.7546209    0.7778320
   0.4697185   -0.7935466   -0.2152476
   0.0531337   -0.0252841    0.0073400
   0.5651217    1.0705135   -0.0384583
  -1.2685673   -0.5857126    0.7889526
  -0.0363285   -0.1354247   -0.0094652
   0.5868096    0.1015403   -0.2229559
  -1.0354877   -0.3692168    0.1191886
   0.0108623   -0.1527997    0.0339734
  -0.2150875   -0.3731956    0.4664981
   0.3788780   -0.1775881   -0.1280437
   0.0537853    0.1515521   -0.0573839
  -0.9889650   -0.0054092   -0.8262056
   0.2968577    0.0855161    0.0450804
   0.0393677   -0.0259799   -0.1885684
  -0.2084971   -0.0004837   -0.0651223
  -0.5449662   -0.0262373    1.1898108
  -0.1094990   -0.0056887   -0.0560418
   0.4262207   -0.1898564    0.1786452
  -0.3561713    0.5485274   -0.1757308
  -0.0674233    0.0624519   -0.0900158
  -0.6031119   -0.0850745   -0.2905345
   0.4043601    0.4615238    0.3009801
  -0.1750587   -0.0882284    0.1118491
   0.3340666   -0.7593196    0.3275824
  -0.4693730   -0.7343969    0.2476734
  -0.0154450    0.0769239   -0.1249696
   0.8445400   -0.1236482    0.7394955
   0.3867423    0.1576100   -0.3259711
  -0.0328448    0.0124023    0.0689368
   0.5203821   -0.2395784   -0.7000321
  -0.5942408   -0.2481046   -0.6272109
  -0.0437525    0.1764430   -0.0008163
  -0.0177934    0.0397111    0.5538653
  -0.4408551   -0.3162666    0.4347616
   0.0705708    0.1344764   -0.0337777
   0.8819552   -0.8789241    0.5539585
   1.1177078    0.0898867   -0.1635261
   0.0214796    0.2186474    0.2230411
  -0.0386156   -0.5283148    0.9257722
  -0.2706373    0.7126424   -0.2629354
   0.1761447   -0.1146823   -0.1403722
   0.4143076    0.2852843    0.5177555
   0.0805378   -0.2086137   -0.0079396
   0.2008928   -0.0988811   -0.0729623
   0.7312065   -0.2495556   -0.4053524
   0.3121366    0.1513516   -0.5472675
  -0.0749778   -0.0742430   -0.1603224
   0.0001748    0.3690307    0.3540073
  -0.0997045   -0.2849799   -0.2964703
  -0.0399138   -0.0030018   -0.0792858
  -0.0200374    0.1279339    0.4108166
   0.7140522   -0.1693785    0.5546154
   0.1854379   -0.1438889   -0.0881539
   1.0761974    0.4019498   -0.2947463
  -0.6241183   -0.3159494    0.3490619
   0.0954435    0.0485790   -0.0022083
   0.8042498   -0.3299303   -0.6540688
  -0.7200523    0.4507430   -0.4990814
   0.1704320   -0.1096359    0.0622878
  -0.0764671   -0.1394626    0.8161778
   0.0485992   -0.3130194    0.2732202
  -0.1284964    0.2760537   -0.0213921
   0.2796765   -0.7112159    0.6536168
   0.8871314   -0.7014462    0.1354716
   0.2214591   -0.0403410   -0.0559343
  -0.3935612    0.0458770   -0.0981349
  -0.1437583   -0.1594380   -0.5265748
  -0.0402066   -0.1049839   -0.0626307
   1.0264504    0.2227668   -1.0659237
   0.6335006    0.6810083   -0.1741123
   0.0759974   -0.2214419   -0.0088524
   0.5345368    0.4379778    0.3683354
  -0.3044483    0.8965551    0.0659417
  -0.1471213    0.1699079    0.0883934
   0.2584560   -0.3995664    0.4380549
   1.1964552   -0.3179599   -0.2641198
  -0.1033779    0.0976195   -0.0650829
   0.3221474    0.2846035    0.5446681
   0.1377980   -0.5161349   -0.0337641
  -0.2596232    0.3351849    0.0953072
  -0.7449854    0.1788563    0.1727264
   0.5141506    0.0659501   -0.0931207
  -0.0991759    0.0574843   -0.1316596
   0.0980233   -0.0059715    0.1664036
  -0.9683653   -0.1575578    0.0327829
  -0.0342178   -0.0074118   -0.0146914
  -0.1552293    0.1865727   -0.1661643
  -0.3931932    0.3159359   -0.1654095
   0.2366305   -0.1024553    0.0382672
   0.5810027    0.0267389   -0.2866457
  -0.0562922    0.2180512    0.2910799
  -0.1139217    0.1786245    0.1897048
   0.3005660    0.1166407   -0.0803394
   0.4318277   -0.1487965    0.9860653
  -0.0477865    0.0455671   -0.0863367
   0.1141456    0.0877941    0.0684395
   0.2081509   -0.3484794   -0.3580109
  -0.2992455    0.0458725   -0.2473036
  -0.2590370   -0.2675909    0.2139296
   0.2504540   -0.4301796    0.2486451
  -0.1970000    0.0291567   -0.0513866
   0.1377932    0.0314206   -0.0877240
   0.5064756    0.0127835   -0.6138177
   0.0372114   -0.1678756    0.1248875
   0.1443852   -0.0554991    0.0819543
   0.5521109   -0.1376280    0.5557784
  -0.3052860    0.1236717   -0.1146321
   0.6615127    0.0074359   -0.4348572
   0.0342692    1.0753350    0.2413886
   0.0315535    0.0856315    0.1732315
   0.1621967   -0.3635794    0.3154880
   0.3011517   -1.2580217   -0.6444724
   0.1749773    0.0377079    0.0754208
  -0.5290218    0.4813734   -0.1443892
  -0.7545243    0.2135356   -0.1825271
  -0.0263137    0.0319813   -0.1613642
   0.1518121   -0.4797527    0.4243063
  -0.2936551   -0.0006807   -0.0647423
   0.0123236    0.0569106    0.1599348
   0.3155990    0.3107352   -0.0069251
   0.5151498   -0.6656088    0.7661171
   0.1803942   -0.0672436    0.2978286
  -0.2785277   -0.4734048   -0.0654922
  -1.0942690   -0.1477608   -0.1116966
  -0.2655992    0.3628468    0.0523186
   0.7160790    0.1790882   -0.8151052
   0.1642323    0.0298847   -0.2788548
  -0.0317330   -0.0896758   -0.1467085
   0.0169132    0.4815603   -0.1934559
   0.3195210    0.5703357    0.1948092
   0.0313828   -0.0292200   -0.0812874
   0.2272523    0.1980638   -0.1728927
  -0.0543917   -0.6104875   -0.5090421
   0.0024976    0.1487925    0.0424836
  -0.0198277    0.2976027   -0.0745639
  -0.4712358   -0.5147333    0.8348088
   0.0353971   -0.1131732   -0.2130151
   0.4127387    0.0326527    0.3217589
   0.2881102   -0.3225560   -0.4534690
  -0.0746965    0.0041837   -0.0658185
   0.7786961   -0.4135379    0.3587205
   0.2010417   -0.2095362    0.5732724
   0.0754672   -0.1720894   -0.0874754
  -0.1790196   -0.8617418   -0.3585196
   0.2078185   -0.1410288    0.2563313
  -0.2463318    0.0818613    0.0374620
  -0.0510116   -0.2727235   -0.9687981
   0.2909535    1.0260448   -0.0780232
   0.0632077    0.0601571    0.0708767
  -0.2827291    0.4504156    0.1555490
  -0.6103494    0.1955937   -0.0611589
   0.1075370    0.1448184    0.0435714
  -0.2808535   -0.2969290    0.4299501
   0.5780879    0.5547358   -0.2481919
   0.0074776   -0.0737877    0.0252510
  -0.6136918    0.2864472   -0.3680709
  -0.0739492    0.0708191   -0.1849001
   0.2666814   -0.1178538    0.0281829
  -0.6218629   -0.2367085    0.1098513
  -0.4528060    0.4190603    0.8337705
  -0.1140080   -0.0281939   -0.1882398
   0.2687912   -0.2054124   -0.1269855
  -0.2347953   -0.0189881   -0.6498026
   0.0058443    0.0964215   -0.0226138
  -0.6663355   -0.2137570   -0.1936349
  -0.0623619   -0.6701642    0.1740100
   0.1576084   -0.0095540   -0.1487373
  -0.6522310    0.0675929    0.4653580
  -0.3587399   -0.3457314    0.1411928
  -0.1488933    0.0230404   -0.1207460
  -0.7064708   -0.2075598   -0.3143977
   0.0675915   -0.6420250    0.1355172
   0.0535381    0.0073509    0.0785526
   0.9907052    0.1205982   -0.2896346
  -0.3466451    0.0804097    0.0912485
   0.0749801   -0.0838981   -0.1145703
   0.2727043    0.2236562   -0.1920130
  -0.1858513   -0.4488062   -0.0196181
   0.1542174    0.0283341   -0.0306639
  -0.2416607   -0.0765678   -0.6623767
   0.1296776   -0.4467301   -0.2081640
  -0.1356508   -0.0488087   -0.0726535
   0.4027875    0.1036700   -0.0415170
   0.6029240    0.4266905   -0.1296690
  -0.0043969    0.0833857    0.1174057
  -0.0764757    0.0236057    0.0137601
   0.0755092    0.3669630   -0.4561172
  -0.2749222   -0.2299327    0.0057994
   0.4121709    0.1116474   -0.5277340
  -0.3415543   -0.2400775   -0.3018559
  -0.0073366    0.0525528    0.0851222
  -0.6867817    0.0120994   -0.1657076
  -0.0730413    0.1919491    0.1214952
   0.0310277    0.0140358    0.1715960
  -0.3964535   -0.8104511   -0.2104627
  -0.1050938   -0.3801316   -0.7423678
  -0.3130981    0.0552683    0.0804689
  -0.4649417   -0.3114950    0.1727150
  -1.0528555   -0.0978304   -0.2202849
  -0.0061223    0.0323181   -0.2933207
   0.2744308   -0.0338990   -0.5207078
   0.3805461    0.0588680    0.2492639
   0.2232284    0.2304242    0.0346547
   0.8922329    0.4726270    0.5054269
  -0.2064605   -0.9874972    0.4076976
   0.1551157    0.0520073    0.1102996
  -0.0529764   -0.7769018   -0.2140870
   0.0687338   -0.6576395   -0.3287566
  -0.1288554    0.0585578    0.0142251
  -0.9471997   -0.1364577    0.7147071
  -0.2607613   -0.4404304    0.0448751
  -0.0736412   -0.0885016   -0.0053331
   0.8146495   -0.0200242   -0.4210859
   0.5587748    0.5218529   -0.0595764
  -0.0182432    0.0944903   -0.1171583
  -0.4515984   -0.8688522   -0.1644502
   0.1619256   -0.5192314    0.5795528
  -0.0573817   -0.0543676    0.0106873
   0.6987187   -0.0013950    0.2616269
   0.2338567   -0.7138835   -0.0644337
  -0.0602655    0.0374198    0.0655369
  -0.7266781    0.3582758    0.3362402
   0.4598287    0.1627421   -0.5891776
  -0.0704165    0.0342018    0.0163144
   0.8410297   -0.2030768   -0.0245738
   0.8325793    0.1462225   -0.0462645
  -0.1581212   -0.0265607    0.1663485
  -0.3776073   -0.0596842   -0.2917223
   0.0070919    0.5672355   -0.2401887
   0.0654314   -0.0079448    0.0159875
  -0.2687344    0.4782303   -0.0440807
  -0.4118547   -0.0011899    0.1996687
   0.0962505   -0.1106090   -0.0295065
  -0.3498205    0.2642462    0.0709046
  -0.9556373   -0.0944513    0.6798439
   0.0077986    0.0194589   -0.0542527
  -0.2020474   -0.4520423   -0.2948054
  -0.2636813   -0.2679852    0.3626580
   0.0671497    0.1323752    0.0679123
   0.5307913    0.2505318    0.0220135
  -0.2311410    0.4585450   -0.3229097
  -0.0706328    0.2139978    0.0221620
   0.2445460    0.0576222   -0.0288257
   0.1420780   -0.3885958   -0.5545900
  -0.1269345   -0.0458032    0.0429801
   0.5392809   -0.1714801    0.1070113
  -0.3435560    0.1685427    0.2061184
  -0.0567384    0.0032117    0.0041232
   0.4519513   -0.0156390   -0.3484847
   0.0318733   -0.2984395    0.0057407
  -0.0445963    0.0038475    0.2443405
   0.0479584   -0.0278129    0.0644474
  -0.6697659    0.4297239   -0.1285742
  -0.0083767   -0.1608945   -0.0648960
  -0.4152942   -0.1111401    0.1456638
  -0.6927520   -0.3983314   -0.1892729
   0.0164598   -0.0059230    0.1508169
  -0.4743597    1.1344981    0.1886729
   0.5945693   -0.0279104    0.6157724
  -0.0411702    0.0790633   -0.0583102
  -0.8493658    0.3870910    0.0829149
  -0.0243237    0.0755469   -0.4054025
   0.0415842   -0.0054692    0.0439417
   0.5148492    0.6077127   -0.1931237
   0.2307507   -0.1827008   -0.0263968
  -0.0539522    0.1625908    0.0863545
   0.1550922   -0.1136953   -0.6755807
  -0.2450207   -0.1521040   -0.0792448
  -0.0544998    0.0348066   -0.0450294
   0.5620115    0.4137214   -0.2906374
   0.3066980   -0.1748645    0.1314493
  -0.0805036    0.3701620   -0.0562218
   0.4531658   -0.2059443    0.4029585
   0.1970189    0.2478015   -0.0657666
  -0.0641487    0.0486186    0.2203213
   0.2153263    0.1465226   -0.3399611
  -0.2578248    0.5210434   -0.1352985
   0.0004399   -0.1349287   -0.0791805
   0.3423702    0.6182381   -0.2154882
  -0.1480659   -0.2873397    0.5690790
  -0.0991782    0.0003793    0.0192518
  -0.2161738    0.3446971   -0.3219341
   0.0549306    0.0158160   -0.3127337
   0.0578199   -0.0493224   -0.0697387
  -0.3599489   -0.1888059   -0.1711683
  -0.6947945    0.3273128    0.0579636
  -0.1081170    0.0403857    0.1090425
  -0.2421459   -0.0695432    0.0383079
  -0.0616462    0.0874639    0.7528306
   0.0861974    0.0327815    0.0805306
   0.4425498   -0.0200632    0.2132724
  -0.8229450    0.8153775   -0.6094435
  -0.0879945   -0.1550594    0.0419689
  -0.1253891    0.2701640    0.4703387
   0.3512218    0.3477713    0.7597682
  -0.1035905    0.0248564    0.0792042
   0.1318959   -0.6186954   -0.0952085
   0.0890343    0.0976297   -0.0096900
   0.0993243   -0.0250560   -0.0225591
  -0.4527210   -0.1206170   -0.0918105
   0.0335179    0.0732742    0.0241032
   0.1385504    0.0084245   -0.0624412
  -0.7175256    1.1497955   -0.5287043
  -0.1390545    0.0946639    0.1572225
  -0.0783310    0.0543409    0.0907730
   0.1105153    0.0007164   -0.0610615
   0.1475392    0.0917971    0.0159687
  -0.0818610    0.1298441    0.0188189
  -0.8037350   -0.2550229   -0.3898407
  -0.1264560   -0.3637752   -0.5210027
  -0.0241906    0.1349903    0.2500103
  -0.5636625    0.8666690   -1.0256947
  -0.3399571    0.0160681   -0.9387591
   0.0513616    0.0831564    0.1467256
   0.7178302   -1.1839796   -0.2228292
   0.0774957   -0.0464490    0.2070398
  -0.0090013   -0.0156738   -0.0372738
   0.1717931    0.2923735    0.0665995
   0.0756973    0.5769517   -0.1112375
  -0.0414830   -0.0594041    0.1147290
   0.1253564   -0.3564800    0.0423367
  -0.4501515    0.2806182    0.1294062
  -0.1233518    0.0010209    0.0876182
   0.0160556   -0.4223978   -0.3788377
  -0.1780762    0.0376699    0.3613094
   0.0978679    0.0808251   -0.0240252
  -0.7158784    1.2500077   -0.7498559
   0.3356993    0.0080482    0.0342973
   0.0635475    0.0928063   -0.0477252
   0.2022440    0.0832046    0.1711785
   0.2645423   -0.4171628    0.4237758
   0.0925531    0.1217871   -0.0163641
  -0.0831011    0.2347414   -0.5369932
  -0.0925319    0.6436042    0.4730197
   0.0694193    0.1697930    0.2600946
   0.3201078    0.4340218    0.4800406
   0.2565294    0.5094736   -0.0909162
  -0.0428879    0.0344414    0.0194412
  -0.6538706    0.3839584    0.4624911
   0.5631759   -0.4355283   -0.1875897
  -0.0628592    0.0358565    0.1816079
  -0.3498088    0.3368412   -0.7089171
  -0.5069236    0.3608643   -0.5062981
  -0.0649578    0.0091984   -0.0707542
   0.3768798    0.6412413   -0.0016497
  -0.5435581   -0.4521366    0.5960767
   0.1120836    0.1015408    0.0322882
   0.0611710   -0.0765033    0.3052142
   0.2365132    0.0513400    0.5877618
  -0.0379219   -0.0881883   -0.0715684
   0.4317163   -0.0313153    0.5987921
  -0.2105220   -0.5034452   -0.7321922
  -0.0280700   -0.0769006    0.1162421
   0.2003582    0.3154609    0.7929087
   0.2934476    0.1635135    0.9694398
   0.1700751   -0.0300000   -0.0393320
   0.5981644    0.2542438    0.3071012
  -0.5317889    0.1928604   -0.3178012
   0.0450469    0.1019932    0.1605433
   0.6071972    0.4006545    0.5117626
  -0.0215335    0.4840191    0.0783708
   0.0531838   -0.1573869   -0.1905002
   0.3318758    0.1273917    0.4156967
  -0.5877066   -0.4355574   -0.1170871
   0.1288056    0.0690993   -0.1349577
   0.4599040    0.0992121    0.1173226
   0.2162724    0.0981680   -0.4682112
  -0.0774909   -0.0095539    0.1727829
  -0.3545114    0.4435666   -0.2395120
  -0.0251103    0.5552791    0.2129478
   0.1365748   -0.0065478   -0.0114630
  -0.3851669   -0.1257254    0.0555176
   0.2344311    0.7374344    0.1414774
  -0.0419457    0.0659052    0.1575309
  -0.0336289   -0.6800804   -0.2001382
  -0.2722355   -0.0566581    0.1897258
  -0.0749353   -0.1199903   -0.0660541
  -0.4772245    0.9538064    0.4240758
  -0.6372311   -0.1811993    0.1693466
   0.0546994    0.0890834    0.0200138
  -0.1877072   -0.1365931    0.9489903
   0.5582791   -0.6134292   -0.2737899
  -0.0838706   -0.0461460   -0.0867879
  -0.0398014   -0.0353255    0.4885295
  -0.9434361    0.8300828   -0.1795329
   0.0872492   -0.0783030   -0.1573839
   0.8346208   -0.1052099    0.0976723
  -1.1427078   -0.1432166   -0.0229809
   0.1017153   -0.0205583    0.0322134
  -0.0991419   -0.2259278    0.8706858
  -0.2028971    0.0446722    0.1032030
  -0.0405282    0.0780261    0.0052188
   0.8512518   -0.0903293    0.1863201
   0.0364452    0.1045212   -0.4555781
  -0.1857395   -0.0968537    0.0029198
   0.5445530   -0.9482205   -0.1735571
   0.4935135    0.3856838   -0.6402888
  -0.2098227   -0.2231655   -0.0609678
   0.1824429    0.0388685   -0.5606879
  -0.3826485   -0.2496926    0.1656422
   0.0031745    0.0913263   -0.0054814
   0.1087463   -0.1281898    0.2457824
  -0.5639623    0.3080353    0.2256238
   0.0260312   -0.0767878   -0.0033629
   0.0530966   -0.2441604    0.3125606
  -0.0147592   -0.0793268   -0.0852818
  -0.1438052   -0.0797558   -0.0941555
  -0.0531140   -0.2461608   -0.0431422
   0.2254470    0.4620688    0.5658186
  -0.0954649   -0.0399254   -0.0869524
   0.1435579    0.0729824    0.1996922
   0.3124087   -0.2800131    0.2086288
   0.0117489   -0.1028160   -0.0174527
  -0.1099672   -0.3112001    1.2347703
  -0.2524024   -0.0499739    1.0841235
   0.0947307   -0.0764801   -0.0041621
  -0.2991078   -0.2827473   -0.4003295
   0.5469330    0.2454056    0.3587169
   0.0635896   -0.1460935    0.3351412
   1.0621997    0.1867382    0.4253519
   0.2293708    0.1807277    0.0001973
   0.1802998   -0.0251435    0.0741648
  -0.1982412   -0.2924518    0.6956329
   0.0876445    0.1111769   -0.0519439
  -0.0155068   -0.1763942    0.0059999
   0.2505591    0.5493757   -0.3537974
  -0.2043113    0.5165474   -0.2665268
  -0.0180074    0.1692178   -0.0628619
   0.4241848    0.2285769   -0.1331994
  -0.2333659   -0.0000020   -0.9733449
   0.0438810    0.0305223   -0.0621745
  -0.1896786    0.1430434   -0.5508358
  -0.2382208   -0.0822902    0.2711880
   0.1257900    0.0194727    0.2810123
   0.7607940    0.4074275   -0.4709443
   0.0364495    0.2148565    0.0361207
   0.1809362   -0.0690159    0.0264981
  -0.0616273    0.2326170   -0.0187502
  -0.4305516    0.5883783   -0.1008694
   0.1702301   -0.1628328    0.0513009
   0.0357206   -0.0385972    0.4007367
   0.0184036   -0.6753178    0.0185648
  -0.1640197    0.0369091   -0.2497921
   0.1241823   -0.0320239   -0.0321738
   0.6051593   -0.0698342    0.4571434
   0.0951540   -0.0498650   -0.2009434
   0.2446523   -0.4097377   -0.2811209
   0.2444708    0.1895224    0.6795527
  -0.0036939   -0.0195937   -0.0244558
   0.6128798    0.5287829   -0.0684506
  -0.3445893    0.0225762    0.1512527
   0.0688618    0.1325570    0.1244723
  -0.0723663    0.3613816    0.3004954
  -0.3255473   -0.2960619   -0.3280814
   0.0345505   -0.0725548   -0.0143904
   0.2258366   -0.1954601    0.7875515
  -0.4745409   -0.5516999    0.2704507
  -0.1623890    0.1025394   -0.1434141
  -0.1493755   -0.2782724    0.0365120
  -0.0960937    0.6138634    0.3700129
   0.1483596    0.1021287   -0.0472228
  -0.0471478    0.8128371    0.1577325
   0.3025784   -0.6552632   -0.5029212
   0.1237976   -0.0336240   -0.0067843
   0.2815396    0.3685133    1.1071949
  -0.7552133   -0.3991995   -0.0269289
   0.1376109    0.0045271   -0.1196580
   0.4493679   -0.2540883    0.4992108
  -0.5111048    0.0651485    0.2434847
   0.1657438    0.0057183    0.0206896
   0.0141647    0.3947686   -0.2296628
  -0.0453253    0.2219173    0.0184914
   0.0807023   -0.2013194    0.1187452
   0.2575029    0.0592065    0.1741255
   0.0825068    0.2438644   -0.3914203
  -0.0836258    0.2157444    0.0502274
   0.1616637    0.7047861   -0.5826377
  -0.4969790   -0.3250547   -0.5644723
  -0.1118290    0.1362178    0.1506805
  -0.5794497   -0.5466216    0.3307582
   0.6462258   -0.3277468   -0.1540284
   0.0071760    0.0076519    0.0431462
  -0.0497844    0.4480529   -0.6464880
  -0.1924599    0.1736628    0.5713778
  -0.0516552   -0.0029643    0.1232933
  -0.4116575   -0.1885437   -0.1972344
  -0.2495175   -0.0435075   -0.3479221
  -0.0185854    0.0488305   -0.0500091
  -0.3388451   -0.1360928    0.3950727
   0.0493251    0.0444863   -0.3125533
  -0.0469569   -0.2059035    0.0612281
  -0.2284353   -0.1539313    0.1711110
  -0.1994962    0.1843422    0.2338870
   0.0001060    0.0828416    0.0469053
   0.2061375    0.1387002    0.3490824
  -0.1738250   -0.0632363    0.6220183
  -0.0298639   -0.1260173    0.1324189
  -0.6139533   -1.0111034    0.6868752
  -0.7095450    0.0000423    0.3617679
  -0.2812214    0.0701542    0.0368008
   0.5189576   -0.0964360    0.2612618
  -0.0935276   -0.4008866    0.3111195
   0.0675239   -0.1252225   -0.0913047
   0.0450538    0.4924417    0.2161515
   0.3856154    0.8917932    0.3537662
   0.0417101   -0.1131462    0.2559243
   0.0670613   -0.4280207   -0.0058194
  -0.3355755   -0.3918341   -0.1165231
  -0.3775045   -0.0824864    0.1443648
  -0.5548424   -0.7460157    0.4609450
   0.3681238   -0.7501610   -1.1126704
  -0.2026159    0.1267198   -0.0804605
   0.1243254    0.6298025    0.3461144
  -0.5041203    0.2805356    0.2484309
  -0.1598554   -0.0411929   -0.0179866
  -0.3124044   -0.1828368   -0.7680850
  -0.2517787   -0.2425649    0.3699787
   0.0455800   -0.0126412   -0.0697607
   0.7377924    0.1222851   -0.1324432
   0.5074190    0.3353004    0.0545087
   0.0379832    0.0204803   -0.2651225
   0.6365878   -0.1567084    0.6057613
  -0.1501809    0.5596895   -0.2658710
  -0.1234738    0.0257349   -0.2540914
   0.1571210    0.3433217    0.0642497
   0.0793722   -0.4097752    0.0833968
  -0.0905718   -0.0880970   -0.0619999
  -0.3185097   -0.0154846   -0.1026929
  -1.0002697   -0.5202552   -0.2326960
   0.1280563   -0.0162836    0.0508844
  -0.1670569    0.8668828   -0.2421234
  -0.8870898    0.0970371    0.6658280
  -0.1119357   -0.0160245    0.0034722
   0.1145961    0.5972128   -0.6591005
  -0.4829619   -0.2124703   -0.6069489
   0.0161764    0.0841071    0.1785217
   0.2291791   -0.0177730    0.0828170
   0.7917955   -0.1921509    0.3025278
  -0.1543397    0.0290036   -0.1445552
   0.5513498    0.7459109    0.7261470
  -0.4946651    0.1459066   -0.6296659
   0.1027444    0.0216364    0.0453758
  -0.3621444   -0.0783349    0.0890178
  -0.2675572   -0.4483056    0.5664046
  -0.0498619   -0.1219603    0.1508160
  -0.2450227   -0.5907583   -1.1526569
   0.0060042    0.3697463    0.5549474
  -0.0301624    0.0284158   -0.2028529
  -0.3018901   -0.3225308   -0.5413900
   0.0492499   -0.0880761   -0.0214359
   0.1417283    0.0850681   -0.0115450
   0.1683623    0.0105460   -0.0632339
   0.2302178   -0.0283837    0.9276276
   0.1270209    0.1104364    0.2196711
  -0.0517858   -0.1274836   -0.2788892
   0.1524747   -0.1303364    0.3009416
  -0.1589309    0.1604795    0.1064008
  -0.4108106    0.6066957    0.1058438
  -0.0586692    0.1693508    0.3371421
  -0.0469855    0.0330179   -0.2038613
  -0.4369352   -0.4551010    0.4916882
   0.8960012   -0.4435516   -0.2414524
   0.0672495    0.1234181   -0.3007168
  -0.8457803   -0.3278929    0.4215010
  -0.1460005    0.6295881    0.1017649
   0.0396889    0.0264088    0.1567593
   0.3297324   -0.4312027   -0.5506315
   0.3345471    0.8483535   -0.2769943
   0.0207276    0.1203525   -0.0894648
   0.2924596   -0.5074086   -0.7612774
  -0.8997967    0.7861088    0.0092798
  -0.0174582    0.1111173   -0.0228250
  -0.3950774   -0.1267621    0.2657790
  -0.3466161    0.1133317   -0.5718579
   0.1581500   -0.0420053    0.1917116
   0.2057653    0.1023574    0.4392933
  -0.0487375    0.3814910   -0.6016659
  -0.0717765   -0.1944048   -0.3003866
  -0.3429149   -0.1810460   -0.4228562
  -0.5939085   -0.0332869    0.2276781
   0.0354586   -0.0142069    0.1680606
  -0.0340217   -0.4572139   -0.3371365
  -0.7080433    0.1912582    0.0190902
  -0.1665000   -0.1588313   -0.2161634
  -0.4926232   -0.4327427   -0.2141921
  -0.8991275    0.5749356   -0.0999203
   0.0086011    0.0165208    0.1291206
   0.4460061    1.2090853    0.4857456
  -0.8881629   -0.2563618    0.0951260
   0.1362524    0.0707328   -0.0822485
  -0.2768833    0.1435169   -0.6977391
   0.6930135   -0.2391363   -0.6436574
   0.2023921   -0.2294454   -0.0795590
  -0.2708527    0.6418823    0.1747477
  -0.1639812   -0.6290098    0.7200515
   0.2810467   -0.2108135   -0.1114051
   0.4074307    0.0862816   -0.3225198
  -0.5276710    0.5359626   -0.3515603
   0.0517618    0.0674206   -0.2993613
  -0.1183994   -0.9398046   -0.5287055
  -0.0427539    0.0144534    0.3417976
  -0.0785275    0.0247548    0.1264042
  -0.1280060    0.3957856    0.0963879
   0.2853692    0.2745165    0.1187910
   0.0836017    0.0601501    0.2242439
  -0.1925938   -0.2282389   -0.4235142
   0.0402917    0.2193768    0.0562344
   0.0774614    0.1704475   -0.2152008
  -1.2041048   -0.3297954   -0.4447770
  -0.2377363   -0.3234636   -0.4908669
  -0.0836064    0.0591189   -0.0704122
  -0.1136272   -0.2426376    0.0161980
  -0.5137115   -0.3556492   -0.4664507
  -0.0128697   -0.0173383   -0.0490702
   0.3461731   -0.0912853    0.6391464
   0.2688183    0.3205609    0.9847660
  -0.0266595   -0.1411248    0.1051664
   0.4469300    0.1032689   -0.0253276
  -0.0704646   -0.6422482    0.6552890
  -0.1074914    0.0561456    0.1651604
   0.2874344   -0.0625935   -0.0998072
  -0.0183651   -0.1485836   -0.9997001
   0.0983778    0.0904213    0.1763996
   0.2891206    0.1081050   -0.5115981
   0.3238186   -0.1365526   -0.3499666
  -0.0049463   -0.0146016   -0.1616245
  -0.2959600    0.0854682    1.0638767
   0.7947550   -0.7065453   -0.0647898
   0.0956791   -0.0916278    0.0967062
   0.2024853    0.5559820   -0.7426959
   0.2755900   -0.2238252   -0.3062731
  -0.0745158   -0.1238309    0.0141793
  -0.1632214    0.0600966   -0.3732703
  -0.2013513   -0.5325565    0.1063059
   0.0636287   -0.1958054   -0.0854385
   0.6345086   -0.3206621   -0.2736565
   0.1982808   -0.1544783   -1.1143502
   0.1081128   -0.0566603   -0.0548547
   0.0352209    0.3844994   -0.4772398
   0.5865069    0.9909362   -0.0935246
   0.0120787    0.1985204    0.0242698
  -0.1883279   -0.5399632    0.0024424
  -0.1929446    0.1183083    0.1005815
   0.0065835   -0.0848459    0.1790652
  -0.6853708   -0.4882636   -0.1233523
   0.1881394   -0.1781865    1.0830761
  -0.1200636    0.0849822    0.1160906
   0.2815121    0.2327177   -0.1181454
   0.3955098    0.1751356    0.0616628
   0.0418121   -0.0788392   -0.0923866
   0.1531307    0.3937755    0.4005270
  -0.1344762    0.3685959   -0.5503151
  -0.1992871   -0.1312171    0.1393133
   0.3654311   -0.0222378    0.0746446
   0.2350451    0.0475798    0.0570730
  -0.1139173   -0.0174086    0.0534476
   0.0472174   -0.1994770   -0.0275009
   0.2123832   -0.5358402    0.3942801
  -0.1011787    0.0755870    0.1230340
  -0.2760507   -0.5741488   -0.1800402
  -0.5317669    0.6921697   -0.4346406
  -0.0414348    0.0274497   -0.0046717
   0.5593739   -0.4177350   -0.3321378
  -0.3161951   -0.4552241   -0.2851171
   0.0733139    0.0594098   -0.2178554
  -0.8131795   -0.4119201   -0.4094338
  -0.0466736    0.8206359    0.0686399
  -0.2322080    0.1560636   -0.0607005
   0.2210844   -0.4210679    0.1345093
  -0.4011765   -0.4989221   -0.6982907
   0.0628046   -0.0133867    0.0672429
  -0.2815034    0.3009216   -0.1101001
  -0.3891041   -0.0858300   -0.1264029
  -0.2584811    0.1220264   -0.0410054
  -0.4994579   -0.9675536   -0.3381630
   0.2976677   -0.3935512   -0.2955842
  -0.1502421    0.0802770    0.0076540
  -0.0658458    0.0063686   -0.8347569
   0.0008310    0.1175068   -0.0631501
  -0.0712560    0.1516703    0.2718873
  -0.1558010   -0.0394296    0.1883319
  -0.7027241    0.2803823   -0.2386120
   0.0108841    0.1991225   -0.0266061
  -0.8759031   -0.1515896   -0.5647334
  -0.1730032   -0.2701814   -0.3893762
  -0.0914181    0.2843469    0.0464323
   0.0387931    0.7173216    0.0710863
  -0.0677972    0.0788831    1.1276481
   0.1907021   -0.1024598   -0.0246278
  -0.5200647   -0.5645088   -0.3047140
  -0.0902841    0.0893870    0.1829690
   0.0281032   -0.2147681   -0.0897327
   0.2486350    0.0896308   -0.1073833
  -0.0643670   -0.3359022    0.0069417
  -0.0627901   -0.1049838    0.1534126
   0.4015345    0.4413168   -0.1335868
  -0.1089662   -0.0752710   -0.9713862
  -0.0832124   -0.0504333   -0.0711606
   0.0851156   -0.4679627    0.1502932
   0.2898125    0.0585062   -0.4942944
   0.0419007   -0.1764401    0.1612190
  -0.3336299   -0.6250615    0.0906386
  -1.0334417   -0.5373734   -0.2099735
  -0.0731838   -0.0490172   -0.1489926
  -0.7529402    0.1999238   -0.1317786
   0.3312989   -0.4214869    0.6365060
  -0.0381955   -0.0118090   -0.1827692
   0.4594341   -0.3370221    0.2915969
  -0.2961149   -0.2964894   -0.0214627
   0.0835063   -0.0376403    0.1086043
   0.5425674   -0.0849143    0.5469164
  -0.0075452   -0.8028517    0.1559690
   0.0526577   -0.0302499    0.1619564
   0.7526267   -0.1048917    0.7345502
  -0.0664653   -0.2684242   -0.2892818
   0.0205439   -0.0413115    0.1073484
  -0.8032418   -0.3909310   -0.2243696
  -0.1796445   -0.1506237   -0.8502711
   0.0194439    0.0914158   -0.0072402
   0.4345512    0.7038601   -0.0756623
   0.0422413    0.6127614    0.4287789
  -0.0475756   -0.0435841    0.0114245
  -0.4262088    0.6058702    0.6550609
  -0.1283824    0.0616737    0.4703288
   0.1035196   -0.2562737    0.0743291
  -0.3814405   -0.8890114   -0.5063077
  -1.1519678    0.5319357    0.0815240
   0.0447650   -0.0484107    0.0794686
  -0.1848602   -0.5749360    0.6078784
  -0.5228231    0.0965537   -0.2010944
   0.1972012    0.0233228   -0.0221142
   0.1629432   -0.1958469   -0.5491186
   0.0445127    0.0155418    0.1222466
  -0.0211826   -0.1264499   -0.0692381
  -0.0316161    0.3142501   -0.1490427
  -0.3743797   -1.0313702    0.2046429
   0.0769791   -0.0777429   -0.0438981
  -0.0951801    0.4051874    1.1137989
  -0.2505272    0.1769446    0.0172698
   0.1107725    0.2529991   -0.0005307
  -0.3753356   -0.5462959   -0.7222847
  -0.4596033    0.5208460    0.9813976
   0.0835810    0.1681284    0.1457369
  -0.7711696   -0.2201173   -0.1328697
   0.2226665   -0.6008211   -0.0999979
  -0.0400511   -0.0625618    0.0789161
  -0.4694364   -0.3891715   -0.0877902
   0.1707963    0.6315954   -0.6043350
   0.0927033    0.0023619    0.1503502
  -0.7020313   -0.0962158    0.6986054
   0.2996078   -0.1525100    0.2151239
   0.1450751   -0.0508921    0.2278845
   0.5724050    0.4181547   -0.4641437
  -0.0547668   -0.5260213   -0.4458946
  -0.0359029    0.1835007    0.1758934
   0.8796053    0.1953075    0.1313226
  -0.3438712    0.2036496    0.1569312
   0.0000931   -0.0607467   -0.0921805
   0.1218167   -0.0732254    1.0932639
  -0.7413486    0.4156988    0.3306447
  -0.1553464    0.0795109    0.0212779
   0.9433890    0.0456217    0.2206107
   0.0271072    0.5351830   -0.0004382
  -0.1634432    0.0846373    0.0068016
  -0.4423895    0.1104751   -0.7096863
   0.3004753   -0.4760596   -0.1775652
   0.0027866    0.0110347    0.1550726
  -0.7071582   -0.1195403   -0.5225329
  -0.8550491   -0.2729047   -0.7643569
  -0.0200348    0.0762640   -0.0633150
   0.3175722   -0.9462395    0.2139552
   0.6239250   -0.6116140   -0.2840567
   0.2152435    0.0893046    0.1247226
  -0.0183977   -0.1254488   -0.9670023
   0.5201526   -0.3801395    0.4767731
  -0.0096707   -0.1407761   -0.0448474
   0.9111085    0.6099401    0.1519546
  -0.8169905   -0.8072190   -0.6903636
  -0.1094437   -0.2136424   -0.1029766
  -0.0619823   -0.9821159    1.3470621
   0.0772221    0.2818895   -0.7238483
   0.0084336   -0.2025412   -0.0856999
  -0.2250761    0.1843171   -0.4692818
  -0.3735991    0.3873130   -0.8279933
  -0.0257213   -0.0347749    0.1174141
   0.2049083   -0.2044758   -0.3023829
  -0.3289784   -0.7048017    0.1389849
   0.1478441    0.1264456   -0.1280326
   0.2421868   -0.0048863   -0.2055203
  -0.0376769   -0.9447429    0.3404554
  -0.0085446   -0.1558677    0.0600701
  -0.0774047   -0.1796407    0.2373336
   0.1005954    0.7007223   -0.7399760
   0.1511823   -0.0162498    0.0625472
   0.1042310    0.7266331   -0.4195727
   0.0123222   -1.0141113    0.1948588
  -0.0487609    0.1323069    0.1765211
  -0.9104087    0.2530018    0.4268021
  -1.2101901    0.1370051   -0.0783809
   0.0827405    0.0432280   -0.0720403
   0.1213036   -0.0396406   -0.4419095
   0.6795132   -0.1837119   -0.2360556
  -0.0817573   -0.1869087    0.0916241
  -0.4924192   -0.0075225   -0.5141681
  -0.6592573   -0.6479416    0.5877943
  -0.0002713    0.0091995   -0.0382489
  -0.1611743   -0.2495547   -0.0827298
   0.9746956    0.0700957   -0.2250927
   0.0105453    0.0792933   -0.1181767
  -0.2662952   -0.1577003    0.0416247
   0.0607424    0.6028570   -0.1376351
   0.0508637   -0.0409806   -0.3447769
  -0.2424074    0.6146824    0.4679655
   0.2053071    0.2411770   -0.0725969
   0.1817200   -0.0288666   -0.0113636
   0.5577081    0.0601001    0.0151989
  -0.2222637    0.1361480    0.5437461
  -0.0761060   -0.2588840    0.0176311
   0.3777083    0.3536147   -0.3806984
   0.2548419   -0.2602907    0.1709525
  -0.1541286    0.0308477    0.1889149
   0.2458059    0.0562899    0.6355413
  -0.1570844    0.4450895   -0.0134292
   0.0333715    0.2978983   -0.0742778
  -0.6264083    0.4791001   -0.0468328
   0.2197179    0.1161956    0.0224744
  -0.1973291    0.1174278   -0.0146268
  -0.1537654   -0.1043464    0.1721631
  -0.4945805   -0.1101377   -0.1754063
   0.2555961   -0.1064223   -0.0750572
   0.0980243   -0.4657312    0.4149420
   0.1503379    0.3994438    0.4519999
   0.0112134   -0.0233917    0.0899113
   0.2613213   -0.2012481   -0.1232492
   0.5334342   -1.0240346    0.2287503
   0.1098041   -0.1478286   -0.0085196
   0.1431850   -0.4795535    0.3695061
  -0.5066732    0.1431967   -0.0410920
   0.0897090   -0.0615887    0.1320359
  -0.7722259    0.2861763   -0.3052111
  -0.0462747   -0.1264932    0.2107586
  -0.0249718   -0.0397750   -0.0381758
  -0.0110785   -0.3750522   -0.3553971
  -0.3018104   -0.5322649    0.6692469
   0.0461880    0.1485892    0.0708496
   0.3319137    0.2077927    0.1696687
  -0.7378616    0.5443453   -0.1064661
   0.1165491    0.0947505   -0.0665736
  -0.1431451    0.5019971   -0.6155741
  -0.1912505   -0.8503797   -0.1171847
  -0.0923353    0.2796115    0.1352070
  -0.2467395    0.2207673   -0.0129571
   0.0693408   -0.6046101   -0.0089032
   0.1679207    0.0532964    0.0465469
  -0.9285356   -0.8271326    0.2655377
  -0.8767376    0.1450071   -0.9050702
   0.0127330   -0.1190752    0.0686178
  -0.0265134    0.7201791    0.2233327
   0.5451050   -0.1777446    0.2261894
  -0.0751625   -0.1030278   -0.0452957
   0.6676770   -0.1624089   -0.0802265
  -0.0194794   -0.0812359    0.2524172
  -0.0426032   -0.1117557   -0.0539366
   0.1881041    0.0207903   -0.3462029
   0.2399100    0.2769433   -0.2011974
   0.0426593   -0.2357286   -0.1717108
  -0.3814921   -0.0194653    0.1739850
   0.6547465    0.1654227    0.0741710
  -0.1218289   -0.0118470   -0.0269537
   0.3949656   -0.8537424    0.5000972
   0.4295543    0.2955511    0.1308323
  -0.0250791    0.2075288   -0.0284345
   0.1802102    0.0464027    0.7252476
  -0.1684544    0.0363953   -0.1633864
   0.0851460    0.0023873   -0.1324192
   0.4077168    0.1472265   -0.1198580
  -0.1161289   -0.1069987    0.7821115
   0.0008842   -0.1989583   -0.0546978
   1.1084009   -0.2143828    0.3036427
  -0.2559660   -0.2018390   -0.0879310
  -0.3405198   -0.0188630    0.1446017
  -0.3379535    0.6700473   -0.5347563
  -0.1376848    0.1387069   -0.4045997
  -0.0792171   -0.0022418   -0.0879576
  -0.1172330    0.1158665    0.3513585
   0.1783194   -0.0159960   -0.0504299
  -0.0299517   -0.1138549    0.0560890
  -0.0764426   -0.2870162    0.2939955
   0.1345866   -0.1491614    0.0159971
  -0.0505532   -0.0322937    0.0556553
   0.4093661   -0.0592925    0.2793889
  -0.3065683    0.3087303    0.0146975
   0.1501666   -0.0778598    0.0671147
  -0.0089187    0.4577013    0.2852338
  -0.2930640    0.2888232    0.1889013
  -0.1664447    0.0072975    0.0399997
   0.3492770    0.4266428    0.1007256
  -0.1892892   -0.1196567   -0.1916833
   0.0998057    0.1020516    0.0218579
  -0.2253257   -0.2273597    0.5223246
   0.0488103    0.5568743    0.2497459
  -0.0038848   -0.0951156   -0.3442235
  -0.5225016   -0.6563879    0.5220973
   1.0684760   -0.0323157    0.4704393
  -0.1902678    0.0460642    0.1179036
   0.5286462   -0.1406590   -0.5729451
   0.2865846   -0.2551799    1.1019527
   0.1642607   -0.1464547    0.0064355
   0.5918640    0.2959645   -0.1447257
   0.3280034   -0.2084076    0.6184846
   0.1319269    0.0016206    0.0139273
   0.7129326   -0.2816508    0.1696533
   0.2894738   -0.1568702    0.7324362
  -0.0052816   -0.0132744   -0.1340577
  -0.2861043    0.4411663   -0.0672193
   1.0668348   -0.2607574    0.4204639
   0.1300275   -0.0731058   -0.0833223
  -0.0520744   -0.0502958    0.1010238
   0.1416642    0.1295562    0.1025122
   0.1520282    0.1915011    0.0508104
  -0.4538998    0.3856614   -0.6117310
  -0.4166965   -0.2380621    0.4128474
  -0.0512730   -0.0203304    0.1398915
   0.4512484   -0.1643400    0.2398020
   0.2284990   -0.0628720   -0.4908454
  -0.1131332    0.0290098   -0.1884023
   0.3554039   -0.4304109   -0.6661010
  -0.3744188   -0.1320269   -0.0817947
  -0.0807297   -0.0293599   -0.0747013
   0.3716944   -0.0423879   -0.0146102
   0.6181977   -0.4196950   -0.4140067
   0.1490068   -0.2568754    0.1112485
  -0.2663838    0.2137051    0.2095929
   0.2433352    0.3967995   -0.6298218
   0.0354244    0.1224053    0.0208290
  -0.2005340   -0.6216480   -0.5410610
   0.2312508    0.5269777   -1.0219620
  -0.1845865   -0.1528769   -0.0005307
  -0.0314049    0.0987777   -0.4505846
   0.3750588    0.1890765    0.5053365
   0.0276163   -0.2416135    0.0031530
   0.4201962   -0.2010657   -0.0804277
   0.6157709   -0.3289551    0.4488217
  -0.0012201   -0.0580412   -0.1549034
   0.3038634   -0.1103935   -0.2763146
   0.6457617   -0.5690739    0.2425148
  -0.2105563   -0.0136154    0.0426459
   0.2694370    0.4090250    0.3146987
  -0.2783782    0.2021237    0.3518608
  -0.1212545    0.1050101   -0.0744876
   0.2376497    0.1910123   -0.1562414
  -0.9172986    0.2772720    0.4248044
   0.0201261    0.0667738    0.0006963
   0.3511449   -0.8453063   -0.7160869
  -0.3952273    0.8325450   -0.1065660
  -0.0332664    0.2222439   -0.1570509
  -0.1086571    0.9349400    0.4299971
  -0.1549489   -0.2235433   -0.0945236
  -0.0776259   -0.0284150    0.0940517
  -0.1811239    0.3382673   -0.3543869
  -0.6094967   -0.1559458    0.6364349
  -0.0192595    0.2439591    0.0341397
  -0.1250327   -0.8100001   -0.2207610
  -0.8891125    0.4491749   -0.7623339
  -0.1184088    0.0400962    0.0040284
   0.5390710   -0.0575688   -0.1401202
   0.4983624   -0.7913783    0.9911589
  -0.1653407   -0.0487100    0.0271465
   0.3285575   -0.5005808   -0.3755557
  -0.1356135   -0.3306856   -0.2638175
  -0.0055099    0.0418421    0.0444204
   0.7455081   -0.0981577   -0.4973288
  -0.9087824   -0.3379409    0.4050844
  -0.2698754   -0.0078324    0.0278350
  -0.9782651    0.1126539   -0.2288370
  -0.0305390    0.4057932   -0.6815828
  -0.0132509    0.1317175    0.0492011
   0.2066935    0.3063490   -0.6022833
   0.0935077    0.2825198    0.2217356
   0.1187337   -0.0247813   -0.0133432
  -0.0572651   -0.7042928   -0.5358542
   0.1454898   -0.6946332   -0.0935704
   0.1695811   -0.1435098   -0.0584043
  -0.0532869   -0.0744679   -0.0570306
   0.1313205    0.0341722   -0.1738611
  -0.0186715   -0.0437740    0.1825724
   0.9196347   -0.2859036    0.0896799
  -0.6308566   -0.3005010    0.6492684
  -0.1277143   -0.0953365    0.0052640
   0.3628227    0.2348087   -0.1540505
   0.4423478   -0.0873403   -0.2243884
   0.0075731    0.0931741    0.0171256
   0.1385896    0.3211524   -0.0354871
   0.6465264   -0.8087885    0.0510055
  -0.2592979    0.0505251    0.0862062
  -0.6790876   -0.3191458   -0.1153624
  -0.1860373    0.2911367   -0.4555782
  -0.1375511    0.0744716    0.1056667
   0.5050020    0.3157804    0.4112013
  -0.4481153    0.0567926    0.1873838
  -0.1211967   -0.1197500   -0.0442076
  -0.0478156   -0.1730499    0.5999874
   0.2286352    0.2603426    0.5199156
  -0.1713841   -0.2111603    0.0312954
   0.0164586   -0.1274774   -0.0805247
  -0.2766163    0.1185047   -0.3113410
   0.1247426    0.1302611    0.0435701
   0.3651722    0.1013383    0.4368510
   0.1455153    0.0212194   -0.4692164
   0.1360170   -0.1011695    0.2306464
  -0.4655513    0.7584371    0.0517298
   0.1388295    0.0556489    0.0597452
  -0.0315710    0.0307761    0.0938272
  -0.9649451   -0.8024183    0.7051291
   0.1459308   -0.5781235    0.1414935
   0.0068017   -0.0491150    0.0301876
   0.3790409    0.1919473    0.8570897
  -0.5744694   -0.1966826   -0.7450939
  -0.0082008   -0.0233591    0.0376038
   0.3969181    0.0784167   -0.4796827
  -0.1633609   -0.2544658    0.2871434
   0.1136097   -0.0066155    0.0408143
   0.1121628   -1.2287474   -0.3281542
  -0.5908331    0.1642811   -0.1563201
   0.0894696    0.0672077    0.0454440
  -0.6609166    0.1274480    0.5547890
   0.0572811   -0.3649201   -0.7796365
   0.1403596   -0.0356946   -0.1011299
   0.0336246   -0.0284221    0.2406474
  -0.2363747    0.3976763    0.1212854
   0.1257247   -0.0980168    0.0195459
  -0.5226644   -0.0981035    0.5334035
  -0.7861778    0.2228700    1.1801322
  -0.0411598   -0.0560703   -0.2173720
   0.3856812   -0.3791656   -0.7150823
   0.0559250   -0.3957813    0.2582791
  -0.0142080   -0.1045396    0.0393563
  -0.5163438   -0.1620590   -0.6482821
   0.7193967    0.4399568    0.7959045
   0.0454526   -0.1352707    0.0341353
   0.4666212   -0.2707625    0.4767157
  -0.8047323   -0.2649128   -0.4200488
  -0.0500353   -0.1303941    0.0174914
   0.7429336   -0.8794655   -0.1595325
  -0.4249893    0.7403132    0.6613994
  -0.1879610    0.0697631    0.0442537
  -0.1546994   -0.1591717   -0.0409895
  -0.6949996    0.2703126    0.0150280
   0.1672350    0.1813165    0.1753176
  -0.4437805    0.3286723   -0.0827913
   0.7324229    0.2450282    0.2565848
   0.0921217   -0.1003141    0.0524117
  -0.7316762   -0.5566538   -0.4913170
   0.2683744   -0.0352431   -0.5626252
  -0.0553739    0.2057956    0.0435138
  -0.2892524   -0.0341777   -0.4674395
   0.2570555    0.5121182    0.2252726
   0.0480739   -0.1666431    0.1945744
  -0.3222009   -0.7827893   -0.0399868
  -0.1239638   -0.1474973   -0.6651736
  -0.0818902   -0.0432197    0.2338727
  -0.0365565    0.1627895    0.2007231
   0.2094609    0.2365225    0.2966944
  -0.2544430   -0.1087174   -0.0502712
  -0.3034801   -0.0110988    0.0355088
  -0.3346222    0.4259473   -0.5152826
   0.1090528    0.0626551    0.0916280
  -0.4515735    0.2853720   -0.6138638
  -0.3593227   -0.0552668   -0.1000790
   0.0549492   -0.0936313   -0.1038089
  -1.0280408   -0.5444956    0.3057695
   0.2749733   -0.9478521   -0.4281680
  -0.0579305   -0.1383693   -0.1244285
   0.6449080   -0.4436856    0.2968276
  -0.6680828    0.1656977    0.1542096
  -0.1195786    0.0993245    0.2209352
  -0.3532101   -0.3446388   -0.1881835
   0.1984362    0.3612541   -0.0253063
  -0.0229657    0.0405679   -0.1083677
   0.2015489   -0.0077292    0.2823164
   0.0119478   -0.1385485   -0.2165511
  -0.0301363   -0.1410439    0.1446639
   1.0230089    0.2643906    0.2677919
   0.1081429    0.0326609   -0.1504856
  -0.0332018   -0.0532037   -0.0272185
   0.6118534    0.9785659   -0.5818335
   0.2752044    0.1259732   -0.4149198
  -0.2047090   -0.1226745   -0.0123107
  -0.1336873    0.0965256   -0.1304859
   0.1385965   -0.1674762    0.8037314
   0.1673078    0.1021755    0.1598429
  -0.3558978   -0.2410931    0.3820944
   0.1422883    0.7024358    0.4835690
  -0.0622796   -0.0771901    0.1398589
   0.0119193    0.1913591    0.1002092
   0.3327389   -0.1552114   -0.1025835
   0.0394872   -0.0433594    0.0311474
  -0.3642566    0.0613331   -0.5450817
  -0.2846725   -0.6593077    0.0568068
  -0.2564615    0.1355930    0.0657239
   0.2315239    0.3053446    0.2170148
  -0.1396819    0.6669790    0.5909100
  -0.0875262   -0.0006100    0.1887828
  -0.0645603   -0.0643005    0.2339335
  -0.2350871   -0.2446590   -0.3504332
   0.0155023   -0.0329724   -0.0387104
   0.2384694    0.1302614    0.1453745
  -0.0144563   -0.6993099    0.4246860
  -0.1048771    0.1358958   -0.0804524
   0.4586666    0.3152721   -0.2258539
   0.2527644   -0.2160516    0.1986494
   0.1525694    0.0921363    0.1794688
  -0.3593423   -0.4458093   -0.1874022
  -0.5197121   -0.4229421   -0.0849992
   0.0280448   -0.0687466    0.0713060
   0.0670732   -1.0398675    0.4855346
   0.2502154    0.3966022   -0.5477552
   0.0427947    0.0602599   -0.1002380
  -0.0465214    0.1098380   -0.1260232
   0.2790775   -0.2420336   -0.6976367
  -0.0205592    0.1251218    0.0101597
   0.1920567   -0.3256002   -0.2452958
   0.8941480    0.3937005    0.3375078
   0.0086386   -0.0395281    0.1026957
   0.6373630    0.0502629    0.7437369
   0.5875999    0.1419425   -0.0310525
  -0.1869460   -0.0668044   -0.0352830
   0.0492385    0.3840485   -0.2178388
   0.7718976    0.1416667    0.7220317
  -0.1026035    0.0471973    0.1868841
  -0.4929673   -0.0431604    0.9582884
  -0.3714285    0.5279410    0.3342024
  -0.1631122    0.0507596    0.1550864
  -0.0794938    0.3123250    0.0183563
  -0.6176799   -0.0990841   -0.0776738
   0.0493363   -0.0954119   -0.0689010
  -0.4340901   -0.0259127   -0.3019610
  -0.7667985    0.0510547    0.6526068
  -0.0976677    0.0618353   -0.1946452
   0.6561686    0.0578539   -0.1221743
   0.3860150   -0.4803966    0.0406638
  -0.0234344   -0.0078680    0.0392667
   0.6782832   -0.5086570    0.6644523
   0.0035058    0.6677140   -0.7085723
   0.0152247    0.1822684   -0.0270848
   0.2827748   -0.5167347   -0.7015123
  -0.4236038    0.0986901   -0.2205191
  -0.0875955   -0.2024399    0.1119060
   0.1994873    0.0510141    0.6087093
   0.4734426    0.1036775    0.0238227
   0.2265306   -0.0285508   -0.0321673
  -0.4328617   -0.0238679    0.3752069
   0.1006204    0.4849983    0.0821494
  -0.0840573    0.0394854    0.0016824
   0.4120782   -0.5789229    0.5515735
   0.2954314   -0.2478489   -0.6767747
   0.0248221   -0.0503299   -0.1188503
   0.9536242    0.2655568    0.8968046
  -1.1456083   -0.4604563    0.2265493
   0.1420797   -0.0961243   -0.0492297
  -0.1656874    0.2062918    0.3627316
   0.4198312   -0.7520491   -0.4647712
   0.2968158   -0.0529366    0.0638769
   0.0830405    1.3537811    0.0405883
   0.4697672   -0.3123896    0.1081942
   0.0454992    0.0196922    0.0440886
  -0.8801672   -0.3456741    0.2300653
  -0.0199162   -0.0571380   -0.6545351
   0.0621972   -0.0786035    0.0417254
  -0.0275329   -0.0517499    0.4262874
  -0.4424295    0.1898702   -0.5621144
  -0.0890526   -0.1351787   -0.2092781
  -1.1713444    0.6533163   -0.1902921
   0.7571638    0.5503780    0.1535745
  -0.0479151   -0.0708282   -0.0239862
   0.1492048   -0.0164331    0.0274080
   0.2604470   -0.3892340   -0.3346402
   0.0099622   -0.0175324    0.2689748
  -1.0164334    0.4882666    0.2232126
  -0.0416326   -0.3670500    0.4786155
  -0.0746631   -0.1342142   -0.0842570
  -0.3322878    0.2364450   -0.6275150
  -0.0284256    0.0768279   -0.4310250
   0.0090116   -0.1610416    0.1323278
  -0.2640339    0.0639759    0.2166524
  -0.0166781   -0.2166799    0.0710831
   0.0977843    0.0498647   -0.1564603
  -0.0477032   -0.5192028    0.3043683
   0.2392513    0.1112924    0.3077233
   0.0610991    0.0587588    0.1028785
   0.5745766   -0.5084656   -0.5379170
  -0.4649300   -0.2668565   -0.8045710
  -0.0484415   -0.0740062    0.1444710
  -0.3693365   -0.1725941   -0.6753871
   0.5298748   -0.1128879    0.3457109
   0.1851393   -0.1402077    0.1412388
  -0.2210945    0.4552885    0.3872892
  -0.0039951   -0.0186460   -0.1950960
  -0.1004943    0.0440006    0.0420257
   0.1996601    0.2350916   -0.5976010
   0.3087912    0.4663242    0.3707405
   0.1423167    0.0330108   -0.0188965
  -1.0141165   -0.2356110    0.6846497
   0.3465243    0.5772091    0.2244168
   0.1140397    0.0188694   -0.0173434
   0.2848807    0.6248044    0.1547872
   0.4227904   -0.4601348   -0.5296384
  -0.0943474    0.0534276   -0.1097385
  -0.0655714   -0.2283089    0.7865611
  -0.0559768    0.3680922   -0.5457029
  -0.0105237    0.0106869   -0.1080255
   0.6387950   -0.1189715    1.1766212
  -0.1365937    0.0260960   -0.5148870
   0.0090459   -0.2163395    0.1237794
  -0.3363970   -0.0673381    0.0688854
  -0.2929607    0.4670441    0.1196225
   0.1147395    0.1124951    0.0395178
   0.1834309   -0.4891142    0.2728420
  -0.5646008    0.3529290    0.4328837
  -0.0075087    0.0043835   -0.0279315
  -0.0278043    0.2270017   -0.0019016
   0.6934462   -0.1828243    0.2062364
  -0.0226525   -0.0894930   -0.0469961
   0.2377839   -1.0856736   -0.0842123
   0.0077706   -0.1506213   -0.6311001
  -0.1843096    0.1234966    0.1078989
   0.3523312   -0.0341188    0.8490248
  -0.4516228   -0.1185726   -0.1475595
   0.0799941   -0.0673393   -0.0688395
   1.0316821    0.1700669   -0.2604689
   0.9411298    0.0395142   -0.9648768
  -0.1032014   -0.0446935   -0.0296677
  -0.7118196    0.4293465    0.3331677
  -0.0099249   -0.0135680   -0.5042182
  -0.0292548    0.0687051    0.1222812
  -0.3037011   -0.1428309    0.1160970
  -0.0897205   -0.1057149   -0.7783388
   0.2024167   -0.0111744    0.0120454
  -0.5848222   -0.2509351   -0.2496366
   0.0086033   -0.5821295   -0.1639683
   0.0447561   -0.2058051    0.0360603
  -0.1757161   -0.5763580    0.1939454
  -0.5207382   -0.1701106    0.5146998
   0.0373041    0.0675642    0.0388135
  -0.7423849   -0.2862471    0.4459905
  -0.4074579   -0.1692845   -0.2950549
   0.0561183    0.1389365   -0.1303074
   0.4042766    0.0935083   -0.1518559
   0.1766061   -0.3133083   -0.3152735
   0.0608990   -0.0570823   -0.0039871
   0.1290981   -0.2728196    0.1955070
   0.3832962   -0.5448294   -0.9142736
   0.1289417   -0.0427246    0.1619888
  -0.3257772   -0.6660243    0.2162080
  -0.1502023    0.5849875   -0.3016319
   0.0139923   -0.1288689    0.1281957
  -0.1141501    0.0700756   -0.2257972
   0.4157064   -0.2132193   -0.3446920
   0.4172276    0.0345496    0.0229326
   0.2138916   -0.0836488   -0.8940725
   0.4837413   -0.0706990    0.1778802
  -0.1460284    0.0214252    0.1092591
   0.0759997    0.1750877   -0.7641519
  -0.3468320   -0.4440150    0.2481075
  -0.0314199   -0.0288477    0.0836141
   0.0079455    0.3922201   -0.1471304
  -0.2368704   -0.0386226    0.8330625
  -0.1110706   -0.0390239   -0.1353104
  -0.1334786    0.2475965    0.0002328
   0.7575018    0.1556034    0.4029054
   0.0879298   -0.1692071   -0.0976983
  -0.1718927    0.2295422   -0.4960851
   0.9040658    0.1085641   -0.1311171
   0.0010145    0.0001572    0.0257135
   0.3144786   -0.1347300   -0.0050698
   0.2132165    0.2104872    0.7543318
   0.0919167   -0.0964385    0.0348395
  -0.9680349   -0.6199444   -0.0482238
  -0.3099861   -0.1245659    0.2845977
  -0.0031400   -0.1827042    0.0223701
  -0.4278499    0.1650614   -0.5636269
   0.1484511   -0.4837996    0.3468771
   0.0117234    0.0856930    0.1153978
   0.5855910   -0.2006306    0.4520741
   0.3121167    0.7086031   -0.5391534
   0.0075829   -0.0698140   -0.1007250
   0.3190282   -0.1551046   -0.4433407
  -0.4008085    0.1227809    0.4527249
  -0.2465774   -0.2280276    0.0586225
   0.3297045   -0.1356687    0.4160056
   0.0929511   -0.2583528    0.5813003
   0.0152480    0.0716169    0.0936913
  -0.2122614    0.3768903   -0.1402867
   0.2228203    0.2111536    0.8768749
  -0.0554438   -0.0632624   -0.0473950
   0.0628884    0.3520479    0.8989956
  -0.3789445   -0.1624150    0.0186548
  -0.0037384   -0.0502495    0.0416281
  -0.0482521    0.4927531    0.0318521
  -0.0173716   -0.0601981   -0.2176978
  -0.0932594   -0.0258983    0.0244906
   0.3248067   -0.0647396   -0.0564865
  -0.3113185   -0.7141557    0.7564867
   0.0580087   -0.0626914    0.0559042
   0.6368163   -0.5546803   -0.4407320
   0.5652012   -0.1809798   -0.2442441
   0.0802827    0.0650777    0.0812693
   0.5523526    0.0032867    0.1098597
  -0.3774501    0.1567454    0.6385688
   0.0390180   -0.0263616    0.0308831
  -0.0352081   -0.3297446    0.4616881
  -0.5980155   -0.1538247   -0.3413098
  -0.0488496   -0.0637852    0.0240528
  -1.3261428    0.3724958   -0.3570686
   0.2410933    0.0365673    0.2056609
   0.2157939    0.0325241   -0.2963657
  -0.3146534    0.0435549    0.2983145
  -0.2752202   -0.1670278   -0.3581342
  -0.0638743    0.0483814    0.0241587
  -0.4589130    0.0856959    0.4010108
  -0.2817542    0.2288830    0.8259094
   0.2241622   -0.1015198   -0.0309226
   0.3270797   -0.0594189    0.4524038
  -0.0619878   -0.2248882    0.9695012
  -0.2644346   -0.1862502   -0.2977846
  -1.0259967    0.6683420    0.0100668
   0.3347322    0.5418134   -0.1554613
   0.0144249    0.0122084    0.0037211
   0.0415859    0.1698408    0.1614522
  -0.7185595   -0.4640965    0.6564353
   0.0718065   -0.1015260   -0.0586220
   0.4288750    0.6382844    1.1718433
   0.2641040   -0.0063177   -0.5257234
  -0.1005819   -0.0041575    0.0445465
  -0.8652183    0.4042184   -0.8506588
   0.1605372    0.6147797   -0.7774314
   0.0151659    0.1179257   -0.0442346
   0.2180510    0.5705016   -0.4775274
   0.4370995    0.2036966   -0.8469440
  -0.0887729   -0.1093230    0.0353808
  -0.5010614   -0.7915737   -0.5738688
   0.4407034   -0.1739310   -0.3712341
   0.1371715   -0.0613323   -0.0632758
   0.3720600    0.4977367   -0.1935333
   0.0023408   -0.1313442   -0.2073964
  -0.1511439    0.0196787    0.0156889
  -0.3587704    0.1735349   -0.9651688
   0.1256080   -0.1733596   -0.0040693
   0.0641158   -0.1184507   -0.0121675
   0.7343638   -0.1342537   -0.1593403
   0.4558608   -0.0098914   -0.3656477
  -0.1537346   -0.1891675   -0.0006908
  -0.0030190    0.4318742   -0.1989760
   0.2408273   -0.1499560   -0.1034449
   0.0432071   -0.0708560    0.1435961
  -0.1303333    0.3849805    0.2117150
  -1.1284318    0.1198518   -0.0271950
  -0.1023424    0.0683871   -0.0868660
   0.3469484    0.4536059    0.3866769
  -0.2916166    0.2530459    0.1552158
  -0.0190672    0.1799310   -0.2467114
   0.0085787   -0.6388527    0.6120735
   0.2997862   -0.5738149   -0.3989621
   0.1747356    0.1034967    0.0744114
   0.0436745   -0.0877645   -0.2830788
   0.6627564    0.1356843    0.3987296
  -0.0159592    0.0096599    0.1222682
   0.0601477   -0.0185327   -0.4710838
   0.1742528   -0.6043837   -0.0335938
  -0.1173002    0.0364695   -0.2551359
  -0.1358537    0.2824828    0.4175894
   0.2028977    0.5218245    0.0365544
   0.0805813    0.2523268   -0.1139502
   0.4895017   -0.6783720   -0.7935372
  -0.4281793    0.3881081   -0.9990256
   0.0523645   -0.1495169   -0.1509518
  -0.0590504    0.9313532   -0.6260905
   0.0634378   -0.6204332   -0.2109606
  -0.0694795    0.0258035   -0.1069751
   0.2040378   -0.5846652    0.5931897
  -0.0407259    0.0891431   -0.4797878
  -0.0333406    0.0067943    0.0628138
  -0.0483467   -0.3819124    0.0847569
  -0.6863839   -0.1813141   -0.2214093
  -0.1639663    0.1205316   -0.2388653
  -0.1138995   -0.0751703   -0.5385173
   0.0587452   -0.0257923   -0.2059931
   0.0037041    0.0165645    0.0369460
   0.1406370    0.0054588   -0.3430580
  -0.6270699   -0.7727910    1.0120809
  -0.0768419   -0.1675691   -0.1155315
  -0.2673856    0.3395336   -0.0412901
  -0.7126855    0.1776302   -0.8308595
   0.0410029    0.1156934    0.1207712
  -0.1726739    0.2428103   -0.1942201
   0.4573009   -0.3137108    0.0532183
   0.0610554    0.1053458   -0.0595056
  -0.0735493    0.3482634    0.3311511
  -0.3909517    0.3441962   -0.2833756
   0.0565144    0.1715341   -0.1095380
  -0.0479182    0.3822751    0.6483892
   0.2797099   -0.2053272   -0.0758447
  -0.0673135    0.1521899   -0.0056886
   0.0455134   -0.0645652   -0.9135783
   0.2011197    0.3607993    0.3451205
  -0.0039028   -0.1312393    0.1493507
   0.0888622   -0.8040637    0.5640690
  -0.6796828    0.0272603   -0.0742065
   0.1732563   -0.1746228    0.0593316
  -0.2842360   -0.4933023   -0.1535464
   0.2245591   -0.1307128   -0.6938236
   0.0570936    0.1912191   -0.0240848
   0.9531838   -0.6307352   -0.1952260
   0.2427253   -0.1344840   -0.1568718
  -0.0239411    0.0909140    0.0317392
  -0.0278476   -0.0811718    0.7935609
  -0.5785066    0.6181680    0.0723172
   0.0250452    0.0591471   -0.0755683
  -0.4748944    0.0257306   -0.3198850
  -0.0146289    0.0171125   -0.1438348
   0.0783983   -0.0683081    0.0353300
   1.1574867   -0.2058650   -0.1488850
  -0.5443211   -0.1849605    0.3270495
   0.0954570    0.0463539    0.0069202
  -0.1541767   -0.0879056   -0.1018857
  -0.9435254   -0.3143517    0.3312621
  -0.1288274   -0.1052976   -0.1910326
  -0.5708387    0.0057525   -0.5062982
  -0.1378735   -0.2062831   -0.3383650
  -0.0492937    0.0520133    0.0944701
  -0.4741113    0.9329141   -0.6359628
   0.4171123    0.4400910   -0.0170160
   0.0813964    0.0716523    0.0046380
   0.7460458   -0.0862017   -0.6811671
   0.2397112   -0.2713912    0.1473296
  -0.0936190   -0.0678785    0.0747796
  -0.5252305   -0.1980446    0.0443419
  -0.8790185    0.4690044    0.3271282
   0.0697859   -0.0331459    0.1341076
   0.4491338    0.6499223   -0.2458867
  -0.8017153    0.2435740    0.3831043
   0.0157212   -0.0532605   -0.0657442
  -0.3765185    0.8357846    0.5965962
  -0.6812902    0.0042915   -0.5723056
   0.1402516   -0.0082795    0.0602078
   0.3482416    0.2061189   -0.4670675
  -0.0798934   -0.5171558    0.2602545
  -0.0148912   -0.0872637   -0.0787373
   0.3867781   -0.6196809    0.0403513
   1.2675165    0.0960165   -0.1350962
   0.1280037    0.0112060   -0.0478609
  -0.9415936    0.1302128   -0.4807728
   0.5991927   -0.6946646    0.0647183
   0.0728968   -0.0382408   -0.1540370
   0.2855723   -0.2955130   -0.5121592
   0.1267997    0.1125914   -0.5669675
   0.0734548   -0.0323699    0.0468872
  -0.2751141    0.3427241   -0.6601474
   0.2337347    0.2854871   -1.2618796
  -0.1208062   -0.0685419    0.2179617
  -0.6376161   -0.1520179   -0.9027054
  -0.1168532   -0.2893207   -0.9547538
  -0.0392102    0.0073550    0.0703489
   0.9617239   -0.1299402   -0.2427057
   0.5858068   -1.1254779   -1.0165732
  -0.2507003   -0.2116163    0.0340957
   0.1388976   -0.1794298    0.1388932
  -0.6093554    0.4713284   -0.5893294
  -0.0922248   -0.0975442    0.0968848
  -0.2606383    0.0561701    0.3475092
  -0.3644834   -0.3795123   -1.1126870
   0.1500559    0.0728409   -0.1122287
  -0.0645488    0.5846276    0.5572467
  -0.1555620    0.1440960   -0.1244805
   0.0143614   -0.0076832   -0.1701642
  -0.2123315   -0.7295205    0.2014321
  -0.4815153   -0.0970280    0.5966918
  -0.1780906    0.0477795   -0.1726816
  -0.5000063   -0.1738122   -0.8990025
  -0.1855550   -0.0950453    0.2158116
   0.0125384    0.0830638    0.1292413
   0.1985129   -0.3128600   -0.7239352
   0.7033286   -0.3616376    0.5982326
  -0.1325695    0.1655797   -0.1111316
  -0.0711057    0.3596800   -0.5356434
  -0.9623907   -1.0894579   -0.3560509
  -0.0429192   -0.1219493    0.0189451
   0.9387349    0.8143564    0.0037028
   0.0902274   -0.3715709   -0.4573363
   0.0477963   -0.1560799   -0.0657386
   0.0039499   -0.2202957    0.2146886
   0.1154300    0.4228320   -0.3838439
  -0.0556729    0.0661836   -0.1043711
   0.3205268    0.0909367    0.9820351
   0.3264319   -0.3140872    0.0271112
   0.1638321   -0.1111636   -0.1520607
   0.2284005    0.5303795   -0.5174804
  -0.8206691   -0.1178239   -0.6336440
  -0.1108872   -0.0843656    0.0192665
  -0.1262261   -0.3211716   -0.4287761
  -0.2985009   -0.3468571    0.4751427
   0.1558892    0.1621669    0.0288550
   0.3363024   -0.0153158   -0.3298118
  -0.0963376   -0.0042704    1.0628015
   0.0559680   -0.1245912    0.0740170
   0.0008901    0.0102482   -0.6621397
   0.5913689   -0.1459508   -0.4052464
   0.0692095   -0.0536630   -0.0061109
  -0.7377455    0.3808306   -0.7300189
   0.1395560   -0.4302026    0.9576108
  -0.2720764    0.0239138   -0.0749870
  -0.3289366    0.8118861   -0.5922315
   0.2654044    0.3200991    0.2660363
  -0.0929760   -0.1320444    0.1637656
   0.3944606    0.2365492    0.7233658
  -0.2101760    0.5738913   -0.4355337
  -0.1367130    0.1154410   -0.0297893
  -0.4327638   -1.0163174   -0.5354284
   0.0670919   -0.1418311    0.4430064
  -0.1041522    0.0206620    0.1551036
   0.1659617   -0.0013644    0.4064831
  -0.1469878    0.0937749   -0.7076494
   0.1795656   -0.0574885   -0.1288461
   0.5458973   -0.1980606    0.4630158
   0.2977416    0.8340759    0.0607277
  -0.1295423   -0.1813572    0.1209176
  -0.3302388    0.9454660   -0.2627883
   0.1391358    0.1301765   -0.1176784
   0.0101615    0.0456742   -0.0495392
  -0.3491712    0.7942618    0.2050125
   0.1757526   -0.0874845   -0.0256994
   0.0709381   -0.0124696    0.1851891
  -0.1751989    0.1106423   -0.1448717
   0.4999483    0.1689967   -0.6083855
   0.0355955   -0.0535503   -0.0019038
   0.2183894   -0.4495581    0.0750057
   0.4766880    0.5157856   -0.3642991
   0.0815633    0.1002592   -0.0199454
   0.3339919   -0.2807163    0.5029203
  -0.6685621   -0.0900632    0.0013642
  -0.0596753    0.0661585    0.1669259
   0.0894076    0.2780477   -0.3468665
   0.4548636    0.3304559   -0.1302274
   0.0457015    0.3047660   -0.0737944
   0.0497327   -0.3429573   -0.0073119
  -0.0746446    0.6785562   -0.1145739
   0.0587730    0.1445229   -0.1344229
   0.8331544   -0.8737296   -0.0426940
   0.0556110    0.1940138    0.3385527
   0.1568049    0.0930357    0.1102294
  -0.0987933   -0.0170969   -0.1106279
   0.1632037   -0.4805625    0.3530986
   0.1378420   -0.1276194   -0.1826500
   0.5605072    0.0752882   -0.1999286
   0.0856007    0.4973484    0.1593559
  -0.0323079    0.0288561   -0.0759726
  -0.3857388    0.0808782    0.4835637
   0.2195194   -0.2660928    0.2203947
   0.0158182    0.1346813    0.0676841
   0.3403875   -0.3076071   -0.1532812
   0.5328235    0.2561308    0.3489395
  -0.1199826    0.0708754   -0.0142957
   0.5015381    0.1362728    0.1074646
   0.1663082    1.1708698   -0.1038033
  -0.1049607   -0.1613778   -0.1166709
   0.0761309    0.0608850    0.1882827
  -0.4510338   -0.2914064   -0.0588329
  -0.0578798   -0.1539783    0.0692902
  -0.0252195    0.0093016   -0.0705347
   0.6370271    0.1256371    0.3167490
  -0.1752529    0.0049435    0.0008844
  -0.1868474   -0.2293189   -0.1810765
  -0.2427685   -0.0152982    0.0880075
  -0.0982323   -0.0399026    0.0809655
   0.2322236   -0.3054992   -0.3731118
  -0.1798418   -0.2766814   -0.6746932
   0.0272624   -0.0187170    0.0417456
   0.9320121    0.3716461    1.0689250
  -0.0598461    0.2443403    0.1930318
  -0.2118431    0.0809062    0.1867923
   0.2916967    0.0248907    0.2509449
  -0.3673699    0.5630708    0.3222197
   0.1181624   -0.2235914    0.1478985
   0.2369484   -0.4089007   -0.1429260
   0.0454886    0.6869624    0.6805005
   0.2009556    0.0717917    0.0869467
   0.3663398    0.0465466    0.5755633
  -0.5910216    0.2750732    0.1794561
   0.1797431    0.1111281   -0.0349743
  -0.1372739    0.5325973    0.4302392
  -0.2613846   -1.1096023    0.4633598
  -0.1607495    0.0154733   -0.0723763
   0.2031659   -0.0937047    0.1359616
  -0.2150016    0.1480249   -0.2905352
  -0.0476603    0.0331858    0.0125324
   0.2301279   -0.2963773   -0.2025314
  -0.2790160   -0.3216620    0.3341591
   0.1374329    0.0628446    0.0154494
  -0.9907454    0.0679567    0.0169394
   0.8427621   -0.8534234   -0.0659946
   0.0321119    0.0197554   -0.0514737
  -0.3703497   -0.5406340    0.8419239
   0.5721857    0.1916375   -0.4164365
   0.1324972    0.0003491   -0.0524604
  -0.0632483    0.4866971   -0.5088087
  -0.1443694   -0.3717244    0.5459743
  -0.0299784    0.1208865    0.1788867
   0.2575340    0.0790758   -0.2086444
  -0.0583167    0.0688846   -0.3589243
  -0.0633071    0.0762943    0.0338429
  -0.8223357   -0.0970236    1.1570833
  -0.0677854   -0.1573282   -0.0500506
  -0.0889801   -0.0397321   -0.0895840
   0.4291485    0.8302545   -0.1033887
   0.3359265   -0.5182504    0.3319353
  -0.0426459   -0.0280674   -0.1284593
  -0.8564173   -0.4967707   -0.6306248
  -0.3663944    0.6110692   -0.6044203
   0.1057025   -0.1300347    0.1054428
  -0.0886120   -0.0195590   -0.2204363
   0.7864605   -0.1837275    0.1457957
   0.0536513   -0.0134373   -0.1396730
  -0.3865634    0.0472188   -0.0225470
   0.0277842    0.1232145    0.0613971
  -0.0951298   -0.0152589   -0.0992074
   0.5240602    0.5832587    0.3973657
   0.0761887    0.3837085   -0.8127823
   0.0162785   -0.0878683   -0.2042799
   0.5250191    0.2702664    0.1099550
   0.3538201   -0.5429599    0.3571627
  -0.0392564    0.0026419    0.1518707
   0.4615173   -0.3192788    0.1942022
   0.0528165    0.4483078   -0.1626848
   0.0868060   -0.0466879    0.1174049
   0.3132266   -0.1313865   -0.1283766
   0.1486506    0.3002604   -0.5860793
  -0.3318289    0.1631735   -0.0684950
   0.6629089   -0.6373656   -0.5055045
  -0.6842454    0.6696668   -0.8489912
  -0.1022333    0.0005765   -0.0764938
   0.0139023    0.5318522   -0.2515634
  -0.0613539   -0.4049597    0.4403649
  -0.0620901   -0.1069418    0.1351894
  -0.0644557    0.2425290   -0.1342523
  -0.0376051    0.3720428   -0.1072636
  -0.1292350   -0.2198976   -0.0398606
  -0.4257218   -0.1832271    0.2076528
   0.6006178   -0.0495201   -0.5310811
   0.0879486   -0.1609278   -0.0870482
   0.0066079    0.0678333    0.0134616
   0.8432914   -0.1358405    0.0195683
  -0.1043264    0.0441126   -0.3539563
   0.7639577    0.2702938    0.2252194
   0.3359763    0.5559370   -0.0579209
   0.0373700    0.0277919   -0.2125490
  -0.7596137    0.0729219    0.2203022
   0.2463353    0.5352036   -0.3614199
   0.0039910   -0.2541176   -0.0629969
   0.1574911    0.1439784    0.7126625
  -0.5393497   -0.2637729   -0.1746706
   0.0387792   -0.1656354    0.0274128
   0.2738546   -0.2634505    0.5628936
  -0.0700694   -0.3872028   -0.1859952
   0.2375683    0.0010533   -0.1719479
  -0.4299555   -0.3519706   -0.6252654
   0.1189066    0.1610471    0.3346176
   0.0299668    0.0803640   -0.1127033
  -0.0660553    0.0004788   -0.2062366
  -0.2971077    0.0552288   -0.0164058
  -0.0613800    0.2695655    0.0938428
   0.1842406    0.0101758    0.2481089
  -0.4222542   -0.5624938   -0.0882301
  -0.1431921    0.0532241   -0.0131247
  -0.1234379   -0.2857368    0.0985162
  -0.3107018    0.1220324    0.5053992
   0.0640878   -0.0831430    0.0900618
   0.6207803   -0.8008575    0.0956028
  -0.2908361   -0.3286370   -0.4154430
   0.0295551   -0.2356201    0.1786242
  -0.1353649    0.5767463   -0.9603260
   0.0512975    0.2796316   -0.4928075
  -0.0648319   -0.0619415   -0.0084013
   0.2828550    0.3243364    0.1752324
  -0.4388622    0.2503558    0.6677357
   0.0909826   -0.0782812    0.0692410
  -0.5146751   -0.2111907    0.5941622
   0.1073516   -0.3422907   -0.2972276
   0.1224661    0.2218477    0.0697678
   0.0303211    0.5937213   -0.2292684
  -0.6202061    0.2093004    0.2163102
   0.0092989   -0.0805462    0.0438081
   0.0107099    0.0854782    0.3110411
   0.1524067   -0.0416485   -0.8704472
   0.1371576   -0.0072779    0.2323541
   0.5203761   -0.2956948   -0.3076771
   0.0707728    0.0855207   -0.4029075
   0.0269902   -0.0626341   -0.0638281
  -0.1914538   -0.5226737   -0.0309343
  -0.2199202    0.0707018    0.2228253
   0.0824026    0.0021125   -0.0332443
  -0.6774926    0.1197385   -0.6202810
  -0.5587954    0.4732610    0.2156541
   0.0131777   -0.0664270   -0.2098997
  -0.2742281    0.3305982   -0.3615042
   0.0493871   -0.5626088   -0.2854942
   0.0673414    0.0237042   -0.0103182
   0.1910124   -0.0481855   -0.7304205
  -0.4863005   -0.7448874   -0.3320011
  -0.1389519    0.2495184    0.0512458
  -0.3193726    0.1003884   -0.1151474
  -0.4694415   -0.2192190    0.1787496
   0.1816437   -0.0235946    0.0966014
   1.0466968   -0.0700857   -0.1734894
  -0.1115779    0.6815202    0.3361027
   0.0149087    0.0802072   -0.0313068
  -0.0370856    0.1363385   -0.5072589
  -0.6341881   -0.0363042    0.0696292
   0.1330405   -0.1905952    0.1569670
  -0.4057062   -0.2188284   -0.0537263
  -0.4498177    0.4986424   -0.6068773
   0.1233715   -0.0719440    0.1240171
   0.2020474   -0.5971351   -0.0545808
   0.8460656   -0.1796581   -0.1423005
  -0.2585222    0.2403197   -0.2488085
   0.4704706   -0.1392874    0.3698400
   0.3437300   -0.0134804   -0.5701112
   0.0328491   -0.0457976   -0.0942122
  -0.8992053   -0.3582693   -0.3676488
  -0.0060805    0.5807031   -0.3754617
  -0.0146109    0.0360681    0.2034207
   0.4966072    0.3080719    0.0132914
  -0.0442556   -0.2129790   -0.0442940
  -0.0292941    0.1179316    0.0759237
  -0.4241078   -0.7040997   -0.2197305
   0.3985488    0.6287861    0.1590170
   0.1966410    0.0824801   -0.0838755
  -0.6883551   -0.5144516    0.1788848
  -1.3836486    0.1181350   -0.2268214
   0.0305523   -0.0335712    0.0800572
  -0.1576310    0.3108148    0.1804455
  -0.0949196   -0.5170060   -0.0491465
  -0.1494117    0.0368313    0.2489375
  -0.1843048    0.3656884    0.1432151
   0.2410858   -0.3823312    0.4918558
  -0.0692892   -0.0506238    0.0623543
  -0.1859529    0.3546734    0.1418807
   0.3167208   -0.0956165    0.1460074
  -0.1333977    0.1167931    0.0104733
  -0.7730143    0.2675930    0.0237077
   0.3676317    0.0787086   -0.1959208
   0.2070101   -0.0008118    0.1076781
  -0.8790768    0.4321467    0.9280627
   0.6116446   -0.0610457    0.2154883
   0.3303551   -0.1275461   -0.0808076
  -0.2461173    0.5773444   -0.3081135
   0.0594373   -0.8166501    0.5463001
  -0.1664916    0.0006303   -0.0519656
   0.2912026   -0.0673209   -0.3921765
  -0.2283612   -0.5917681    0.5702792
  -0.0445862    0.1688291    0.0128065
  -0.4054603    0.1398951   -0.1596839
  -0.0728784   -0.1883961   -0.2215702
   0.0976075    0.0710345   -0.0457478
  -0.2783815    0.6727775    0.2175206
   0.0508298   -0.9919865    0.3888285
  -0.1562381   -0.0800741    0.0723406
  -0.1983522   -0.0832759   -0.0413499
  -0.2019730   -0.4037850   -0.7035824
   0.0045234    0.1709535    0.0669343
   0.1238234    0.2548287   -0.7224962
   0.0957127   -0.2638737    0.3744799
  -0.0986022    0.0909778    0.1621273
  -0.0628048    0.2512888    0.1323133
  -0.2576397   -0.2085348   -0.2380190
   0.0420165   -0.0757515   -0.2216687
  -0.4608484   -0.4190496   -0.0252448
   0.2649210   -0.5658011    0.8324604
   0.0130246    0.1175942    0.0709346
  -0.5978935    0.0418118    0.1944029
   0.0998796    1.1808621    0.1742667
   0.0378692    0.0200409   -0.0954617
  -0.2055301    0.1451412   -0.0815416
   0.1700446   -0.3818876    0.1323120
  -0.0115931    0.0365142   -0.0267430
   0.7366340    0.8546570   -0.5700389
   0.1082767    0.0445445   -0.1401908
  -0.0573728    0.0983606    0.0560517
   0.1071167   -0.8595261   -0.0627938
   0.3228968   -0.2984727   -0.0190160
   0.2764002   -0.0328173    0.1022287
  -0.1751219   -0.1020922   -0.4179509
  -0.4940809   -0.5014596    0.7965416
  -0.0178618   -0.0787947    0.0069604
   0.2793215   -0.1068283   -0.3242178
  -0.1338069    0.0846289   -0.0158468
   0.0649330   -0.0272168    0.2339655
  -0.1019377   -0.2776628   -0.7573805
  -0.2289409    0.6244016    0.1843579
  -0.0152015   -0.1961979   -0.1812697
   0.9456786    0.2178774   -0.9072568
  -0.4079173    0.5860483    0.3425515
   0.0281262   -0.0368397    0.1303280
  -0.1742097    0.3934894   -0.6085768
  -0.1237704   -0.2559219   -0.6271399
  -0.0413357    0.0790430    0.0461684
  -0.6523433   -0.5426017   -0.7765099
   0.4526232    0.2350649    0.2832013
   0.0133086   -0.0678449   -0.0812416
   0.4464190   -0.0166566    0.1959057
  -0.1624729   -0.3759397    0.3113656
   0.0001894    0.0347868    0.0018833
   0.2539681   -0.8239840    0.2316152
   0.5427831   -0.0086956   -0.3106952
  -0.0080058   -0.1162884    0.2006043
   0.0134924   -0.6003963   -0.5391630
  -0.2129680    0.1931739    0.1606371
   0.0042514   -0.0124272    0.0487038
  -0.1548726    0.2070836    0.1789231
   0.3564130    0.2244301   -0.2990582
  -0.1754287   -0.0247146   -0.0828227
   0.4109429    0.0048603   -0.3209864
  -0.3109926   -1.0282304    0.0035479
   0.1625498   -0.1437115    0.1484627
  -0.2989731    0.0031816    0.0331699
   0.2883358    0.1913775   -0.0061408
   0.0695100   -0.0259343    0.0171678
   0.5006840   -0.7680378    0.3615319
  -0.0971290    1.1739881   -0.5061545
  -0.0051434    0.0772663   -0.1929262
  -0.2983476    0.2087987   -0.1033098
   0.2966693    0.5147916   -0.2651320
  -0.1249884    0.0301422   -0.1248373
   0.8985050    0.3797792   -0.0926576
   0.8512542    0.2946550   -0.1120335
   0.1285078    0.1310283   -0.1825828
   0.3089364   -0.8402420   -0.2634566
   0.1681623   -0.2903234    0.2712414
   0.1517701    0.0014788    0.0415118
  -0.0208579   -0.9433060    0.1068116
   0.0499002   -0.1989958    0.0579808
   0.0444677   -0.1163647   -0.0672963
  -0.0862315    0.5142378    0.5460947
  -0.9446846    0.5698444   -0.2047370
   0.0141819   -0.1190028   -0.1198573
  -0.0541684   -0.0330794    0.3521090
   0.0362110    0.5640635   -0.2298416
   0.1557241    0.1225775   -0.0059471
   0.3232339    0.4805937    0.0276086
   0.1930715   -1.1284468   -0.1232627
   0.1139939    0.0924303   -0.1069991
   0.6700624    0.1097269   -0.2305750
  -0.0810621   -1.1230185   -0.1973510
   0.0889248   -0.1002514    0.0208402
  -0.1725021    0.0070390   -0.1846931
  -0.1199606    0.2529660    0.0764321
  -0.0818913   -0.1750881   -0.0882996
  -0.4354305   -0.0436045    0.3210286
   0.2696762   -0.1081061    0.0807360
  -0.1136218    0.1200375   -0.0186383
  -0.5343145    1.0352707    0.2439073
   0.8243783   -0.1168330   -0.4697380
   0.0812929    0.0120547   -0.0834816
  -0.3603271    0.2945750    0.4496198
   0.1705921   -0.0402926    0.3018360
   0.0507639    0.1243632   -0.0541370
   0.5829928   -0.0442563   -0.3471598
   0.0046198   -0.4299131    0.0823595
  -0.1578123    0.1599739    0.1213125
   0.3330469    0.3444010    0.0716866
  -0.3230435   -0.6972607    0.6415863
  -0.0711056    0.0342283    0.1111986
   0.0849388    0.4039287   -0.3014635
  -0.2569667    0.6083277    0.6295817
  -0.2339516   -0.1313152   -0.0334721
  -0.3505768    0.2467138   -0.3405000
  -0.3442571    0.6117636   -0.3432860
  -0.0936705    0.0603123   -0.1850285
  -0.4982857   -0.7271072    0.0557365
  -0.0361218    0.5593078    0.7072480
   0.0755738    0.0414456    0.0411752
   0.4130421   -0.1360825    0.4085416
  -0.0689189    0.0365982   -0.0379035
   0.0689577   -0.0997714    0.1165793
  -0.0236894    0.3959611   -0.3270160
  -0.1503116    0.3781802    0.4303384
   0.0074223    0.0543789   -0.0943332
   0.4230306    0.9492452    0.1362826
  -0.5868183    0.2008495   -0.1193682
   0.3267663    0.0074184    0.0042324
  -0.4037251   -0.0587004   -0.1996155
   0.2185312    0.6229852   -0.2018596
   0.0507425    0.0703719   -0.0735983
   1.0618155    0.2704710    0.5130919
   0.2941571   -0.1393582    0.0202168
   0.1109972   -0.0529269   -0.0792159
  -0.6531890    0.4584071    0.3123417
   0.0260158    0.0533976   -0.7869321
   0.0147768   -0.0424565   -0.2081475
   0.3151243    0.5053174    0.7031482
   1.1375668    0.5924788    0.3743664
  -0.0801475    0.1110659    0.1310947
   1.1528081   -0.4568784    0.1648434
   0.1458142    0.1840172   -0.0271349
   0.0743785   -0.1128227   -0.0533993
   0.1096264    0.3361052   -0.0919210
   0.2361756   -0.3860635   -0.0623971
   0.1019845   -0.0235414    0.1081516
  -0.4410013    0.1696239   -0.9190733
   0.8357639   -0.1796951   -0.3107960
   0.1914124    0.1078923   -0.0486367
   0.0496748    0.3246383   -0.4439528
   0.1961040   -0.4728711   -0.0690712
   0.0020710   -0.0642925    0.2408791
   0.4951995    0.7562586    0.1588251
   0.0711001   -0.1738336    0.5030986
  -0.0181877    0.0254674   -0.1100513
   0.0039740   -0.2046008    0.2064241
   0.2438780   -0.3696527    0.2174934
  -0.0842507   -0.1251345    0.0057054
  -0.0547493   -0.1658325   -0.5188226
   0.2276525   -0.3283809   -0.3016238
  -0.1312899   -0.0498086    0.0193120
   0.1875395    0.3566843    0.0596923
   0.0393700   -0.4654446   -0.7843713
  -0.1001904    0.0488875   -0.1054492
   0.3070904   -0.0130224    0.6330994
  -0.0333910    0.1722723   -0.1444619
  -0.0164764    0.0379715   -0.0962459
  -0.0049238   -0.2009563   -0.8891255
  -0.4950796   -0.3166621   -0.0081887
  -0.0570009   -0.2154684    0.0732196
  -0.5610442    0.2024345    0.3481025
   0.1215492   -0.1997371    0.2979520
   0.0594398   -0.3178905   -0.0970958
   0.2496976   -0.0052407   -0.3887425
  -0.4451903    0.2095226    0.3305239
   0.1947510   -0.0731143    0.0133080
   0.3467505    0.0759122    0.8681200
   0.1728761   -0.7973495   -0.1435442
  -0.0553894    0.2283413   -0.1687889
  -0.1448429   -0.0831794   -0.4465339
  -0.2511680   -0.1034787    0.1280792
   0.1395829   -0.0793502    0.0292133
  -0.0022664   -0.5375987   -1.0067655
   1.0479531    0.0968783   -0.2800889
   0.0916148   -0.1989235   -0.1083985
   0.3911128   -0.2565318    0.4747422
  -0.5620344    0.0848081   -0.3172515
   0.0469034   -0.1650131    0.0211420
  -0.4851077    0.0254284    0.2101772
   1.0795882    0.2819456    0.4403348
   0.1606631   -0.0018152   -0.1522910
   0.5282151   -0.2405995    0.3824857
  -0.0343035   -0.2874310   -0.3218082
   0.0211731   -0.1354534   -0.0616260
  -0.2063025    0.2798761    0.1015579
   0.1746188   -0.1326906   -0.4726159
  -0.0616345   -0.0296628   -0.2605066
   0.1334574   -0.6528825    0.4388227
  -0.3686632    0.3937687   -0.6271350
  -0.0029115   -0.0155631    0.0060323
  -0.3704565    0.5932697   -0.4729445
   0.3046290   -0.2893801    0.3434648
  -0.1535895    0.1413430   -0.0152030
  -0.8781153   -0.5592310    0.0430544
  -0.0456469   -0.7157866   -0.5734734
  -0.1312830    0.1841456    0.0318636
   0.1095604    0.8394501   -0.7991450
  -0.3632584    0.1056051   -0.6814331
   0.1304291   -0.0379293   -0.0108394
   0.5669635   -0.0735240    1.2036669
  -0.0043882   -0.3294478   -0.0870126
  -0.0027047    0.0199637   -0.1018866
  -0.2744076    0.5589187   -0.4341609
  -0.9447452    0.3050921   -0.1077799
   0.0013031   -0.2048585   -0.1951427
  -0.1333265    0.3878782    0.1839198
  -0.1387635    0.6773480    0.4252685
  -0.0878589    0.0143102   -0.1493734
  -0.3241067    0.4410569   -0.5595123
  -0.6931306   -0.0230276   -0.3129290
  -0.1699196   -0.0961429   -0.0661172
  -0.8255644   -0.5067582   -0.0976348
  -0.0684793    0.7354217    0.0337589
  -0.0684322    0.0090654   -0.0118073
  -0.6006017    0.5024724    0.1760958
  -0.9878694   -0.1381548   -0.2599412
   0.0549940    0.1156364   -0.0266766
  -0.2251803    0.5233558    0.3877043
  -0.1752848    0.3780328    0.1958178
  -0.1726979    0.0086486    0.0104748
   0.2402720   -0.4858965   -0.5854556
  -0.0547883   -0.7588879    0.4773427
   0.1316686    0.1235972    0.0350884
   0.0831778   -0.6466432   -0.1288289
  -0.0833505    0.6025741   -0.0028829
  -0.1391078   -0.1511090   -0.1411031
  -0.1211085    0.3938881    0.1698946
   0.3964268   -0.1196179   -0.4485543
   0.0470103   -0.1605491   -0.1345052
  -0.4639948    0.0053368    0.7118464
   0.0655387   -0.5809544   -0.6623749
   0.0546905    0.0999957   -0.1986017
   0.3741460    0.1567473    0.5183046
  -0.3943107    0.3263128   -0.4219399
  -0.1847168   -0.0741037   -0.0977912
  -0.4409372   -0.6199765   -0.2337191
  -0.6991926    0.3643983    0.3566266
  -0.1607943    0.1569182    0.0462792
   0.1274160    0.3785652    0.1078403
   0.3640560   -0.0465171   -0.7636381
  -0.1658172    0.1486926    0.1728092
  -0.5286236    0.0488270    0.3053971
   0.3795162   -0.2923446    0.1851417
  -0.0545614   -0.1179118    0.1952344
  -0.0494267    0.5997506   -0.2001452
  -0.3251679    0.5138211   -0.0642635
   0.0155724    0.0470964   -0.0214187
  -0.1168065   -0.6110485    0.6611421
  -0.1537846   -0.3037207   -0.5098702
   0.0692558   -0.0834818   -0.1041992
   0.1054189    0.0636104    0.0984900
   0.2755555    0.7223247   -0.0413586
   0.0333137   -0.0787485   -0.0751805
   0.0437265    0.2149422   -0.3233027
   0.1563247   -0.6371846    0.2274562
   0.0952850   -0.1159104   -0.0695324
  -0.7669525   -0.2944678   -0.3164907
  -0.0316402   -0.4838385    0.0897189
   0.1888696    0.0092260    0.1090499
  -0.2152803    0.7969735    0.4336096
  -0.4247864    0.2910074   -0.0066656
   0.0172344   -0.0873823   -0.1059531
   0.3930064   -1.1449554    0.0754705
   0.4327157   -0.5030568   -0.4766869
   0.0867770    0.1403011   -0.0273433
   0.0924990   -0.1820493   -0.4747909
   0.0702670   -0.4595242   -0.1040523
  -0.0609024   -0.1547246   -0.1385432
  -0.2228667   -0.3132748    0.0128338
   0.0510956    0.6333032    0.2284859
   0.0725210    0.3622759    0.0539921
   0.4336637    0.0102265   -0.5171969
   0.5380176    0.2220832   -0.3404390
  -0.0549473   -0.0945472   -0.0611681
  -0.1716388    0.0431174    0.3091023
   0.4120470    0.5491854    0.3874587
  -0.1432275   -0.0237754   -0.1096930
  -0.4868063    0.6696431   -0.7013714
  -0.0286439   -0.2736166   -0.3762836
  -0.0970128   -0.0318205   -0.0164999
  -0.1229439   -0.2828538    0.3101872
   0.3920366    1.2494469   -0.6970372
   0.0110324   -0.1991835   -0.0353972
  -0.2138411    0.0587746    0.7894194
   0.8295543    0.4811630   -0.3867644
  -0.0732494   -0.0877211    0.0233900
  -0.4441807   -0.1712800    0.1498501
  -0.3502917    0.5118753    0.2153322
   0.2201135   -0.1728307   -0.0758268
   0.1351191   -0.2534324   -0.0088256
   0.1625936   -0.2493447   -0.4664921
   0.1640447   -0.0196768    0.0521237
  -1.1083506   -0.1637003    0.1550553
   0.2058973   -0.2185063   -0.8096656
  -0.0312086   -0.1135235    0.0581607
  -0.2302049   -0.6704397   -0.1308581
  -0.6887420   -0.6730421   -0.1878801
   0.0190875   -0.0196128   -0.0930843
  -0.0299507    0.1250060   -0.5200402
   0.8868755    0.4663314    0.6376511
   0.0634806   -0.0071042   -0.0174084
  -0.2374553    0.4426120    0.7386360
   0.7525936    0.8070127   -0.1046740
  -0.0348743    0.1102305    0.1418920
  -0.5736333    0.9008727   -0.2423874
   0.4559561    0.4362746   -0.3425730
   0.0981708   -0.0195744   -0.3069963
   0.2736521    0.1281315    0.0961832
   0.0949316   -0.2779602    0.1024455
   0.0852569    0.0544557   -0.2372267
  -0.1271315   -0.0402907    0.5404006
   0.3804188   -0.0590700   -0.4342372
  -0.0662095   -0.0971410    0.0489372
   0.2758750   -0.4423907    0.1346828
  -0.0686922    0.2869461   -0.4716281
  -0.0423524   -0.0123449   -0.0852281
   0.2448500    0.0335716    0.0759370
   0.4453017    0.6015257   -0.3502012
  -0.0382734   -0.0632993   -0.0001170
  -0.3949675   -0.0716479    0.2887080
  -0.2965929    0.0236036    0.2759868
   0.1918630    0.0637632   -0.1396715
   0.4134719    0.8520198   -0.3192037
  -0.7993246    0.4315349    0.5442346
   0.1071842   -0.0642091   -0.1784237
   0.2467272   -0.3897368    0.7884628
  -0.2414130    0.5323811   -1.1109594
   0.0114234    0.1654484   -0.0116139
  -0.4586096    0.2937619   -0.0153923
  -0.2511774    0.3505771    0.1598995
   0.2508888    0.0030499   -0.1693702
   0.3743370   -0.2326638    0.2670535
   0.4446685    0.7955267   -0.7208288
   0.0513373   -0.1472875    0.0787243
  -0.1173846    0.2186671   -0.4379404
  -1.1688730    0.6178103   -0.5035419
   0.1284565   -0.1739191   -0.1383252
   0.5662951   -0.4152451    0.2338744
  -0.5474357   -0.4189669    0.8649065
  -0.0756601    0.1493483   -0.0776501
   0.5177876   -0.5702559   -0.2677167
  -0.5721979    0.7850307    0.1349568
   0.0074061    0.1663362   -0.1164657
  -0.0579579   -0.3954582    0.0397812
  -0.2735547    0.2686614    0.2249744
   0.1522500    0.0127254   -0.0006355
   0.5032495    0.2591267   -0.1137110
  -0.1324685    0.6944314   -0.3541432
  -0.1119086    0.1036108    0.0619395
  -0.3849082    0.0087226   -0.5417194
   0.4044999    0.3059389   -0.3800586
   0.0295469   -0.0330440   -0.1951070
   0.5380824    0.0693848   -0.7777297
   0.0219886    0.8093559   -0.6593443
   0.1362523   -0.0694707   -0.0217640
  -0.3297343    0.4914167   -0.1768651
   0.5409495    0.3585453   -0.5097332
   0.0483815    0.0060907   -0.0119803
  -0.3886636   -0.1695867   -0.3685671
   0.2996446    0.2198676    0.0607371
  -0.0907027    0.0896869    0.0197778
  -0.1055782   -0.5534357    0.6466401
  -0.0524978    0.1696065    0.2900027
  -0.0360771    0.0936895   -0.1764502
   0.2787543   -0.0422026   -0.6201670
  -0.3892183    0.5104580    0.1161153
   0.0043933    0.0367059    0.2459369
  -0.5876343   -0.3786938   -0.3877493
   0.4245343   -0.5352455    0.6047043
   0.1033811   -0.0749791   -0.0562616
  -0.7779649   -0.1844628   -0.4573784
   0.4867275   -0.9418019    0.8576251
  -0.1894532    0.0936892   -0.1622058
  -0.1371915    0.4191194    0.5763893
  -0.2616139   -0.4615567    0.0279711
  -0.0600065   -0.0118828   -0.0504456
   0.1731061   -0.5143296    0.2952477
   0.0704835    0.6572925   -0.2665223
   0.0022839   -0.0328266    0.1641674
   0.1678926   -0.5983219    0.2259836
   1.0009317   -0.1852612   -0.3453434
  -0.0005955    0.2858982   -0.0349303
  -0.1849888    0.2702052    0.6336271
   0.1470640   -0.7613356   -0.5810743
  -0.2275029    0.0763963    0.0858211
   0.0820577   -0.3259304    0.1191024
   0.6709489   -1.0408523   -0.6846355
   0.0011160   -0.2375681    0.0775527
  -0.1522452    0.1187046    0.4347760
  -0.5825746    0.7376979   -0.3214315
  -0.0794625    0.0152753   -0.1058596
  -0.5175137    0.2993952    0.3217128
   0.6918531    0.0099925    0.0462159
   0.0797921    0.0500769    0.0710622
   1.0344182    0.0984592   -0.4091639
  -0.1970546   -0.1631309    0.0577914
  -0.0748044   -0.1582640    0.1900286
   0.4662010    0.2426647   -0.0185079
   0.6023408    0.2728035    0.1540022
  -0.0286109    0.3269524    0.1501710
  -0.2479244    0.3126219   -0.0057250
  -0.7526867    0.2165615   -0.3230500
   0.1480364   -0.1571699   -0.0699422
   0.3149662   -0.0472196   -0.2642719
  -0.3756441    0.3007724   -0.2290723
   0.0993206   -0.1772218    0.0676840
  -0.1046090   -0.8884653   -0.0951555
   0.3508453   -0.2992567   -0.5875822
   0.0411970   -0.1051850   -0.1699771
  -0.0736929   -0.9159497   -0.1834153
   0.8650032   -1.0398357   -0.7798902
   0.1004858   -0.2196562   -0.1278345
  -0.1372561   -0.3315278    0.1052886
  -0.9373318   -0.0254787   -0.1591832
  -0.0039874    0.0652713    0.0964781
  -0.2230012   -0.3773686    0.4214242
  -0.6078053    0.7698967   -0.5710999
   0.0959451    0.2444436    0.2092834
  -0.0236881   -0.2309944   -0.4357913
   0.0423672   -0.2938898    0.3731682
  -0.0831412   -0.0131568    0.1378251
   0.0790174   -0.5056492    0.0354918
  -0.2972552   -0.9017059   -0.6163556
   0.1311107   -0.0478844   -0.0804880
   0.5057283    0.1099771    0.3768993
  -0.2807606    0.8260098   -0.8094969
   0.1178168    0.0286402   -0.0590232
   0.8272102    0.4762512    0.1372876
  -0.4224752   -0.4558715   -0.3855993
  -0.0860069   -0.0084484   -0.1086316
   0.3719071   -0.1722259    0.6681671
   0.0365258   -0.0008724    0.5622197
  -0.1879382    0.1372899   -0.2271845
   0.1907555   -0.1912284   -0.3929254
  -0.2983192    0.5171826   -0.4031150
   0.1016491   -0.0254393   -0.0889346
  -0.6447809   -0.1355197    0.2835504
   0.0778236   -0.1386386   -0.3528423
   0.1164909   -0.1055150   -0.0186772
  -0.5295364    0.2907780   -0.2653642
   0.3288442    0.3846112   -0.6045904
   0.0197641   -0.0084931   -0.2301603
  -0.8295176   -0.0115185   -0.5010391
   0.2068111   -0.7774991   -0.3562419
  -0.2874779   -0.0111924    0.1866459
  -0.0147076    0.0981286   -0.0666686
   0.1793441    0.2709577   -0.7049200
  -0.1402223   -0.2042118    0.2663064
   1.2237377    0.6591535   -0.4323214
   0.2483108    0.3800013    0.1026935
   0.1485568   -0.2586848   -0.0774188
  -0.0343158   -0.0674646   -0.5379003
  -0.6274393   -0.1275398   -0.8173259
   0.0756196   -0.1286244   -0.0713759
   0.1231026   -0.0278757    0.0203735
  -0.5303133   -0.2424305   -0.1508840
   0.0694416    0.0338224    0.1686281
  -0.0369289   -0.1841286    0.3008947
   0.1136287   -0.2048298   -0.4612784
  -0.0238181    0.2168478   -0.0579823
   0.5301507    0.3169459    0.0583150
   0.1903341   -0.4849869    0.0059155
  -0.0855377    0.0403653   -0.1116288
  -0.2599277    0.3464446    0.0757847
  -0.3522170    0.1675365   -0.4473642
   0.1566205   -0.1946470    0.0622859
   0.1565856   -0.3442941   -0.5380775
   0.1092789   -0.2533688    0.7730435
   0.2012556   -0.0816989    0.0466700
  -0.1715183   -0.6091380   -0.1331704
   0.1793200    0.0884821   -0.2148770
  -0.1240587   -0.0640760   -0.0674149
  -0.8280122    0.6373335    0.1116696
   0.2079545   -0.3003567   -0.1864737
  -0.0785067    0.0075415    0.0004201
   0.2685806    0.3740659    0.4757956
   0.4518194   -0.6727145   -0.5428166
   0.1464496    0.0550143   -0.0468062
  -0.0443337    0.3439137   -0.4399112
  -0.2469297    0.4891080   -0.2694874
   0.0752506    0.0775921    0.1726280
   0.0416231   -0.0593049   -0.1636838
   0.6579041    0.4148516    0.0785093
  -0.1630955    0.0347824    0.1553708
   0.1353158    0.6273288    0.0144204
  -0.7245378    0.6811717   -0.1480900
   0.0846383    0.0731482    0.1254029
   0.1098512    0.2080519    0.7143454
   0.4922196    0.2283890    0.0307911
   0.0167035    0.0577599    0.0615190
  -0.2123848    0.0109201    0.3419968
   0.0701481   -1.0392309    0.4679546
   0.1784207    0.2531352    0.0460081
  -0.5156189    0.3850381    0.1733539
   0.8688687   -0.1779445    0.0842441
   0.0017437   -0.2042604    0.1038046
  -0.0917102   -0.0858896    0.9606442
   0.1239838    0.0775087   -0.7497534
  -0.1426691   -0.0249986   -0.2231821
  -0.2343897    0.8846972   -0.7147408
  -0.0452103    0.1191940    0.0217065
   0.0080589   -0.3147978    0.0177810
  -0.4798672   -0.0619794   -0.2415566
   0.2835394   -0.3136522   -0.2704603
  -0.1550478   -0.0998703    0.1387576
  -0.8469022   -0.1322937   -0.1935801
  -0.2574551   -0.1602579   -0.0010200
   0.3213319   -0.0719561    0.0618684
   0.3220587    0.0680255    0.2695133
  -0.2322481   -0.1951823   -0.0362900
  -0.1807683    0.0085490   -0.1881495
   0.6708506   -0.1590554   -0.7525255
   0.5483560    0.1036355    0.4866062
  -0.0020995    0.1054825   -0.1227968
  -0.0378857    0.2424886    0.5256480
  -0.1960836   -0.2961743   -0.1699967
   0.1357402   -0.0232501   -0.1461580
  -0.0112992    0.1231164   -0.1104101
  -0.1583256    0.1875732    0.5189457
  -0.0258279   -0.0340153    0.1185659
  -0.3947847    0.9239519    0.4600764
   0.2072138   -0.2612851   -0.2376366
   0.0177677    0.0591016    0.0865418
  -1.2055351    0.6813620   -0.4427557
   0.1506769    0.1626511    0.9295506
   0.0508755    0.0255216    0.0334982
   0.2576647    0.1623277    1.0804983
  -0.1342448    0.5635138    0.1018517
   0.0316575   -0.0570974    0.0154590
  -0.1168618    0.8243598   -0.3417750
   0.5221209    0.1969827    0.0276946
  -0.0356822    0.0101969    0.0909494
   0.1046076    0.2153811    0.0157699
   0.7720472   -0.1523309   -0.3673005
   0.1011563   -0.0817540   -0.1123847
  -0.4907352    0.1613667    0.2175578
  -0.0838463    0.2975667    0.8283696
   0.2095452    0.1167180    0.0072533
  -0.7345413   -0.7488357    0.6678457
  -0.0413293   -0.2661207   -0.0124506
  -0.0453841   -0.0095631    0.2023052
   0.3930740   -0.1725259   -0.4178112
  -0.2010926   -0.7346398   -0.1215137
   0.0007412    0.1337679   -0.0982743
  -0.2831670   -0.5965678   -0.2250674
  -0.2168582   -0.2995962    0.3620189
  -0.0688295   -0.0003280    0.0760835
   0.3580561    0.1337357    0.0088038
  -0.0570739    0.3803541    0.3866185
   0.0571194    0.0213739   -0.0965463
   0.7111204   -0.7232198    0.1581659
   0.1001209    0.1318803    0.1333400
  -0.0429083   -0.1480082    0.1190645
  -0.3487771   -0.9999973    0.3111661
  -0.5079156   -0.0579276    0.3991355
   0.0658767    0.1178581   -0.0871420
   0.3364592   -0.2195530    0.1354999
  -0.4065092   -0.3760839   -0.4846686
  -0.0420867    0.1279612   -0.0018793
  -1.3880414   -0.6462303    0.5760922
  -0.3430133   -0.2306183   -0.5787991
   0.1089865   -0.0680782    0.0582329
   1.0278323   -0.0401282    0.4710870
  -0.5615101   -0.4120637   -0.1126366
  -0.0708962   -0.0406136   -0.0179572
  -0.4252482    0.2615610    0.2402344
  -0.0482516   -0.2930446    0.0378518
  -0.0288748   -0.0953151    0.1243571
  -0.1820413    0.5215687    0.2017080
  -0.1079746    0.4975378   -0.2534055
   0.0325695   -0.0280517    0.1275836
   0.2040654    0.0961447   -0.1031810
   0.5930690    0.6541800   -0.5314560
   0.0432994    0.1032185    0.1439205
  -0.6239415    0.0475920   -0.0437290
  -0.3208051    0.2522720   -0.8814753
   0.0130187   -0.1858572    0.1261762
  -0.1265281   -0.7774094    0.5980950
  -0.3860522    0.3068762    0.6872916
  -0.0237947   -0.1652365    0.0161442
   0.1473518   -0.3249637   -0.1718320
  -0.0810596   -0.8189544   -0.0718030
   0.0535315    0.0646267   -0.0850538
   0.4524949    0.0250489    0.7011688
  -0.2037002    1.1518804   -0.2034134
  -0.0277382   -0.2412702    0.1268074
  -0.2884412    0.1346901   -0.2904875
   0.7851995    0.5580269    0.2689891
  -0.1008708   -0.1387132   -0.0106104
   0.0934305   -0.8103849   -0.3671108
  -0.0042483    0.1273877   -0.8486864
  -0.0277109   -0.1891935   -0.0662898
  -0.3201614   -0.2063886   -0.3173400
   0.4287239    0.3810934   -0.3606051
   0.0478856    0.1143235   -0.0080340
   0.0748104   -0.0412644    0.2835356
  -0.1553473   -0.9232197    0.1603939
   0.1737383    0.0137907   -0.0669432
  -0.5163984   -0.0057661   -0.3995330
  -0.1131600   -0.1053785    0.5759807
   0.0436869    0.0391673    0.0923579
  -0.0934978    0.1444045   -0.3086364
  -0.0013373   -0.1961017    0.1882592
   0.0132512    0.0679061   -0.0007957
  -0.5323068   -0.2372885    0.0951359
  -0.2901355    0.0245535   -0.3633426
  -0.0747135    0.0170681   -0.0408482
  -0.5963092   -0.6506773   -1.6906693
   0.4596098    0.0360191    0.0874880
   0.0710987   -0.0618195    0.0011673
  -0.1402473   -0.1911015   -0.0446074
  -0.9375794   -0.0371584   -0.0690475
   0.1075769    0.0817134   -0.1322502
  -0.3883276   -0.0602661   -0.4468090
   0.1816253   -0.3000245   -0.0675535
  -0.1217292   -0.0491409   -0.1228746
  -0.3159835    0.3368910    0.0985664
   0.5485515   -0.5374242   -0.0278895
   0.0051070   -0.0309791    0.0623689
   0.0666722    0.5046270   -0.1370952
  -0.4052635   -0.5550640    0.4877207
   0.0104825    0.1472003   -0.0101385
  -0.1788809    0.0950291    0.7511425
   0.0300742    0.0136735   -0.4058329
   0.1149633   -0.0469482    0.1792067
  -0.1400334   -0.1473533    0.6092229
  -0.1771253   -0.5162308    0.0891020
  -0.0850544   -0.2215007   -0.2868421
  -0.1229765    0.3000765    0.2751067
   0.0408692    0.0235532   -1.1054345
   0.1156674    0.1259264    0.0506751
   0.3649062   -0.2898288   -0.1247306
  -0.6072666    0.5450354   -0.0826280
  -0.0222351    0.0303913   -0.0176102
  -0.1093613   -0.7586045   -0.5643733
  -0.8630162   -0.1285338   -0.2641304
   0.0891735   -0.0890376   -0.0097526
   0.0035194    0.3765828    0.2753638
  -0.1055838    0.6102600    0.8381435
   0.4005672   -0.0358894   -0.1568928
   0.1321030   -0.6833998    0.1535297
  -0.3198328   -0.4326429    0.7342405
   0.0153775    0.0187165    0.2238447
   0.0184853    0.0993942    0.5606264
   0.1922175   -0.1847749   -0.1427171
   0.0488026   -0.0136173    0.0910807
  -0.3014835    0.2777333   -0.2847686
   0.3030588    0.1414554    0.3413517
  -0.0635649    0.0053028   -0.0596869
  -0.1088995    0.3566659    0.6075713
  -0.7300720   -0.2332452   -0.4995493
  -0.1822992   -0.1004786   -0.1045988
   0.1365534   -0.4423435    0.0490205
  -0.1368727    0.2993018   -0.1915984
  -0.0150658   -0.1029907    0.1328964
   0.8538294    0.3023015   -0.9339060
   0.0425532    0.0284043    0.4258275
  -0.1021257    0.1304002    0.2204935
  -0.3649880   -0.1510737    0.3888024
   0.2112321    0.8263664   -0.2583767
   0.0066542    0.1905803    0.1210978
  -0.7128609   -0.1972145    0.3356955
   0.3236869   -0.4482425    0.0039732
   0.0044340    0.1259283   -0.0107598
   0.3945263   -0.1057021    0.4646427
   0.0713020    0.5047434    0.1556477
  -0.2574309    0.0135673   -0.0076555
   0.2267737   -0.4382831   -0.4553736
  -0.5211540   -0.0926925   -0.1986256
   0.0229492   -0.0566452   -0.1174581
  -0.3776470   -0.4359670   -0.3020778
   0.7843915    0.5381021   -0.1171037
   0.1473173    0.0067014    0.1094423
   0.4180141   -0.2104661    0.3822334
   0.7104049   -0.2293309    0.0371387
  -0.0448223   -0.0318706   -0.0619189
  -0.1421352   -0.3461343    0.7133046
   0.1094362   -0.2641754    0.8435056
   0.2155798    0.1110326   -0.1131813
  -0.4331154    0.0334556    0.3772602
  -0.3411849   -0.0752083   -0.1152583
  -0.0135066   -0.1391989   -0.0256787
  -0.1302222   -0.5414870   -0.1613573
  -0.1390392   -0.1761087    0.0826637
  -0.1896723   -0.0763527    0.1826330
   0.2099300    0.2180803    0.1127977
  -0.4907995   -0.5163828    0.2478202
   0.0075711   -0.0997826    0.1051098
   0.3767335   -0.1337746    0.6230918
   0.3501233    0.7624053   -0.0570943
  -0.1222453   -0.0137725   -0.0874424
   0.0983303    0.1821705    0.1734304
  -0.3140267    0.2677397   -1.0873271
   0.0174144   -0.0188530   -0.0070884
   0.5724766    0.0281652    0.3720263
  -0.2699817   -0.1235878   -0.2978081
   0.0629119    0.0830098   -0.0619727
   0.0505278    0.1711435    0.5923147
   0.7466231    0.2063638   -0.6090813
   0.0482485   -0.0179498   -0.1236728
  -0.7421835    0.3792619    0.2730123
  -0.3806916    0.0586049    0.1224904
  -0.0413682   -0.0934597    0.0488625
   0.4755604   -0.0324700    0.2226501
  -0.9451334   -0.6652488   -0.2340516
   0.0073463    0.0865078   -0.1141492
   0.8858700    0.2667650   -0.2442631
  -0.0610113   -0.3671908   -0.1824396
   0.2082469   -0.1759403    0.0332218
   0.8217446   -0.5622448    0.2051365
  -0.2611188    0.0408996    0.5896444
   0.0806667   -0.0962858   -0.0009409
   0.0862424    0.2894053    0.5835267
   0.1660651   -0.2028656   -0.2289972
  -0.0921704   -0.1054731   -0.0400490
   0.4077838   -0.6874184    0.4773864
  -0.1520976    0.8644479    0.0069375
   0.0701103   -0.2094336    0.1690237
  -0.2881464   -0.2676382    0.5667522
  -0.8357644   -0.3734465   -0.6024796
  -0.0673856   -0.0388933    0.2002818
  -0.4311687    0.1241008   -0.0913201
   0.7132967    0.1802088    0.0748931
  -0.0290976   -0.1662724    0.0181809
  -0.6711410    0.1925792    0.1331190
  -0.1580597    1.2684312   -0.1145678
  -0.0073057   -0.0573434    0.1455921
   0.7476633   -0.1324535   -0.1358098
   0.5741570    0.1371660   -0.4217950
   0.1225011    0.0706106   -0.0100143
   0.5357156   -0.2048080   -0.1454100
   0.2131284    0.0947911   -0.2714528
   0.0482412    0.0922516    0.0291636
  -0.1894409    1.5800554   -0.0047870
   0.2908595    0.2442439   -0.0689495
  -0.0305636    0.0109667    0.0323459
  -0.5486127   -0.0534549    0.1309295
   0.0333387    0.3215466   -0.1425392
  -0.0128687    0.2083530    0.1241509
   0.1599230   -0.5591917    0.0650539
  -0.3059539   -0.1554501   -0.4025084
   0.1185704    0.1336176   -0.0971521
   0.1270507   -0.0612348   -0.6269700
   0.2011298   -0.5920710    0.0079279
  -0.0706634   -0.0342312   -0.0423294
   0.4646971    0.2966307   -0.5417126
   0.2676962    0.1684988    0.3064254
   0.0257680    0.0205880    0.2729419
  -0.5040936   -0.8902373    0.4946032
  -0.9161142    0.9285925   -0.2124149
   0.1754083    0.0749393    0.0154863
  -0.1052620    0.3229457    0.2410824
  -0.0809178    0.0814712    0.3862469
   0.0451465    0.0297536   -0.0942445
  -0.2689235    0.3748897    0.2560325
   0.5412726   -0.1586802    0.3788379
   0.0311092    0.0973638   -0.0342490
  -0.2165009   -0.1743609    0.3715295
  -0.2371848   -0.2681403   -0.3094856
  -0.0150343    0.0371493    0.1998730
   0.1515026    0.3924766   -0.2711172
  -0.5532113    0.4046802    0.2895320
  -0.0077573    0.0018630   -0.1101651
   0.1424483    0.4523135   -0.3041178
   0.6117263    0.2806346    0.0080442
  -0.0378385    0.0756916   -0.1030219
  -0.4284704    0.1205609    0.0761421
   0.1212980   -1.5508842   -0.5357071
  -0.0929019    0.1058228    0.1010758
  -0.6315923    0.0241929    0.2644160
  -0.4749682   -0.7255982    0.5746104
   0.0306622    0.1722181   -0.1042800
   0.3189823    0.4553868    0.0600205
  -0.0667939    0.8508629   -0.2119753
   0.0845734    0.1154825    0.0917852
  -0.2867777   -0.1154492    0.3328648
  -0.4044102   -0.1588462    0.0547987
  -0.0104517    0.0234171    0.1153948
  -0.6444519    0.4004360   -0.4766513
   0.8051648   -0.4899560    0.2091376
   0.0723330    0.0820579    0.0609881
  -0.2390030    0.3657710   -0.1285710
   0.2792204    0.3282776    0.4812583
   0.1296206    0.0515133   -0.0761912
  -0.3003862    0.0779821   -0.1977571
   0.0257516   -0.5392572   -0.4179859
   0.0643143    0.2426600    0.2358890
  -1.4405780    0.1534638    0.1191214
   0.0172721    0.4148898    0.2893089
  -0.0515800    0.1113156    0.1537971
   0.0069904   -0.1541329   -0.1544902
   0.6769976    0.3420753   -0.0448140
   0.0207681   -0.0430127   -0.0994390
   0.2965588   -0.4607426   -0.1208241
   0.2434525    0.7206659    0.7866011
  -0.0983960   -0.0377377    0.0303809
  -0.5038756   -0.2449135   -1.0559813
   0.1761026    0.6417617    0.0870066
  -0.0925965   -0.0127018   -0.0090560
   0.7819025   -0.2684895    0.0453806
  -0.9393499   -0.0979568    0.2028877
  -0.0008541    0.2039549   -0.0605365
  -0.2760777   -0.0315161    0.3738343
   0.1512693   -0.4955541   -0.2402179
  -0.1094114   -0.0085779   -0.0612888
  -0.4380046    0.4390650   -0.6677523
  -0.0617453   -0.1653143    0.3750205
  -0.0765871    0.0140619   -0.0809332
   0.2413189   -0.5232979    0.4197464
  -0.7802128    0.0378126   -0.2126653
   0.1430856    0.0461418    0.1077120
  -0.1921319   -0.7724549    0.0372230
   0.3495532    0.2217454    0.7107048
   0.1239156    0.0785685   -0.0790698
  -0.0098461   -0.4230444    0.6727648
   0.7476594    0.7147943   -0.2036569
  -0.0663743    0.0345773   -0.1002571
   0.0184700   -0.7718760    0.2005395
  -0.6780081   -0.4017001   -0.1418972
   0.0133192   -0.0720672   -0.1401829
   0.1182733   -0.7776702    0.4516160
  -0.3079118   -0.2372981    0.2899712
  -0.1748978    0.0834470    0.1898969
   0.0997894    0.2225052    0.2612339
   0.6321203    0.0019061   -0.1345745
   0.0268996   -0.1054086   -0.0724588
  -0.0050908   -0.7205003    0.2265834
   0.0040620   -0.2502618   -0.0623506
  -0.2690142   -0.1083384   -0.0390690
  -0.1080934   -0.1838023    0.0670578
  -0.1790747    0.4299359    0.2384417
  -0.0435143    0.1983477   -0.0715811
  -0.0627638    0.0762371   -0.1236604
  -0.1553463   -0.2492507   -0.2838329
  -0.0083488    0.0374466    0.2004877
  -0.1864318    0.3788289   -0.1738422
  -0.4634570    0.0455356    0.1176019
   0.0714246   -0.2586427   -0.0367218
  -0.1977172   -0.0620690   -0.1570527
  -1.0071274    0.2086884   -0.8620566
  -0.0246395   -0.0796768    0.0507296
  -0.3060011    0.3400098    0.1093692
  -0.0547764    0.3053477    0.6483271
  -0.1357786   -0.0018102   -0.0514702
   0.0502951    0.4354350   -0.2903964
   0.7786400   -0.1684696   -0.3029201
   0.0856499   -0.0112538   -0.0618021
  -0.1686469   -0.1582645    0.2061926
   0.2064011   -0.3955904   -0.9914243
  -0.1237004    0.1094277   -0.0841818
  -0.1860482   -0.8239328   -0.1456062
  -0.3575940   -0.1287612   -0.1302226
  -0.0708492    0.0911099   -0.0549793
   0.6043922    0.0525114   -0.2999541
   0.9079149   -1.3609242    0.4496512
   0.0016454   -0.0624388    0.1022304
   0.0647700   -0.6694283   -0.7680974
   0.3661713    0.6073782   -0.5803410
  -0.0603619   -0.1434563   -0.0706053
  -0.4992512   -0.5612565    0.6723320
   0.3293588   -0.1311949   -0.2688705
   0.0405137   -0.2277867    0.0131629
  -0.5220944   -0.1058296    0.0287573
   0.7507558    0.1201173   -0.2671916
  -0.1133360   -0.1468940    0.0156077
  -0.2739033   -0.6558773   -0.1128199
   0.8176175   -0.7473714    0.3645539
  -0.0067169   -0.0791681    0.1398278
  -0.1713275   -0.4576100   -0.1054598
   0.4123911   -0.0903913   -0.2798877
   0.0867261   -0.1397297   -0.0517162
  -0.2501658   -0.1431036   -0.3144888
  -0.9060126   -0.1702209    0.1795666
  -0.0300730   -0.0377913    0.1044309
   0.6681005   -0.6278281    0.2466169
  -0.2291576    0.9300691   -0.2087603
  -0.0575538    0.1047914    0.1430611
   0.9390386   -0.2132318   -0.5370139
   0.0008878    0.2013805   -0.1515671
  -0.0499841   -0.0788226   -0.1205670
   0.0725081   -0.5675247   -1.4682946
   0.3148160    0.3907562    0.2468928
  -0.0236194    0.0027904   -0.0474238
   0.3869582    0.0462749    0.7593714
   0.0332281   -0.2661991    0.1286972
   0.0505193    0.0588369   -0.0007472
  -0.9051926   -0.7520367    0.0136093
  -0.2034077    0.6987353    0.0796264
   0.1122453   -0.0102725    0.0230839
   0.2325241   -0.7357604    0.1040954
   0.4150283   -0.1006105    0.2525123
  -0.1777118    0.0572412    0.1547213
   0.0045956    0.0323195   -0.7188499
   0.0838377   -0.3953032    0.2587572
   0.1045681    0.0699359   -0.1335315
   0.6956544    0.1858697   -0.2375850
   1.2566129   -0.2867764    0.2709447
  -0.0738138    0.0988132   -0.0242778
   0.3010657    0.8460716    0.1415925
   0.3219902    0.1222361    0.0538486
  -0.0506638    0.0091546    0.0449059
  -0.6191066   -0.5348278   -0.5620064
  -0.1157136    0.1479794    0.2113225
  -0.1085871    0.1365573    0.0609925
  -0.2726882   -0.3560620   -0.1511155
  -0.9193873   -0.4537097    0.5775860
   0.0289097    0.0888125    0.1614098
  -1.0444009    0.2805153   -0.3229117
  -0.5051283    0.2766799   -0.2971062
   0.1750564    0.0795889   -0.1693566
   0.0113562   -0.3027844    0.1687449
   0.3034910   -1.0640925   -0.2108051
  -0.0455655    0.1298678   -0.0087413
  -0.2112282    0.3921910    0.4368941
  -0.1227907    0.2899671   -0.0922636
   0.0034278   -0.2015059   -0.0590493
   0.3366922   -0.0701367    0.2753277
   0.4363020   -0.5945870    0.3913317
  -0.0872300    0.0436627    0.3209750
   0.0675339   -0.0855905   -0.0301075
  -0.0062674   -0.5664914   -0.8276886
   0.0477738   -0.1631269    0.0381467
  -0.2772093   -0.3861223    0.2496017
  -0.0036838    0.2430732    0.7193976
   0.0952587    0.0734496   -0.0292832
   0.1802279    0.2350092    0.2721453
   0.4188038    0.5188375    0.3102495
   0.1431185    0.1272852    0.0927252
  -0.8626988    0.1471752    0.1409870
  -0.7834120   -0.7839438   -0.1668394
  -0.0090085    0.0511353   -0.1567207
  -0.2026371    0.1614977    0.0885033
  -0.1930415    0.0801780    0.5842745
   0.0310336    0.0840815    0.0962534
  -0.1391685    0.5414660    0.6441911
  -0.0749910    0.5349156    0.1565889
   0.0032586    0.1617315    0.0718290
   0.2713763   -1.1700271    0.0056124
   0.3820796    0.0117334   -0.7468432
   0.1984409    0.0708297   -0.0094365
   0.1908111    0.0371428   -0.6895772
  -1.1382195   -0.3873851    0.2431982
   0.1835694   -0.1418057    0.0909154
  -0.2439045    0.3328403   -0.2932081
  -0.2414305   -0.9117495   -0.0340487
  -0.0191335   -0.1304422   -0.2401619
   0.0229658    0.1169480    0.0192670
   0.3261164   -0.1771141   -0.1234122
  -0.0788250   -0.0503742    0.1246299
   0.1512147    1.1972244    0.2733397
   0.1405188   -0.8908849   -0.1014271
   0.0280716    0.1141097   -0.0143689
   0.2432409    0.4420769    0.1276309
  -0.5969191    0.0679069    0.0536478
   0.0964350   -0.1146813   -0.0882825
   0.4456216    0.2876215    0.2747952
   0.0169791   -0.5538689    0.1566524
  -0.0744705    0.1534478   -0.1839873
  -0.8288602    0.0393680   -0.7027834
   0.2259356   -0.5760621    0.1284440
   0.0572396   -0.2686497    0.1301335
  -0.5883526   -0.6063523    0.5444151
  -1.1630698   -0.2650489    0.4930853
   0.1570226   -0.0231845   -0.0615920
  -0.2202749    0.1915327    0.5641293
   0.2193373   -0.3216330    0.2485265
   0.1160229   -0.0538916    0.0803780
  -0.2101428    0.1074362    0.1407107
   0.7558671   -0.9303726   -0.3114175
  -0.0436008    0.2423742   -0.0552191
  -0.8915935   -0.3129238    0.0131604
  -0.6198620    0.1489356   -0.0148219
  -0.1286977   -0.0533818    0.0710564
   0.3063673   -0.5281125    0.4828387
   0.3347879    0.2929562   -0.2252354
  -0.0866919   -0.0327327   -0.0640438
   0.6051016   -0.0277128   -0.0860023
   0.3514603   -0.1539489   -0.2699120
   0.0416416    0.0007547   -0.0996661
  -0.5880536   -0.0527537    0.1376343
   0.3614047    0.0120227   -0.1451968
  -0.1992784    0.1333821    0.0417092
  -0.2942652   -0.1339160    0.3450346
   0.2050258   -0.2692906   -0.1024003
  -0.1175504   -0.0690553   -0.0589740
  -0.2243739    0.0244051   -0.4582371
   0.7123883   -0.2417525   -0.1341880
  -0.0942275    0.0517858   -0.1205267
   0.0581146   -0.5499349    0.7604623
  -0.2762941    0.6587985   -0.3037963
  -0.0593366   -0.0057236   -0.0869756
  -0.4515942   -0.0441838   -0.4012597
   0.0585533    0.2503104    0.5084012
   0.0987674   -0.1271317   -0.0233773
   0.2657189   -0.1158441   -0.2729831
  -0.3161497   -0.6301646   -0.0655788
  -0.0942504    0.0601449   -0.0735503
  -0.0241904    0.3169206   -0.4912841
   0.0466167    0.1703397   -0.0768642
   0.0906951   -0.1252503    0.0396939
   0.2389440   -0.0546399    0.4858962
  -0.0316426    0.7079223   -0.4529794
   0.0479628   -0.0086441    0.0881081
  -0.3252520   -0.7103331    0.1839040
  -0.3568301   -0.8922724    0.3794760
   0.0549986   -0.1399260    0.1812601
  -0.4766750    0.6270732    0.1525616
   0.3046098   -1.3788586   -0.6084873
   0.0712421   -0.0926328   -0.2581729
   0.5749065   -0.1323840   -0.0734358
   1.0126840   -0.4179228   -0.6683738
  -0.0418352    0.1187573    0.1684532
  -0.0229649    0.6428542   -0.4241851
  -0.0016111   -0.2711560   -0.2105924
  -0.0051321   -0.0140917    0.0389788
  -0.5134415   -0.1220054   -0.0433283
   0.2746252   -0.6722112    0.0664468
   0.0814768    0.0277354   -0.0984489
   0.3138933   -0.7490427   -0.9773966
   1.1732165   -0.0073142   -0.5320249
   0.0823371    0.0646701   -0.0162767
  -0.0487998   -0.0076847    0.0141574
  -0.5791759   -0.1717479    0.1617230
  -0.1150026    0.0872894    0.0111980
   0.2456331   -0.0966194    0.9579410
   0.3766838    0.4132104    0.6966302
  -0.0503471    0.0199430   -0.1166838
   0.1351821    0.2160369   -0.1142724
   0.4994605   -1.0825567    0.0283411
  -0.1669111   -0.0734881   -0.0391187
   0.2905139    0.7366212   -0.0229898
   0.7553842   -0.1868578   -0.4543675
  -0.0105710   -0.0854843   -0.1530284
  -0.3440453    0.3042942   -0.6568903
   0.5767273   -0.9734045    0.0149881
  -0.0289064    0.0736953    0.1298956
   0.3794684    0.0411423   -0.3220546
   0.6838307   -0.8428841    0.3218298
   0.0491002    0.0535345    0.0110820
   0.0593305   -0.0376284    0.5803058
  -0.2739675    0.3398048    1.0204751
   0.1032558   -0.0006882   -0.0458491
  -0.1418678    0.3043018   -0.4125901
  -0.5903506   -0.1423524    0.1660412
   0.0222584   -0.0237675   -0.0204740
   0.4195128   -0.3831682    0.0611547
  -0.5568581    0.0783240   -0.0734120
  -0.0781680    0.0007428    0.0457860
   0.0185583    0.0739858   -0.1022384
   0.8705249   -0.4321822    0.1495875
  -0.0525429    0.2325369   -0.1383576
   0.2945814    0.1985578   -0.0180535
  -0.1181355   -0.6379554    0.1476625
  -0.0544922    0.0356732    0.0811997
  -0.2184417   -0.4752984   -0.5266746
  -0.8181986   -0.3387480    0.4199132
   0.2773529    0.1204558    0.1925593
  -0.2022959   -0.5373032    0.0422973
  -0.5662549   -0.5822595    0.2983111
   0.0571214    0.0102701   -0.0160599
  -0.2730865   -0.5257578   -0.3366570
  -0.1020077   -0.1817819   -0.2670863
   0.1616225   -0.0324711    0.0022288
   0.1582703    0.0808354   -0.3077793
  -0.3240709   -0.5012417   -0.3654432
   0.0340023   -0.1434054    0.0365016
  -0.7699127   -0.4106341    1.1004581
  -0.3863898   -0.8516798   -0.0632893
   0.1260401    0.0109353    0.0178357
  -0.8507618    0.4807331    0.2280080
  -0.3794369   -0.4385058   -0.1951254
   0.2211591    0.0482724    0.1218481
  -0.3142811    0.2912152   -0.1099739
  -0.0714211   -0.0656956   -0.0657929
   0.0972897   -0.0369766   -0.0431568
   0.1785800   -0.6202006    0.0381535
  -0.1792269   -0.0793695   -0.2099975
   0.0375112    0.0017584   -0.2958156
   0.4148388   -0.3450145   -0.1548987
  -0.0553520   -0.0626735   -0.2108049
  -0.0339829    0.0555578    0.1774433
   0.8521827    0.2905419    0.5302191
  -0.2388967   -0.1618618    0.2097531
  -0.0628016    0.0956731    0.1085912
  -0.3644611   -0.0545678   -0.1615700
   0.9609328    0.2142702    0.0051517
   0.1747278    0.1416620   -0.2124201
  -0.5112780   -0.5431336    0.6137225
   0.0961866    0.9808229    0.0329175
  -0.0631317   -0.0775469   -0.0738028
   0.5063168   -0.0584951   -1.3178339
  -0.3878903   -0.6216472   -0.3270703
  -0.2113823   -0.0270899    0.0702319
  -0.0636518   -0.5117249   -0.9202250
  -0.1677714    0.4878884   -0.2947972
  -0.0004241   -0.0865477    0.1861239
  -0.1656196   -0.0102395   -0.3504541
   0.4347936   -0.2583802    0.2812875
   0.0587695    0.2117442   -0.0594960
  -0.4601360    0.2379857    0.6475883
  -0.1581581   -0.1200273   -0.1611705
  -0.1310867   -0.0335087   -0.0663232
   0.1899001    0.2480528   -0.2583195
   0.2187133    0.1717580    0.0591547
  -0.0434667   -0.0786551    0.1108820
  -0.6032445   -0.0440378    0.2998202
  -0.0985623   -0.3927758    0.5015453
  -0.0959689    0.0389327   -0.1887869
   0.2555388   -0.1082226   -0.9389142
  -0.4803998   -0.3565863    0.2165000
  -0.0342627    0.0858942   -0.0957594
  -0.0059553   -0.0782532   -1.1892457
   0.0022379    0.5050241   -0.0994459
  -0.1019190    0.1210358    0.2189315
   0.7953959    0.7837330   -0.1578136
   0.5829168    0.3356418    0.2102604
  -0.0194418    0.0410316    0.1273371
  -0.3829371   -0.0485742   -0.6580842
   0.3676750   -0.0271387    0.6305229
   0.1764843    0.1209994   -0.0918593
  -0.2112811    0.3746583   -0.2017953
   0.0310992   -0.6574944   -0.3763019
   0.0480781   -0.0790183   -0.0345050
   0.5808645   -0.2477305    0.4762393
   0.1950589    0.5407408   -0.1762178
  -0.0821974    0.0848867   -0.1573667
  -0.0831875    0.0612244    0.1251413
   0.2503113    0.3114296    0.2760814
   0.0912885   -0.1051174    0.0695979
  -0.0503247   -0.3554545   -0.0047018
   0.1445353   -1.0008222    0.6278948
   0.0244012   -0.0293007   -0.1724210
  -0.6963629   -0.5229177    0.4085419
   0.2690715   -0.0389441   -0.1464978
   0.0600244   -0.0410540   -0.0743312
   0.1126186    0.5810376   -0.5015017
  -0.3549384    0.2540621   -1.1263374
  -0.0652428    0.1303051   -0.0627137
  -0.2814396   -0.1622171   -0.3040452
   0.1466229    0.8656771   -0.4541881
   0.0810076    0.0519191    0.0236179
   0.3243779    0.0767562    0.1393857
   0.9894859   -0.3395863   -0.2117703
   0.0301267   -0.0325246    0.0157651
   0.3177317   -0.0790370   -0.0343260
   0.4371048   -0.1285277    0.5781969
   0.1332439    0.1440611   -0.0458323
   0.2232223   -0.2994133   -0.1426287
  -0.2751235    0.0191062    0.2140292
  -0.0080556   -0.1093762    0.1136629
   0.1558624    0.0309140    0.7923083
   1.1538930   -0.1313505    0.0579158
  -0.1406651    0.1244265    0.0217013
   0.4079513    0.2532181    0.1282251
  -0.1813434    0.2640399    0.3590642
  -0.1290417    0.1787489   -0.0710507
   0.4371002    0.4802419    0.6319820
  -0.0003233    0.6825433   -0.0467120
  -0.0565504    0.0242002   -0.0192322
  -0.1748838    0.4026986    0.5577797
  -0.1363496   -0.1676867    0.1927611
   0.0776033    0.2025891   -0.1142622
  -0.1384863   -0.0026648   -0.0396629
  -0.3221701   -0.2604137   -0.4029650
   0.0189465   -0.0375548    0.0581263
   0.0948175    0.7802496    0.4340671
  -0.6825112   -0.8591974    0.5595012
  -0.1603104    0.1640709    0.0175234
   0.3088948    0.7557184   -1.0348901
   0.0333256   -0.5330312   -0.0438345
  -0.2018576   -0.0157400    0.1178148
  -0.3857791   -0.3726120   -0.5513490
   0.2552359    0.3477844    0.3414112
  -0.1485635    0.1720490   -0.1296848
   0.0600871    0.5315019   -0.4620441
   0.8139907    0.8963740    0.6037698
   0.0864148   -0.0376871    0.0328883
  -0.0487626   -0.0340181    1.0910811
  -0.8758594    0.0368862    0.4654104
  -0.2263138   -0.0140179    0.0728333
  -0.0675088   -0.7842615   -0.6182555
  -0.7199629   -0.4820424   -0.1680641
  -0.0617458    0.0134548   -0.0444747
   0.5205255    0.4246235   -0.7929097
  -0.1004871   -0.5038362   -0.3204351
  -0.1305766    0.1748486   -0.0101358
   0.2047427    0.6463844    0.3753399
   0.2099691   -0.0475852    0.1136788
  -0.0130950    0.0237131    0.0417219
  -0.2685792    0.2442942    0.0667145
   0.2371393   -0.1656628    0.0682707
  -0.0106547    0.0980950   -0.0451270
  -0.5382305    0.3998541    0.0120999
   0.2408187   -0.0534151    0.6208311
  -0.0300887   -0.1968509    0.0543085
  -0.5064349    0.3151596    0.1417010
   0.1104335    0.6098631    0.1498025
  -0.0558815    0.1086885    0.0849476
  -0.2831224    0.1488189    0.0236903
   0.4818591   -0.0282706    0.2481275
   0.1107918    0.0670415    0.0171679
   0.7609977    0.5422409   -0.2810615
  -0.3889112    0.2605164    0.0964547
   0.0052517    0.1013433   -0.1315360
  -0.6076223   -0.1340431    0.5394694
  -0.5884839    0.1384980    0.7231668
   0.0552916   -0.1838718    0.0485588
   0.9155667    0.5465909   -0.0960464
  -0.2116783   -0.4528110   -0.2020834
  -0.2365556    0.1199616    0.1020521
  -0.9770302   -0.0143489    0.3566240
   0.1575467   -0.0342376    0.6066655
   0.0478875   -0.0024362    0.1222224
   0.2505550    0.2042420   -0.2741295
   0.5970107    0.3832086   -1.3181159
  -0.1190531    0.0510815    0.0584386
  -0.2288259   -0.0491359    0.1256785
   0.6059674    0.3812128   -0.2205755
   0.0293224    0.0098848   -0.0456322
   0.3637501   -0.2377921    0.1242349
   0.0614774    0.2816126   -0.5714855
  -0.0439636    0.1633063    0.2106360
  -0.1239553   -0.6732023    0.1615291
  -0.1069488    0.1634662   -0.4340563
  -0.0153561   -0.0077104    0.0914323
   0.6068239    0.6445301    0.7301418
  -0.5335811   -0.4270829   -0.2259141
  -0.2220803    0.0232051    0.0890970
   0.3217874   -0.4141967    0.1907925
  -0.1719432   -0.1012581   -0.8498913
   0.0629439    0.0831974    0.1026412
   0.1586297   -0.0896281   -0.4341418
   0.0288463    0.3152186   -0.0142214
  -0.0011246    0.0043331    0.2095589
  -0.5918569    0.0489397   -0.1988580
  -0.4375182    0.1299570   -0.3943191
  -0.0844460    0.0279061    0.0205282
  -0.5603666   -0.4479090   -0.3862872
  -0.6453400    0.1643516    0.5988303
   0.0535567    0.1528724    0.1876177
  -0.3249918   -0.5084313    0.3145549
   0.4609531   -0.3818507    0.0770565
   0.2097835    0.1220830   -0.0213646
  -0.5190874   -0.0249313   -0.9156260
   0.0635746    0.1478473   -0.4314502
  -0.0986354   -0.0642968   -0.1297183
   0.1771960    0.8398141    0.0418198
   0.7702384    0.1940002    0.4957915
  -0.0177624    0.0950946   -0.2487662
  -0.0599248    0.3067857   -0.6299272
  -0.1770929    0.3286958   -0.6101920
  -0.0355496    0.0160910   -0.0325582
  -0.1554961   -0.2129618   -0.3337896
   0.1597146    0.0693422   -0.2203643
   0.2496268    0.0778627   -0.0110852
   0.2538407    0.2585096    0.0615042
   0.3856671   -0.8277808    0.6024179
   0.1451463    0.0486754   -0.0900251
   0.2049237   -0.5312229    0.2874046
   0.0795459   -0.7210643    0.6579022
   0.2325668   -0.1607490   -0.0124016
   0.7501897   -0.0054523    0.0257839
   0.4323091    0.0256652   -0.5021278
  -0.0021491   -0.1314582   -0.0724443
   0.2416809    0.1694990   -0.4117309
  -0.5750129   -0.8420826    0.1739709
  -0.0668417    0.2291650   -0.0407627
   0.4211583   -0.2779255   -0.7727237
  -0.0548096   -0.0566881    0.5614463
   0.0258597    0.0549418    0.0916816
  -0.4208112    0.1982134   -0.1431047
  -0.7871833    0.0076414   -0.3057612
  -0.0210268   -0.0423968    0.2583498
   0.0460358   -0.2532746    0.3621227
   0.0965152   -0.3316374    0.1460773
  -0.0084644    0.0406748   -0.0760576
   0.4105385   -0.2956449    0.4067731
  -0.2111891    0.2815510   -0.4933071
  -0.0167722   -0.0616066    0.0123072
  -0.3985742   -0.1159795    0.8168933
   0.6717374    0.4008516   -0.0998305
  -0.1577371    0.1357150    0.1168897
  -0.3110571    0.3057305    0.1343185
   0.8591563   -0.1439143    0.4402461
   0.0876801   -0.0353275    0.0198656
  -0.2996235   -0.3942688   -0.2480851
   0.7979063    0.4710911   -0.1392176
  -0.1910175    0.2197302   -0.1800621
  -0.3973131    0.6603222   -0.1290736
   0.3861654   -0.3267853    0.4394768
   0.1251716   -0.0327771   -0.0910121
   0.0923794   -0.9956259    0.4193131
  -0.0813487    0.4905725   -0.4917872
  -0.0453328   -0.0800617    0.0831535
  -0.4859346   -0.8540189   -0.1921950
  -0.9154702   -0.5582088   -0.4657389
   0.0633425    0.1667581    0.2026714
  -0.1720821   -0.0985853    0.0837029
   0.0876899   -0.2644304   -0.0268682
  -0.2223375    0.0123830   -0.0080515
   0.1323112    0.2237553    0.2175116
   0.2304076   -0.3952805    0.3878302
   0.0292254    0.0190741   -0.1470853
  -0.1343087    0.3604082    0.2804205
  -0.3943678   -0.0160969    0.9654984
  -0.0042848    0.1001421    0.1424900
   0.0254427   -0.0673659    0.1776524
   1.0172924    1.0922940    0.7191890
   0.2150722   -0.0702628    0.0161188
  -0.6927900   -0.6122720    0.2544691
   1.1964415    1.0323236   -0.4081927
   0.0944026    0.0297252    0.0135103
  -0.3108254   -0.2585096   -0.5315721
   0.0752011   -0.1445054   -0.4262614
   0.0209477   -0.1636283    0.1180056
   0.2024802   -0.9322681   -1.3136356
   0.3779802    0.4859168    0.2781541
   0.0945584   -0.1014423   -0.0568515
  -0.0785758    0.0710544    0.6203749
   0.0767651   -0.0438543    0.0548923
   0.0922017   -0.0543247    0.2847840
   0.2313194   -0.8387427   -0.2829499
   0.5125647    0.4619290   -0.0176988
   0.0429580   -0.0508422   -0.0095733
  -0.3591879   -0.4845316   -0.1424323
  -0.4698379    0.2815202   -0.5191182
   0.1919424    0.0359949    0.0059480
   0.1929561   -0.2296851   -0.5119795
  -0.0313844    0.0765251    0.2311616
  -0.0826562    0.1925203   -0.0536295
  -0.1698572   -0.0333341    0.2114941
   0.4851394   -0.0908561   -0.2588880
  -0.0100172    0.0053365   -0.0174147
  -0.2690445    0.1719915   -0.1326910
  -0.0662339    0.0667126   -0.4210312
   0.0401852   -0.0613280    0.0211640
  -0.3438134    0.1545481   -0.0992609
  -0.1553845   -0.4090640    0.1736363
   0.0118518    0.1248381    0.1527997
   0.0475298   -0.1954869    0.6707070
  -0.8643153    0.1894610   -0.9913965
  -0.0196711    0.0159096    0.0008775
   0.0779927   -0.2685076   -1.3544655
  -0.3580305    0.6360949    0.4404753
   0.0090584   -0.0342415   -0.0423636
  -1.1999395    0.2745507    0.7600421
  -0.5225307   -0.7545676   -1.0784667
   0.1701263   -0.2348943   -0.0474395
  -0.6064098    0.3000543   -0.4576767
   0.3930004    0.8056962   -0.4439835
   0.1751139    0.2536253    0.0506783
   0.2991877   -0.0774886   -0.1802617
   0.6396106   -0.3162605    0.2427131
  -0.0619036   -0.0872421   -0.2033809
  -1.0130124    0.1072833   -0.6842890
   0.0419499   -0.5913436   -0.2997440
   0.1452370    0.0691107    0.0165258
  -0.8355098    0.1666385   -0.3877840
   0.4719906    0.2932316    0.5462368
   0.1976095    0.0123417   -0.1369609
   0.0321801    0.1175317    0.1241803
   0.7953874   -0.3481398    0.0479500
   0.0300643    0.0865235    0.0003365
   0.7985261   -0.2066490    0.5167469
   0.4985022    0.2662054   -0.0125129
   0.1842752    0.1765239    0.0484753
  -0.6714545    1.0968788   -0.1835455
   0.0548276    0.0301274   -0.2284366
   0.0968289    0.1171954    0.1111586
   0.0748058   -0.1601734    0.3670868
  -0.5308371    0.3189205    0.5849530
  -0.0040387    0.0566405    0.0908333
   0.4173584   -0.4541352    0.3626059
   0.7382560    0.4447836    0.0250278
   0.0175570    0.0558452    0.0040906
  -0.2007756    0.1019437   -0.1949527
  -0.2327560   -0.6643843    0.0030561
   0.0044743    0.0204026   -0.2575208
  -1.2043552   -0.7916741   -0.0608831
  -0.3545625    0.3185886    0.0265454
  -0.1284136   -0.0336369    0.0943196
  -0.2459828   -0.2689847   -0.4930359
  -0.0040598    0.1589510   -0.2948795
   0.0623906    0.1028536    0.2650223
   0.0665379    0.0869137    0.0981254
  -0.3628309    0.1220446   -0.2612225
   0.0149737   -0.2524526    0.1723458
  -0.0583773   -0.1558839   -0.6361306
   0.4709384    0.2041183   -0.0726900
  -0.2562062    0.1457170    0.0157418
  -0.1330614   -0.2774942    0.1624603
  -0.5281203    0.3230438   -0.1932280
   0.0877124   -0.2713361   -0.1196417
   0.4401030   -0.1295550    0.7434163
  -0.6822825    0.3172311    0.0747347
   0.2010499   -0.0949552    0.0818378
   0.8086295    0.0030374    1.0918993
   0.1722224    0.3006769   -0.3589208
   0.0826356   -0.0837958    0.1132981
  -0.1710094   -0.3141436   -0.1874017
   0.3941115    0.3281127   -0.0058596
  -0.0464504   -0.0474831   -0.1726919
   0.0801071   -0.3036924    0.0567395
  -0.2618887   -0.6309859   -0.2255664
  -0.0068267    0.0891486   -0.3103316
  -0.2408539   -0.5897846   -0.3378451
   0.2187582    0.4196828   -0.3431525
  -0.0773958    0.0917512   -0.0547092
  -0.6502958    0.7603704   -0.4041656
  -0.3951054   -0.2091898    0.0993510
   0.0133505    0.0905387    0.2150986
  -0.4593410    0.6077787   -0.4965160
   0.1429722   -0.0817884   -0.0328101
  -0.0042482   -0.0927911    0.0081089
   0.4949189   -0.1847696    0.2766207
  -0.7472506    0.5671590    0.2061867
   0.0960084    0.0890942   -0.1488639
   0.4816393    0.1652482   -0.4682251
  -0.7187131   -0.3358542   -0.4367600
  -0.0247907    0.0447351    0.1026259
  -0.1866122   -0.4011692   -0.3858688
  -0.7370225    0.6361072    0.4509564
  -0.1838881   -0.0191744    0.0344227
   0.0769414   -0.2984725   -0.1539583
   0.3253377   -0.3436722   -0.0586185
  -0.1273038   -0.0006578   -0.1017188
  -0.2357245    0.0000825   -0.1478133
  -0.2749938    0.2412893    0.4492975
  -0.1224863    0.0306407   -0.0097639
  -0.3656707    0.2525918    0.5445169
  -0.7247037    0.6181362   -0.3095058
   0.0425475    0.0734666   -0.1248428
   0.0891212    0.3264842    0.1143810
  -0.0535462   -0.3642960   -0.0390596
  -0.1582417   -0.0444326    0.0194616
   0.0854413   -0.3792984   -0.4307014
  -0.3031912   -0.2338399   -0.3386858
   0.1398107    0.0243929    0.0573825
  -0.5819146   -0.5345553    0.2698357
   0.0646253    0.0007285    0.7888587
   0.1494683   -0.1792287   -0.0010587
   0.0509106   -0.7410373   -0.6811114
   0.5013834    0.3158599   -0.9453479
   0.0386143    0.1534991    0.2773381
  -0.9885532   -0.3144351    1.2329893
   0.2746605    0.5258462   -0.2139748
   0.0678078    0.0765291   -0.1383691
  -0.3739364    0.1505952    0.2633604
   0.0124873   -0.4627411    0.7198195
  -0.0005679   -0.1683081   -0.0306896
   0.2661796   -0.3326959   -0.6634681
  -0.0287044   -0.4760172   -0.2485504
   0.1686336    0.0419812    0.2252986
   0.4061188   -0.7772332   -0.3078510
  -1.0858225    0.7448332    0.3758296
  -0.2374058    0.0523019    0.0072517
   0.8610907    0.0492193   -0.6423451
   0.0709452    0.2149455   -0.3481642
   0.0123867    0.0237259    0.0204119
  -0.5678294    0.0363301   -0.5475438
   0.0515449    0.1815671    0.4175927
   0.0836571    0.2444994    0.0690458
  -0.2669308   -0.1250722   -0.3253343
  -0.1982853    0.1763095    0.4806634
   0.1506399    0.0154695    0.0144643
  -0.2561297   -0.6177026   -0.2574801
  -0.8253463    0.1006137    0.0900570
   0.0691568   -0.0056345    0.2312524
   0.8671669   -0.2440600    0.6802941
   0.3591857    0.7877562   -0.6780263
   0.0173860   -0.0073967    0.1432005
  -0.0514712    0.4925041    0.4640088
  -0.4504872   -0.1892181   -0.1467097
   0.0892385   -0.0506650    0.1366705
  -0.7094187   -0.0814795   -0.2938238
   0.0202564    0.0214547    0.1137907
  -0.1840198   -0.0921476    0.0395269
  -0.5637178    0.3668673    0.6661182
   0.1985407    0.1089420    0.0190900
   0.0408958    0.0166776   -0.1402810
   0.1287272   -0.8076285   -0.8432099
   0.3267192    0.5526606    0.3423039
   0.1035318   -0.0309105   -0.0343525
  -0.9023622    0.5088882    0.6095855
  -0.6339644    0.0603681   -0.0897302
   0.1632344    0.1135173   -0.1217247
   0.5325716    0.2431502    1.0906335
   0.6646311   -0.0161339   -0.5177553
   0.2546543    0.0939872    0.1669275
   0.8859512    0.5223368   -0.1186692
  -0.3381550   -0.3945714    0.5231676
  -0.0882724    0.0842347   -0.0596793
  -0.6915171    0.2397978    0.4177968
   0.2624156    0.0465722   -0.0532387
   0.0332857   -0.1791527   -0.2305802
  -0.2623862   -1.2161314    0.0072966
   0.2553221    0.0869278   -0.6209435
   0.0555046   -0.1684564   -0.0120536
  -0.1731574    0.2232748   -0.2409851
   0.0513492   -0.6404840   -1.0742061
  -0.0296771    0.0590345   -0.0713285
   0.4064357   -1.1499100   -0.8054616
  -0.2593533   -0.8364263   -0.1186647
   0.1591632   -0.0640802    0.0393223
   0.5024320   -0.0318940   -0.8527692
  -0.2894534   -0.0585154   -0.1306445
   0.1292304    0.0324275   -0.2208313
   0.8306305    0.2823847   -0.1746810
   0.4029901   -0.4597784   -0.4512965
   0.0171059    0.0392369   -0.0760109
   0.2419255   -0.1215481   -0.1140611
   0.6950186    0.3815111    0.7450930
   0.1116806    0.0806200   -0.0588204
  -0.3492713    0.3008634    0.2720046
   0.3903854   -0.5106034   -0.0773540
   0.0563622    0.1562626   -0.0998962
   0.2338885    0.4230937    0.6787655
   0.5782245    0.6371306    0.3259061
   0.1595697   -0.0723081    0.0565503
  -0.6138172   -0.4599066   -0.5368621
   0.0741939   -0.3626692   -0.6352884
  -0.0162630   -0.1382485    0.1153785
   0.6865967    0.3238908   -0.1585231
   1.1336310   -0.7589919   -0.0753317
   0.1137963    0.1029363    0.0380256
   0.3885252   -0.6816719   -0.0791870
  -1.1879777    0.1887285   -0.5489058
  -0.0751199   -0.1263901    0.1134471
  -0.1610813   -0.1384346    0.7837608
  -0.1976788    0.1375210    0.0543186
   0.1382877   -0.0117946   -0.0703207
  -0.9156348   -0.0838281    0.3134646
  -0.0342215    0.2633450    0.1551179
   0.0515213   -0.0214835    0.0544592
  -0.4035337   -0.9672942    0.8462304
   0.1557674   -0.1982110   -0.1254652
  -0.0409961   -0.0785376   -0.0243564
   0.2966652    0.2247699    0.4070800
   0.5730125   -0.9244469    0.4331827
   0.0573697    0.1590029   -0.0370723
  -0.4769738   -0.1358369   -0.4095242
   0.0454554   -0.2641908   -0.3930521
  -0.0415175   -0.0162986   -0.0101287
  -0.0720806    0.0643802    0.5747662
  -0.6260194    1.0106727   -0.2356480
   0.1856754   -0.0507475   -0.0304416
   0.4906194   -0.1830889    1.0464969
   0.0385602    0.4622828    0.3088629
   0.0017785   -0.1537427    0.2880721
   0.0160186    0.1565664    0.3735087
  -0.6230426    0.2943340    0.1836799
   0.1061264    0.0211630   -0.0189714
   0.1730660    0.1129831   -0.5686481
  -0.4879406   -0.6726490    0.3679992
   0.0135671   -0.0570939    0.0998244
   0.1440535    0.6600480   -0.0790354
  -0.3432511   -0.3159197    0.4747795
  -0.1700474    0.0702628    0.0980453
  -0.2281674   -0.2063679   -0.2197974
   0.6656621    0.1230689    0.1701048
  -0.2469967    0.1066866   -0.1606874
  -0.2585105    0.5160960    0.0755182
  -0.1255264    0.7188742    0.7286211
   0.0577874   -0.0142212    0.1459836
   0.2775471    0.4108865   -0.3760376
  -0.5159099    0.6836040   -0.8669379
  -0.1945333    0.1300268    0.0692346
  -0.0567211    0.0926778   -0.4664406
   0.3602231    0.8731630    0.1759661
   0.0419944   -0.0242357   -0.0653362
   0.4141086   -0.3658554    0.3375945
  -0.1190226    0.2124567    0.3901249
  -0.0262974    0.1198721    0.0211142
   0.5407385    0.2406623    0.2162603
   0.2619826    0.3717744    0.2006526
   0.0481376    0.0589034    0.1521382
   0.7802439   -0.0132175   -0.1319791
  -0.3284140   -0.2369418    0.1284531
  -0.0788203   -0.0694143    0.1702677
  -0.3989455   -0.5276467   -0.6504872
  -0.4443776   -0.5008368   -0.5283843
   0.1819780    0.0071932   -0.1155243
   0.7050577    0.2044675    0.5669122
  -0.2761432    0.6397800    0.5939149
  -0.1240771   -0.0384489    0.1104880
  -0.1123008   -0.1256867   -0.8546976
   0.3632578   -0.1333504   -0.7929972
   0.1230342   -0.1490067    0.0904695
   0.3565677    0.3055351   -0.1338555
   0.3593976    0.1293245   -0.1932762
  -0.1343320    0.0587557    0.1111255
   0.2146690   -0.6183524    0.7249662
  -0.2013109    0.3601421    0.5494480
  -0.0232231   -0.1605683    0.0661626
  -0.0789557   -0.0218084    0.0860079
  -0.5771801   -0.2405184   -0.1174473
   0.0120871    0.0043982   -0.0101038
  -0.0501031   -0.1994063   -0.3043187
  -0.1381115   -0.2769615    1.3632113
   0.0459375   -0.0987016   -0.0971382
  -0.8628764   -0.5014549   -0.6967955
  -0.4028418   -0.3052692   -0.0267730
   0.0290021   -0.0331800   -0.1857068
  -0.5689375   -0.6919426   -0.2929919
   0.1526184    0.1181275    0.5365799
   0.0769941   -0.2663850    0.1776026
   0.2049834   -0.0753797   -0.3622476
  -0.4144679    1.1209830   -0.3033169
  -0.0816748   -0.1846307    0.0250317
  -0.0140437    0.2317295    0.0013419
  -0.2621483   -0.5391706    0.6517226
   0.0857130   -0.0848636    0.0201589
   0.1493055   -0.7945940   -0.1257500
  -0.4601265   -0.2358960   -0.8600297
  -0.0063493    0.0152751    0.1899777
  -0.2985145    0.5059095    0.8751917
  -0.1226097    0.0780700   -0.1990014
   0.0126433   -0.1193673   -0.1356514
   0.6102139    0.1711406   -0.2924089
  -0.4438960   -0.2356381    0.2205153
   0.0239863   -0.1010998   -0.0553798
   0.3836986   -0.0881006   -0.1909264
   0.2162364   -0.3539536   -0.4827314
  -0.1466701    0.0490871    0.2131651
  -0.1472628    0.0582122    0.8394251
  -0.4036030   -0.0464995   -0.2081403
   0.1509937    0.0436147   -0.1904188
   0.0061090   -0.1021278    0.1510799
   0.0406746    0.0823845    0.0408564
  -0.0395854    0.0433073    0.0613185
   0.0682554   -0.4859999   -0.5463113
  -0.3531398    0.8272327   -0.4063534
  -0.1212587    0.0673047   -0.1432245
   0.4670758   -0.3889039    0.1850349
  -0.2152752   -0.8766931    0.1731331
  -0.1730991   -0.1052419   -0.0575483
   0.1605045   -0.4441984   -0.0751005
   0.1708430    0.1268945   -0.2551414
   0.1718615    0.0678094   -0.0985925
   0.4733967    0.7999724   -0.2253043
  -0.2063706    0.0043430    0.1819145
   0.1003231   -0.0092514   -0.0332450
   0.9747071    0.6707419    0.2071635
   0.4901474    0.8186289    0.3101340
  -0.0560993   -0.1516322   -0.1069089
   0.1903044    0.0506874   -0.1232608
  -0.1963680   -0.2061786    0.2159778
  -0.0922106   -0.0364664   -0.0052466
  -0.0398303    0.1637156    0.4223734
   0.0906038    0.4792590    0.0974349
   0.2031077   -0.1792842   -0.0773657
  -0.2241526   -0.1327219    0.0056914
   0.0585883    0.1296543   -0.3953473
   0.0262516   -0.1100623   -0.2118985
  -0.1078327    0.6348989   -0.1953793
  -0.0576029   -0.1493191    0.4889658
   0.1281143    0.0143655   -0.0568835
  -0.4511655    0.0451991   -0.0146482
   0.5165471    0.6107962    0.3545755
   0.0457871    0.0640848   -0.0957687
  -0.3528853    0.5104472   -0.5827515
   0.1059508   -0.4225572   -0.2224754
  -0.2250216    0.1755582   -0.0220203
   0.2649366    0.8151037   -0.4623952
   1.1393301   -0.5775118   -0.1963830
  -0.0636097   -0.0145752    0.0637547
   0.0783618    0.2061766    0.0075772
  -0.3826950    0.5430188   -0.4911645
   0.0131307    0.0582825    0.1734981
  -0.0358088   -0.3682553    0.1712392
   0.0576614   -0.4717619   -0.5422586
  -0.1953919    0.0659223   -0.1149335
   0.0722935    0.4658548   -0.0093843
   0.3769479    0.1549121    0.4613972
  -0.1196534    0.1852974   -0.0668658
   0.2598080    1.0485898    0.0346337
   0.0501883    0.1203914    0.1827575
   0.1745550   -0.2242086   -0.0344620
   0.6367588   -0.1558006   -0.2269452
  -0.0830299   -0.0740355    0.3253475
  -0.1779653   -0.1506867    0.0760272
   0.6397806   -0.0187464   -0.1664958
  -1.2097969   -0.1715550    0.1370300
  -0.1452139    0.0562329   -0.0125920
  -0.4467339    0.0599705    1.0114793
   1.1448053   -0.2807794   -0.4600752
  -0.0168670   -0.1310512    0.0002870
  -0.0097011    0.0798206   -0.0970191
   0.2884085   -1.1892139    0.6506659
   0.0762322   -0.0611304   -0.0926419
  -0.3318743   -0.5848519    0.7264047
   0.1503730   -1.0179806    0.0238070
   0.0248612   -0.1397423    0.1126453
   0.6045205    0.0739159   -0.2114050
   0.3749103    0.1698778   -0.2445406
  -0.0609577   -0.0662860   -0.1327196
   0.2651099   -0.1845060    0.2826898
   0.3846966    0.1634046    0.1764341
  -0.1608493   -0.1710271    0.1200025
   0.1399036    0.6994292   -0.7224798
  -0.6444090    0.5299346   -0.3901121
  -0.0828477   -0.0692762    0.0992586
  -0.0018728   -0.1200931   -0.0970450
   0.1643617    0.5623585   -0.0307455
  -0.0538112    0.0541866   -0.1512035
  -0.2502102   -0.6925948    0.0733022
   0.3583160   -0.6067809   -1.0081160
   0.0329014    0.0455856    0.2031757
  -0.8230091   -0.6883237   -0.3276687
  -1.0003024    0.1712700    0.3244014
   0.0403843   -0.1793249   -0.0998878
  -0.5684257   -0.8350676    0.1340706
  -0.3347297    0.2737695   -0.7550013
  -0.1319103   -0.0119858    0.1564846
   0.3233309   -0.5460352    0.4840637
   0.1103381   -0.3828387   -0.3471038
  -0.1076693   -0.0306308   -0.0742668
  -0.3849221   -0.0707282    0.4118251
  -0.1707662   -0.1721116   -0.5416422
  -0.2230577    0.0369423    0.2550128
  -0.5364766   -0.4681686    0.1734569
  -0.5121964   -0.5208511   -0.1587656
   0.0473005    0.0949023    0.0366369
   0.6719435    0.2264997   -0.2537404
   0.2231748   -0.5250545    0.5450596
   0.0972775    0.0017596   -0.2053990
  -0.2814856    0.3840904   -0.2236301
   0.7366565    0.3242821   -0.6603148
   0.0719632    0.1649318    0.0312060
  -0.0717537    0.4372143    0.3984120
  -0.5714874    0.2688811   -0.9612227
  -0.0840723    0.1045311   -0.1161612
  -0.8404556    0.9348812    0.4381977
   0.1309753   -0.1860178    0.6183028
   0.0638732   -0.0109732    0.0514443
  -0.6254123    0.0178772    0.2014720
  -0.6938027   -0.9665729    0.1792273
   0.1246063   -0.0801030    0.1529140
  -0.1015323    0.1194000   -0.2808874
   0.0012502    0.2077661   -0.1370410
  -0.0059016    0.1000158   -0.2366238
   0.3269546   -0.1655797    0.1297308
   0.2657579   -0.0725572    0.0252146
  -0.0098260    0.0221783    0.2393505
  -0.5407422   -0.5036145   -0.4103781
   0.6392681    1.6269825   -0.2038613
  -0.1411058   -0.1709820    0.1024579
  -0.3466175    0.0767560    0.4206578
  -0.4204514    0.4855118    0.3737760
  -0.0235950   -0.0094706    0.0006281
   0.4695019    0.2678980    0.3352736
   0.8685765   -0.3777446    0.0593209
  -0.0716756   -0.1529377   -0.1443981
  -0.4380578    0.6828316    0.5424981
   0.0186404   -0.1754086   -0.6398195
  -0.0879081   -0.0440260   -0.0824263
  -0.1239376   -0.4215205    0.3042829
  -0.2625965   -0.1432258    0.3438371
  -0.0473428   -0.0497162   -0.0203854
  -1.1354871    0.1293564   -0.1713419
   0.2690787   -0.4397185    0.9001176
   0.0213835   -0.0053814   -0.1162858
   0.0479581   -0.2282109   -0.4640007
  -0.2465925   -0.1103916    0.7281672
  -0.1355196   -0.1165897   -0.0294633
   0.2165923    0.0736951   -0.2198897
   0.5819373    0.3719894    0.5524309
  -0.0311365   -0.0324598   -0.0095267
   0.7193405    0.1723193    0.1735391
  -0.4689234    0.5919120   -0.2175175
   0.0212200    0.0986521   -0.1395591
  -0.5448382    1.3123488   -0.2292635
   0.0599059    0.1192683    0.7914256
  -0.1103234    0.1196796   -0.0019019
  -0.4272666   -0.5507479    0.8664180
   0.7805279    0.2392637    1.3286606
   0.0627556    0.0593341   -0.0529482
  -0.1669233    0.7947868    0.1743303
   0.3818367   -0.6068354   -0.6058145
  -0.0858666    0.1266409    0.0981922
   0.3598296   -0.0385088    0.2850745
  -0.0246871    1.2108363    0.4116577
   0.0454618   -0.0667181    0.0593067
  -0.5423592   -0.9329147    0.2388446
  -0.2359157    0.6331303    0.6843963
   0.1312791    0.1000886    0.0520989
  -0.0102465   -0.1731773   -0.1642287
  -0.2247349   -0.6116685   -0.2385933
  -0.0653272   -0.0340068   -0.1323429
  -0.0969750   -0.1580294   -0.4795599
   0.3550427   -1.1411134    0.6605505
   0.0310223    0.1447952   -0.0215251
  -0.0516522   -0.5672864   -0.4845658
   0.5695223   -0.7718111   -0.7132629
   0.1604983    0.0011621    0.1549272
   0.2010242   -0.0858167   -0.3973148
   0.6533570    1.0103682   -0.6948295
  -0.2691833    0.1860113   -0.2536324
  -0.6486173   -0.2437707    0.1266214
  -0.3803436    0.4498837    0.0179984
   0.2361365   -0.0909971    0.0655768
  -0.3921060    0.7650055   -0.2722846
  -0.3867364    0.4279442    0.3861560
  -0.0518060    0.1931996    0.0504127
  -0.7399325    0.1427536   -0.4458495
   0.1403992    0.2272335   -1.2134943
   0.1924008   -0.1395491   -0.0011840
  -0.1726229    0.5756510    0.4526586
  -0.0187124   -0.0742575   -0.0388892
   0.1560788   -0.0022943    0.0178567
   0.6541747    0.3555285   -0.5175422
   0.0678654   -0.9858786    0.5366551
   0.0274844   -0.1100711    0.1572500
   0.0313356   -0.4376341    0.2944842
   0.2559405    0.3678774   -0.1920592
   0.0587992    0.0220338    0.1632686
   0.7624515    0.5415391    0.1032047
   0.5285515   -0.1489077    0.1025271
  -0.0685598    0.0489757   -0.1056245
  -0.1664016   -0.0548718   -0.3233443
   0.1901610    0.1313827   -0.5717110
  -0.0190039   -0.1124647   -0.1190609
   0.0419016    0.4767626    0.3850891
  -0.2370861   -0.8432725    0.1532752
   0.0753925    0.0642523    0.1069845
  -0.1274994    0.2281557   -0.1200125
  -0.6014606    0.1345229   -0.4356336
   0.0055660    0.1246389   -0.0065108
   0.0321961    0.2968371   -1.1793848
  -0.1255930    0.1830834   -0.2108717
  -0.0765705    0.0252694    0.0288196
   0.0382426    0.1823487    0.3798143
   0.7468019    0.2953587    0.1718219
   0.0382514   -0.0633795   -0.0004112
  -0.4615997    0.5479673    0.1557488
   1.0762960    0.0417744    0.1243725
  -0.0537380   -0.0577219   -0.0632934
   0.2493321    0.5239194    0.4778107
  -0.4605715    0.4541313    0.1485029
  -0.0619145   -0.0173023    0.0374782
   0.0473079   -0.1410441   -1.2130527
  -0.0550858    0.6267317   -0.5132523
  -0.0260082    0.0102109    0.0890862
   0.2463354   -0.2151557    0.4022155
  -0.0536612    0.2114696   -0.5851471
  -0.0753555    0.0278159   -0.0882094
   0.0098790   -1.0944161   -0.2621796
  -0.8833758   -0.2198127    0.6623608
  -0.0070139    0.0427708    0.2043636
   0.9379827    0.4792237   -0.3127129
   0.4048692   -0.2344509    0.2251489
  -0.1300518   -0.2202669   -0.0400583
  -0.4710568   -0.1583441    0.5243411
  -0.7298037   -0.2014843   -0.1199775
   0.0407860   -0.0553230   -0.0476468
  -0.1178364    0.0718481   -0.1931204
  -0.6753037   -0.5581399    0.2223876
  -0.0206861   -0.1110094    0.0344339
  -0.0895894    0.5176532   -0.6446196
   0.5529847    0.1901103   -0.3157638
   0.0059782    0.1223385    0.0333623
   0.0955278   -0.4698175    0.1374542
  -0.1187484   -0.0886039    0.4205748
   0.1275141    0.2786559    0.1680344
  -1.3762982   -0.5441789    0.5833624
  -0.3101957   -0.2716317   -0.7737920
  -0.1130920   -0.0196262   -0.0292326
  -0.4041429   -0.0163122   -0.0962466
  -0.2487994    0.6462032    0.4841856
  -0.1714899   -0.1608766    0.1273125
  -0.5165284    0.6132467   -0.3896148
   0.0217842    0.4065537    0.3662536
   0.0751498    0.1049960   -0.0835181
  -0.6387098    0.1904527   -0.1720516
  -0.4181625   -0.2243905    0.0385220
   0.1250872   -0.2333482   -0.0659199
  -0.0895558   -0.8143320    0.7628826
   0.5345146   -0.2649273    0.2844259
   0.2498531   -0.0258807   -0.1651944
   0.3759496   -0.2759229    0.3325906
  -0.5743746    0.7667306   -0.2273179
   0.0060386    0.2363714    0.0199712
   0.1802345   -0.2616378   -0.5796297
  -0.7517682    0.2477546    0.2888604
  -0.0732864   -0.1128171    0.1641011
   0.1620347    0.1231922    0.0684984
   0.0026171   -0.6418273    0.1285688
   0.2083768    0.1004513   -0.0134407
   0.7135091   -0.0836624    0.1491311
   0.1428016    0.2049401    0.4604657
  -0.0039759   -0.1049664   -0.2000223
   0.2149404   -0.3109167    0.3034967
  -0.6581537    0.2181848    0.9192958
  -0.0061480   -0.0465176    0.0161757
  -0.0655358   -0.4210632   -0.0347448
   0.8073778    0.8029523    0.2584912
   0.0671806   -0.0328327   -0.1010277
  -0.2020389   -0.4908080    0.5040700
   0.2564170    0.1004710    0.2331464
   0.1261263   -0.0817485   -0.0302070
  -0.1959980   -0.2632140   -0.2580409
   0.3537589    0.5568268    0.4371889
   0.0597015    0.0007994   -0.2381472
  -0.1967143   -0.6478884    0.7020983
   0.2750393    0.0994277   -0.4876586
   0.0767415   -0.0890589   -0.0877709
   0.0454132   -0.2865131    0.3786323
   0.1221216   -0.1899914    0.0890202
   0.0513449   -0.0324882   -0.1156073
  -0.7410955    0.8072274    0.3368932
  -0.4636246    0.1567239    0.1165367
  -0.1182930   -0.0034266   -0.1447594
   0.0515338    0.0508864    0.3854371
  -1.2794507    0.5175995    0.6931438
  -0.1930605   -0.0416077   -0.0011864
   0.0215283   -0.4506323   -0.3871001
   0.0848548   -0.2025473    0.6725281
   0.1093875   -0.0686916   -0.0048622
   0.2943823    0.6460989    0.1280997
   0.4701093   -0.6697609   -0.1678691
  -0.0849437    0.1179333    0.1540819
   0.9156115    0.1123822   -0.4917935
  -0.1343041   -0.1560379    0.1132030
   0.1126141    0.0120967   -0.0668610
   0.2721610   -0.2785061   -0.1824365
   0.3894390   -0.1992129   -0.2810466
   0.3598656    0.0398410   -0.2204492
  -0.5508690   -0.2551771    0.7030202
  -0.8161179   -0.2773873   -0.1545703
   0.0138935    0.0388812   -0.0759557
  -0.3994332   -0.5229734   -0.3661295
  -0.4752156   -0.4034342    0.5418863
   0.0125352    0.1673979    0.0878653
  -0.6185872   -0.5901693    0.5257588
  -0.4632692   -0.0072830    0.2171770
   0.1416579    0.2221502   -0.0210987
   0.2912866   -0.2572703   -0.1385892
  -0.5706504    0.4652286    0.1767075
   0.0804600   -0.0171905   -0.0969998
   0.2653348    0.3136232    0.2342369
  -0.1333127   -0.4767899    0.0060256
   0.0278839   -0.0287459   -0.1790108
  -0.0807043   -0.2260583    0.1463945
   0.7165213    0.2446477   -0.2391315
  -0.0453656    0.0350361   -0.1410567
   0.0551896    0.0430995   -0.6069645
   0.3981212   -0.0292513    1.2513592
  -0.3032488    0.1320987    0.1869384
  -0.0109536    0.6826128    0.4889553
   0.4047849    0.3108523    0.5015693
  -0.0799894    0.0077465   -0.1126344
   0.0650054   -0.7080473   -0.1451863
  -0.3037994   -0.3482731    0.3619196
   0.0416691   -0.0208893    0.0284807
  -0.3643789   -0.0110845   -0.0079994
  -0.0554837   -0.0738979   -0.1293883
   0.2419958   -0.1016743    0.0647478
  -1.0336401    0.7542241    0.0199633
   0.3567488   -0.2854130    0.9201247
  -0.0721069   -0.0427175    0.0183289
  -0.0104463    1.1196523   -0.4636672
  -0.0196721    0.1335597   -0.2001523
   0.0207241   -0.1472922   -0.2675451
  -0.6607649    0.3505400    0.5156975
  -0.3623483    0.1088070    0.4380686
   0.0885046   -0.0909007   -0.1266639
  -0.0658127    0.3485702   -0.0425797
   0.2274162   -0.4467210    0.4161514
   0.1597618    0.1235263    0.1680045
   0.6428268   -0.8720873    0.2938465
  -0.1009291    0.3281689   -0.5865791
   0.0861725    0.0295779    0.0012588
   0.5827422   -0.2735424   -0.8961207
  -0.1625308    0.3763193    1.1646709
  -0.0271413    0.0811907    0.1319906
   0.1071161   -0.0129845    1.2050854
   0.2189195    1.0203897   -0.3322288
  -0.0841444    0.1034765   -0.1996963
  -0.4950112    0.4482616    0.4417758
   0.4792023   -0.3019426    0.7707983
   0.2431573    0.0430427   -0.0000352
   0.5845475   -0.0037376   -0.6027448
   0.2919670   -0.0098862   -0.0957098
   0.2740865    0.1623269    0.1099479
  -0.0526033   -0.9381769    0.1222397
  -0.3754668    0.2175666   -0.6599491
  -0.0517528   -0.1674426   -0.0183386
  -0.9146696    0.3131834   -0.2168442
   0.5917244    0.1725889    0.4536222
   0.1688015   -0.0694783   -0.0487933
  -0.2960408   -0.3678520    0.2060343
   0.0342948    0.0249772    0.7396786
   0.1482966   -0.2032561   -0.0379752
   0.1902027    0.3877624   -0.6221019
  -0.1470038   -0.1430129   -0.1006745
   0.0030185    0.0141722    0.0084108
  -0.3234144    0.6770658    0.3059871
  -0.3181478   -0.0085641    0.0571916
  -0.0334784    0.1321051    0.0690619
   0.1442496   -0.4823388   -0.0087954
   0.0530135    0.5924306    0.1864759
  -0.1000965   -0.1035668   -0.0868704
   0.1101053   -0.4933273   -0.9237088
   1.2423614   -0.8052830    0.0865395
   0.1094649    0.0415915    0.1378442
   0.5906094    0.0146699   -0.0417506
   0.0934855    0.3085736    0.4563333
   0.0439839   -0.0400828   -0.0877713
  -0.4284459    0.4193792    0.4376477
  -0.4298159   -0.5307280    0.0664409
   0.2870524   -0.0978446   -0.2149649
  -0.2952579    0.5458722   -0.1341664
  -0.0546078    0.4460371   -0.0315889
  -0.1104241   -0.0857188   -0.1091603
   1.2664739    0.3292442   -0.2030952
  -0.1491959    0.1557683   -0.1285640
   0.1020745   -0.0356552    0.0452426
  -0.3921462    0.0176957   -0.1023116
   0.9311861    0.5531901   -0.1919356
   0.2984304    0.0533835   -0.0508621
  -0.5980665    0.1536672   -0.0422842
  -1.2106181   -0.9026487   -1.1341593
  -0.0441482    0.2780216   -0.1837809
  -0.1357417    0.2512925   -0.4235173
  -0.4641011   -0.0959820    0.1265564
  -0.0379944   -0.0145132   -0.0535140
  -0.0331459    0.2746136    0.1566319
  -0.2541569    0.4073868   -0.1540370
   0.0071136    0.1569134    0.1958052
   0.0066052    0.5673012   -0.7643022
   0.5144013   -0.2471510    1.2786402
   0.2471859   -0.1183228    0.0810446
  -0.6220517   -0.0531445   -1.3767630
  -0.1868540    0.0043353   -0.2472804
   0.0157149   -0.0386839    0.0962165
  -0.5832980   -0.1063252    0.5837393
   0.0753932   -1.0032707   -0.0185218
  -0.0303544   -0.0098425    0.1093451
  -0.1458511    0.2786559    1.0047307
  -0.2920551   -0.4080718    0.6186725
   0.1298053    0.0545277   -0.0757897
   0.0902670   -0.5613578    0.4383237
   0.5545916   -0.3121792   -0.3699045
   0.1268500   -0.0635037   -0.1193825
   0.2625921    0.8178971   -0.1304745
   0.0211181   -0.7099455   -0.8559695
   0.1502930    0.1868218    0.0713546
   0.3176153   -0.8183628   -0.2660044
  -0.5652541   -0.2959606   -0.0101212
  -0.0979474    0.0461044   -0.0627771
   0.6525963   -0.2400996   -0.4718074
  -0.1488401    0.0834626   -0.5984807
  -0.1003858   -0.1815934    0.1953443
   0.5676943    0.1788176    0.4972152
   0.1451052   -0.2406074    0.3113135
  -0.1424181    0.0508757   -0.0313469
  -0.5403830    0.3996179   -0.5312417
  -0.3284935    0.3674463   -0.4112188
  -0.0177251    0.0874978    0.2118135
   0.1707072    0.2405306    0.2552704
   0.6443084   -0.3875085   -0.0537850
   0.0559315    0.0771044   -0.0603868
   0.1376306   -0.3327561   -0.3676102
  -0.2764251   -0.1474060    0.0317386
  -0.0020209   -0.1363905   -0.1802148
  -0.1110870    0.0552472   -0.4568989
  -0.1190137   -0.3110789    0.4965713
  -0.0212037    0.0567739   -0.1266664
  -0.5687053    0.3973286   -0.9685744
   0.1408962    0.1437532   -0.1999553
  -0.0671021    0.1519888    0.0071944
  -0.2356782    0.4868274    0.1714563
  -0.1431063   -0.3944708    0.4523251
   0.0176905    0.0108369   -0.0464955
  -0.7925327   -0.3928100    0.4010269
   0.6854779    0.1614237    0.4054937
  -0.1508800    0.3106816    0.1350957
   0.4781524   -0.0110039    0.9093489
  -0.0058561   -0.2340909    0.3560917
   0.1059234   -0.0567457   -0.0881498
  -0.2880215   -0.2504686    0.9726607
  -0.0741558   -0.3201501   -0.2530766
   0.0309444    0.0622504    0.0696503
  -0.5488508    0.5109518   -0.3052495
  -0.1720972   -0.7600490    0.4158489
   0.0424945    0.0110739    0.1756658
  -0.3487802    0.3850871   -0.6532078
  -0.7396835   -0.2827065    0.1109380
  -0.0362671   -0.0528287   -0.1281493
   0.4564804   -0.3649376    0.0796285
  -0.2905606   -0.0546859   -0.6338624
  -0.0062431    0.1697794    0.0637978
  -0.3921542    0.7127342    0.1716489
   0.6610482   -0.2107478    0.1216347
  -0.0458833   -0.0680799    0.0066178
   0.2880744   -0.9943990    0.0100459
  -0.4424918   -0.0787656    0.0774375
  -0.0294649   -0.0568931    0.0268074
  -0.2542434    0.2730604   -0.2549816
   0.1947568   -0.4095349   -0.0412277
   0.0374457   -0.0618490    0.2215522
   0.1984814    0.2009964    0.8210191
  -0.3392230    0.2242428   -0.9718649
   0.2357733   -0.1233884    0.0690114
  -0.0023213    0.0247538    0.2233166
  -0.1482935    0.1340416   -0.3302678
  -0.0963552   -0.0127370   -0.1056346
   0.8381016   -0.4602279   -0.0004078
   0.0576935   -0.0311183    0.2306284
  -0.0767593   -0.0325260    0.0736596
  -0.1094988    0.5123841    0.1427501
   0.3175528    0.6112495    0.8925849
   0.0965708   -0.1250163    0.1972254
  -0.6489400    0.1713770    0.1400820
  -0.1431743    0.0226017   -0.2526962
  -0.1494210   -0.0292788    0.0536331
   0.1243710    0.4255439    0.7174967
   0.2155516    0.5411547   -0.6536893
   0.1932334    0.1923019   -0.1278799
   0.1776694    0.5031545   -0.8099439
  -0.3961619    0.0859800   -0.2242658
   0.0606191   -0.0570589    0.0764806
  -0.1316875    0.0353841    0.1188610
   0.6536179   -0.4457363    0.5476745
  -0.0420005    0.0560875   -0.0072936
   0.0565115    0.2361835    0.8796350
   0.2797075    0.2772379    0.5842885
  -0.1831759   -0.0852171   -0.1039477
  -0.2507687    0.8445314    0.0832792
   0.0165604   -0.6647601    0.4448715
  -0.0643359   -0.1541489    0.1289898
  -0.9184168    0.3251166    0.1181330
   0.4988403    0.2742113   -0.3876479
  -0.0889732    0.2419765   -0.0211530
   0.5663876   -0.3310356    0.4334486
   0.4959856    0.4505404    0.1048330
   0.0824765   -0.1366006    0.1038425
   0.2345470    0.0424688    0.1140593
   0.2317965    0.1409941   -0.1289469
   0.1191225    0.0456030    0.0381571
   0.3259118    0.2129475   -0.5138420
   0.6713168   -0.6642145   -0.6933844
   0.0288530    0.0369801    0.1043071
  -0.0406923   -0.4162932    0.3262196
   0.3101313    0.2361020    0.2443096
   0.0585433   -0.0861013    0.2107062
   0.0197735    0.4816997   -0.3371217
  -0.0261285    0.2526166    0.3354214
  -0.0730132    0.0657434   -0.0203566
  -0.3373484    0.8289573    0.3833876
  -0.0753052    1.0003397    0.1526004
  -0.1678024   -0.1172866   -0.0666969
   0.3014650   -0.2004127    0.4419373
  -0.6828071    0.3089493   -0.0931356
   0.2121722    0.0682453   -0.1363505
   0.1731876    0.4559800   -0.0027113
  -0.3736968   -0.1736312   -0.4610776
   0.0489452   -0.0944729   -0.2024444
  -0.0545027   -0.2478630   -0.4704553
  -0.2852334   -0.3938820   -0.0746538
  -0.0030839   -0.0621037   -0.2400970
  -0.3533460   -0.3762343    0.6367171
  -0.0054513    0.2546053    0.8937669
   0.0902018   -0.1477903   -0.2728106
   0.0202955   -0.3330472    0.4031592
  -0.8645017    0.3879454   -0.2394918
  -0.0502954   -0.1629898    0.0711182
   0.1381037   -0.0423567   -0.1516398
   0.2345164    0.4318027   -0.1906348
  -0.1180259    0.0124602   -0.1541701
   0.1553755   -0.0281774   -0.0345525
  -0.0995347   -0.0816818    0.7532684
   0.0085274    0.1539876   -0.1050703
   0.2101548   -0.1335388    0.2722720
   0.0080721    0.0703725    0.3602545
   0.0204710   -0.1265524   -0.0729036
  -0.4559013    0.5222088    0.2153393
  -0.1938512    0.1850652    0.0110421
   0.1139152   -0.1618527   -0.2486422
  -0.8043047   -0.8590775    0.6021478
  -0.0894820    0.1576484    0.3619485
  -0.1579794    0.0646506   -0.0690194
  -0.3337873    0.1608800   -0.3856603
   0.3082002   -0.1457567    0.1317685
  -0.0330791   -0.0143855    0.0000070
  -0.6739588   -0.4156678   -0.4746551
  -0.3220273    0.3226875    0.3727967
  -0.1866417   -0.1628606    0.0165952
   0.0424050    0.2198141    0.4263650
  -0.1131356    0.3141701   -0.2191811
   0.0021015   -0.1129170   -0.1372883
   0.1534919    0.3494777   -0.1358967
   0.0582493   -0.1392759   -0.3818222
  -0.0872220   -0.0445963   -0.0427347
  -0.5521401    0.0291838   -0.0238178
  -0.7571835    0.1295787    0.0361694
  -0.0060461    0.0707896   -0.0529078
   0.0865505   -0.4069020    0.0763012
   0.1002728    0.1335607    0.2799559
   0.0162201   -0.0454173   -0.0700809
   0.1880334    0.2057295   -0.0257265
   0.5095299    0.1219546    0.1756550
   0.2253669    0.1260083    0.0360739
  -0.3862855   -0.5493522   -0.7794704
   0.0927322    0.0452934   -0.8059523
   0.0225321    0.0640426    0.2254575
   0.3735305   -0.2501767   -0.8744074
   0.2985596   -0.2313185    0.2878789
  -0.0712024   -0.0639309   -0.1676123
   0.0657703   -0.5276438    0.3316396
  -0.2524632   -0.2255970   -0.1076947
  -0.1834964   -0.0059167    0.1087059
  -0.7744353   -0.0718981   -0.6079065
   0.5012871   -0.3752897    0.0439089
   0.1277497    0.2862445   -0.1590505
  -0.2045954   -0.5837283    0.6346912
   0.5940250   -0.8120956    0.1572673
   0.0844005   -0.1059093    0.0684243
  -0.2843681   -0.1358604    0.3583325
  -0.4495022    0.1536637    0.3796610
   0.0148638    0.0885558    0.0028240
   0.0195480    0.2843781   -0.3953991
   0.3970684   -0.1154758   -0.2144946
  -0.1744770   -0.0436063   -0.0489718
  -0.0420858   -0.2466568    0.2098506
   0.6731128    0.2976653    0.3299775
   0.2511338   -0.0143914    0.0164152
  -0.0972111    0.3299807   -0.4804680
   0.0093357   -0.5012541    0.3066328
   0.0529206    0.0714541   -0.1301029
  -0.2731293   -0.1649104   -0.7541733
   0.2388730   -0.5352766   -0.7280140
  -0.1099129    0.1277260    0.0582135
   0.0937322   -0.5049981   -0.0861085
  -0.5333001   -0.9701919   -0.2299701
   0.0932356    0.1642945    0.0497088
   0.0425297    0.8303225    0.4456865
   0.1873669   -0.2523748   -0.5784310
   0.0484017    0.1168506    0.0718063
   0.6651093   -0.4832985   -0.7290989
   0.4512632   -0.2258400    0.4763160
   0.0980028   -0.1587404    0.0225303
  -0.1762541   -0.4811509    0.2998046
   0.5714031    0.4384277    0.8947468
   0.0100615   -0.0653536    0.1440924
   0.0263994   -1.2664163    0.5914341
  -0.3248953    0.5383956   -0.5040092
   0.0406919   -0.0625248    0.0438989
  -0.5176314   -0.3467941    0.5265849
   0.1731263    0.0580295   -0.4687539
  -0.0367567    0.0761908    0.2346939
   0.6455110    0.1726812   -0.1726398
  -0.4331488   -0.2995965   -0.1148421
  -0.0300828    0.0157300   -0.0310560
   0.1618886    0.0776158   -1.1564357
  -1.2992640   -0.5132829   -0.8250095
  -0.0893450    0.0852696   -0.0212101
  -0.6485452    0.3147905   -0.3373926
   0.1035928    0.1340565   -0.4894896
  -0.0593205    0.1057130   -0.1271104
   0.2755319   -0.5281689    0.4647220
  -0.5244497   -0.6163929   -0.0797198
   0.3080633   -0.1354925    0.0388761
  -0.1473074   -0.2047149    0.0023197
  -0.0083267    0.6257197   -0.3760826
  -0.0793618   -0.2360591    0.1363263
  -0.6636497    0.4390082   -0.0502376
  -0.4967197   -0.1241073    0.3756898
  -0.0378095    0.0126681   -0.0009308
  -0.0326877    0.4067538   -0.6798455
   0.1423118   -0.7577783    0.0532723
   0.0552106   -0.0509809    0.0434683
   0.1648916   -0.3918424    0.6487871
   0.4110427   -0.0861025   -0.6705700
   0.0051243   -0.0172975   -0.0125854
  -0.2080774    0.2288457   -0.0315340
   0.7182143    0.0491750    0.2042041
   0.1009245    0.0081827    0.0013689
   0.1781151    0.3759520    0.1949908
  -0.6162340   -0.1929920   -0.8244080
   0.0358578    0.2552907    0.1216548
   0.1875085   -0.6715923    0.0981869
  -0.9977754    0.1027810    0.0950677
  -0.0785503    0.0951842   -0.0327993
  -0.1101308   -0.7999623   -0.1387917
   0.2930221    0.1992360    0.4323382
   0.1196105   -0.1256824   -0.1336750
   0.1225391   -0.0186660   -0.3361191
  -1.3152479   -0.0412582    0.1019622
  -0.0714390    0.2713065    0.0303155
  -0.4937676    0.3982935   -0.1783117
  -0.3565940   -0.4553109    0.2196957
   0.1318296   -0.1034079   -0.0472336
   0.2380471   -0.3571375    0.3558095
  -0.4453401   -0.3670425    0.0571538
   0.0694385   -0.2665536   -0.0759570
  -0.0759629   -0.3092582    0.1108151
  -0.2103667    0.2292755    0.2636993
  -0.0116067   -0.1251304   -0.1662711
  -0.1033977    0.6534507   -0.6320187
   0.1528587   -0.0744228   -0.2024510
   0.1553078    0.1301045    0.3217984
   0.6981672    0.1821383   -0.6681920
   0.6684485   -0.1208228    0.7123484
   0.0724336    0.0579907    0.1119430
  -0.2911588    0.2930261    0.3753733
  -0.5221516   -0.2101719   -0.1651644
   0.0852942    0.1653666   -0.1023367
  -0.2736790    0.4461452    0.0979837
   0.6639248    0.9015549    0.0840436
  -0.0211159    0.2728139    0.0753628
  -0.8581331   -0.1554712    0.2047327
   0.1802342   -0.1978229    0.4162778
   0.1614103    0.0923752   -0.0786746
  -0.2694864   -0.1789062    0.1666024
   0.4582438   -0.0409645    0.1130797
  -0.1689500    0.0305416    0.0249822
  -0.5636795    0.2664480    0.4992202
  -0.2493440    0.5760173    0.1596816
  -0.0972746   -0.0116503   -0.0925460
   0.2513505   -0.3328200    1.0516092
  -0.3803497   -0.0705521   -0.1401446
   0.0272707    0.0928616    0.1438830
   0.5157089    0.2498827   -0.2242981
  -1.1224622   -0.7500866    0.4132230
  -0.1919550    0.0057414   -0.0042908
  -0.1003228    0.3599605   -0.1380345
  -0.0680379    0.0908351    0.1954789
   0.0089320   -0.0586472    0.1239775
   0.4552994   -0.1786305   -0.3840123
  -0.1221786   -0.4369066   -0.0898802
   0.1729715    0.0101117    0.2064628
  -1.0361245    0.3674835    0.3603120
  -0.0255039    0.0853213    0.1075537
   0.3440705   -0.0552235   -0.0806273
  -0.5326552    0.4022816   -0.3235521
   0.0516642    0.4317012   -0.4123784
  -0.0292386    0.0832459   -0.1454566
  -0.4604084    0.4677268   -0.6675622
  -0.0671094    0.7094881    1.0574151
  -0.1437018    0.0547823    0.0599986
  -0.3330683   -0.4091002    0.0910667
  -0.4110436   -0.0353188   -0.2175054
  -0.0191334    0.0559782    0.0420697
  -0.2857206   -0.9497200   -0.3692482
  -0.3596996    0.0866880    0.0637013
   0.0274509    0.0979209    0.0312145
   0.3242839   -0.6697542   -0.4418116
  -0.3845043   -0.4807751   -0.0079075
  -0.0054928   -0.1544598   -0.0627615
   0.6501760    0.0248814    0.0550065
   0.5547180    0.5213405    0.9697303
   0.1520398    0.1474319    0.0951703
   0.0188148   -0.3524837    0.2559521
  -0.3162605   -0.2571280   -0.9319305
  -0.0098776   -0.1466484   -0.2161894
  -0.3175822    0.4425493   -0.8489501
  -0.2025114    0.1541119   -0.3724615
   0.0572913    0.1663584   -0.0907869
  -0.0160350   -0.7876166   -1.0231428
  -0.1678794   -0.8107828    0.5089027
   0.0585363    0.0287253   -0.1288769
  -0.0895584    0.1742709   -0.3932915
  -0.2229602    0.0067201    0.0918892
  -0.0168261   -0.0386841   -0.2009042
  -0.0475324   -0.2199908   -0.3763277
  -0.1567196    0.0490923    1.1038630
   0.1159690   -0.0464936    0.0784015
  -0.0918976   -0.4228684    0.5163825
  -0.3004968    0.6789471   -0.6605703
   0.0334504    0.1139913    0.0309454
  -1.0018287   -0.6508389    0.0145533
  -0.1583281   -0.1682064    0.4093453
  -0.0775206    0.0255089   -0.0275888
  -0.2047233    0.1785677   -1.1562070
   0.0414280   -0.4129050   -0.3681669
   0.0833583    0.1179926   -0.0887301
   0.1280510    0.2262675    0.6632718
  -0.1163660    0.1765396    0.2216960
  -0.2476888   -0.0119116    0.0459524
  -0.6223222   -0.2372603    0.0903274
  -0.0373092   -0.6301095   -0.8779477
  -0.0681088    0.0073463   -0.2238345
   0.1395753    0.1886434   -0.4689665
   0.0267658   -0.7921802    0.2418064
  -0.1686531    0.0657918    0.1678479
  -0.0047936   -0.1703426    0.0414806
  -0.0238210    0.6136034    0.0195774
  -0.1152562    0.0117353   -0.0764573
  -0.1352134    0.2816097   -0.2828153
   0.5097313    0.3893974    0.2189401
  -0.0367755    0.0927812    0.1491698
   0.2080789   -0.2498322   -0.4803318
  -1.2299339   -0.5420851    0.0088211
   0.0088738    0.2223688    0.2517800
  -0.0983623   -0.3694282    1.4032688
   0.1369851    0.5023516   -0.4713272
  -0.0212476   -0.0375758   -0.2124827
  -0.1080904   -0.3320807   -0.4300566
   0.2412464    0.2274645    0.1290340
  -0.0496709    0.2142947    0.1107829
  -0.2979628    0.4637136   -0.3771321
   0.1455887    0.3147250   -0.0398557
   0.0212327   -0.1360927   -0.0859116
  -0.2686376   -0.2558889    0.4956866
  -0.0693046    0.2019590   -0.7810633
   0.2070755   -0.0568826   -0.0463955
   0.0381519    0.5907687    1.0725120
  -0.1949124   -0.4422142    0.0892774
  -0.1684986    0.0647341    0.0353239
  -0.3151898   -0.1493683   -1.0202668
  -0.7420243   -0.8332124    0.4612690
  -0.1745997    0.0912116   -0.0602238
   0.2981194   -0.0859541   -0.1121081
  -0.7998844   -1.0342054   -0.1540322
  -0.0664056   -0.1254498   -0.0009854
   0.5161471    0.0288356    0.7346337
  -0.3237805    0.1034230    0.4046943
  -0.0223900   -0.1697737   -0.1181586
  -0.4992070   -0.1589975    0.1088356
   0.1326081    0.1406616   -0.1257332
   0.0023142    0.1429179    0.0160990
  -0.2390984    0.7338651    0.3803602
  -0.0444751    0.0960488   -0.3631714
   0.0204966   -0.0426396    0.0588719
   0.1395805   -0.1995048   -0.1169980
  -0.2456159    0.1982491   -0.2558485
   0.0568668   -0.1460937   -0.0719287
  -0.0546046    0.0097812   -0.3624130
   0.6032511   -0.3435390   -0.0567619
  -0.0055500   -0.1298600    0.0417073
  -0.0544528    0.5204402    0.3850408
  -0.1760134    0.3876767    0.1469587
   0.1984237   -0.0966893   -0.1338701
  -0.0000238   -0.3091712    0.5497476
   0.4866194    0.6099665    0.4938596
  -0.0163153    0.0239310    0.0291884
  -0.2671504    0.3404671   -0.2622178
   0.3367925    0.1927072   -0.0818843
  -0.1490029    0.0125543    0.0524407
   0.5592700    0.6144775   -0.4366525
  -0.2883816   -0.1749663   -0.3979121
  -0.0015122   -0.1019966   -0.0371263
   0.4107479   -0.3017815   -0.4056298
  -0.3103275    0.2441316    0.8447447
   0.0716439   -0.1690476    0.0458983
  -0.4044240   -0.3965466    0.3764404
   0.0341563    0.2938013   -0.0299746
   0.0381194   -0.1116810   -0.1901659
  -0.7565616   -0.1864064    0.1146019
   0.3276463   -0.0881628    0.3095915
   0.0579202    0.0862336   -0.0918278
   0.2544764   -0.2629483   -0.0392667
  -0.4893646    0.6807334   -0.4845646
  -0.0540835   -0.0208331   -0.1169853
  -0.3643720    0.1552045   -0.0463565
  -0.6309496    0.1230323   -0.2848164
   0.0590461   -0.1830466   -0.0194696
   0.0469724   -0.3753700    0.1228291
   0.7810031    1.2552919    0.1933154
   0.1129294   -0.0096563    0.0241651
  -0.0764055    0.5638422    0.3053117
   0.4107873   -0.1470070   -0.0324739
   0.0032733    0.0222907    0.0281139
   0.2591613    0.3865669   -0.3320202
   0.4976989    0.7946702    0.4486880
   0.2190785   -0.0845203    0.0416037
  -0.5304141   -0.1105500    0.4338048
  -0.6547525   -0.1873721   -0.2079184
  -0.1040480    0.1025422   -0.0409914
  -0.1916130    0.1792928   -0.6261747
  -0.6048679    0.6129354   -0.1598791
   0.0864332    0.0036644    0.0829394
  -0.8112379   -0.3200189   -0.1765457
   0.3710269    0.0714960    0.2756954
  -0.1588736   -0.0011954    0.0150199
  -0.0577011    0.1383881    0.3370142
   0.7182987    0.5763050    0.0373191
  -0.0571598    0.1665247   -0.1415742
  -0.0601247   -0.2691550   -0.1823136
   0.1524261    0.6817048   -0.5661005
  -0.2268285    0.0565902   -0.0417794
   0.0014360   -0.0548581   -0.7909744
   0.4583173   -0.1035005   -0.6674336
   0.1719915   -0.1011191    0.1626177
   0.4911833    0.3060065    0.0244337
  -0.5864283   -0.0751878   -0.3411150
   0.0320882   -0.1183421   -0.1415954
   0.6858590    0.1134899   -0.7164007
   0.5177523   -0.3029776   -0.0494710
   0.0750219   -0.1392187    0.0468710
  -0.2644809    0.3462066    0.3939153
  -0.0607015    0.1321024   -0.0331710
   0.1850366    0.2424768   -0.0708394
   0.4836954    0.0802348    0.8145707
  -0.3280832    0.2508979   -0.4972957
   0.0913636    0.0669085    0.0785767
   0.1245007    0.0514719    0.3072968
   0.1767673    0.5384284   -0.2051199
  -0.0314904    0.1082673   -0.1889972
  -0.4634700   -0.2949471   -0.2116736
  -0.1817157   -0.8266537   -0.5131158
   0.0161127    0.0628346   -0.0726837
   0.5652860   -0.2984548   -0.2026193
   0.3227861    0.3348313    0.7159762
   0.3816349   -0.0264728    0.1045989
   0.6472872   -0.3058932   -0.7120031
  -0.3761467    0.3703600   -0.5402129
  -0.0979873   -0.0113923   -0.0546859
  -0.6451895    0.3242328   -0.2919213
  -0.5132865   -0.7988349    0.6666136
  -0.0178423   -0.1256584   -0.1738992
  -0.1686948    0.0831769   -0.1685919
  -0.4892313   -0.1534363   -0.1460776
  -0.0996047   -0.0922498    0.0846164
  -0.1147108    1.0865570   -0.7272604
  -0.4767512   -0.5416806    0.1345558
   0.0214792   -0.0442151   -0.0824685
   0.8966154    0.9139241    0.1912006
  -0.4021188   -0.4550979    0.1346606
   0.0794322   -0.0982166   -0.0045757
  -0.4190862   -0.0391743   -0.2853194
   0.6530368   -0.4770063   -0.0966312
   0.1048973    0.0507194    0.0783453
   0.2560185   -0.0965832   -0.3077003
   0.1741468   -0.4569005   -0.2154743
   0.0486202    0.0070967   -0.0210594
  -0.2213339   -0.8890699    0.2452928
  -0.9693083    0.1554069    0.0695397
  -0.1081180   -0.2148437    0.0931037
   0.2839194   -0.2203368   -0.3986609
   0.0440833   -0.1733904    0.3528128
   0.0661176    0.0170011   -0.2731191
  -0.5331138   -0.4681973    0.4483503
   0.8687787    0.2135690    0.1989534
  -0.0368419    0.0746395   -0.2827054
  -0.6958939   -0.4698430   -0.3964392
  -0.4783702    0.9751583   -0.4427717
   0.1030356   -0.1176760    0.0885571
   0.2028927   -0.2850949   -0.2076931
  -0.1416112   -0.3181481    0.3860944
   0.0219718   -0.1487361    0.1143610
   0.3377208    0.1823272    0.4139076
   0.0700463    0.1384672   -0.2709895
   0.0761594   -0.0525771   -0.1916852
  -0.5500598   -0.4876226    0.5814998
   0.1506974   -0.4406992    0.0785589
  -0.0586568    0.0267806    0.1501631
  -0.2292255    0.5017593    0.1394646
  -0.4280043    0.0696368    0.0222750
  -0.1096463   -0.0171631   -0.1785441
   0.2845454    0.0750878   -0.4617605
   0.0957291   -0.1126047    0.2495175
   0.2232367   -0.0603496   -0.0350532
  -0.8165623   -0.2514054   -0.3722329
  -0.7931368   -0.0040281   -0.3936761
  -0.0964820   -0.1254039    0.0333673
  -0.3927179   -0.1990477   -0.1879353
  -0.2914542   -0.7523921   -0.0794487
   0.0017407   -0.2044945    0.0075621
   0.6038387   -0.1492229    0.8657711
  -0.7744597   -0.4278260   -0.0029964
  -0.0676529   -0.0372362   -0.1843826
  -0.4005251   -0.6144499    0.2159596
   0.4030926   -0.4572034   -0.3432534
   0.1246905    0.0270288   -0.1450621
  -0.0483951    0.0615072    0.0404453
   0.0815545   -0.2784961    0.0696998
  -0.0248292   -0.0061827    0.0514972
   0.1654637   -0.2644035    0.1197692
   0.4354834   -0.4109040   -0.2686611
  -0.0574605   -0.0342415   -0.0867525
   0.4769337   -0.1062254   -0.9030360
  -0.2357014   -0.4440606    0.3935416
   0.1261844    0.1248567   -0.0018102
   0.4703684   -0.1275235   -0.1831433
  -0.2628000    0.2495869   -0.4178887
   0.1014156   -0.0046728   -0.0675941
  -0.1435255    0.2257345   -0.0954683
   0.2144701   -0.4105076   -0.4958964
  -0.1465020   -0.0061087   -0.0926114
   0.2037141    0.7314165    0.0542589
  -0.0935656   -0.3284430   -0.4170353
  -0.1277838   -0.0583532   -0.1758000
  -0.2093473    0.2349446   -0.6809705
   0.0805035   -0.1103950    0.4345818
   0.0252932   -0.0294042    0.1411317
   0.1822931    0.0117678    0.0885393
   0.0421465   -0.0057246    0.8201060
  -0.1426944    0.0483249    0.0891358
  -0.0317344    0.0473288    0.2754213
  -0.7756375   -1.1052898   -0.3201120
  -0.1273440   -0.1389291    0.1145559
   0.4079888   -0.0419008   -0.0490005
   0.3903914   -0.2611303   -0.1325412
  -0.1689230    0.1433548    0.1285879
  -0.3806781    0.4919872   -1.1050640
   0.5095887    1.5816981    0.8932285
   0.1088061   -0.0033109    0.1459680
  -0.2659329   -0.1106392   -0.6109856
   0.4607586    0.5287111    0.4018542
   0.0330359   -0.1220858   -0.1937616
  -0.2449074   -0.4902553    0.5053926
  -0.1805774    0.3524227   -0.1913700
   0.0855454   -0.1297502    0.0415098
   0.8096162    0.0229676   -0.2057826
   0.5850465   -0.4600462    0.3380435
   0.1250895    0.0780553    0.1175464
  -0.5623763   -0.4472713    0.3532416
   0.3392071   -0.2466683    0.2666494
   0.0513871    0.1198843    0.1601077
   0.4038729   -0.1496270   -0.1897356
   0.2611842    0.9290704   -0.4350998
   0.2250639   -0.0027550    0.1014114
  -0.4712926    0.6177624    0.2649845
   0.2829275   -0.2334474   -0.2540781
   0.0322003    0.1220577   -0.0193450
   0.0112498    0.3064509    0.6575108
  -0.4419222    0.3506841    0.5749502
   0.0153712   -0.0374378   -0.0924033
  -0.5521187    0.3932780   -0.5593191
  -0.8825195   -0.0085532    0.7461831
   0.1078965   -0.0948485    0.1330747
  -0.2387979    0.0569897   -1.0477338
   0.2178340    0.6237592    0.0882488
  -0.1409231    0.0204482    0.1321246
   0.1419301    0.5687975    0.1011616
  -0.3853338   -0.3532886   -0.2423072
  -0.0792018   -0.0630891   -0.1256759
  -0.4353701    0.3930508    0.3333806
  -0.1774394    0.1112533   -0.7926413
   0.1873325    0.0176522   -0.1334129
   0.5145343    0.2076429   -0.6896875
   0.0465328   -0.0096023    0.1249120
  -0.0742066   -0.1160082   -0.0524439
  -0.7878120    0.0720830    0.3740479
   0.5399882   -0.1765790    0.0645775
   0.0665819   -0.1037079    0.0162351
   0.2766881   -1.0686485    0.1204206
   0.4692534    0.6908211   -0.4695354
  -0.0359723   -0.0166125   -0.0242953
  -0.2322963   -0.4618022   -0.6567758
  -0.2263585   -0.2298362    0.5794581
  -0.2248400    0.1312490   -0.0355733
   0.1997002   -0.5193017    0.0071394
   0.1376864    0.4155307   -0.3003723
   0.2046111   -0.1706542   -0.0969522
   0.0942084   -0.6809843   -0.1714245
  -0.6418759    0.1636848   -0.2489813
  -0.0296989    0.1190689   -0.0918763
  -0.4230756    0.1802441   -0.0478339
  -0.2239295    0.0555894   -0.1985307
  -0.0075948   -0.1346350   -0.0797322
  -0.0313901   -0.4270728   -0.0178048
  -0.2527371   -0.1555618    0.1675529
  -0.2215029    0.0829453    0.0386350
  -0.2110776   -0.7012120   -0.5374801
   0.2229117    0.0464157   -0.1611463
  -0.0253962   -0.1166037   -0.1262502
  -0.1329425    0.7532427   -0.7655395
  -0.0438312   -0.7025163    0.5735937
  -0.0528513   -0.1121302   -0.0103796
  -0.5640392    0.1917778    0.0958508
  -0.4575957    0.1771553    0.3624375
   0.1354790    0.0325225    0.0245282
  -0.2662230   -0.3699766    0.4592590
  -0.0687663    0.1224081   -0.4679306
  -0.0110679    0.1467227   -0.0353558
   0.3414072    0.1825422   -0.4562905
   0.1024614   -0.7665346   -0.5270469
   0.1767958   -0.0547735    0.0597684
   0.5681587    0.2852634    0.2915122
  -0.1197995   -0.9156058    0.5105747
   0.0599537    0.1939798   -0.0177202
  -0.2599067    0.0469830   -0.3001910
  -0.6950891   -0.1997123    0.2448459
   0.1524626   -0.0299081   -0.0043312
  -0.4671723   -0.1016726    0.5849353
   0.2261876   -0.5472731    0.2153041
   0.0672127   -0.1240858   -0.0407143
  -0.6128334    0.2810769    0.4357601
   0.3560591   -0.9394481   -0.4406811
   0.0288745    0.0724409    0.0972072
  -0.1002733    0.2986685    0.5301539
  -0.1903045   -0.1970849    0.0736509
  -0.0117499   -0.1467026    0.1038193
   0.7514331    0.5548422    0.0503617
   0.6230675    0.5473742   -0.8381189
  -0.0819777    0.1105498    0.0098076
   0.1511554   -0.5516237   -0.1185147
  -1.2940538    0.0730529    1.2544004
  -0.0532159    0.1303914    0.1440178
   0.1559545    0.0599877    0.1197657
  -0.1260871    0.8145119    0.1555081
   0.0725277    0.0179236   -0.1408399
  -1.0478448    0.0236935    0.0391034
  -0.0691730    0.2717630   -0.0285826
   0.0167246    0.0908881    0.1427022
  -0.5102048    0.4984875    0.2780207
   0.1282241    0.0430825    0.0361146
   0.0148025    0.0618465    0.0263181
  -0.4584300    0.9763829   -0.6901693
   0.1310331   -0.4076157    0.1256683
   0.1692685   -0.0560112   -0.0446880
  -0.0830480    0.3472158   -0.0956094
  -0.8019818   -0.4101107    0.2942700
   0.0078918   -0.0021559    0.1076941
   0.4548514    0.4668328   -0.3427057
  -0.3168724    0.3169710   -0.0283408
   0.1242021    0.0025042   -0.0446032
   0.4418582    0.3624074    0.2845312
   0.2920066    0.2071056   -0.0970769
  -0.0012819   -0.0659650    0.0330961
   0.0558973   -0.3265083    0.1226725
   0.2041557   -0.1546907   -0.5860269
   0.0896170   -0.0501165    0.2994345
   0.5881031   -0.0705109   -0.1865015
   0.2178395   -0.3727872    0.0939220
  -0.1598396   -0.1074834   -0.1524533
  -0.2122418   -0.7592679   -0.3407994
  -0.1567554    0.4649444   -0.6530824
  -0.0681504    0.0206827   -0.0162953
  -0.0923406   -0.4156710   -0.0111327
  -0.9121098   -0.5355088   -0.0670699
  -0.0062184   -0.0322669    0.0443211
   0.1832019    0.2635016   -0.4221452
  -0.0668688    0.3777045    0.3246386
  -0.0406646   -0.1351041    0.1263188
  -0.4538084   -0.4820657   -0.0477155
  -0.4384794   -0.2733256    0.1663679
   0.1023583    0.1585836   -0.1951999
   0.0585563    0.2484930   -0.4509165
   0.1104686   -0.7417543    0.1217430
   0.1660516   -0.0019289    0.0396953
  -0.6995188    0.0316969    0.1236919
   0.9629411    0.1728892    0.6714423
   0.1960389    0.0044993    0.0651271
  -0.3601635   -0.1492574    0.3364258
   0.5459618   -0.3186705   -0.1532452
  -0.0581790    0.0245577    0.1891889
  -0.2316885    0.0762365   -0.6921892
  -0.3836389   -0.5156940    0.0218880
  -0.0493833   -0.0858681   -0.2230682
  -0.0473788   -0.0715719    0.2331177
  -0.0023051    0.3837179    0.2187180
   0.0723528   -0.0418201   -0.1002115
  -0.0168047   -0.3014226    1.0405642
   0.6514603    0.5890839    0.3964171
  -0.0026870   -0.0529275    0.0535755
   0.1927479    0.1758764    0.1161260
   0.0313146   -0.2159542    0.3758084
  -0.1149933   -0.0802169    0.0965488
  -0.2248481   -0.3385796   -0.2583875
  -0.3011885    0.5412714   -0.0237237
  -0.1846032    0.1159264    0.0959943
   0.1314628   -0.3697686    0.1371234
   0.1558521   -0.6612360   -0.4849934
   0.1994906   -0.0651398   -0.0989938
   1.0256789    0.0968530   -0.5954890
  -0.0943541    0.6301150    0.1686088
   0.0477454   -0.2047387   -0.0021223
  -0.1738534   -0.3103343    0.1068783
  -0.1924413    0.6137134    0.4625224
   0.1233075    0.0548286   -0.0733796
   0.1276541   -0.4390925   -0.2939894
   0.1948597   -0.2760617   -0.0095638
   0.1263403    0.1106005   -0.0837746
  -0.4901057    0.3694859   -0.0095073
   0.6463654   -0.2581132   -0.3040458
   0.1557560   -0.0798438    0.0413543
  -0.2365044    0.2333204    0.0508342
   0.1096973   -0.4357099    0.4029331
  -0.0557712    0.0915769   -0.1231856
  -0.0967016    0.1058920   -0.0297307
  -0.4782508    0.1210122   -0.4256786
  -0.0331569    0.0277098    0.1037069
  -0.2830031   -0.1653433   -0.1712113
   0.0581968    0.3878217    0.3425667
   0.0328828    0.0215404   -0.0362153
   0.4957351    0.1116221   -0.5635687
  -0.4683606   -0.4267359   -0.4662515
  -0.0429658    0.0355757   -0.0187571
   0.2672412    0.0179651   -0.1727738
  -0.2683609   -0.8464999    0.7373292
   0.0480674    0.1748899   -0.0995161
   0.0368074    0.2607993   -0.8250114
   0.3879533   -0.0689361   -0.1377008
   0.0798153   -0.0754113   -0.0603225
  -0.6339277    0.0707305   -0.0701205
   0.8916197    0.5197636   -0.1267938
  -0.0177204    0.0904015   -0.1442697
  -0.0738837    0.1125760    0.6252286
  -0.1683304    0.8923185    0.3280365
   0.1340625   -0.0545516   -0.0973844
  -0.1917895   -0.1956276    0.6965427
  -0.6372393    0.0770966   -0.3723561
  -0.2004797   -0.0929663    0.0105074
  -0.3839969    1.0995301   -0.0355851
   0.1468423    0.1896969   -0.1877043
   0.0161876   -0.0882926   -0.1122251
  -0.9825737    0.6158698   -0.2571063
   0.4936876    0.1225845   -0.7888985
   0.0735768    0.0890447   -0.0757418
  -0.3404053    0.5519446   -0.4008027
  -0.0445433   -0.1686536    0.0667662
   0.0886528   -0.0682957   -0.0092089
  -0.2116315    0.0640593   -0.3730010
   0.5895016    1.2879045    0.5267211
   0.0489864    0.0142752   -0.1534771
  -0.5681602   -0.6240667    0.0638966
  -0.3878382    0.0206139   -0.1399364
   0.0916541   -0.2048695    0.0691072
   0.2368448    0.1923844   -0.1257997
  -0.5117366   -0.2295552    0.1241143
  -0.0802314   -0.0196905    0.0127015
   0.8905752   -0.2592011   -0.2639436
   0.5513620    0.5324980   -0.2193724
   0.1674360    0.1275586   -0.0809793
   0.3566598    0.4910512    0.0732495
  -0.1908730   -0.3194868   -0.3763840
   0.0725571    0.1116628    0.1136141
  -0.3934732    0.3332861    0.5033630
  -0.4383156   -0.0321884   -0.4474663
   0.1718129    0.0955347   -0.1333195
  -0.0127045    0.1722864    0.0273147
  -0.1864915   -0.4886119    0.5240006
   0.0368883   -0.2477271   -0.2031711
   0.2884351    0.1239632    0.0774339
   1.1246798   -0.1205658   -0.2565683
   0.0216557   -0.0084497   -0.1138958
  -0.2106395    0.4203472   -0.2302515
  -0.6898576   -0.9437281    0.1602921
   0.1333286   -0.1489224   -0.1655820
   0.2558905    0.8581122    0.6231836
   0.5315438    0.4625410   -0.1106011
  -0.0043115    0.0551726    0.1011542
  -0.3649603    0.3764696    0.5952528
   0.3339092   -0.6097997    0.0711443
  -0.2125800    0.0130870    0.1583653
  -0.4994162    0.4042037    0.4055716
  -1.1543043    0.2225495   -0.2905049
   0.0335572    0.2549909    0.0728209
  -0.1905514    0.2727838    0.2955981
   0.2000489   -0.2679782   -0.8797632
  -0.0482376   -0.0227005    0.0410908
  -0.0127693    0.7437390   -0.0795648
   0.7691931    0.1459538    0.0148103
  -0.0117820   -0.0456722    0.2098864
  -0.1195556   -0.1057412   -0.1191891
   0.2069120   -0.0589780   -0.4317812
  -0.0503090   -0.1835097   -0.1466249
   0.2227559   -0.1398333    0.0440689
  -0.2792170   -0.8511627   -0.6439233
  -0.1864418    0.0691454    0.0613306
  -0.7883748   -0.1338845    0.7884722
   0.0468275   -0.2638995   -0.5195751
   0.0312942   -0.0378955    0.1003059
  -0.0082624    0.0591229   -0.1006701
  -0.0129874   -0.2273584    0.2342106
  -0.1689779    0.1703945   -0.0630538
   0.0005878    0.6810994    0.4989004
  -0.7568663    0.2910434   -0.0082234
   0.1056602    0.2151253    0.0537225
  -0.3128809   -0.8532603    0.6517568
  -0.0475058   -0.2308036    0.0139597
   0.0740331    0.0540981    0.1111843
  -0.7458051   -0.9305280   -0.2685859
  -0.3049757   -0.4636716   -0.1039909
  -0.0354852   -0.0711835    0.0289032
  -0.2250576   -0.1984639    0.9003718
  -0.0899730    0.9345403    0.6112217
  -0.0286712   -0.0711275   -0.1883470
   0.1410436    0.4633745   -0.3567608
  -0.1785645    0.5304738   -0.5251389
   0.0354908    0.0078783    0.0201252
   1.0854471    0.2132656    0.4052835
   0.6917493    0.6450283   -0.3853673
   0.0772025   -0.0790686    0.0591289
  -0.1823608   -0.0537359    0.1401159
  -0.0052184   -0.0326630   -0.2877133
   0.0328629    0.0945730   -0.1403287
  -0.4062860   -0.3372235    0.0275687
  -0.0718772   -0.4926663   -0.2570655
  -0.0687221    0.0140192   -0.0625407
  -0.1479103   -0.7005168    0.1082808
  -0.1104084    0.4259152    0.0979703
  -0.0521636   -0.1113983    0.0002654
  -0.5251666   -0.5004403   -0.3040419
  -0.2755127    0.0722345    0.2853655
   0.2064724    0.0916268    0.0954822
  -0.3193262    0.2597007    0.0414225
  -0.0016643    0.5128287   -0.6844404
  -0.0812750    0.0239096    0.0933356
  -0.0407617   -0.3834167    0.3541186
  -0.4692262   -0.3404975    0.4158470
   0.0706741   -0.0435269    0.1303549
   0.5113910   -0.8601637   -0.4894503
  -0.6132054    0.2054888    0.4307080
   0.0857212    0.0961119    0.2359470
   0.0380521   -0.0981857   -0.2955444
  -0.5895448    0.1175093    0.2290236
  -0.1420665   -0.1773694   -0.1733364
  -0.8123195   -0.0587246    0.1376843
  -0.0540781   -0.8624880    0.3523699
   0.0750038   -0.1201198   -0.1105026
   0.0364672    0.4890190   -0.3638359
   0.5341421    0.4174036    0.5052369
  -0.0397860    0.0239151    0.1587154
  -0.8359255    0.2638078   -0.9501436
   0.7871595   -1.0288193    0.5333689
   0.1244557    0.0386617    0.1437452
   0.4338538   -0.4153110    0.1604362
  -0.5114073    0.6701331   -0.1836146
  -0.0953039    0.1348377    0.4259607
  -0.5362588    0.0360933    0.7923593
  -0.1131058   -0.0155644    0.5193801
   0.0167377   -0.0371750    0.0373882
  -0.1998679   -0.3097631   -0.0898102
  -0.0386010   -0.0235988   -0.0865209
   0.1466678   -0.1405113    0.0771172
  -0.2966078   -0.1217681   -0.3849392
   0.2859593   -0.1978322   -0.0929694
   0.0173247    0.0868393   -0.0293040
   0.6815804   -0.0575114   -0.5430737
   0.4873779   -0.0717572    0.4773048
   0.0973987   -0.0813992   -0.0038115
   0.0268307   -0.1018181    0.0910658
   0.3176125    0.2474716    0.5432979
   0.0183811   -0.0161520    0.0113516
  -0.5312955   -0.0457598   -0.4599118
   0.3225967   -0.2837087    0.6083071
   0.1417956   -0.1045346    0.0485191
  -0.4051979    0.4551487    0.8836824
  -0.0310858    0.5947927   -0.2031005
  -0.1636912   -0.1495148    0.1025740
  -0.0805299   -0.1609686    0.0177245
  -0.4095531   -0.2446208   -0.3154967
  -0.0334654    0.0546519    0.1204205
   0.3535911   -0.2348059    0.8764423
   0.3669331    0.1564055    0.3261631
  -0.0255833   -0.0856381    0.1504974
  -0.0260080    0.4059501   -0.0052401
   0.0730634   -0.1580350    0.3779434
  -0.0471485    0.0915260    0.0817593
   0.6176966   -0.3474932   -0.0610483
   0.4170506   -0.3342145   -0.2518773
  -0.0111734    0.0127887   -0.0145536
   0.1479007   -0.1833573    0.7093679
   0.5846049    0.3403117   -0.4158815
   0.1780944   -0.0937784   -0.2003024
  -0.0461938    0.0146068   -0.5586982
  -0.2883695    0.5703480    0.4872256
   0.0301829   -0.1953412    0.0592872
   0.0743559    0.0870079   -0.1379733
  -0.1867940    0.3778313   -0.4709907
   0.3508127    0.0282135    0.0265466
   0.1158638   -0.1202910    0.0827743
  -0.5770784   -0.2535388   -0.0980472
  -0.0420807   -0.1356048   -0.1564360
   0.4341399   -0.7329530   -0.1346460
   0.5411332   -0.0249777   -0.5721871
   0.1389523   -0.0085387    0.1333344
   0.6039863    0.2046658    0.6112449
  -0.1427161   -0.0956622    0.2138962
  -0.1935277   -0.0176788   -0.1069024
   0.0028329    0.6663167    0.8078101
  -0.3170308   -0.1341874   -0.3533691
  -0.0810680    0.0357898   -0.1201329
  -0.6818365   -0.1185099    0.6917441
  -0.6652837    0.5556816   -0.4227992
   0.0104051    0.1194499   -0.1066640
  -0.5389723   -0.7077629   -0.1573663
   0.1366518    0.7466087    0.4335332
   0.0574261    0.1285872    0.0213402
   0.4696909   -0.6423954    0.2885919
  -0.9506565    0.1764606    0.1881786
   0.0400253    0.0395325    0.1797996
  -0.0352007    0.1667327    0.4114970
  -0.1108266    0.5876191   -0.7417064
   0.1509837   -0.1490353    0.1222021
  -0.6450805    0.1760069    0.1332279
   0.5561103   -0.1099494    0.1030636
   0.2124083   -0.0737530    0.0190867
   0.0007942   -0.3568503   -0.4480165
  -0.0803247    0.0109846   -0.7803958
   0.0351050   -0.0043056   -0.0115583
   0.4233745    0.8376516    0.2044679
   0.2746526    0.0891169    0.5956908
   0.1458678   -0.0273630   -0.1706722
   0.2822125   -0.1577592   -0.3117209
  -0.2935540    0.3366483    0.0652695
   0.0864600    0.0460067   -0.1166149
   0.5842774    0.5197403    0.1541824
  -0.3627747   -0.0100657   -0.0933919
  -0.1045704   -0.0084458    0.0553632
   0.1420337    0.1001473    0.3871790
   0.1133880    0.3160106    0.5145420
  -0.1811819   -0.0518480    0.0166174
   0.0867687   -0.5981014    0.1451291
   0.8492287    0.3989909   -0.0784989
   0.0426954    0.0483357    0.1053474
   0.6574567    0.2139485    0.0225889
  -0.1227206   -0.0507279   -0.2094181
   0.0435473   -0.1182742   -0.0472585
  -0.3977933   -0.5051430    0.4704013
   0.5175748   -0.0390620    0.8500461
   0.1345586   -0.1048049    0.1203995
   0.1139605   -0.5430382    0.0402497
  -0.0311249   -0.1302236   -0.3554012
   0.0789710    0.1147341    0.0793832
   0.0608365   -0.3821600   -0.2574778
  -0.0081457   -0.0435245    0.3837953
  -0.1268699   -0.0610961   -0.1216323
   0.5780849    0.1318766    0.2346664
  -0.0439946    0.0987226    0.1150377
  -0.0605173    0.0137623   -0.1022200
  -0.4514174    0.3175842    0.4716224
  -0.1596113   -0.1068448   -0.1484432
   0.0822177    0.0015289    0.1639859
  -0.1539785   -0.4244202   -0.1318564
  -0.3104433    0.6144946    1.1737621
  -0.1229553   -0.0224282   -0.0449329
   0.5766550    0.1649765    0.4732589
   0.7836797   -0.2636086    0.9884564
   0.0972271   -0.0553240   -0.1312422
   0.5531039    0.9236059    0.3564617
   0.6594720    0.1232918    0.7802975
  -0.0523641    0.2301368    0.1934834
   0.7770259   -0.2165982   -0.3011762
   0.1229329   -0.0077485   -0.2631198
   0.2262242   -0.1265145   -0.0652814
   0.4759767   -0.3704507    0.7395812
  -0.5418469   -0.5356615    0.2258803
   0.0001522   -0.1043674    0.1271605
   0.0223100    0.0578949    0.9807176
   0.3377559   -0.8765315    0.8064006
  -0.0800247    0.0005485   -0.0790833
  -0.5688938    0.1131094    0.7728854
  -0.4753798    0.2735649   -0.1000172
   0.0161228   -0.0100414   -0.0088985
   0.1163278    1.1503891   -0.1395251
  -0.2523727   -1.0433279    0.1707649
   0.1662269   -0.1199239    0.1474145
  -0.0477267   -0.0247944   -0.0822868
   0.5388345   -0.6415242    1.2221490
  -0.0763750    0.0760646   -0.1241108
   0.3006392    0.1504911    0.1705110
  -0.3371660   -0.4083226   -0.0809263
  -0.2425290    0.1419962   -0.2139760
  -0.1628565   -0.8178055    0.8139296
  -0.2835368    0.0773992   -0.1986208
  -0.2118517   -0.0361285    0.0348542
  -0.7944418    0.3908240    0.2931808
  -0.9285489   -0.8765441    0.2911129
  -0.1402855   -0.1300179   -0.0032129
  -0.2821317   -0.4429913    0.0461369
  -0.0145389   -0.1897739   -0.0190779
  -0.0241727    0.0504583    0.1619475
   0.3450111    0.8771614    0.2146262
   0.4553909   -0.4403346   -0.1447780
   0.0731175    0.0663555   -0.2090443
   0.1438098    0.3250539    0.1948296
   0.0424309    0.2864766    0.1518067
   0.0042490   -0.0250684   -0.0719167
  -0.3714904    0.1516641    0.0738686
  -0.5700201    0.7966462    0.2912566
   0.1153559   -0.0577011   -0.0863504
  -0.1378340    0.1981176    0.0536167
  -0.1749677    0.5905798   -0.7958238
   0.0034062    0.0808106    0.0171030
   0.3625243    0.7670050   -0.0930994
   0.2042074   -0.3462648    0.4188918
  -0.0641722   -0.0462810    0.0468261
   0.0607926   -0.0108417    1.0965112
  -0.7004334    0.2835945    0.8099291
  -0.0814171   -0.0110770    0.0407765
  -0.0265457    0.1491846   -0.5914356
   0.1118230   -1.0580173   -0.1228314
   0.1542325   -0.0344623   -0.0771906
   0.3918807   -0.6562746    0.6556147
   0.2345711   -0.3314615   -0.6174362
   0.0834399    0.0538320    0.2840001
   0.5166968   -0.5137464   -0.2362314
  -0.5996068   -0.5452986   -0.0929360
   0.0596607    0.1191105   -0.1064998
  -0.3256626    0.0532606   -0.3467443
   0.8884918   -0.0762732   -1.1132231
  -0.1328908   -0.0178169   -0.0615641
   0.6417521   -0.0208187   -0.4058764
   0.7942109   -1.0304680   -0.4636075
   0.0425121    0.0655325   -0.0518753
   0.5755180   -0.2113358   -0.5452289
  -0.2999288    0.0550401    0.4396126
  -0.0101227    0.1535333    0.1082678
   0.1028587   -0.8291296    0.0620097
   0.7517748   -0.2959228   -0.6874328
  -0.1098674    0.0470575    0.0218597
  -0.0717318    0.3933704    0.3481363
   0.2501069   -0.3561506   -0.2824384
  -0.1772779   -0.0349003   -0.1416764
  -0.4519219   -0.4370155   -0.1715832
  -0.2664892    0.4731888   -0.6129660
   0.1303811    0.0417280    0.1436970
  -0.0499651   -0.3034282    0.3621252
  -1.4886529   -0.6427227   -0.1406786
   0.0266041   -0.0395333   -0.0148639
   0.4829359    0.3046559    0.5132052
   0.3591545    0.5034752    0.5931182
  -0.0721392   -0.0945723   -0.2074861
   0.6278083    0.3076658    0.2258290
  -0.0243237    0.2205659   -0.1155771
   0.0572543    0.1168814   -0.0757119
  -0.0922097   -0.0897620    0.0610649
   0.1117692   -0.1668912   -0.1044830
  -0.0071034   -0.1289064    0.2040046
   0.9549799   -0.3453434   -0.0242339
  -0.4447666   -0.9798156   -0.3857615
   0.0110847    0.1150314   -0.0393026
  -0.8179431    0.4896469    0.2637236
  -0.1238109   -0.2093957   -0.2769081
   0.1470308   -0.1813997    0.1107253
  -0.0539075   -0.2745108    0.7798123
   0.0986754    0.3148468   -0.0090822
  -0.2170447   -0.2160337    0.0552745
   0.1664894    0.0530542    0.0130692
  -0.2752197    0.7088251    0.3593892
   0.0445824   -0.1383385   -0.0812967
   0.3798726    0.0456137   -0.2133746
   0.3757946   -0.3895999   -0.2114385
   0.0005317    0.2210633    0.0635114
   0.1292335    0.1988131   -0.6883938
  -0.2236576   -0.3656908   -0.4945527
  -0.0323594    0.1637133    0.0637986
  -0.4793363   -0.8240350    0.1653424
   0.5912920   -0.0998214    0.1525588
  -0.0903861   -0.0885643   -0.1430879
   1.1114573   -0.0093113   -0.0131922
   0.5310063    0.2290056   -0.5972372
   0.0084244   -0.1540607    0.0277637
   0.1302808    0.7530529    0.2161681
  -0.3592984    0.2515491    0.1215130
  -0.1563177   -0.1158025   -0.1153147
  -0.0555955    0.0800171    0.0696879
  -0.6814911    1.0027858   -0.3493066
  -0.1397007   -0.1222277    0.2408214
  -0.0155718   -0.4537244   -0.1904926
  -0.1076733    0.9237179    0.0959055
  -0.1096200   -0.0074317    0.2200954
   0.6545135    0.8071314    0.1024008
  -0.4564997   -0.3508464   -0.1579628
  -0.0967241    0.0624231   -0.1395805
  -0.2250585    0.1203999    0.7754321
   0.0986234   -0.6872095    0.0083314
   0.0049651   -0.0761600   -0.2044418
   0.1906988   -0.1989872   -0.0626150
  -0.2565601    0.0218663    0.3896545
  -0.0318131   -0.1206341   -0.2696010
   0.5440189   -0.8949649   -0.5481656
  -0.6094316    0.0362614    0.3320273
   0.1631868    0.0494461   -0.0831720
   0.0326842   -0.6685984    0.2435578
   0.1575501   -0.2930787    0.8217456
  -0.1967669   -0.0346960    0.0130111
   0.8293983   -0.2903164   -0.4812604
   1.1231650   -0.5067613   -0.3439501
  -0.0602381    0.1806886   -0.0358641
  -0.1308008    0.4298992   -0.5269629
   0.3168305   -0.1248802    0.5278369
  -0.0483610    0.0947261    0.0690848
   0.3369062   -0.4436922   -0.9858313
  -0.4779725   -0.0478519    0.2205709
  -0.1087972    0.0871603    0.1250832
   0.1234973   -0.0403680   -0.5720937
  -0.2546575    0.3713744    0.7415670
   0.0072921    0.0641738    0.1505666
   0.1102949    0.4422006   -0.3286719
   0.3754622   -0.2517537   -0.3867280
   0.0891785    0.2123339   -0.2377440
   0.2108831   -0.1269916   -0.0759050
  -0.2992749   -0.3583895   -0.3032599
  -0.1067137    0.1550631   -0.0390590
  -0.2032391    0.6097822    0.0562388
   0.6577905    0.6711654   -0.9796122
   0.0663045    0.0239134   -0.0458238
  -0.8449155   -0.6203251    0.3685656
  -0.8087945   -0.3701828   -0.3315550
  -0.0714648   -0.0117302    0.0393635
   1.1400398   -0.7969525    0.1527120
   0.0570774    0.1193420   -0.3658171
   0.0233466   -0.1029329    0.1083614
  -0.1008892    0.0444246    0.5091992
  -0.9147628    0.4043353    0.1257512
   0.1167048   -0.0774782   -0.0863550
  -0.1561885    0.0456154   -0.8839349
   0.1839911    0.5502445    0.8390973
   0.0142557    0.0491083    0.2380590
   0.3754320   -0.7638307    0.0933242
   0.1804093   -0.1047738    0.9031724
   0.0141129    0.1013900   -0.2171218
  -1.0492408   -0.4095719    0.4093584
   0.1146723    0.3757463    0.0393619
   0.0763912    0.0052536    0.0979950
   0.4668317   -1.5140620   -0.1303840
  -1.4685595    0.3727583    0.0720177
  -0.0813293    0.0801618   -0.1339976
   0.0774591   -0.5582954    1.0731385
  -0.1273963   -0.4608240   -0.4659758
  -0.1396037   -0.2810313   -0.0627208
  -0.0276901    0.2596417   -0.0861378
  -0.3687119    0.4692424   -0.0037728
   0.1768837    0.0178524   -0.0536052
  -0.2731767   -0.4513871    0.5945849
  -0.4952010    0.7187866    0.0159343
   0.0588011   -0.1451674   -0.0083182
   0.7492903   -0.2153474   -0.3729950
  -0.3484939    0.3213614    0.1646986
  -0.0715103    0.0469708   -0.0778871
   0.3470598   -0.2307137    0.3998740
   0.2221447    0.4770520   -0.5104266
  -0.1100819    0.0200110   -0.1026608
   1.2262937   -0.2455130    1.0427463
   0.6664777   -0.7877498   -0.6384560
  -0.0769961   -0.2634563   -0.1095068
  -0.2883884    0.2639745    0.2494272
  -1.0544665   -0.3990737   -0.0669555
  -0.1713581    0.1350521   -0.1887896
   0.5691540    0.3871890   -0.6403494
   0.3009028    0.6655971    1.0550077
  -0.1382776   -0.0025235   -0.0107555
  -0.1872939   -0.4075913   -0.0109107
   0.4358791    0.5291194    0.2535927
   0.1974112    0.2602876   -0.3142125
   0.0696609   -0.1300191    0.4314631
  -0.4505725   -0.0076837    0.6372346
  -0.0590284   -0.0742156    0.0695505
   0.3116795    0.1579382    1.1036711
   0.1041758   -0.5310640   -0.8152992
  -0.1860680    0.0272484    0.2418779
  -0.1486301   -1.1100808    0.3205292
   0.5909268    0.4299367    0.1407525
   0.0596256    0.0326389   -0.2497765
   0.3246274    0.1373717   -0.4043476
  -0.2084834    0.0659569    0.0347588
   0.1225944   -0.0293622    0.0114402
   0.0162546    0.0169795    0.1069567
   0.3301851   -0.3577026    0.8420454
  -0.1034214   -0.1470725    0.1852881
  -0.3521478    0.0651963    0.3349602
  -0.0590858   -0.4988686   -0.0912604
   0.0351597    0.1880166    0.0633585
  -0.2574043   -0.0256858   -0.2589407
  -0.3012204   -0.0663518   -0.0644612
   0.1195622   -0.0869451   -0.0886379
  -0.3710542   -0.0250921    0.2226011
   0.6466908    0.0365783    0.0654104
   0.1310123   -0.0801011    0.0848191
  -0.1615543    0.3469849   -0.0350832
   0.6097876   -0.0172720   -0.2248895
   0.1277122   -0.0552817    0.1261844
  -0.0637806    0.1611764   -0.0020570
   0.8056526   -0.1827991   -0.3926592
   0.0187351   -0.0722423    0.0031439
  -0.5501374   -0.1737220    0.0458838
  -0.0154310    0.1086115   -0.0347164
   0.0360883    0.1573570   -0.0690375
  -0.8384323   -0.1921490   -0.2047558
   0.1520866   -0.6072341    0.1051327
  -0.1600827   -0.1474427    0.0421001
  -0.6219902   -0.0733087    0.4457292
   0.0776772    0.0189270   -0.0093281
  -0.1205841   -0.0042960    0.0025648
  -0.4243070    0.2483652    0.0619573
   0.2205686   -0.5625788   -0.5172958
  -0.2552370   -0.0134351    0.0144936
   0.2375402    0.4953433    0.1842131
   0.1785511    0.1097661    0.2185154
   0.0913452   -0.1079976   -0.0381712
   0.1196071    0.0692816   -0.7003937
  -0.5885105   -0.7469071   -0.2037643
  -0.0533101    0.1084655    0.0290556
   0.0133001    0.1000064   -0.8439641
  -0.5367207    0.3883578   -0.0899811
   0.0094463   -0.0694545   -0.1068591
  -0.3444386   -0.9151997   -0.4640957
  -0.0030610   -0.1758087   -0.4668364
  -0.1102933   -0.0534024   -0.0089776
   0.6598198    0.4215434    0.3027294
   0.0105570   -0.3256920   -0.4924690
   0.2386245   -0.1533062   -0.0084259
   0.0097842    0.4194538   -0.4736803
  -0.6009536   -0.0263744    0.4756969
  -0.0006433   -0.0538004    0.0596948
   0.1877009   -0.0757949    0.3170187
  -0.0566968    0.1879146    0.4061927
  -0.0402032   -0.2020070    0.0939119
   0.3666652    0.0742639   -0.1792535
   0.0838500    0.4135867   -0.1928158
  -0.2541802   -0.0734026   -0.0049039
   0.4298895   -0.5433407    0.0612620
  -0.7047778   -1.3874009    0.0166337
   0.0245928    0.0924326   -0.0264431
  -0.6071421   -0.4443077    0.0517060
   0.1706087    0.5853387   -0.0047803
   0.1613460   -0.0184844    0.0061423
  -0.5669954    0.6548944   -0.5690880
   0.0360585    0.8439890    0.0534497
  -0.0204964    0.0581637   -0.0438897
   0.8007504    0.5552308   -0.8972003
  -0.2544194    0.3673236   -0.2806217
  -0.0146752    0.1698325   -0.1114196
   0.3985668    0.3025546    0.0321831
  -0.3892980   -0.5975780   -0.2145744
   0.1452703    0.0051734   -0.0325269
   0.0708820    0.1166768   -0.3706623
  -0.0912517    0.3319689   -0.3829053
  -0.1444621   -0.0803832    0.1694368
  -0.4711843    0.1258806   -0.9797472
   0.8299675   -0.1168528    0.8250610
   0.1057762   -0.2028982   -0.0235737
  -0.2275301    0.1546314    0.1176567
   0.3415954   -0.4572178    0.2535994
   0.0642594   -0.0526204    0.0098257
  -0.9405608   -0.2166807   -0.0305863
   0.4072242   -0.6964488    0.0331014
   0.0419601   -0.0299323   -0.0027490
   0.2881915    0.0870308    0.5010052
  -0.6283987    0.1628264    0.2122911
   0.0198834   -0.0194280   -0.0301912
   0.3094781   -0.0722961   -1.2079933
   0.8605170    0.4231829    0.7316136
  -0.1966498   -0.1461516   -0.1284675
   0.7893702    0.0420267   -0.5659093
   0.1480758    0.8204224    0.0862951
  -0.1475918    0.0344804   -0.0604255
   0.3666558    1.2096449    0.0606627
   0.0434272   -0.3114091   -0.4246646
  -0.0226222   -0.0943611    0.0765191
  -0.6230938    0.2282923    0.0841417
   0.1958023    0.0040350    0.4647609
   0.0706449   -0.1240572   -0.0073072
  -0.0502671    0.0602267   -0.0531748
   0.3933380    0.0741165    0.6798081
   0.1024247    0.1277669    0.0093150
  -0.4345616    0.4313760   -0.2124842
   0.3952808   -0.3189263   -0.3479713
   0.0957886   -0.1582240   -0.0941210
  -0.6442745    0.0916559   -0.4307445
  -0.1276890    0.5946423    0.6753386
   0.0893287   -0.0107138   -0.0283514
   0.0763822    0.5185492   -0.8955392
  -0.3699231   -0.7122104   -0.4848205
   0.0919164   -0.0380488    0.1290563
  -0.7397345    0.8801150   -0.1958996
   0.6964466    1.0026619    0.5219059
  -0.1433739    0.0303074   -0.0622595
  -0.1638272    0.2319207    0.6906492
   0.6620888    0.3145469   -0.7187564
   0.0667805    0.0237967    0.1847888
   0.5587031   -0.7351923   -0.2310180
   0.3993988   -0.1555087   -0.5006818
  -0.0638194    0.1422581   -0.0692163
   0.3357424    0.7682262    0.2003569
  -0.0418290   -0.5245979   -0.8528278
   0.1641234    0.0541193    0.0334145
   0.0679427    0.3488412   -0.0646703
   0.2763852   -0.3688119   -1.0263914
  -0.1412080   -0.1418178    0.1283437
   0.3113000    1.0346714   -0.1384731
  -0.1786773    0.8032420   -0.6495296
  -0.1370526   -0.0712080    0.0512577
   0.5698808    0.8277938   -0.2653578
  -0.1914243    0.1033503    0.0825368
  -0.0079576   -0.1201559    0.0283787
   0.3445491    0.5319785    0.2247557
   0.3069083    0.3527337    0.2052659
   0.2372755   -0.0179460    0.1571432
  -0.2547700    0.7130672    1.2240816
  -0.0334793   -0.7722525    0.1733607
  -0.0793241    0.0063612   -0.0902410
  -0.0978359   -0.3924807   -0.3976885
  -0.0704243    0.4869702   -0.0961901
  -0.2678604   -0.2319274    0.0361471
  -0.8454297    0.0544418   -0.1021874
   0.7871995   -0.6111863   -1.1716254
   0.1656787    0.0323399    0.2023947
   0.6149722    0.4235789   -0.0522105
  -0.5685463    0.1049225   -0.6001238
  -0.2069605    0.0050045   -0.0735469
  -1.0949863    0.1519710    0.2987781
  -0.1979215   -0.1028306   -0.5138674
   0.0598911   -0.1350839   -0.0214967
   0.2787721    0.3053110   -0.0836675
   0.1457934   -0.0753791    0.6595244
  -0.0785376    0.0221509    0.0353066
  -0.4050981    0.0311978    0.6539704
  -0.1549344    0.2612784   -0.2139883
  -0.0345060    0.0417502   -0.0913751
   0.0129221    0.0976751    0.3386224
  -0.7352865    0.4436425    0.1492404
  -0.0013653   -0.1378643    0.1316619
  -0.4126260    0.2337785    0.0499316
   0.0282857   -0.8060994   -0.4035656
   0.1365779    0.1477920   -0.0489795
   1.0521607    0.8138523    0.0175482
  -0.1418164   -0.2138570    0.2804295
  -0.1323324   -0.0293903    0.0302525
   0.0968570    0.9879668    0.7568359
   0.1486735    0.8476512   -0.7478814
   0.0051363    0.1038210    0.1186666
   0.0208096    0.5174600    0.6912208
   0.0714821   -0.4058356   -0.0348301
  -0.1132612   -0.0534213    0.0084160
   0.3332355   -0.2403435    0.1471356
   0.7513009   -0.6030827    0.4605728
   0.0751552   -0.1383362   -0.0454177
   0.0730367    0.1248506    0.3189042
  -0.6891398   -0.2953923   -0.3551962
  -0.1020449   -0.0057474   -0.0272050
   0.5302962   -0.2156387    0.4001813
  -0.1722956    0.9337167    0.2197883
   0.0267879   -0.0343799   -0.0266835
  -0.1082337   -0.4098694    0.1153731
  -0.2593099   -0.2884045   -0.4064547
   0.0343961    0.1470016    0.0477411
   0.0140509    0.1142004    0.3163217
   0.0620765   -0.1265594    0.8640209
   0.0853179    0.0342612   -0.0271937
   0.2393695    0.8075349    0.5770629
  -0.2456733    0.2200147    0.1938227
   0.0433519   -0.1280579    0.1035771
   0.6146740    0.3885433   -0.7730837
   0.1643052    0.2107866    0.3453209
  -0.0428097    0.1445037   -0.0677760
   0.3253205    1.0068814    0.3641525
   0.0160486    0.0151924   -0.3688650
  -0.0879246   -0.0816887   -0.0831649
   0.3118123   -0.5192245    0.2784698
   0.5678490    0.9597868    0.4329444
   0.1766801    0.0730441    0.0961506
   0.0419264    0.4314201   -0.2781448
   0.0345647    0.3443777   -0.4813651
   0.0133969   -0.0863826   -0.0167574
  -0.2935541    0.5526651    0.5561270
  -0.9166793    0.1287825    0.7182251
  -0.0005263    0.0540589    0.0315173
   0.6531113   -0.1384102    0.1096570
  -0.0561727   -0.3315192    0.3757162
  -0.0016381   -0.0253909   -0.0789510
  -0.5146133   -0.0395199    0.3351978
   0.6328515    0.6540161    0.1584113
  -0.0066780   -0.0800687    0.1273058
   0.2893437    0.8617130    0.8815864
  -0.0830291   -0.3509676   -0.1341567
  -0.0926665   -0.0704723    0.0417236
   0.3284385   -0.7189629   -0.0056544
  -0.2247530   -0.1577976    0.3746962
   0.2046022    0.0936491    0.0581010
  -0.9305416   -0.4205561    0.1776424
  -0.0189332    0.2305054   -0.0661007
  -0.2029771    0.0063861   -0.0680726
  -0.0183916   -0.1717306    0.3980373
  -0.2121909   -0.2669229    0.1785733
   0.0731838    0.0250308    0.1066075
  -0.0627569    0.5770525    0.0470492
   0.2768351    0.0293147   -0.0195983
   0.0414832    0.1024961   -0.1664607
  -0.4802034   -0.6073106    0.1325880
   0.1074161    0.1841996    0.3762883
   0.0818813    0.0972539    0.0050447
  -0.3133300    0.3261095    0.5089728
  -0.9831488    0.0540112   -0.5496894
  -0.0706157    0.0855703    0.1056019
  -0.0808222    0.3074398   -0.8808802
  -0.0056270   -0.0750412    0.3425215
   0.0758446   -0.0765095    0.1806957
  -0.4590092    0.3397013   -0.1090823
  -0.0982762   -0.3404273    0.4275704
   0.1453689   -0.0909416   -0.0479760
  -0.1117627    0.8061777    0.3969257
  -0.2471548    0.2394024    0.2608587
  -0.1114325   -0.0252051   -0.0637171
   0.3358220    0.4137017    0.3224564
   0.3386831    0.1607729   -0.5963266
  -0.1489484    0.1388477   -0.0023187
   0.3461837    0.4715709    0.0304536
  -0.4351938    0.1788962    0.5163846
   0.0001565   -0.0034234    0.1705403
  -1.1400727   -0.4548438   -0.0230159
  -0.0260502   -0.3828685   -0.5033249
  -0.2067763   -0.0665403    0.0841696
   0.1833798    0.3084078    0.2243599
  -0.0334762    0.2560916   -0.9197382
   0.1298011   -0.1571643   -0.0362427
   0.1549471    0.0758816    0.6583160
   0.2927787   -0.5556459   -0.1137295
   0.1025936   -0.0904975   -0.0317250
  -0.2536326   -0.6439670    0.4654462
   0.6792164   -0.6970139   -0.3227831
  -0.0980396   -0.1315845    0.0221567
  -0.3175154   -0.1198611    0.1571969
   0.2362285   -0.6101679   -0.1406712
  -0.0516124    0.0702439    0.0285339
   0.0073274    0.0392008    0.1627004
   0.0979730   -0.1379075    0.0032553
   0.0225424   -0.0978429    0.0454865
  -0.4177408    0.2540639   -0.5227640
   0.8427435   -0.1771643    0.2121441
  -0.0260606   -0.0888955    0.0166628
  -1.0186371   -0.4684582   -0.7076581
  -0.3838990   -0.1660738    0.3740157
   0.0121404    0.0050868    0.0285118
  -0.3493803    0.7412856    0.4154668
   0.0084134   -0.9395654   -0.0397743
  -0.0744476    0.2363011    0.1991757
  -0.3052449    0.2305100    0.5163000
  -0.2873297    0.2507556   -0.9796891
  -0.0176384    0.1136311    0.0038744
  -0.3671260    0.2442899   -0.0970140
   0.2503480    0.1511122   -0.1102422
   0.0646641    0.1138483   -0.0017635
   0.7110490    0.7754992   -0.2510735
   0.1241614    0.2301977   -0.2795319
   0.1574919   -0.0369418   -0.2204354
  -0.0242598   -0.0385540    0.8054785
  -0.4172886    0.1586165   -0.3670818
   0.0248087    0.0948052    0.0987639
  -0.2276288   -1.0627190   -0.0088189
  -0.4195304   -0.1671931    0.5538224
  -0.0134979   -0.0517210   -0.0476823
  -0.0616283    0.8879740    0.7242453
  -0.2945617   -0.4705482    0.7935616
   0.0269444    0.0351870    0.1322266
  -0.6563528   -0.2793626   -0.4688805
  -0.3014660   -0.3375550   -0.2778378
   0.2430815    0.1287737   -0.1539139
  -0.1398271    0.5655034    0.0488382
  -0.0870880    0.0401665    0.0204402
   0.0232147   -0.0938500   -0.0789751
   0.2783720   -0.1486878   -0.3951588
  -0.0960035   -0.3257530    0.4692703
  -0.1088111   -0.0882671    0.0095283
   0.7813895    0.0628241    0.4956331
  -0.0003209    0.4772506    0.2234665
   0.1615615    0.1707675    0.0594250
  -0.9630791    0.1780042   -0.0994113
   0.2684982   -0.4225112    1.2300978
  -0.1874340   -0.0240372    0.0238947
   0.7085128    0.0320007   -0.4237317
   0.1455462   -0.5126404    0.9826025
   0.0097483    0.1152302   -0.1328018
   0.5481418   -0.1517764    0.0374705
   0.1041359    0.2057983   -0.0091174
  -0.1011018   -0.1207582    0.1700603
   0.4486606   -0.3630827   -0.5739021
   0.0171840   -0.3214239   -0.3064168
   0.0266383   -0.0450130   -0.0410021
   0.0778851    0.3730279   -0.0941479
   0.1740810   -0.0200673   -0.3315231
   0.0014186   -0.0934052   -0.1662478
  -0.2709779    0.4480913   -0.6837705
  -0.5158229   -0.2699855    0.4440835
   0.0532372   -0.0657059    0.0794738
  -0.3875012    0.0049419   -0.2520429
  -0.1865022   -0.3762195   -0.1558977
  -0.1642504    0.1078606   -0.0265525
  -0.4170609    0.0519438   -0.5477059
   0.3608138   -0.3999174   -0.1683350
   0.0171455    0.0147712    0.1760437
  -0.4901267    0.1707003   -0.3622260
  -0.1072786   -0.3134840   -0.4936457
   0.0320989   -0.0502635   -0.0584048
  -0.0207015    0.2418905    0.2604008
  -0.3872705    0.3923947    0.2398808
   0.1151658    0.0260797   -0.0510676
   0.1521545   -0.0111783    0.5671608
  -0.4728857   -0.1804231    0.4837654
  -0.1374029   -0.2239915    0.0349023
   0.3742646   -0.0149120   -0.4592941
   0.3104571    0.0973502    0.1796911
   0.0819222   -0.1408381    0.2049701
  -0.6842244   -0.3307524   -0.0129187
  -1.0866050    0.0480585   -0.3395291
  -0.0168609    0.1182972    0.0061954
   0.3325385   -0.5614451    0.7011267
   0.1433612   -0.2357783    0.1024706
   0.0144429    0.0688572   -0.1549474
   0.1915538   -0.0187477    0.2345448
  -0.3205689   -0.6123642   -0.4228143
   0.0537509   -0.3499888    0.0231391
  -0.1589837   -0.5427345    0.1961449
   0.3166336    0.1666054   -0.5597405
  -0.1114489    0.1280641    0.1180867
   0.0249027   -0.0777402   -0.4199602
  -0.1135551   -0.1761303    0.2827423
  -0.0402983   -0.0623303    0.1357317
   0.3304585   -0.1529807    0.6744164
  -1.0202159   -0.1697962    0.0485546
   0.1801074    0.0064936    0.0593583
  -0.2242371    0.1038787    0.3366764
   0.0647688    0.8180619   -0.7599933
   0.1554323    0.0876895    0.1420791
  -0.1917011   -0.2130695   -0.4460063
  -0.0365011   -0.3296446   -0.1886054
  -0.0971101    0.2291630    0.1678566
   0.3940020    0.2604852   -0.1324158
  -0.4971729   -0.9282438    0.2183674
  -0.1939032   -0.0296606    0.0229119
  -0.3160029   -0.3272303   -0.1976214
   0.5645500   -0.0983212    1.1638647
  -0.0563798   -0.0489010    0.1137464
  -0.0697339    0.0749377    0.9581332
  -0.9020529   -0.1572462    0.6033033
  -0.0969360    0.2590052    0.0274548
  -0.1336133    0.1142510    0.2478952
  -0.0979854   -0.0657271   -0.1396604
   0.0243136    0.0970919   -0.0204805
  -0.3389991    0.1841458    0.9696164
   0.6291000    0.5872421    0.1128685
   0.0701263    0.0594172   -0.1355755
  -0.7605810   -0.2274464    0.0676076
  -0.2003675    0.3914460    0.5269712
  -0.1551096   -0.0584091    0.0168122
  -0.4388887    0.3852212   -0.2727434
   0.4421265    0.0799892    0.0791626
  -0.1138546    0.0792038    0.0396328
   0.7274681    0.0854635    0.0502156
  -0.1416164    0.1204642    0.4287638
  -0.0861794    0.0836386   -0.0177464
  -0.0595450   -0.0286131   -0.3769210
   0.6735275   -0.2765580   -0.2385815
   0.1236332    0.0344040   -0.0284996
  -0.0890300    0.1001621    0.4310778
  -0.1695963   -0.0806739    0.1060876
  -0.0182894   -0.0947244    0.0892339
  -0.1147389   -0.2911530   -0.0358046
   0.3360517   -0.1076300    0.2865253
  -0.0946295    0.0378999   -0.0400594
  -0.4912428   -0.3171612    0.3513247
   0.1872744    0.4102626    1.0745903
   0.0348799   -0.0755675   -0.0807933
  -0.2722179   -0.4413824   -0.4346763
   0.1242860    0.5147798   -0.2205895
   0.0033262   -0.0016207    0.2266803
   0.4264858    0.4670054   -0.2667818
   0.4382226    0.3416302    0.0996841
  -0.0274594    0.0790523    0.1214831
  -0.0340411   -1.0514020    0.1041190
  -0.3284402    0.0480088    0.4627599
   0.0799156    0.1313149   -0.2248758
  -0.4703163    0.2070629    0.2840815
   0.6871651   -0.0796113    0.0500628
  -0.1571988   -0.0543106    0.0140351
  -0.5486290    0.4352299   -0.0337823
  -0.3755998    0.1304458   -0.1960057
  -0.0106095    0.1843861   -0.0508696
   0.1532120   -0.6019507    0.7620690
  -0.7116404    0.0716115    0.4070408
  -0.1671245    0.1881693   -0.0660827
   0.5547045   -0.2490213    0.2975623
  -0.4984078    0.0904561    1.0240593
   0.0947490   -0.0269614    0.1376338
  -0.0588139    0.4514934    0.2417955
   0.5092748   -0.3978077    0.7364950
  -0.0048010    0.1900953    0.0749869
   0.3273481   -0.0751334   -0.7401282
  -0.7904148    0.2085828   -0.2642881
   0.0168572   -0.0720147    0.0289398
  -0.4596009   -0.8552439   -0.2165965
  -0.4057094   -0.0650735    0.2279883
  -0.0346679    0.1046843    0.1723800
  -0.4629768   -0.0949616    0.6708742
   0.5664361   -0.2525908   -0.1293525
   0.0598433    0.0068615   -0.1354337
  -0.3399390   -0.1398371   -0.0554467
   0.3856675   -0.6265029    0.2536754
  -0.0593728   -0.1190009    0.1680709
  -0.9254434    0.0508743   -0.2968054
  -1.0957857   -0.3615854    0.7827224
  -0.1622343   -0.0670666   -0.2228402
  -0.0943288   -0.4980147   -0.2791262
   0.4275101   -0.3546050   -0.4924128
  -0.0689740   -0.2024316    0.0823435
  -0.3723882   -0.4572696    0.7734940
   0.0220425    0.1507222   -0.2916515
   0.0390495   -0.1774302   -0.1986337
  -0.3731000   -0.0418752   -0.1504990
   0.5157471    0.1346562    0.5389029
   0.1272947    0.0010765   -0.1986723
  -0.6186556   -0.2639240    0.0293563
  -0.9798542   -0.2617738   -0.3614547
   0.0222848    0.0538123    0.0394926
  -0.2745119   -0.3586749   -0.3196692
   0.0175192    0.1647079   -0.0975091
  -0.0835785    0.0027227   -0.0726918
  -0.1997521   -0.9869866   -0.4104314
   0.0018492   -0.3326909    0.9121947
   0.0382163   -0.1091211   -0.0029044
  -0.0351475   -0.5590483    0.1952692
   0.3248047    0.6251289   -0.1009186
   0.0616842   -0.1549126    0.0725571
   0.4723105   -0.6141775   -0.4214788
  -0.0562486    0.6878380   -0.9244669
   0.0461457    0.1371282   -0.0358944
   0.3739460    0.6442086   -0.2699338
  -0.4565729   -0.0782024   -0.1628117
   0.0641620   -0.1394476   -0.2214301
  -0.0053541   -0.3588334    0.0418637
  -0.2133191    0.3716569    0.0624529
   0.1285725    0.1820058    0.1815798
  -0.0956458   -0.3420889    0.1763542
   0.4062741    0.4611369   -0.8043541
   0.0032120   -0.0977910    0.0091147
   0.4765823   -0.4563887   -0.5696535
   0.0686735    0.0061874   -0.2081764
  -0.1886791    0.1035941   -0.0410697
  -0.2963608    1.2523034    0.4787883
   0.2277051   -0.1273391    0.9252716
  -0.0182033   -0.0807940   -0.0884185
   0.2127092    0.2954958   -0.2695086
   0.1074638   -0.0934911    0.5572591
  -0.0636414    0.0706793    0.1539060
   1.2433327    0.5328178    0.2363335
   0.8036399   -0.4385758    0.4490917
   0.0009777    0.1367528   -0.0793222
  -0.1111540   -0.3802343   -0.4405982
   1.4319872    1.2189159    0.2120913
   0.0323393   -0.0268494   -0.1291326
   0.5455348   -0.6507667   -0.5220531
   0.7471480   -0.4408924    0.0569601
  -0.2226966    0.0611487    0.1002997
  -0.3563657    0.2425324   -0.3540680
  -0.8072122   -0.1372307   -0.2775019
  -0.0332852   -0.0218298    0.2360707
  -0.3495722    0.0003869    0.0682029
  -0.2962326   -0.1533950   -0.0176681
  -0.1124242   -0.0007766    0.0559369
  -0.1639778   -0.7074813   -0.4032759
   0.0560135    0.0445257   -0.3056115
  -0.0337431   -0.0353594   -0.1664787
   0.6946040    0.5794479   -0.1031320
  -0.2724860    0.0952060   -0.2380792
   0.2308225   -0.1268766    0.0774062
   0.0600411    1.1109729   -1.1647736
  -0.2472485    0.3811917   -0.1352243
   0.0708175   -0.0008725    0.3022681
   0.6108401   -0.5564308    0.5333467
   0.1740129    0.0905183   -0.1830005
  -0.1050011    0.1661441    0.1730633
  -0.0131606    0.4737806   -0.3593683
   0.5501834   -0.5021196   -0.3669014
   0.2165782    0.0832779    0.0474826
   0.0101309   -0.2954939   -0.1139935
   0.1020188   -0.2597800    0.1690880
  -0.0573741    0.0994048   -0.0047549
  -0.8163033    0.6817776   -0.0879890
   0.0062039   -0.0710531    0.1049755
  -0.1160243    0.1024792    0.0378111
   0.0412985    0.2885107    0.3179708
  -0.1389623   -0.1983008   -0.0571491
  -0.1357599   -0.0821190   -0.1053882
  -0.3392708    0.0838316    0.3052313
   0.3302188    0.6234666   -0.6642938
   0.0220573   -0.0626180    0.0141484
   0.4511513    0.4453773    0.2113433
  -0.0712191    0.1618758   -0.0134969
   0.0886744   -0.2283509   -0.0047423
  -0.8163796    0.4373880    0.1123784
  -0.7136882   -0.5455806    0.7876310
  -0.0682817   -0.0444733    0.0978424
  -0.2577255   -0.0461252   -0.3280029
  -0.2820941   -0.7463360    0.2036215
   0.0105852   -0.0628689   -0.0389251
   0.2204638   -0.1378528   -0.3331876
  -0.6078270   -0.4433853   -0.1332355
   0.0064107    0.1680198    0.0619300
   0.1780780    0.3005655   -0.1876208
   0.2618880    0.0489628   -0.2851235
  -0.1450761    0.1283946   -0.2113908
  -0.2949722    0.9424835   -0.1527716
   0.8200382    0.9224885    0.5976401
   0.1329378   -0.1315869    0.2550305
   0.0867878   -0.4550637   -0.1292598
  -0.3618467   -0.4608156    0.7049789
  -0.0507762   -0.1001396    0.0743305
  -0.4388386   -0.0585908   -0.0476917
   0.3932536    0.0735499   -0.3799361
   0.0408995    0.0490364    0.1557544
  -0.2732002   -0.6927499    0.0506301
  -0.2837964    0.3789186   -0.3238959
  -0.0997211    0.0046117    0.2049728
  -0.0118683   -0.2850288   -0.0878178
   0.5541360   -0.3838117    0.1487113
  -0.0787763   -0.1048825    0.1240348
   0.3100480    0.1452526    0.4656636
   0.0230600   -0.0592788    0.1579852
   0.0885915   -0.1386786   -0.0864375
   0.5981415    0.7120076   -0.2933390
   0.8524882    0.2377139    0.4524185
  -0.0713906   -0.2115978    0.0489646
   0.5459782    0.2737284    0.2886864
   0.0819020    0.3457102    0.3585888
  -0.1041240    0.0721395    0.1060965
   0.2634805   -0.0949401   -0.5823641
  -0.3277898    0.0172119   -0.6636465
  -0.0323596   -0.1143085    0.0402570
  -0.4180619   -0.0815346   -0.3220454
   0.7431970   -0.0468633    0.3318211
   0.1351017   -0.0185705   -0.1808347
  -0.4113853    0.5539551    0.9544589
   1.3728589    0.0848628    0.5378470
   0.1971776    0.1515606    0.1316360
  -0.1046673    0.0078616    0.3963254
  -0.2022735   -0.2112424    0.4245317
  -0.1339926    0.0819103   -0.0584228
  -0.3409902    0.0047022   -0.0170682
   0.1861911    0.6726938   -0.3276408
  -0.0109929    0.0613119   -0.0092954
  -0.3417192    0.2247759    0.2898237
   0.8936310   -0.0344419   -0.0613405
  -0.1724474   -0.1602484   -0.1892343
  -0.0576986    0.3833882   -0.3769228
  -0.4764575   -0.1281657    0.0673134
  -0.0011538   -0.2476047   -0.0556705
   0.0263666    0.5688328    0.4840226
   0.0321649   -0.2487298    0.8643438
  -0.0506578   -0.0269709    0.2244734
  -1.1281036    0.1953669   -0.2470249
   0.6471765   -0.1216603    0.0497673
   0.0440695    0.1122945    0.0425060
  -0.2939917    0.6408985   -0.1157088
   0.0631307    0.6324577    0.8602515
   0.3073618    0.2103366   -0.1769147
  -0.1961052   -0.1110482    0.3697452
   0.0225912    0.0505249   -0.1019844
  -0.0059086    0.1309772    0.0130545
   0.4842190   -0.0953123   -0.3030482
   0.5781142   -0.5568475   -0.1182750
   0.0910002   -0.1331846   -0.0463080
   0.5923818   -0.2127153   -0.1788006
  -0.2616067    0.0736273   -0.0209067
  -0.2147713   -0.0295263   -0.0976759
   0.6624892   -0.5834566   -0.4465587
  -0.2043073   -0.1865907   -0.3074800
   0.0785097   -0.1150319   -0.0355578
  -0.5538077    0.4152012   -0.8001438
   0.7516817    0.3498580    0.5035408
  -0.0759734   -0.0175051    0.0443236
   0.3354961   -0.1762148   -1.0262427
  -0.2307877   -0.1837172    0.2417082
  -0.2290383   -0.0388360    0.0270313
  -0.3644673   -0.8337002   -0.1446475
   0.0628732    0.2350337   -0.0506115
  -0.0553289   -0.0038059   -0.0121375
  -0.5583674    0.0145250   -0.9095589
  -0.5323640   -0.1548735   -0.3048787
  -0.0203577   -0.0218266   -0.0457428
   0.4337091    0.3135368   -0.3002017
  -0.3455568    0.0329172   -0.2868001
   0.0497657    0.0293135   -0.0608155
  -0.1061935    0.4557199   -0.6143244
  -0.2458792   -0.0827321   -0.6887509
   0.1693848    0.0353051   -0.0681659
  -0.7618002   -0.3819615    0.1583273
   0.8207506   -0.4390989    0.1801643
   0.0429418    0.1406281   -0.2696922
  -0.0551298    0.0390976    0.2954437
  -0.5680072   -0.1642206   -0.2661813
  -0.1934007   -0.1698638    0.1224479
   0.2076467   -0.2964348    0.1353062
  -0.2028004   -0.3181574    0.0463773
   0.0608699   -0.0997443    0.0432239
  -0.4027663    0.0144264    0.0498587
  -0.3698668   -0.8408872    0.1337740
  -0.2394113   -0.0235540    0.0958594
   0.5618806   -0.1255786    0.4540600
  -0.2784521    0.0231855   -0.4177537
   0.0499882   -0.0632126    0.0013179
  -0.2261477    0.3074358   -0.0086438
   0.9864678    0.4752250   -0.4090323
  -0.2378642    0.0959781   -0.2170666
  -0.2701368   -0.1924050   -0.1096009
   0.5973117    0.7128118    0.6526719
   0.0216085    0.1833144   -0.1038881
   0.6737576   -0.1424314    0.6074661
  -0.0626823   -0.1245214   -0.4372546
  -0.1621861   -0.0139287    0.0157554
   0.6875840    0.4639160    0.7243521
  -0.8283998   -0.1439378   -0.5996989
   0.0511847    0.0837718    0.1759193
  -0.3766808    0.8155500    0.3871705
   0.6917341    0.7705982   -0.7266580
   0.0338054   -0.0386397    0.0142929
   0.0424124    0.1888292    0.5628735
   0.6959384    0.1620604    0.2880826
   0.0544813   -0.0438068   -0.0984270
   0.2757483    0.2073367   -0.8402318
  -0.2197170    0.0804895    0.6536743
  -0.1110295    0.0462277   -0.1739661
  -0.5243405   -0.1636892   -0.8485379
   0.2146466   -1.0347071    0.0622455
  -0.1089693    0.1267742   -0.1311445
   0.8335937   -0.5020208    0.1975177
  -0.4410102   -0.4554104    0.4772874
  -0.0762742    0.0217773    0.2933506
   0.0035649    0.1552995    1.3471180
  -0.1964208    1.0448231   -0.0583512
  -0.1185022    0.0334449    0.0546631
   0.1653178   -0.0662152   -0.3218153
  -0.0058281    0.2279697    0.1834092
   0.0988765    0.0280696   -0.0669694
   0.2533781    0.5442212   -0.6100473
   0.0766282    0.4472202    0.3954562
   0.0150339   -0.1063945   -0.0282417
   0.9682550   -0.1567499   -0.2829283
  -0.4859057    0.3013716   -0.1041731
  -0.0249574   -0.1256989    0.0649809
   0.6705768    0.1416747   -0.3793733
   0.2194908   -0.0040749    0.1519072
   0.0922313    0.1279812   -0.0465413
  -0.1668301   -0.5331626    0.4376757
  -0.0173179   -0.6186450   -0.1454486
  -0.0321440   -0.1041993   -0.0057715
  -0.6588245    0.5511625   -0.3269157
  -0.0668859   -0.0185803    0.1183185
  -0.0944034    0.2713701    0.0116445
   0.3675870    0.3875737   -0.1838619
   0.6245969   -0.4859239   -0.6644008
  -0.1452903    0.1528699   -0.0303842
   0.0619946   -0.2273063    1.2688473
   0.2485605   -0.1986839    0.7621855
  -0.0912915   -0.1341702   -0.1458642
   0.0343005    0.0565815   -0.5208676
   0.5250061    0.1037984    0.1170668
  -0.0526899    0.0061277   -0.0601605
  -0.4226449    0.0075703   -0.4842728
   0.4955953    0.1422100   -0.3796389
  -0.1274909   -0.0035510    0.1579586
  -0.1648976   -0.6244510    0.2315738
   0.2192284   -0.5950230   -0.1073479
   0.1034567    0.0463759    0.0847775
   0.4609603   -0.4142391   -0.1889721
  -0.2491340   -0.3874818    1.0361594
  -0.0510377   -0.0607821    0.1341345
   0.3206498   -0.3411200   -0.5785399
   0.0117529   -0.9851996    0.1345211
  -0.0613102    0.0072978    0.1340572
  -0.2218773   -0.2050814    0.4226057
  -0.6139124    0.2569124    0.2541904
  -0.0213577   -0.1646529   -0.0731950
  -0.3378533    0.3552165   -0.1457586
  -0.4434490    0.8123088    0.0319542
  -0.0297287   -0.1077962    0.1456648
   0.3439710   -0.2186932   -0.5403662
  -0.2514319   -0.2843429    0.6200096
  -0.0401778    0.1013100   -0.2396199
  -0.6172968    0.1466443   -0.3286090
   0.0380681   -0.4415632    0.3143550
  -0.1315787   -0.0363391   -0.1082661
  -0.0294571    0.5936369   -0.1077796
   0.4340851   -0.2265942   -0.0014032
  -0.0151970   -0.0248556   -0.1351224
  -0.6704703    0.6175732   -0.1001785
   0.1415976    0.3360866   -0.0693436
   0.0232713    0.0794119    0.0141705
  -0.2914425   -0.6723965    0.4263021
   0.0878233   -0.5552621   -0.0651000
  -0.0554128   -0.0623924    0.0596221
  -0.2790402   -0.5328957    0.2231669
   0.3175016   -0.0402375    0.5228462
   0.0820042    0.2293992    0.0829519
   0.1034650    0.1563410    0.3717269
   0.2664573    0.0075311   -0.5876115
  -0.1309206   -0.1214814    0.0333817
  -1.1447684    1.1058389    0.1213060
  -0.2481216    0.1832674    0.3497206
   0.0755627    0.1099571   -0.1427511
   0.4806162   -0.0845993    0.1638352
  -0.5274671    0.5859013   -0.4451463
  -0.0062252   -0.1213801    0.0461324
  -0.2784424    0.2559621   -0.0139843
   0.7477818    0.4983256   -0.4985684
   0.1330796   -0.2849657   -0.0926225
   0.3446243   -0.6158781   -0.8586372
   0.0967244    0.3477063   -0.3862250
  -0.0096966    0.0353764    0.2465842
   0.1498883   -0.3387122    0.5496927
  -0.8485447   -0.1625176    0.1083443
   0.0059800    0.1503683   -0.1635664
  -0.4457419   -0.0745090    0.2608196
  -0.4821582    0.2391116   -0.0791289
  -0.1749762   -0.1086515   -0.0176109
  -0.3513193    0.1291904   -0.1080240
   0.7920497    0.2228200   -0.1009358
   0.0136718    0.0593220    0.0069209
   0.0409039   -0.0416372    0.0728355
  -0.3866599   -0.2775749    0.5105035
   0.0101825    0.0806974    0.1402798
  -0.2842636   -0.2073592    0.5728906
  -0.0867073    0.2380918   -0.1231292
   0.1137523   -0.0367461    0.0957084
  -0.1545039   -0.0112183    0.6424385
   0.2813269    0.1324973    0.1229125
   0.1902021   -0.1359698   -0.1116509
   0.6322808    0.2640023   -0.3509521
   0.1371565    0.8517615   -0.1681576
  -0.0282820    0.0971152    0.1227089
  -0.0563460   -0.4535119   -0.4217545
  -0.2951154    0.4890673    0.8791652
  -0.0516067   -0.0831022    0.1134085
   0.1660217   -0.4695656    0.2670898
  -0.0704164    0.0890670    0.8117374
   0.0154148   -0.0544363   -0.0077886
   0.1427331   -0.4722263   -0.4347229
  -0.3260590    0.2173262   -0.4916730
   0.0194223    0.1702144    0.1398167
   0.7456260    0.2591845   -0.2961540
  -0.3144334   -0.1473628    0.4910137
  -0.1081797   -0.0196467    0.2281326
  -0.4712105   -0.1781387   -0.6818388
   0.3527200   -0.3644139   -0.0542698
   0.1198204    0.0514616    0.1851707
  -0.3689077    0.7240674   -0.3085860
  -0.3311872   -0.0434311    0.2587194
  -0.1313151   -0.2251485    0.0361684
   0.4599403    0.5652391   -0.0992975
   0.8105670   -0.2102401    0.4018575
  -0.0920149    0.0483966    0.1468643
  -0.3245471    0.2406430   -0.3679913
   0.6161349    0.0427827   -0.0294095
   0.1351755   -0.0476786    0.1135877
   0.1559567    0.3821401   -0.1031971
   0.0775276    0.2639479   -0.4650449
   0.1619572   -0.1063703    0.0855174
   0.0188169    0.7363276   -0.0458044
   0.2739751    0.2295196   -0.4695763
   0.0784603    0.1137644   -0.0598195
  -0.5914499    1.0242623    0.6765918
  -0.5946670   -0.1338752   -0.4476064
  -0.0166836   -0.0605810   -0.0956784
  -0.9480795    0.0244563    0.0846078
  -0.2236620    0.1203490   -0.4227009
  -0.1872362   -0.0040718   -0.1990680
   0.0057060   -0.2212166   -0.0408574
   0.5094064    0.6999963    0.5549709
  -0.0535944   -0.0494181    0.0729252
  -0.3058722    0.6317243    0.3455312
   0.5925099   -1.0164900    0.1571528
   0.1687375   -0.0268442   -0.0056512
   0.3234474    0.8058926    0.3418763
  -0.1411670   -0.4244964   -0.2784825
   0.0176853    0.0244968   -0.1378496
  -0.6312186   -0.3639703   -0.2304429
   0.6224729   -0.2243262   -0.5153608
   0.1390160    0.0506338   -0.0537266
  -0.2707970   -0.1937968   -0.4234375
   0.3493458    0.4166506   -0.1623332
   0.0978746    0.0523378    0.1102034
  -0.6374810    1.7225577   -0.4709834
   0.2556640   -0.0387542    0.2983597
   0.1340816    0.3011549    0.0311062
  -0.1993275   -0.3351902    0.0493026
   0.4184349    0.5713369    0.1629553
   0.1160218    0.0696754    0.0693609
   0.7057515    0.6537085   -0.6752149
  -0.5885752    0.2776925   -0.3785535
  -0.0799314   -0.0599896   -0.0231070
   0.6855099   -0.6042529    0.5738832
  -0.2413946   -0.4482132    0.7409601
   0.0754149   -0.0384429    0.0150523
   0.2335072    0.2564199    0.5564527
  -0.3388000   -0.0862983    0.9099572
   0.3745701    0.1493465    0.1331308
  -0.5103933   -0.7841287   -0.4681204
   0.3841424    0.1778541    0.0475188
  -0.0653359    0.0162940    0.0622389
  -0.1980554    0.0694302   -0.0745983
  -0.8131571   -0.1230304    0.4202999
  -0.0513387   -0.0169810   -0.1640040
  -0.3756438   -0.4621935   -0.1019498
   0.3188032    0.2665379    0.2666946
   0.1003363   -0.2041861    0.0539830
  -0.1569210   -0.1729684    0.0945161
  -0.9426859   -0.0479280    0.0674961
  -0.0791156   -0.1453349   -0.0027208
  -0.3646397    0.1589345   -0.6604847
   0.1172108   -0.1489408    0.4834902
  -0.1250476   -0.1937834    0.3161604
  -0.1481767   -0.4088186   -1.4067677
   0.2444347    0.0285995    0.5760043
  -0.0543847    0.1767108    0.1529267
  -0.6147799    0.4346753   -0.2326654
  -0.3833657    0.4396817    0.0262103
  -0.0324225   -0.0827516   -0.0868359
  -0.4513269    0.5124524    1.0945516
   0.5174034    0.5822617    0.3982590
  -0.1412274   -0.0688858    0.1243430
   0.4722755   -0.4251449   -0.5703943
   0.3204724    0.3362746    0.3849567
  -0.0237361    0.1749141    0.0830107
   0.7395770    0.3666528   -0.3395402
   0.2003937   -0.7521928   -0.0497280
  -0.0351556    0.1263946   -0.1946340
   0.0753339   -0.0872894   -0.6434386
   0.1401906   -0.1089505   -0.0370455
  -0.0601724   -0.1424270    0.1371998
  -0.5590362   -0.3014119    0.0673455
   0.0172100   -0.2478695    0.0991010
  -0.0283998   -0.1228775    0.1191237
  -0.0316368   -0.3247171    0.8500760
  -0.0022833   -0.3168165    0.7677374
  -0.0766210   -0.0984947   -0.1499896
  -0.1660713   -0.4249251    0.5204247
  -0.4158382    0.1167030    0.4615937
  -0.0973335   -0.0158734    0.2524532
  -0.1196987    0.6836150    0.7852998
   0.1482709    0.2697789   -0.1663195
  -0.0373856    0.0221105   -0.1439133
  -0.0511218   -0.5037281    0.2030777
   0.4129769   -0.3821573   -0.1727265
   0.0262746   -0.0583527   -0.0538334
  -0.1454558   -0.2747628   -0.0664090
  -0.0206820   -0.2784760    0.4602093
   0.0615060   -0.0805371    0.0092476
   0.2001659    0.2963766   -0.1428949
  -0.2155434    0.2137416   -0.2719112
   0.2227728    0.0142784    0.0463557
  -0.1071307   -0.1782654   -0.2435122
   0.2402644   -0.0130007    0.3198094
   0.0808177   -0.2078809   -0.0283937
   0.4950778    0.0678199    0.4579337
   0.1124559   -0.3323463    0.3213711
   0.0370802    0.2040436    0.0921677
   0.2244982   -0.3702334   -0.2388034
  -0.6839269    0.1868287    0.6501499
   0.1340676    0.2486859   -0.0424104
  -0.2942519   -0.2175785   -0.8530220
  -0.1143332   -0.3873274    0.9748175
   0.0480963    0.0139980   -0.1523466
   0.0802750   -0.7266191   -0.1053333
   0.2548883    0.3740197    0.7660706
  -0.1469418   -0.2780620    0.1942889
   0.5066436    0.0305246    0.5013384
  -0.0165938   -0.1421187    0.8939486
  -0.0817774    0.0914700   -0.1701788
  -0.3771506    0.3452931    0.6440840
  -0.0325444   -0.0513929   -0.1514171
   0.0590176   -0.0296199   -0.0180450
   0.3043597    0.2786127   -0.4776925
  -0.3655402   -0.5580870   -0.9524558
   0.0957366    0.1265948    0.1093146
   0.1579978    0.5602040    0.1472012
  -0.5163871    0.4578373   -0.0129522
  -0.0199469    0.0232434   -0.1062344
   0.5233713    0.6133848   -0.0004363
  -0.5395407   -0.0064151    0.1049593
   0.0214880   -0.3045391    0.0770178
   0.5278449   -0.0410341    0.1295415
  -0.3532075    0.7161770   -0.6610397
   0.0550952   -0.0920761    0.0526627
  -0.4707787   -0.4787135   -0.4634674
  -0.1005831    0.8437910   -0.5935167
  -0.0015031    0.2156294   -0.1800832
  -0.3827683    0.2408523    0.2167550
   0.3505406   -0.1367602   -0.1776558
  -0.0108680   -0.0166447    0.0535646
   0.7550195    0.3712318    0.5088489
  -0.2223530    0.3350987   -0.2181782
   0.0040202   -0.2021913    0.0393840
   0.3187755   -0.2272923    0.3582002
   0.2378306   -0.1644402    0.2514354
  -0.0050142    0.0128008   -0.0471228
   0.0720984   -0.0402802   -0.2238919
   0.8762761   -0.0989923   -0.0637621
  -0.0439050   -0.0256007    0.1256352
  -0.0008304   -0.5866559    0.0240737
  -0.5026068   -0.1508863    0.1518341
   0.0596409   -0.1645098    0.0265809
   0.0883737   -0.0023104    0.6527168
  -0.2577969   -0.0837891   -0.5331103
   0.0291878    0.1732982   -0.0177708
   0.1441383    0.6592403    0.5285175
   0.2274207    0.0063928    0.4062043
  -0.0638319   -0.0546226   -0.0623111
  -0.5444782   -0.7005011    0.1319831
  -0.1653791    0.0430050   -0.7810519
  -0.0832550   -0.0519038   -0.0179460
  -0.1154460   -0.2215583    0.0461170
  -0.4023254   -0.0246209   -0.5123903
  -0.0870891    0.1526014    0.1275221
  -0.6263421   -0.1323566    0.0263840
   0.1659496    0.3097036   -1.1906570
  -0.0020934    0.1103089    0.0297038
  -0.4839962    0.2683384    0.2794380
  -0.1275440   -0.2408571   -0.0610164
   0.0945329    0.0130038    0.0414351
  -0.0839081   -0.7962567   -0.3326083
  -0.1418308    0.2531594    0.8672334
  -0.0822984    0.1497115    0.1501923
  -0.4722461    0.8181027    0.0305555
  -0.7304112   -0.3308557   -0.2108467
  -0.1530743   -0.0496628    0.0820169
   0.0236495   -0.2470454    0.3749434
  -0.3404287   -0.2525608    0.3475924
  -0.0079015    0.0659724    0.0689705
  -0.1111470   -0.3007060    0.2250576
  -0.2033531    0.6027084    0.1790033
  -0.2374733   -0.2370230   -0.0587753
   0.5494713   -0.7076445    0.3991438
   0.3018079    0.2474489   -0.0319844
  -0.1622380   -0.0566811   -0.1565648
   0.2984233    0.0395693    0.1906067
  -0.1242570   -0.0020095    0.2677114
   0.0300457   -0.0045945    0.1226510
  -0.6627629   -0.2569998    0.1205106
   0.0345169   -0.4805907    0.2372957
   0.2423616    0.0801257   -0.1698859
  -0.2501067    0.4843958    0.6108494
   0.0739900   -0.4684524    0.3031004
   0.1181341   -0.0608404    0.1292606
   0.0786831   -0.1786475   -0.1651833
   0.0862243   -0.2928533    0.1399907
   0.0219181   -0.0459790    0.1730323
   0.0837323    0.1978856    0.3451202
  -0.0682365   -0.2341335    0.5315005
  -0.0177259   -0.0562399   -0.1196035
   0.2640207   -0.1613773    0.6508415
   0.3348913    0.4061657   -0.1402463
  -0.1058584   -0.0347716    0.0584255
   0.2729070    0.1206112   -0.0314059
   0.5257692   -0.2476010    0.1856206
   0.0181064    0.0233941   -0.2925394
  -0.0369420   -0.3702711   -0.2396970
   0.1446412    0.3197051   -0.1491898
  -0.2963977   -0.0579673   -0.0113422
   0.4481200    0.4856122   -0.2481511
  -0.2965513   -0.5623415    0.0666939
   0.0673407   -0.2908631    0.0712320
  -0.5531818   -0.2759309   -0.2817188
  -0.0708720    0.6790760   -0.2739728
  -0.1182393    0.0738769   -0.1716333
   0.3020367    0.4419750    0.3380214
  -0.4352100   -0.4103548   -0.5227516
   0.1299794    0.0387977   -0.0612773
   0.2089290   -1.1495458    0.0804962
   0.7683415   -0.3660794    0.2464277
  -0.1005635   -0.0885341    0.1081117
  -0.5153731    0.1544891    0.0518358
  -0.3945698   -0.0134721   -0.2452970
   0.0312015   -0.0561980   -0.0140524
  -0.0001895   -0.1344318    1.0428885
  -0.0740070    0.2323129   -0.1382410
  -0.0489416   -0.1169864   -0.2518086
   0.4540154    0.5329944    0.2577755
  -0.4664779    0.5307820    0.5765800
  -0.0176314    0.0175671   -0.0049643
  -0.5741311   -0.1849705   -0.6344582
  -0.2675996    0.2108723    0.2818387
  -0.0201631    0.0735391    0.0567035
  -0.4725263    0.0457310    0.4115333
  -0.3736099    0.2815592   -0.0816207
   0.0041810    0.0402766    0.0141011
  -0.0712678    1.0841022   -0.3834202
   0.0630455   -0.0711140    0.4983172
   0.0176144    0.1948021   -0.0531403
  -0.3439001    0.6096652   -0.0878225
   0.3007002   -0.3558928    0.1878370
   0.1673021   -0.0391867    0.1355047
   0.3139900    0.5552300    0.2819924
  -0.1202686   -0.0586888    0.4130648
   0.0641431    0.0612024    0.0306923
   0.1819797   -0.0372184    0.1911942
   0.3528127   -0.6021180   -0.0644410
  -0.0764119   -0.0948560   -0.0333799
   0.5528385    0.1280093   -0.1468527
   0.4151180   -0.1879889    0.2353568
   0.0932073    0.1217792    0.0808097
   0.0298085   -0.7231130    0.5936483
   0.6932632    0.0169667   -0.2804637
  -0.1538213    0.0569874    0.3186766
  -0.2925515    0.0025891    0.3323395
   0.5082738    0.5678713   -0.2939867
   0.0066354    0.0562042    0.0495964
  -0.1345918   -0.1893761    0.6719216
   0.1976207    0.1464812   -0.5419499
   0.1356302   -0.0134471   -0.0634212
  -0.1637164    0.2883727   -0.1012360
  -0.4844350    0.0791182   -0.0057470
   0.0027367   -0.0643932    0.0973371
  -0.3304074   -0.3029686   -1.0208083
  -0.2804435    0.3356198   -0.5020394
   0.0009222    0.0321014    0.1983027
  -0.6466877    0.6851864    0.1316270
  -0.6655522   -0.1138257   -0.3866535
  -0.0319419   -0.0308605    0.1535798
  -0.5957169    0.9616252   -0.7471162
   0.5837798    0.3987159    0.1154433
   0.0227477    0.1774076   -0.1484796
  -0.5700266   -0.3284800    0.4909900
   0.2978628    0.1289145    0.1490452
  -0.0347920    0.2181955   -0.1476679
   0.0037434   -0.1284470   -1.2275667
   0.5901594    1.1117194    0.3054060
  -0.0117568   -0.2361884   -0.0748987
   0.6732845    0.0065543   -0.7417521
  -0.1890197    0.1794620   -0.4717238
   0.0445278   -0.0983820   -0.0744237
  -0.1129211   -0.1279908    0.2012679
   0.3175161   -0.9060588   -0.7931119
   0.0079337    0.1145635   -0.0509883
   0.1857462    0.9250634    0.5040085
  -0.2116550   -0.3448428   -0.7330486
   0.1878673    0.2042347    0.1398990
   0.4883041    0.0682853    0.2623505
  -0.2027230   -0.5138357    0.1401858
   0.0155278   -0.0329324   -0.0043086
   0.2388286   -0.2321880    0.0246370
   0.3979105    0.0271322    0.3346852
   0.1267481   -0.1821289   -0.0222073
   0.6304687   -0.0215537    0.0582033
   1.0441444    0.1445319   -0.2537536
   0.0838196    0.0665557    0.0705151
   0.4129653   -0.2233469    0.5822377
  -0.0608711   -0.6098374   -0.3045396
   0.1331432   -0.0664335   -0.0532659
  -0.2267350    1.3357114   -0.6075467
   0.1693672   -0.1021434    0.8872782
  -0.2007310    0.1441941    0.0256474
  -0.6645014    0.2085732    0.5773262
  -0.0191874    0.6465502   -0.2490643
   0.0499520    0.0264520    0.2231980
   0.1814003   -0.0616776    0.2935863
   0.0939053   -0.1565488   -0.4418197
  -0.0631523   -0.0695147    0.1842822
   0.6566226   -0.2866772    0.1436162
  -0.3377233    0.8131734   -0.5311903
   0.0854445    0.1585402   -0.0086256
   0.3273371    0.1059625    0.4020327
   0.6907033   -0.0392163   -0.3191211
  -0.0576689    0.2196345   -0.0453248
  -0.3981776   -0.0862935   -0.0194922
   0.1691624    0.4944567   -0.2132194
   0.0518055    0.1497818    0.0857877
  -0.1653434   -0.4047417    0.1223277
   0.3639620    0.9537802   -0.3000253
   0.1906583   -0.0956457    0.0084449
   0.7864804   -0.2979253    0.1255516
   0.4355885    0.4475921   -0.6596861
  -0.0510715   -0.0333881   -0.1398179
   0.0272350    0.2914569    0.0352285
  -0.0298711    0.0931905    0.5228084
  -0.1581236    0.0782024   -0.3120780
  -0.6460688   -0.0182408    0.3421682
   0.3108402    0.5687805    0.8940547
   0.0067927   -0.0285386    0.0128630
   0.0608139   -0.6232675   -0.6023778
  -0.3074078    0.3186774   -0.0871330
  -0.1467846   -0.1172116    0.0150322
  -0.7262416   -0.4415550   -0.0322127
  -0.5010525    0.5959008   -0.1020067
  -0.0014023    0.0535046   -0.0124422
  -0.6317606    0.9876012   -0.5479253
   0.3285517   -0.7323607    0.4196975
  -0.0881670    0.1788390    0.1207401
  -0.6182488   -0.1943184   -0.3933044
   0.1695663    0.2142099   -0.6768196
   0.0751100    0.0244959   -0.0945825
   0.2236229   -0.0969833   -0.7941027
  -0.2917170    0.0802715    0.2045080
  -0.0209447    0.2709244    0.1619999
   0.1672780    0.1576902   -0.3105762
  -0.5226895    0.7887225   -1.1269161
  -0.1418646   -0.0752830   -0.0061613
   0.6367922    0.4567027    0.2232265
  -0.4023775   -0.3045669   -0.2485045
   0.1127958    0.1038698    0.0845762
  -0.5690532   -0.3579364   -0.8346971
   0.2290145    0.5394598   -0.1666056
   0.1093327   -0.0089694    0.1042669
  -0.3479867    0.0057372    0.6368896
  -0.3821536    0.4031460   -0.0788506
   0.0719540    0.0747641    0.0550784
   0.2994212    0.5792952    0.1091950
   0.0422320   -0.0106810   -0.5959035
  -0.0408920    0.1171079   -0.0261464
  -0.0374665    0.0812895   -0.6984571
   0.0416219   -0.6705707   -0.3265685
   0.0234164    0.1152094    0.0447552
  -0.1814735    0.1898710   -1.1420877
   0.2758392   -0.3202258   -0.1085516
   0.0729479    0.1384686   -0.2572196
  -0.0821621   -0.1260656    0.8857792
  -0.2293215    0.3154405   -0.1010735
   0.0661964   -0.0220204    0.0432696
  -0.9867082    0.2464926   -0.1101154
  -0.3585052    0.1448187   -0.0628793
   0.0149100    0.2101275    0.0961485
   0.1910555    0.4498173    0.0703141
   0.6890055   -0.1221652    0.2398281
  -0.0380304    0.2154927   -0.0688564
   0.6060400    0.3673870    0.7915015
  -0.5013570    0.5276946    0.2421882
  -0.0882538    0.0300564    0.0741625
  -0.0122899   -0.3411708    0.2383197
  -0.2276911    0.4056409    0.3754337
  -0.0149336   -0.0510566   -0.0538512
   0.6595281   -0.6094013    0.5921633
  -0.2705544    0.5047390    0.1741382
  -0.0117502    0.0018715   -0.0743071
  -0.3556409   -0.3239270   -0.7247943
  -0.3595305    0.4016795   -0.4219548
  -0.0586330    0.0709957    0.0602936
   0.0580335   -0.0975611    0.5059575
  -0.2772082   -0.0132561   -0.4874238
   0.0264002    0.1134252   -0.1086957
  -0.2329461    0.0993866   -0.1783241
  -0.3657764   -0.1070846   -0.2222705
  -0.0326083    0.0306498    0.0777558
   0.4492817   -0.0130334    0.5878034
   0.2401762   -0.5098778   -0.0939366
   0.2697180    0.0965590   -0.0825990
   0.1734711    0.1867166    0.6146426
  -0.3386856    0.6800793   -0.1362351
  -0.0584754    0.0464531    0.0604175
   0.0201206   -0.0556552   -0.2881327
   0.1509777    0.2916332   -0.2054596
   0.0890146    0.0108791    0.1686810
   0.3417174   -1.0135604   -0.0665684
   0.3752455   -0.2141913   -0.1199726
  -0.1549242   -0.0936445    0.0364151
   0.1520940   -0.3471932   -0.2614031
   0.0827677    0.2350323   -0.2558976
  -0.0255471   -0.1238793    0.2040504
   0.2201680    0.2656823   -0.2714258
   0.2355219   -0.4067370    0.4358667
  -0.0064488   -0.1694883    0.0765050
  -0.0543255    1.4170730    0.6684680
   0.0443735   -0.6607437    0.1041541
  -0.0402107   -0.0062878   -0.0497219
   0.6901693   -0.0144027    0.0497463
  -0.4993942   -0.3681390    0.1132432
  -0.0710211    0.1186139    0.2843907
  -0.3467835   -0.5573538    0.1301142
  -0.4654014    0.2747515   -0.1824782
   0.0861565   -0.0727517   -0.0438970
   0.3907052   -0.7018240   -0.3921418
  -0.9315974    0.5844223    0.0069324
   0.0862706    0.1043382    0.1656530
  -0.4530591    0.4678483   -0.3400764
   0.4088971    0.1322209   -0.5075259
   0.1549713   -0.0130165    0.1515211
   0.1033467    0.1465217    0.3173172
   0.3058467    0.1901838   -0.6311027
  -0.0517710   -0.0315434    0.0501016
   0.1404562   -0.7179836    0.4180047
   0.0164928    0.0066883   -0.8052540
   0.0782762    0.0179380    0.0327558
   0.1660155   -0.3496761   -0.5050972
   0.0095924   -0.6144503    0.7802945
   0.0449357    0.1127626    0.0189224
   0.0372176    0.3393644    0.5617306
  -0.0762654   -0.0625905    0.0974387
   0.0672564    0.0021678   -0.1407867
   0.0065885    0.4785800   -0.2867689
   0.0484922    0.6016485    0.2545450
  -0.0933827    0.1878065    0.0928306
  -0.1193880    0.0929236   -0.3342379
  -0.5270758   -0.6110699    0.5478036
  -0.0314154    0.1740337   -0.1528626
   0.2869160   -0.0545151    0.5916164
  -0.2785446   -0.4975558   -0.0427626
   0.0267419    0.0192117    0.1262143
   0.5682725    0.1218136   -0.1253762
  -0.3087654   -0.2937945   -0.9477507
   0.0105967   -0.0831888    0.0422969
  -0.3146900    0.8739414    0.2151114
   0.0723155    0.5215464   -0.1696984
   0.0937524   -0.0724478   -0.0484656
   0.0341219    0.4603056   -0.3341010
   0.4137055   -0.2639405   -0.5210161
   0.0592726   -0.0010575    0.0399864
   0.7462990   -0.6939363   -0.1078630
   0.2779126   -0.6023468    0.1638843
  -0.0479694    0.1424968   -0.0423294
  -0.3312822   -0.3814059   -0.2081297
   0.7768898   -0.7404845   -0.4482713
   0.0860246    0.1310215    0.1609145
   0.1654228    0.8020869   -0.2810389
  -0.0175387    0.1344102   -0.3296067
  -0.0016874    0.0684634    0.0813411
  -0.4742897   -0.2558026   -0.1027902
  -0.1263078    0.0270090    0.1951369
  -0.0998162   -0.2001889    0.2109228
   0.0298690   -0.1361416    0.5003324
   0.4469810    0.4019891   -0.5159327
   0.0018521    0.0144498    0.0361910
   0.0447938   -0.9347455   -0.9296446
   0.1973561   -0.5730587   -0.3457371
   0.0049803   -0.0801339    0.0973423
   0.2219302    0.4638783    0.8871060
   0.2335839   -0.5753954   -0.4068023
   0.0375252    0.1861708   -0.0495199
   0.3545976   -0.2949967   -0.0952130
  -0.5859145    0.0010866    0.0942527
  -0.0857228    0.1020296   -0.0278619
   0.8258767   -0.1454842   -0.3274363
  -0.8300359    0.2358223   -0.5233234
   0.0849346    0.1172468   -0.1560669
   0.3696606    0.1446520   -0.2524214
  -1.3398036    0.8602290   -0.1974388
   0.0611270   -0.0218505    0.0394983
   0.0497277    1.0459917   -0.1743052
  -0.8550802    0.6807362   -0.8323767
   0.0515217   -0.2437067   -0.1499251
  -0.4149376   -0.2174333    0.3086951
   0.5257941   -0.1837034   -0.1419695
  -0.1298971   -0.1165323    0.1299517
  -0.2392467    0.8779656    0.5018191
   0.1342502   -0.0558735   -1.0084544
   0.0278547   -0.0151038   -0.1765911
  -0.3032235    0.5521670   -0.2503363
   0.2497432    0.5699468    0.3985993
   0.0766538   -0.0450915    0.0639789
  -0.0210993   -0.1726181    0.3487882
   0.0990977   -0.4155039    0.3966986
  -0.0425054   -0.0318927   -0.0962602
  -0.3255318   -0.2142019   -0.1219465
   0.0161707   -0.5652884    0.1901801
  -0.0929336   -0.0934522   -0.0879310
   0.1865856   -0.5255827    0.0778689
  -0.4497737    0.3671171    0.8130287
  -0.1871176   -0.0025766   -0.0647897
  -0.1218633   -0.0028499   -0.4673800
   0.8578550    0.1775640    0.0375378
   0.1256021    0.0425688   -0.0327403
   0.3401343   -0.8479667   -0.4346910
   0.0984453    0.3531227    0.2207226
   0.0245694    0.0184787   -0.0708437
   0.3621651   -0.0508415    0.0088053
  -0.1413375   -0.5740151   -0.1740620
  -0.0379704   -0.2097102   -0.1686346
   0.4471071   -0.5072691   -0.8888544
   1.3091590    0.6304643   -0.4201935
   0.0447287   -0.1701144   -0.0233941
  -0.0398282   -0.4837787   -0.4087267
   0.1807352   -0.0812881    0.2399504
   0.0146041    0.0140394    0.1415642
   0.2701703    0.2309311   -0.5396846
   0.2103674    0.0953276    0.1168410
  -0.1157942    0.1214803    0.0484198
   0.3111975   -0.2143637    0.1087601
   0.1981577    0.0893179    0.9435180
   0.1274623   -0.1079372   -0.0838369
  -0.7623248   -0.2559119    1.1897043
  -0.0792588   -0.4950298    0.2117752
   0.0815388   -0.0166219   -0.1550627
   0.1186094    0.0516607   -0.2602346
  -0.6885409    0.3090142   -0.3344285
  -0.0473464    0.0714672    0.2292257
  -0.5146629    0.0405687   -0.0049614
  -0.8086264    0.0677354   -0.5480364
   0.0290655   -0.1364586   -0.0626118
  -0.8079658   -0.2086443   -0.2416821
  -0.0907480   -0.4374811   -0.1210006
   0.0520739   -0.0656480   -0.0068492
  -0.3123710    0.0288456    0.3771915
   0.1523515    0.0467485   -0.4034584
   0.1168340   -0.0918899    0.0294663
  -0.0304197    0.1256605   -0.7867051
   0.0262274   -0.1850958    0.4596924
   0.0759430    0.1445385    0.0065843
   0.8902285   -0.2525592    0.4345136
   0.4392542   -0.4265571    0.3112794
   0.0045068   -0.1722265   -0.1555733
   0.2849151    0.1917661   -0.6346983
  -0.5477352   -0.0457912    0.0969687
  -0.0256217    0.1925335    0.0561045
   0.0948939    0.2211897    0.7284875
   0.7292355   -0.5625583    0.1615861
  -0.0799413    0.0104619    0.0312736
  -0.1166965    0.2953191   -1.0101802
  -0.4665113    0.3166605   -0.1703292
   0.1447723    0.2231220    0.0231814
   0.3444829   -0.5280834   -0.1871291
  -0.0165328   -0.6155236   -0.3325532
  -0.1621343   -0.0310376   -0.0335533
   0.5015706   -0.3248215    0.1783315
  -0.8981378    0.5834401    0.2588032
  -0.1058459    0.0632495   -0.0385565
   1.0224919   -0.5677577    0.5301912
  -0.3844656   -0.2083378   -0.7259111
  -0.2290432    0.2396129    0.0275893
   0.2566310   -0.0607621    0.3104245
  -0.9615912    0.5231242    0.6091658
  -0.0078464    0.1480501   -0.1102067
  -0.2680345   -0.3692666   -0.6085783
   0.2140151    0.3680603   -0.6813902
  -0.0002909    0.0719100   -0.0079672
  -0.3923812   -0.2450565   -0.1182039
   0.2911411    0.7114037   -0.3894870
   0.0077303    0.0443905    0.0705565
  -0.4085092    0.5251977   -0.1049927
   0.0374792    0.2736598    0.3658955
  -0.0357616   -0.2666725   -0.1855101
   0.4188397    0.4961147   -0.0367916
   0.1648583   -0.7245886   -0.3850750
  -0.0022851    0.0612492   -0.1641268
   0.1677960   -0.5312014    0.8263502
  -0.1234201   -0.0078823   -0.2604244
   0.0807190   -0.0545452   -0.1112018
   0.5950539   -0.2394824   -0.0857721
   0.1462895   -0.2771185    0.0362573
  -0.2810475   -0.0225913   -0.1066774
   1.1337541    0.7017927    0.1039200
   0.2588289   -0.6587359   -0.2892619
   0.2180042    0.0586924   -0.0565019
  -0.4664478    0.5661018    0.5292292
  -0.4467016    0.1269297    1.1027988
  -0.1463564    0.0577917    0.0988607
  -0.0301406    0.4610770    0.0479883
  -0.4069959   -0.2701716    0.0188302
  -0.0847292   -0.0895464   -0.1435398
   0.2606773   -0.2580234   -0.2683869
  -0.1989866   -0.1177280    0.2984638
  -0.0980188   -0.0571746    0.0443996
   0.0658746   -0.5541272   -0.2754961
  -0.5597505    0.4846314    0.6107383
  -0.0508255    0.2666822   -0.0913580
  -0.4507329    0.4807554    0.1754746
   0.9055853   -0.0727134   -0.0197693
  -0.0627025   -0.0284722   -0.0459494
  -0.3760643   -0.8460255    0.1019886
   0.6177037   -0.8757376   -0.0855856
  -0.1142631   -0.1210444    0.0660875
  -0.0009918    0.4531957   -0.3693076
  -0.0380124   -0.2787327   -0.3097916
  -0.1256137    0.0880473    0.1078238
  -0.1338700   -0.6451088    0.0634791
  -0.3257634   -0.3650186    0.4959949
   0.1178220   -0.0584620   -0.0083781
   0.3361804   -0.8104023   -0.0681750
  -0.1488852   -0.1216481    0.3987508
  -0.2924540   -0.2499183   -0.0512521
   0.6433645   -0.7285725   -0.9093220
  -0.1926420    0.2749959    0.3329868
  -0.0453081   -0.0301510   -0.0831082
   0.1314587   -0.0843264    0.1148073
  -0.2806407   -0.2711478   -0.1865385
   0.0241748    0.1811450   -0.1620254
   0.3959226   -0.3689277   -0.1550717
   0.3126325    0.4072714    0.5038432
  -0.1252672    0.1432682   -0.1502549
   0.0385048    0.3618776   -1.1048546
  -0.5555412   -0.3016291    0.7652657
  -0.0674204    0.1631958   -0.0885632
  -0.2000701   -1.0127718   -0.6150092
   0.6330463    0.5243235   -0.3733985
   0.3755326    0.1081787    0.1003406
   0.5149197   -0.0576279   -0.3266150
  -0.2870600   -0.4610888   -0.0842349
  -0.1218711    0.1918003   -0.0544881
  -0.1775490   -0.2411663    0.3099505
  -0.0088045    0.2262792   -0.1012656
   0.0689785   -0.0060777   -0.0319608
  -0.1711230   -0.1464999    0.5169029
  -0.1829342    0.1210733    0.2730043
  -0.0492884   -0.0444024   -0.0141826
   0.1074557   -0.3306135   -0.0031231
   0.1842807    0.0774458   -0.3087839
   0.1942516    0.2400547   -0.1391856
   0.3968277   -0.4606921   -1.1912693
  -0.2661111    0.7035459    0.0130854
   0.0840330    0.0499175    0.0071847
  -0.1782819   -0.0834623    0.1172783
  -0.5567425   -0.5305634    0.0913636
  -0.1511530    0.1765106   -0.2689899
  -0.1497388   -0.0769665    0.0041660
  -0.1989047    0.1377804   -0.4843493
  -0.0031120   -0.0120521    0.0462197
  -0.4251693   -0.2127026   -0.3841057
  -0.6733133    0.5922896   -0.2481176
  -0.0625024    0.1055956   -0.0963937
  -0.2939698   -0.5838288    0.1443262
  -0.0542626    0.1143999    0.2530884
   0.0896081    0.1501112    0.0423334
   0.2839245    0.5221071    0.5606305
   0.0471869   -0.4430733    0.9230082
   0.1267425    0.0211882   -0.0958897
  -0.1233494   -0.2330890    0.0497784
  -0.4149440   -0.0875224   -0.1687105
  -0.1019440   -0.0672034   -0.0602780
   0.2760327   -0.0110320   -0.3535516
   0.7499261    0.2128199    0.6441383
  -0.1480019    0.0617710   -0.0126050
   0.1351954    0.1163296   -0.6249342
   0.2823367    0.4461389   -0.4659976
   0.0172591   -0.1843843    0.0583973
  -0.4879768   -0.1274606    0.1385290
  -0.6907594   -0.5237177   -0.3070301
   0.0455559    0.0489042   -0.0343104
   0.2556365    0.0540759    0.2699077
   0.7864268    0.7115466    0.4261150
  -0.2641090   -0.0686785   -0.0540148
  -0.5152077   -0.4158870    0.1933994
   0.5673568   -0.2690400    0.2784626
  -0.0334772    0.0953524    0.1105639
   0.3462909   -0.4264804    0.0124181
   0.7157736    0.5544962   -0.0890595
  -0.1622703   -0.0455647    0.0569755
  -0.1230773    0.5125708   -0.0761023
   0.0925043   -0.1433678   -0.1826019
   0.0204843    0.2527735    0.1727557
  -0.0586435    0.3325147    0.4825540
  -0.7236320    0.4003547   -0.7182531
  -0.1322030   -0.0908055    0.0158987
  -0.3956767   -0.1267822    0.6271337
  -0.2986068    0.5063377    0.8943395
   0.0238053    0.1329974   -0.0641714
   0.0744519    0.7657190   -0.5185372
  -0.4258150    0.3287207    0.5606619
  -0.0896084   -0.0870396   -0.0173963
   0.3294449    0.4713124   -0.1425350
   0.9177344   -0.0962323    0.8467236
   0.1506856    0.0897338    0.1962011
   0.2405451   -0.1473648    0.3782740
  -0.0070087    0.1885941   -0.3819422
   0.0066382    0.1770902    0.0028964
   0.0672091    0.4221359    0.1813475
  -0.1409299    0.3047335    0.1784042
   0.0420156    0.0327492   -0.1490328
   0.1625161    0.0863983   -0.1607309
   0.0019099    0.0548647   -0.1660653
  -0.1338695   -0.0850583   -0.1351918
   0.1564401   -0.6658795    0.2647272
   0.0788351   -0.5417289    0.1763233
  -0.1724689   -0.1571731   -0.0066046
  -0.0234596   -0.4962191   -0.2871428
  -0.0217404   -0.1423024    0.0268054
   0.2291030    0.2054885   -0.0975589
  -0.0688393    0.4281700    0.4301141
   0.2482764    0.1501026   -0.4429677
  -0.1000563   -0.0154194    0.1751470
   0.3694992   -0.1382009   -0.0082708
   0.7866943    0.4829080    0.5534601
  -0.1061149    0.1225681   -0.1357349
   0.3042030    0.3336630    0.8077781
   0.0720914   -0.4945527    0.0574943
  -0.0229499    0.1383675    0.0273619
   0.9044790    0.6471685   -0.8726081
  -0.2896382    0.8856633    1.0197159
   0.0681074   -0.0114413    0.1094299
  -0.1398517   -0.7703032   -0.0749385
   0.4754250   -0.2181038    0.0034549
  -0.0583970   -0.1723957   -0.1247836
  -0.0214354   -0.5411015    0.2464983
  -0.4064636   -0.5337265    0.7217143
  -0.0233115   -0.0385012    0.0321011
   0.1634018   -0.0849327    0.0506074
  -0.5929047   -0.2031169    0.8405139
   0.0511535   -0.1073377   -0.0552645
  -0.4587394    0.1686469    0.5296389
  -0.5050572    1.4189570    0.6102827
  -0.0671049   -0.0658504    0.0438044
  -0.9731406    0.1201732   -0.6488190
   0.4480078   -0.2866263   -1.1781908
   0.2339847   -0.0003911    0.3130479
   0.2462669   -0.4825129   -1.0334580
   0.1737024   -0.1197783    0.0585102
   0.2513639    0.2065955    0.0471087
  -0.5086310   -0.3854010    0.0609755
   0.0694833    0.2216721    1.0173371
  -0.0374470   -0.0561397    0.0284079
   0.5228304    0.1865953   -0.3062669
   0.2975643    0.4478625   -0.5874088
  -0.0266896    0.1049231    0.1556016
   0.1474404    0.7018746   -0.1299620
  -0.2793702   -0.2872849   -0.6776923
  -0.0523937    0.1108871    0.0067038
  -0.6626136    0.5211549    0.6069340
   0.4155969   -0.1944584   -0.3560624
   0.0271566   -0.0021854    0.1964239
   0.5602792   -0.0713897    0.3581610
  -0.0069518    0.0408534   -0.0939682
   0.1250357    0.0561825   -0.0403425
   0.2665623    0.3625647   -0.7290007
  -0.4685927   -0.0123665    0.0624484
  -0.0455245    0.0970724   -0.0392332
  -0.2319368    0.1487978    0.1066684
   0.6679583    0.2224033   -0.2829210
   0.0506781    0.0341966    0.0590100
   0.3303943    0.5636454    0.1968051
   0.3206861    0.2610974   -0.3028101
   0.0602492   -0.2036318    0.1359172
   0.7986532    0.5240918   -0.0609065
  -0.2454218    0.3276879   -0.5445181
  -0.0231982    0.1061935   -0.0726883
   0.1809512    0.2993327   -0.7663732
   0.2308732    0.5817397    0.0901883
  -0.0161635   -0.0861779   -0.0358375
   0.1297600    0.2676375    0.3069397
   0.3558346   -0.0441046    0.5178225
  -0.1098508    0.1960450   -0.0585556
   0.5139432    1.0637275   -0.5222928
   0.0333987    0.2430045   -0.2198078
  -0.0898377   -0.1490775    0.1517208
   0.0280566    0.4107567   -0.1011524
   0.5142804    0.0590465   -0.0153751
  -0.0227291   -0.0027008    0.0602499
  -0.5617325    0.0409297   -0.7907737
   0.1075386   -0.1699776    0.0663734
   0.0672194    0.0839074    0.0487185
  -0.0444139   -0.1518382    0.5474514
  -0.2001936    0.2950475    0.0839253
   0.0779310   -0.2108476    0.0372821
  -0.7663052    0.3077314   -0.7021729
  -0.2793777   -0.1597909    0.0739922
  -0.1842265    0.0742912   -0.0357570
  -0.1063412   -0.2726614   -0.4313788
  -0.0085601    0.1944940    0.5935664
  -0.0153407    0.1401073    0.0312813
   0.1205335   -0.1984707   -0.2036221
  -0.1712688   -1.1162096    0.5573505
  -0.0107990   -0.1031412   -0.1105486
   0.5515066    0.1339072    1.2764058
   0.5532972    0.0254243   -0.1298934
  -0.0778779   -0.1938887    0.1407059
  -0.0377502    0.3686895   -0.0077664
  -0.0343396    0.3805724    0.3148285
   0.0109031   -0.0699669    0.0506145
  -0.5583372    0.4663227    0.3804553
   0.6057603    0.2885262   -0.1532368
   0.0537528   -0.0251309   -0.1138952
  -0.6834919    0.5422700   -0.3445317
   0.3469072    1.6855769    0.5453227
  -0.0667188    0.0091622    0.0188377
   0.1540329    0.1366673    0.2731024
  -0.1788484    0.1578020    0.5090085
   0.0601107    0.0410805    0.1083412
  -0.4980067    0.2091857    0.0815163
   0.4121539    0.1809122   -0.2912741
  -0.0174313    0.1088976    0.0124015
  -0.3505564    0.3605674    0.4097643
  -1.0257694   -0.2064201    0.5392570
  -0.1798751    0.0424326    0.1989714
   0.0022801    0.2737886   -0.0178928
   0.4107070    0.1540955   -0.2745698
   0.0834390    0.0400816    0.0866497
  -0.0632053   -0.2905301    0.2499088
   0.2195598    1.0030764   -0.1012729
   0.3469424   -0.0496478    0.0296978
   0.0084310   -0.0720508   -0.6713673
  -0.1256863    0.0872168   -0.0987602
   0.1115472   -0.1575342   -0.0970070
   0.5153325   -0.2330533   -0.6432465
   0.2110243   -0.0996143    0.1266968
   0.0323766    0.0289214    0.0036612
   0.2767648    0.4789260   -0.0567784
   1.0474476    0.9851543    0.0972902
  -0.0428032    0.3484769    0.0541410
  -0.0310602   -0.0948886    0.4483439
   0.9332137   -0.2450656   -0.0345705
   0.2260149    0.0355685   -0.1794065
   0.2406000   -0.0148637   -0.2447436
   0.0907935    0.0900619   -0.0538646
   0.0939003   -0.0366992   -0.1503064
   1.2759081   -0.1921789    0.2789268
  -0.2108895   -0.2070262    0.2213311
  -0.1097357    0.0714922    0.0213600
  -0.5371028   -0.5835491   -0.0015009
  -0.2990342    0.1205947    0.0488484
   0.0924727   -0.1161697   -0.0237593
  -0.4724247   -0.1733348   -0.3142234
   0.0718187   -0.1583621   -0.7082109
   0.0688475    0.0113272   -0.1614909
  -0.4073260   -0.2837053    0.4046697
   0.7719201   -0.7558306    0.0391125
  -0.1238624    0.0017152    0.0127392
   0.6933213    0.2922662   -0.0123877
  -0.0459892    0.0886988    0.8379488
  -0.0174636   -0.0380564   -0.0466554
   0.3540937    0.4726277    0.2136158
   0.3325600    0.0933467   -0.2188275
  -0.0381282   -0.0625244   -0.1343182
  -0.0247375   -0.9051051    0.3135861
  -0.1038087    0.0968190   -0.4008493
  -0.0449203    0.0309336    0.0327122
   0.6839778   -0.9597328    0.7901437
  -0.3529231    0.9288849    0.3328978
  -0.0862323    0.0038642   -0.0100012
  -0.1572049   -0.0445708   -0.2450405
  -0.2648950   -0.2254330    0.2663812
   0.1570516   -0.0070051    0.0465780
   0.7847636   -0.6073942   -0.6684811
   0.7472681    0.2267010   -0.3858065
  -0.0576499    0.1532527    0.0129998
  -0.4111217   -0.2540674    0.7289216
  -0.8986757    0.2751262   -0.9000044
  -0.0782885    0.0926616   -0.0845126
   0.1757086    0.3203566    0.1550189
  -0.0817977    0.2575470   -0.3328854
  -0.0447070    0.1272917   -0.0608705
   0.1050071   -0.3310452   -0.7224770
  -0.5090219    0.7904028    0.7419501
  -0.0277295   -0.0576862   -0.1193867
  -0.6373208   -0.1879519    0.2032014
   0.7679669    0.5250574    0.4185898
   0.2338388   -0.1743890   -0.0758788
  -0.5279456   -0.5860879   -0.3690819
  -0.1068215    0.1414949    0.4906601
   0.0095428    0.1348427    0.0654793
   0.2420683   -0.0415889   -0.7251952
   0.0762831    0.1600203    0.4777269
   0.2388014   -0.1266872   -0.0588492
  -0.1073503    0.2174498    0.2247374
  -0.0344741   -0.0063408    0.3714361
   0.0856975   -0.0846632    0.1638681
  -0.4486291   -0.6542240   -0.1780408
   0.3976904   -0.2092495    0.0976395
   0.0452359   -0.0374625    0.0286258
  -0.6029101   -0.2011419    0.3560433
  -0.2511498    0.6092680   -0.4531979
   0.0725263   -0.0625796   -0.0967836
  -0.5491361   -0.0645029   -0.3350104
   0.2707887    0.1989009   -0.3889631
   0.0427274    0.0616491   -0.1090708
  -0.1867020   -0.0539484   -0.5788622
  -0.9801582   -0.9753479   -0.3799053
   0.1335218    0.0068719    0.1055230
   1.0479758    0.1538693    0.2139224
  -0.6260431   -0.9253913    0.2714342
   0.1278322   -0.0040472   -0.0320531
  -0.5248762    0.0917402   -0.0648232
   0.2877938   -0.0919227    1.0905045
  -0.0740917   -0.1965408    0.0278835
   0.0950469    0.8832498    0.2290190
  -0.2582548    0.5509486   -0.1572018
   0.1422944    0.0768065   -0.1853043
  -0.7440313    0.1123116    0.2249671
   1.1172218    0.4917512   -0.4587714
  -0.1541388   -0.0981685   -0.0595637
  -0.2969172    0.0069882    0.0622779
  -0.3915339    0.8560685   -0.3928197
  -0.1706716    0.0739319    0.0534919
   0.5440342    0.4692092    0.0772869
  -0.4994189    0.0206107    0.6502169
   0.0791094   -0.1448091   -0.1201940
  -0.4032245   -0.4006577   -0.3260186
   0.4185953   -0.2337398   -0.4125437
  -0.0062091   -0.0609721   -0.2325712
   0.3154038   -0.0259720   -0.2963922
  -0.2407100    0.8522584   -0.1917397
   0.0310728    0.1535054    0.1106099
   0.1542452    1.1544549   -0.6723939
   0.2602223    0.7277582   -0.1228141
  -0.1405842    0.0091664    0.1702227
   0.1859879   -0.3540558    0.3335467
  -0.3671150   -0.4923838   -0.1773342
  -0.2987267    0.1097011    0.1580624
   0.0461837    0.1491369    0.1075199
  -0.8207310   -0.1694149    0.4686323
   0.0586711   -0.0841424   -0.0747394
   0.4728228    0.0269559    0.3236595
  -0.5423613    0.0454272    0.0597925
   0.1314103   -0.0225989    0.0756762
  -0.0245573   -0.1071726   -0.2873264
  -0.7894309    0.2138522    0.3451331
   0.0773322   -0.1738128    0.0276851
   0.2759392   -0.0223589    0.7452140
  -0.5954442    0.4274704    0.2820715
  -0.1525000    0.1065047    0.0326266
  -0.2138351   -0.7029429   -0.1481344
  -0.4365506    0.2291655    0.1555654
   0.0420578    0.1336301    0.1600157
   0.5092096   -0.0460195   -0.6499533
  -0.6104015   -0.4179616    0.2077778
  -0.0037439    0.0348187    0.1528967
   0.3573476    0.6972965   -0.0506717
  -0.5448545   -1.0015117    0.7244820
   0.0343979   -0.0721546   -0.0041281
   0.1371992   -0.4826378    0.1713219
   0.5019624   -0.1375255    0.4576757
  -0.0526750   -0.0541240   -0.0343060
  -0.0667328   -0.2561390   -0.1125709
   0.0989003   -0.7047216   -0.5504243
  -0.0646377    0.0272043    0.1047984
  -0.0449447   -0.1142608    0.4717486
  -0.0489901   -0.1693816    0.5337027
  -0.0617319    0.1430148   -0.0037994
   0.1508520   -1.0430350   -0.0479251
  -0.7085164    0.2110691   -0.6263096
   0.2495911   -0.0153729   -0.0655348
   0.5333593    0.0702311   -0.6558759
  -0.3685663   -0.6063826    0.3112723
  -0.0366764   -0.0077153   -0.0455034
  -0.5754780    0.0785301    0.5812095
   0.3509221   -0.4210580    0.2026114
  -0.0010147   -0.1252010    0.1546556
   0.0064315    0.4174459   -0.6949391
  -0.5192230    0.4420837   -0.0158819
   0.0548718   -0.1226842   -0.0588258
  -0.3015224    0.4616938    0.0391297
  -0.1630929    0.4814646   -0.2304734
  -0.0624341    0.3219613   -0.0189543
  -0.0054037    0.7483912    0.3357337
   0.7023911   -0.2768247   -0.0969091
  -0.0558804   -0.1165492    0.1121809
  -0.3055044   -0.1649813   -0.5639380
   0.0463013   -0.7937466    0.5794996
   0.0515746   -0.1823945   -0.0770794
  -0.3210624   -0.6890637   -0.2956575
   0.3227097    0.7244765   -0.9299502
   0.1013536    0.0168912    0.0866337
  -0.0925129    0.4910944   -0.2704736
   0.5296591   -0.2726508   -0.5245499
   0.0537555   -0.0669827    0.0825740
  -0.3044353   -0.4657061   -0.2101825
   0.1319714    0.3328958    0.2313910
  -0.0248587   -0.0770856    0.0650633
  -0.9104070    0.1742296    0.1149109
  -0.5453882    0.4399697   -0.0337086
   0.0369630    0.1328945   -0.0311369
  -0.3114160    0.0993693    0.2786566
   0.1746622   -0.1386488    0.0308096
   0.0500495    0.0161548    0.0647172
   0.5183035    0.6323656    0.0000915
   0.4630386    0.0642789    0.5567656
  -0.0353617    0.1284671    0.0661713
   0.1964039   -0.1363271   -0.5913457
   0.6962873    0.9648449    0.6732268
  -0.0046474   -0.0984179    0.0250967
  -0.4464563    0.1566977    0.5945427
   0.4113345   -0.7303161   -0.3652788
  -0.0125898    0.1900150    0.0065209
   0.7278641   -0.6221923    0.3693490
  -0.5925387    0.5085516    0.5774159
  -0.0405617    0.0918809    0.0061732
  -0.6933507   -0.3420199   -0.6932947
   0.0309840    0.3910801    0.3991980
   0.0309072   -0.1193247   -0.0422365
   0.4218370   -0.2162950   -0.2658277
  -0.6794513    0.1588286   -0.1492323
  -0.0500840    0.0539468   -0.0187147
  -0.4357464   -0.4940343   -0.0606488
   0.0606788    0.6199768   -0.0646261
  -0.0347873    0.0713695    0.1677322
  -0.5019741    1.2807599    0.1337813
   0.0612944    0.6618394    0.1645212
   0.0597898    0.1963881    0.0154922
   0.2706465    0.0237089   -0.3491394
   1.1261357    0.2828446    0.4876313
  -0.1051881    0.1536037   -0.0437274
   0.2495179   -0.0945564   -0.0576203
   0.5581759   -0.6618626    0.2211455
   0.0410290    0.1268893    0.1009362
  -0.6480628   -0.0617780    0.4943798
   0.1952344    0.4645487   -0.0164898
   0.0036942   -0.0042138   -0.0657711
   0.7167781    0.4467442   -0.6388065
   0.6560885   -0.5971913   -0.1777265
  -0.1303701    0.0768166   -0.1026283
   0.0681332   -0.1189005    0.2453459
  -0.6357642   -0.1950833   -0.3677539
   0.1059613    0.0049656   -0.0537519
   0.4472311   -0.7614099    0.0692905
  -0.1178313   -0.1726317   -0.7189158
   0.1323809   -0.0201749    0.1789753
  -0.2600153    0.0260952    0.1119162
   0.1448667   -0.5004370   -0.2812727
  -0.0292214   -0.0586829    0.0971510
  -0.0300142   -0.2465467    0.0921288
   0.1428583   -0.0881588    0.5812164
   0.0743063   -0.0087697    0.0903502
   0.6895795    0.8127384   -0.0455839
  -0.5343801   -0.3446968    0.1066359
   0.1453208   -0.1281804   -0.0231594
  -0.4693638   -0.0170472   -0.5008839
  -0.7745018    0.0508365   -0.3090920
  -0.0411952    0.0782003    0.1127794
  -0.1818777    0.4161108    0.2802192
  -0.4147268    0.5091554    0.2091400
  -0.1137051    0.0047916   -0.1328440
  -0.9138006    0.5536207    0.0810934
   0.1366980    0.4247640   -0.2797486
   0.0466017   -0.1682257    0.1042325
  -0.7017608    0.5725620    0.4258783
  -0.2073839    0.4656633   -0.1996661
   0.1689790    0.1233876   -0.1027615
  -0.0697162    0.2565253   -0.2614480
   0.0033488    0.1390156   -0.1678584
  -0.1595654    0.0176361   -0.0330993
  -0.6298445   -0.6282056   -0.0349170
  -0.5175357    0.5911379   -1.4685167
  -0.0519272   -0.1462010   -0.0797437
   0.1120159   -0.9385603    0.5268391
  -0.5109460   -0.2256726    0.1514710
  -0.2423896    0.1043692    0.1575645
  -0.1733947    0.0771313   -0.2121210
  -0.1341035   -0.2903072   -0.5858985
   0.0314953    0.0479504   -0.0128843
  -0.4637193    0.5945149    0.1087656
   1.0133799    0.0239596   -0.8208960
  -0.1468982   -0.0500757    0.0808949
  -0.6009264   -0.0003756   -0.1975908
  -0.5665041   -0.2700349   -0.1564845
   0.1098635   -0.2481153   -0.1052810
  -0.1792025    0.3547145   -0.2503433
  -0.2908517    0.7269477    0.4848224
  -0.0783292    0.2400342    0.0006362
  -0.3622583    0.2595081   -0.0761703
  -0.1874868   -0.1904090   -0.3998226
  -0.0959652    0.0873317   -0.1742205
   0.0355625    0.1177397    0.1155602
  -0.2402637    0.1457436    0.2301350
  -0.1122271   -0.1339215   -0.0025232
   0.3546007    0.2111267   -0.0872469
  -0.1053595   -0.1911007   -0.0898429
   0.1572815   -0.0043929    0.3330741
   0.2387076   -0.0982904   -0.6448473
   0.1879380    0.0133060   -0.2395552
  -0.2237149   -0.0573888    0.0126896
  -0.0713124   -0.7788174   -0.1232078
  -0.1483676    0.6064214    0.2303575
   0.1318125   -0.1132734   -0.1368070
  -0.4829067    0.3834676    0.3525693
  -0.5807322    0.5366420   -0.3112309
  -0.0439402    0.0192595   -0.1175637
  -0.2826896   -0.0962158    0.1985294
  -0.1774437   -0.3879564   -0.8263459
  -0.1126396   -0.0840648    0.2869232
   0.2777152   -0.2608380   -0.0262455
  -0.0421463    0.0126950    0.4400566
   0.1188808    0.1043086   -0.0288722
  -0.0994055    0.2267576    0.8254579
  -0.1232900    0.1527906    0.1041421
   0.0430496   -0.1602981    0.0890097
   0.1345186   -0.3257315    0.1891982
  -1.1796341   -0.7214031   -0.2608718
  -0.0220255    0.2262212    0.0761744
  -0.1167425   -0.3826706   -0.0007381
   0.2925980    0.0692890    0.0439050
   0.1084991    0.0647710    0.0915716
   0.6109979    0.0287537    0.0880427
  -0.7791872    0.1779051    0.2017974
   0.0758199    0.0197283    0.0217289
  -0.1736529    0.5265145   -0.2008921
  -0.1710229   -0.3009411    0.6481646
  -0.0763008   -0.0351644   -0.1260875
  -0.1723313   -0.8899603   -0.5639179
   0.1718594    0.1675700    0.4674136
   0.0169866    0.0179844    0.0621378
  -0.6697360    0.5838104    0.2650957
   0.0209821    1.0533707    0.5242637
   0.0317453   -0.0048189   -0.0763895
  -0.0536958    1.1624585    0.0122282
  -0.1218978    0.1047049    0.0291818
  -0.3247896   -0.1336678    0.0435669
   0.3484046   -0.1103632   -0.3620949
   0.7317531    0.3540636   -0.6323009
  -0.0269507   -0.0801277    0.1460156
   0.3935341    0.4759747    0.5212717
  -0.1835509    0.3544923   -1.0492859
   0.0128960   -0.2622491    0.0013420
   0.1792277    0.0834993    0.5462399
   0.1492879   -0.0647138    0.1344338
  -0.0391666   -0.1046166    0.1015196
  -1.1430478   -0.2850027   -0.3730092
   0.4704613    0.8397523    0.5028728
   0.0075308   -0.1398605    0.0735151
   0.3451488    0.2335202   -0.1526469
   0.9983673   -0.4035402   -0.6394835
   0.2186745    0.0571690   -0.0393163
   0.2394066   -0.6400054    0.5147808
   0.6460396    0.2281182    0.1233907
  -0.1272303   -0.2207934   -0.1380786
  -0.1274734    0.4977930    0.7831922
   0.0389270    0.2638882   -0.2800343
  -0.1279815   -0.0414229   -0.1480711
   0.5489942   -0.4890123   -0.6060224
  -0.6325793    0.0963031   -0.1810121
  -0.0924992    0.0436406   -0.1159506
  -0.4059273    0.0490697   -0.0431881
  -0.5126516   -0.0964858    0.6188565
  -0.0397393    0.0137153   -0.0803764
   0.5393019    0.4862335    0.5181351
  -0.4222531    1.7577620    0.5441322
   0.0458364    0.0234964   -0.0882918
  -0.1903892    0.3818247    0.5996586
  -0.9393511   -0.4037035   -0.2483534
  -0.0907410   -0.0624815   -0.0551396
   0.3332821    0.1854130    0.5928181
   0.2067538   -0.1227155    0.0515435
   0.0641457   -0.1313666   -0.0917280
  -0.0416680   -0.0425336   -0.0124875
  -0.9956589    0.1742008   -0.0594666
  -0.0236379   -0.2096384   -0.0702426
  -0.2293538    0.6598890   -0.0510295
   0.1445035    0.6456378    0.3461557
   0.0424958    0.1065519   -0.2365990
  -0.5792489    0.1365658   -0.2939717
   0.0272929    0.7372987    0.1105507
   0.1006204   -0.0374495    0.0589391
  -0.0580844    0.6295013    0.4380867
   0.8562844    0.4445579    0.0240520
  -0.0162772    0.3155276   -0.0376368
   0.4049384   -0.5460423   -0.0944136
   0.2626044    0.2619764   -0.7154722
   0.1689626    0.0774364    0.1380606
   0.5121946   -0.3511709    0.2865755
   0.0931127    0.4064468    0.1515064
   0.1475274    0.0167591    0.0427667
  -0.5248747   -0.2527539   -0.5327728
   0.1357417    0.0141815    0.0204355
  -0.1057284   -0.0626899    0.0364851
  -0.3756488    0.2846439   -0.6198894
   0.3894189   -0.0028839    0.2073877
   0.0670870   -0.0222999   -0.0364638
   0.0214175    0.1713472    0.6267316
   0.3368718   -0.1071757   -0.1356523
   0.0852580    0.0168462    0.0997301
   0.0250417    0.0365646    0.2214035
  -0.3349945    0.7838889   -0.0510667
  -0.0338545   -0.0334861    0.0853416
   0.1081990    0.1237672    0.3035454
   0.4326769    0.3280752   -0.0663022
   0.0998265   -0.0222279   -0.0604768
   0.4105766   -0.0759929    0.1377182
  -0.5134401    0.1094517    0.3975622
  -0.0639612   -0.0549779    0.0130962
   0.2473338   -0.2536612   -0.1832682
   0.0695746   -0.0790561    0.2139425
   0.0814965   -0.1175300    0.0069271
   0.4335115   -0.9381653   -0.1079329
  -0.1023374   -0.2681736    0.6117638
  -0.1296511   -0.0143772    0.1964990
   0.2211560   -0.0733233    0.4872439
  -0.9869836    0.5484432   -0.5354059
  -0.1972031   -0.0211464    0.0802135
  -0.7072660    0.2773736   -0.0552063
  -0.1402566   -0.2120873   -0.1428139
  -0.1078466   -0.1359800    0.1757011
  -0.2140645   -0.6514175   -0.2773386
  -0.7037722    0.1957048   -0.0002251
   0.1439033    0.0282614    0.1202653
  -0.1928413   -0.4198924    0.3083070
  -0.3187058    0.2491317    0.3826733
   0.0424834   -0.0761591    0.0111422
   0.2825090   -0.1620633   -0.5297792
  -0.3576133    0.2475813   -0.1065160
   0.0331798    0.0995732   -0.0134494
  -0.1029313   -0.1289452   -0.2294853
  -0.5749791    0.7996151    0.2063225
  -0.0633762   -0.1533372   -0.1412048
  -0.0385604    0.5620561    0.3323936
  -0.1496420    0.3329234   -0.2164658
   0.1714507    0.1034213    0.0443379
   0.7972298    0.1484023    0.3287838
   0.8301129    0.5208707   -0.2980289
  -0.1281018    0.0929229   -0.0436594
  -0.1503122    0.3766321    0.0741794
   0.2199122   -0.2712734   -0.1367403
  -0.0073533    0.0896190   -0.0305587
   0.4964345    0.1812124    0.4572895
   0.1619687   -0.0523185   -0.0630847
   0.2357519    0.0537682    0.0356662
  -0.0009899   -0.3159406    0.1946144
   0.1917218    0.0521065    0.8271087
  -0.0225926   -0.2167038   -0.1850840
   0.2294646   -0.5132905    0.1973856
  -0.1793961   -0.0738728    0.3878225
  -0.0831711   -0.0193170    0.2122744
   0.2219674   -0.5353287    0.1323588
   0.2652360   -0.1432819    0.1308881
   0.1392159    0.0973180   -0.0724811
   0.1471542    0.3080356    0.6392152
  -0.1477812    0.3273894    0.6869072
   0.1193735   -0.1747785    0.0407584
   0.6449065   -0.5484461   -0.2340313
  -0.7008824   -0.2697114    0.0342846
  -0.0383903   -0.0444566    0.0963298
  -0.0519753    0.1475713    0.3804393
  -0.0958445    0.9332792   -0.6317423
   0.0276862   -0.0045744    0.0189842
  -0.0394369   -0.3854897   -0.1204647
   0.3309200    0.4283833   -0.2402941
  -0.0814384    0.0134371   -0.0894580
  -0.2185794    0.1481953   -0.1552581
  -0.6430874   -0.7577707   -0.2183076
  -0.0636171   -0.1213984    0.0555489
   1.0286967   -0.2125888    0.6434516
   0.3999203   -0.1016941   -0.1662628
  -0.0606001    0.0268772   -0.0604327
  -0.7111261   -0.2281974    0.0900530
   0.3406444   -0.3948072   -0.4078664
   0.0875318   -0.0425691    0.0605499
  -0.5545504    0.3585078    0.3649382
  -0.0977140    0.5807816    0.3532913
   0.0465913   -0.0195365   -0.1021974
  -0.6463010   -0.5123532   -0.1985341
  -0.5144781    0.1497255   -0.0877778
   0.2762398    0.0299091    0.1177480
   0.2242748    0.8136366    0.3608296
  -0.0556217    0.2708363   -0.2369555
  -0.1598890    0.0707247    0.1087373
   0.3269887    0.8361396    0.9157492
   0.3873539   -0.3634384   -0.4201412
  -0.2398376    0.0390885   -0.1137788
   0.3282434    0.0793319    0.1882200
  -0.0899412    0.3573315    0.5451778
  -0.0537499    0.0427349    0.0388571
  -0.8424509   -0.5944155    0.1928083
  -0.5096737   -0.0213414    0.0577507
  -0.0327052   -0.0123313    0.1143350
   0.0792954   -0.0815956   -0.4605414
   0.1945149   -0.2799186   -0.5202128
  -0.0110092    0.0620470   -0.0430222
  -0.3297169   -0.3696243   -0.2703254
  -0.0723995   -0.1566127   -0.1422212
   0.0804225    0.0311196    0.1207858
   0.2097130    0.2515823    0.1362925
  -0.2661358    0.1336554    0.3313459
  -0.1239761    0.0037790    0.0099873
  -0.5755450    0.2301362   -0.0564327
   0.4585783    0.2742795   -0.2572257
   0.0702040    0.0353597   -0.2778670
  -0.7810541    0.6670695    0.0318449
   0.1366060   -0.4882073    0.2104500
  -0.0006897   -0.0309931   -0.0078290
  -0.0118230    0.0100546    0.1740511
  -0.1890643    0.8806803    0.3838190
   0.1154878   -0.0333455   -0.0565210
   0.0191714    0.0423935    0.2160302
  -0.2940337   -0.6872802   -0.1082387
  -0.0219773    0.0098569   -0.2806109
  -0.1757180    0.0971814   -0.5754489
  -0.3858978    0.0297484    0.4182767
  -0.1413350    0.2340312   -0.1490695
   0.0695486   -0.1264663   -0.0661507
  -0.0600847    0.2561612    0.7059060
   0.2697081   -0.1546710    0.0049161
  -0.3283042   -0.0587611    0.5011088
  -0.1146256   -0.1111759   -0.1285387
   0.0171694   -0.1339931   -0.1260693
  -0.5857146    0.3419258   -0.0638130
   0.1989870    0.5294245    0.3342789
   0.1337963   -0.1193236   -0.0779205
   0.5791712   -0.9412706    0.2870039
  -0.1946666   -0.0012286    0.4806805
   0.0484796   -0.1304693    0.2055791
  -0.1315399    0.1818266    0.5513927
   0.1745906   -0.3667417   -0.0277733
  -0.1049652   -0.0252117    0.0619068
  -0.7575623    0.1404623   -0.0986951
   0.6134588   -0.1391856   -0.1230052
  -0.0629124    0.0590253   -0.1479926
   0.2638387    0.4958051   -0.1881300
   0.7354014   -0.1618384    0.0351268
   0.0843674   -0.0987823    0.0036256
  -0.6898257    0.3543422    0.9746608
  -0.7781574   -0.4004160    0.1506526
   0.1055894   -0.1903741    0.2041704
   0.3358920    0.5367151    0.6307361
   0.2885549   -0.1577514   -0.2025333
  -0.0648545   -0.0623209   -0.2335953
   0.3970525   -0.5327659   -0.1907169
  -0.1976455    0.2087049    0.1201502
  -0.0881014    0.0025773   -0.0738569
   0.3424242    0.3714396    0.0505606
  -0.3043303    0.1321691    0.4604189
  -0.1323145   -0.1446547    0.0338149
  -0.4743151    0.5373594    0.6803305
   0.3664824    0.4909941   -0.7248378
   0.1672826    0.1323244    0.0302870
   0.0597087   -0.3789368   -0.5083125
  -0.2149379    0.3745390    0.4125580
   0.0365025    0.0509825    0.0743531
   0.6558315   -0.1316716    0.3257322
   0.2598658    0.0530974    0.2492772
   0.0103181    0.0264845   -0.0436700
  -0.0005709    0.1697426    0.3315684
   0.4844303   -0.3681875    0.9798408
   0.0784166    0.2147752   -0.1494051
   0.7328217    0.1928040   -0.1400714
  -0.5945048   -0.3825864   -0.0709310
  -0.0862680    0.0230528   -0.0544277
   0.6553168   -0.4242778   -0.0422248
   0.3603700    0.0392811   -0.1080599
   0.0172380    0.0786759    0.0490183
  -0.2133038   -0.0389485    0.3197171
   0.3886709    0.3326257    0.1356371
   0.0352563    0.0131059   -0.0681275
  -0.4906483   -0.4586208   -0.0928875
  -0.1435890    0.2703680    0.0933249
  -0.0515526    0.1128358   -0.1299574
   0.5828788   -0.2340356   -0.5506205
  -0.2434610   -0.2449775   -0.0168450
  -0.0513428   -0.0440316    0.1241947
  -0.2237304    0.0149863   -0.0961504
   0.3722662    0.2752634    0.4427561
  -0.1038189   -0.1379831   -0.1995097
   0.2332232    0.8367601    0.5368027
   0.5674376   -0.3417145   -0.0342307
  -0.0334085   -0.1337955   -0.0083189
   1.2445570   -0.3604015    0.7735711
   0.1824520    0.4420660    0.2655686
  -0.0787359   -0.0494269   -0.0732481
   0.3911485    0.2324083    0.0848312
  -0.0650027   -0.1481102   -0.6608125
  -0.0754443    0.0235302   -0.1263433
   0.0306301   -0.9425200   -0.6708225
  -0.4479901   -0.0272255    0.0121693
  -0.0600477   -0.1147346   -0.0056781
  -1.0602961   -0.4865135    0.0241327
  -0.7757504    0.1682911   -0.0115072
   0.0830255   -0.0656845   -0.0575677
  -0.4758389   -0.0658517    0.3353606
   0.6929123    0.5468503    0.5751882
  -0.0507051   -0.2467504    0.0400726
  -0.2748058    0.2322853    0.0799669
  -0.0192618   -0.0815486    0.2837773
   0.2094231    0.0544292    0.5290466
   0.1865050   -0.4105521   -0.2810141
   0.0323985    0.1728781   -0.0832527
  -0.0403000   -0.1121988    0.0815216
   0.3625520    0.5550511    0.0550939
   0.5540769   -0.3819552    0.2744662
   0.1890744   -0.0444396   -0.0080591
   0.1034248    0.9226670    0.5859427
   0.3291468   -1.1953084   -1.2025131
  -0.0258250   -0.1879026   -0.1457145
  -0.1859111    0.2602577    0.3775833
  -0.4562778    0.6860918    0.0257242
  -0.0219205    0.0840946   -0.0222783
   0.3077126   -0.3381337    0.0802157
   0.2608326   -0.4305162    0.2904778
  -0.0044374   -0.1067232    0.0156832
   0.2795155    0.0262302    0.6076162
   0.5270779   -0.0856511    0.4220521
   0.2755235    0.1297635   -0.0346603
  -0.2544254   -0.1588244    0.2196601
   1.2137517   -0.4197984    0.4330109
   0.2125149    0.0706761   -0.0533802
  -0.3810912   -0.4461787   -0.7689896
   0.6786315    0.9667736    0.3201596
  -0.1671591   -0.0217072   -0.0945710
  -0.8365114    0.4393019   -0.6592819
   0.1388205    0.3515434    0.2825171
   0.0607999   -0.1743202    0.0134616
   1.1936760   -0.3348407    0.2326714
   0.1442630    0.1006064    0.2455417
   0.0462597    0.0264248   -0.0289696
  -0.4527947   -0.3089060   -0.2013226
   0.8008238    0.6980523    0.1410483
  -0.1308816   -0.0424658    0.2050144
   0.6048914    0.0938308   -0.2312589
  -0.3614815    0.1416334    0.4528632
  -0.0112012    0.2292176    0.0349369
   0.6567088   -0.2015773   -0.2422682
  -0.6245502    0.1207703    0.1421286
  -0.0046121   -0.0306785   -0.1050263
   0.3154653    0.4889720    0.6226354
  -0.2278242   -0.4556786    0.3695128
   0.2903491    0.0966888    0.1026800
  -1.2869898    0.1607057   -0.2254727
   0.2230638   -0.5697604   -0.4565202
  -0.1500771   -0.2842924    0.0602913
   0.5347905    0.2570794   -0.6214250
   0.4872720   -0.1936441   -0.0732347
  -0.0363963   -0.0959584   -0.0685479
  -0.0104208    0.2253928   -0.1308004
   0.1417989    0.5871113   -0.5991815
   0.0433708    0.0142395    0.0761238
   0.1449797    0.0364851   -0.1754523
   0.1913320    0.1877964    0.0935601
  -0.0706782    0.0551228    0.1373759
  -0.6257566   -0.4177571   -0.1541846
  -0.1529903   -0.0525773   -0.3361640
  -0.1159723   -0.1903871    0.0056778
  -0.1297540   -0.1458545   -0.4190498
   0.3657323    0.3356938    0.2698804
  -0.1327412    0.0116102    0.1772308
  -0.9071352    0.0208195    0.5749611
   0.4129232   -0.1482248   -0.0254948
   0.0693392   -0.0620816    0.2309394
  -0.1048462    0.5145645   -0.2831195
   0.5972959   -0.6511893    0.7310356
   0.1621514   -0.0801817    0.0429082
  -0.0099262   -0.2535258   -1.4646240
  -0.2542442   -0.3951087   -0.7803190
  -0.0535027   -0.1450737   -0.0312166
  -0.0872064    0.9876347   -0.2104219
  -0.0585184    0.5678549   -0.2890069
   0.0045077   -0.0223733    0.1746308
   0.3505695    0.7854813   -0.1361201
  -0.2037273   -0.6661713   -0.3795494
   0.1066376    0.1860184    0.0430319
  -0.5997444    0.0460894   -0.6609524
   0.1267963   -0.3273441    0.7346010
   0.1657146    0.0679417    0.1155580
   0.1373124   -0.3069392   -0.5141551
  -0.1143928   -0.0935424    0.8020054
   0.1087305   -0.0348833   -0.0602118
  -0.2201651    0.0231475   -0.1047745
   0.0296607   -0.0423068   -0.1107255
   0.2151925    0.0427176    0.2128728
  -0.6947903    0.4297047    0.3413136
  -0.2996647   -0.3170179    0.9216167
   0.1271084   -0.2367133   -0.0540733
  -0.0062703    0.1405302    0.5951039
  -0.0169658    0.0525938    0.7889488
  -0.1894110   -0.1641693   -0.0022364
  -1.1542562   -0.3607528   -0.0849056
   0.0883013   -0.4436975   -0.4215585
  -0.3189484   -0.0397494    0.0487026
   0.3121085    0.1553073   -0.1374415
  -0.5434691    0.2742596    0.2617437
   0.1209423    0.0241814   -0.0166454
   0.2474597    0.3586341   -0.2692243
  -0.4975294    1.0055044    1.0283601
   0.1226522    0.0930625   -0.0093725
  -0.4047829   -0.5324692    0.0791559
   0.5311481   -0.0558896   -0.0978642
  -0.0038808   -0.0181390    0.0533923
  -1.3217207    0.0258845   -0.4989938
  -0.2666218    0.0308498    0.0383135
   0.0420672   -0.0212887   -0.0508645
  -0.1090945    0.1200527    0.3014424
   0.5619334   -0.4977892    0.1575417
  -0.0698386   -0.0220367   -0.0675760
   0.0007200   -0.8564023   -0.5030695
   0.4128699   -0.7002181    0.3312422
   0.0520348    0.1403806    0.0624199
   0.1418471    0.6214139    0.2170723
   0.1572647   -0.1626527    0.5339415
   0.0202571   -0.0892991   -0.1327019
  -0.6096323    0.0735042    0.4002926
  -0.6911216   -0.0035129    0.4222580
   0.0328482    0.1017493    0.0783880
   0.1671193    0.2334731    0.0396572
  -0.0050296    0.4041837    0.6816824
  -0.0159638    0.1338468    0.1042174
  -0.3041321    0.6083409    0.4133698
  -0.1828602   -0.2067377   -0.1215757
  -0.0844855   -0.0263540   -0.2804852
  -0.4277797   -0.1819171   -0.2211337
  -0.2181200    0.4379849   -0.0251986
   0.0352992    0.1788174   -0.0488815
  -0.3784156   -0.0006064   -0.0010582
   0.1751858   -0.3426592    0.6852690
   0.0206207   -0.0626410   -0.2074767
  -0.1428196    0.0392434    0.1880538
   0.1854300    0.2691611   -0.7360212
  -0.0092931    0.2239105    0.0046587
  -0.3832738    0.3510883    0.3916856
   0.6071743    0.4874962   -0.0062742
  -0.0201215    0.1221257   -0.0902365
   1.3351575   -0.1112095   -0.1707157
   0.2211908    0.2853683   -0.0956439
   0.1312087    0.1439749    0.1067412
  -0.9721170    0.0043833   -0.7600226
   0.0663380    0.5201406   -1.4382099
   0.1281260    0.0973273   -0.0151495
   0.3697337    0.3339803    0.3146464
   0.7314783   -0.3182324    0.5627940
  -0.0799835    0.0706677   -0.0017998
  -0.9100110   -0.4965626   -0.2450622
  -0.1303258    0.7095187    0.4094281
  -0.0813182   -0.1787497    0.0611772
  -0.3727671    0.2761496    0.5913616
  -0.5873019    0.5541719   -0.4962096
   0.0209312   -0.1423977   -0.1193312
   0.0469581   -0.4029993    0.3936591
   0.2336767    0.7753236   -0.2840538
  -0.0828352    0.0174695    0.1561167
   0.2214425    0.0087712    0.3908463
   0.2527411   -0.4470237   -0.4993132
  -0.1146830    0.0210336   -0.1765541
   0.1527820    0.0328764    0.3963639
   0.7882522   -0.3430485   -0.3099255
  -0.0246283    0.2477588   -0.2024333
   0.0322842   -0.2675465   -0.1473028
  -0.5794169   -0.3279170   -0.5684806
  -0.0356274   -0.1044703   -0.0222609
  -0.1376058    0.3808556    0.1014137
  -0.5290689    0.5392144   -0.1411822
  -0.0294783   -0.0157799    0.1994045
  -0.1810527    0.9400694    0.1027867
   0.2166554   -0.0870654   -0.3719245
   0.0431631    0.0467404    0.1688609
  -0.2542847   -0.1857054    0.1031879
   0.4408534   -0.0927297    0.8525732
  -0.1046046   -0.2383444   -0.0216937
   0.5953580   -0.4549965    0.1795653
   0.2872910   -0.8688684   -0.2514896
  -0.1061153    0.0259308   -0.0759613
   0.0345953    0.0947102    0.5367998
  -0.4515449    0.3336094   -0.3679668
   0.0521855    0.1951350   -0.0886190
  -0.0046707    0.7321094    0.7947443
  -0.5646645    0.0517918    0.3855158
  -0.0300040   -0.0841769    0.1200306
  -0.2287688    0.3276173    0.6709794
  -0.0677458    0.1255963    0.7566145
  -0.0836695   -0.1185238    0.1003855
   0.8224185    0.0493239   -0.2678193
   0.6060906    0.3403985   -0.0654616
   0.0356515   -0.0230691   -0.0226753
   0.0131093    0.6260164    0.3367873
   0.1906222   -0.1960712    0.3303707
   0.0032251    0.0770805    0.0398585
   0.0316626    0.3892033   -0.4225113
  -0.5613945    0.1477574   -0.1515687
   0.1187662   -0.0852577    0.1380865
  -0.0681876   -0.1097263   -0.6603796
  -0.3469968   -0.2348263    0.0864449
  -0.2935824    0.0916103   -0.1934894
   0.4903565    0.1910206    0.7731833
   0.3735211   -0.3101497    0.1575905
   0.1797985   -0.0076084   -0.2235578
   0.1419558   -0.4097939    0.3819168
   0.3595303    0.2562611   -0.2814673
   0.0972965   -0.0798062   -0.0521331
   0.4734049   -0.3259693   -0.0752510
  -0.3074401   -0.0987457   -0.1680629
   0.0720543   -0.1020185   -0.0445244
  -0.5127990   -0.3472603    0.4647191
   0.3185032    0.1400227   -0.3799195
   0.0530946   -0.0079688    0.0795934
  -0.2236396   -0.1628017   -0.3433714
   0.4395166   -0.3083208    0.0337095
  -0.0625892    0.0629378    0.0215253
  -0.4831952   -0.0506787   -0.4366128
  -0.3019076   -0.2261720    0.2701625
   0.0386829    0.1942935   -0.0532677
  -0.3131471   -0.4539673    0.0997404
  -1.0212417   -0.5585023    0.1184804
   0.0769203   -0.0996344   -0.0068064
   0.1321865   -0.5650982    0.2333875
  -0.0072093   -0.2506669   -1.1068677
   0.0450125   -0.1903357    0.0465753
   0.1095473    0.0406315   -0.1766411
  -0.3957137    0.1875935   -0.3350416
  -0.0459594   -0.0964744    0.0488213
  -0.1394023   -0.0660939    0.0726464
   0.0166495   -0.2439079    0.0483242
  -0.0300235   -0.1483647    0.0300815
  -1.0563245    0.2343022    0.1846985
  -0.1160739    0.5693672   -0.2619117
  -0.0787124    0.1784168    0.0636579
  -0.1039583    0.3226764   -0.2188040
  -0.8512723   -0.2769320   -0.9658420
  -0.0297004   -0.0986912   -0.1236128
   0.4056727   -0.1540432    0.0961096
  -0.0982961    0.4775754   -0.0347818
  -0.0480144   -0.0494903   -0.1529558
  -0.0271859   -0.2952223    0.5109531
   0.5558554   -0.0196507    0.2162158
   0.0293350   -0.2474586   -0.0576132
   0.3004866   -0.4785056    0.6756675
   0.0984602   -0.3841059    0.1264865
   0.0763742    0.0132282   -0.0408648
  -0.3291328    0.2083454    0.1333324
   0.3713154   -0.7414606    0.8438726
  -0.1157858   -0.0705456    0.1090006
   0.5622017    0.4037803    0.3105745
   0.1056380    0.0869420   -0.1580862
  -0.0899564   -0.1048811    0.0998277
   0.3032683   -0.4772308    0.5382004
   0.6134675    0.1913106   -0.3476635
   0.0509574   -0.1502289   -0.1424761
   0.2098998    0.4051136    0.5132861
   0.7994792   -0.1190112   -0.1172700
  -0.0233099   -0.0891822    0.0402750
  -0.9178843    0.2571479   -0.5565244
   0.4202150   -0.0702395    0.1291842
  -0.0673677   -0.1329484    0.2261799
  -0.1926334    0.1698957    0.4820316
  -0.0164347    0.0161100    0.5798700
  -0.1757845    0.0275255   -0.2336590
   0.3636428    0.2298320    0.4028227
  -0.4093478   -0.0761838    0.6314488
   0.0301787   -0.1110240   -0.3432491
  -0.5699807    0.8179298    0.1448620
   0.6923038    0.3892606   -0.0491984
   0.0372613    0.0966516    0.0792759
   0.4420244   -0.3960962   -0.2375846
  -0.0910617    0.3752357    0.6521310
  -0.0488677   -0.0552322    0.1348599
   0.5235910   -0.4448052    0.5724580
  -0.5648229   -0.5290971    0.4935094
   0.1237586    0.0686355    0.0545457
  -0.2771486    0.3838524    0.1144349
  -0.3072257    0.0027873    0.8250071
  -0.1346004    0.1693041   -0.0892161
   0.1151098    0.0400590   -0.2941750
   0.5485250   -0.0331608   -0.2039185
  -0.1093477   -0.2742231   -0.0005769
   0.0160368   -0.0892836   -0.2117021
  -0.3043846    1.2117695    0.0391333
  -0.1211287    0.2045984    0.0836589
  -0.1290432   -0.1432085    0.9304633
   0.9006782   -0.3036084    0.2505319
  -0.0490052   -0.1626355   -0.0375088
   0.1028946    0.0139968    0.0652566
  -0.6684560   -0.4778169    0.0891448
  -0.0271197    0.1050032    0.0497557
   0.1457705    0.3657277    0.7365657
  -0.2553662    0.8434559    1.0312266
   0.0879946   -0.1429463   -0.1125410
   0.2788461   -0.7183844   -0.0029339
   0.3652055    0.3161885    0.9943473
   0.1620732   -0.0197477    0.0249029
   0.2291166    0.2222342    0.3224022
  -0.3110112   -0.0299568    0.1470865
   0.0845513   -0.1147247    0.0728329
  -0.7720268   -0.2059458    0.0131806
   0.1368950   -0.0743871   -0.6597516
  -0.0181445   -0.0069997   -0.1529568
   0.2034095    0.3461936    0.3158751
   0.1935360    0.0982988   -0.0207251
   0.1848424   -0.0574868    0.0025229
   0.8836018   -0.0170731   -0.7180336
  -0.3402861    0.0506212   -0.0511522
  -0.0238730    0.0498629    0.0502097
   0.0695810   -0.2009265    1.2714827
   0.0666559   -0.2040399   -0.2977682
  -0.2384928    0.0064343   -0.0820446
   0.0552974   -0.4319577    0.1077551
  -0.1195363   -0.2873885   -0.3661768
   0.0700105   -0.1393505   -0.0833528
   0.4786867   -0.8483410   -0.4923139
  -0.1411467   -0.8823225    0.6946945
   0.0051897   -0.1291415    0.0568174
  -0.0710806   -0.7107387   -1.0084625
  -0.1005076    0.3824017   -0.0564464
   0.0899012    0.0098264    0.1113437
   0.1258930    0.0687122    0.1076424
   0.0658920    0.8214754   -0.1129010
  -0.0910060    0.1063305   -0.1993347
   0.3569593    0.2251118    0.6208506
  -0.4912059    0.1715118    0.5834652
   0.1033774   -0.2665560   -0.0386024
   0.1389140   -0.1785695    0.2737521
   0.2291720   -0.3139013   -0.6238231
   0.0816767    0.1341443   -0.0140246
  -0.1760195   -0.0039188   -0.1766029
  -0.5906743    0.6579750    0.4566778
   0.0993029    0.0828182    0.0055034
   0.0995022    0.3970769   -0.3505271
  -0.5268624    0.1789220   -0.1010406
  -0.0716316    0.0378420   -0.0509330
   0.8360243   -0.5482246   -0.6011897
  -0.0265001   -0.0757686   -0.3450958
   0.0432361    0.1242106   -0.0066735
   0.3076579    0.4060743   -0.3749961
   0.0232643    0.1259330   -1.0684137
  -0.0210781   -0.0031188   -0.0284274
  -0.0803423    0.0159198   -0.1310010
  -0.2297932    0.3983424    0.1203303
  -0.0355576    0.1053673    0.1340044
  -0.4709062    0.3051210   -0.5517599
   0.3871025   -0.3262367   -0.2135370
   0.2176347   -0.0181968   -0.2640640
   0.1944878   -0.5236461    0.4489117
   0.0779492   -0.3041566   -1.4382969
   0.0446866    0.1130637   -0.0423359
  -0.5227832    0.8672899    1.0081003
  -0.2839137   -0.1732222    0.1732700
   0.0619234    0.1014922   -0.0254819
   0.7609858    0.1811868    0.3609006
   0.4262500   -0.2562672   -0.3318335
  -0.1710601   -0.0497118    0.0337670
   0.2861514    0.3936712   -0.5153303
   0.1705599   -0.0689854    0.3439155
   0.1860323   -0.0862739   -0.1739971
  -0.0674306   -0.3335026    0.8044174
   0.6810012    0.5310104    0.2890273
  -0.0665390    0.0491777   -0.1418125
   0.3112951    0.2817370    0.7698829
  -0.2943326    0.8163455   -0.6754846
  -0.1020617   -0.0704579   -0.0244720
  -0.2029548    0.2692933    0.4979975
  -0.1882412   -0.3282737   -0.0180336
  -0.0869467    0.0737118   -0.1010739
   0.2950307   -0.2494036    0.5919810
  -0.1564824   -0.3748659   -0.0849808
   0.0240924   -0.0153048    0.0593028
   0.1846984   -0.6092432   -0.3961887
   0.7475768   -0.5207511   -0.1094775
  -0.1749657   -0.0873852   -0.0210003
   0.6439211   -0.5145494   -0.0893112
  -0.4860003   -0.0079574    0.0095845
   0.0204966   -0.0517048    0.0823614
  -0.2028960    0.4775232   -0.7323832
   0.0982514   -0.7046971   -0.0135643
   0.0103956   -0.0152765   -0.0654203
  -0.1945347    0.6554824   -0.0105297
   0.2565404   -0.5977658    0.1395237
  -0.0996025    0.1043826    0.0362909
   0.1566968    0.0935308    0.1909525
  -0.1269795   -0.2242211    0.9583836
   0.0608648   -0.0346361    0.0121362
   0.1346098   -0.6714127    0.4116713
   0.3555538    0.2623239   -0.2416101
  -0.1019564    0.0461938    0.1003324
  -0.3960089   -0.0757510   -0.0897246
  -0.3804660   -0.0892235   -0.7464986
  -0.0158788    0.0134461    0.0513027
   0.2608912   -0.2966895    0.6835750
  -0.2535552   -0.8787115    0.0479638
  -0.2380840   -0.0370388   -0.0773373
  -0.1561146    0.2342400   -0.2835619
   0.1316459    0.2738418   -0.1699444
   0.0675862    0.1137494   -0.1930926
   0.2527196   -0.6289493   -0.9458755
  -0.3587444    0.0400268    0.1492750
   0.0332165   -0.1575490    0.2154648
   0.5620061   -0.1382138   -0.4246010
  -0.0651294   -0.1340990   -0.3007596
   0.0805508   -0.0662545   -0.2181896
   0.4622104   -0.2552838   -0.3265412
  -0.4564288   -0.4999940    0.1844797
   0.0216078    0.2623991    0.0434992
   0.0603908   -0.0287827    0.1308005
   0.0795851    0.0576176    0.4896285
  -0.0633856    0.1400192    0.1247520
  -0.4404818    0.3796946    1.0054086
   0.1562051   -0.0290566    0.5647970
   0.0949847    0.0305801    0.1240437
   0.5748623   -0.5525231   -1.2682908
  -0.0416098    0.0289101    0.0483921
   0.0431421   -0.0723262   -0.0153204
  -0.1067361   -0.1922788    0.7665511
   0.1018906    0.2133653    0.0160835
  -0.0312140   -0.0427640    0.1631434
  -0.4861321    0.2293746   -0.3705615
  -0.9756814    0.3147224    0.2768300
  -0.0085297   -0.0983290    0.0319500
  -0.2047728    0.8320824    0.2864991
  -0.4645382    0.9216735    0.2586727
  -0.0580510   -0.0581583   -0.0388139
   0.1322480   -0.4521427   -0.2728180
  -0.1697011   -0.2918888   -0.0798671
  -0.2503157   -0.1131349   -0.1734174
   0.5200242    0.6252322   -0.0912598
  -0.1668306   -0.4794201    0.1360369
  -0.0607764   -0.1779353    0.0650259
   0.2460068    0.4037940   -0.4149414
  -0.5167108   -0.1309128    0.2819492
  -0.2877223   -0.1432408    0.0109913
   0.4120722    0.4997560   -0.0190509
   0.4469152   -0.0483913   -1.0430957
  -0.1113987   -0.1435862    0.0737658
   0.7433881   -0.2223322    0.2224718
  -0.5009870    0.3281640   -0.3117275
  -0.0610186   -0.0717941   -0.0277925
   0.9026999    0.1256698   -0.6168974
  -0.2409295    0.1323604    0.4028529
  -0.0643513   -0.1897136    0.0255114
  -0.0821605    0.0489400    0.2840438
  -0.2892409    0.0762237    0.4753051
  -0.0411879   -0.2141563    0.1584151
   0.3481919   -0.2129362   -1.0378563
  -0.4581657    0.5328978   -0.3219566
  -0.1047933   -0.1283678   -0.0532089
   0.2524486   -0.4073266   -0.4546007
   0.2088053   -0.2326980    0.3597177
  -0.0393006   -0.2129081   -0.0461097
  -0.2780882   -0.4028790    0.3047010
   1.0929630   -0.4004368   -0.4342998
  -0.1525162    0.0130720    0.0781901
  -0.1484058    0.4120228    0.5392505
   0.3109413    0.2608707    0.6392682
   0.1386446    0.0590903    0.1717879
  -1.0287971   -0.0934251    0.6658548
   0.9262775    0.6280246    0.0552390
  -0.1177458   -0.1244613   -0.0372295
  -0.4721618   -0.1136127   -0.3046091
  -0.1276965   -0.5368845   -0.0362498
  -0.2507017    0.0866778   -0.1370948
  -0.4257534   -0.0133081   -0.6863383
  -0.1247433    0.5100371   -0.3882954
  -0.1682969   -0.2036888   -0.1043183
  -0.2821148   -0.5270711    0.5200921
   0.0159017    0.3185325   -0.1883591
   0.0306253    0.0271110   -0.0379074
   0.0912444    0.1912016    0.3739147
   0.2196220   -0.6792787    0.5383922
  -0.1973891    0.1351919   -0.1144487
  -0.6842447   -0.1569071    0.4570014
   0.7363353    0.5945551    0.0413841
  -0.0094938    0.1221969    0.0397460
   0.6595591   -0.2617814    0.8293772
  -0.4799192    0.5932788    0.3918081
  -0.0352810    0.0433338   -0.0088257
  -0.3861184    0.5211462    0.1685269
  -0.4247905    0.0629912   -0.5600794
   0.1562297   -0.0664393    0.0402392
   0.4899544   -0.2674238   -0.4518100
  -0.1751436   -0.1763154    0.9758402
   0.1610904    0.2092800    0.0630187
   0.1549128   -0.6954170    0.0702670
   0.0224397   -0.0696356   -0.4454685
   0.0581703   -0.0538781   -0.0565079
   0.0518199   -0.4979006   -0.0479071
   0.1045413    0.4970751   -0.2021915
   0.0649337   -0.0452129   -0.3322006
   0.6794711    0.0715955    0.0518918
   0.2224008   -0.1274752   -0.0358838
  -0.0171127   -0.0567696   -0.1437521
  -0.2277634    0.4945646   -0.2528477
  -0.0940667   -0.1941591   -0.0800803
  -0.0279047    0.0491979   -0.1051094
   0.4115715    0.1909622    0.9582868
   0.1635812   -0.3062474    0.0648374
  -0.2098088   -0.1105978    0.0910215
  -0.1449097    0.1893854    0.9147730
   0.0342418   -0.5326103   -0.0453713
   0.1799153    0.0917086   -0.0760746
  -0.0602633    0.2184324    0.1818871
   0.0669971   -0.0469539    0.3596416
  -0.1132241    0.1290712    0.2026251
   0.6201167    0.0688676    0.1560099
   0.0694799   -0.5807487    0.3994705
   0.0069721    0.2290828   -0.0169816
   0.4501414    0.3536548    0.1942697
  -0.3548707   -0.4205737    0.6321014
   0.0039912    0.0397323   -0.0402243
  -0.4408502   -0.4753375    0.1128884
  -0.6779428    0.2558131    0.6612021
  -0.0079928    0.0018602    0.1148570
   0.6604519   -0.4966618   -0.7994400
  -0.4468222   -0.0287225    1.0008941
  -0.0117721    0.0277292   -0.0715924
  -0.0227963    0.2966561    0.1063821
  -0.2851412   -0.1887804    0.1181037
   0.1400060   -0.0771504    0.0629761
   0.0890722    0.2853925   -0.2867377
   0.4200308    0.0793179    0.2021713
  -0.1882615   -0.0452106   -0.0045192
   0.2086608   -0.2861021   -0.7987518
   0.5791032   -0.5016499   -0.5845035
   0.0196778    0.0853783   -0.0041614
  -0.3006931   -0.7823502   -0.0789073
   0.6820714   -0.0577913   -0.3465486
   0.1627744   -0.1765551    0.1232490
   0.3370606   -0.4619809   -0.1288137
  -0.1579950   -0.6241612   -0.5997960
  -0.0206902   -0.0512506   -0.1014824
  -0.1826837    0.4391131   -0.4538732
  -0.6009277    0.2626787   -0.3775343
   0.0691480   -0.1897411   -0.1600229
   0.0706337   -0.0982547   -0.3135338
  -0.7405503   -0.2180941   -0.0460372
  -0.0166910   -0.0718407   -0.0900671
  -0.2785150   -0.8764992    0.5229548
  -0.0129966    0.6025980    0.2527782
   0.1821388   -0.1263367    0.0670552
  -0.3588780    0.2286723   -0.7422275
   0.6278071    0.4394096    0.2973014
  -0.1170007    0.2039669    0.0980483
   0.2802639    0.4925427    0.8002582
   0.4941132    0.2398886   -0.3180996
  -0.1052713   -0.1748854   -0.0871243
   0.3281323   -0.2347098   -0.2607116
  -0.0194554    0.0231429    0.1197160
   0.0391527   -0.0432748   -0.0333714
  -0.3249313    0.0727651   -0.0529350
  -0.2896692   -0.3987635   -0.3322179
   0.0206764    0.0877850   -0.1641922
   0.1776444   -0.3825787   -0.7604306
  -0.0183420   -0.4149268   -0.6894350
   0.0514723   -0.0044161    0.0220122
  -0.1813083    0.5320011    0.2896740
  -1.2187400   -0.0912832    0.4254982
   0.1288615   -0.0511996   -0.0166550
   0.5327731    0.1520679   -0.0312218
  -0.4628697    0.1839828   -0.3468305
   0.0205183   -0.1614588   -0.0072238
   0.4177726    0.0985555    0.1816694
   0.1374635   -0.8898383    1.1454570
  -0.0699515    0.0565009   -0.1357150
  -0.5672420   -0.6421314   -0.1458351
  -0.1029574   -0.1403647    0.4018371
   0.0893352    0.0550611    0.1354064
  -0.0886383   -0.3492630    0.7080308
   0.9454125    0.0786924   -0.0958377
   0.0403235    0.0638806   -0.1242240
  -0.3517238    0.5023876   -0.0666355
  -0.6553899   -0.6147844    0.7410094
   0.1138637    0.1089485   -0.0709208
   0.0205642    0.2640720   -0.5098754
  -0.1493163   -0.2204686   -0.0182995
  -0.1692544    0.0691910   -0.0835690
  -0.3379386    0.4795185   -0.7481805
   0.1854244    0.2749460    0.0475938
  -0.0755395    0.1252228   -0.0087710
   0.1934680    0.2219934    0.7424311
  -0.0390371    0.4367465    0.0111295
   0.0501421    0.1264572    0.0565428
  -0.1885673    0.0595760    0.4373037
  -0.4536700    0.2833177   -1.0034313
  -0.1206482    0.0227777    0.0035458
  -0.0918897    0.3817828    0.4577599
  -0.5385854    0.2719778    0.4649062
  -0.1071736    0.0351729    0.0659201
  -0.6337737   -0.3417755   -0.1993718
   0.3529085    0.2500216    0.5871546
   0.1660356   -0.0956737   -0.0670559
  -0.3881898   -0.3091325   -0.4987016
  -0.3777784   -0.4180555   -0.1926192
   0.0486143   -0.0804325    0.1777300
  -0.1707296    0.1667026    0.1965832
   0.5178658   -0.5187236    0.3479710
  -0.0192662   -0.0050436   -0.1103296
   0.2554222    0.1840802   -0.5292807
  -0.6005099   -0.1257380    0.0463539
  -0.0317414    0.2711675   -0.1140126
   0.3787807    0.2247985   -0.0745003
  -0.0420015   -0.6916553    0.3399804
   0.1623921   -0.0330111    0.0267119
  -0.2407950    0.0477715   -0.1845853
   0.1985825    0.4753972    0.1131322
  -0.0912379    0.1410139    0.0178526
  -0.0260835   -0.1127292   -0.0169792
   0.7456259    0.6763557    0.3541446
   0.0621640    0.0103362    0.1163687
  -0.0123097   -0.5508693   -0.3291039
  -0.1136946    0.1450585    0.3704924
   0.2291499   -0.1195468   -0.1759683
  -0.4052080   -0.7413810   -0.0241678
  -0.2175306   -0.6959569   -0.7015747
  -0.1473816    0.1618062    0.0709175
   0.0239124    0.3208923   -0.1978721
   0.6863943    0.0225869   -1.2234406
   0.0090369    0.0928218    0.1418462
   0.0638233   -0.6195525    0.0621525
  -0.2269044    0.4847108    0.1445210
   0.0503405   -0.0399407   -0.1980875
   0.2004595   -0.5308007    0.1394968
  -0.0725278   -0.2572369   -0.3218473
   0.0985922   -0.0757110   -0.0161603
  -0.2297098    0.7510219    0.0109403
  -0.5600722   -0.4104826   -0.5101166
   0.0030157    0.0700166    0.2310420
   0.4986331    0.0345209    0.1434473
  -0.1914709   -0.4217069    0.5539621
  -0.0314363    0.0415187   -0.0125942
  -0.0507813   -0.4672535   -0.6852770
   0.3515379    0.5338772    0.3326834
   0.0788338    0.0853914    0.1359038
  -0.2471702   -0.0596335   -0.4815944
   0.3138673   -0.3680223   -0.2596036
   0.0747420    0.1416157   -0.1570364
   0.2428514    0.4979553   -0.3075975
  -0.0036484    1.0254393   -0.5928637
  -0.2593406   -0.0264839    0.0943332
   0.5010714   -0.3292576   -0.2070873
  -1.0724925   -0.1484507    0.0951402
   0.0712254    0.0113211    0.0006594
  -0.5344335    0.1606245    0.2637956
   0.1974411    0.4116668    0.9074661
   0.0462929    0.0205315    0.0520847
   0.1299948    0.6644250   -0.1068472
   0.5966938   -0.8807883   -0.3526706
   0.1045586   -0.0067316   -0.1271319
   0.0132730    0.0055143   -0.6531215
  -0.1452169    0.9483852    0.0462231
   0.2018891    0.0984241   -0.0902253
  -0.2835180    0.0465201    0.2283082
  -0.4052472    0.0083910    1.0722370
  -0.1149877    0.0542199   -0.0197560
  -0.3795579   -0.5160097    0.4912390
   0.6344130    0.5564671   -0.4769351
   0.1385168    0.1154243    0.0788794
   0.2463358    0.0811099   -0.3152840
   0.0703880   -0.9352818   -0.0347656
   0.0119848    0.0550793    0.0815939
  -0.1192901   -0.3758370   -0.4370162
  -0.5913633    0.5160517    0.1718162
  -0.0465770   -0.0203957    0.0302703
   0.1991240   -0.1283370   -0.2189750
  -0.3041529    0.1587943    0.4582551
   0.0170773   -0.1041218    0.0984748
  -0.0004451    0.3733732    0.0892343
  -0.3201210    0.3741742    0.2201225
   0.1006818    0.0626977    0.1021007
   0.0687165    0.0553504    0.1624221
  -0.0692380    0.2246946   -0.7508278
   0.0061567   -0.1212971   -0.0430834
   0.5665349   -0.3830560    0.0593605
  -0.2179402   -0.6753609    0.4805561
   0.0901720    0.1756473   -0.0708169
  -0.2250185    0.5534369    0.2498270
   1.1216173   -0.0462010   -0.3346720
   0.0084373   -0.0539365   -0.0600584
   0.1742071   -0.6599414   -0.3424911
  -0.3473708   -0.6002170    0.6758950
  -0.1090230   -0.0151565   -0.1299544
   0.5231338   -0.0434712   -0.3937111
   0.2993198   -0.2767784    0.1504754
   0.0438599    0.0575541    0.0381127
  -0.2821077   -0.1957183   -0.4065123
  -0.4380142    0.0809918    0.1354131
  -0.1339000   -0.0700019   -0.1736924
  -0.0146406   -0.8069481   -0.3403132
  -0.0058306   -0.0357380   -0.4597270
   0.1301280   -0.2071529   -0.1403551
  -0.0073410   -0.8147733   -0.2136855
   0.3389924   -0.5127238    0.0957419
   0.0564897    0.0301397    0.0024521
   0.3237628    0.1526306    0.1591090
  -0.4031039    0.0115164   -0.0070409
   0.0422209   -0.0304639    0.2215555
   0.1700609    0.2097757    0.1150146
   0.0968647    0.1889166   -0.0745404
   0.0213297    0.0202690   -0.0631372
   1.0131648   -0.6110674   -0.9114850
   0.1610328   -0.1190806   -0.0354236
   0.1164535   -0.0482311    0.0913739
   0.1346315   -0.1233244    0.0328710
   0.2199395   -0.4053781    0.0190377
   0.0625274    0.1365752    0.1447248
  -0.1811629   -1.1462026    0.0466493
  -0.0973552    0.0585966    0.6362372
   0.0412368   -0.1145919   -0.2098961
  -0.4041577   -0.0527312   -0.2091725
  -0.9810501    0.5712150    0.3737490
   0.1801118   -0.1049468    0.0348269
   0.3407241    0.1818886    0.2635465
   0.5899655    0.1523224   -0.4868748
   0.1672391   -0.1120693   -0.1049961
   0.3437704   -0.2250613    0.2696897
   0.0089955   -0.4029476   -0.4642221
  -0.0121277   -0.0337733    0.0618810
  -0.2599946    0.4166816    0.1434172
   0.4284031   -0.4073335   -0.1589829
  -0.2896901   -0.0607139   -0.0106819
  -0.2143041    0.3113467    0.0653992
  -0.3438166   -0.6044608    0.0638056
  -0.0817666   -0.0900869   -0.0820277
   1.0250216    0.3791487    0.3958448
  -0.2722984   -0.0154091    0.4720818
  -0.0474650    0.0596521   -0.0382073
   0.0693638    0.0356931   -0.2768080
  -0.4118241    0.3623087   -0.3107107
  -0.0640947    0.3309547    0.0941889
  -0.0717951    0.0058487    0.0473068
  -0.0463136    0.5438874    0.4400116
  -0.2461569   -0.0880182   -0.0017251
   0.0146001    0.2535520    0.5772560
   0.3622476    0.3640055   -0.0404560
   0.1481601    0.0354527    0.0027564
   0.0029804    0.0634693   -0.4177706
   0.2547236    0.2087816    0.3835503
   0.0831746    0.0014314    0.0415719
   0.1571541    0.5346624    0.3752081
  -0.3944226    0.9970579   -0.0164782
   0.1765090    0.2226783   -0.0065061
  -0.2332062    0.1152994    0.2894607
   0.4244779   -0.0071822    0.0344333
  -0.0703163   -0.1413797   -0.0011139
  -0.2054423    0.7118414   -0.2661682
  -0.0704721    0.6019266   -0.0639358
  -0.0843005    0.0039749    0.0731236
  -0.7677363   -0.2328561    0.3453687
  -0.7083849   -0.7593369   -0.4773138
  -0.0175971   -0.1007730    0.1473996
   0.1690170   -0.4241506    1.0353272
   0.5960565    0.6606959    0.1740305
   0.0079900   -0.1713414    0.1205065
  -0.2505880    0.3883149   -0.0272101
   0.0520502   -0.4570410   -0.1569223
   0.1474042   -0.0232371   -0.0845940
   0.2917325    0.1262252   -0.1814146
   0.4010381   -0.0694828   -0.2091452
  -0.0941949    0.0572251   -0.1197159
  -0.2710361   -0.8492143    0.0332123
   0.8041548   -0.7613022   -0.3771772
   0.2603366    0.1171367   -0.0252963
  -0.5373580    1.0076833   -0.3693280
  -0.3211260    0.1784640   -0.7813758
  -0.2184113    0.1028486   -0.0337171
   0.1409493    0.1160323    0.6017608
   0.2753099   -0.7658762    0.1162026
  -0.0498569    0.1702851    0.0065310
  -0.1201014    0.0661527   -0.2316571
  -0.2313495    0.4605265   -0.2634578
  -0.0790408    0.0853206   -0.0475464
  -0.6500961   -0.3711106    0.1302395
   0.1734173    0.1619889   -0.4607335
  -0.0241940   -0.1013495   -0.0217832
  -0.6274794    0.4281187   -0.5369778
  -0.5503164   -0.7406148    0.0180729
   0.0178201    0.0999773   -0.0636794
   0.0018945   -0.0265305   -0.0470783
   0.2266554    0.1787831   -0.7112178
   0.0617842    0.0677679    0.1365296
   0.3277004    0.6513249    0.0888453
   1.3177537   -0.1799176   -0.3583524
  -0.1889062   -0.0446621   -0.1341225
   0.3760926   -0.1350537    0.2806014
  -0.2041320    0.1859904    0.2718545
   0.0783260   -0.0927222   -0.1726568
  -0.4086213    0.2651916    0.3329332
  -0.2748820    0.0941912   -0.0538760
   0.2471075    0.1992393    0.0044503
   0.3005891   -0.3950268   -0.5450409
  -0.1485682   -0.5073385   -1.1735402
  -0.0342451   -0.0478982    0.0233228
   0.2244993    0.5177117    1.0194273
  -0.6091429   -0.0904552    0.0110846
  -0.0649328    0.1095916    0.0573094
   0.2646655    0.1011090   -0.5343534
   0.2264406    0.5440879    0.2528128
   0.1638922    0.0064695    0.0205136
   0.3387983   -0.5211030    0.7437298
  -0.9287970   -1.0456004    0.4331976
  -0.1067054    0.2073825   -0.2440706
   0.4015140    0.2604311    0.3294278
   0.2415120   -0.7145689   -0.0818604
   0.0647853    0.0018296    0.0272457
   0.2033264    0.2263433   -0.1054166
   0.3945073    0.3472409   -0.1018077
  -0.1484647    0.0114059    0.0491659
   0.4534850    1.6699167   -0.9242485
  -0.5180600   -0.2635995    0.6401724
  -0.0282386   -0.0875959   -0.0646579
  -0.1125918    0.2399108   -0.7033014
  -0.4498225   -0.2429308   -0.3524011
   0.1164559   -0.2618899   -0.1830655
  -0.7408327    0.4647932   -0.5353312
   1.1315755    0.2025428    0.4690832
  -0.0324751   -0.0502903    0.0835171
   0.1107871    0.3082894   -0.2722583
   0.2854882   -0.4946023    0.3315861
   0.0659188   -0.1829764    0.1119412
   0.0280730   -0.2468955    0.8969341
   0.9575051   -0.0361437    0.1892820
  -0.0334342   -0.1420709    0.0112803
   0.3912336   -0.1975078   -0.2579341
   0.6318855    0.0240972    0.6943007
  -0.0704011    0.2056963   -0.0195061
  -0.4004368   -0.3838443   -0.3426979
   0.0671993    0.0387324    0.2287772
  -0.0481628    0.1706452   -0.0654014
  -0.0749249   -0.1778695    0.2488460
  -0.1516812   -0.9869394   -0.7622161
  -0.0909393    0.0240941    0.1854459
  -1.1071562    0.0618115    0.1104624
  -0.6353235    0.0497239   -0.0656788
   0.1064742   -0.1111905   -0.1267458
   0.3778527    0.0459783    0.1653889
  -0.5894907    0.4719755   -0.4898240
  -0.1322597   -0.2252430    0.1432576
   0.4158704    0.1642449   -0.4981356
  -0.6402159   -0.1895582   -0.2961839
  -0.0129251    0.0020354    0.1333557
   0.4505809   -0.6626494   -0.2012819
  -0.8234066   -0.2745781   -1.0639632
  -0.1258809    0.0003991   -0.1549675
   0.6919129   -0.1028881   -0.2079980
   0.5917267   -0.5702955    0.0721795
  -0.0872011    0.0855678   -0.0729543
   0.1730866   -0.4181648    0.1276558
  -0.1799156    0.8632839   -0.0796715
  -0.1005633    0.1367739   -0.0325762
   0.0957412   -1.1409168   -0.3971956
   0.9230260   -0.4527105   -0.0107362
  -0.0822090    0.0148715    0.0143745
   0.3275317   -0.6711815    0.9971593
   0.7112872    0.0784029    0.8555122
  -0.1407982   -0.0704096    0.0429990
   0.0078979   -0.8957573   -0.5990740
   0.1781170    0.5166405    0.5707146
   0.0533726    0.1830305   -0.0358420
   0.2621554   -0.6430483   -0.3745023
   0.0756751   -0.7120355   -0.5937592
  -0.0567019    0.0010366    0.0294146
   0.3994997    0.4042812    0.0811956
   0.0398349    0.3670543    0.0054384
   0.2884611   -0.0638522   -0.0046597
  -0.1464700    0.5688083    0.1171460
   0.1846928   -0.2618135   -0.3798549
  -0.1443265    0.1605429    0.0002538
   0.1968965    0.1855221    0.5414268
  -0.0948440    0.1091752    0.1846258
  -0.0111162   -0.0689540   -0.2029044
  -0.2958716   -0.4384975   -0.0015916
   0.1222198   -0.9785616    0.4191695
  -0.0166737   -0.0501913   -0.0178613
   0.3610748   -0.4405204    0.5539946
   0.3570792   -0.8096408   -0.6086717
  -0.0152262   -0.0201272   -0.0860491
   0.1655147   -0.5631565   -0.3635212
   0.5484588   -0.2130873    0.1412958
   0.1577170    0.1382880    0.1278917
  -0.5556920   -0.2444546   -0.4064460
  -0.4496253   -0.3880825    0.8035944
  -0.1478529   -0.0008991   -0.0816310
  -0.3819006   -0.0536426   -0.1453728
   0.3163519    0.0425183   -0.0393711
   0.0221654    0.1444686   -0.1888395
   0.3416093   -0.0119961    0.1916820
  -0.7349252   -0.6833947   -0.1200727
   0.0522303    0.1128571    0.0583178
  -0.2619591   -0.2344199   -0.1481219
  -0.6177297   -0.1540392    0.0923507
   0.2332501   -0.1564329   -0.1523321
   0.3495997   -0.4473393   -0.0437363
   0.2863103   -0.1980203   -0.2745964
  -0.2576706   -0.0158237   -0.1590667
   0.0468294   -0.2005496   -0.3390642
  -0.1523991    0.3622714   -0.0037208
  -0.0083921    0.0269025   -0.1511666
  -0.4247269    0.2599339   -0.0190219
  -0.5652922    0.4245830    0.3029739
   0.2237343    0.0353317   -0.0028681
  -0.6904033    0.1694659    0.3944577
  -0.3636889   -0.1959155    0.4431674
   0.1436571   -0.1811169   -0.1026524
  -0.0459063   -0.5210506    0.2957814
   0.3785737   -0.0048464   -0.1083229
   0.0616020    0.1527042   -0.0356647
  -0.3794622   -0.2209961    0.0286920
   0.2178193    0.2349422   -0.7398706
   0.0926308   -0.0687728   -0.0418430
   0.3606644   -0.0383118    0.2979283
   0.3031521    0.5122723   -0.2878735
   0.0007616   -0.0368368   -0.0941883
  -0.4316619   -0.0397748    0.1586276
  -0.2301786    0.2684364   -0.6001357
   0.0794543    0.0112383    0.0581436
  -0.1596241    0.2815609    0.4974741
   0.6479951    0.0737005    0.0881602
   0.0649135    0.0353597    0.0543610
  -0.3543233   -0.2636268    0.6686944
   0.2051688    0.7198345    0.6023417
  -0.1313932    0.0202091   -0.1288407
  -0.0195890   -0.0254903    0.4392021
   1.2439854    0.0695645   -0.3429900
  -0.0666424   -0.1027939   -0.0996123
  -0.5021273   -0.6925853   -0.2412635
   0.6747406    0.0833826   -0.0809160
  -0.0296127    0.0704576    0.1877922
  -0.0428453   -0.0759606   -0.2305994
   0.3985868   -0.1852108    0.1560563
  -0.1969843    0.0220489   -0.1118217
   0.2112940   -0.3242247   -0.0317096
   0.4017685   -0.8315124    0.1597068
   0.0253134   -0.0443820    0.1158563
   0.0878418   -0.7800015    0.3633828
   0.5328108    0.4204519   -0.0262782
   0.1592193   -0.2477536   -0.0043478
   0.8151736   -0.3811509    0.0823065
  -0.1349614   -0.8210092    0.7036274
   0.0858565   -0.0803959    0.1799948
   0.2138423   -0.1165803   -0.5341896
  -0.0937549   -0.3951017    0.5865713
   0.0696884   -0.0121971   -0.0372257
   0.2740109   -0.1997553    0.0059215
   0.5414906    0.6380959    0.0151453
  -0.0055675    0.1138766    0.0583010
  -0.3257574    0.5724514   -0.2212799
   0.6094949   -0.6005011    0.1271874
  -0.1631029    0.0730719    0.0725604
   0.8976021   -0.1364622    0.5840912
  -0.6819951    0.5720250   -0.1546717
   0.0728076    0.0347743    0.0214325
  -0.0130504   -0.1142121    1.0990916
  -0.2176212    0.4914792    0.1565990
  -0.1368286    0.0797134    0.0138556
   0.0633359    0.2645794    0.5189979
   0.1879846    0.1894379    0.5404679
   0.0772639   -0.0610048    0.0029543
   0.0721422    0.1027828   -0.8721848
  -0.3655776   -0.0538520   -0.1540435
  -0.0969966    0.1020820    0.1054068
  -0.6016111    0.0483505   -0.4652587
  -0.3551078    0.4540479   -0.3731941
  -0.0068728   -0.0279523   -0.1096165
   0.7355981   -0.6068430   -0.3591598
  -0.1507861    0.7985126   -0.1691812
  -0.1208209    0.0335897    0.0377398
   0.3938649    0.5369568   -1.1288267
  -0.4450432   -0.1566347   -0.5568326
   0.2039547   -0.1977210   -0.0949673
   0.1099381   -0.2926238   -0.4688722
   0.0436225    0.1436484    0.1132852
   0.0716490   -0.0734828   -0.2223926
   0.1156319   -0.9230064    0.7325253
  -0.4185042    0.0485721   -0.0801191
  -0.0627516    0.1390278    0.0394316
  -0.1473724   -0.2896313   -1.3564702
   0.4527417    0.6473745   -0.2852888
  -0.0184641    0.3390854    0.1248564
   0.2321283   -1.2501245    0.3612403
   0.0358723   -0.4091021   -0.5498853
  -0.0963012   -0.0394798   -0.0390292
   0.4680069    0.4189466    0.1273136
  -0.7440086    0.3290771   -0.1968187
  -0.0437973    0.0757913    0.0914691
  -0.0730643    0.5930229    0.1968172
  -0.1616109   -0.7741992    0.6851686
   0.0788275   -0.1187727   -0.0116718
  -0.1360054   -0.6044703    0.3883492
  -0.0697839   -0.9759410   -0.1543124
  -0.0871506   -0.1348113   -0.1619651
  -0.5038427   -0.0800020    0.8227198
  -0.0654974   -0.4729367    0.1721929
  -0.0852394   -0.0927658    0.0222280
   0.2151583    0.9204766   -0.1566440
  -0.0366719    0.5429468   -0.4838643
   0.0020944    0.0021968   -0.0002940
  -0.1667310   -0.4794613    0.3211207
   0.5137747   -0.3718019    0.2311299
   0.0518351   -0.1161809   -0.0918777
   0.1317239   -0.2425823   -0.2551605
   0.1640565    0.4514047    0.7476292
   0.0262723   -0.0421461    0.0684019
  -0.3919945   -0.5600294    0.2784547
   0.0246526   -0.3248625    0.0206008
  -0.2084465    0.0555726    0.0784278
  -0.3829453    0.2698847    0.0941040
   0.0662682    0.2862521   -0.2535148
   0.0220126   -0.0435049    0.0389053
   0.8577128   -0.0369008   -0.1772227
  -0.5933937   -0.0213519   -0.3840580
  -0.0502631   -0.0016940   -0.1125737
  -0.3605366   -0.3055429   -0.1146348
   0.8070289   -0.3020888    0.5216409
   0.0156689    0.2162254    0.1337566
  -0.6805147   -0.0348429    0.2438153
  -0.8254929   -0.7492124   -0.1181752
  -0.0521961   -0.1932425   -0.0813418
  -0.1726747   -0.8086366    1.8029311
   0.2032880   -0.4635775   -0.6604290
   0.2398951   -0.1290756    0.1696800
  -0.4163114    0.0307829    0.1656058
   0.0792519    0.2410244    0.1367070
   0.1567052    0.0185575    0.1988153
  -0.3679565   -0.3852686    0.7908925
  -0.1878014    0.4791907    0.1633646
  -0.0986311    0.0986258   -0.1097695
   0.2348899    0.3088600    0.4077705
  -0.2569101   -0.7726480    0.4458481
   0.0982915    0.0154873    0.0568297
   0.2651960   -1.1044499   -0.5886254
  -0.1270007   -0.0407946    0.3709054
   0.0504839   -0.0402972    0.0130193
  -0.4917900   -1.0447865    0.5635337
   0.0906419    0.3511874   -0.5845616
   0.0325058   -0.0876904    0.2289762
  -1.3082103    0.1402837    0.0701534
   0.5883725    0.0927216   -0.3129028
   0.1502726    0.1398677    0.1018846
   0.3033340    0.3303517    0.2114759
  -1.3116144    0.0724215   -0.5668043
  -0.0942969   -0.0454492   -0.0222745
   0.4104757    0.8077641    0.5008320
  -0.6934826    0.2683679   -0.0088563
  -0.0634120    0.0328300    0.0554359
  -0.0101886   -0.2538558    0.5938095
  -0.5212256    0.0494354   -0.0547752
   0.0126943    0.0215089   -0.1194471
  -0.0897609    0.0424869   -0.1844774
   0.0877419    0.1433775   -0.2287893
   0.0550952   -0.1442285    0.0004978
   0.1835891   -0.3947944   -0.1890488
  -0.3624525    0.2018988   -0.0271277
   0.0636242   -0.1046061   -0.0410388
  -0.5669786   -0.2847580   -0.1750615
   0.6091707    0.0210973    0.3664004
   0.0478036    0.0615417    0.0492912
   0.4548478   -0.0420747   -0.5630363
   0.3432316    0.0458271    0.6548371
   0.1562358    0.0371870   -0.1611200
   0.2783079    0.1569830    0.4835787
  -0.4302199   -0.3117023   -0.0203577
   0.0478135   -0.0451128    0.0919612
  -0.0777577   -0.0874359   -0.7256374
  -0.0623059    0.1549492    0.3756825
  -0.0693345   -0.1823396    0.2394986
   0.4136545   -0.1260419   -0.5782244
   0.0649896   -0.2926949    0.5438413
  -0.0428731    0.1149108   -0.0612006
  -0.6726384    0.0445127    0.0615776
   1.0172459   -0.4634132    0.0379713
  -0.2060797   -0.1134807   -0.0042285
   0.0375958   -0.4699612   -0.5068713
  -0.2588141   -0.0507902    0.7089326
   0.0767952    0.0811301   -0.1707100
   0.1316330   -0.4158913    0.1974467
  -0.0092355   -0.0409498    0.7000574
  -0.0638215   -0.2412837   -0.0789057
  -0.3774770   -0.1042233   -0.8014680
   0.0932508    0.5393149   -0.1993133
  -0.0957168   -0.0969351    0.0139625
   0.8017733   -0.5251423   -0.2346325
  -0.6936297   -0.0208844   -0.4263018
   0.1964410    0.1828136    0.1834158
   0.0294094   -0.8657306    0.6044139
  -0.8156945    0.0399002    0.3387713
   0.0329699    0.0508212    0.0731226
  -0.1940138    0.3793769   -0.2661739
  -0.2671975    0.1366692   -0.0124168
  -0.1102264   -0.0332627   -0.0632913
  -0.4605645   -0.1472019   -0.5447029
  -0.7572872   -0.0992429    0.5042239
   0.0474910   -0.0834732    0.1205716
  -0.8576583    0.6399450   -0.1262839
   0.6354911    0.8953627   -0.2781368
   0.1171163    0.1404748    0.0320135
   0.4500719    0.0740272   -0.2392161
   0.7524592   -0.1437973   -0.0706517
  -0.1033647   -0.1152750    0.1146755
   0.1826001   -0.6919578    0.0851584
  -0.2711919   -0.8152137   -0.4617903
   0.0775857   -0.0578839    0.1965638
   0.1990162   -0.2629419   -1.0729942
  -0.5339013   -0.3521177   -0.1815253
  -0.0551859    0.0447574    0.3093067
   0.5319216    0.2965662    0.0864961
   0.4930776    0.1987730   -0.1160140
  -0.0006969   -0.0692329   -0.0067665
  -1.0253863   -0.3389992    0.8505638
   1.1735131   -0.3766497    0.0840680
  -0.0945143    0.1792258    0.0562653
   0.0558222   -0.5293385    0.1108138
   0.6251490   -0.5069151   -0.1420591
   0.0762433   -0.1497645    0.0444577
   0.3093971    0.6048039   -0.4552550
  -0.1124509    0.9419395   -0.4141422
  -0.0810499   -0.0130238   -0.1344214
  -0.6599541    0.5882494   -0.1881538
   0.0191641    0.6384228    0.6598616
  -0.0436278    0.1091955    0.0330085
  -0.7476413    0.1778700    0.1843294
   0.3033118   -0.6951742   -0.5916893
   0.0914525   -0.0012736    0.1052614
   0.2079795   -0.5888076    0.5299013
   0.6088613    0.0715177   -0.3038335
   0.0625802   -0.0408167   -0.0568563
  -0.5583296   -0.0691568    0.0631734
  -0.9308950   -0.0665113   -0.5853560
  -0.0155236    0.0502406    0.1830697
   0.1982014   -0.0384339   -0.2633894
  -0.0230932    0.5365483    0.2189294
  -0.0263537   -0.0282160   -0.1242201
  -0.1204680   -0.2920575    0.3731064
  -0.0400977   -0.4090156   -0.2682627
  -0.0751308    0.1458706   -0.0826151
   0.4589671   -0.0690760   -0.1574715
  -0.0208643    0.9848494   -0.0300837
  -0.0663588    0.0346081   -0.1509438
  -0.0531365    0.1505159    0.4675247
   0.1246634   -0.1736110    0.0841347
  -0.0818490    0.1243018    0.0564247
   0.0863777    0.2546865   -0.0561655
  -0.3287601   -0.2139595   -0.3130263
   0.0475843    0.1441357   -0.0495409
  -0.2098332    0.6409155    0.3132218
  -0.0633216    0.6911757   -0.6746852
   0.1114489    0.0608868   -0.1220438
   0.4878331    0.4019508   -0.1455314
  -0.2433085    0.6883832    0.0572516
   0.2184816    0.1544687   -0.2315580
  -0.0446347   -0.2413711    0.1698102
   0.5221289    0.4842587   -0.7990241
   0.0039069   -0.0228735   -0.0932335
  -0.0757998    0.1337356   -0.5668601
   0.0649871    0.0734391    0.5670975
   0.0498891   -0.0618560    0.0566764
  -0.8132830    0.1365403    0.1961187
  -0.2236400    0.1728105   -0.2849764
  -0.0465557    0.1683926    0.0723422
   0.7656301    0.2915058   -0.0168884
   0.0269759    0.7188742   -0.1548232
  -0.1134467   -0.0923422   -0.1756762
  -0.1527424    0.1277457   -0.1654154
  -0.2529467   -0.4826228    0.4797286
  -0.0304100   -0.0194724   -0.0312844
  -0.5099192   -0.3202325    0.0005358
  -0.0215149    0.2409594    0.4353621
  -0.2298036    0.1858206   -0.0220386
  -0.1939058    0.1665866    0.7937531
   0.5827909    0.2134798    0.5762519
  -0.0627191   -0.1450087   -0.1140394
  -0.0955148   -0.7752132   -0.1016538
  -0.1010074   -0.0722058   -0.2448960
   0.0404301   -0.1598892   -0.0584554
   0.1364118    0.4526568    0.4011854
  -0.0896718   -0.3352156   -0.2440917
   0.1102089   -0.0455342    0.0866004
  -0.1174286   -0.7608843   -0.3448880
   0.2181068   -0.5076153    0.0192447
  -0.0335520    0.0623827   -0.1011279
   0.0345000   -0.2159154   -0.5756512
   0.2290349   -0.1564330    0.4374682
  -0.0468164   -0.0423070    0.0060700
   0.5856192   -0.6192600    0.8850856
  -0.1560489    0.2970326   -0.2297729
   0.0551995   -0.0993556   -0.1135732
  -0.1389957    0.8122423    0.2901083
   0.1369656   -0.8687071   -0.9994828
  -0.0720891   -0.0498692   -0.0283744
   0.2284099    0.5416760   -0.2979907
  -0.5564306    0.3618721    0.3897164
   0.0797761    0.1927143   -0.0009863
  -0.6057270    0.1823565   -0.0047850
  -0.5576556   -0.3221486    0.2762030
  -0.0684617    0.1050103   -0.0039840
  -0.1383601    0.3994313    0.7505324
   0.3987949    0.1878056    0.3700647
   0.0403392    0.0193790   -0.0254347
   0.4319226   -0.2636411    0.3630293
   0.3984304    0.5604578   -0.0427723
  -0.0428791   -0.0740438   -0.1370351
   0.4347059   -0.2691404    0.2944750
  -0.8312564    0.1184294    0.5796236
  -0.2567086    0.1692267   -0.0145179
   0.6949163    0.4508269   -0.0173751
   0.3317141    0.7955189    0.7010587
  -0.1292296   -0.1148624    0.0894501
  -0.1123677    0.2076611    0.1417428
   0.2962888   -0.4424404    0.9231487
  -0.0689643   -0.0024712    0.0221309
  -0.6344969    0.2515363    0.2555500
   0.1644840   -0.1739824    0.0104900
   0.0996750    0.0524158   -0.0584744
  -0.1430049   -0.1566721   -0.5096951
   0.3591770    0.3046691   -0.2102651
   0.0234109    0.1744717    0.0910482
  -0.3358352    0.4524540    0.6963632
  -0.0662319   -0.2625050    0.4483800
   0.0341831   -0.0767758   -0.0998721
  -0.9555560   -0.5445608    0.6668386
   0.0592274    0.0342221   -0.3221264
  -0.0190345   -0.1346857   -0.1207943
   0.6116360   -0.3343560    0.1678541
  -0.6352546    0.1002433   -0.8338496
   0.0905182   -0.1035662   -0.1258047
  -0.3427082   -0.3315441    0.4384345
  -0.0754367   -0.2857607    0.0055387
   0.0775091    0.1975516    0.0107173
  -0.5193254    0.3864647   -0.2520874
   0.2807975    0.3248463   -0.0418439
   0.1661343   -0.2213649   -0.0225607
   0.0472193    0.0483430   -0.3823951
  -0.1858605    0.0370084    0.5283312
   0.1076635    0.1815845    0.1314504
   0.4599657   -0.0447047   -0.0123438
   0.3638215    0.4617201   -0.0581044
   0.0372452    0.0630572    0.1006946
  -0.1720089    1.5586417   -0.2982353
   0.0297215   -0.0105132   -0.5985081
   0.1574718    0.0762060   -0.0466714
  -0.1999563   -0.7426873    0.0975304
  -0.2599560   -0.4724145   -0.2807467
  -0.1095928    0.1244362   -0.0557070
   0.2473826   -0.3980687    0.0479070
  -0.3323387   -0.4382541   -0.3167267
   0.0044954    0.1663305    0.1452188
   0.4212892    0.0217105    0.3999283
  -0.0628612   -0.3742147   -0.1184101
  -0.0478692   -0.3491597    0.0971650
  -0.2947851    1.0255344   -0.4378978
   0.1172781   -0.3364944   -0.3566200
   0.2049976    0.0028108   -0.0242254
  -0.8561181    0.0779057    0.4291045
  -0.2621506    0.1200416    0.2755064
   0.1600417    0.1570583   -0.1549333
   0.9047069   -0.7781171   -0.3403350
  -0.5686349   -0.0581682    0.3725927
   0.0375497   -0.1711512    0.1153922
  -0.3576342   -0.1175436    0.1282180
   0.2504870    1.3137448   -0.0402144
  -0.0578416    0.0045190    0.1277269
  -0.2258562    0.0418713   -0.4151492
  -0.0035087    0.3551018   -0.2957596
  -0.0984870    0.0374126    0.0462669
  -0.0986095    0.1246597    0.2441649
  -0.4604624   -0.4019599    0.0998952
   0.0289407   -0.1614952   -0.0172732
   0.6011426    0.0533081   -0.1484977
   0.3810324    0.4242534   -0.9464809
   0.2267029    0.0672470   -0.0433763
  -0.0986116   -0.9065859    0.4837526
   0.1129590   -0.1830483    0.2263194
   0.0433382   -0.0608277   -0.0015882
   0.3331492   -0.8916769    0.5316581
   0.1971590    0.1614475    0.3853805
   0.0868744    0.0059370   -0.0070507
  -0.4205996   -0.5795166    0.3126082
  -0.0310375   -0.2686646   -0.4422904
  -0.1223304   -0.1961292   -0.0433998
  -0.0483656   -0.3026044   -0.3360763
   0.5404434    0.9659726    0.1899408
  -0.0487743   -0.1622648   -0.0073983
   0.5801016    0.1113251   -0.2307784
  -0.0576310   -0.6158533    0.0146772
   0.1293090   -0.2160160   -0.1095604
  -0.0714345    0.0105874    0.9295720
   0.1868679   -0.5030487   -0.1505353
  -0.1353874   -0.2583827    0.1701155
   0.1721932   -0.2983136    0.6280877
  -0.2343524   -0.5003811   -0.4652652
  -0.0803032   -0.0116107    0.0383503
   0.6736447   -0.4306349    0.7149674
   0.2259465    0.5480111    0.4419339
   0.1619049   -0.0544479   -0.0817597
  -0.5286751    0.2592260    0.0285311
   0.1465224    0.2717195    0.3204263
   0.0528304    0.1772238   -0.0950901
   0.2963145    0.1687395   -0.4507459
  -0.0973886   -0.3378745   -0.6877108
   0.3168429   -0.0095035    0.0397035
  -0.3868475    1.0850660    0.1035633
   0.8130863    0.3702620   -0.5118552
  -0.1219326   -0.1760156    0.0600280
   0.6716210   -1.2568156    0.2386101
  -0.0434681    0.2662102   -0.0216011
   0.1532263    0.1503994    0.2353020
  -0.1124971    0.3222556    0.0969620
  -0.3795592   -0.0725652   -0.2072269
   0.1177273    0.2421474   -0.0264619
  -0.8332059    0.1708961    0.2493289
  -0.1221001    0.3276584    0.1448298
  -0.0732747    0.0171617   -0.0131593
  -0.2327972    0.1812704    0.2793367
  -0.7499884    1.0214602    0.0364731
  -0.0404681   -0.0048098   -0.0579385
   0.0036374    0.0232707   -0.1193370
  -1.0654912    0.0797526    0.2187922
   0.0377746   -0.0797992   -0.2594996
   0.1017945   -0.1152726   -0.3448562
  -0.5342152    0.6505667   -0.1206654
   0.0003479   -0.0139817   -0.0682417
   0.2930246   -0.3613572   -0.3382023
   0.1482142   -0.6763976   -0.3907118
   0.1743748   -0.0759596    0.0704059
  -0.4516898    0.4859736   -0.2613929
  -0.8473914   -0.4259593   -0.2966656
  -0.0433360    0.1756099    0.1020220
  -0.2802328   -0.2543586    0.1685436
   0.3002340   -0.2451959   -0.7241560
  -0.0122682   -0.1718884    0.0868277
  -0.1267265   -0.8020998   -0.0582812
  -0.4849966   -0.2122168   -0.3899968
  -0.0202855   -0.1034655    0.2671380
  -0.3966186   -0.0987902   -0.4182997
   0.2851537    0.2115911   -0.6240063
   0.0061843   -0.0212200   -0.0153395
  -0.1836588   -0.2425479   -0.5883385
  -0.3005036    0.2436314    0.7216038
   0.0536156   -0.0414723    0.1910298
  -0.3912113    0.0867248    0.1999902
   0.2117867    0.0105040   -0.0417174
  -0.0856155   -0.2043068   -0.1865313
   0.2007499   -0.6482693    0.2239960
   0.7476699    0.0704838   -0.0122110
  -0.2090538    0.0221840    0.0136143
  -0.5520846   -0.0741196   -0.7059938
  -0.2075817    0.1601366   -0.8106939
   0.1902974    0.0752562   -0.1774580
  -0.0417264   -0.9556453    0.3896776
   0.2766331   -0.2992226    0.7494571
  -0.0036763   -0.0227954   -0.0596637
  -0.3219616    0.0985408    0.1012699
   0.1597319    0.5142788    0.2486488
   0.1160832   -0.0056689    0.2151857
   0.3915675    0.4014733   -0.2351890
  -0.2507046    0.6748381   -0.1010055
  -0.1572174    0.0766520   -0.1196510
  -0.0345959   -0.5891702    0.3796147
   0.1916602   -0.2531337   -0.4737796
   0.1127135    0.0234453   -0.1821448
  -0.1247101   -0.2326915   -0.3468674
   0.1398519   -0.5350096    0.2847646
  -0.0208684    0.1684861   -0.1535213
  -0.2786801    0.0764445   -0.0181758
  -0.0840142    0.1127036    0.5831893
  -0.1149112    0.2017714    0.2571460
  -0.4006648    0.2140187    0.1477503
   0.4479254   -0.0446019   -0.1340041
  -0.0227450    0.0545350    0.1748026
   0.5168888    0.4945669    0.6493019
   0.0116365   -1.1065220   -0.1438117
  -0.0023871   -0.1665240   -0.1362112
  -0.1026280   -0.0197267   -0.0546208
  -0.0944414    0.7349524   -0.2278604
  -0.0744555    0.0286523   -0.0481972
   0.4887932   -0.4468311    0.2788458
   0.7167266   -0.0394457   -0.2404999
  -0.0899912    0.1886733   -0.0902277
  -0.4510386    0.2612763   -0.2375552
  -0.4069034    0.0784852   -0.6204899
  -0.1272048    0.0096175    0.0451435
   0.4641327   -0.4226606    0.9590063
  -0.3690484   -0.2795017   -0.5793622
  -0.2876680   -0.0030560    0.1667282
  -0.2754076   -0.3260352   -0.2176982
  -0.0716374   -0.3907089   -0.8438876
   0.1096397    0.0697335    0.1477129
   0.1489688    0.0017297   -0.3796073
  -0.0136352   -0.1086277    0.0142975
  -0.0262593   -0.0455133    0.1286934
  -0.4222562   -0.3820835    0.5684220
  -0.1887989   -0.2981428    0.6735357
  -0.1058511    0.2227229    0.0489868
  -0.1909208   -1.1395956   -0.2866765
   0.2411137    0.0262899   -0.9705219
  -0.0232137   -0.0013368   -0.0726894
   0.2009517   -0.3272860    0.2396052
   0.9294872    0.7886062   -0.3595164
   0.0442061   -0.1650296   -0.1678351
  -0.2665974   -0.0659293   -0.0633136
  -0.0463545   -0.6528866    0.4523627
   0.0009066    0.0700809    0.0047006
   0.0744003   -0.1777439    0.1790817
  -0.0606469   -0.2067264    0.3550466
  -0.0650373    0.2141095   -0.1917854
   0.9391194   -0.2375651   -0.6128205
  -0.6139145    0.3203301    0.9834897
   0.2168371   -0.0745736    0.0504043
  -0.0540489    0.4353498   -0.1999668
   0.7586648    0.2876771   -0.3170210
   0.1141448   -0.0525806    0.0220509
  -0.1824272   -1.3317875   -0.1886794
  -0.2714917   -0.4445904   -0.3241641
   0.2714269    0.1185978    0.0079346
  -0.2655999    0.6961728   -0.0433547
   0.7105838   -0.5801448   -0.4657835
   0.1955742   -0.0328988   -0.0213644
   0.3748580    0.4981290    0.8037195
   0.0244681    0.9795863   -0.3838361
   0.0202670    0.0548812    0.0446010
   0.4287196    0.3057184    0.4407524
   0.4774225   -0.3907630   -0.2201826
   0.1945259   -0.1638106    0.0650592
  -0.1512008   -0.2461805   -0.4354613
  -0.8754720   -0.1297947   -0.2108523
  -0.0613559    0.1480997   -0.0429274
   0.2624002   -0.1673479   -0.6300479
  -0.0345495   -0.3801701   -0.3442549
  -0.1999090    0.1298493   -0.2623710
   0.3848746    0.2428552    0.3032926
   0.0441150    0.3175102    0.1404977
   0.1038111   -0.0298399   -0.0910712
   0.2350633   -0.5262839    0.7050795
  -0.1651595   -0.5301549   -0.9774206
   0.0590925   -0.0991043    0.0183485
  -0.0202387   -0.3748369   -0.5248857
  -0.5525467    0.8158937    0.4168895
   0.2034511   -0.1806840    0.0195798
  -0.2704809    0.4053760    0.4989175
   0.4844195    0.1600185   -0.3012227
   0.0187479   -0.1060049    0.0031129
  -0.0081149    0.4175689   -0.4970107
   0.3045334    0.4686277   -0.0413021
   0.2568395   -0.0310621   -0.1011293
  -0.6285396    0.3056929   -0.6082761
   0.4124742   -0.0844618   -0.4303874
   0.0798832    0.0059424   -0.1144554
   0.1618016   -0.3523560    0.5424849
  -0.5668097    0.0969066    0.8515304
  -0.0460808   -0.0941638    0.0114170
   0.0607297   -0.1596571    0.0053266
   0.0132613   -0.5594282   -0.3285536
   0.0535688    0.0338737    0.0207230
   0.1437263    0.5318308    0.6516287
  -0.0218181    0.4289342    0.1548650
  -0.0937073    0.0564241   -0.0206520
   0.0534943   -0.2717592    0.5166268
  -1.4627287   -0.1203783   -0.3982499
  -0.0716050   -0.0174709   -0.0936620
  -0.2679047    0.3272338   -0.1331125
   0.1453019   -0.5589016   -0.0937655
  -0.0596363    0.1113356   -0.0520318
   0.3834468   -0.3012121   -0.3106509
   0.3308195    0.2819139   -0.0884514
   0.0460484   -0.0166616    0.0035008
  -0.3522127   -0.0031880    0.1731597
   0.3868448    0.5682603   -0.7378560
   0.1781079    0.0002442   -0.1314009
   0.2766756   -0.8508701   -0.1588840
   0.0791438   -0.1290989    0.3708924
  -0.1187977   -0.0285901    0.0613240
  -0.4531412    0.3857488   -0.3006616
  -0.1871695    0.4147756    0.4031553
  -0.0366992   -0.2630872   -0.0148922
   0.3093896    0.2867692   -0.6365800
   0.0830149   -0.3294548   -0.6030614
  -0.1219810   -0.1004911   -0.1156901
  -0.7855355   -0.8544521   -0.2399371
  -0.2043688    0.0902229   -0.0822358
  -0.0097933   -0.0966710   -0.0871003
   0.2062279    0.1067911   -0.1452498
  -0.1175197    0.2091973   -0.2237885
   0.0076264    0.0894296   -0.0000749
  -0.4322538    0.1195366    0.3868533
  -0.1359521    0.0940810    0.2882217
  -0.1435099   -0.0059617    0.0117572
  -0.8414103    0.5800286    0.4522804
  -0.0683358   -0.2957415    0.2435948
   0.1768209   -0.0629479    0.0078266
  -0.4459253    0.2691106    0.2230638
   0.0793744    0.9798735   -0.4140570
   0.2561773    0.1069642   -0.0980892
   0.0152000    0.4029379   -0.6153547
  -0.6407773   -0.2699457    0.4344662
   0.1577101    0.1493385    0.0650819
  -0.2115678   -0.4394259   -0.5689374
   0.3044103   -0.3689951   -0.0305256
  -0.0537171   -0.0359827    0.0142754
   0.1162706   -0.4578734   -0.2802175
  -0.4020149    0.1095525   -0.1163340
  -0.0534659    0.0541107    0.0583215
  -0.3537724   -0.6352805   -0.5818743
  -0.2939535    0.3680215   -0.6405290
   0.1430719   -0.0085548    0.1125422
   0.4298178    0.5372579    0.3757529
   0.0687368   -0.1033546   -0.1548785
  -0.1420894   -0.0223020   -0.0214813
  -0.4549609    0.1058774    0.0064561
   0.1293456   -0.1419176    0.0938693
   0.0380409    0.1843087   -0.1734825
  -0.5242743   -0.3992931   -0.1733563
   0.0284858    0.1783272   -0.6461937
  -0.0398455   -0.1032495   -0.0872737
   0.3850148    0.1302911   -0.8840579
   0.4726355    0.0380198   -0.4298706
  -0.1000607   -0.1187995    0.0378116
  -0.2339210    0.1872173    0.0801088
   0.2536739    0.0171850    0.1006750
   0.0664310    0.0937354    0.1086740
  -0.6124049   -0.4259740    0.2644013
   0.5309116    0.8342296    0.4373247
  -0.0922275    0.0525251    0.0369919
  -0.7235327    0.8614339    0.2216425
   0.1781900    0.8204088    0.1662643
   0.0623516   -0.0042719    0.1004812
   0.1612609   -0.1675535   -0.2430865
   0.2096854    0.3362934   -0.0138994
  -0.0580897    0.0046414   -0.1192262
  -0.6932316    0.7040630   -0.6154731
   0.1564101    0.0161205    0.4776977
   0.2094879    0.1733648   -0.0038936
   0.0647519   -0.0212490   -0.0788862
   0.4436142    0.4567689   -0.5588325
   0.0911586   -0.0100714   -0.0623318
   0.1635182    0.1149343   -0.8625508
  -0.3352042   -0.4839616   -0.4873562
  -0.1754962    0.1239528    0.0040644
  -0.1680624   -0.2833465   -0.5045728
   0.3064993    0.3191798   -0.0812985
   0.2079272   -0.1269322   -0.0861488
  -0.3890006   -0.8420159    0.2419373
   0.2663739    0.5470420   -0.1859378
  -0.0399115   -0.0741186   -0.0972109
   0.0073505    0.2271090    0.5970659
   0.6944626    0.3704144    0.6076667
   0.1796515   -0.2782695    0.1228239
   1.1346508    0.3885843   -0.2125789
  -0.1927754   -0.1041871   -0.2238780
  -0.1475791    0.0668155   -0.1520993
  -0.6309287    0.4002308   -0.2011799
   0.6084269    0.0463886    0.1207894
   0.0388571   -0.0357501   -0.1462026
  -0.1992556    0.1016919   -0.5991831
   0.0167453   -0.1848775   -0.8612548
  -0.0315326    0.0533591   -0.1238509
  -0.5377598    0.8985747    0.0663516
  -0.7161933   -0.0289184   -0.7701307
   0.0086879   -0.0702674    0.0963812
   0.1064892    0.4360701   -0.0558723
   0.0358385   -0.1746895   -0.6204814
   0.1275048   -0.3024884   -0.0358301
   0.3546314   -0.7985305   -0.2020596
   0.3327715    0.0059265    0.2708477
  -0.0622666    0.2338904    0.1757663
   0.6747915   -0.7871870   -0.0094304
  -0.0483504   -0.4906001   -0.8336886
   0.1828868   -0.0515680   -0.0400300
   0.1556983   -0.0586140   -0.4654768
  -1.1973635   -0.8270167    0.2649054
   0.1523902   -0.0129395    0.1291272
  -0.2646644   -0.4395279    0.2638325
  -0.4603676    0.3075581    0.5906148
   0.0949147    0.0328867    0.0920106
   0.6049285    0.2208579    0.4117981
   0.1590322   -0.5227977   -0.2228133
   0.0111958    0.0570524    0.2420780
  -0.2609364   -0.6984616   -0.4733446
  -0.1151715   -0.0900784   -0.1703697
   0.2028926   -0.0638270    0.0276639
   0.0276621   -0.0683275   -0.3539179
  -0.2417052   -0.4643288   -0.3610436
  -0.1433646   -0.0194642    0.1053776
  -0.6252418    0.0754675    0.5817268
   0.1496971    0.4814312    0.2454106
   0.2248788    0.0185497   -0.0360207
  -0.1981827   -0.2695872   -0.1049362
  -0.5015181    0.2755066    0.7878219
   0.0544094   -0.0811454   -0.0674383
   0.0359875    0.4319924   -0.0478827
   0.1969606    0.4876926    0.5315557
  -0.1536618    0.1326899    0.1243244
   0.4230413    0.2917557    0.5158230
  -0.1346637   -0.8384757   -0.7708676
  -0.0772765    0.0710931   -0.1120474
   0.1021178   -0.2251776    0.5216063
  -0.3676516    0.3815316    0.5737085
  -0.0141809   -0.0189851    0.0816205
   1.0772851   -0.6045778    0.3114588
   0.2113435    0.1289781   -0.0808253
   0.0254531   -0.0378785   -0.0047293
  -0.2507062    0.4224945   -0.2366939
   0.3916921   -0.5934869   -0.6007608
  -0.0396982    0.1116667   -0.2208994
  -0.2791795   -0.7656204   -0.6164195
   0.4675106   -0.0616603   -0.1754097
   0.0575840   -0.0797262    0.0154539
  -0.1089846   -0.1170027    0.9457672
   1.1644411   -0.2962989    0.4371711
  -0.1363522    0.1146661    0.0427574
   0.3058477   -0.3557743    0.2436562
  -1.2734470   -0.5644500    0.6901858
  -0.2222569   -0.0620679    0.0374979
  -0.9040125    0.2676015    0.1039762
  -0.5654970   -0.6908692   -0.0770309
   0.1346876   -0.2995843   -0.2295018
  -0.4070395   -0.4130359   -0.2296897
   0.1579169    0.0897676   -0.3265504
  -0.0799733    0.0945261    0.0974782
  -0.3261909    0.3209627   -0.6365349
   0.4981983   -0.3539805    0.3735448
   0.0262673    0.0509585    0.0958623
   0.9348277   -0.2305690    0.7217641
  -0.3310760   -0.3052151   -0.9228554
   0.1093319   -0.0313989    0.2157602
   0.0453089    0.7004045   -0.2519854
  -0.2903992    0.2209827    0.7549841
   0.0005336    0.2114402   -0.0182014
  -0.2320222   -0.1667051    0.0805890
   0.2742569    1.1097319   -0.4013355
   0.0585560    0.1325484    0.0767138
   0.5707149    0.3368575    0.7577568
  -0.0294851    0.8621674   -0.0475029
   0.0808297   -0.0987471    0.1028164
   0.3982181    0.5419304    0.1039100
   0.9951543   -0.2050588   -0.3051572
  -0.0505322   -0.0338698   -0.2000648
   0.0794556   -0.0394055   -0.1941726
   0.3004287   -0.3372523   -0.0618158
   0.1020363   -0.1357486    0.1153069
  -0.6268154   -0.3551264    0.3834893
  -0.0367927   -0.4821440   -0.3240889
   0.0182634   -0.1902875    0.0115561
  -0.8262866    0.0257795   -0.0153911
   0.0834754    0.4571815   -0.6225374
   0.0454288   -0.1719259   -0.0063952
  -0.6125796    0.1403270   -0.5817635
  -0.2569911   -0.2126901   -0.5128364
  -0.0095909   -0.1909830    0.1466121
  -0.7709685   -0.1360993   -0.6750463
   0.1867614    0.3904735    0.1972602
  -0.0234210   -0.1599171   -0.0613919
   0.3263543    1.1846635    0.7016501
   0.3364868    0.7311610   -0.1293577
   0.0219587    0.1368591   -0.1211923
  -0.0091195   -0.4754837    0.0447598
  -0.4312523   -0.0998465    0.0144468
   0.1149389   -0.1541739    0.0442208
  -0.4281867    0.0989937   -0.2124397
  -0.2524584   -0.3542524    0.2066139
   0.0649931   -0.0427357   -0.0069104
  -0.1578178   -0.2894545    0.5793013
   0.1047380    1.0408871   -0.2064046
   0.1109736    0.0944265    0.0649229
  -1.3286632   -0.2707410   -0.7351467
  -0.1795460   -0.6864263    0.1546249
  -0.1030615    0.0781166   -0.1086508
   0.1783877   -1.0577661   -0.7346401
  -0.8457321    0.2034774   -0.7284131
   0.2222129    0.1951732   -0.0042775
  -0.2669564   -0.1762117    1.2463237
  -0.4076717   -0.2600202   -0.1439816
   0.0373852    0.0378385   -0.0435649
   0.0509522    0.4596079    0.6344352
   0.2223209   -0.6625726   -0.0407630
   0.1164160    0.1478297    0.0312108
   0.4931376   -0.7006531    0.4102706
  -0.4530889   -0.3128488    0.5032975
   0.0328431   -0.0125465   -0.0725457
   0.0749851    0.0182667   -0.4655435
  -0.0366871   -0.4016144    0.0139536
  -0.1739428   -0.1173406    0.2906567
  -0.6144788    0.4438810   -0.6165127
   0.2319177    0.4045033    1.0466899
   0.1596360    0.1583936    0.0296993
  -0.3194842   -0.0317388   -0.5370159
  -0.2582919    0.3299642   -0.3849355
  -0.0464071   -0.2194973   -0.0487049
  -0.0721649    0.0879154    0.5798292
  -0.2016463    0.5006872    0.1796603
   0.0302428    0.0387908    0.0154958
  -1.0006561   -0.2110808   -0.4350784
  -0.8528299   -0.5395525    0.5576919
  -0.0143119   -0.0017111    0.0669867
   0.6542240    0.2578826    0.0122556
   0.5802071   -0.2166076    0.3153658
  -0.0540998   -0.0655463   -0.0964075
  -0.2584595   -0.1621404    0.7049184
  -0.2368659   -0.1492358   -0.0760687
  -0.0098355   -0.1108222   -0.1312285
   0.8110164    0.3001816    0.3519564
  -0.2561390   -0.5459346   -0.3507611
  -0.0247917   -0.1615645    0.0374142
  -0.2492401   -0.0410803    0.0362484
   0.8431041   -0.6543788    0.4565119
   0.0601169   -0.0010181    0.1052427
   0.1067959    0.3121979   -0.0742596
   0.1690371   -0.0889591    0.4878373
   0.0835540   -0.0744911   -0.0348865
   0.0178999    0.5454727   -0.1039746
  -0.2309416   -0.9881794   -0.1318561
   0.0358721   -0.1027161   -0.1708622
  -0.2030534   -0.0277491    0.1003143
   0.2789252   -1.0089686   -0.2172140
   0.0529331    0.0593675   -0.0378911
   0.1470533    0.1275894   -0.5926216
  -1.0050062    0.1790359   -0.0945291
  -0.0123897   -0.0211722    0.0449393
   0.4778540    0.0537183   -0.6329502
   0.9375421   -0.3799672    0.3206525
  -0.1004590   -0.1410069   -0.0758324
   0.6341624    0.1796239    1.0233614
  -0.4770977    0.7972226    0.0437288
   0.1942177   -0.2177597    0.0396961
  -0.3513281    0.0884054   -0.5368772
  -0.3787543   -0.4280753   -0.6489975
   0.2295281   -0.0332808    0.1626203
  -0.1869572   -0.0581658    0.1420300
  -0.4458245    0.0258792   -0.3091118
  -0.0753049    0.1179305   -0.0381235
   0.2360133   -0.3182971    0.3274629
  -0.7675304    0.5799504    0.7471280
  -0.0702493   -0.0559614   -0.1329877
   0.2484910    0.3909098   -0.2780900
   0.1295604    0.3649530    0.1704803
   0.0638163    0.1018763    0.1110421
   0.3281232    0.0337782   -0.0109050
   0.0603117   -0.3480192    0.4215452
   0.0981385   -0.0338792    0.0692459
  -0.1072848   -0.8818956   -0.4704169
   0.1331263    0.1223501    0.8156892
  -0.1424557    0.1219728   -0.0072737
   0.0917720   -0.5275210   -0.2971555
  -0.0174772    0.7614433    0.0606384
   0.0482249    0.0037536   -0.1574635
   0.4353464    0.3017097    0.2890240
   0.2063024   -0.0200335    0.5986734
   0.1404168   -0.1140027    0.1019175
  -0.1547148   -0.4844611   -0.4103740
  -1.4517256    0.3064911    0.0875847
   0.1265899   -0.0255677   -0.0955494
   0.0303098   -0.5262181    0.4608602
   0.0782794   -0.4876848   -0.0089206
   0.0641971   -0.1247161   -0.0292343
   0.0842175   -0.0534475    0.1394954
   0.6209663    0.1193997   -0.0345570
   0.1003510   -0.1518773    0.0529297
  -0.4200532   -0.2175326   -0.1939676
   0.4636202    0.4118543   -0.0263691
  -0.0801325    0.1946805   -0.0352277
   0.7588241   -0.5169168    0.1157465
   0.3581624   -0.0116957    0.1463322
  -0.1175161    0.0930673    0.1088367
   0.6480514   -0.5052092   -0.3139702
  -0.1715704   -0.3496682    0.0661685
   0.0264875    0.0363719   -0.1037173
  -0.7280146   -0.3360278   -0.2450705
  -0.0093438    0.6671057    0.3784252
  -0.0313087   -0.0141913   -0.1595385
   0.0298393   -0.2885803   -0.3906084
  -0.8658925   -0.8408155    0.4292934
   0.0301017    0.2931896   -0.0723230
   0.4815890   -0.0352925   -0.1109681
   0.2177209    0.2335766    0.9170793
  -0.0503149   -0.1555074   -0.0249031
   0.3389045   -0.3813577   -0.2907292
   0.2402290    0.0878496   -0.7929940
   0.2399245    0.1225534    0.0083069
  -0.1431703    0.5636753    0.1785650
   0.6632010   -0.1424647   -0.0314586
   0.1100776   -0.1532240   -0.0765425
   1.0670552    0.9023934   -0.8362981
  -0.0442595   -0.2857157    0.3333953
  -0.1000416   -0.1733204    0.1403382
  -0.1737807   -0.7431516    0.1798348
  -0.3115172   -0.0826612   -0.4804603
   0.0035468   -0.0936630   -0.0609904
  -0.4198374   -0.3605326    0.2728957
  -0.3175453   -0.6090411   -0.4437768
  -0.0175718   -0.1591229    0.1244193
   0.0807659   -0.4871581   -0.3099916
   0.5652669    0.2909272   -0.1834067
  -0.0477003   -0.0654580    0.2272017
   0.3044692   -0.0805891    0.0235378
  -0.2162047    0.3495962   -0.6576197
  -0.2001346    0.2048620    0.0271200
   1.3203177    0.1121644   -0.6572301
  -0.8212174   -0.2273536    0.1161648
   0.0703717   -0.0337374   -0.2083096
   0.3008943    0.4629990    0.1494036
   0.0892394    0.4623615    0.0562515
  -0.0611277   -0.0836776    0.0507750
   0.1995622    0.3455114   -0.1607699
   0.7060062    0.3001553   -0.2386312
   0.0038311   -0.0080768   -0.0955612
   0.4402370    1.1142362    0.5795511
  -0.2331889   -0.6997926   -1.1374167
   0.0707481   -0.0263694    0.0858765
   0.3470177    0.4462499    0.2254362
   0.1709115    0.0080831   -0.0850966
   0.0464719    0.0075479   -0.0763681
   0.0881905   -0.2687452   -0.0050058
  -0.3381189   -0.2150476    0.0030555
  -0.2254949   -0.0151654   -0.2242811
  -0.1383528    0.2805730    0.1251010
   0.1874073    0.8969173    0.3325537
   0.1860986   -0.0210920   -0.1060232
  -0.1958377    0.8495824    0.3161559
  -0.4252655    0.5784999   -0.4544536
   0.0229163    0.0416973    0.0437884
   0.0427549   -0.4061498    0.0170967
   0.3128184   -0.3202979   -0.8134846
   0.1414566    0.0206321    0.0589234
   0.1384213    0.0343234    0.2782346
   0.1689260    0.3118147    0.0413038
   0.0418034    0.0421584    0.0430984
   0.1363171    0.6678694    0.2400648
  -0.4140081    0.0108074    0.0744367
   0.1606986   -0.1749875    0.0396336
  -0.4309251    0.3653750    0.5340539
  -0.2547509    0.0789248    0.1660877
  -0.0006607    0.0076639   -0.0767853
  -0.2696750    0.1720927   -0.5534361
  -0.1346196    0.2580022   -0.0403480
   0.1510280    0.1193636   -0.1758316
  -0.1446325   -0.3986083    0.6712966
   0.5297886    0.1527469   -0.8911591
   0.0799094    0.0022178   -0.1324542
  -0.1479205    0.1041147    0.1523814
   0.7237675    0.4573079   -0.2386084
   0.1009527   -0.2951989    0.0129420
   0.1593094   -0.1469052    0.3870372
   0.7522303    0.4788873    0.0763778
   0.2267299   -0.0506477   -0.2295969
   0.3975443    0.2205448    0.2691244
   0.0981489    0.3499759   -0.2582541
   0.0878613    0.0132217    0.1005081
   0.2801146    0.3851744   -0.5548202
   0.1143345    0.1554905    0.0718458
  -0.1522627   -0.1165180    0.0197629
   0.3264036   -0.4703178   -0.6381180
  -0.1558404   -0.1543568    0.1985203
   0.0494370    0.1506385   -0.2023122
   0.6768594   -0.3014461    0.3640917
   0.8593870    0.1211523    0.3681878
   0.1721606    0.1644605    0.1791544
   0.0735754   -0.6088713    0.0233890
   0.3040150   -0.0346187    0.9172435
   0.0757035   -0.0177663    0.0083443
   0.3522581    0.9151060   -0.1566372
  -0.3237820   -0.7311062    0.3440231
  -0.1433947   -0.0357090    0.1403074
   0.3876949   -1.0036567    0.7376089
  -0.2927195   -0.0193729    0.0509952
  -0.1062261   -0.0530143   -0.0946931
   0.4177739    0.2792321   -0.0538539
  -0.4382293    0.6928378    0.5780988
  -0.1618719   -0.0887318   -0.0328706
   0.1207446    0.2103195   -0.3309941
   0.0799941    0.4198890    0.3180406
  -0.0960639   -0.0663976    0.1536141
   0.1205494   -0.3537963    0.1539763
  -0.1707687   -0.2919388   -0.8104809
  -0.1667339    0.0450806    0.0231779
  -0.0544329    0.3899697    0.3294004
   0.2783954    0.3341254    0.3673160
  -0.1282644   -0.0859510   -0.0542100
  -0.5692849   -0.1382685   -0.3612756
  -0.0581935    0.0447522   -0.3262984
   0.1307435    0.0548257   -0.0058839
   1.0828152    0.6877766   -0.7795346
  -1.7432896    0.0009953   -0.5264778
   0.0545326    0.0295217   -0.0939894
  -0.0880147    0.9034932    0.4605893
  -0.6578296    0.3679498    0.4551734
   0.0594387   -0.0476724   -0.0400605
   0.5727997   -0.1070885    0.6647819
   0.1136221    0.2701485   -0.4667379
  -0.0338103    0.0544313   -0.1572817
  -0.0700099    0.2282624    0.0950101
   0.3923278   -0.1609904    0.3083315
  -0.1407636    0.0523396   -0.1367278
  -0.2785695   -0.0824507    0.4148949
  -0.5857927   -0.5090353   -0.1464386
   0.1065681    0.0050245    0.0258758
   0.4480817    0.4315271    0.6874698
   0.5317689    0.5977033   -0.3527692
   0.0269369    0.0402282    0.0455422
   0.4854342   -0.0138491   -0.5687889
   0.6898046    0.1480267    0.7682344
  -0.0384271    0.0777474    0.0877784
  -0.3392695   -0.2258612   -0.3013859
  -0.9914722    0.1728789   -0.5475311
   0.0765278    0.1301639   -0.0314825
   0.0416217   -0.3617799   -0.6330931
   0.8403556   -0.1091577   -0.2330969
  -0.0133671    0.0204771    0.1860545
  -1.0816041   -0.3367021    0.3105857
  -0.1425468   -0.4449131    0.0676128
   0.0150381    0.0595411    0.1218306
  -0.2973742   -0.9144866    0.0484283
   0.0483672    0.0523941   -0.1513468
   0.0276309   -0.0933282   -0.0861575
  -0.3294477   -0.0896562    0.0092226
   1.1797329   -0.1180383    0.1958723
   0.0379536   -0.1612104   -0.1612460
  -0.1064080   -0.0992014    0.9214637
  -0.2354651   -0.5670810   -0.3356483
  -0.1198938   -0.2005936   -0.0035675
  -0.6473655    0.6279567    0.8375125
  -1.2091167   -0.5659902    0.0328153
  -0.1455681   -0.0878141    0.0416194
   0.2116258   -0.9731721   -0.6555023
  -0.5070174   -0.1296496    0.1316471
  -0.1265931    0.0544429   -0.0443671
   0.5234590    0.1763418    0.3912606
  -0.2487836    0.1150592    0.3058685
  -0.0924781   -0.0633188    0.1467788
  -0.9532596   -0.2832479    0.1650649
   0.2219824    0.0438618    1.3961022
  -0.0067564    0.1297827   -0.0812652
  -0.7439473    0.4243305    1.2166823
  -0.3180880    0.0597150    0.2077410
  -0.0370501    0.0084844   -0.2006203
  -0.5640300    0.2346668    0.2049743
   0.1806237    0.1321253    0.3217070
   0.0731122    0.0443021    0.0375407
   0.9892514   -0.5110999    0.7011995
  -0.3194028    0.3694693    0.3478090
  -0.0854026    0.1601566   -0.1548391
  -0.3062960    0.1966491   -0.2635991
   0.5763593   -0.2893304    0.9973577
  -0.0801218    0.0752383   -0.0533748
   0.2131607   -0.4021299    0.1502311
   0.6433216   -0.0793817   -0.1132670
  -0.0285281    0.0149729   -0.2403026
   0.3142315   -0.6418762    1.4129429
   0.0965327   -0.1883025    1.3767542
  -0.0387906    0.0002082    0.1385500
  -0.1865721   -0.5341537    0.5204586
  -0.6521078    0.4195546   -0.8261577
  -0.1476628    0.2744680   -0.0588384
  -0.2862028   -0.0621327   -0.1787810
   0.1197197   -0.1410548    0.4726134
  -0.0098803   -0.1730676    0.0456572
   0.1054166    0.2133453    0.1568305
  -0.5831249    0.0863889   -0.2040704
  -0.1523947   -0.0050868   -0.1136322
   0.6610641   -0.1218297    1.0176136
   0.1525229   -0.0066077    0.0727008
   0.2202043   -0.0106884   -0.0124431
   0.1273302    0.5663465   -0.5293575
   0.1390650    0.0962706    0.1576171
   0.1344259   -0.0260611   -0.2299927
  -0.5460910    0.8413378    0.1189007
  -0.3643302   -0.1641776   -0.1035625
  -0.0844857   -0.1414102    0.0628700
  -0.6082785    0.1034081   -0.2967544
  -0.4653009   -0.0532979    0.8744837
   0.0760676   -0.0795657   -0.0781863
   0.3058453    0.4084176    0.8297749
   0.3005103    0.8858551    0.2533601
  -0.0899128   -0.0170106   -0.0154835
  -0.1682227    0.1602614   -0.0047748
   0.8543549   -0.0342049   -0.7712259
  -0.0256328    0.0074971   -0.0231305
  -0.4618876    0.5199409    0.1697379
  -0.1466732    0.2800591   -0.2965778
   0.0990319    0.1437854   -0.0309035
  -0.5797431    0.4464609   -0.1154676
   0.0044484   -0.0332044   -0.2031320
  -0.1703066    0.1410141   -0.0779746
   0.1923704   -0.7119194    0.3177137
   0.1252498    0.5830179    0.2969461
   0.0523630   -0.0973396   -0.0216953
   0.1038545    0.4110168    0.1027061
   0.6521615    0.1790949   -0.3708054
  -0.0517620   -0.0961518   -0.1621595
  -0.4608012    0.2857538   -0.0748349
  -0.3682221    0.2499350   -0.5381337
   0.0702337    0.1042443    0.1244424
   0.4279208   -0.1239348    0.3670094
  -0.0868336    0.0332800    0.1289541
  -0.0363367   -0.0313043   -0.0303421
   0.1611409   -0.2045482    0.3919638
  -0.2313813    0.0015928    0.0864208
   0.0376575   -0.0791143   -0.0923065
  -0.4203467   -0.1922641    0.3846340
  -0.2024139   -0.3684062   -0.0774213
  -0.0534065   -0.0927056    0.1833630
   0.4696554    0.2151313    0.1220545
   0.3999700    0.2735995   -0.7838008
  -0.0516900    0.0425924    0.2561061
   0.6950715   -0.7000993   -0.6078831
   0.3526418   -0.3941549    0.0788735
   0.0608653    0.2531695   -0.1802668
   0.4373437    0.6375143    0.4683773
   0.3338465   -0.2981137   -0.0759082
   0.0555569   -0.0668064   -0.1163699
   0.2823831   -0.3530879    0.1947641
  -0.8030307    0.4475177    0.1502836
  -0.0448474   -0.0846188   -0.0301003
  -0.3333277    0.0759439   -0.5542833
  -0.0443260    0.7121252   -0.0584012
  -0.1239530   -0.0211171   -0.0638112
   0.2925106    0.3202074    0.1862193
  -0.2864926   -0.3316973    0.5087029
  -0.0539502   -0.0931569    0.1549884
  -0.5499627   -0.2474071    0.0878041
  -0.2320473    0.1617468    0.2693443
  -0.0712968   -0.0079789   -0.0217205
  -0.3052193    0.0497523   -0.2122891
   0.0813741   -0.5176095    0.0205264
  -0.0256042   -0.1890628    0.1022371
  -0.4723442    0.5501186    0.7456276
   0.0983395    0.0758583    0.2836486
  -0.1276836    0.2649103   -0.1205187
  -0.0694541    0.7741785   -0.1649588
   0.2096339    0.2514625   -0.5906597
  -0.0736395    0.1522224    0.1159994
   0.5606438   -0.2564726   -0.6259693
  -0.2892024    0.1214895    0.0596931
   0.0330796   -0.0464322    0.1558306
  -0.9373921    0.2926759    0.8106054
   0.1684355   -0.0459860   -0.6425157
  -0.0341088   -0.0485227    0.0585536
   0.1855234    0.4853097    0.5787756
  -0.4472435    0.2332838   -0.6018226
  -0.2199437   -0.1444897    0.0050893
   0.2464587    0.2590593   -0.2781173
   0.0699619    0.2605746    0.3586977
  -0.1451568    0.1660750    0.1223321
  -0.0229321    0.5011092    0.3190622
  -0.1941949   -0.4298783    0.1526976
   0.2328819   -0.0309300    0.1972720
  -0.3235689   -0.8961730   -0.7681257
   0.8280173   -0.7167165   -0.0018437
  -0.1361875    0.0875142   -0.0705809
   0.2509287   -0.2801119    0.1985465
   0.0361291   -0.9888306   -0.2089766
  -0.0615738    0.0806029    0.0137018
   1.6258757   -0.6550804    0.8561566
   0.2616186    0.0872854    0.3041532
   0.0520627   -0.1564931    0.2578332
   0.4927265    0.0235818    0.6791717
   0.3191738    0.1666790    0.3462896
   0.1288748    0.2065836    0.1925777
  -0.3731801   -0.1861886    0.0148432
   0.9725806    0.3660982   -0.4213548
   0.0409343    0.0664805   -0.0445180
  -0.7410796    0.0288919   -1.0176994
   0.7530406    0.1899629   -0.3508637
  -0.1105807   -0.1135219   -0.0475411
   0.1256542    0.7825697   -0.4559200
  -0.7822792    0.6610129    0.7653667
   0.0038223    0.0323239    0.0038848
  -0.4098471    0.3317941   -0.2776443
   0.6042123   -0.8326585    0.4128720
   0.0456104    0.0441675   -0.0935873
  -0.0393994   -0.2599180   -0.0846454
   0.4888940   -0.2292091   -0.2851639
  -0.0576636   -0.0464091   -0.0939692
  -0.1306993    0.6878788    0.4188283
   0.3197542    0.1221426   -0.0312342
  -0.0571685   -0.0798955   -0.1052088
   1.0818264   -0.1684141    0.2669950
  -0.7997700    0.4061288    0.2471409
  -0.2084412    0.2550924   -0.0685478
   0.5277711   -0.2803954    0.0912327
  -0.3365235    0.4173888   -0.6772336
   0.0863396   -0.2889048    0.0830649
   0.1890925   -0.3782277   -0.8029756
  -0.1267031   -0.6588274    0.3154247
  -0.0659687    0.0259654    0.1514511
  -0.0512192   -0.1648092   -1.0028560
   0.8804809   -0.0219282   -0.3032240
   0.0597642    0.1693248   -0.0527073
  -0.0244128   -0.2666036   -0.0854714
  -0.3972834    0.0907264    0.3744330
  -0.0866989    0.1249372   -0.0454418
   0.5728313   -0.4968151    0.4125264
   0.2781098   -0.4569187    0.1514001
   0.0947385   -0.1879414    0.0583982
  -0.0638694    0.1353333   -0.2782117
   0.1928841    0.4323990    0.1063543
  -0.1127696   -0.2283110   -0.1146604
   0.0478236   -0.8390918   -0.2744337
  -0.5316955    0.4687250   -0.2344873
   0.0563890   -0.0783523   -0.0863440
   0.2789200   -0.1891798   -0.2656784
  -0.2457785   -0.6541604    0.3110178
   0.2976172    0.0228198   -0.0967604
  -0.7306891    1.1026394   -0.2964553
   0.7188123    0.3752500   -0.4332096
  -0.0246241    0.0293096   -0.1966132
   0.2917799    0.6444578    1.1558034
   0.4631739    0.6358922    0.4291083
  -0.0367744   -0.0606020    0.1650284
  -0.4122617    0.6811118    0.3611095
  -0.3734722    0.1424513   -0.9109151
  -0.0335206    0.0951772   -0.1700792
  -0.4539759    0.1606980    0.0396324
   0.5526322    0.0809719    0.2485709
  -0.1457897    0.0132805    0.0178553
   0.3968996   -0.0458575   -0.0056383
   0.4235440    0.0650718   -0.2280028
  -0.1657938   -0.0020669   -0.0565825
  -0.2464482   -0.8453193    0.4044650
  -0.0968935    0.2298212   -1.3434272
  -0.1454269    0.1059966    0.2199965
   0.2469146    0.2763268   -0.6986479
  -0.1386706   -0.0457111    0.0069167
   0.1352503    0.1259136    0.1920986
   0.1022743   -0.8910547    0.3822767
   0.0440068    0.4801907    0.5389267
   0.0758178    0.1060145   -0.0114396
  -0.0865093    0.4249820   -0.2664565
   0.7088809   -0.2453670    0.0788169
   0.1104294   -0.0445482   -0.0025805
  -0.3199328    0.0514291   -0.2248177
  -0.2990535    0.6514961    0.7481147
   0.0584484   -0.1781585    0.1773416
   0.0715538    0.3116680    0.0413066
  -0.5622969    0.2034056    0.0485287
   0.0511077   -0.0845019    0.1054891
  -0.5341685    0.0667989   -0.3123364
  -0.2302855    0.1822812    0.3661827
  -0.0233136    0.1340570   -0.0733745
  -0.2857046    0.3530115    0.6353196
   1.0520502   -0.0743703   -0.3521754
  -0.1617874   -0.0772023   -0.0339430
   0.0030512   -0.3749005   -0.0673883
  -0.3857375    0.2864372   -0.6170669
   0.1040999    0.0970532   -0.0857073
   0.4147629   -0.1140870    0.3526516
  -0.3995244    0.0125489    0.1449924
  -0.0513755   -0.1668397   -0.0764960
  -0.3361874   -0.5090688   -0.4565736
  -0.2554488   -0.1264119    0.8655250
   0.0307031    0.0478041    0.0089954
  -0.0003129    0.2659468    0.0979361
   0.5491667    0.3375598   -0.1823685
  -0.2099897   -0.0534630   -0.0396410
   0.7603627   -0.2487861   -0.3098900
  -0.2974129    0.2568125   -1.0944586
  -0.0616950   -0.0367087    0.0346812
  -0.5862388    0.0461049   -0.1035506
   0.3006499   -0.4059521    0.2114449
   0.1746521   -0.0749826    0.0816249
   0.4551115    0.2742822    0.7456011
  -0.1581566    0.3949377    0.2198445
  -0.1310545   -0.0174189    0.1159429
   0.0379098   -0.2504164    0.2280077
   0.1512632    0.6860721   -0.4063199
  -0.0397329   -0.0863440    0.1166973
   0.0157223    0.2963380   -0.4113791
   0.0873193    0.6326419   -0.1479131
   0.2227779   -0.0521242    0.1545881
   0.2704650   -0.3572381   -0.2752105
   0.4192266    0.1661578    0.4059442
   0.1566255    0.0502583    0.1295632
  -0.2802102   -0.4742383   -0.1120008
   0.3548299   -0.4634078   -1.1012775
   0.1574862   -0.0486908    0.1607535
   0.3536485    0.2259122    0.6123361
   0.6461999   -0.2286071    0.4472738
   0.0604461   -0.0499878    0.0414606
  -0.3097055   -0.1787323    0.4010007
  -0.3104481    0.7684608   -0.2364342
   0.0451314    0.0113096    0.0012459
  -0.0968126   -1.3691180   -0.8162028
  -0.0589177    0.0221298   -0.8258629
  -0.0814019   -0.0521063   -0.0812964
   0.5134436    0.3816828   -0.2983901
   0.2098733    0.0205986    0.3385649
   0.0633688    0.0190792    0.1224906
  -0.5204229    0.8302833    0.1120115
  -0.4573052   -0.6090637    0.3812669
   0.0210685   -0.0354205    0.0485734
   0.1643450   -0.1904560   -0.3097522
   0.9501063   -0.9157503    0.5639969
  -0.0372838    0.1272724    0.0723317
   0.2583500    0.3439719    0.0849949
   0.4470718   -0.1762322   -0.3453079
  -0.0185111   -0.0906202   -0.0680352
   0.3065368    0.4325407    0.2065105
   0.3994437    0.6542081    0.0964367
   0.0405716   -0.1179655   -0.0807716
   0.2902162    0.4249691   -0.8272822
   0.2288356    0.5573681   -0.5650829
  -0.0005796    0.0624918    0.0055052
  -0.0722298    0.8833104    0.0856596
  -0.0766873   -0.3491864   -0.4184655
  -0.0528971    0.0458241   -0.1783164
   0.6808050   -0.3632532    0.3080958
   0.4462357    0.2020269   -0.4571688
   0.0964617    0.0657380   -0.0209713
   0.4312673    0.4837536   -0.1723221
  -0.2790305    0.1188752    0.0958537
  -0.0997069    0.1337377   -0.0794019
   0.2251241   -0.1046750   -0.2710713
   0.5175560   -0.1117736   -0.2827970
   0.0659880    0.0411413   -0.0917148
  -0.0838938   -0.1863236   -0.0320441
  -0.0418328   -0.0292126    0.5299510
  -0.0050575   -0.1319552    0.2184400
   0.4367340   -0.1636041    0.2914948
   0.1373384    0.7040034   -0.5834296
   0.0304547    0.1029565    0.0525007
  -0.3203474   -0.2834401   -0.7974483
  -0.3838292    0.1001750   -0.5704104
  -0.0601586    0.1220720    0.1847858
   0.5669105    0.5949297    0.2917972
  -0.1281610    0.4054264    0.3615479
  -0.0843461    0.0724913   -0.0116555
   0.5692768   -0.3446195    0.1467407
   0.6818349    0.0905229   -0.5715449
   0.0019662   -0.1371973    0.1212945
   0.2994772   -0.6268406   -0.8396190
   0.0412852    0.0380427    0.2423981
   0.1537179   -0.0242511   -0.0604424
   0.3683489   -0.2003204    0.3075417
   0.3897806   -0.0680413    0.4946614
  -0.0656212   -0.0293134    0.0078357
   0.0098403    0.2902026   -0.0823776
  -0.0330684   -0.5762997   -0.0190927
   0.1057273    0.0431483   -0.0611987
   0.0379190    0.2228561   -0.5792535
  -0.2145122    0.0452537    0.0728776
   0.3260126    0.0264300    0.1163700
  -0.0974639   -0.0507826    0.1514398
  -0.0664629   -0.1639786    0.1192545
   0.0575250   -0.0790970    0.2140935
   0.7104535   -1.0673515    0.4514974
  -0.6351515   -0.0740477   -0.6238851
  -0.0909172   -0.0425978   -0.0355291
  -0.0619157   -0.1277589   -0.5190068
   0.5973244    0.1901013    0.2710674
   0.0344495   -0.0293098   -0.1903645
   0.1618339   -0.0653383   -0.6214452
  -0.3245985    0.1841022    0.3941012
   0.0925655    0.1090286   -0.0198711
  -0.5921552    0.5384755    0.0884470
   0.5406769    0.6022226    0.8557200
   0.0685222    0.0697065    0.1023003
  -1.4135001   -0.3440593   -0.5894703
  -0.6630949   -0.3060812   -0.0425610
   0.0543798   -0.0744344    0.1047022
   0.7767532   -0.2105343    0.8959014
   0.6894414   -0.2581575    0.1908318
  -0.0796925    0.1109582   -0.0522451
  -0.1256668   -0.6500362   -0.4790313
   0.1487978    0.8320710    0.6971425
  -0.0262174   -0.0565880    0.1097873
   0.3371390   -0.4028357    1.8090136
   0.2662918   -0.2880161   -0.0800080
  -0.1172723    0.0117545    0.0691670
  -0.5473753    0.1215621    0.0038148
   0.3051786    0.8328379    0.0820055
  -0.0943647   -0.0067987    0.2317303
  -0.3079747   -0.0418157   -0.2653977
  -0.6504751   -0.4603239   -0.0795206
   0.0286502    0.0764476    0.2363542
   0.1971685    0.1140285    0.8951176
   0.4523435    0.7157549    0.0410228
  -0.0451598    0.0516868    0.0698685
   0.0331459    0.2887366    0.6016362
   0.4064094    0.3168400    0.4062512
   0.0958027    0.1407421   -0.0282996
   0.1101849   -0.7512195   -0.5821103
   0.3268755   -0.4779925    0.8665469
  -0.0370868    0.0618699    0.2589408
  -0.1931708   -0.1274454   -0.4446060
   0.0473611    0.8791636   -0.2208720
  -0.0583624   -0.0723729   -0.0610489
  -0.7813663    0.5785503   -0.2675756
   0.0906356   -0.2191512    0.4258076
  -0.0253204    0.0828814   -0.1411916
   0.6731668   -0.3124314   -0.6975873
  -0.7736745   -0.6245039   -0.3880219
  -0.0710075   -0.0633157    0.0089131
  -0.1158233    0.0732268   -0.2335438
  -0.3354504    0.2049477    0.5270635
  -0.0365751    0.0219341   -0.0254852
   0.1012949    0.2389132    0.4960524
  -0.7077631   -0.4876635   -0.7140265
  -0.1122949    0.0149317    0.1036647
   0.2391628    0.7601511   -0.5599743
   0.0964019   -0.1103585    0.2481977
  -0.0595884   -0.1081901    0.0271265
  -0.1790864    0.4561193   -0.0847197
  -0.0466450    0.0679265    0.2522157
   0.0243272    0.0172075   -0.0445817
   0.2678237   -0.5843788    0.2821403
  -0.4971028    0.9659450   -0.2303173
  -0.0193368    0.0050334    0.0022058
   0.3479607    0.0497007   -0.1937733
  -0.4257048   -0.0664703    0.1182268
  -0.0386392    0.1064377    0.0328163
   0.2254796   -0.4215017    0.1756442
  -0.3232644    0.1753196    0.2026599
   0.0654510    0.0683465   -0.0833353
  -0.1089737    0.0453268   -0.1899004
  -0.1493095    0.0030077    0.7315100
   0.1043958    0.0783171    0.0301335
  -0.2579039    0.2427363   -0.6331310
  -0.2207736   -0.7579252   -0.2799228
  -0.0283264    0.0508716   -0.0948735
   0.6363993    0.4323301   -0.0642053
   0.0461115    0.3489954   -0.1584882
   0.0290168   -0.0520568   -0.1209769
   0.4802811    0.3680545   -0.6909720
  -0.5975669    0.0870014    0.9884816
  -0.0745118   -0.3147951   -0.1511641
   0.4733802   -0.6763750   -0.3896694
   0.5315997    0.3843580   -0.1653926
  -0.0293695    0.2481825    0.0546099
   0.4893040   -0.4555259    0.0460762
   0.0519463    0.2895100    0.0541345
  -0.0156744    0.0691226   -0.1559448
   0.0538056    0.5143731   -0.4333525
   0.0157344    0.2090124    0.1155983
  -0.1070638    0.1706480   -0.0104219
  -0.3668269   -0.5802543   -0.1443362
  -0.3148069    0.1793632    0.1163484
  -0.0149967   -0.0554985   -0.0189602
  -0.2216462    0.5547429    0.1097850
   0.1748395    0.5399586   -0.7990335
   0.0005990    0.0481401    0.0130508
   0.5678151    0.0834037   -0.3934261
   1.0427146    0.2510634   -0.5446016
  -0.0334921   -0.0558622    0.0124702
   0.1619063    0.6257369   -0.8173876
  -0.0454816    0.5322145   -0.1190642
  -0.0722452   -0.1029448    0.2383781
  -0.8280944    0.1507354    0.2211834
   0.4734023   -0.7804944   -0.4780208
   0.1780122   -0.0861512    0.1678510
  -0.3477894    0.3892436    0.0897053
   0.3131200   -0.0831515   -0.3667022
  -0.2644832   -0.0215637    0.1159530
   0.4778570    0.1089903   -0.3192012
  -0.2105486    0.1161850   -0.0294160
   0.0147351   -0.0503218    0.0244693
   1.1933198   -0.0013551    0.2260465
   0.4824318   -0.3227893   -0.3352981
   0.0763535    0.1320843    0.1068883
   0.9864752   -0.0850275   -0.8331086
   0.4732318   -0.6368734   -0.2993565
  -0.0419902    0.1867843   -0.1000355
  -0.3047562    0.0513343   -0.9390267
   0.3609073   -0.3858250    0.4365447
   0.0387128    0.0930161    0.0715401
   0.2869949   -0.1838303    0.1638290
   0.0034395   -0.5689697   -0.2988478
  -0.0669983    0.0264012    0.1266893
  -0.2292089   -0.0368838   -0.5805749
  -0.3147973   -0.2314879   -0.0782042
   0.0109155    0.0701062    0.2062075
   0.2091281   -0.4151249    0.1954215
   0.1641016   -0.6750796   -0.2673498
   0.0425124   -0.0307306   -0.0251776
   0.4200004    0.0990871    0.0461017
  -0.2902467   -0.1726676   -0.2321899
  -0.0446112    0.0284709    0.0640778
  -0.1280797    1.4053351   -0.4426756
  -0.0136256    0.5472310    0.0575794
  -0.0718401    0.0483593   -0.0636642
   0.3034915    0.0594436   -0.2250821
  -0.0318989    0.0450831    0.0742726
  -0.0278051    0.1546473   -0.0062474
  -0.1986682   -0.0461998   -0.0707900
  -0.0773519    0.3907603    0.1141939
  -0.1148248   -0.0192003   -0.0400436
  -0.4734215   -0.0489462   -0.1462575
  -0.1451701    0.4966283    0.3516303
   0.1173844   -0.0868190    0.1208781
   0.7619057   -0.2087193    0.9356005
   0.2966204   -0.2938896   -0.7267841
  -0.1177190   -0.0890200    0.1229661
  -0.2433613    0.2975097   -0.0029286
  -0.4211544    0.4399479    0.2548058
   0.0586543   -0.1134333   -0.0080073
  -0.2215006    0.3844631   -0.3478124
  -0.2254619    0.8814430    0.5182928
   0.0443234    0.1599511    0.0231294
   0.3380306    0.1494265   -0.2616472
  -0.9754354    0.0048171   -0.6447517
   0.0311945    0.2316535    0.0753348
   1.0671760   -0.1303418    0.9578951
  -0.1806869   -0.0609725    0.8194787
  -0.1154576   -0.0206098   -0.0766211
  -0.1957805   -0.3475364   -0.1244116
  -0.2651291   -0.1021383    0.1725935
  -0.0034107   -0.0108269   -0.1097315
  -0.2413854   -0.3202964    0.1077599
  -0.5905638   -0.1448603   -0.5934287
  -0.1251848   -0.2669294    0.0935294
   0.2743134    0.0115260    0.2043050
   0.4729640   -1.1334364    0.2997438
  -0.1617100   -0.0284909   -0.1479045
   0.5388613    0.1121322    0.6903036
  -0.1239196   -0.5594108   -0.0139043
   0.0741349   -0.0239090    0.1405482
   0.0162292   -0.1449287   -0.7714156
   0.7787367    0.5155445    0.0743545
   0.0973416   -0.0384800    0.0100267
   1.5094008   -0.5775857    0.7830098
   0.0450983   -0.2253737    0.2988673
  -0.0903297   -0.0807071    0.0724667
   0.1192872    0.0308425    0.5333673
   0.8253630    0.3920649   -0.0359002
  -0.0787530   -0.0183054   -0.0317722
   0.4303982    0.5806854   -1.0788137
   0.2355428    0.3070485   -0.2517122
   0.1222300    0.0986507    0.0538118
   0.5470749    0.9900145   -0.5646806
  -0.0315739   -0.5781443   -0.2521766
   0.1586213    0.0096268   -0.0320647
  -0.2907095   -0.2047117    0.1226689
  -0.3691376   -0.1878092   -0.4232467
  -0.0954759   -0.0141846    0.0588265
  -0.3360121   -0.0558017    0.0730076
  -0.6340206    0.3393461   -0.4868219
  -0.0333033    0.1446254   -0.0141382
  -0.4511724    0.0983200   -0.5951674
  -0.0960678    0.1998331   -0.2459727
  -0.0580058   -0.0809770    0.0351160
  -0.0635903    0.1987231   -0.3959146
  -0.4956588    0.0236446   -0.5606663
  -0.1159763    0.0672279   -0.0604574
  -0.2354792   -0.2491399    0.6564686
   0.5201854    0.3412297    0.3071751
  -0.0277016    0.1255054   -0.1042150
  -0.3160240   -0.3954710   -0.7458598
   0.3868241    0.8119840    0.1634227
  -0.1129976    0.0027550   -0.1418601
   0.8732685   -0.7018131    0.5999434
  -0.5286868   -0.9325316    0.4797165
  -0.1252752    0.0272774    0.0663136
  -0.8656000    0.2596101    0.8638895
   0.5522814   -0.9489442    0.1596589
  -0.0304920    0.0124985   -0.1141930
  -1.0575807    0.1087900    0.6223910
   0.0164836   -0.1026393    0.1751693
  -0.0406273   -0.0382976    0.0077830
   0.0337093    0.8234869    0.5737787
   0.7003011    0.6829357    0.3445417
   0.0929827   -0.0972701    0.1658767
   0.4364744   -0.2897330   -0.2372030
  -0.3006914    0.0477909   -0.6228571
  -0.0025362   -0.0591470    0.0083874
   0.2294309   -0.5445920   -0.2226827
   0.0722398   -0.1360533    0.0009222
   0.0430490    0.0999632    0.0003294
   0.2734373   -0.5935315    0.5963474
  -0.2472391    0.0415516    0.5374294
   0.1388690    0.0693399   -0.0485749
   0.2328291   -0.0658818    1.5163664
  -0.1166920    0.1368414    0.0971259
   0.0249598    0.1158525    0.0050771
  -0.2361083    0.5245575    0.1625988
   0.1751001    0.1268939   -0.3183320
  -0.0652271   -0.1380152    0.0693509
   0.6564565    0.3339680   -0.7978457
   0.3748273   -0.4686224    0.4498343
  -0.0977567   -0.1211512    0.0952329
   0.6006893   -0.1043884    0.3955187
  -0.0054135   -0.2171020    0.2838654
  -0.0778528    0.0714956    0.0141442
  -0.3435812   -0.1698287    0.0330002
  -0.2080307    0.3353981   -0.2848880
  -0.1170451   -0.0626286   -0.0450829
   0.1438424    0.2324154    0.3569777
  -0.2369993    0.0500536    0.0514953
   0.2491345    0.0503396   -0.0384616
  -0.6779174    0.0147091   -0.7264726
  -0.5497968    0.4366526   -0.8193859
   0.1251116   -0.1190128    0.2259966
   1.1095282    0.0149633   -0.7268490
  -0.5762652   -0.0039446   -0.0730450
   0.0584277    0.0804387    0.0563179
  -0.1264935   -0.5791482    0.1086434
   0.8427685    0.2781444    0.4744911
   0.0396510   -0.2256785   -0.1323270
  -0.2342596    1.1941913    0.2352300
  -0.2936500    0.5800688    0.3476442
  -0.2250440   -0.0486453   -0.0256054
   0.8024436   -0.1753270   -0.1802280
  -0.0676459   -0.7095654    0.0008039
  -0.1303704   -0.0046134    0.0132156
   0.0554052   -0.3807332    0.5057604
  -1.1450920    0.1398920   -0.9989773
  -0.1231599    0.1309691    0.0244168
   0.7687429   -0.2665618    0.4109825
  -0.8605437   -0.4863639   -0.1801768
   0.0285994   -0.0338611   -0.0568472
  -0.3125910   -0.1471545    0.0690545
   0.5566606   -0.2647252   -0.6321940
  -0.0486143    0.0566651   -0.1184068
  -0.1718277   -0.3243486    0.5286735
  -0.3229098    0.2772403    0.4540268
  -0.0797896    0.0871213   -0.1849386
   0.3921807    0.5465361    0.4349650
   0.8969715   -0.1007663    0.5520185
  -0.0219584   -0.0402446   -0.1930982
  -0.2010094   -0.0686831    0.4250899
  -0.5327762    0.3206540   -0.1231443
  -0.3157533    0.2422614    0.2763345
  -0.0205622    0.0448882   -0.8959360
   0.1463597    0.1582690   -0.8318577
   0.1295148    0.0721507   -0.0236667
  -0.6892762    0.0011416   -0.3878610
  -0.0888340    0.5354299    0.4166793
   0.1281195   -0.1616199    0.0519343
  -0.4266429   -0.1634503   -0.0688953
  -0.1077439    0.7925761   -0.2657067
   0.1225662    0.1022391   -0.0123922
  -0.0236149    0.1379896   -0.5224409
   0.2044689   -0.1777154    0.3935536
  -0.0740037   -0.1268007   -0.0451734
  -0.1291157   -0.6995481   -0.2424205
   0.7707419   -0.2366483    0.3909617
  -0.0190007   -0.0863976   -0.1168694
  -0.4893250   -0.0820972    0.9042392
   0.0168886    0.1938756    0.1497758
   0.1223440    0.1361148   -0.0278272
  -0.7973235   -0.5195568    0.3952132
  -0.1359897    0.1217183    0.8328116
   0.0367234    0.0943373    0.0098364
   0.2298877    0.5854216   -0.3184754
  -0.1315216   -0.2346454   -0.1075609
   0.0841260   -0.0708540   -0.1654797
  -0.6869209   -0.0117425    0.4643746
   0.2931955    0.2339431   -0.6809512
   0.1161110    0.0785607   -0.1505821
   0.1859898   -0.6101562    0.0387502
  -0.5902326   -0.4918517   -0.7845439
  -0.0495165    0.0932746   -0.0274579
   0.6440756    0.1328466   -0.0936197
   0.0424715   -0.0736077    0.6276157
  -0.1765750   -0.1060987    0.1212971
   0.6085650   -0.1947001    0.2153058
  -0.2971984   -0.3431175    0.2105534
   0.0894494    0.1394406   -0.0754543
   0.0020539    0.4019367    0.0539738
  -0.2097801    0.1839823   -0.2232313
  -0.0007544   -0.1779688   -0.1133488
  -0.1583173   -0.0296970    0.3650387
   0.0439849    0.1273854    0.2219066
   0.0231051   -0.0405005   -0.0267161
  -0.1213368    0.0230068    0.4666463
   0.0989793    0.0953708    0.3771458
   0.2650079    0.0430120   -0.1137051
  -0.7093788   -1.0999441    0.3915733
   0.1341000   -0.3026789   -0.2437053
  -0.0190581    0.1062897   -0.0646209
  -0.4700137    0.1886940    0.4897684
   0.1081625    0.1386780    0.1883440
  -0.0603812    0.1351864   -0.0008200
  -0.0799539    0.5985420    0.2546577
  -0.1555776    0.0680012    0.9569924
  -0.1309475   -0.1030525    0.0414667
   0.7506734   -0.1246247   -0.5037314
  -0.6801990    0.2387082   -0.2591572
   0.1269197   -0.0832761   -0.0793091
   0.2232827    0.4252103    0.1425178
  -0.5726700    0.2087061   -0.6276070
  -0.0205596    0.0129526   -0.1052938
  -0.0477794   -0.6684166   -0.9194787
  -0.2927547    0.1049761    0.5987229
  -0.1672914   -0.0750718   -0.0372575
   0.4848422    0.1040849   -0.0922372
  -0.0925340   -0.0626159    0.3979420
   0.1558754   -0.3067538   -0.0716570
   0.0422903    0.4354260    0.2000969
  -0.1550176    0.1245428   -0.9110625
   0.0981183   -0.1907801   -0.2043908
  -0.0045977    0.4578496   -0.0259405
   0.6198811    0.5211462    1.0661538
  -0.2097034   -0.0433406   -0.1138984
   0.2301881    0.2418950   -0.2634968
  -0.2898980    0.0889379   -0.1551570
   0.0663854   -0.0883761    0.0623006
  -0.1012881   -0.2310800    0.5563649
   0.0886538    0.3379880    0.5313762
   0.0757429    0.1691694   -0.1870362
   0.3559542   -0.0729776   -0.3204518
  -0.2353718    0.1515023   -0.3379956
  -0.0216076    0.0262175    0.1877840
  -0.1571853    0.3226647    0.1656840
   0.2887928    0.5335261    0.1754668
  -0.1714176   -0.1420871   -0.3021090
   0.1147172    0.5560731    0.6595410
  -0.2388958   -0.6375067   -0.1486722
  -0.0112113   -0.0386172   -0.1979484
   0.1821468   -0.3864851   -0.1299020
   0.0318482   -0.9247708   -0.6663041
   0.0862001    0.0265687   -0.1676155
   0.3964648    0.0797261   -0.5488076
  -0.3485684   -0.1173696    0.2201916
  -0.0256527    0.0778833   -0.1372812
   0.4726426    0.3140683   -0.1481899
  -0.1119307   -0.1641213    0.0876799
   0.0855390    0.0011029    0.0049855
   0.1961909   -0.4341373    0.1929960
   0.3825259   -0.2886930    0.2101286
  -0.0621992    0.0068195    0.0044382
  -0.5576996    0.3899752   -1.3092036
  -0.6181630    0.0719606    0.1441867
  -0.0209942    0.0164943   -0.1382662
   0.3784526   -0.2165206    1.2407081
   0.5151340   -0.1961151    0.4750517
  -0.0096403   -0.0705600   -0.0434047
  -0.1805594    0.1040496    0.4816719
  -0.0308245    0.0791423   -0.1252677
   0.0969737    0.0648955   -0.0272814
  -1.0903941    0.4870509    0.8805365
  -0.3188556   -0.6617284    0.4578503
  -0.0608438    0.0422655    0.0115257
   0.2854439    0.1620802   -0.2382508
  -0.0176387    0.0163150   -0.1141111
  -0.0177166   -0.0281863    0.2494521
   0.2458035   -0.3164714   -0.5660099
   0.0655529   -0.3343325    0.3787608
   0.0756319   -0.0834708   -0.0160681
   0.2172740   -0.4234383    0.6419679
   0.1489298    0.4215631   -0.4914708
  -0.2415497    0.0822565    0.0477569
  -0.5106270    0.3788199    0.0098840
  -0.3527251   -0.4364043   -0.3042862
  -0.0781662    0.0073382    0.0903591
  -0.0911987   -0.0788556   -0.4808782
  -0.1424067    0.1283780   -0.5141288
   0.1983106    0.0156991    0.1764922
  -0.7219723   -0.2596865    0.2389289
   0.0999013    0.2884422    0.2510716
  -0.0870575    0.0858757    0.0573186
  -0.8261452    0.2280212    0.5449511
  -0.2057847    0.1527710    0.0114279
   0.0802390   -0.2562832   -0.1242591
   0.8237039   -0.6787807   -0.7040015
   0.2687199    0.6143315    0.1742155
   0.1760695    0.0043856   -0.1139218
   0.3817281    0.7526115   -0.6176611
  -0.8051049   -0.4772837    0.2840623
  -0.0731748   -0.1288467    0.0091194
   0.1817764    0.2125791   -0.5467997
  -0.7613811    0.5057348    0.5428079
  -0.0702683    0.0789412   -0.0873852
  -0.3363724    0.4424123   -0.1683903
  -0.6306421   -0.3731731   -0.7361242
  -0.1168012    0.0285598    0.0518226
   0.0129490    0.1337896   -0.2330266
  -0.5908195    0.1410434   -0.3235735
   0.1604031   -0.1033873    0.0476249
   0.9190403    0.4329154   -0.3065248
  -0.0831657   -0.8689153   -0.2451992
  -0.1117148    0.0349861    0.3365218
   0.3835238   -0.2028874   -0.0753107
   0.3469751    0.1502619    0.1261545
   0.0131725   -0.1699147    0.0211893
   0.3642743    0.2465650    0.3489216
   0.6970556   -0.1793669    0.1609291
   0.0418427    0.1186559   -0.2016403
  -0.2594950    0.6119601    0.8126902
   0.4297057   -0.2247478    0.6103740
  -0.0597013   -0.0173241   -0.2122711
  -0.3907620   -0.1460885    0.8554932
  -0.0966290   -0.3378215   -0.3809524
   0.0082181    0.0906191    0.0235383
   0.5839073   -0.1062516   -0.1307687
  -0.1681463    0.4067795    0.2396336
  -0.1381296   -0.2209563   -0.0130536
  -0.4618109   -0.4122015   -0.2327393
   0.4029368   -0.3319162    0.4356673
  -0.1181232   -0.0203364   -0.1466738
   0.3749495    0.4991655    0.0528131
   0.0345416    0.2958843   -0.0579826
   0.0623031   -0.0717771    0.1572805
  -0.6703517   -0.2783518   -0.0782706
  -0.2377962   -0.0719339   -0.1678880
   0.1170033    0.0830142    0.1108091
  -0.4213299    0.7168041    0.1462358
  -0.0458112    0.0696827   -0.3286966
   0.0354601    0.2742007    0.1882988
  -0.4857119    0.0228498   -0.6156921
   0.2786257   -0.3988791    0.1437106
   0.1052156    0.1810908   -0.1274481
  -0.6460416    0.4065365   -0.7940336
  -0.2764932    0.1003330   -0.0497059
  -0.0270027    0.1113255    0.0524732
   0.3511820   -0.8326591   -0.0737507
   0.0789784    0.0851045    0.2697419
   0.0198209   -0.1075826   -0.1339391
  -0.0402040    1.0126663    0.6204573
   0.0314104   -0.0429588    0.1169043
   0.0654921    0.1030197    0.1072403
   0.0989834   -0.3111991   -0.4437468
  -0.5566244   -0.2771339   -0.5722685
   0.0106860   -0.0504565    0.0268862
  -0.3065974    0.8482336    0.3598202
   0.1928402    0.0041887    0.1387480
  -0.1009479    0.1914531   -0.0097364
   0.6413621    0.1891003   -0.0165904
  -0.8518801   -0.4072810    0.0044565
   0.0234386   -0.1125756   -0.0796555
  -0.0634933   -0.2561561    0.2575314
  -0.1489497   -0.7476264   -0.4328644
  -0.0792980    0.0522462    0.1692528
   0.5578445   -0.3410127   -0.7027551
   0.0033844    0.3257482   -0.3889663
   0.0168416    0.2132030   -0.0464958
   0.3764312    0.7198367   -0.0057479
  -0.0291645    0.1299689   -0.5589509
  -0.1410602    0.0515408    0.0847679
   0.4917763    0.2281717    0.1279782
  -0.4437505   -0.1230736   -0.3370685
   0.0040997    0.0394212    0.0234724
  -0.1698367   -0.1307037    0.4998976
   0.7590245    0.3992991   -0.2657799
   0.0243645   -0.0145826   -0.0899636
   0.1769315   -0.0304341    0.1477336
  -0.2229677    0.0935054   -0.1503316
  -0.0388536    0.0314586   -0.1074056
   0.8533138   -0.1044949   -0.0281283
  -0.2264297    0.4156135    0.2697945
  -0.1825293   -0.0321208    0.1584308
  -0.6903861    0.2082961    0.1374261
  -0.0248414    0.4065219   -0.3164394
  -0.0437796   -0.0999117   -0.0094801
  -0.1560243   -0.0816992   -0.7042490
   0.3136881   -0.2837959    0.3082906
   0.0613440   -0.0093193   -0.2276334
  -0.0814250    0.7417746   -0.1808568
   0.6351522    0.3439990    0.8270082
   0.2159423   -0.0585152   -0.1408471
   0.1746258   -0.2273044   -0.0990752
  -0.4839357    0.4803053   -0.1511132
  -0.0636653   -0.0705546   -0.0600891
   0.6586959    0.7119420   -0.7786144
   0.3645509   -0.3745874    0.3351787
  -0.0064776   -0.1031316    0.0168575
  -0.1367355   -0.0865339   -0.2318033
   0.1820632   -0.3935817    0.2795857
  -0.0237273   -0.0838576   -0.1381373
   0.2111333   -0.6334712   -0.1979470
  -0.4190148    0.1064681   -0.6879289
   0.0133290   -0.1460455    0.0524546
  -0.5879029    0.0403182    0.2815065
  -0.1900858    0.6394831    0.5062755
  -0.2859899    0.2572899   -0.1822664
  -0.7110816    0.1735266    0.0726350
  -0.4380004    0.3034765    0.3151430
  -0.0074181    0.0762544   -0.0828684
  -0.4345130   -0.0735191    0.5716327
  -0.4194747    0.1444077    0.1800843
  -0.1263399    0.0944476    0.0090523
   0.0338653    0.7109262    0.3582935
   0.4169675    0.0071072    0.1933627
   0.0922936   -0.0065891    0.0922642
  -0.2970405   -0.3569534   -0.0207230
   1.4882084   -0.4583538   -0.6418270
   0.0550885   -0.1498917   -0.0562530
  -0.3331279    0.8871399    0.2272879
   0.3490545    0.5704200   -0.0471481
   0.0225806   -0.0684415   -0.0428468
   0.2035924    0.5123251    0.4162121
  -0.7522008   -0.5505569    0.9658936
  -0.2250276    0.0126106   -0.0179966
  -0.1778729   -0.6510643   -0.1628346
  -0.6235878    0.1443874    0.0556119
   0.1383753   -0.2093925   -0.0824790
  -0.0491979    0.3544742    0.3487628
  -0.2476356    0.2300251   -0.1365553
  -0.0789436   -0.1538458   -0.0652981
  -0.2271371   -0.1242794    0.2196039
   0.0247406    0.6261773   -0.0460835
   0.0627303   -0.0693770   -0.1178006
   0.0684092   -0.2256554    0.6733057
  -0.0676615   -0.0286242   -0.4230518
  -0.1921970    0.0581884    0.0595038
   0.3403859   -0.0249690   -0.9579776
  -0.6232113    0.6467148    0.8495140
  -0.0064656   -0.0254154   -0.0800713
   0.3827438    0.4788406   -0.0453733
   0.6549688    0.3295447   -0.5390917
  -0.0005859   -0.2027690   -0.1693469
  -0.1008643    0.1790401    0.0152875
  -0.5703292   -0.1017199    0.2112322
   0.1828617    0.0201943   -0.1926193
  -0.1011454    0.0843439    0.4548500
  -0.2881612    0.3054465    0.1420746
  -0.0009569   -0.0277655    0.1877135
   0.1260946   -0.4278311    0.0906648
  -0.1375264    0.2557884    0.7131633
  -0.0311589    0.0516646    0.0178596
  -0.0771097    0.3361176   -0.3058219
  -0.0744188   -0.0874126    0.5732868
   0.0609293   -0.0296033    0.0868313
  -0.4212288   -0.0956581    0.4219073
   0.3328239    0.2210667    0.2397747
   0.0140222    0.0249831   -0.0812167
   0.8608180   -0.2490346   -0.4018422
   0.0020678    0.0657353    0.2054789
   0.0911659   -0.0194409    0.1580899
   0.1219194    0.5962363   -0.2732660
  -0.5505112    0.2814293    0.3938622
   0.0444327   -0.0143453    0.1159527
  -0.2809448   -0.1535645    0.9016345
  -0.0718306    0.0769149    0.4272838
  -0.0280198    0.2012711   -0.0967723
   0.0590181    0.1633658   -0.3177349
  -0.6192198    0.7817902    0.5188168
  -0.1669078   -0.1642766   -0.0407021
  -0.3907155    0.1308251    0.1004891
   0.1611840    0.3415079   -0.1709895
  -0.0735288    0.0803401   -0.0166498
   0.2839919   -0.0281689    0.9237192
   0.6938609   -0.0603771   -0.0822877
  -0.0653217   -0.0562561    0.1717047
  -0.0818262    0.8917977    0.8522567
  -0.1453747   -0.5588009    0.4000247
   0.0850502    0.0160835    0.0867220
  -0.1698385   -0.2639412    0.2338369
  -0.1458048   -0.5673894   -0.0153127
   0.0542299   -0.0620372    0.0187571
  -0.7872366    0.0512278   -0.4509877
  -0.5737482   -0.3713620    0.0966430
   0.0538206   -0.1234583   -0.0259520
   0.2946904   -0.4286309    0.2425647
   0.7327002    0.3670360   -0.1072474
  -0.0184359   -0.1461578    0.0352151
  -0.4267906   -0.2050596   -0.3723669
  -0.5072269    0.1330337    0.5207379
  -0.2025840   -0.1808382    0.0750540
   0.1117773    0.2905704    0.2884862
   0.2155750    0.6600749   -0.5679635
   0.0151755   -0.0241861   -0.1268865
   0.1396555   -0.0141318    0.2064673
  -0.2019469   -0.7738292    0.1614345
  -0.0738905   -0.1013528    0.0808917
   0.1317552   -0.6740546   -0.0235565
  -0.1670664   -0.3688098    0.6206077
  -0.0106653    0.0391574    0.1072259
  -0.0758607    0.2975731   -0.9467372
  -0.3823393   -0.1951340    0.3400639
  -0.0283256   -0.0668369   -0.0727593
  -0.0707071   -0.3683133   -0.8852333
   0.4469356   -0.1567047   -0.0606264
   0.0382624    0.0161629    0.0728336
  -0.0844639   -0.1456676    0.0853002
   0.1343763    0.0679881    0.4530675
  -0.1978357   -0.1645755    0.0987179
   0.4538132    0.7203542    0.2497724
   0.0149223    0.2022097   -0.0156873
   0.0883996    0.1354145    0.1080736
   0.6513000    0.6419226   -0.5955971
   0.2653205   -0.1526496    0.2029065
  -0.0062605   -0.1608054   -0.1044206
   0.8163197   -0.4999768   -0.7752773
   0.2257866    0.0410846    0.8632105
   0.0382115    0.1151245    0.0502280
   0.8174709    0.0314827    0.2029570
  -0.5133972    0.0124112   -0.1030989
   0.0232050    0.1690432   -0.1021069
  -0.2748221   -0.3599577   -0.3190623
   0.3894594    0.3758394    0.3474574
  -0.0425289   -0.0073084   -0.1654604
   0.1107049    0.4667991    0.2948436
  -0.2942845    0.5613077   -0.4590875
   0.0421863    0.1500058   -0.0166619
   0.0567115   -0.1621334   -0.2552150
   0.2650456   -0.5166594   -0.9111168
   0.0428668    0.0084606    0.0530355
   0.5685922    0.1291965    0.4449613
   0.5535426    0.4592388   -0.7236464
  -0.0369211    0.1885042   -0.1479407
   0.1952635    0.0815581   -0.5879654
  -0.1801830   -0.9601158    0.0766905
   0.0034981   -0.0275555   -0.0054443
   0.2303848   -0.0755766   -0.1748268
   0.0793268    0.0058273   -0.1611512
  -0.1078438    0.1405221    0.1069625
   0.1859963    0.2032728    1.1893407
   0.0372501    1.0232340    0.3196571
  -0.0533079    0.2725369    0.1144473
   0.6742858   -0.0960684   -0.0771372
  -0.3310175   -0.3256357   -0.0218977
  -0.0521311   -0.1394125   -0.0803512
  -0.1848604   -0.5656204   -0.4852778
   0.0176689   -0.8400199   -0.4396698
  -0.0815555   -0.0944360    0.0673542
  -0.1869783   -0.0026214   -0.9965016
  -0.6783237   -0.2597280   -0.0242300
   0.0417514   -0.0077809    0.0275689
  -0.4916833    0.0324563    0.1480802
   0.0099893    0.1769056   -0.2170849
   0.2201946   -0.1767333    0.1520456
  -0.4465853   -0.1970936   -0.3672696
   0.5333495    0.0817231    1.1899077
  -0.0892551    0.0901474    0.0642077
  -0.5894220   -0.8003651    0.0796190
  -0.4757033    0.0877719    0.3870893
   0.1938889    0.1647105    0.0196652
  -0.4330790    0.2014383   -0.1986461
   0.2628353    0.1792527    0.4267502
  -0.1025966   -0.0707020    0.0395586
  -0.2867592   -0.4503235   -0.3833810
  -0.2233325    0.2485659   -0.0359367
  -0.0795980    0.0973241   -0.0037611
  -0.0907120    0.2739392   -0.0384175
   0.2855533    0.2160051    0.1177245
   0.0037752    0.1218479   -0.1539844
  -0.2361007   -0.7518641   -0.2248577
  -0.2297409   -0.6893212   -0.4334612
   0.0693321   -0.0115012    0.0186924
  -0.2680053   -0.1307729   -0.1403511
   0.2583946    0.4574531    0.4593874
  -0.1765229   -0.0530725   -0.0682700
  -0.0827329    0.1194047   -0.0552798
   0.0187195   -0.6427575    0.2234988
   0.1075873   -0.1179501   -0.1087461
   0.5759050    0.3399237   -0.2608179
  -0.4157320   -0.8309650    0.5371038
   0.0762750   -0.0737977   -0.0440651
   0.3859290   -0.3599943    0.1703299
  -0.7085947    0.2181574    0.1836856
  -0.0952405   -0.1420888    0.0150121
  -0.3443628   -0.5349823   -0.0688898
   0.0494573    0.2451732    0.4572146
  -0.0883655   -0.0325891    0.0375645
  -0.0906950    0.1863401   -0.2574094
  -0.0153467    0.3133676   -0.2465708
  -0.0694315    0.0121529    0.0180367
  -0.0010266   -0.3495825   -0.0667405
   0.4530873   -0.4812918    0.6360090
   0.0312678   -0.1444901   -0.0582144
   0.1575372    0.3841529    0.1214495
   0.0470761    0.6277357    0.3100002
   0.0962054   -0.1282698   -0.0172711
  -0.3376151   -0.6752676    0.0801627
  -0.0117580   -0.2236006    0.2508873
  -0.2477763    0.0429480   -0.1896005
  -0.0287351   -0.5214974    0.2538940
   0.3264599    0.4514037    0.1124362
  -0.0292009    0.0729650    0.1201879
   0.0543870   -0.2870959    0.1230552
   0.1791672    0.9236683    0.4904740
  -0.1127982    0.1771271   -0.1089558
  -0.0226269    0.4621560   -0.0261450
  -0.6188756   -0.4834577    0.4728545
   0.0640950    0.0538442    0.0108124
   0.7736219   -0.6853544    0.4736452
   0.1122843    0.4341262    0.2760674
  -0.0510983    0.0565734    0.0104383
   0.4629268   -0.2210424   -0.2807706
   0.0172525    0.1463727   -0.8160835
   0.0418901    0.0975652   -0.0982502
  -0.3898250   -0.2940070    0.8106218
   0.3741466    0.1509465   -0.2573391
  -0.0619668    0.2294403   -0.1022186
  -0.8004370    0.1412824   -0.3088060
  -0.3914410    0.3133258    0.2559186
  -0.0755017    0.2813091    0.0458381
  -0.1489387   -1.2774417    0.6489551
  -0.0038686    0.4886295    0.6338470
  -0.0059530   -0.1950460    0.0654878
  -0.4320478   -0.4418818    0.1553374
  -0.3534522   -0.1272925    0.1329432
  -0.0764787    0.0408958   -0.1548907
   0.8681381   -0.1478496   -0.3299614
  -0.2278991   -0.4202567    0.0236771
  -0.0714289   -0.2027734    0.0130964
   0.6013057    0.4691795   -0.4403035
   0.4961466   -0.1515997   -0.2690203
   0.0656429    0.0348315   -0.1106742
   0.4553768    0.1392601   -0.4040951
  -0.1791506    0.3580067   -0.8716198
   0.2677891    0.1459494    0.1140475
   0.7948756   -0.1296991    0.0071151
  -0.3425628   -0.0420330   -0.1032577
   0.0684890   -0.0892809   -0.0087672
   0.6700960    0.2619437    0.2025198
  -0.0674162    0.1624655   -0.1772156
   0.0945274    0.0340122   -0.1160298
  -0.4133962   -0.2900041    0.0549567
  -0.5835618    0.4194989    0.3539107
  -0.0166134    0.0114965    0.0648251
  -0.4165897    0.6548458    0.7690082
  -0.2276885   -0.6681693   -0.5807829
  -0.1595866   -0.0909823    0.0185726
  -0.0633222   -0.2554982    0.2015205
   0.9727032    0.4947528    0.0999468
   0.1130604    0.0741458    0.0223233
   0.0761340    0.6432673   -0.1763911
  -0.2273053   -0.5355015   -0.3708983
  -0.1922879   -0.0173841    0.1493657
  -0.2710976   -0.6637837    0.6244505
   0.6473620   -0.8028952   -0.4002693
   0.1358290   -0.0138560    0.0108255
  -0.1547584    0.0444675   -0.3873240
   0.9038555    0.3960606   -0.1738659
  -0.2590461    0.0334207    0.0230654
  -0.4650940   -0.1014613   -0.2373485
   0.3268944    0.4412995   -0.2382304
  -0.0894561   -0.0472792   -0.1531453
   0.4778968    0.1494253   -0.3053708
   0.4500778    0.3620175   -0.4089422
   0.0666493    0.0046322   -0.0535810
   0.2178239    0.1440698    0.2050850
   0.3695121   -0.1710540    0.3503677
   0.1649891    0.0593793    0.1735799
  -0.0299000   -0.1632964   -0.8001334
   0.0286005    0.1522562    0.2573901
  -0.0458314    0.0693557   -0.0906771
  -0.1107882    0.2168386    0.1938509
   0.4263372    0.4348921    0.1317523
  -0.0045652    0.0175512    0.0275762
  -0.7400460   -0.7325190    0.0800887
  -0.1390693    0.1916994   -0.0236011
   0.0328860    0.1673314    0.0252340
   0.5713115    0.3967144    0.3245331
   0.4523826   -0.1233605   -0.7391065
  -0.0202161   -0.0438248    0.1645847
   0.4741682    0.0800122   -0.7156654
   0.6955318    1.0068495    0.0323139
   0.0926929   -0.1722620   -0.1269026
   0.2375230    0.1245240    1.1988308
   0.3061462   -0.4696351   -0.3479033
  -0.1252675    0.0615882    0.2115829
   0.3706537   -0.0293360   -0.0844032
  -0.0901461    0.2221602    0.0856892
   0.0165979   -0.1968945   -0.1050852
   0.3615982    0.0312853    0.0376436
  -0.1371608   -0.2442522    0.1737566
  -0.0615823   -0.0951165   -0.0305245
  -0.0375488    0.2557031    0.2316636
  -0.4626943    1.2149901    0.5164996
   0.0963491   -0.0507143    0.0606121
  -0.1633556    0.0139596   -0.2570226
   0.7253493    0.0225429   -0.3004264
  -0.0158413    0.1573078    0.0018403
  -0.2371950   -0.2598329   -0.5090964
   0.2080795   -0.0051050    0.2170988
  -0.0562498   -0.0463683    0.0169243
  -0.7508478   -0.2877686    0.0773846
  -0.3371198   -0.0250290    0.0876937
  -0.1631095    0.0320171   -0.0235180
  -0.4902050   -0.3658088   -0.2095767
  -0.7830538    0.3850475   -0.2037533
   0.2589285    0.0101072    0.0434722
   0.1426248    0.1552830    0.0411918
   0.8473885    0.4126553   -0.3617806
  -0.0679127   -0.0512682   -0.0435656
  -0.0119076    0.1701491    0.7506156
  -0.5038421    0.3078421   -0.5986912
  -0.0493570    0.0230633    0.0939984
  -0.1624501   -0.1213170   -0.4061007
   0.0382729   -0.6234085   -0.5449639
  -0.1784651   -0.2254030    0.0381055
  -0.2768327   -0.5441982    0.0813346
  -0.1047599    0.1029245    0.5762182
   0.2046194    0.1741193   -0.1394078
   0.0926486    0.0249326   -0.0881312
  -0.8614288    0.0057336    0.0102327
  -0.0196657    0.0315870   -0.0624058
   0.6147159   -0.2399924    0.2258734
  -0.1749174   -0.2879159   -0.0581862
   0.1384735   -0.0675295   -0.0116157
  -0.4419243    0.6381484   -0.6985067
  -0.0877191   -0.5101384    0.5273220
  -0.0759478   -0.1401936    0.0907564
  -0.6297747    0.7076100    0.3063723
   0.4259797    0.1405332   -0.1678142
   0.0774054   -0.0007741    0.2037132
   0.2347703    0.1060871   -0.3882040
   0.1894675    1.2442149    0.4679262
   0.0104577   -0.2567419   -0.0606119
  -0.6285124   -0.2406803   -0.4951134
  -0.6675889    0.2404607    0.3020529
   0.0062214   -0.2532920   -0.0933023
   0.2592530   -0.1500813   -0.5874384
   0.3946643    1.0864435    0.4556063
   0.1024909   -0.1535758   -0.1003617
  -0.3266574   -0.2906113   -0.5157870
  -0.5904208   -1.1855608   -0.7284822
  -0.1161302    0.0164242   -0.1565848
   0.1199271    0.9608729   -0.5646634
   0.3451745    0.0158916    0.5754637
   0.0758283    0.3357420   -0.0897189
  -0.0947945    0.0581101   -0.1835468
  -0.0755163    0.2047038    0.4379788
  -0.0802089   -0.1456069   -0.1471643
   0.7161883    0.0204613    0.7003521
   0.2886840   -0.2598693    0.6118970
  -0.0899792   -0.1248467   -0.0516829
   0.3147309    0.3675022   -0.6276912
  -0.6013780   -0.6935219   -0.1419913
   0.1466978   -0.0066268   -0.1266843
   0.0187824   -0.1818179    0.1966437
  -0.2279595    0.2260282   -0.3961467
  -0.2661079   -0.1576163    0.0769842
   0.3596719    0.2717189    0.5247001
   0.7016777   -0.2338242   -0.0708738
  -0.0889001    0.0077510   -0.0907443
   0.2235449   -0.3999142    0.6521860
  -0.1896189    0.5761816    0.0649112
   0.1379540    0.1349393    0.0403010
  -0.3773555   -0.2188727   -0.7125062
   0.3603898   -0.0216320    0.1128118
  -0.0745807    0.2166173   -0.2349285
   0.5705668    0.3535254    0.2409472
   0.3479610   -0.7552325    0.2028664
  -0.0927595    0.0010989   -0.0319137
  -0.3687575    0.1525897   -0.0130008
   0.5755701   -0.5115878   -0.3226384
   0.0214933   -0.0438986   -0.0743258
  -0.6723754    0.2995730    1.3044205
   0.2798398   -1.0760192   -0.5197423
   0.0029453    0.0341122   -0.1130728
   0.2955345    0.5422235    0.0439890
  -0.2663667   -0.4311541   -0.7215685
   0.1004780   -0.0930550    0.0256904
   0.2378490    0.0712262    0.3594307
  -0.0752662   -0.0957231   -0.4718775
  -0.1227537   -0.2246381   -0.0090254
  -0.2960308    0.1107304   -0.2574738
   0.0700393   -0.0971555    0.3653364
   0.2318591   -0.0863622    0.1510656
  -0.6754768    0.3516642   -1.0201641
  -1.0504776   -0.2756428    0.3454293
   0.0307764   -0.0063266    0.1165488
   0.6424544   -0.5251870    0.1868466
   0.5829358    0.6945493   -1.0135251
  -0.0644723   -0.0959667    0.0586508
   0.3024938    0.0242484    0.2677494
   0.7437569    0.4384277   -0.4721562
   0.0946545   -0.0846943    0.0584689
   0.6289560    0.2235818    0.3822667
   0.1944229    0.4301355   -0.3319280
   0.2073318   -0.1648080   -0.0834329
  -0.0819907   -0.3938545   -0.5092642
  -0.2968529   -0.2043404   -0.2574683
   0.2124293    0.0050954   -0.0215668
   0.7788345   -0.1694472    0.2810909
   0.9055744   -0.4917097    0.3106732
   0.0627001    0.0690643   -0.0889400
  -0.2352776   -0.2783860   -0.6321014
   0.6919844   -0.1523382    0.8024000
   0.1072354   -0.1830139   -0.0784168
  -0.3958144   -0.1279246    0.8172977
   0.3919789   -0.2136810    0.0976301
  -0.1580336   -0.1968705   -0.0767085
  -0.3760468    0.8246779    0.7296628
   0.0155042    0.7949397   -0.8544018
   0.1575710   -0.2203061    0.0925291
  -0.6568914   -0.4707393   -0.4375989
  -0.1515908   -0.0853468   -0.0291626
  -0.1674556    0.1718404   -0.1344818
   0.1525741    0.3185313   -0.0131732
  -0.5981917   -0.0035177    0.3531518
  -0.1296240    0.0364507    0.0235494
   0.2308924   -0.0959257    0.3844374
   0.0708202    0.0364655   -0.0516709
  -0.1332654   -0.1887172    0.0770459
  -0.1386202    0.3073856   -0.0018081
   0.3763503    0.3564822    0.6319319
  -0.0649546   -0.0882038    0.0067909
   0.2697544    0.4146410   -0.2759291
  -0.8161083   -0.2928216   -0.3594008
   0.1005197   -0.2591049   -0.0290582
  -0.4828376    0.0652505    0.1115871
  -0.0201710   -0.2825966   -0.5870869
  -0.0667671    0.0598854    0.0912744
   0.3151220    0.1021628    0.5235305
  -0.6316530    0.2741945    0.8801377
  -0.0786433   -0.0192301   -0.2293887
   0.1949616    0.4077952    0.4818209
  -0.0339896   -0.9793538    0.6453685
  -0.1364430   -0.0180446   -0.1304381
  -1.3811767    0.7239749    0.2463462
   0.2272204   -0.6522731    0.0845655
   0.0613352   -0.0643681    0.1655360
  -0.4146266    0.1171388   -0.1721044
   0.4321996   -0.0427829   -0.0049167
  -0.0861258   -0.0887495   -0.0485690
  -0.7043942   -0.8175421    0.0464352
   0.4583730    0.1738970   -0.5710529
  -0.2704637   -0.0472029    0.0812507
  -0.4390001    0.3809944   -0.1893995
  -0.0328014    0.2882078   -0.8598374
   0.1399290   -0.0563284   -0.0283986
   0.1605067   -0.3755991   -0.0441217
  -0.1725927    0.3737470    0.3325362
   0.2510933   -0.0244683    0.0036068
   0.5805231   -0.5946486   -0.3478575
   0.0236752   -0.0349020    0.1569304
   0.0140497    0.0687098   -0.0054220
  -0.7531271   -0.2191452    0.3022716
  -0.2369069   -0.1395481    0.0685143
  -0.1626177    0.0261912   -0.0778355
  -0.1610888    0.2265132   -0.1993988
  -0.9906172   -0.1575470    0.3284791
  -0.0273282    0.0215050    0.1876926
  -0.5422747   -0.2209088    0.0105102
   0.2136775    0.7226139   -0.5866554
  -0.0844995   -0.0765168   -0.1148133
   0.0863163   -0.7580286    0.6478747
   0.5667379   -0.7618144    0.0258423
  -0.1214289   -0.0826084   -0.1279382
  -0.8075467    0.1824125   -0.0268404
  -0.7825339   -0.2341418    0.4994798
   0.0441463    0.0540696    0.0275371
   0.5451794    1.0431495    0.1386168
  -0.3090016   -0.7702327    0.1378231
  -0.0684226   -0.0408275    0.0411116
   0.4212033    0.5559011   -0.2996040
   0.4809766    0.2382531    0.1366215
   0.0912497    0.0394289   -0.2523532
   0.0666672    0.0438417    0.2295316
  -0.3072726    0.5531891   -0.3717742
   0.0318546   -0.0624573   -0.0326807
  -0.3498223    0.5434081    0.0448573
  -0.2893767    0.2374497   -0.1018852
   0.0249737    0.0095702    0.0935994
  -0.3846222    0.0352272   -0.0081497
  -0.3220151    1.3617193   -0.8246788
   0.1439089    0.0083629   -0.0742297
   0.2911979   -0.3311845   -0.5344022
  -0.1972972   -0.4322307   -0.4601433
   0.1503215   -0.0020546    0.0983446
   0.2928116   -0.3648005   -0.5218134
   0.2721824   -0.2678632    0.0735774
   0.0523460   -0.1367237    0.0181536
   0.6111066   -0.1205391   -0.3707691
  -0.0570371    0.4385724    0.6949129
   0.0372070   -0.0536936    0.1302872
  -0.4123315    0.1279620    0.8111485
   0.7138627    0.1449463    0.1727119
   0.0003254    0.0459336   -0.1711661
   1.0704616    0.0788837   -0.0588555
   0.8711857   -0.5847577   -0.3763608
  -0.0250583   -0.1098578   -0.1287030
  -0.6247206   -0.5811465    0.6478544
   0.9486985   -0.8549910    0.0291327
   0.0939225   -0.0686144   -0.1021388
  -0.4124181    0.5256487    0.2825606
  -0.1091295    0.2583154    0.1661965
   0.3818233    0.0097435    0.0966965
  -0.3399572   -0.1495947    0.3130975
  -0.8567297   -0.4715529    0.0720709
   0.0833949    0.0496732   -0.0928027
   0.3796640   -0.0319228    0.8611808
  -0.1062454    0.2051411   -0.3225875
  -0.0245081    0.0974141   -0.0515579
  -0.6215587    0.3241987   -0.3194072
  -0.4644337   -0.1366677    0.0794065
   0.0071448    0.0230767    0.0103026
   0.7686601   -0.1570657   -0.3888275
  -0.9598934   -0.1131821   -0.2957787
   0.0499178   -0.1770826   -0.0731292
   0.6292441   -0.4403268   -0.1592909
  -0.1328964    1.4802276   -0.8008087
  -0.0891031   -0.0030596   -0.0200706
   0.0733498    0.1942417   -0.0672001
  -0.7655509   -0.2859160    0.8790182
   0.0424897   -0.1541123    0.1488302
  -0.3972067   -0.0355118   -0.0540505
  -0.8471300    0.2066164    0.0214309
   0.0401475   -0.0976271    0.0368079
  -0.2511823    0.5030067   -0.8561902
   0.1179019   -0.3983435   -0.0241360
  -0.1605235   -0.0304182    0.2817327
  -0.0115605   -0.2993646   -0.4511168
   0.2119621   -0.3691868   -0.8780583
  -0.0490992    0.0331381    0.1643817
   0.2221185   -0.1854848    0.0317064
   0.2201729   -0.6747552   -0.0119451
   0.0842394   -0.0087586    0.0366255
   0.0088006    0.9264098    0.2071799
   0.2310024    0.3048168    0.2569252
   0.0806069    0.0229641   -0.0371244
  -0.4909372    0.2923130    0.2744053
  -0.1295248    0.5545111   -0.1810401
  -0.0937871    0.0280575   -0.1058748
  -0.1665306    0.5292856    0.2014625
   0.0176481   -0.5044250    0.0178394
   0.0912454    0.0357921    0.0283029
   0.6338861    0.3462447    0.1231456
   0.5916857   -0.1584927   -0.3682884
   0.1065996   -0.0259448    0.1041168
   0.5266058   -0.2506792    0.5403261
   0.0286407   -0.5530707    0.6085451
  -0.0818131   -0.0746013   -0.0757577
   0.5713590    0.5669761   -0.0362287
  -0.4552068    0.0938777   -0.3405851
   0.2869235   -0.1881051   -0.0284604
  -0.1232828   -0.2166257    0.4363879
   1.1191872   -0.1719425    0.3397954
  -0.0501742    0.1120472   -0.1398893
  -0.0775780    0.3848658    0.7135549
  -0.1313541   -0.2982602   -0.0502486
   0.0112841    0.0682685   -0.1434737
  -0.6217811   -0.0642591   -0.3495959
   0.1325579   -0.5531200    0.0042340
   0.0588649    0.1130522   -0.0909564
   0.1209758    1.4515438   -0.0478885
   0.3901256   -0.3457312    0.3901027
   0.0664718   -0.0075766    0.1624047
   0.0214904    0.0614024    0.6463838
   0.2682361   -0.4650796   -0.1939251
  -0.0539286   -0.0504289   -0.0771597
   0.5049372   -0.3056884   -0.0686831
   0.2429747   -0.0101823   -0.3905933
   0.0804539    0.0931271   -0.0058128
   0.1649165    0.9028350    0.7235639
  -0.3851685   -0.3343539    0.1705831
   0.0966453    0.0508587    0.0814406
  -1.1211952   -0.0042563   -0.4734717
  -0.7257906   -0.2891390    0.4795429
  -0.0501654    0.0069162   -0.0899005
   0.1641373   -0.1512043   -0.1461289
  -0.2394779   -0.6138593   -0.1042338
  -0.0904430    0.1265943    0.0832237
  -0.0151811   -0.5322448    0.1105094
  -0.1006462    0.4570798    0.4685245
  -0.0271361   -0.0428726   -0.1295434
   0.3139313    1.0803125   -0.1633004
  -0.2383140   -1.1452397    0.2312890
   0.0751734   -0.0444862   -0.0492768
   0.0860249    0.0007255   -0.7920209
   0.0951741    0.1720766    0.2612407
   0.0216527    0.1556079   -0.0892080
   0.8226247    0.0399330    0.2013030
  -0.7427800   -0.5235372   -0.2165046
  -0.2311758    0.1745880    0.0737466
   0.1204586   -0.9356604    0.2816404
  -0.5672262   -0.3754590   -0.2566341
  -0.1337119    0.0874181   -0.0614405
   0.2886050   -0.6273695   -0.0478689
  -0.2176587   -0.0322350   -0.0092534
   0.0120886    0.1052730    0.1272325
  -0.2591538   -0.3057257   -0.3762254
   0.6353428    0.1990989    0.8329525
  -0.1158349    0.0820260    0.0670730
   0.7321324   -0.3768514    0.5035902
   0.0189359    0.4383422   -0.2766345
  -0.2009398   -0.0871609    0.1017229
  -0.2798212   -0.1853567    0.0904949
  -0.1651291    1.1433772    0.0955146
   0.0579280    0.0905066    0.0791641
  -0.6057474    0.4295284    0.8594229
   0.1626639   -0.2234980    0.1531326
   0.1734381    0.0513665    0.0639598
   0.8470747    0.4947417    0.0573705
   0.2703015   -0.0022156   -0.3744728
  -0.0282189   -0.0137793    0.0132155
   0.4154498   -0.4568751   -0.7181008
   0.1085635   -0.2008828   -0.4631221
  -0.1468899    0.0322367   -0.0733817
   0.9550788   -0.3573262   -0.4272106
  -0.4178483   -0.1717940    0.4363714
  -0.0040596   -0.0152015    0.2060736
  -0.1112862   -0.2432600   -0.0861244
   0.2152324   -0.0049611    0.2598087
  -0.0634521   -0.0083905   -0.0443489
   0.2084049   -0.0051998    0.4094625
  -0.2493959   -0.1523361   -0.3063022
   0.0370050    0.0367296   -0.1199726
   0.3493709    0.3486651   -0.2371101
  -0.7579051   -0.3869736   -0.1865831
  -0.1699389   -0.0044324    0.0447383
   0.4349656    0.8667571    0.1514039
  -0.1520235   -0.2790567   -0.1530239
  -0.1516184    0.0227684    0.0237878
  -0.2610630   -0.2047388   -0.3898613
  -0.0407976    0.4594911    0.6312754
   0.1203632    0.0021152   -0.0645116
  -0.7851561    0.5441556    0.2116379
  -0.4243193    0.3291350    0.0581214
   0.0737193   -0.0608636   -0.0931475
  -0.5983993   -0.0307115    0.6540852
   0.1534695    0.3011460   -0.3544969
  -0.0054250    0.0706263   -0.0809552
  -0.1839761    0.5058079   -0.1715536
  -0.2338641    0.0414484   -0.3352813
   0.0980961    0.0534621    0.0512551
   0.3272417    0.0181859    0.0215338
   0.2147311    0.7439833    0.3694922
   0.2552265    0.1190762    0.0308213
  -0.4319316   -0.3413319   -0.1642639
   0.8645862   -0.4860854    0.4520138
  -0.0900767   -0.1631840    0.1622109
   0.5406874    0.5051378    0.6963682
   0.2144419   -0.2867053    0.0296246
   0.1288694   -0.0095605    0.0323284
  -0.0730342    0.0637073   -0.7369077
   0.1940615    1.0623106   -0.4132389
  -0.0350376   -0.0217474    0.0308395
  -0.3530602    0.5145395   -0.2407189
  -0.1641241    0.1901537    0.3609236
   0.1121165   -0.0151874    0.0176834
   0.4124146   -0.0602061    0.6746285
  -0.4075154   -0.8146800    0.1385076
   0.1015611    0.1287739   -0.0974093
   1.2797538   -0.2607188    0.5487164
  -0.4943576    0.0401721    0.2090346
  -0.1066637   -0.1516379   -0.0842189
  -0.0328962   -0.0226995    0.6461325
   0.6657270    0.1065926    0.5601129
   0.0562275   -0.0936606    0.2383036
  -0.8091732    0.4868827   -0.2043515
   0.3884616    0.1811981   -0.2751909
  -0.0954159    0.0797826   -0.0987062
  -0.2291190   -0.1301281    0.8116258
   0.1408475   -0.9030706   -0.9191158
   0.1426917    0.0196627   -0.0691003
  -0.0966351    0.8834239   -0.5256959
   0.4526195    0.2134061   -0.2860932
   0.1085966   -0.0413872   -0.0498332
  -0.0750161    0.0222588   -1.0191848
   0.3270938    0.3399131   -0.0607341
   0.1247140    0.0345862   -0.0810595
  -0.6371791   -0.1245339    0.3798126
  -0.4765965   -0.0021171   -0.4759881
  -0.0168859   -0.0350645    0.0696010
   0.6933306    0.0312968   -0.1943790
  -0.0666838   -0.5500664   -0.4093825
   0.0219092    0.0000880    0.0726247
  -0.4944165   -0.7132121    0.0363061
  -0.5912198    0.2444378   -0.1139087
  -0.0673867    0.1686628    0.0226523
  -0.1042361   -0.1097112   -1.3181535
   0.2583316    0.7176676    0.6016130
   0.2682624    0.0368697    0.0663624
  -0.4904454    1.1142731    0.0368718
  -0.7190819   -0.1050620   -0.4203900
  -0.3809154   -0.0063366    0.2098800
  -0.0872527    0.1990121    0.4896608
   0.4661705    0.0488524   -0.2143947
  -0.0645942   -0.0845863   -0.1770025
  -0.1002575    0.2117919   -0.2820292
   0.2343120   -0.0810171   -0.3183517
  -0.0239274   -0.1811307    0.1166956
   0.5233029   -0.5222846   -0.0869229
  -0.1072272   -0.6008620    0.7022908
  -0.1918722   -0.0288078   -0.0282021
   0.1269392   -0.4854423   -0.0982057
   0.7084831   -0.5333706    0.4495356
  -0.0505671   -0.2200136    0.0438780
  -0.1101029    0.5611405   -0.3754039
   0.1536111    0.7941356    0.7328196
  -0.0006577   -0.1235505   -0.1497787
  -0.2006068   -0.6581857    0.8843825
  -0.1358021    1.3885463   -0.0841159
  -0.0609783    0.1825465    0.0391587
  -0.5930393   -0.6194225    0.0100398
  -0.0371042    0.3945272    0.2786073
   0.0800469    0.1218562   -0.0148597
  -0.2182917    0.1910178    0.0467685
   0.5100943    0.1553700    0.2509858
  -0.0745154    0.1414832   -0.0963297
   0.1354601   -0.4150136   -0.2746471
  -0.2284653    0.5361905    0.1594359
   0.2572116    0.0530734    0.0324916
  -0.9638426   -0.0729351    0.2032048
  -0.7736779   -0.0297750    0.1887050
  -0.2211495    0.0186779   -0.0029830
   0.0690643   -0.1351390    0.3345221
   0.1456470    0.8624663    0.2435389
   0.1122356   -0.0141914   -0.2530413
   0.0138714   -0.0369236    0.0437481
  -0.0345499   -0.7219863   -0.2811897
  -0.1095921    0.1517721   -0.0252198
  -0.4833251    0.2680642    0.3696394
   0.2313582   -0.1710382   -0.2844268
   0.0080775    0.1599812   -0.0286268
  -0.5825685    0.3646266   -0.1727126
  -0.0404114    0.0380155    0.3237036
  -0.0714720    0.0573308    0.2893057
  -0.0407099    0.4142332    0.3875992
   0.5738398    0.1544104   -0.1829768
  -0.0076039    0.0851495   -0.1227026
  -0.7813362    0.9596338    0.1480580
  -0.1203212   -0.1387641   -0.7770999
  -0.0030903    0.0356512   -0.0403452
  -0.0836266   -0.1859324   -0.1508269
  -0.0526771   -0.2495880   -0.1302177
  -0.1458403    0.0505450    0.0365105
  -0.2864648   -0.1076618    0.3193653
   0.1906021   -0.7373065   -0.2298684
  -0.1915939    0.1312449   -0.0243368
  -0.1531155    0.2834169   -0.0968778
   0.0706337   -0.5705696   -0.2542947
  -0.0222859    0.0356503    0.1868855
   0.9772643   -0.0628057    0.5990818
   0.9977456    0.1479651   -0.6450223
   0.1048217    0.2940786    0.0822053
   0.4402329    0.0196387   -0.2590471
   0.0164316    0.1859017    0.3398528
  -0.0034077    0.1391179    0.0056815
  -0.8747319   -1.0473490   -1.0901579
  -0.4810721   -0.1393160   -0.0375165
   0.0383365    0.0207974   -0.0151900
  -0.0220939   -0.3831116    0.3582290
  -0.0780629   -0.4688310   -0.2522081
   0.1156260    0.1115158   -0.0700067
   0.7422316   -0.2504543   -0.0047386
  -0.0638567   -0.8206955    1.3742247
   0.3224291   -0.0371066   -0.0587281
   0.1784091   -0.3666397   -0.1980224
  -0.1288277    0.2747797    0.0792434
  -0.0668919   -0.0101499    0.1407446
   1.0049227   -0.2442826    0.8860830
   0.0661002   -0.2116852    0.0773446
  -0.0870333    0.0603997   -0.1598549
  -0.3574923   -0.0544789   -0.3300457
  -0.7970719   -0.3197494    0.5263858
  -0.1594796    0.1223160    0.0521921
  -0.4466482    0.6395149    0.0858084
  -0.9187485    0.0417606   -0.1170132
   0.0545670    0.1353940    0.0073985
  -0.1001447   -0.7682515    0.0316331
   0.0468084    0.4281780   -0.6428402
  -0.0114846   -0.0004387   -0.0473189
  -0.5449854   -0.5265176   -0.0255823
  -0.6444483    0.3647171    0.3515648
  -0.0820871   -0.0689701    0.0491522
   0.0174465    0.0102614   -1.0620524
   0.4177060    0.2365036    0.0686065
  -0.2513607    0.0347196    0.0664670
   0.7670016   -0.8444484    0.5538346
   0.1360072    0.3213851   -0.0406179
   0.0994897   -0.0299202    0.2083355
  -0.0454382    0.3274326   -0.0648929
   0.2505403    0.8870634   -0.2889867
   0.0482795   -0.0698570    0.0453822
   0.0586940    0.0260643    0.0590314
   0.6469756    0.0862118    0.6227720
   0.0812630   -0.0486380   -0.1075851
   0.5475034   -1.0840846    0.1219832
   0.0341352   -0.5863700   -0.0179137
   0.0523337    0.0334102   -0.0917579
  -0.7700757   -0.2400831   -0.3657990
  -0.2508757   -0.0818940   -0.6822858
   0.1311621    0.0862466   -0.0184209
  -0.4122275   -0.3606296    0.3189539
  -0.5802172   -0.4296489    0.3245674
   0.0081215   -0.1609316    0.0518345
  -0.2134295    0.1243596    0.4103990
  -0.1933008    0.5397133    0.1290290
  -0.1026106    0.0730013   -0.0553806
   0.5006331    0.1031051   -0.2898709
  -0.9649378   -0.2374295   -0.3973826
   0.0089978   -0.0010767   -0.1993683
  -0.2852648    0.0618794   -0.6484951
   0.3339290   -0.0301449    0.1431444
  -0.1283901   -0.0121427    0.1427761
   0.3230090   -0.6406256    0.5887968
  -0.2581970   -0.5191998   -0.3403504
  -0.0225439   -0.0504596   -0.0092578
  -0.1029855    0.3465355   -0.1778637
  -0.1347787   -0.2766409    0.1393630
  -0.0351784    0.2258050    0.0319716
  -0.5296909    0.3636211    1.0872345
  -0.1711172   -0.5397370   -0.5701213
  -0.0235137    0.1412978   -0.1277100
   0.6664080    0.6776121   -0.2105782
   0.5197725   -0.5851125    1.1274993
  -0.1271293    0.0206103   -0.0160703
   0.1439489    0.6177973   -0.0246115
  -0.0069999   -0.2580238    0.5468898
   0.0367340   -0.1746604   -0.0949847
  -0.4119326   -0.2503495   -0.0132008
  -0.3500000    0.8423978    0.0476645
  -0.0487991   -0.0961680    0.0528953
   0.3375601    0.0663890    0.1017093
   0.3498216   -0.4440288   -0.3601679
   0.1256965   -0.0807836   -0.0846820
   0.2398875    1.3467398   -0.0066454
  -0.4993696   -0.3832059    1.1018053
   0.0756958    0.0022425    0.1085557
  -0.0138319   -0.0451872   -0.0946324
  -0.2157463   -0.0137608    0.5493683
  -0.1508068   -0.1378974    0.0214425
   0.5662147    0.4677462    0.1935205
   0.1170813    0.2108432    0.1833257
  -0.0620656    0.0594390    0.0080950
   0.0619320   -0.3316723    0.6021998
  -0.3786742    0.4230523   -0.5791205
   0.0085291    0.0600518   -0.0044436
   0.0053957    0.2056463   -0.5313642
  -0.8371546    0.4217040   -0.5622067
   0.1241015   -0.0116155    0.1001602
   0.2444931   -0.0369797   -0.0661990
   0.2224286    0.7910564   -0.2770503
   0.1499302    0.0772981    0.0213983
  -0.8470261   -0.6729299    0.1410042
  -0.1341911    0.8629017    0.4173217
   0.0440821   -0.1790792   -0.0114044
  -0.0526876   -0.0958510   -0.6072590
   0.1498267   -0.3111255   -0.7469593
   0.0187114   -0.0936037   -0.1177475
   0.6390074    0.2025744    0.0035940
  -0.5757857   -0.6254889    0.4679144
  -0.0081212   -0.0386087   -0.0176732
  -0.6039187   -0.2908478   -0.0809915
   0.4022179   -0.6816478   -0.3203742
  -0.0505979   -0.0944310    0.0537836
   0.0123293    0.0295284    0.2926691
  -0.3112573    0.1135344    0.3633303
   0.1294345    0.0462808   -0.0009782
  -0.2214146   -0.3607892    0.0445026
   0.2151411    0.5447500    0.1895915
  -0.2173899    0.0104530    0.1037787
  -0.0202465   -0.1353376   -0.1370638
  -0.7072659    0.6644341    0.1966083
  -0.0376573    0.0505299   -0.2057699
   0.5731838   -0.5968773    0.1899641
   0.4455340   -0.7788662   -0.2820166
   0.0193906    0.1971117    0.0332355
   0.0592081   -0.2828076    0.0428606
   0.1860096   -0.3813412    0.4382806
   0.1681455    0.1109894   -0.2012061
   0.0019110   -0.6713889    0.6074678
   0.0747406   -0.6978719   -0.2517055
  -0.2010326   -0.0608399   -0.1286345
  -0.0063468    0.4003387   -0.2675352
   0.3089373   -0.2018551    0.6769635
  -0.0205290   -0.1607089    0.1091328
  -0.0212938   -0.6277727    0.0586200
  -0.1378079   -0.3017167    1.1548063
  -0.1682377    0.1856816    0.0431649
  -0.6417605   -0.5605347    0.0678243
  -0.6146050    0.1106539   -0.0558740
  -0.3657283    0.2225959   -0.0630993
   0.7964721   -0.1751886   -0.3060027
  -0.3079463   -0.2915387   -0.9482961
   0.0688228    0.0732146    0.1434866
   0.2904344    0.0643532   -0.1595828
   0.0762116   -0.2082794    0.3180571
   0.0552597   -0.3132350   -0.1112610
  -0.6024903    0.3435193    0.2680303
   0.1543263   -0.2482233   -0.1397430
  -0.0842011    0.1362534   -0.0808179
   0.4410052    0.4714699    0.0933174
   0.2208132    0.4020045   -0.1803944
  -0.0362042   -0.1252909    0.1028052
   0.0856794   -0.1372821   -0.0792922
  -0.0797879   -0.1709578    0.6589127
   0.1927279   -0.0120925   -0.0416644
   0.1414600    1.0344675   -0.3256204
   0.4361983   -0.4327274    0.2897846
  -0.0292508    0.1109275   -0.1078320
  -0.0031543    0.1001400    0.6318800
  -0.4578938   -0.2361869   -0.6698164
   0.1023644   -0.1379588   -0.0161952
   0.0242709    0.3173328   -0.3246874
  -0.1220820    1.3991401    0.6515744
   0.0354347   -0.2305257   -0.1308359
   0.1508447    0.7701613   -0.3234441
  -0.1845130   -0.7438730    0.3460875
   0.0796356    0.0520117    0.0660396
   0.2565936    0.1129174   -0.1865370
  -0.4672669   -0.8230136   -0.4499746
  -0.0710741    0.0176441    0.1639499
   0.1366129    0.3969485   -0.3066655
  -0.2445169    0.6089943   -0.2674232
   0.0549041    0.0273425   -0.0962033
  -0.2972616    0.6711168   -0.1473731
   0.3124664    0.4220269    0.0961147
   0.0190671   -0.1303291   -0.0491948
  -0.3010181    1.6153649    0.4926434
  -0.0021244    0.4626516    0.3052726
  -0.0812828   -0.2572164   -0.0208642
  -0.7673174    0.3314830   -0.8019958
   0.3360919   -0.7058778    0.8192472
   0.0845757    0.0348836    0.0669719
  -0.5775273   -0.4305064   -0.2222625
   0.2506992   -0.0417205   -0.0798768
  -0.0356786   -0.0795203    0.0200327
  -0.4237742    0.4325405    0.5166454
  -0.7167057    0.6930419    0.5167353
   0.1083302   -0.2893366   -0.1408744
  -0.1441208    0.4434597   -0.3871868
   0.0723145   -0.2282613    0.2062433
   0.0946112   -0.0283675   -0.1124377
  -0.2155270   -0.2173074   -0.2674860
  -0.2943154   -0.7626772   -0.1389186
  -0.0345681   -0.1796548    0.0388042
  -0.3751334   -0.3793881   -0.3344209
  -0.7102877   -0.2381901    0.3167093
   0.1792309    0.0324843   -0.0773040
   0.1258510   -0.4683078   -0.1977346
  -0.0069808    0.0465151   -0.3747028
  -0.0457747    0.0670455   -0.0293270
   0.8793205    0.1037854   -0.3173284
  -0.5486678   -0.1683996   -0.9574974
  -0.0231001    0.1433586    0.1552011
   0.0796570   -0.2148578    0.3981420
  -0.5017796    0.1282327    0.0975419
   0.0028152    0.0360519    0.1899254
  -0.1397064    0.0207875   -0.4952421
  -0.2320116    0.0362440    0.4143707
  -0.1421571    0.0930369    0.0607833
  -0.2455168    0.3516915   -0.2174381
  -0.6090974   -0.5946735    0.0616340
  -0.0630817   -0.1077692   -0.0382747
  -0.5331305    0.1511493    0.1732951
   0.4269518   -0.0379928    0.1994181
   0.0790214    0.0654438   -0.0170496
   0.2514310   -0.6657395   -0.1474672
   0.0582942    0.6335528   -0.3514347
   0.1570481   -0.0185940    0.0885024
  -0.3647403    0.2856602   -0.4850805
  -0.2318602    0.5231305    0.4294517
   0.1386953   -0.1512147   -0.2131578
   0.2379981    1.4246644   -0.2119441
  -0.9520801    0.1931712   -0.1830663
   0.0779839    0.1616462   -0.0787042
   0.0848290   -0.2672850   -0.4603748
  -0.1794798   -0.3192931   -0.1864653
   0.0814590   -0.0576398   -0.0385311
  -0.5260445   -0.1745180    0.2569521
   0.1878297    0.3489049   -0.1264976
  -0.1346632    0.1589676   -0.0941675
  -0.2214444   -1.0348703   -0.3718024
  -0.0984724    0.3221252   -0.5359731
   0.1580804   -0.0719205   -0.0752768
  -0.4269133   -0.0298772    0.0137538
  -0.8069488   -0.0667075    0.2322542
  -0.1480677   -0.0454927    0.1872195
  -0.2111191    0.4356535   -0.5118668
   0.5551450    0.5901386    0.1768452
   0.1936317    0.0869748    0.2027901
   0.3450855    0.7552999   -0.0791710
  -1.0804712    0.3342912   -0.0217820
  -0.0504825   -0.0088958   -0.0586045
   0.0788287    0.2389772    0.5468503
   0.3060777   -0.2030946    0.1184028
   0.1411585    0.0425320    0.0667299
  -0.8556406   -0.1255471   -0.5791099
   0.0001455    0.3312512   -0.3760124
  -0.1482949   -0.0272990   -0.1720850
  -0.2536157    0.7126746    0.2108718
  -0.3710059   -0.4130854    0.1135197
  -0.1044332    0.1380685   -0.1254309
  -0.3614149   -0.5365276    0.6785539
  -0.1913722   -0.3649345    0.0717968
  -0.0811128    0.0326579   -0.2487637
   0.1966345   -0.6527236   -0.1819402
  -0.1070072   -0.2807183   -0.1411394
  -0.0416576   -0.1667001    0.0658123
   0.2459585    0.2390253    0.0405132
  -0.1783734    0.2006490   -0.5711231
   0.1251218   -0.1197169   -0.1923035
  -0.5310037    0.4894216   -0.5318868
  -0.3379863   -0.0557089    0.2730583
   0.1148732   -0.2693108    0.0531164
  -0.1448620   -0.4330235   -0.2197881
   0.5481942   -0.5389370   -0.2985183
   0.1118900   -0.2423156    0.0862872
   0.4433536   -0.0031554   -0.6663091
  -0.0938231   -0.0548342   -0.2918081
   0.0117527   -0.0391396   -0.1480796
   0.1720714    0.0941264    0.1967992
  -0.0566254    0.0198672    0.0641486
   0.0446316   -0.0400334   -0.0722141
  -0.1743125   -0.4646735   -0.4862365
  -0.1335520    0.0092716    0.1759534
   0.0422928    0.0137739    0.0300718
   0.0724618    0.0511324    0.1424571
  -0.2933990    0.6598163    0.8160986
  -0.0062860    0.0378126   -0.0273550
   0.1937499   -0.4821594   -0.1853186
   0.3549778   -0.4214877   -0.1724081
  -0.0448150    0.0444030    0.0261673
   0.1880577   -0.8765941   -0.2444214
   0.3398539    1.1234345   -0.1610532
   0.0265727    0.1180476    0.0402499
   0.4650590    0.2595237    0.0172884
  -0.1540702   -0.3156191    0.9915543
  -0.0353053    0.2275395   -0.2197691
  -0.1557809    0.7834908    0.8256268
  -0.0377656   -0.3620716   -0.4581014
  -0.1828357   -0.1456063    0.1455288
   0.5192095    0.3067130    0.6296726
   0.5452700   -0.5513613   -0.7054798
   0.0228664    0.0281805    0.0182515
  -0.2174927   -0.0862961    0.3085441
  -0.3413061    0.1553360   -0.6395600
  -0.1671587    0.2295903   -0.0260100
  -0.0360760   -0.4764972    0.4950826
  -0.0899239    0.8670169   -0.7001196
  -0.0047325    0.1124619   -0.1074817
   0.1488197    0.1106648   -0.7496369
   0.2994548   -0.3421783    0.4565073
   0.0835272   -0.0277878    0.2036694
   0.0684363    0.3977440   -0.4091907
   0.1178472    0.0266008    0.3761750
   0.0510135    0.0140979    0.0152984
  -0.2994812   -0.9192849   -1.1237600
  -0.0529684   -0.3180575   -0.2966981
  -0.0069019   -0.1731822   -0.1212735
   0.3259422   -0.2893005   -0.4314911
  -0.8318968    0.2532893   -0.4570020
  -0.0260237    0.0645060   -0.0122726
  -0.7176648   -0.1840598    0.0215234
   0.1941708   -0.1251142    0.0647301
   0.0427065   -0.1567288    0.2163436
   0.2706374    0.3350999   -0.2202928
   0.1161441   -0.6171959    0.3565122
  -0.0329739    0.0525718   -0.0427269
  -0.2048213    0.4949453   -0.0175484
   0.1200867   -0.6450220    0.0351158
   0.1345339   -0.0775160   -0.0100156
   0.0306452    0.5144248    0.2266845
  -0.3498704    0.5247354   -0.1133424
   0.0351593   -0.0941025   -0.0502191
   0.6638365   -0.7511696   -0.3134988
  -0.0259337    0.0727088    1.2127973
  -0.0291707   -0.1733143    0.1113010
   0.1805187   -0.6890978    0.5366188
   0.5852204   -0.3294451   -0.3537099
  -0.0295613   -0.2330414   -0.0606677
   0.1402627    0.1932848   -0.1697962
  -0.2937739   -0.1414255    0.6626413
   0.0601106   -0.1271182   -0.0022290
  -0.3926538    0.1261908   -0.6252679
  -0.2397408    0.0595822   -0.9261332
  -0.0570354    0.0480883    0.1011077
  -0.3637907    0.2788283   -0.2519899
  -0.3964989    0.5735262    0.3622649
  -0.0129301    0.1009306   -0.2045689
   0.1282517   -0.4710467    0.0775919
   0.1283092    0.8609079   -0.4921034
  -0.0469774    0.0254955   -0.1467468
   0.0337929   -0.5950848   -0.2794428
   0.0845409    0.2558742   -0.4625401
   0.1144277   -0.1292885    0.0686263
  -0.0312211   -0.1181713    0.5011662
  -0.2058769    0.7871466    0.0700014
   0.0716834    0.0416866   -0.0069778
  -0.6327039    0.2700115    0.4372257
  -0.7184596    0.0769509    0.0442236
   0.0397594    0.0701814   -0.0948247
   0.6459967   -0.0093860   -0.5332545
  -0.2835757   -0.1650883    0.3948286
   0.0094841   -0.0343744    0.1140868
   0.2193278   -0.0344687    0.5251879
  -0.4800330    0.8599706    0.1325035
   0.1668870    0.1132720   -0.0819519
   0.1104799   -0.0333067    0.3626861
  -0.4643348   -0.1689006    0.9179257
  -0.0973732    0.1663020    0.0086550
  -1.1000403    0.1530270   -0.0071410
  -0.5080215    0.2669230   -0.3194577
   0.0427378    0.1119722    0.0212743
   0.5965723   -0.1945748   -0.4649415
   0.2194395    0.5532386   -1.1554114
  -0.0929917   -0.0503676    0.1132111
  -0.5616026   -0.9588318   -0.8185623
   0.3044727    0.0354462    0.1696452
  -0.1858605    0.1138392   -0.1020609
   0.1562999   -0.1791326   -0.3980559
   0.3223972    0.2682551   -0.0068215
  -0.1828801    0.0753145   -0.1600735
  -0.1008526    0.7221894    0.4931800
   0.4858936    0.9488816   -0.3736958
   0.0251966   -0.0355834   -0.0110537
   0.3233317   -0.1814037    0.6604663
   0.1659400    0.0773517    0.0019778
   0.0027716    0.1748497    0.0308431
  -0.6348042    0.3624853   -0.2928957
  -0.3322093    0.8672230    0.0383103
   0.0592142    0.0073730    0.1379822
  -0.4352840    0.1664187    0.3225008
  -0.7373546   -0.0572223   -0.1668878
   0.0230241   -0.1183864   -0.2540310
   0.1860367   -0.2447467   -0.2380214
   0.2436504   -0.2625221    0.9113923
   0.0524706   -0.0144648   -0.0325077
   0.2448940   -1.0558043    0.5061052
   0.0889237    0.6812287    0.1358682
  -0.0068792    0.0224370   -0.1193419
  -0.2098029   -0.4847427   -0.6606930
   0.0576907    0.0888608    0.2165467
   0.0551242   -0.0335948   -0.1310895
   0.6895809    0.4194270    0.7855883
  -0.0997722   -0.3805942   -0.3840648
  -0.1079091    0.0082934    0.0310656
  -0.2464581   -0.8722537   -0.5005330
  -0.8130102    0.1997827   -0.0070935
  -0.0139369    0.0678120    0.0190145
   0.6477721    0.1209265    0.2341709
  -0.0259756    0.0158284    0.6469461
  -0.2368679   -0.0206235    0.0841684
  -0.5319276    0.1577532   -0.1708247
  -0.2778041   -0.0788616    0.1028768
   0.0174483   -0.1942943   -0.0271501
  -0.0940763    0.8170670   -0.8760794
   0.6914316    0.2319508    0.1364806
  -0.0833096   -0.0419248   -0.0472613
   0.2147205    0.1854617   -0.1191608
  -0.5557014    0.0492749   -0.3957749
   0.0901485   -0.1430800   -0.1937895
   0.4823326    0.0762387   -0.2562814
   0.3780149    0.0206468   -0.0524420
  -0.0309248   -0.0599226   -0.0908143
   0.2921551   -0.0399607    0.1497224
  -0.5397913   -0.1713233    0.1441335
   0.0046972   -0.0176497   -0.0360582
  -0.6238395   -0.8177470    0.0317301
   0.0151105   -0.0936608    0.2672663
  -0.0259603   -0.0954155   -0.0313841
   0.4815443    0.0923893   -0.2025311
  -0.0130345    0.0512539   -0.1233944
   0.0378189    0.2051409    0.0367462
  -0.4763340   -0.3187510    1.0522692
   0.1829838   -0.0813471   -0.3334228
  -0.0753664   -0.1052495    0.0914559
   0.3039137    0.6345967    0.6147100
   0.0300300    0.6407109    0.0024955
   0.0118250   -0.0210759   -0.1028759
   0.2261790    0.5013011   -0.4856990
   0.4202474   -0.3669273    0.2441981
  -0.0552739   -0.0536983    0.0433434
   0.1043541    0.2803877    0.5969595
  -0.1080346   -0.2656390    0.9905763
  -0.0431933   -0.2254771   -0.0323346
  -0.1914758    0.2531690   -0.6667911
   0.0542399    0.1335097    0.4856159
  -0.1235815    0.0241636    0.0664024
   0.1981539    0.2996571   -0.1082843
  -0.3652144   -0.4033723    0.3824305
   0.0566344    0.1891911    0.1945944
   0.4451181   -0.1221689    0.5299594
  -0.7492011   -0.0714741   -0.1202254
   0.0304034   -0.0071713   -0.1161992
  -0.5935811    0.7725634    0.4743307
   0.4801286   -0.1797034   -0.5721242
  -0.1592546   -0.2117651    0.0918559
   0.2764584    0.0567717   -0.2025598
  -0.3414871   -0.3217908   -0.2766787
  -0.0287507    0.0854212   -0.1049371
  -0.1263140   -0.0455585   -0.8539978
  -0.0775578   -0.6372314    0.2425736
  -0.0611023   -0.1581099    0.1246868
  -0.1755518   -0.0926955   -0.4966894
   0.8394688   -0.2126067   -0.0985483
   0.0605267    0.0556159   -0.0597855
  -0.1982762   -0.1711736    0.0163259
  -0.0287167   -0.3024093    0.5441140
  -0.0558181    0.0277874   -0.1326884
   0.6834067    0.4531762   -0.0741911
  -0.7507143   -0.5431550   -0.6324087
   0.0434458    0.1437728    0.1348295
   0.1322387   -0.6859832   -0.5138794
   0.5739782   -0.0193239   -0.2058293
   0.2626302   -0.1005311   -0.0837281
   0.5936965    0.1222506    0.3051292
   0.2282279    0.1879684   -0.1234145
   0.0191250    0.0991957    0.0282316
  -0.0528683   -0.1907608   -0.0951796
   0.4817285   -0.7014797   -0.0978561
  -0.0911710    0.0645281    0.1029782
  -0.8161467    0.1579790   -0.3293395
  -0.3181750   -0.0052418    0.1513053
   0.0954856    0.0579764   -0.0975350
  -0.3837982   -0.5041396   -0.0692830
  -0.0862546   -0.6716802   -0.4644124
   0.0665367    0.0534427    0.0043288
  -0.4138547   -0.3006631   -0.1033364
   0.4717494   -0.1289559   -0.4961442
   0.0787405    0.2009438    0.2272846
  -0.0472722   -0.0434536   -0.3958041
   0.0663338    0.2637369   -0.0861631
   0.0534925   -0.0110555   -0.0294855
  -0.5485147    0.0894682    0.1713848
  -0.2476237   -0.0752700    0.0156266
   0.1077170    0.0727126   -0.1610319
   0.1634184   -0.2827865    0.7236634
  -0.2679827    0.1487093   -0.3358400
   0.0776922   -0.0379165    0.0667089
  -0.1132492    0.2522322    1.2459449
  -0.1026622    0.1598309   -0.0452690
  -0.0591375   -0.1039347   -0.0928885
   0.0599135   -0.2704156    0.4224153
  -0.4639806   -0.1824317   -0.0616244
  -0.3141460   -0.1437793    0.0344834
   0.0361596    0.0649087   -0.5261906
   0.0839722   -0.2665217   -0.4874621
   0.1503096    0.0059390    0.1158979
  -0.5085246    0.2172980    0.0738831
   0.0717635    0.4031806   -0.2745296
  -0.1126019   -0.0726846    0.0772395
  -0.5148566    0.0948412    0.2478332
  -0.7088721   -0.7777169   -0.0894876
   0.1051876    0.0909915   -0.2318405
  -0.3538634   -0.4955875    0.2693559
  -0.2469515    0.2055245    1.0394390
   0.0711467    0.1123804   -0.2208672
  -0.0410342    0.1269759   -0.0696150
   0.1904736   -0.2338776   -0.1254111
   0.0244132    0.0651553   -0.0803482
  -0.5057284    0.0262667    0.6113647
  -0.3760614    0.2334639    0.1674141
   0.1111285   -0.1772811   -0.1964059
  -0.0392251    0.2656236    0.0518128
  -0.3191879    0.3532121    0.3238372
  -0.0495807    0.0084663   -0.0190409
  -0.2744822   -0.2000410   -0.1680433
  -0.4595952    0.3418437   -0.4499763
  -0.1871687    0.1252770    0.1423006
  -0.1589075    0.0889687   -0.0409448
   0.4502430   -0.1388783   -0.1329512
   0.0729811    0.0174278    0.1501543
  -0.5033019   -0.2791480    0.3748450
  -0.4041985   -0.0082630   -0.3060663
   0.0681183   -0.1636504   -0.1711665
   0.7048847    0.2789846    0.0494175
   0.1668458   -0.7351003   -0.0471358
  -0.1585518   -0.1014247   -0.0615406
  -0.1105341    0.2182293    0.2312912
  -0.4881779   -0.0846642   -0.2650424
   0.1130293   -0.1252563   -0.1060632
   0.7276555   -0.3581359   -0.5609555
   0.2801306    0.0082598    0.2416777
  -0.0486850    0.0001676    0.0910534
  -0.0182786   -0.1941439   -0.2651283
  -0.5080520    0.3359670    0.3103210
  -0.0011739   -0.0708789   -0.0983197
  -0.3880769   -0.7179393    0.0148887
   0.0421342    0.7651860   -0.0583430
   0.1241595    0.0713509   -0.2586601
  -0.6713865   -0.3109316   -0.0692844
  -0.1565349    0.0027408   -0.0716640
  -0.1386977    0.1220544   -0.1171678
  -0.6024089    0.0001647    0.0560061
  -0.6533297   -0.1224550   -0.2164786
   0.0868300    0.0539243   -0.0776008
  -0.0498491   -0.0914388   -0.3492828
  -0.7024021    0.3764445    0.3328203
   0.0347613    0.0065520    0.1340990
  -0.5763145   -1.0798020    0.6791515
  -0.0445367    0.4584565   -0.5261720
  -0.0550796    0.1291479    0.1228449
   0.3058709    0.1982741   -0.1650707
   0.0008306   -0.3431937    0.0352471
   0.0141431   -0.0116249   -0.0853561
   0.2000944    0.9013116    0.4673928
  -0.0369633   -0.5005053    0.2675395
  -0.0043080    0.1731306   -0.0051201
   0.0484420    0.2255651   -0.2991319
  -0.1981135    0.2960677    0.2400278
   0.0527215   -0.1268061   -0.0338713
  -0.5066256    0.0787287   -0.3721265
  -0.1979871   -0.1866326   -0.4169872
   0.0295772   -0.1959282    0.0157985
   0.6158981    0.4612353    0.7080643
   0.2926588    0.0796528   -0.1217444
  -0.1641987   -0.0671956    0.1024337
  -0.6057352   -0.1187933    0.2045367
   0.2050129   -0.6352344    0.2428203
   0.0605448   -0.1017444   -0.0178455
  -1.0338223   -0.1821927   -0.0742316
   0.2825491   -0.3471580    0.0093667
  -0.1539396   -0.0009198   -0.2761002
  -0.5121476    0.1468885   -0.1718034
  -0.5579495    1.0365765    0.0562564
  -0.1490986   -0.1923745    0.0465207
  -0.0846251   -0.3852901   -0.3347870
   0.0936130    0.4659437   -0.0296465
  -0.0261894   -0.1170129   -0.0951544
   0.6501919   -0.2582251    0.2206369
   0.7446618    0.2288584   -0.4317172
  -0.0140966    0.0889760    0.0975065
   0.0202941   -0.0957333   -0.1483292
  -0.2672454   -0.7077726    0.2476345
  -0.1409030    0.0523387    0.0922500
  -0.2874531    0.3833170    0.1509344
   0.4806329   -0.0631886    0.2729078
   0.0377870   -0.0399050   -0.0747126
   0.1520054   -0.0109415   -0.7770526
  -0.1380921    0.0819410   -0.1599924
   0.2149525   -0.0935856   -0.0656870
   0.2345165   -0.3410752   -0.0891115
   0.2988246    0.8791856    0.1188639
  -0.1188367   -0.1683946    0.2427609
  -1.0158604   -0.2771732   -0.1990625
   0.4072050   -0.3085448   -0.1174292
  -0.0645086    0.2836939    0.0605326
  -0.5785688    0.8890690   -0.2106232
   0.2283053    0.6207495    0.5183406
   0.1341027   -0.0149461   -0.0233375
   0.8722679   -0.8349167    0.2825597
   0.5224215    0.8494183   -0.3013978
   0.0998245    0.2675988    0.1264042
  -0.7534373   -0.5488315    0.3217424
   0.4733609   -0.2736209   -0.2461778
  -0.0242460    0.1819648    0.0610756
  -0.2212222   -0.4322879    0.5409073
  -0.4713349   -1.0177841   -0.0095753
  -0.0935951    0.1514867    0.0359224
   0.0846631   -0.3694890   -0.5768505
   0.1806410   -0.5348978   -0.1695288
   0.1540472   -0.0352664    0.0258650
   0.1164668    0.1316973    0.0510084
  -0.4225059    0.3331185   -0.0784543
   0.3231783   -0.0093099   -0.1535696
  -0.1546576    0.4613594    0.2872746
   0.4646960    0.2766918    0.2741028
  -0.1621728   -0.0292239    0.0559558
  -0.2560840    0.2937360    0.0309368
  -0.3831200   -0.1389870   -0.3868531
  -0.2958109   -0.0028715    0.1104154
   0.2084145   -0.0942177   -0.4577969
   0.0557915    0.0850504    0.2270573
   0.1618012   -0.0120582   -0.0896429
   0.1016701   -0.3386091    0.5012776
   0.1884422   -0.4004228   -0.2124369
  -0.0669979    0.0310595   -0.1383687
   0.2097651   -0.4118968    0.3804319
  -0.7634232   -0.6081964   -0.1469391
  -0.1373710    0.1644422    0.0735153
   0.0067535   -0.9080353    0.0198584
  -0.1510234   -0.5881656   -0.0964368
  -0.0129767    0.2598350   -0.0233246
  -0.9824351    0.4173807    0.6280912
  -0.5061545   -0.3894100   -0.1849904
  -0.0845762   -0.3075026    0.1698022
   0.2290826   -0.3046739   -0.5211843
  -0.1585992    0.2188266    0.1295894
  -0.0600975   -0.0968206   -0.0293827
   0.1122951   -0.3404668   -0.1041708
  -0.6307908   -0.0963087   -0.9249477
  -0.0503121   -0.0301238    0.1068291
  -0.2094411   -0.2360769    0.4043109
   0.6440876    0.3829660    0.3586412
   0.1767540    0.1575797   -0.2443289
   0.0651601   -0.0856187   -0.2015925
   0.8959236    0.0148410   -0.7746878
   0.0091273    0.0028637   -0.1556167
   0.5112506   -0.1095162    0.4045824
   0.0899238   -0.3060382    0.3374891
  -0.1816026   -0.0947765    0.1039457
  -0.0407053   -0.2354116   -0.1587901
  -0.2430604    0.1909456    0.3464954
  -0.2182314   -0.1765268    0.1485574
  -0.5432116   -0.3916798    0.0830466
  -0.3464370   -0.8521957    0.1981756
  -0.2590731   -0.0864861   -0.1130867
  -0.5354014    0.0421621   -0.2443274
   0.5892652   -0.1608470   -0.7053149
   0.0205020    0.0568891    0.1211519
   0.0978303    0.0346862    0.5940056
  -0.2112133   -0.0137280   -0.2128062
  -0.0362870    0.0842238   -0.0236296
  -0.2271149   -0.8328495   -0.0581477
  -0.1020498   -0.0102127    0.6591874
  -0.1902506    0.1047045    0.0506373
  -0.3640131    0.2482239   -0.0618152
   0.1993708    0.2540972   -0.1306936
  -0.0995004    0.0652922   -0.0403338
   0.6784611    1.0036618   -0.0579847
   0.2158179    0.0107491    0.1716425
  -0.2309400    0.0373756    0.0390532
  -0.4295077   -0.0240957    0.4334775
  -0.1074218    0.4293325   -0.4286022
   0.0555003    0.0540326   -0.0293113
  -0.1145234   -0.0979147   -0.2278700
   0.8036129    0.0850119    0.0424602
   0.2164688    0.2241840    0.0409507
   0.2249583   -0.6604354   -0.3460726
   0.1758665   -0.5025738    0.8692045
  -0.1413580    0.0837920   -0.0024099
   0.2883608    0.0604565    0.0345390
  -0.0015380    0.4272080   -0.0573752
   0.0416251    0.0347884   -0.0520125
   0.0194617    0.1973708   -0.2284784
  -0.0208521   -0.1529229   -0.1114030
   0.0376172    0.1144162   -0.0123700
   0.6675550    0.4174933    0.1903066
   0.1039131   -0.0958779    0.3919003
   0.1245352   -0.0155807   -0.1134441
  -0.4864309   -0.5264720    0.4525540
   0.2810788   -0.1638951   -0.7332997
  -0.1261659   -0.1861639   -0.0676362
  -0.1617346   -0.0922625   -0.7450242
  -0.4734475   -0.3576812    0.5469418
  -0.0301560    0.0520519    0.1012312
   0.0040947   -0.3059102   -0.4666778
   0.1659209   -0.7361524    0.3312130
  -0.2520973   -0.0276113   -0.1224701
  -0.0127064   -0.5023397    0.4641512
  -0.2752723   -0.4615966   -0.1162208
   0.1293390    0.0513292    0.0927158
  -0.7329186    0.5168112   -0.1401675
   0.5130518   -0.5173156    0.5525567
  -0.3450118   -0.1605435    0.0596810
   0.2772125   -0.4129441    0.3301402
   0.0861720   -0.4748762    0.3615910
  -0.2169609   -0.0570989    0.0477447
  -0.6518133   -0.6277666    0.1202856
  -0.4553505    0.2047270   -0.3690970
  -0.0166749   -0.0459053   -0.0753442
  -0.1123730    0.4773436   -0.2818680
   0.0518120   -0.1290600   -0.2267074
   0.1380705   -0.0910616    0.1155396
   0.4573735    0.4836632   -0.1963701
   0.5465738    0.2534652   -0.1949859
   0.0262271    0.0507392   -0.2164065
  -0.1437026   -0.5822334   -0.2810722
   0.1791038   -0.6699070   -0.4497283
  -0.0457300   -0.1766697   -0.1186956
  -0.3763925    0.2532175    0.4172582
  -0.2003492   -0.7169058    0.0431472
  -0.0045309    0.1299679    0.1198904
   0.3762934   -0.5219061   -0.1520956
  -0.1992398    0.3629938    0.0662698
   0.1068322    0.0957523   -0.0726145
  -0.0260729    0.4222848    0.5983445
   0.0155412    0.0529851   -0.2443138
   0.1228885    0.1280697    0.0023946
  -0.1599042    0.3297807    0.7358899
  -0.7406733    0.5465052    0.4582538
  -0.1035131    0.2392683   -0.0572542
   0.0304854    0.0628555    0.0011887
   0.0872700    0.3365871    0.2626332
  -0.0756910    0.0834426    0.0011055
   0.3751314    0.6712804   -0.4225172
   0.7838125    0.4044713    0.1203530
   0.0377431   -0.2512127   -0.0452826
  -0.5623646    0.1357130   -1.0305300
  -0.1337350    0.6709816   -0.4469357
  -0.0002085   -0.0918983   -0.0331180
  -0.0691076   -0.1996668   -0.6160808
  -0.0641290   -0.0497194   -0.1538949
  -0.1930276    0.1649617   -0.0970611
  -0.4970455   -0.1934496   -0.9736989
   0.7763566   -0.6482347    0.3096206
   0.0314803   -0.2013423    0.0523613
   0.4998903    0.2353725    0.0055183
   0.4239025   -0.8528732    0.7975743
   0.0027594   -0.1234915   -0.2625706
   0.0301554    0.3432071    0.4226677
   0.2320137    1.1679064   -0.0437012
  -0.0415412    0.0153372   -0.0349836
   0.6604974   -0.8239388   -0.9763224
  -0.1697720    0.2098877   -0.2103152
  -0.0178518   -0.0177269    0.0149409
  -0.2274717    0.8011867   -0.5078333
   0.6164678   -0.4979476   -0.0523346
  -0.3498975    0.0835314    0.0613189
  -0.5611362   -0.5730613    0.0866582
  -0.4348605   -0.7737176    0.0278369
  -0.0358059    0.0072942    0.0402039
  -0.3022382   -0.1778060    0.4267486
  -0.0788100    0.4636241    0.4249607
  -0.1315787   -0.1760265    0.0793457
  -0.4880817    0.0817153    0.2744175
   0.5156097    0.2849266    0.2547910
  -0.0273856   -0.0541640   -0.0130615
   0.0873294   -0.6650334    0.0140142
   0.4183021   -0.4817050   -0.6611102
   0.0851865    0.0374695   -0.1154353
   0.3109957    0.1829612    0.1195669
  -0.0934838   -0.9276674   -0.0941013
  -0.0021015    0.2045172   -0.0008652
   0.2290587   -0.2636361   -0.1859446
  -0.7747952    0.4862721    0.4347214
   0.0050048    0.0313606   -0.0435373
  -0.1490654   -0.7269543   -0.4293520
  -0.1416159   -0.0586989    0.0585824
  -0.0986856   -0.0672813   -0.0368558
  -0.3472107   -0.1880454   -0.5676812
  -0.4799920    0.4329894   -0.2182552
   0.0812722    0.0698984    0.0282220
   0.2558616   -0.1900054    0.0658714
  -0.3214400    0.9832097   -0.8019605
  -0.1382527   -0.0922513   -0.1548146
  -0.4991792    0.4336897   -0.2422897
  -0.3548204   -0.2732494    0.3009747
   0.0048431    0.1516097    0.0313367
   0.1648925    0.0004630   -0.1770838
  -0.7010272   -0.1186795    0.4589974
   0.1681616   -0.1278272   -0.1465415
  -0.3032456    1.1550308    0.1455153
   0.6378070   -0.8788803    0.6008433
  -0.0945535   -0.0078325    0.1005678
   0.2676684    0.4331207   -0.0865740
  -0.2769051   -0.5944944   -0.3175137
  -0.1335050    0.1028420    0.0414765
  -0.2150706   -0.1609954    0.4923123
   0.1715698   -0.0441129   -0.1228695
  -0.0781613   -0.1057540   -0.1018664
  -0.1385652   -0.5486858   -0.0258898
  -0.2201807    0.1814795    0.3812658
   0.0173468   -0.0266754   -0.1083672
  -0.3112317   -0.9801776    0.3192705
  -0.8310708   -0.3571690   -0.9326912
   0.0005920   -0.1321533   -0.0097810
  -0.4020074   -0.0336468    0.3109510
   0.5382689   -0.3832041   -0.8636148
   0.0850849   -0.2128972   -0.0026606
   0.5211739    0.6874533    0.2222061
   0.6088606   -0.4311635   -0.5042357
   0.0624516   -0.0743949    0.0622530
  -0.1328529    0.0633586    0.8130568
  -0.5721057    0.0551985    0.2228332
   0.2401575   -0.0336302    0.1351072
  -0.3440802   -0.3939783    0.1629209
  -0.5368003    0.0637628   -0.1754059
   0.1141116   -0.1097146    0.0349470
   0.0836033   -0.2247334    0.1937725
   1.0594219   -0.8498235    0.5249717
  -0.0686198   -0.2062800    0.2250987
   0.1163841   -0.1297609    0.3034420
  -0.2562658    0.5139537    0.5539576
   0.0549001   -0.0385858    0.2051144
  -0.1323948   -0.1372766   -0.1611432
   0.9336578   -0.1397620    0.2564824
   0.0489103    0.1472655   -0.0988275
   0.9272593   -0.1973004   -0.2439483
  -0.2988394   -0.3184147    0.3932117
  -0.0286018   -0.0157782   -0.0143014
  -0.0743562   -0.0147307    0.3383945
  -0.2146063   -0.0964321    0.2127237
   0.0469278   -0.0862948   -0.1029110
  -0.6435865    0.3233290   -0.7247886
  -0.3282112   -0.8423653   -0.1987255
  -0.0190621    0.1798920    0.0566098
  -0.2533688   -0.2601615   -0.1167666
   0.2621045   -0.5732726    0.1043965
   0.1512805    0.0096444   -0.1751722
   0.8769894    0.9631411   -0.0830498
   0.3290902    0.0083520    0.3532119
   0.0782492    0.1319205   -0.2174023
   0.5155326   -0.1307523    0.0218815
  -0.5386326    0.7937195   -0.1515479
  -0.0949908   -0.1450383   -0.0624282
  -0.2129640   -0.9162605    0.5621284
   0.1698435    0.5974153   -0.0521448
   0.1729992   -0.1329129    0.0994381
   0.3911772   -0.8531523   -0.8047397
   0.0476090    0.1371052    0.1607097
  -0.2112573    0.0529605    0.1281559
  -0.4368715   -0.2450015    0.1144605
   0.1515809    0.8067468    0.8091087
  -0.0631467    0.2369442   -0.0503695
   0.0746613   -0.3027251    0.2688039
   0.2030192    0.2343770    1.1198896
  -0.0748980   -0.0329463   -0.0824675
   0.2637174   -0.1090692    0.4548416
  -0.2538140    0.6404186   -0.4896600
  -0.0215155   -0.0010111    0.0968325
   0.6773620    0.3759721    0.5292668
  -0.4276159   -0.1751964   -0.1889000
   0.1730237   -0.3635881    0.0021628
   0.7574738   -0.0286006    0.7392970
   0.6236029   -0.3108227    0.4737197
  -0.0172030   -0.1722469   -0.0723974
   0.7499567    0.1845154    0.1898618
   0.8687275    0.7219635    0.1032056
  -0.1172841    0.0322523   -0.0715155
  -0.1607855   -0.1812929   -0.2635710
   0.0646009   -0.0426400    0.6828454
   0.0967273   -0.0100667   -0.0514087
   0.1598466   -0.3172390   -0.2677133
  -0.1187492    0.4106584    0.1737939
  -0.2369729   -0.0616125   -0.1399368
   0.6997713    0.2444888    0.2846217
  -0.2407670   -0.1640898    0.4152266
  -0.1546285   -0.0264694   -0.1961257
  -0.6419771    0.1822790    0.2186902
   0.2147605    0.4638463   -0.4196228
   0.0671003    0.0702930   -0.0016627
   0.4159304   -0.2743894    0.2558346
  -0.6022447    0.0489092    0.4674591
  -0.0331500    0.0442421   -0.0918611
   0.7001520   -0.2172178   -0.4664410
  -0.8276472    0.2461514   -0.3565000
  -0.0023379   -0.0118524   -0.1079871
  -0.3828973    0.1194494    0.2317429
   0.6241509   -0.3919860   -0.4315349
  -0.0474684    0.1470335    0.1587886
   0.2768095   -0.1682371    0.5276063
   0.0106401    0.7043005    0.4944222
  -0.1054821   -0.0696720   -0.0869469
  -0.0935601    0.3988700    0.6789048
  -0.9625958    0.4367484   -0.3937048
   0.0217150   -0.0248328    0.0556588
   0.3745199   -0.0114900    0.1028414
   0.2616175    0.5229663    0.0099938
  -0.0292091    0.1469921   -0.0538764
  -0.4674150   -0.2989554    0.6901787
   0.6098118   -0.1512757    0.5961459
   0.0268849    0.1680769   -0.1294448
  -0.6959695    0.5930045   -0.1231876
   0.5458463   -0.0128211   -0.7514375
  -0.0825432   -0.0015859   -0.0400132
   0.3295778   -0.0803227   -0.5105911
  -0.1553556   -0.2906506   -0.9859977
   0.0416762    0.1824797    0.0846822
   0.0780893   -0.6940702    1.2335140
   0.6059840   -0.9282711    0.0330612
   0.1003759   -0.0889196   -0.1704938
  -0.4543837    0.3165008    0.2620158
  -0.0073360   -0.2552107   -0.3012753
   0.0604372    0.0687662    0.1084116
  -0.1732958   -0.4134143   -1.0218519
  -0.1229851    0.0290075   -0.2406197
  -0.0530389   -0.1969334    0.3021443
  -0.4761116   -0.1518543    0.0575025
  -0.3180973    0.3550051   -0.1970957
  -0.0507363    0.0206411    0.1203731
  -0.2351599   -0.7745771    0.3119822
  -0.1426200    0.1258084   -0.6587838
   0.0460751    0.1403520    0.0611931
   0.2931524    0.1587547   -0.0295366
   0.3826312    0.2062009   -0.5931585
   0.1910062   -0.1966363   -0.0098862
  -0.5194676    0.0521819   -0.4973410
  -0.7917453   -0.2090319   -0.3879006
   0.0257771    0.1233624   -0.0313582
   0.1137707   -0.4572202   -0.3500634
  -0.0305063    0.9096300   -0.4401707
   0.0071700   -0.0171173    0.0897103
  -0.0344441    0.5610714   -0.4156936
   1.2956668   -0.3134094   -0.8404047
  -0.0117094   -0.1201629    0.0255912
   0.5562763    0.2016174    1.2028002
  -0.2704601    0.6949348    0.0710229
   0.2514310   -0.0224105    0.0366574
  -0.5937904   -0.4128269   -0.0975700
   0.2317964   -0.9236916    0.1862105
   0.1791501   -0.0234709   -0.0717034
   0.9016745   -0.1008793    0.0800579
  -0.1675415    0.3255490    0.7919476
   0.1346391    0.0591218    0.0153017
  -0.0296688    0.7845985    0.2375501
   0.2675228   -0.0219617   -0.2731846
  -0.0810362    0.0328022    0.0291863
  -0.1864499   -0.0861798    0.2853697
   0.2736237   -0.5831766    0.0397779
   0.0470837   -0.0127437    0.0790537
  -0.0856725    0.3272486    0.7331764
  -0.7614991    0.4300618    0.2519469
   0.0017012    0.0496862   -0.2545752
   0.3584304   -0.2736885    0.8389390
  -0.2009067    0.0268528    0.1650594
  -0.0695938   -0.0530133    0.0722705
   0.4226820    0.0259862    0.0210042
   0.0274817    0.2413148   -0.4178396
   0.1278529    0.1526333    0.0293910
  -0.7645288   -0.8784675   -0.1804518
  -0.7185271    1.0191582   -0.5039995
  -0.2839259    0.2898022    0.0811918
   0.3458631    0.4178333   -0.0802867
   0.4722496    0.4247755   -0.5055896
   0.1174154    0.0857144   -0.1046341
  -0.0847555   -0.2246899    0.5773466
   1.1367942    0.5648627   -0.1897614
   0.0139287   -0.1257765    0.0822652
   0.6876231    1.0551718   -0.4725602
   0.6347116    0.1292499   -0.4424206
   0.0284590   -0.1102208    0.0085248
  -0.2812905   -0.4345697    0.0625491
   0.1250610   -0.0244248    0.3639394
  -0.0354162    0.1024163   -0.2525825
   0.1674313   -0.1420859    0.2613151
   0.0493125   -0.7251102    0.9371630
  -0.0417864   -0.1259068   -0.1223706
   0.0858110    0.2753268    0.4329260
  -0.0303754    0.1598214    0.4222840
  -0.0116291   -0.0591285   -0.0279353
  -0.4239939   -0.3641760   -0.1352100
  -0.6242491   -0.4960755   -0.3078721
  -0.0544825   -0.0030498    0.1727116
   0.0680308    0.8137454    0.4234467
  -0.4560871   -0.2724534    0.0761656
   0.0987286   -0.0296483    0.0080130
   0.0285123    0.6591480   -0.6068712
  -0.0396341    0.5577341    0.9968130
  -0.0592308    0.0469079   -0.0546343
  -0.3961346    0.2569960   -0.3258652
  -0.3475755   -0.3305080    0.3246014
  -0.0070676   -0.0296820   -0.0925030
  -0.2881795   -0.5185896    0.2844262
  -0.1844604   -0.2502842   -0.7101859
  -0.0701955    0.0868857    0.0906390
   0.9052787   -0.0129941   -0.4466315
   0.0554286    0.9937718    0.2410188
   0.0498571    0.0920351    0.0931359
   0.3240751    0.3895047    0.3596325
  -0.0168102   -0.0969766    1.1093855
  -0.0500977   -0.0510066   -0.1144075
  -0.2917051   -0.8731914   -0.6576205
  -0.3574913   -0.2543629    0.3095343
   0.1150225   -0.0178327    0.2435126
  -0.0893567    0.1906431   -0.6469713
   0.0725012   -0.5766738   -0.7361677
  -0.1236499   -0.1184730    0.0089111
  -0.9104385   -0.6664082    0.4828652
  -0.6187171   -0.2719683    0.3491035
  -0.0722480    0.0621630    0.0767202
   0.3487271   -0.2345553    0.1940762
  -0.3704564    0.0958436    0.3815626
   0.0824238   -0.0730737   -0.0323961
  -0.0519541    0.0902091    0.2849910
   0.0934276   -0.3899845    0.1686278
   0.1876405    0.0949722   -0.1666221
  -0.3479795    0.8390422    0.0601980
  -0.0227281   -0.4217473    0.0902425
   0.0268905   -0.0617703    0.2645225
   0.0606334   -0.7517107   -0.2967668
   0.5473457    0.3489294    0.9750394
   0.0540008   -0.0519516    0.0907453
  -0.0109076    0.2702040    0.0943871
   0.3885179    0.1871350   -0.3207404
   0.1591205    0.0051280   -0.0102359
  -0.2946849   -0.3598277    0.2941845
   0.1583432    0.1988948    0.1276480
  -0.0670219   -0.0549866   -0.0479812
  -0.6005896   -0.2424298   -0.4701359
   0.3029673   -0.1937763    0.3477436
   0.0055592    0.0262677   -0.0141032
  -0.1624364    0.9415545   -0.7567118
   1.0371200   -0.3611317   -0.1669356
   0.0787448   -0.1041105   -0.1604870
  -0.1149163   -0.5643206   -0.3711166
  -0.1376229    0.5276831    0.1124458
   0.0438614    0.1488885    0.0575174
   0.1558033    0.2910952    0.0260749
   0.2993757   -0.2962260   -0.0626963
  -0.0053918    0.0071647    0.1302886
   0.4794292    0.4620965    0.2105724
   0.9412467    0.4354810    0.3083463
  -0.0014008   -0.0971668   -0.1853734
   0.0241027    0.2712053    0.7980582
  -0.2978661   -0.0941920    0.1611422
  -0.0655798   -0.0050884   -0.1215924
   0.4392913    0.3043688   -0.2842946
   0.2351768   -0.2732784    0.3142171
   0.0853020   -0.0256673   -0.0508549
   0.2961748    0.6007059   -0.1101525
   0.7272118    0.2590590    0.6987703
  -0.0291009   -0.0949194   -0.1113622
  -0.2302174    0.0980908    0.3491148
   0.6055935   -0.7104755    1.1118071
  -0.1397628   -0.0510015    0.0329086
   0.7798075   -0.7606520   -0.0045351
  -0.2432265   -0.0883897    0.0421586
  -0.0739825    0.1294595   -0.0670372
   0.1464643    0.0486031    0.2917992
  -0.2259335    0.0164405    0.0261963
   0.0266997   -0.3007468    0.0169268
   0.5016804   -0.6154777    0.1099687
  -0.3907287    0.7315666    0.6412777
  -0.0467132   -0.0300962    0.0546258
   0.3662082    0.0071138   -0.2074136
   0.0140897    0.1983614    0.2944609
  -0.0504374   -0.0643890   -0.0099398
   0.6921604    0.2319802   -0.1608204
  -0.6636748   -0.0123035    0.1366528
   0.2063292   -0.1305113   -0.0228043
   0.4520438    0.3071743   -0.2448852
  -0.2929906    0.3467911   -0.5282884
   0.0592358   -0.0166692   -0.0283689
   0.2277648   -0.6561906   -0.7398195
  -0.6672817    0.2145716    0.1133180
   0.2047424    0.2002997    0.1131695
   0.4732585   -0.0837389    0.2761762
   0.5362836   -0.5604066   -0.0755828
  -0.0550467    0.0446573    0.0700529
  -0.9012071    0.0555391    0.1616132
   0.2323487   -0.2684949   -0.8594763
   0.1191930   -0.0251092    0.0376543
   0.7893260   -0.1249399    0.1104746
   0.2833643   -0.1177270    0.3938729
  -0.0209836    0.2812985   -0.2763058
   1.2225754   -0.0437445   -0.2735342
  -0.5711785    0.0633394    0.0576424
  -0.2306233   -0.0183839   -0.0913578
  -0.3399794    0.0794710   -0.3602571
  -0.0041471   -0.2695438    0.3322245
   0.0275587   -0.0347267    0.0998787
   0.6239445   -0.1053533   -0.1754268
  -0.0891719   -1.1383128   -0.7699689
  -0.0920798   -0.1874185   -0.0663690
  -0.3734121   -0.5651401    0.1167809
  -0.3822917   -0.7531635    0.3252076
  -0.0637173    0.1177869   -0.1792682
  -0.4872638    0.0272332   -0.6517954
   0.5343506   -0.6266916    0.2434423
   0.0409817   -0.0676073    0.0014412
  -0.2784554   -0.1397244   -0.8229125
  -0.4137948    0.0057532   -0.5683689
   0.0792724   -0.0214129    0.0799399
  -0.6241325   -0.2830434    0.5229214
  -0.7043383    0.3804037   -0.8781898
   0.2313453   -0.1612050   -0.0879535
  -0.8605545    0.0965861   -0.6034560
   0.7442155    0.4103175    0.3195720
   0.0874516    0.2680915    0.1568906
  -0.7019184    0.0987635    0.8249148
   0.4814851   -0.2050250   -0.1955467
  -0.0069101    0.0433511   -0.0554930
  -0.1076726    0.2784453    0.3578643
  -1.0247008   -0.5789406    0.2066212
   0.0611864    0.1141848    0.0910516
  -0.6529986   -0.2385300    0.3593558
   1.1309501   -0.0678193    0.5611613
  -0.0987512    0.0493269    0.0017450
   0.2988678   -0.0570444   -0.4930724
   0.6074807   -0.4485494   -0.2680899
  -0.2062560    0.1227365    0.0151651
  -0.7309520    0.2522218    0.1500768
  -0.4281898   -0.3397644   -0.4182265
  -0.0613813    0.0897337    0.0197046
   0.3412220    0.4432012    0.0934832
   0.3896641   -0.0659797    0.5870988
   0.1816321   -0.0180184   -0.0004628
   0.2877191    0.9859267   -0.4260804
  -0.3233998    0.7955770    0.5655959
   0.0147790   -0.0359186   -0.0424522
   0.1939817   -0.1096564    1.1770973
  -0.4283341   -0.9107330    0.6874678
  -0.2602736    0.0919806    0.0637555
   0.0448316   -0.1199614   -0.6781077
   0.1448198   -0.1261445   -0.2615465
   0.0777292    0.0034409    0.0018312
   0.0701671   -0.0314685    0.3145143
  -0.1207671    0.2968265    0.0459185
  -0.1454775   -0.0321093    0.0125704
   0.1214303   -0.0888609    0.0853348
  -0.1921866   -0.5798014   -0.5278417
   0.1086906    0.0846137   -0.1441747
  -0.3724965    0.7284713    0.0724059
   0.1608672    0.5812351    0.5038248
   0.2271135    0.1143576   -0.0321644
  -0.6846037    0.0742295   -0.0332841
  -0.4527117   -0.4377432   -0.5622547
  -0.0689396    0.0937889   -0.0052548
  -0.4166261   -0.1705308    0.1173825
  -0.2325019    0.4764975   -0.0965165
   0.0216590    0.0187661   -0.0338990
  -0.2309479   -0.1873737   -0.2833370
  -0.3289960    0.1828085    0.3353136
  -0.0738007   -0.0922386   -0.0651509
   0.5269415    0.3148632   -0.2000907
  -0.3194541    0.2469393   -0.2535063
   0.0224844    0.0079265    0.0818470
  -0.6694744    0.5369502   -0.0373405
   0.2881345    0.0929817   -0.1377308
  -0.1334682   -0.0425720    0.0320370
  -0.0393022    0.1340339    0.4488094
  -0.0861367   -0.0139519    0.3728307
  -0.1278460   -0.1068873   -0.0281061
  -0.3941963   -0.1137918   -0.0056347
  -0.4406160   -0.1022758    0.1747370
  -0.0867759   -0.0341394    0.1443077
   0.2475245    0.9005151    0.0788714
  -0.1178587   -0.0662697   -0.1170627
  -0.0427685   -0.0862914    0.0724348
  -0.7651027   -0.3975848   -0.5015107
  -0.3096648    0.3951272    0.4905523
   0.1392413    0.1657068    0.0071754
  -0.0733733   -0.3165442    0.0968392
   0.2028015   -0.2482439    0.1442600
   0.0058413   -0.0045794   -0.0288939
  -0.5554953    0.2401091    0.0544664
   0.4163004    0.0238886    0.2543189
   0.1237005   -0.2369988   -0.0106300
  -0.6552507   -0.0387716   -0.0081899
   0.3642853    0.3221080    0.7347987
  -0.0046709   -0.0268961    0.0688455
  -0.2648313   -0.3707978   -0.6034297
   0.2478573    0.1973911    0.0744183
   0.1299889   -0.1438294   -0.0336933
  -0.3051551    0.0321883    0.0211071
  -0.2407014   -0.4352829    0.4758876
   0.0534049   -0.0475729    0.1048427
   0.6524999   -0.8469837   -0.5263836
   0.9773758    0.1955557    1.1544423
  -0.0861608    0.1005554   -0.0280034
   0.0916923    0.5424721   -0.1844146
   0.7642658   -0.8528174    0.5380883
  -0.0563600    0.1081488   -0.0624431
  -0.1555758    0.2819304   -0.3081542
  -0.0317619    0.7682940    0.4486304
   0.2025918   -0.1567950   -0.0467744
  -0.3754019    0.5195625    0.9636798
  -0.1732173    0.4371010   -0.3327103
  -0.0489515   -0.0173837   -0.0127355
  -0.3694753   -0.1518510    0.2186306
   0.6505415   -0.4205337   -0.2016028
   0.1126991    0.1084742   -0.2044615
   0.5135421    0.0939159   -0.4515017
   0.3521671   -0.2914493    0.2629068
   0.0775262    0.0469084   -0.0696773
  -0.1860559   -0.1013046    0.8997601
  -0.1040218   -0.2106386   -0.7176513
   0.1154811    0.0733626    0.0440208
   0.3556955    0.6274282    1.0921068
   0.2646780    0.5237101    0.8177547
  -0.0599463   -0.0656513    0.0829842
   0.3495637    0.2894356   -0.0819613
  -0.2164656   -0.1474787   -0.5406706
  -0.0233790    0.0188992   -0.0096568
  -0.1712195    0.6804749   -0.3716422
  -0.0437833    0.3897769    0.3588471
   0.0094868    0.1229047   -0.1940055
   0.1967387    0.0233216    0.5950589
  -0.3116423    0.5966880    0.1304075
  -0.0848511   -0.0994015   -0.1675135
   0.4531871    0.7783360   -0.6124015
   0.1770527    0.5937893   -0.5919038
  -0.1636264   -0.0447755   -0.1458796
  -0.3875386   -0.7056777   -0.8754139
   0.7368707    0.6600595    0.6585109
   0.1420965    0.1131561    0.0392295
  -0.0268949    0.5085137    0.3075025
   0.1264337    0.2683038   -0.1710252
   0.0443840    0.0732959    0.1901813
  -0.5042617    0.0802755    0.9818900
  -0.4374387    0.0240773   -0.1968166
  -0.0413949   -0.0027257    0.1316180
   0.6167136   -0.5052248    0.3178453
   0.1785738   -0.2808806   -0.0924257
  -0.0691593    0.1152479   -0.0287075
   0.5934649   -0.2828531    0.4376835
  -0.0377905   -0.1138223    0.1324566
  -0.0064645    0.0463080    0.2174025
   0.1038753    0.3708675   -0.2417050
   0.7135060    0.1853185   -0.1644928
  -0.0078994    0.1140074    0.0331399
  -0.4299458   -0.2977973    0.6244004
   0.7873094   -0.0651547   -0.1623843
  -0.2264548   -0.1444203    0.0343309
  -0.2138626    0.2708058    0.2702237
  -0.4762151   -0.0317431   -0.3357591
   0.2067936    0.2161399    0.0463375
  -0.1717462    0.2901734    0.6313374
  -0.2728826    0.6371369    0.1666056
   0.0930653   -0.0010754   -0.1473639
   0.1226382   -0.0498072    0.2612164
  -0.0935659   -0.2576860   -0.5380513
   0.1100540    0.0158616   -0.1168703
  -0.0939630    0.0287251    0.3018947
   0.5132802    0.8914788   -0.4145254
  -0.0104372    0.1530434   -0.0583879
  -0.3641694    0.0455036    0.7785014
   0.0717389    0.1163481   -0.5690395
   0.0769402    0.1993728   -0.0344357
  -0.6293746   -0.5928640   -0.3998899
  -0.2923389   -0.9110273   -0.1906115
  -0.1029759   -0.0291304    0.1074099
  -0.5478716   -0.0214216    0.0169001
  -0.2815856   -0.0783355    0.3894063
   0.0864647   -0.1122187   -0.1133512
   0.1535195   -0.8473084    0.5085347
   0.4988668   -0.3400889   -1.0726411
   0.0822428    0.1167388   -0.0101385
   0.5881734   -0.2080493   -0.6033454
   0.1251687   -0.4211132    0.0643533
   0.0705604   -0.0006973   -0.1906333
  -0.4168217   -0.2519344    0.1321689
  -0.6987702   -0.1404530   -0.2167333
  -0.1222612   -0.0192917    0.0973730
  -0.4862220    0.1002749   -0.7347997
  -0.5058777    0.1512917   -0.4982469
  -0.0550483    0.2784180   -0.1193359
   0.8529885    0.5313596   -0.8109150
  -0.0472693    0.4788235    0.2628899
  -0.3046292   -0.0454624   -0.3297320
  -0.6664172   -0.0721637   -0.7434126
   0.0810796    0.3743481   -0.2442621
   0.0982698   -0.0412632    0.0557112
   0.4862485   -0.1265670    0.0717380
   0.5614275    0.5699468    0.0482589
  -0.1160828    0.2134184    0.1503142
   0.9271322   -0.2151103   -0.4991448
  -0.4372075    0.0937540    0.1873896
   0.2167512    0.1450907   -0.0549218
   0.0469892    0.3820838    0.3787518
   0.1477201   -0.6917837   -0.5576099
   0.1292503    0.0869261   -0.0668710
   0.2476664   -0.3080480   -1.0284797
  -0.1389915   -0.1220455   -0.1441615
  -0.0466702    0.1201441    0.1418800
   0.5481538    0.2464958    0.4810971
  -0.9126161   -0.3405813    0.1208893
   0.0531807    0.1090124    0.0454333
  -0.1958766   -0.5679904   -0.0568698
  -0.9252601    0.5849766   -0.4063436
   0.2077041    0.1387668    0.0957472
  -0.5156580    0.4212224    0.5976357
   0.1393463    0.2884778    0.2828377
   0.3588729    0.0699716   -0.0386697
   0.0431221    0.0228906   -0.3135880
  -0.3563645   -0.2607126   -0.3873465
   0.0297657   -0.1071483   -0.0336616
  -0.3578170   -0.0386429   -0.6958420
   0.3213220   -0.4512755   -0.1599267
   0.0702924    0.0193701   -0.1544260
   0.8942801   -0.2331310   -0.0508215
  -0.1058280    0.3801724   -0.2293220
   0.1005196   -0.0609950   -0.0081373
   0.5108236   -0.7552627    0.1726397
  -0.0065953   -0.2787966   -0.1147135
  -0.0867837   -0.1845214   -0.1195274
   0.2037442    0.6222010    0.3815421
   0.1496878    0.0133727   -0.2808156
  -0.0258441   -0.0840100    0.1322363
   0.0269564   -0.1786654   -0.1257591
   0.6400203   -0.3416552    0.4582796
  -0.0060361   -0.0191175   -0.0588692
   0.5931093   -0.6278085   -0.5287386
   0.1295016   -0.0855121    0.1532247
  -0.0975887    0.0029852    0.0242521
  -0.4674991   -0.0321066   -0.2616964
  -0.5060294    0.4198498   -0.6975089
   0.1162615   -0.1147649    0.1080780
  -0.4406798   -0.2107383    0.0244279
  -0.0023408   -0.7097834   -0.3653377
  -0.0979474    0.0527652   -0.1281639
  -0.2698728    0.1908936   -0.4172710
   0.4003178   -0.4251640    0.0192247
  -0.0111680    0.0553462    0.1121406
   0.2492371    0.3489918    0.6620207
  -0.0752875   -0.5751860    0.2794873
   0.0537146   -0.0353093    0.0319280
  -0.3498784   -0.6067863    0.5976667
   0.3411092    0.2701561   -0.0297464
  -0.1810145    0.0889158    0.0724141
   0.7052497   -0.5401879    0.0154604
  -0.6787847   -0.3335664   -0.9215675
  -0.1439364    0.0721127    0.1410439
   0.6564645   -0.6452978   -0.6687440
   0.5430083   -0.5451899    0.5172837
  -0.0382978    0.0259337   -0.0921506
  -0.0926160    0.6309735    0.4719269
  -0.4481837   -0.0243840    0.3223521
   0.0876656   -0.0228363    0.0093001
  -0.1000014   -0.3448655   -0.0827055
  -0.0756738   -0.1162177   -0.3004155
   0.2194015    0.0986986    0.0541050
  -0.2687871    1.3526986    0.5609756
  -0.1558125    0.0424755   -0.0890781
   0.0923915   -0.1381327    0.0057665
   0.2829660    0.4795618   -0.0748169
  -0.0126489   -0.2831256    0.2618423
   0.2649723    0.0968311    0.0504326
  -0.3996758   -0.3798504   -0.4749822
   0.0419611    0.1567631   -0.8547051
  -0.1580198   -0.0145688   -0.0939445
   0.7523572    0.2117430    0.4533436
   0.5684810    0.4313906    0.0656555
  -0.1212451   -0.1673681   -0.1798863
   0.5925280   -0.1172955   -0.6237149
   0.1351050    0.1305136    0.1011850
  -0.0201493   -0.0116520    0.0491100
  -0.3316187    0.4932774    0.1839040
   0.1781614    0.2221090   -0.2975231
  -0.0020820    0.1070492    0.0103150
   0.4195032   -0.3972993   -0.0301088
  -0.3164068    0.1868244   -0.3918329
  -0.1635704    0.0461345    0.0109840
   0.0687135    0.9212106   -0.2634387
  -0.2019753   -0.9590605   -0.5333325
  -0.1190028   -0.0520630   -0.2272958
  -0.3937204    0.0328853    0.3486443
  -0.1749549    0.1155266   -0.0845919
  -0.1343598   -0.0853245    0.0801874
  -0.3224535   -0.5689076   -0.3239629
  -0.0486643   -0.5212955   -0.2245942
  -0.0774386    0.0862474   -0.0100906
   0.1266702   -0.0757722   -0.5169434
   0.1201776    0.6873224    0.2379991
  -0.0864632   -0.0416545   -0.0981870
  -0.3926355   -0.3158385   -0.3680033
   1.1128054   -0.3803548   -0.0906209
   0.0212573    0.0363794    0.0165979
  -0.5421368    0.2397656   -0.6969887
  -0.1985070   -0.0127508    0.0689022
  -0.1370562   -0.0485376    0.0981799
  -0.0171945   -0.1867229    0.6501855
   0.2213654    0.0853296    0.1665831
  -0.0021734    0.0207381   -0.0022614
  -0.0832459   -0.3344820    0.4695724
   0.1762062   -0.6873788    0.2111455
   0.0692931    0.0799078    0.0865375
  -0.0706676    0.0321997    0.2615562
   0.1484932    0.6898986    0.0012660
  -0.0038622    0.0040386   -0.0489844
  -1.4499954    0.1165191    0.2155621
  -0.1446478   -0.4069066    0.2783379
  -0.0823371    0.0018203   -0.0363876
  -0.4434352    0.0800845   -0.2737227
  -1.0789819    0.4011047   -0.0972878
   0.1072230   -0.0750457   -0.1920877
   0.4516065    0.2026179    0.7231448
   0.2951114   -0.4610404    0.5144080
   0.1082411   -0.0228594    0.0983328
   0.4592073    0.2216605   -0.3458595
   0.1459130   -0.6627131   -0.4440817
   0.1083156   -0.0527764    0.0019432
  -0.1104865    0.5988207   -0.4835543
  -0.0628785   -0.5164284    0.6935534
   0.0081565   -0.0983640   -0.1099541
   0.0561482   -0.6272264   -0.4641378
   0.1923691   -0.0006717    0.8621606
  -0.1161572   -0.2578014   -0.0127260
  -0.0469005   -0.3556983    0.3832638
  -0.3403292   -0.5217506   -0.4536321
   0.2541533    0.1296387    0.0061793
  -0.3289546   -0.0714013    0.2444431
  -0.4795807   -0.6605025   -0.3122010
  -0.0083738   -0.0305260    0.0236888
  -0.7297113   -0.0038316    0.0017941
  -0.1557604   -0.3899388    0.0960796
  -0.0729966    0.0593187   -0.0227647
   0.4011418    0.4938587    0.0898766
  -0.3775669    0.6603419    0.2454173
   0.1338459    0.0487366    0.0013605
  -0.1683690   -0.8941087   -0.1225910
   0.2900371   -0.5262067   -0.5243677
  -0.0259081   -0.0186004   -0.0844420
   0.3268218   -0.1864887    0.0889988
  -0.5441245   -0.2056930   -0.3066720
   0.0517650   -0.0880624    0.1135465
  -0.4580247   -0.1519365    0.9214750
   0.0273418    0.0182925   -0.4399515
   0.0862807    0.1516354    0.0706073
   0.1518523   -0.3594739   -0.1623474
   0.6753665    0.2277787   -0.4969883
   0.1113361    0.1136123   -0.0705282
   0.0988800   -0.1371157    0.4329959
   0.4639340   -0.5163605   -0.3907577
  -0.3602088   -0.1652000    0.1062631
   0.0685655    0.4833907   -0.0821449
   0.4897073    0.2338686    0.0078803
   0.0631690   -0.0377180    0.0052176
  -0.1702886    0.5645126   -0.3435133
  -0.0342109   -0.1101124   -0.0859029
   0.0117237   -0.0432807   -0.1021454
  -0.1152903    0.4543839   -0.3036439
   0.4346878   -0.2898003   -0.6908408
   0.0725795    0.0294924   -0.0376413
  -0.2051719    0.1859523    0.0176747
  -0.1243212   -0.2505894    0.0070581
   0.2138092   -0.1093559   -0.2082728
   0.7045080    0.6858317   -0.6341800
  -0.1837735   -0.0226713   -0.4487697
   0.1806568   -0.1143776    0.0476235
  -0.2953520   -0.1490182   -0.7660854
  -0.0210413    0.0955004   -0.2276210
   0.0260919   -0.0651041    0.0822461
  -0.3947455    0.4652814   -0.2254009
   0.1821583   -0.0738947   -0.1027149
   0.0680147    0.0245063   -0.0103544
   0.0802889   -0.2895224    0.0846848
   0.0999591    0.8517486    0.0212968
   0.0124709    0.0772575   -0.0316341
   0.4369414    0.0618869   -0.7110234
   0.1436882   -0.2061046   -0.3140389
   0.0830474   -0.0033228    0.0428560
  -0.6412794    0.1519566   -0.5624897
   0.3142683    0.1765060   -0.5993210
   0.1182478    0.0446982   -0.0627384
   0.2318429    0.5861561   -0.2906528
   0.0932565   -0.7399248    0.0867055
  -0.1193827    0.0271436   -0.1923369
   0.0978541   -0.0782330    0.0204427
  -0.7049930    0.1629759   -0.1222474
   0.0729643   -0.2447752    0.1383440
   0.2151438   -0.0102830   -0.9384691
   0.0665167    0.9411073    0.2043444
   0.1176998   -0.1274959   -0.0214069
   0.4681516   -0.3505255   -0.2941447
  -0.1575141    0.1073509    0.5760664
  -0.1279372   -0.1526409    0.1094525
  -0.5600142    0.7560315    0.1342414
  -0.4726016   -0.4654211   -0.3426674
   0.0697245   -0.1339002   -0.0383031
  -0.0290817   -0.2239643    0.0821693
   0.3018074    1.0568552    0.0870159
   0.1466481    0.0340688   -0.2640115
  -0.0746782    0.3809783   -0.1239758
   0.4240930   -0.1311928   -0.3449024
   0.0309151    0.0821804    0.0099367
  -0.4004710    0.4007307   -0.4138408
   0.2155146   -0.6175992    1.0638020
  -0.0324332    0.0551118   -0.0641579
  -0.2525984    0.0457826   -0.3267962
  -0.0742190    0.0913149    0.4113004
  -0.0114865   -0.0328300   -0.1406400
   0.1307445    0.6312496   -0.4648956
  -0.2673489   -0.1084308    0.0161634
  -0.0321563    0.0057572    0.1066648
  -1.0376503    0.2206022    0.5539564
  -0.2619925    0.3393105   -0.0011794
  -0.1944964    0.0245602    0.1336025
  -0.2128903    0.3656129   -0.1323938
   0.0186854    0.2435565    0.1174212
  -0.0796537    0.0565919    0.0890966
  -0.1419076    0.3673432   -0.0363054
  -0.5848955    0.2534693    0.5942536
  -0.0170346   -0.1356398    0.0037066
  -0.2008213    0.7347745    0.1904147
  -0.3636358   -0.0858054    0.0486835
   0.0295644    0.0592098   -0.0808842
   0.1052103   -0.3005711   -0.2489335
   0.4440104    0.6766467    1.0842583
  -0.0342070   -0.0592199   -0.0240270
  -0.2978360   -0.0160856   -0.4817511
  -0.9777040   -0.4396761    0.7273653
  -0.1756659    0.1438054    0.0884984
   0.1658925   -0.0774724    0.2209118
   0.0133847    0.1225436    0.0780977
  -0.0292414    0.0319757    0.0820596
  -0.0682103   -0.5247949   -0.3415566
  -0.1683828   -0.0239147   -0.6438074
  -0.0811828    0.2572655    0.1859264
  -0.3183334   -0.2586584    0.9837586
  -0.4507403   -0.1191063   -0.0386121
  -0.0098677   -0.0952736    0.0128392
   0.1963412    0.8886495   -0.2109647
  -0.0413225   -0.0528171    0.5141531
   0.0628840   -0.0913873    0.1320721
   0.1101800   -0.4606627   -0.0353910
  -0.0444870   -0.3655257   -0.2880392
   0.1026386   -0.1643227   -0.0884487
   0.4609623    0.6545462    0.7937338
   0.2778223   -0.6036999   -0.5441838
   0.0795715    0.0819687   -0.1707041
   0.8348670   -0.2423776    0.6948310
  -0.4218550    0.0685279   -0.7516130
  -0.0209529    0.0880742    0.0281670
   0.2531623   -0.5012350   -0.7193137
   0.0697173   -0.1534685   -0.3805374
  -0.0917403   -0.0236092   -0.2378260
   0.2840772   -0.9146056   -0.4787412
  -0.0973163    0.0302487   -0.2564131
   0.1100331   -0.0521493    0.0349886
   0.2806662   -0.2883784    0.0597535
   0.8445591   -0.1326978   -0.5989804
  -0.1271429    0.1306742   -0.0787274
   0.1521919   -0.1376283   -0.5685884
  -0.3159589    0.1633511   -0.1512012
  -0.0707568    0.0557075   -0.0798698
   0.4365473   -0.6965145   -0.6449164
   0.0594626    0.8246025   -0.0766243
  -0.1303461    0.0642940   -0.0574020
  -0.1952878   -0.1330402    0.5667638
   0.8165925   -0.1623327    0.0355688
  -0.3598327    0.1407904   -0.0361653
  -0.2365693    0.2835296   -0.0805993
   0.4630188    0.1625419   -0.8559028
  -0.0873504   -0.3099453   -0.1989159
  -0.0365355   -0.1007924   -0.1861053
  -0.0810416    0.0981062    0.4029495
   0.0130809    0.0282792    0.0275871
   0.7068360   -0.0893813   -0.2662439
   0.4940814   -0.5567534   -0.4943845
   0.0206438   -0.1870339   -0.1588915
   0.4043250   -0.3373410   -0.7214177
   0.2103837    0.2489715   -0.5062318
   0.0756349   -0.0654662    0.0627640
   0.5458759   -0.4442789    0.2875847
  -0.0619071    0.0121093    0.6647450
  -0.0455939    0.0782068    0.0602300
   0.5003704    0.0535576   -0.7011960
   0.8859754    0.0286236   -0.5743017
  -0.1228955   -0.0037988   -0.1342000
   0.0979954    0.3146483   -0.4387771
  -0.6168501   -0.1341122   -0.5521607
   0.0653953   -0.0875220   -0.0433018
  -0.0608409    0.0558201    0.0534487
   0.0863505   -0.0440682    0.4823574
   0.1055333   -0.1149306    0.1319859
   0.1131048    0.2245704   -0.1873935
   0.9167143    0.4947876    0.2284364
   0.0967932   -0.0102030   -0.1293970
  -0.1113594   -0.6082942    0.1396275
   0.0344994   -0.1087052    0.2617138
   0.0768253   -0.1248997    0.1026322
   0.4895960    0.9403137   -0.1849158
  -0.4736409    0.1945267   -0.0520432
  -0.0567460    0.0721260    0.1016509
  -0.3768871    0.5263500    0.2225560
   0.2180257    0.0269569   -0.3643252
   0.0289852   -0.0831266    0.0676362
  -0.2571710   -0.0390851   -0.4273203
  -0.0656628    0.6119203   -0.7915223
   0.2101191   -0.0831340    0.0468120
   0.0183937    0.3927946    0.9427150
   0.0340289   -1.2590034    0.5263640
  -0.0696182   -0.0556681   -0.0029638
   0.3625011    0.5640131   -0.9146847
   1.0010271    0.2347512    0.5598389
  -0.2665744   -0.0464798    0.0433633
  -0.1065304   -0.2380418   -0.3906202
   0.2742544   -0.5546700    0.0454068
  -0.1310778    0.1183859   -0.0107938
  -0.2123939    0.1638920   -0.0964135
   0.3602465   -0.1179110   -0.4440820
   0.0300099   -0.0123095    0.1413563
  -0.3740800    0.1884202   -0.1226787
   0.0530299   -0.7973422    0.2096315
  -0.0139803    0.0954531    0.0749085
  -0.4195489   -0.1413324    0.5741381
  -0.3773284    0.2470937   -0.1996002
  -0.0947178   -0.0559751    0.0633408
   0.0160967    0.1364261    0.9926336
   0.1578271    0.2827595    0.0198016
   0.1454730    0.0435113    0.0794618
  -0.2280236    0.1374636    0.8140162
  -0.4912409   -0.8567248    0.1543893
  -0.0721950   -0.0582671    0.1296436
   0.8175336   -0.3546300    0.2279386
   0.8658857    0.5536197   -0.0456259
  -0.2301726   -0.0745381    0.0278052
   0.0915743    0.1180415    0.1377673
  -0.6657160    0.3048098    0.1292796
   0.1551986    0.0249807   -0.0588081
  -0.4882734    0.7199904   -0.2095695
   0.6279899    0.1287550   -0.7175409
  -0.0578501   -0.0768377   -0.0285661
  -0.5986760    0.0272741   -0.3279443
  -0.5837870    0.0765908    0.1737666
  -0.1037732   -0.1005772    0.1604210
  -0.2356918    0.3251275    0.5107776
   0.4485642   -0.3991445    0.2231521
   0.2061772    0.0584135    0.0968372
   0.2190779   -0.7193096   -0.3120359
   0.0540230   -0.1102957    0.9217094
   0.0852581    0.0122114    0.0965565
  -0.5225167   -0.1688563    0.0104080
  -0.2080108   -0.0551488    0.3075832
  -0.1479732   -0.1424394   -0.0442667
   0.2111112   -0.2139606   -0.0407571
   0.0952089    0.3116704   -0.2133316
   0.0145287    0.0353586   -0.0328567
   0.8040568    0.5903511    0.0367060
   0.2892385    0.6267155   -0.6593062
   0.0531437   -0.0127565    0.1943323
   0.0219089   -0.1304678   -0.0018299
  -0.6002066   -0.1283269   -0.4089128
   0.0490705    0.0960259   -0.2649884
  -0.6835344    0.0065099    0.0795900
   0.1861447   -0.2347741    0.4600692
  -0.0133808    0.1189939    0.1776948
   0.0666783    0.8240398   -0.5464290
   0.0417719    0.3487560   -0.4248023
  -0.1051402    0.1159608   -0.1072345
   0.8632533    0.4029007   -0.1702348
   0.5174847   -0.0685772   -0.3471036
  -0.1578358   -0.1073546   -0.0275634
  -0.9423554    0.2684329   -0.0725667
   0.8264998   -0.0966103    0.0778108
  -0.0282195   -0.0134470   -0.0528459
  -0.1835359    0.5173855   -0.1650556
   0.7132758    0.0154690   -0.1808598
   0.1783215   -0.1028947   -0.0709645
   0.1522718    0.8367007    0.7983913
   0.0488920    0.6744016   -0.1662340
   0.0530577    0.0395634    0.0127302
  -0.2025732   -0.6926830   -0.2860711
   0.1359077   -0.1870512   -0.9280042
  -0.1976873   -0.0785695   -0.1512998
  -0.9817343    0.1130899    0.3820520
   0.1009224    0.0471114   -0.3036544
   0.0764680    0.0852085   -0.1470093
   0.2098117   -0.3263724   -0.3984104
  -0.2146568   -0.7905068   -0.1966871
   0.0024378    0.0411963    0.0779906
   0.8135476    0.2873779   -0.3291893
   0.1176145   -0.2490577    0.1939773
   0.0052034   -0.0051063   -0.0097592
  -0.3677014    0.1048705   -1.2898581
   0.0431939    0.3149661   -0.1972082
  -0.1228831   -0.1969788    0.1075010
  -0.0778664    0.1123941   -0.9138821
   0.3458953   -0.5442632   -0.1524227
   0.1046421   -0.0823368   -0.0239217
  -0.2256075   -0.1513965    0.4966440
   0.3670672   -0.0766639   -0.4393396
   0.0158362   -0.1485044    0.1009971
  -0.2732633   -0.4633940    0.3575531
   0.6785295   -0.2087961   -0.1560820
   0.0642727   -0.0188500    0.0596491
   0.2689723    0.2254863   -0.2170146
  -0.9048501   -0.5104946    0.5603467
  -0.0006955   -0.1200722    0.0267439
   0.3533581    0.3605647   -0.3732883
   0.1536479    0.1483728   -0.2502734
  -0.0244081    0.0953298   -0.0095334
   0.8405021   -0.0233718   -0.4802207
  -0.1935268    0.4982904    0.4132878
  -0.0876791   -0.0575424    0.1765150
  -0.0054403    0.8275049    0.3255895
  -0.4723021    0.7223884    0.5789431
  -0.2328247    0.1069700    0.0224395
  -0.2044033   -0.0674492    0.2915832
  -0.1633062   -0.3918030    0.1570391
   0.0493183    0.0534599    0.2124585
   0.0124334   -0.2051672   -0.0805970
   0.3916640    0.1700770    0.2762852
  -0.0917299    0.0300074    0.0358396
  -0.7518838   -0.1862953   -0.6299712
  -0.9754498   -0.6655271   -0.3567034
   0.0014705    0.1782828    0.0133902
   0.1919405    0.7012056   -0.3277134
  -0.3854324    0.5108352    1.1286139
   0.0155454    0.0612120   -0.0262930
   0.0694190   -0.0051567    0.2452270
  -0.3999162    0.3507087    0.1016195
   0.0695557    0.1618987    0.1210702
   0.3175615   -0.4198008    0.0085713
  -0.8634710    0.0170181    0.4827396
  -0.1602819    0.0889025   -0.0129281
   0.0288421    0.3616791    0.2082179
   0.4872015   -0.0666061    0.1868266
  -0.0067077    0.0732297   -0.0285803
   0.1927415   -0.2535909    0.1493828
   0.1101700   -0.0283455    0.3753512
   0.1758923   -0.1510624   -0.0232730
   0.3903188    0.0075499    0.0354838
   0.2014213    0.2800888   -0.1473695
  -0.0238307    0.1143521    0.0424246
  -0.1050670    0.4382271   -0.6576349
  -0.4500348   -0.3532873    0.4664740
   0.0382495    0.0662959   -0.2789320
  -0.4896380   -0.2021037    0.0923747
  -0.7346450   -0.3494945    0.0309766
  -0.0829830   -0.1343684    0.1914802
  -0.3442093    0.3849372    0.4962267
  -0.2120662   -0.2298213   -0.2080610
  -0.0321577   -0.0070969    0.0950258
   0.0817428   -0.0898860    0.1518655
   0.3423717    0.4908831   -0.6025603
  -0.0276926    0.0577141    0.0003175
  -0.2989378    0.2398042    0.4746855
  -0.0687682    0.2911654    0.0781960
  -0.1273122    0.0282397    0.2226268
  -0.5568275    0.5025136    0.1152730
  -0.4470564    0.5104838    0.4449960
  -0.1059445    0.1808291   -0.0470198
   0.3321667    0.4407144   -0.0461390
  -0.0806979   -1.1021527   -0.5859919
  -0.2370664   -0.0649097   -0.0218969
  -0.2153110    0.2504252    0.3342338
   0.1974862    0.7170125   -0.2608427
  -0.0461662   -0.2220185   -0.0001147
   0.1612847    0.4921621    0.0757741
  -0.1735040    0.2807611    0.3730749
   0.0974774   -0.1486448    0.1288422
  -0.5959612   -0.4896834   -0.3166724
  -0.0915465    0.8707527   -0.6122006
   0.1148141    0.1108670   -0.0735366
   0.0369123   -0.1231258   -0.2257062
   0.3281609    0.0116005   -0.0656914
   0.1887425   -0.0718566    0.1328419
   0.3756948    0.0469099    0.5940273
  -0.8426670   -0.0426409   -0.1296121
  -0.1459150   -0.0023212   -0.0037513
   0.3352424    0.3355981   -0.1548718
   0.1038973   -0.2424982    0.4583627
   0.1537789    0.0348772    0.1671099
   0.2030223    0.5217296   -0.1213016
  -0.4224450    0.1659123    0.1988581
   0.1136698   -0.0056360    0.0462077
   0.0342251   -0.2409612   -0.3420428
  -0.6684372   -0.6223376   -0.8832200
   0.0368334   -0.0955640    0.0759762
   0.4160590    0.1690772   -1.1688902
  -0.1060826   -1.0023359   -0.6980294
   0.0538172    0.1008675   -0.0816974
  -1.1188471   -0.0591803   -0.7262267
   0.2429909   -0.2637651   -0.6540480
   0.0377855    0.0013672   -0.0908864
   0.0975800    0.1599504    0.2203532
   0.5329627   -0.4064929    0.0627401
   0.0243001   -0.3199382   -0.0534881
  -0.0517045    0.0809011    0.3561732
   0.4139817    0.4247227   -0.4995189
   0.0681329   -0.1304213    0.0647697
  -0.0665476   -0.1964479   -0.4875917
  -0.5222923    0.6894128   -0.2050152
  -0.0913062   -0.1780502    0.2086551
   0.2542478    0.2504554    0.2740732
  -0.6748809    0.7385312    0.6857024
   0.0259620   -0.0320103    0.0504544
   0.1071266   -0.0447701    0.3607040
   0.5904652    0.4300173    0.5532132
   0.0872155    0.0203211   -0.0703474
  -0.7343240    0.3966920    0.3748762
  -0.1325673   -0.5646505   -0.7559692
   0.1041454   -0.1439646    0.0790652
   0.1463781   -0.6994542   -0.0330199
  -0.7123866    0.0796896   -1.2424840
   0.1088024   -0.0056813    0.1962569
   0.3736143   -0.5898812    0.4620574
  -0.3690857   -0.7265179    0.3934277
   0.0387230    0.0022317   -0.1382552
  -0.0311740    0.2231258   -1.0796738
   0.4343274    0.0147216   -0.5462857
  -0.0743799   -0.0122254   -0.2134819
   0.4533496   -0.6927526    0.0247000
  -0.5350211    0.1565970   -0.2449636
  -0.0460061    0.0680324    0.0095746
   0.2060791    0.4620230   -0.4233650
  -0.4627934   -0.1907382   -0.1096951
   0.2175565   -0.1717222   -0.0569715
  -0.1224827   -0.2857442    0.6213261
  -0.4001946   -0.2714970    0.2519436
   0.0210682   -0.1285979   -0.1225981
  -0.1581483    0.4996218   -0.1509739
  -0.4215075    0.2034736    0.1716453
   0.1290066    0.0011323    0.1987751
  -0.4074135    0.5725510   -0.0066659
  -0.6462035   -0.0528169    0.0822129
   0.0005678    0.1837571   -0.0871841
  -0.1539019    0.1263663   -0.0761093
  -0.4272581   -0.0371242    0.8555684
  -0.0522359   -0.0864079    0.0241230
   0.6342279   -0.3292259    0.3160571
   0.1842265   -0.2590596   -0.5364549
  -0.0118645   -0.0233576    0.1503868
   0.1202076    0.3937604   -0.5546855
   0.2150885    0.3329646   -0.5618735
  -0.1885559    0.0864321   -0.0946711
  -0.2724334   -0.4609706    0.0638051
  -0.0028832    0.4861844    0.6050485
  -0.0745079    0.0059418   -0.0716594
  -0.3235856    0.6883768   -0.3305704
  -0.0468550    0.3244682   -0.0273873
  -0.1487973    0.0947377   -0.0699505
   0.6103604   -0.9105327   -0.2618098
  -0.3949499    0.4592865    0.2852189
  -0.0720854    0.0566117   -0.0815398
  -0.2237176    0.7022862   -0.8504228
   0.7088214    0.5861102    0.2083661
  -0.1862642   -0.0703981   -0.1799562
   0.0645853    0.4061077   -0.6554986
   0.5335696   -0.1992699    0.0915985
   0.0040816   -0.0024509   -0.1332303
  -0.3619009   -0.8310235   -0.3031463
  -0.2496831    0.3089747   -0.2889889
  -0.0329818   -0.0181623    0.1223584
   0.2575555   -0.1751753    0.8401580
  -0.1436279   -0.3303409   -0.1871193
  -0.0894303    0.0721549   -0.0254740
   0.0162304    0.5571569   -0.6999889
  -0.5698380   -0.0165017    0.5078683
  -0.0776903    0.0281023   -0.0836517
   0.2102209    0.2875862    0.6695489
  -0.6908677    0.4359034    0.7228034
   0.1109054    0.1365149   -0.0197621
   0.4479838    0.3727493    0.7308803
  -0.0402107    0.3057294   -0.1376837
   0.0462728   -0.0130771    0.1375792
  -0.4280319    0.5988627   -0.1681961
  -1.0398079   -0.4457845    0.4414287
  -0.0128793    0.1646282    0.0101694
   0.5500181    0.3625126   -0.3365758
   0.0991968   -0.1451024    0.2075579
   0.0231053    0.1006278    0.0608245
  -0.0709232   -0.8642414   -0.7522700
  -0.0672744    0.9902530    0.5356187
  -0.1580420    0.0660463    0.0907512
   0.1150449   -0.0226489   -0.0847720
   0.1617469   -0.4892186   -1.0336498
  -0.0273205    0.1702769   -0.0169046
  -0.5502850    0.0060297   -0.3043727
  -0.5404760   -0.1228643    0.3805452
   0.1945549    0.1351010   -0.0664143
  -0.1463901   -0.4220336    1.0033069
  -0.6888738   -0.1862278    0.8314820
   0.1705659   -0.0668821   -0.0842440
   0.1001378    0.3265525    0.1165198
  -0.2093900   -0.0313770    0.5062010
  -0.1291686   -0.0686182    0.0974203
  -0.6521683    0.0065284    0.0686145
   0.0115027   -0.4124262   -1.0179543
  -0.1390134   -0.0433177    0.0494919
   0.0261616   -0.1633975   -0.1269638
   0.0486674    0.4520745   -0.6431607
  -0.0976400    0.2416723   -0.1443407
   0.3031578   -0.6154833    0.0979292
  -0.9116921   -0.3097906    0.0415903
   0.0213430    0.2091390    0.0787035
  -0.1592011   -0.2229707    0.3808289
   0.6633769    0.4749082    0.0320051
  -0.1076160   -0.1132206    0.1196728
   0.0465418   -0.0184103    0.7187449
  -0.1727840   -0.0934395   -0.1660873
  -0.1128534    0.1382569   -0.1231268
  -0.4032101   -0.1751001    0.3440692
  -0.2527935   -0.2483896   -0.4420420
   0.0602795    0.1305127    0.0665112
  -0.4863421   -0.5019224    0.3912342
   0.0979634   -0.0933473    0.1013072
  -0.0796309   -0.1409006    0.1198371
  -0.6649383    0.0745909    0.3933642
  -0.4178054   -0.5613652    0.3057659
   0.2753433    0.0463676    0.0104248
   0.3111165    0.8217338    1.0258620
   0.2572706   -0.1409021    0.0993575
  -0.0580703   -0.0550891    0.2189354
  -0.2291988   -0.2130271   -0.4398547
   0.1425569    0.4091802    0.1601363
  -0.0577743    0.0318460    0.1164353
  -0.3365448    0.0563083    0.1765473
  -0.0304722   -0.1994307    0.7114617
   0.0049082    0.1044350    0.0790733
  -0.3849704    0.0845231    0.0813453
   0.5475444    0.1112598    0.0034999
   0.1368395    0.1082041   -0.0390831
   0.3545701   -0.2452128   -1.1248175
  -0.6523151   -0.8510030    0.0925370
   0.0003215   -0.1065306   -0.0333354
  -0.5583923    0.5096127   -0.1106744
  -0.1729964    0.2875184   -0.4430766
   0.0674402   -0.0357164   -0.1113630
  -0.2393557   -0.0217792    0.3267759
  -0.2500718    0.5869611   -0.1376905
  -0.0329575    0.0795959   -0.0056854
  -0.4561537   -0.0600786    0.2637616
  -0.6809968    0.1165627    0.3973005
   0.0350755   -0.0370602    0.0576253
   0.4670761    1.0972614    0.1466466
   0.2395057    0.5919546   -0.2267811
   0.0043097   -0.1808503   -0.0372338
  -0.4488907   -0.1560320    0.7323710
  -0.4055724    0.5390205   -0.2694705
  -0.0430305    0.0825704    0.1156184
   0.4467601   -0.3912683   -0.4281762
  -0.3792289   -0.2084739    0.9178092
  -0.0985713    0.0787840   -0.2256122
  -0.1894194   -0.1723402    0.0275480
  -0.0779101    0.1912631   -0.1160350
   0.0161706    0.0784019    0.0323737
   0.2020983   -0.8410161   -0.1943537
  -0.1438722    0.8801925   -0.1127731
   0.0585331    0.0095855   -0.1495390
   0.1813278   -0.1874195   -1.0549434
  -0.4575387   -0.2502044    0.5468668
  -0.0737033    0.1231130    0.2072766
   0.9080824    0.7794046    0.1318954
   0.5151458   -0.2310803   -0.2596376
   0.0534288    0.0278547    0.0230970
  -0.3223774   -0.0817507   -0.0575060
  -0.2400344    0.0111798    0.3258130
  -0.0075584   -0.0341961   -0.0742391
  -1.0551287   -0.4819365    0.3675015
   0.0884954   -0.3683372   -0.2906699
   0.1609197    0.1737972    0.0257418
  -0.4262288   -0.0708202   -0.5146450
   0.0644129    0.7108595    0.1552115
  -0.0066535   -0.1262438   -0.2051047
   0.0164640    0.0132554    1.2025069
  -0.0748244   -0.2642303   -0.2977817
  -0.0272535   -0.0246903    0.0883910
  -0.1510135    0.0164173   -0.1177359
   0.3203957    0.4291212   -0.3452983
  -0.0155017   -0.0771300    0.0260961
  -0.1013088   -0.2004716    0.3337435
   0.4368260   -0.0447046    0.3896278
   0.0960540   -0.0903412    0.0820542
  -0.0513309   -0.3969593    0.7928981
  -1.2370321    0.7857644    0.0253994
   0.1650654    0.1827178   -0.0888959
   0.3167311   -0.7617661    0.5189705
   0.7516678   -0.3210470   -0.0950658
   0.1589296   -0.0014340   -0.1119154
  -0.6037923    0.3811137   -0.2289014
   0.2453378    0.0579413   -0.9990474
  -0.0699908    0.0389496   -0.0600036
  -0.0856285   -0.8775891    0.1047820
   0.1997738   -0.2220139    0.2183461
   0.1718874    0.0790134    0.0700815
   0.1830025    0.5281245    0.3702112
  -0.4746676    0.0892281    0.3063178
  -0.2503234    0.1151335   -0.1107663
  -0.3007925    0.3014804    0.2539011
   0.8671690   -0.1710779   -0.4084633
   0.0896316   -0.0088846   -0.0881913
  -0.0958854   -0.2316907    0.0362490
   0.0737914   -0.3720401    0.3672221
   0.1080047   -0.0430161   -0.0504429
  -0.1616253   -0.0851644    0.3900300
  -0.1387168   -0.0083165    0.2459401
   0.0026386   -0.0081360    0.0057611
   0.0709113   -0.6293232   -0.4122865
   0.6260764   -1.0035583   -0.8720012
   0.0522569   -0.0608587    0.1056082
   0.1857236   -0.2986199    0.0023082
   0.2357364   -0.2306150   -1.0006374
  -0.2515906    0.0772042    0.0823596
   0.6671181    0.1672899    0.3405104
   0.8290761   -0.0858089   -0.2059748
  -0.0370778    0.0274499    0.1170641
  -0.5558245   -0.5464079   -0.9520740
  -0.3039373   -0.2272064    0.4551243
  -0.1177522    0.1103041   -0.0603610
   0.4216126    0.4889292   -0.1987580
  -0.5915607    0.5103234   -0.1772157
   0.0467602   -0.0057368    0.1788830
  -0.5792232   -0.4069638    0.4689234
  -0.3905313    0.4987040    0.1747359
   0.0851654   -0.0598236    0.0734838
   0.3195822    0.9570539    0.4093553
   0.3529437    0.2222174    0.5502982
   0.0653085    0.1092901    0.1546939
   0.2999844   -0.5712351   -0.1197921
   0.3191424   -0.0856123   -0.7964899
  -0.1219353   -0.0030227    0.0732955
   0.6544181   -0.1616609    0.8152536
   0.3231999   -0.2425061   -0.0195056
  -0.1594883    0.0048621    0.0552745
   1.0808195   -0.2928213   -0.6259257
  -0.0192291   -0.3713033    0.9141981
  -0.2024802   -0.0529948   -0.0703002
  -0.8752158    0.5720556   -0.5337431
   0.3128915   -0.4237444    0.5414786
   0.1729424   -0.0463429    0.0122128
   0.8530244    0.1690195    0.2980487
  -0.0778337   -0.7422926   -0.4500016
  -0.1740917   -0.1165190    0.0923817
  -0.3217057    0.0048198   -0.3786190
  -0.2819270   -0.5057619    0.1992064
  -0.1767478    0.0700267    0.0135869
  -0.4555111    0.2921456    0.0409526
   0.2039184   -0.0677477   -0.5767729
  -0.1407063    0.0025803    0.0671794
   0.7613885    0.2233770   -0.5410991
   0.2299117   -0.0432352   -0.1525853
   0.0029321   -0.0871967    0.0560190
  -0.4091189   -0.2618039    0.7360219
   0.2484696   -0.2335747    0.6538588
   0.0519564    0.1440274    0.0786351
   0.5022233   -0.2977394    0.0347820
   0.4609335   -0.4066396    0.5070337
  -0.0668040    0.0912657    0.0218100
   0.2168590    0.6749103    0.4261175
  -0.5441114   -0.4904777   -0.4258614
   0.0801085    0.1957780   -0.1756096
  -0.2926660    0.1213505    0.3771132
  -0.0405146   -0.0112728   -0.1292905
  -0.0230367   -0.0537661    0.0276293
  -0.3286982   -0.1164099    0.2794410
  -0.2916786    0.4605375    0.6209338
  -0.0509403    0.2073094   -0.0754548
   0.1316902    0.1431507    0.7703561
   0.1796092    0.6738767    0.0402212
  -0.0966718   -0.2207369    0.1175172
  -0.5845817    0.5617700    0.2210342
   0.1430157    0.9512434    0.4630959
   0.0049075    0.0683146    0.0091042
  -0.4403264   -0.1030685   -0.3649038
  -0.1398314    0.9753639   -0.3971675
  -0.0242731    0.0581037   -0.0439798
   0.2545839    0.7199308    0.0933268
   0.0641502   -0.3740086   -0.0559209
   0.0270130   -0.0433716   -0.1370177
   0.4223749    0.0390785   -0.7674057
  -0.4034185    0.0403655    0.1349722
  -0.0870084    0.0309239   -0.0084336
  -0.4179268   -0.2157891    0.2828363
   0.4390079    0.3906917    0.7352634
   0.0726729    0.0896146   -0.0382523
   0.1808292    0.3827754    0.0876127
  -0.5711083   -0.4677277    0.2542453
  -0.1437491    0.2037905   -0.0663615
   0.1778445    0.1833726    0.0581706
  -0.1113876   -0.3843595   -0.0695837
   0.0696009    0.1116503    0.0094348
   0.5014242   -0.0710110    0.3700779
  -0.2734221   -0.0592084    0.7498347
   0.0667986    0.0902419    0.1596492
  -0.5591350    0.0260579    0.1668381
   0.2077096    0.6141430   -0.3458452
  -0.0162525    0.0779150    0.0655119
   0.6653211   -0.4432054    0.4285813
  -0.5917655    0.0224733    0.0494350
  -0.0240078   -0.0678062    0.0611085
  -0.2855936   -0.0162237   -0.3480524
   0.2416626   -0.0004309    1.0894034
  -0.0819799    0.0370152    0.0661506
   0.2295381   -1.1408678    0.2470316
  -0.4148875    0.0828766   -0.4733562
   0.0618280    0.1562999   -0.1464037
   0.3673658    0.6852677   -0.3697382
  -0.5410910   -0.6752554    0.5162968
  -0.1222984    0.0890615    0.0206693
  -0.1282592    0.7628833   -0.7012306
   0.1197678   -0.1334092    0.4169359
  -0.0253970    0.1651183    0.1114157
  -0.8939802   -0.2110645   -0.7033107
  -0.2853481    0.2963545   -0.7985240
   0.1122950   -0.0456441   -0.0951561
   0.1027417   -0.2224564    0.3058728
   0.0568647   -0.1479253   -0.2335458
  -0.0087824    0.0118956   -0.0624305
  -0.0117236   -1.0732880    0.2663203
   0.3281259   -0.9269786    0.3875989
  -0.1194608   -0.0391500   -0.1563667
  -0.1933679    1.2248785    0.0609191
  -0.6769033    0.0640571   -0.0208185
  -0.1404232    0.0380239    0.1189930
  -0.0793607    0.5623062    1.0244502
   0.7100948    0.5622902    0.1846639
   0.1589187    0.0793813    0.0479072
   0.4796144   -0.9038608   -0.4274484
  -0.0510773    0.3926597   -0.9497886
   0.2325295    0.0032822   -0.0869441
  -0.0465988   -0.3888435    0.4709440
  -0.3998361   -0.0824021   -0.4809387
   0.0335109   -0.0397797   -0.2197356
   0.2043021   -0.1429339    0.7162912
   1.1808649   -1.1967098    0.3964255
   0.1000669   -0.0955963   -0.0583966
   0.3615680   -0.4151154    0.1319038
   0.1968194   -0.4523011   -0.9725496
   0.1292359   -0.0895565   -0.0438723
  -0.7921852   -0.1911680   -0.5118226
  -0.0565719    0.0026830   -0.6239994
  -0.0278091   -0.1368531    0.0728050
   1.0500590   -0.3421844    0.5872988
   0.0687546   -0.9490162   -0.3885733
   0.1913041    0.0383411    0.2336526
   0.8418132    0.9962835    0.3048594
  -0.8160955    0.3888056    1.0258032
  -0.1421490   -0.0490052   -0.0781034
   0.0011843   -0.1603272   -0.2194073
   0.4759928    0.0742197    0.4870149
  -0.1966315   -0.0993365   -0.0251926
   0.0354936    0.2108405    0.0783650
   0.3415665    0.3431122    0.3126610
   0.1006349    0.0415109    0.1109724
  -0.4233773    0.2181265    0.7625437
   0.3849794    0.1159943    0.1248194
   0.1371344    0.0695696    0.1014418
  -0.5429605   -0.3581691    0.2855493
   0.1579123    0.7134098   -0.3587947
  -0.0981875   -0.1577798    0.1810022
  -0.5214685    0.4589692    0.2004429
   0.0103277    0.6146472    0.0804760
  -0.1924269   -0.1363137    0.0609234
   0.1732194   -0.1594945   -0.2633543
   0.7186771   -0.2888339    1.0363826
  -0.0082853   -0.0345103   -0.1580143
  -0.1727698    0.6464361   -0.0226284
  -0.3605180   -0.4676301    0.3499656
  -0.0658463   -0.0510483   -0.0128971
   0.4372309    0.7410340   -0.8032138
   0.2818703   -0.4200838   -0.0373078
  -0.1133243    0.0422741   -0.1257183
   0.0089444   -0.0382088    0.2087064
  -1.0214341   -0.2927280   -0.1873134
  -0.0578840    0.1130343   -0.0898735
  -0.6831717   -0.7801406    0.5070447
   0.1750035   -0.4354112    0.2003857
  -0.0918048   -0.2221178   -0.1148280
  -0.0491950   -0.1124872    0.0026316
  -0.5735251    0.4984095    0.0350736
   0.0295238   -0.0141101   -0.0673801
   0.0035066   -0.7740128    0.7470862
   0.3061194   -0.8218542    0.2327655
   0.0420961    0.0290473   -0.0049372
  -0.5726149   -0.0594534    0.0531711
   0.5485906    0.1070574    0.2027561
  -0.0170511   -0.2249936   -0.1398973
  -0.7070910    0.1035313    0.5332804
   0.5281465   -0.1689181   -0.4130716
  -0.1241304    0.0284968   -0.0946601
   0.8478107    0.4107787   -0.1987531
  -0.2376659   -0.3041288    0.4498351
  -0.0237292   -0.0392890   -0.2624305
   0.5014382   -0.5714080    0.2550825
   0.2570497    0.1486244   -0.0495141
  -0.0098912   -0.0574258    0.1076831
  -0.7021458   -0.5511108    0.1009155
  -0.3928737   -0.0072870   -0.1634218
   0.1035632   -0.2533103   -0.2562293
  -0.4133438   -0.6203347    0.1142593
  -0.1089140    0.1253051    0.4995454
   0.0827972    0.1489740   -0.1282365
   0.4921391   -0.3744612   -0.3186265
   0.4971392   -0.5306471    0.4748636
  -0.0541131    0.0445779   -0.0889695
   0.5404434    0.1705299   -0.7229485
   0.2046576   -0.1109338   -0.5149886
  -0.1197190   -0.1333761    0.2475724
  -0.2898577   -0.3532853   -0.2898102
   0.0391072    0.8363020    0.7415313
   0.0023742   -0.0197138   -0.2740959
  -0.2660725   -0.2640391   -0.3830200
   0.5523975   -0.1643149    0.0662038
   0.0189955    0.0359145    0.0012563
  -0.4355956   -0.2229845   -0.0186681
  -0.3188018   -0.4941073   -0.3603037
  -0.0119519    0.1774374    0.1069164
   1.2422161   -0.2511398   -0.4307033
  -0.1003279   -0.3236967    0.4269351
   0.2790603   -0.0480650   -0.1640874
  -0.2740960    0.5767959   -0.7313345
   0.0149965   -0.3274495    0.1657878
  -0.1206070    0.1606788   -0.1829613
  -0.0898609    0.0492237    0.3165233
   0.0749732    0.4036054   -0.1293733
  -0.1228222    0.1434361    0.0190193
   0.7587531   -0.2480512   -0.5276761
  -0.2661099    0.2535567    0.0947196
  -0.1817571    0.1088889   -0.2468238
  -0.4567283   -0.1856043   -0.2250095
  -0.3219208   -0.1682671   -0.2228517
  -0.0378099   -0.0538108    0.0995538
  -0.0009743    0.7074881    0.1866636
   0.2118310    0.2341256    0.0980195
  -0.0702639   -0.0059196    0.0269528
  -0.8644487    0.5533195   -1.0572762
  -0.2468339   -0.4927511    0.8083816
   0.2894855   -0.0909344   -0.1228167
  -0.2933046    0.1203899    0.2328573
   0.6249097   -0.7204474    0.2324126
   0.0491010   -0.0372057   -0.1294580
   0.7064391   -0.2711071   -0.1408527
  -0.4528291   -0.2428574   -0.0149764
   0.1490528   -0.0437045    0.0625558
   0.3953303   -0.4474072   -0.1436482
   0.7908029   -0.4871705   -0.3183695
   0.1233471   -0.1459125   -0.3460659
   0.2371565   -0.2997618   -0.1715401
  -0.2713981    0.7876232   -0.7476907
  -0.0815322    0.0839569   -0.1543504
   0.5158945    0.3958513   -0.9215477
   0.1921146   -0.2155212    0.3503481
  -0.0335454   -0.1386263   -0.0520628
  -0.3224131    0.1269387    0.1682361
   0.1771229    0.9695727    0.3804110
   0.1106411   -0.0472802    0.0157467
  -0.4103259    0.0047881    0.2402365
   0.7603461   -0.0369419    0.3935371
  -0.0857551    0.0691690   -0.1761471
   0.0854905    0.4328429   -0.6156612
   0.1796275   -0.3763860    0.0413587
  -0.2290326    0.0653784    0.0030291
  -0.2939631   -0.2205206    0.5347628
  -0.1601270    0.5241272    0.1987971
   0.2110778   -0.2505400   -0.0027574
   0.4641020    0.3149556    0.2385216
  -0.0213849    0.5686725    0.6108217
   0.1982712   -0.0932223    0.2075700
  -0.1451331   -0.2410929   -0.6364725
   0.2322616    0.4055721   -0.0531937
   0.1014656   -0.2436838    0.0665253
   0.2049287   -0.3016999   -0.3641098
  -0.5942289    0.5715103   -0.4047052
  -0.0933520   -0.0965223   -0.0337039
   0.3117222    0.1521752   -0.3646225
  -0.1807747   -0.1482006   -0.2202943
  -0.1527754    0.1216848   -0.0118005
  -0.2230637    0.2018114   -0.1959639
  -1.0997076    0.2511747    0.0025395
   0.1420087    0.1401256    0.1215477
   0.0866555    0.3468027    0.4413800
  -0.5374477   -0.2550651    0.3199199
   0.1254507    0.0747799    0.0023398
  -0.0213922   -0.5972542    0.0178626
  -0.3341024   -0.5783764    0.0844389
  -0.2191693   -0.0919994   -0.1246818
  -0.3851524    0.2190644    0.5175858
   0.6696147   -0.2961974   -0.1284049
   0.0448795   -0.0326455    0.0445708
  -0.1890402   -0.2460113    0.2002871
  -0.0263813   -0.8199682    0.7421832
   0.0719038   -0.0120612   -0.0145283
  -0.0735448    0.7488370   -0.0316331
  -0.0025591   -0.2943277    0.3350021
   0.0164450   -0.1498934    0.1004626
   0.4360462    0.5339643   -0.2325790
   0.1498849   -0.5966481   -0.7156724
   0.1628729    0.0096136   -0.1326452
   0.1295449   -0.4459918   -0.8459622
  -0.7039467   -0.0167804   -0.1739180
  -0.0292167   -0.1170630    0.1806111
   0.8009461   -0.1203653   -0.3229411
  -0.4073143   -0.1828043    0.7848073
  -0.1241298    0.0544077   -0.0398819
   0.7425715    0.4958565    0.2935729
  -0.1811933    0.1929001   -0.2743648
   0.2348740   -0.0430586   -0.0630330
   0.5499221   -0.1373746   -0.3889189
   0.2691147    0.3053214   -0.0538064
   0.0506601    0.0457995    0.0288638
   0.3258247    0.7596672   -0.1846338
  -0.2082740    0.4160147   -0.4739031
  -0.0162425   -0.0399992   -0.0580847
   0.1209145   -0.3451774    0.3606881
   1.2225605   -0.2322220   -0.6721578
   0.1367800    0.0398100    0.1012604
   0.4238498   -0.8033239   -0.6877646
  -0.4161830    0.1420754   -0.0348291
   0.1096021   -0.0998755    0.1017331
   0.3388852   -0.1744471   -0.2340258
   0.0297355    0.1592827    0.6598648
  -0.0557237    0.1641798   -0.0464093
   0.0767074    0.6251156   -0.2564212
  -0.0996637   -0.0530809   -0.0773420
  -0.0555728   -0.0248061   -0.0270284
  -0.1710052   -0.6876082    0.2929520
   0.0670312    0.4928915   -0.6152341
  -0.0240032   -0.1023916    0.1111923
  -0.0984446    0.2429401   -0.1523873
   0.0337140   -0.5233683   -0.0038696
   0.0450289   -0.1235930    0.0764012
  -0.1301867   -0.1910747    0.1061916
  -0.6750439   -0.4463505    0.1050628
  -0.0384231    0.1089157    0.0434712
   0.1198275    0.2463157    0.6135429
   0.6484008    0.0399056   -0.4672420
   0.0147309    0.0733615   -0.0399017
   0.5589870   -0.0300003    0.1091864
  -0.3989646   -0.3856402   -0.0965473
  -0.0682126    0.0122154   -0.0562148
   0.1954460    0.2453924    0.2346194
   0.0110331   -0.2875902    0.1399942
  -0.1146725    0.0967341   -0.0366723
  -0.0841754    0.7713841    0.1495954
   0.3218690    0.0059309   -0.7385200
   0.0500393   -0.0505344    0.0161190
   0.4792298    0.1179893    0.4423893
   0.0094729   -0.0121551   -0.4003544
  -0.0614982   -0.0163720    0.1984907
  -0.0522850   -0.8084224   -0.1595732
   0.5791481    0.4336966   -0.1964316
  -0.0606958   -0.0173127    0.1047070
   0.3133315    0.0583791   -0.2013777
  -0.2032125    0.2343132    0.5842317
  -0.1062861   -0.1037167    0.2326186
   0.3222330   -0.4970060   -0.0227422
  -0.4950777   -0.4395286   -0.1529640
  -0.1070494    0.0605883   -0.1777968
  -0.2926947   -0.0916608   -0.1043463
  -0.0816682    0.0854437    0.1944106
   0.0272032   -0.0698009   -0.2109400
  -0.7902409   -0.2843380   -0.3635280
  -0.5249835    0.7133339    0.4696452
   0.0111010   -0.1262445   -0.0506958
   0.1556486   -0.1651472    0.8590007
   0.9460176    0.2586833   -0.1884097
  -0.1359697   -0.0727059    0.3523917
  -0.2519860   -0.2398434   -0.1796465
   0.2219610    0.2579568   -0.1113509
   0.1631617    0.1276832   -0.0992696
  -0.9825903   -0.6617286   -0.2427395
  -0.1857590   -1.2033175    0.0047450
  -0.0722338   -0.0203606   -0.0379466
   0.2203843    0.0126342   -0.7015673
  -0.2894069   -0.0896241   -0.3196521
   0.1269067    0.0068307   -0.1368071
   0.0749584    0.0056998    0.1261014
   1.0099552   -0.5740113   -0.3330729
   0.2190371    0.0816609    0.0006484
   0.4534862    0.4420186    0.4524274
  -0.5226834   -0.8963822    0.3404924
  -0.1484447   -0.0963912    0.1838571
  -0.4729792    0.0398531   -0.2706343
   0.3080465    0.3342077    0.1388769
  -0.0567799    0.1007599   -0.1444721
  -0.1852223   -0.4889534   -0.3760636
  -0.1218364   -0.0617942    0.3635115
   0.2419223   -0.0590008    0.0542065
  -0.1250392   -0.2937454   -0.6166947
   0.2545883    0.2820504    0.4076214
  -0.2390346   -0.0774392    0.1348264
   0.3224234    0.2681054    0.4853998
  -0.3996481   -0.0116731   -0.1665345
   0.0230935    0.0814271    0.0258983
   0.2387586   -0.2856203    0.0007242
  -0.1026275   -0.8315250   -0.0816826
  -0.0819274   -0.0190145    0.1063077
   0.8918070   -1.0103779    1.4674568
  -0.0263239    0.3951293   -0.6881945
  -0.0454849    0.1011922    0.0437259
   0.3253709   -0.4692442   -0.0672250
   0.1329975    0.2280952   -0.6575910
  -0.0118078    0.0689499    0.0793456
   0.2690181   -0.2812604    0.3151197
  -0.5637477    0.2935604    0.4662269
  -0.1832985    0.0675315    0.2166934
  -0.2339939    0.8608736    0.2429629
   0.6482176    0.8227863    0.7612384
  -0.0323910    0.0921369    0.0566680
   0.2535777   -0.2088034    0.6572767
   0.5220945   -0.5834655   -0.3486736
  -0.0874697   -0.0474431    0.0283528
   0.3903676    0.4541721   -0.5072190
  -0.3364281    0.1341048    0.3134121
  -0.0277623    0.1660345    0.0990295
   0.2866424    0.4772207    0.5626570
   0.9117861    0.2030859    0.0308773
   0.0058703   -0.0299733   -0.1035736
   0.3454215    0.3452615   -1.0139630
  -0.7463395    0.3625355   -0.1215845
  -0.1450080    0.0656205   -0.0633119
   0.2994633   -0.6214368    0.4082717
  -0.0283469   -0.5523574   -0.9205583
  -0.0395133   -0.1962519   -0.1406545
  -0.8154019    0.5513736    0.3935058
  -0.6116076   -0.2399693   -0.5541098
  -0.0472036   -0.1762894    0.3108481
  -0.0287979   -0.1378758   -0.1385214
   0.0163218    0.0066335    0.2820932
   0.0622291    0.2149858   -0.0072423
   0.7227044   -0.4420146   -0.1107343
   0.5420921    0.5055500   -0.9089668
   0.1359176    0.1228027   -0.0327995
   0.5395796   -0.0296962   -0.3637108
   0.4015004   -0.0318809   -0.2058530
  -0.0897346   -0.0150138   -0.0502983
   0.5526357   -0.1097245   -0.1319406
   0.6200961   -0.3215117   -0.1898747
  -0.0558326   -0.0944409    0.0926410
  -0.3108031    0.8653238    0.4817048
  -0.2523506    0.5954979    0.3967184
  -0.0705671   -0.0638288   -0.0681567
   0.3784595    0.1460077   -0.2447834
   0.7895780    0.7315857    0.7076749
  -0.0865513    0.1302349    0.1482967
   0.2158766   -0.0657671   -0.8400421
  -0.3565356    0.5620726    0.0937212
   0.1433579    0.0867946   -0.0962425
  -0.3524346    0.2266330    0.0507226
  -0.5428426    0.1331491    0.2323132
   0.0357337   -0.0969663   -0.0675890
   0.2529281   -0.2870120    0.3130563
  -0.0945332   -0.0429756   -0.1412453
  -0.1667583    0.0442727    0.0669852
   0.5341954    0.1270802    0.4484155
  -1.0064400   -0.0055037   -0.6334577
   0.1709194    0.0150553    0.0528348
   0.3232982   -1.0304455   -0.1348956
  -0.4084886    0.0809819   -0.3824066
   0.0324788    0.1605272   -0.0054602
  -0.0111005   -0.1953325   -0.4691330
   0.0386801   -0.3777474    0.1450074
   0.0781479    0.1373120    0.1416499
   0.3431373    1.0574670   -0.1492725
  -0.5038764    0.0281401    0.4526350
   0.1072028    0.0663475   -0.0563724
  -0.7000580    0.6912414   -0.0573933
  -0.2253177   -0.6197273    0.7750881
   0.2335016   -0.1350580    0.1207816
   0.2579002    0.3257557   -0.2309852
  -0.2517826   -0.1793602    0.0779147
   0.1282620   -0.0037176    0.0134490
   0.2296835   -0.7900450   -0.0185951
   0.1859119   -0.2392978    0.1942662
  -0.0021032   -0.0952833    0.1110805
  -0.0830804    0.6746318    0.2062895
  -0.2966785   -0.1634727    0.1491145
  -0.0251194    0.0566119   -0.0796844
  -0.4879873    0.0403020   -0.4243231
   0.1157049   -0.0267204    0.0192094
  -0.1452947    0.0235969    0.1116694
   0.5410194   -0.0639768   -0.2879740
  -0.2829577   -0.3402308    0.3247145
  -0.0892836    0.0480676   -0.1332866
  -0.0688980    0.1992164   -0.4863743
  -0.3462723    0.7229679    0.6100933
  -0.1127450    0.0720174    0.2424608
   0.8568026   -0.4602936    0.3073587
  -0.0272880    0.0561368    0.7408677
   0.1733588    0.1352015    0.0248730
   0.5502988   -0.1995539    0.0663740
  -0.4351536    0.4702958   -0.1314689
   0.0829280   -0.1044959   -0.1583070
  -0.1123982    0.0853521    0.5160181
   0.4339830    0.1593065   -0.4017133
  -0.0845873   -0.0375729    0.1372387
  -0.1397735   -0.2415283    0.1086944
  -0.2893272    0.7819703    0.2394500
  -0.0636450   -0.0936725   -0.1880015
  -0.0417925   -0.1092638    0.1165787
  -0.4100986   -0.3287426    0.0769157
  -0.0114055    0.1278816   -0.1808071
   0.9868153    0.5349474   -1.1781677
   0.3331550   -0.6106306    0.0948917
   0.0860580   -0.0828751    0.0168244
  -0.4151465   -0.4486082   -0.7019719
   1.0502464   -0.2748454   -0.4240757
   0.0782346   -0.0126650    0.0696919
  -0.1679493    0.3048097    0.1746828
   0.3683863    0.5962827    0.5325755
   0.0909060   -0.0862419   -0.1714651
   0.1925496   -0.0252711   -0.1196163
  -0.2074075    0.0793923   -0.5263382
   0.0731660   -0.2392726   -0.0121103
   0.7653170   -0.2230396    0.0305072
   0.3076058    0.0430432    0.0324264
   0.3260693    0.1336770   -0.2100829
   0.5255564   -0.3006641   -1.1681596
  -0.2680021    0.1479932   -0.3975473
   0.0591561   -0.1825986    0.1915895
   0.1254148    1.5499839   -0.3162576
   0.1985040   -0.1216766   -0.5793070
  -0.1433909   -0.1032631    0.0767370
   0.4952168   -0.6695179   -0.4447080
   1.1465857    0.1909907   -0.2088518
   0.0166125   -0.2063914    0.0765184
  -0.2319796   -0.8529274    0.6422179
  -0.4955306   -0.3437389    0.4713428
  -0.0096347    0.0828237    0.0321265
   0.5257103    0.3362709    0.2388116
  -0.1790789   -0.4491476    0.5460615
  -0.1215160   -0.0505017    0.0723182
  -0.1338210   -0.2445759    0.3513417
   0.9393032   -0.1689430   -1.1014783
  -0.1227241    0.0884316    0.1624371
  -0.0120301    0.3505878   -0.3788098
   0.7921071   -0.3378311   -0.2709050
  -0.1350121   -0.0005749    0.1849262
  -0.1058015    0.3562621   -1.2752167
   0.2283033    0.3401182   -0.3739945
  -0.1383436   -0.0659600    0.0441208
  -0.8776252    0.2148844    0.5653594
  -0.0236434    0.1554723    0.6737498
  -0.0032369   -0.0577157   -0.1038187
  -0.3295272    0.6150969   -0.4525241
  -0.1552704    0.4818033    0.2070046
  -0.1235764   -0.0326935   -0.0088876
   0.2745850    0.6373021    0.6379867
  -0.3665494    0.5829870   -0.0589929
   0.0605775    0.1517952    0.0751597
  -0.5123049   -0.1059787   -0.1411686
  -1.1757392    0.0993969    0.1997178
   0.0963587    0.0870958   -0.0663313
   0.0293811   -0.0961919   -0.0037984
  -0.5481077   -0.3642874   -0.2130855
   0.0430112    0.0534747    0.2038191
  -0.6646755    0.1845068   -0.2178295
  -0.1268288    0.6399401    0.0126005
  -0.1414756    0.1563150    0.0757509
  -0.0918470    1.4719065    1.0552578
   0.2239791    0.6437259    0.7881895
   0.0096108   -0.0250279    0.0989750
  -0.5387312    0.3106565   -0.5042401
   0.4240117   -0.2616571    0.8707615
  -0.0033703    0.1548358    0.2932524
   0.8787468    0.9402146    0.2852719
   0.6934617    0.1201945   -0.2122005
  -0.0501930    0.1545149   -0.1655110
  -0.6571568   -0.3311806    0.3775001
  -0.0904943   -0.4107434    0.2966597
   0.0920972    0.0259193   -0.1014285
   0.5095356   -0.2647910    0.0264902
  -0.5258249    0.4339421   -0.6545507
  -0.0595612   -0.0242878   -0.0044704
   0.8984340   -0.0569774    0.3374754
  -0.3351200   -0.5592252    0.5175374
  -0.0111109    0.0479048    0.0364170
  -0.2206933    0.0290702   -0.6615961
  -0.0397718    0.3591859   -0.0668830
  -0.0583873    0.0998830    0.0823064
   1.0769227   -0.4243813    0.1548626
  -0.1016353   -0.8251640    0.0445758
   0.0167084   -0.0643328    0.1553548
   0.7386801   -0.2522746    0.8347873
   0.3341682   -0.6301376    0.7193181
  -0.0761011    0.0670867   -0.1082384
  -0.2955328    0.3988679    0.6207724
   0.2940178   -0.7519573    0.5559263
  -0.0112434   -0.0714216   -0.0576257
   0.1665890    0.0368840   -0.0323498
   0.0169987    0.6115660    0.0355888
  -0.1686283    0.0474682   -0.1761206
   0.0422293   -0.3446651    0.0578959
   0.0180408    0.4694937    0.0970181
   0.0559484   -0.1016138   -0.0280241
   0.5293730   -1.5325701   -0.4147440
   0.3846967   -0.6621525    0.1195154
   0.0701567    0.1594839    0.1002571
  -0.4370398   -0.8387603   -0.1277730
  -0.3098756   -0.0725739    0.2843046
  -0.1912260   -0.0432769   -0.0245571
  -0.3527900    0.4706981    0.1248331
  -0.0074503   -0.7336693   -0.1085516
  -0.0660927   -0.0448864    0.1034080
   0.5511182    0.0858200   -0.7910961
   0.2887085   -0.1174033   -0.7685742
  -0.0253102    0.0354400   -0.0065295
  -0.1903293   -0.5490702   -0.3642485
  -0.1203219   -0.7187475   -0.0857219
  -0.0083143   -0.1612400    0.0133626
   0.7666132   -0.0860257   -0.1457809
  -0.1073584    0.7357982   -0.7499961
   0.0612472    0.0370896   -0.0315991
   0.6033379   -0.1400521    0.0110444
  -0.4417706    0.0547794   -0.2003280
  -0.1298747   -0.0730268    0.0860539
  -0.2162200   -0.5445411    0.1530380
   0.3003587   -0.5527433    0.9934152
  -0.0343965    0.2433166    0.0062371
   0.0790372    0.1833998    0.2309308
   0.9429470   -0.2092573   -0.1305298
  -0.0446811    0.0530268    0.2063242
  -0.3976599    0.3429819   -0.0774132
   0.1644409   -0.3802284   -0.0035467
  -0.0002811    0.1341663   -0.0047937
   0.4407076   -0.6397424   -0.6517357
  -0.5950581    0.0519294    0.4568222
   0.0348090    0.1138773    0.0217239
  -0.0736099   -0.1892833    0.4648333
  -0.1941219    0.3522629    0.1276204
   0.1182093   -0.1956423    0.0756175
  -0.5737722    1.0316978    0.0526956
   0.1216296    0.1654519    0.4149373
   0.1609900   -0.0901571   -0.2475082
   0.3632469    0.4017675    0.1724626
   0.5372869   -0.2967021   -0.6194440
  -0.0006853   -0.0085291   -0.0645257
   0.2451720    0.0278708   -0.1165973
   0.4604328   -0.0857964   -0.4517905
   0.0189235    0.0765958   -0.1414323
  -0.1042611   -0.2787145   -0.5005732
  -0.0456861    0.1175930   -0.7270914
   0.0143264    0.1053100    0.0220303
  -0.5422201   -0.5993963   -0.4916486
   0.2734149    0.4074987    0.2860257
   0.1046370    0.0250183    0.1359037
  -0.2156122    0.0050895    0.0780652
  -0.0236697   -0.2932652   -0.2954280
   0.1002246   -0.0427251   -0.0133011
  -0.0037862    0.5720037   -0.4631027
  -0.5172548    0.3668530    0.5611686
  -0.0209456   -0.0261096    0.0102107
  -0.0761161    0.3556961   -0.3311130
   0.0662329   -0.2034908   -0.6404693
   0.2436230    0.1150583   -0.0004947
   0.0706177   -0.0110926   -0.0237485
   0.1669894    0.0192346   -0.0293456
  -0.0494746    0.0330076    0.0464073
  -0.8874011   -0.5734164    0.0333196
  -0.3300330   -0.1521145   -0.1746840
   0.1292306    0.1502513   -0.0282239
   0.1615937    0.4643689    0.0574656
   0.4838453   -0.0902070    0.2372077
  -0.0036224   -0.0290833    0.1804785
  -0.5354703   -0.2506636   -0.1185847
   0.1165482    0.4412394    0.2361451
  -0.0104547   -0.0481110    0.0807325
  -0.9562286   -0.3735035   -0.0794289
   0.2536390   -0.0755766   -0.6001559
   0.1308674    0.2799692   -0.0976716
   0.1496716    0.2472762    0.2490681
  -0.1190862   -0.8783063   -0.1018631
  -0.0130815   -0.1342336    0.1057223
   0.2604338    0.0347916   -0.2071977
   0.3745693   -0.0559127   -0.0000775
   0.1177320   -0.1430034    0.1585935
  -0.0005941    0.4339472   -0.1672347
   0.2990173    0.7082028   -0.3309492
  -0.0156959    0.0838780    0.1824116
   0.5784918   -0.5795406    0.0570819
   0.4168819    0.0575613    0.2049165
  -0.0445559   -0.1981381    0.1579659
  -0.0771319    0.3428791    0.0647241
   0.2008042   -0.3454630    1.1442275
  -0.0120737   -0.0172423   -0.2570080
   0.3801292   -0.2011520   -0.5465500
   0.1413827    0.0533544    0.1940174
  -0.0184249   -0.3035372    0.0613682
   0.1121656    0.8953613    0.0013043
   0.3416843    0.0387568    0.2580470
   0.0034471    0.0853998   -0.2991802
  -0.5847384   -0.2850111   -0.3196117
   0.2077308   -0.2609105   -0.2140056
  -0.0820850   -0.2909861   -0.0255709
  -0.4049964    0.1200134    0.4920115
   0.4258760   -0.1088772    0.1656176
   0.2258761   -0.1213191    0.1607574
  -0.2390758   -0.6260867   -0.0643428
   0.4726202    0.5258431    0.9034481
   0.0559590    0.0912599   -0.0953800
  -0.0487313    0.4217630   -0.1549442
  -0.2895657    0.1617422    0.0317840
  -0.0196408    0.0356402    0.1511910
   0.4009599    0.1770255    0.3354827
  -0.1436031   -0.0198823    0.5541098
  -0.0866336    0.1498625    0.2151888
   1.0886101   -0.1485495    0.2268034
   0.3332828    0.5557325    0.1420024
  -0.1074719    0.0159384   -0.0183949
  -0.3768516    0.5620943    0.3023059
   0.3971071    0.2761984    0.2719401
  -0.1671808    0.1501461    0.0370501
   0.4419897   -0.6532118   -0.3764450
   0.5242356    0.7365202    1.8566259
   0.1081560    0.0050068   -0.0412136
  -0.3055656    0.0511776   -0.5160223
  -0.1890534    0.1082516   -0.0705876
  -0.0584707   -0.0064164   -0.1652702
   0.0608118   -0.0242623   -0.0613609
  -0.4536296   -0.2588612    0.1558040
  -0.0548857    0.1885455    0.0480755
  -0.5032129   -0.8233305    0.2599607
   0.3074017   -0.4876876   -0.1607749
  -0.1836469    0.1874284   -0.2025488
   0.4683509   -0.0109489    0.0531566
   0.2762252   -0.1693368   -1.6953762
   0.0520728    0.0292530    0.1160519
   0.7110701   -0.1624618    0.5524732
   0.3404438    0.4153767    0.0366014
  -0.0637177   -0.0459092   -0.0030793
  -0.3899153    0.6524145   -0.2245253
  -0.5274561    0.9381829   -0.1156396
   0.2079857   -0.1069090   -0.0090892
  -0.7289234   -0.0035842    0.0475724
  -0.0625726   -0.1777893    0.2932810
  -0.1975733   -0.0867110    0.2120993
   0.4159972    0.0046208    0.1320614
  -0.6630158   -0.6466926   -0.0015528
  -0.1012638    0.0950345   -0.1001731
   0.2453289   -0.1218169    0.4751198
   0.8188431   -0.4950159   -0.2974177
   0.0158780    0.0546760    0.0159000
   0.0296247   -0.9781868    0.2176726
   1.1087199    0.6067647    0.0906006
   0.0278478   -0.0072773    0.1024391
   0.1829629   -0.0490110    0.4401073
  -0.3611478   -0.0766774   -0.2640276
  -0.1819078    0.0653315    0.1146703
   0.1592829    0.9636788   -0.0228237
   0.2910831    0.0796587   -0.3376902
  -0.0779541    0.1252365   -0.1810299
   1.0045495   -0.4336417   -0.3703521
  -0.7273670    0.3154273    0.2600138
   0.1004924    0.0411954    0.1265367
  -0.3316391    0.1053743   -0.4650221
   0.1355368   -0.3882167   -0.3887389
   0.0005396    0.1392900    0.0293437
  -0.1028712    0.0873641    0.1204190
   0.8840783   -0.4202863    0.5918948
  -0.1969891   -0.1073352   -0.2133312
  -1.7394103   -0.0378379   -0.2445600
   0.2587750    0.4016489   -0.2211136
   0.1972396   -0.1196447   -0.0439306
  -0.1160028   -0.1819000    0.4020631
  -0.0248981   -0.0882022   -0.4001247
   0.0594784   -0.0096980   -0.0121819
  -1.0344605    0.5632350    0.1007409
  -0.4857934    0.4187368    0.6438253
   0.0104627   -0.0347979    0.0482917
  -0.4572950    0.8080855   -0.0737274
   0.2524824    0.5728399    0.3628882
  -0.0763251    0.0280949    0.0757188
   0.0139376    0.5526815   -0.2815694
   0.8366239   -0.2455441    0.0928010
   0.0133319   -0.0888255    0.0552640
   0.1526387    0.6110659    0.0442546
  -0.3837821   -0.2219523   -0.7613795
   0.0317033    0.2489206    0.0166472
   0.3664628    0.3183475   -0.4266554
  -0.0692576   -0.0657536   -0.4922793
   0.1629426    0.0591120    0.0709735
  -0.2311606   -0.5830190    0.4438585
  -0.1756586   -0.7875839    0.5195266
  -0.0041319   -0.0510251   -0.1189419
  -0.1497478    1.0667568   -0.0982207
   0.5582327   -0.2394237    0.0333492
  -0.0560571   -0.0263121    0.1140940
  -0.4699445    0.1150922    0.6433950
  -0.4444716   -0.4372338   -1.1085806
  -0.1807785    0.0579599   -0.2011973
  -0.3083406   -0.1064550    0.0736115
   0.5743312   -0.3118752   -1.2340659
   0.0427637    0.2104770   -0.0353916
  -0.2214667   -0.3281822    0.0213825
   0.0905325    0.4234233   -0.5683373
  -0.0146154    0.0159625    0.0599669
   0.4208015    0.5622308    0.0827991
   0.6757466   -0.4202628    0.3796729
   0.0128765   -0.0705086   -0.0400199
  -0.6307592   -0.3801909   -0.1719742
  -0.8639827    0.0472679    0.3921261
   0.1128823   -0.0089802    0.0748791
  -0.4792400   -0.2709763   -0.5282818
  -0.0597569    0.0569727   -0.2147380
  -0.1868104    0.1284332   -0.0972243
  -0.0852977   -0.2141040    0.4292364
   0.3156585   -0.7286116    0.0783543
  -0.1682047    0.0131930    0.2214619
   0.3279537    0.2637835    0.0435335
   0.1008957   -0.2981129   -0.7710383
   0.0689791   -0.0625568    0.0502423
   0.9918112   -0.1150048   -0.1415966
  -0.2639422    0.4396030    0.0546088
   0.0165168   -0.0023035    0.0190966
   0.4206989    0.1974219    0.0020472
  -0.0192816   -0.2127966   -0.2203175
   0.1992698    0.0937420   -0.0734951
  -0.0129798    0.6318790   -0.4572271
   0.2251797    0.1356534    0.1722397
  -0.0200464    0.0006390   -0.0302575
   0.1304572   -0.9882198    0.4068101
   0.6159354    0.3864023    0.2042174
  -0.0369647    0.0321069    0.0066068
   0.0364783   -0.2423175    1.1467028
  -0.0036833    0.3311501    0.7716184
  -0.0328292   -0.1392254   -0.0754768
  -0.0496771    0.8598899   -0.5512667
  -0.3402922    0.9245510   -0.3322009
  -0.0819718    0.1409133   -0.0009842
   0.2801222    0.0332157   -0.0394982
   0.1396340    0.3370997    0.3505712
  -0.1246936    0.0274421   -0.0287717
  -0.4475038    0.3658443    0.7856111
   1.2615565   -0.1897309   -0.5481909
  -0.0264521    0.0027303    0.0240376
   0.2164949   -0.3612560    0.1779783
  -0.2904943   -0.0189040   -0.2199647
   0.0706430   -0.0079601    0.0301157
   0.0279758    0.7969806   -0.2445773
   0.4098662    0.0609558    0.3188184
   0.0830464   -0.0038363    0.1697105
  -0.3018282    0.1924065    0.6735917
   0.6658809   -0.2124063   -0.4301202
  -0.0187207    0.0216454   -0.0089810
  -0.1344378   -0.3645253    0.4094915
   0.6061057    0.2110008    0.1189544
  -0.0190146    0.0749100    0.0192590
   0.2955801    0.4045312   -0.1916717
  -0.2731968   -0.1602512    0.1478233
   0.0465411   -0.1546633    0.2026462
  -0.8007081   -0.5006233   -0.4091750
   0.2355770   -0.9976381    0.4471495
  -0.0627210   -0.0627073   -0.1643104
  -0.0935452    0.0776560    0.2654766
   0.2542695    0.3855590    0.0570286
  -0.1672501    0.0477557   -0.0026189
   0.2435193    0.3935038    1.0745577
  -0.2268583   -0.0825367   -0.5376397
  -0.1990692   -0.0749345   -0.0114223
   0.1881536    0.1026256   -0.0541819
   0.8347549   -0.4260518   -0.2500233
   0.3084975   -0.0894106   -0.2453301
   0.1414149   -0.2613385    1.1650476
  -0.8868576   -0.6503997    0.2722562
  -0.0828751   -0.2062791    0.0135773
   0.0460595    0.0744383   -0.0270351
   0.4145270    0.3445297   -0.6798779
   0.2153853   -0.1961076   -0.0630612
   0.1320819    0.1579652   -0.4877506
   0.0769980   -0.8163995    0.2321844
   0.1373629    0.1538849   -0.1491609
  -0.9406637    1.0763454    0.1095962
   0.0267132   -0.1462300    0.5594857
  -0.0035104   -0.0160746    0.1631318
  -0.5092096    0.4816883   -0.3406430
  -0.3484135    0.2374182   -0.1660934
  -0.1514803    0.0345613    0.2027575
   0.2594471   -0.1213276   -0.0734373
  -0.2558380   -0.1274853   -0.3045552
   0.1030218   -0.1402134   -0.0183272
   0.2258465   -0.6044529   -1.1316298
  -0.1380862   -0.2213489    0.0848584
  -0.0668082    0.1468840   -0.0157710
  -0.6006522    0.7516921   -1.2199552
  -0.1556828    0.4260659    0.0969722
  -0.1194384    0.0380353    0.1950789
  -0.0401589    0.2272507    0.1886166
  -0.3986906    0.2432191    0.1803124
   0.0570229    0.0198030    0.0025440
  -0.2353404    0.3198674   -0.0993306
   0.0492150    0.0226187    0.0859380
   0.0277566   -0.0398584    0.2108146
  -0.4870850    0.2698773   -0.4397126
  -0.4743569    0.0882395    0.6599000
  -0.0451294    0.0355522    0.2746207
  -0.0688289    0.1618439   -0.0878028
  -0.0884480    0.5101959   -0.2330188
  -0.0740750    0.0976471    0.1315922
  -0.4991102    0.1446781    0.2304614
  -0.2370839   -0.0166353   -0.4842339
  -0.0870753   -0.0256169    0.0100354
  -0.2210964   -0.0003462   -0.1162711
  -0.0466724   -0.7152841    0.6395354
  -0.0090625   -0.1418675    0.0027729
   0.1440618    0.1582747    1.0516684
  -0.0858713   -0.0765155    0.1000770
   0.0392073   -0.2486478    0.0561659
   0.2957979    0.0856021   -0.8270302
   0.3887850    0.3977310    0.1280828
  -0.0515364    0.1373061   -0.1091773
   0.4340892    0.2840971    0.4204675
  -0.4047914   -0.6188887    0.5526512
  -0.2284268   -0.0844489   -0.0083131
  -0.2223615   -0.3614026    0.2757582
  -0.3075428    0.1107016   -0.3673349
  -0.0503159    0.1362859    0.1198837
   0.7052795    0.9190888    0.1197980
   0.0186729   -0.6900820   -0.1787030
  -0.1755432   -0.1177938   -0.0952113
  -0.3367636    0.6657518    0.4257449
   0.2475902    0.5276784    0.2428393
   0.1876275   -0.0508755    0.0169188
   0.1960572    0.5908507    0.2915677
   0.3980255    1.1330616   -0.5388733
  -0.1989472    0.1013674   -0.1506983
  -0.4291378    0.1136325    0.7435586
  -0.0521106   -0.4037081   -0.3306502
   0.0178572    0.1604534   -0.0539008
   0.3159995   -0.7169457   -0.5139953
  -0.0803687    0.2163233    0.7854719
  -0.0202361   -0.0250388    0.1232525
   0.6081105   -0.7313738    0.7397026
  -0.1022045    0.5584948   -0.8502934
   0.0732714   -0.0656610    0.0926498
   0.0195626   -0.3784936    0.4030562
  -0.3921702   -0.2068274    0.1952211
   0.0216064   -0.0412392   -0.1213065
   0.7871389    0.5337543    0.7143943
   0.3905346   -0.1451170    0.8002361
  -0.0392029   -0.0101770    0.1518566
   0.9931887    0.5782629   -0.8066996
   0.0282887    0.1022103   -0.6079333
  -0.0931492    0.1721984    0.0492337
  -1.1064755   -0.0324233   -0.7470591
  -0.1019420    0.1960625   -0.1858223
   0.0732875    0.0026289   -0.0310510
  -0.4704660    0.1873905   -0.5628910
  -0.4719892   -0.5485210   -0.0223026
  -0.0941745   -0.0212305   -0.0367154
   0.1192000   -0.1235741   -0.0999315
  -0.3710493   -0.5830830    0.9549987
  -0.0173560    0.0399932    0.0897039
   0.1742776   -0.0535876   -0.1785984
   0.0764139   -0.0507182    0.2996937
   0.0841414   -0.0137451   -0.1889497
  -0.0576540   -1.3101878    0.0733593
  -0.5001475    0.3381988    0.2481400
  -0.1084178    0.0736079   -0.2012895
  -0.4338558   -0.3104942    0.1396430
  -0.4677935    0.0193299    0.8135375
   0.0294143   -0.0334469   -0.0628175
   0.5868592    0.0420774    0.4008678
   0.3447199   -0.6756806    0.9396189
   0.1318978    0.0120233    0.0258649
   0.5362009    0.3488089   -0.7917033
  -0.4083839    0.2432292   -0.1557728
   0.0459374    0.0088178    0.2205833
  -0.4340898   -0.1617305    0.1594654
   0.0923526   -0.0198951   -0.1771423
   0.0252025    0.0660539   -0.2437789
  -0.2209169   -0.1605620    0.4207083
   0.0767323   -0.1376808    1.1231858
   0.0694317    0.0924707    0.0199306
  -0.2628168    0.2548295   -0.5024051
   0.4361456    0.7006273   -0.1477097
  -0.2100399   -0.0852256   -0.0750366
   0.1434343    0.2205697    0.8138309
  -0.3096233   -0.0998834    0.0330768
   0.0584217    0.1714474   -0.0220642
   0.3776276    0.1972297   -0.0142517
  -0.1349280   -0.1159642   -0.4761741
  -0.1529905    0.0986918   -0.1260675
  -0.3929946    0.7456039   -0.5728201
   0.1461640    0.5464092   -0.3264145
   0.0915351   -0.2382668    0.0142112
   0.0603764    0.2165954   -0.3357028
   1.0155387   -0.2777045   -0.1353171
  -0.1483221    0.0191556    0.1267598
   0.0102575    0.6798851    0.5304662
  -0.6940835   -0.0458033    1.0000849
   0.0238367   -0.0932025   -0.1539382
  -0.1938851   -0.3268479    0.6501037
  -0.0926615   -0.4361813    0.8568637
   0.2442031   -0.1336817   -0.2170286
   0.1506773    0.5737560   -0.9399901
  -0.2347573    0.2939496    0.4323759
   0.0104163    0.0545682    0.1373602
  -0.0343273   -0.2981762    0.4098631
  -0.2771519    0.2819535   -0.7320656
  -0.0404618   -0.2554239    0.1053855
  -0.5135437   -0.1556706    0.2025188
   0.0056704   -0.2052157   -0.3178305
   0.0220496    0.0090050    0.0449782
  -0.3472883    0.3585189   -0.6331164
  -0.1943101    0.1202113    0.1109072
  -0.0302963    0.0145939   -0.0731267
   0.9737160   -0.1392265    0.9381984
  -0.2106462   -0.3506365   -0.3806613
  -0.0042044    0.2005866   -0.2041345
  -0.5458115   -0.0690968   -0.3470476
  -0.0601582    0.4057042    0.4881997
   0.0189594   -0.2773522   -0.0756353
  -0.3734972    0.2604171    0.3359857
  -0.6440820   -0.7111823   -0.6318383
  -0.0690513    0.1122330   -0.0928353
   0.0160200    0.4763779   -0.4079913
  -0.3996598   -0.2196342    0.2923136
  -0.1420433    0.0860332   -0.0111003
   0.3015885   -0.1212349   -0.6512080
  -0.7212879    0.2406151   -0.6657227
  -0.0895976   -0.1185608   -0.0305753
  -0.5031190    0.2787243   -0.4846360
   0.0385891    0.0019124   -0.3283618
   0.0201151    0.0931421    0.1051920
  -0.0079893   -0.3271582   -0.2939580
  -0.4636790   -0.3222291   -0.9027988
   0.0740010    0.1138507    0.0035854
   0.2496688   -0.2466387   -0.5326486
   0.0429857   -0.1434582   -0.3110826
  -0.1356873    0.0008572    0.1778056
  -0.1154418    0.0495852   -0.1804452
  -0.3432199    0.4414290   -0.3471401
  -0.0329695   -0.1676429   -0.0304676
  -0.3475084    0.6872704   -0.1974375
  -1.0694656    0.1661882    1.3807904
  -0.0031573   -0.1230416   -0.1069015
   0.3631653    0.6824347   -0.1486313
  -0.8484871    0.5266447    0.2306381
  -0.1350764   -0.0075914   -0.2959662
   0.1415215    0.3122317   -0.1730785
   0.1200525    0.0111144   -0.4537135
  -0.0449818   -0.0988145    0.0740524
  -0.4688655   -0.6400945    0.3377840
   0.2906996    0.0458611    0.1310644
   0.0128081   -0.0744032    0.2225228
  -0.2905286    0.0151756   -0.0393090
  -0.7407874    0.3157139   -0.1456938
   0.0100682    0.1408647    0.1088232
  -0.4984097    0.2033413    0.3505947
   0.0360825    0.1975671    0.2281006
   0.0287382   -0.0756860   -0.0109617
   0.1239620    0.8000841   -0.1307079
  -0.4461205   -0.5125042    0.1382439
  -0.0407797    0.0289610    0.0199185
   0.0343743   -0.3150087   -0.8464271
   0.6560476    0.1534656   -0.0831767
   0.1275285   -0.0430854    0.0051276
  -0.2044159    0.3574473    0.0435346
   0.2656975    0.2006741   -0.2911779
   0.0228982   -0.0085003    0.0946618
  -0.5410677    0.2400765    0.5441957
  -0.5496325    0.5885551    0.8772666
  -0.0504601   -0.0847504   -0.0482835
  -0.4148061    0.4146743    0.5994566
   0.0107582   -0.0069827    0.1684995
  -0.0332986    0.0089624   -0.1121206
  -0.3759193    0.3671843   -0.1552928
   0.3509403   -0.3819865   -0.4095806
  -0.0078488    0.0458196    0.0589584
   1.2235668    0.6387895   -0.1843000
  -1.0333755    0.5136637   -0.0110580
   0.0308728    0.0097968    0.1141248
  -0.5045344    0.5844123    0.4678214
  -0.1669448   -0.4280759   -0.0193253
   0.0480552    0.0901606    0.1578371
   0.6734520    0.1793366   -0.2538658
   0.0292022   -0.2399630   -0.0405571
   0.0550719   -0.0065113   -0.0169211
   0.1682902   -0.0950854    0.7708802
  -0.1835347    0.8748378    0.3656495
  -0.0673721    0.0510604   -0.0422212
  -0.0437704   -0.2916939    0.3222188
  -0.0300476   -0.0897173   -0.1857693
  -0.0492172    0.0664866   -0.1215504
  -0.5948984    0.5091470    0.9527481
  -0.0914951   -1.0968521   -0.6500358
   0.0432842    0.0241691   -0.1247669
  -0.9304072   -0.2380090   -0.2778559
   0.5323700   -1.0224354    1.2696924
   0.1780353    0.0883241    0.2110929
   0.1885699    0.2353821   -0.4431746
   0.2040379   -0.2093403   -1.1110659
  -0.0012521   -0.0538929    0.0986127
  -0.2445082    1.0046065    0.1181072
  -0.0516582   -0.7052462    0.2564237
  -0.0841450   -0.0134896    0.1108398
  -0.5471973   -0.2536757   -0.6764119
   0.0698860    0.4547841   -0.4374089
   0.1022039    0.0211164    0.1141035
   0.2037051   -0.0935218   -0.2625543
  -0.0398320   -0.2055462   -0.0668255
  -0.0757673   -0.1206834   -0.0000891
  -0.0694105   -0.1577307   -0.3217029
   0.4214815    0.1266626    0.0179011
   0.0891594   -0.0181868    0.0203458
   0.3356790   -0.0739473   -0.0282282
   0.2069247   -0.2532251    0.4037878
  -0.0532679    0.0358680    0.1729132
  -0.4478972    0.5804863    0.2313148
  -0.9473251    0.8689598    0.3970940
  -0.0015414    0.0143155    0.0115259
  -0.7746524   -0.3520609    0.2467653
   0.1873843    0.4284841   -0.0148100
   0.1183327    0.1343207    0.0841027
   0.1205044   -0.6258749   -0.0013274
  -0.6420764    0.1891588   -0.0250275
  -0.0249783   -0.1507725    0.0970030
  -0.0039481   -0.0240852   -0.1587895
  -0.2915018   -0.0582072   -0.2016559
   0.1762442    0.1604808    0.1629603
   0.0526003   -0.0171432    0.2162253
   0.4686283   -0.2286157    0.7219576
   0.1283791   -0.0094564    0.0956803
  -0.2900178    0.5522482   -0.2277436
  -0.0189352   -0.0322238    0.7061953
  -0.1998620    0.1749818    0.0925936
  -0.1244203   -0.1802750    0.2529882
  -0.0658902    0.1017625   -0.2091475
  -0.1092867    0.1050306    0.0768529
  -0.1769174   -0.0744515   -0.1895876
   0.1308176    1.0979720   -0.1902495
  -0.1147418   -0.0632875   -0.0827183
   0.6183776    0.7828012   -0.4057098
   0.0775462    0.0886066   -0.1277050
   0.0102609    0.1011671    0.2843940
  -0.2629169    0.3165280    0.0718511
  -0.6494387    0.1547339    0.5670052
   0.0648640    0.0350487   -0.0540001
  -0.0949786   -0.0200186   -0.2983134
  -1.4313771    0.8290818    0.2111908
   0.1788790    0.0806603   -0.0805907
   0.2102719   -0.3087341    0.2168782
   0.6159021    0.9634034    0.2005790
   0.0636067   -0.0538355   -0.1118577
   0.3312748   -0.0348954   -0.3788817
   0.8191432    1.4711446    1.0525432
   0.0095988   -0.0255485    0.0141621
  -0.2733958    0.1253478   -0.2459685
   0.1017622    0.8865746    0.0422260
  -0.1019211    0.0563258   -0.2055534
  -0.4083099   -0.3237967   -0.7016619
   0.2037240   -0.7040765   -0.4383560
  -0.0110112    0.0252779   -0.1442295
   0.0743441    0.4060501    0.2510999
  -0.0497226   -0.1627735   -0.5878083
   0.0001083    0.0687712   -0.0594356
   0.2080109    0.4727265    0.4072091
  -0.4920360    0.4370071    0.9698747
   0.1863119   -0.0821288    0.0248471
   0.0888077    0.5578009    0.0252107
  -1.3321422   -0.1647878   -0.1964695
   0.1952392   -0.0195236    0.0068674
  -0.1667629    0.0709543   -0.5429878
   0.0427437   -0.2389001   -1.0479374
  -0.0042270   -0.0586294    0.0798269
  -0.4050950    0.4144848    0.2294927
   0.5154188   -0.3840825    0.2664561
   0.1047478    0.1905680    0.0736499
   0.0399298    0.1500957   -0.6463865
  -0.8049032    0.2751399   -0.8896145
  -0.1198287    0.1581772   -0.1503670
   0.5924462   -0.1786436    0.1182891
  -0.2828775   -0.2811735    0.0928831
   0.2818535    0.0947731    0.1898936
  -0.7267416    0.3771529   -0.1218315
   0.3753923    0.6615431   -0.1971518
  -0.0616592   -0.0709066    0.0778350
  -0.5300388   -0.0616038   -0.3873196
   0.1493978    0.1841399    0.3160753
  -0.1224973   -0.2789337    0.0067277
  -0.0664827    0.0426639   -0.0255727
   0.4240130   -0.5986261   -0.0702725
   0.1487783    0.0230911    0.1301319
  -0.2970491   -0.0305327   -0.7637607
  -0.9732660   -0.1628746    0.1563209
  -0.1043311   -0.0465074    0.0769297
   0.6605821   -0.2344287    0.4000985
   0.5114146    0.2326751   -0.4448628
  -0.1727864    0.0932746    0.2354052
  -0.3490362   -0.1293225   -0.7620425
  -0.1782764    0.1796477    0.2439744
  -0.1316724   -0.1500422    0.1388323
   0.6354154   -0.3880175   -0.0929459
   0.5038738    0.0051002    0.5448697
   0.1580490   -0.0469867   -0.1812944
  -0.2739381    0.2403013   -0.3395957
  -0.2568453   -0.2210855    0.3809296
   0.1929356    0.0712822    0.0454964
  -0.7139254    0.1063976    0.5055478
   0.9396819    0.4591615   -0.0134000
  -0.1022806   -0.1348398   -0.1158755
  -0.2621689   -0.0592625   -0.1006845
  -0.3377606   -0.3666770   -0.1888605
   0.0742666   -0.0904273   -0.0100054
  -0.1779136    0.0078544   -0.2291362
  -0.3975384    0.4426441    0.4066074
  -0.1278222   -0.0955794    0.0156703
  -0.1154504   -1.2786940    0.4058181
  -0.5105503    0.0167253    0.2423290
   0.1405144   -0.0068606    0.2589574
   0.6367279   -0.0372416   -0.6711060
   0.3438636    0.1181052   -0.2255766
   0.0897302   -0.0727017   -0.1784096
   0.4548284   -0.7414476   -0.2116077
   0.0514747   -0.9206651   -0.1135149
  -0.0419755   -0.1972825   -0.1496701
   0.2095794   -1.0191599    0.6185363
   0.3029268   -0.0342316    0.1767588
   0.0194962   -0.1700958   -0.2592842
   0.4840398    0.6567071   -0.0278365
  -0.2641739   -0.5866328   -0.1715893
   0.1227652   -0.2963750   -0.2133633
   0.0583704   -0.1920729   -0.5086247
  -0.6588292    0.5601109    0.0881039
  -0.1813792   -0.1688963    0.1958275
  -0.4251242    0.5380864    0.6164126
  -0.2004485   -0.0241269   -0.0870016
  -0.0092723    0.0351690   -0.0720440
   0.2428014   -0.8548978    0.2647609
  -0.0667683   -0.3003055    0.2168867
  -0.0294810    0.0183213   -0.0589040
   0.1267809    0.0378168    0.5764110
  -0.3586985    0.0448549   -0.5721410
  -0.0717253   -0.0747551   -0.2118340
   0.3886544   -0.5487334    0.2562614
   0.2735368    0.2764177    0.2235058
   0.1641724    0.0890715   -0.1871249
  -0.1075892    0.1409400   -0.4327746
  -0.7877779    1.1193988    0.1144164
   0.1186125    0.0580808    0.0215606
   0.5410597   -0.3851958   -0.2691611
   0.1472435    0.4256770   -1.0530941
   0.0426152   -0.0950044    0.0803417
  -0.2170899    0.6093863    0.3316243
   0.0301931    0.1070697    0.3473359
   0.1749593   -0.0366452    0.0066031
  -0.4048190   -0.0075895    0.2534404
   0.3840784    1.0885142    0.0897641
   0.0325784   -0.2120131   -0.0327748
   0.1820715    0.2164412   -0.3769594
  -0.7070512   -0.0642838    0.2334597
  -0.0964174    0.0246482    0.1461776
  -0.1846504    0.3875083    0.1641197
   0.0714601    0.1174196    0.0188902
  -0.0107600    0.0227106    0.2433829
  -0.2684069    0.3684423    0.1875117
   0.0731330   -0.1856083    0.1768767
  -0.1282366    0.0151089    0.0341508
   0.1328858    0.2110517    0.1240016
   0.0643983    0.0828227   -0.1498791
   0.1270367    0.1452100    0.1015561
  -0.1396472   -1.1546977    0.2781055
   0.1131462    0.0167922    0.1006805
  -0.0354049    0.0785484    0.0796785
  -0.4616159    0.1339675    0.1728517
  -0.2338922    0.2240645    0.1226492
  -0.0879437   -0.0561499    0.1339251
  -0.2325706    0.2013441   -0.2525274
   0.0106535   -0.1604367   -0.0251634
  -0.1236681    0.1114378    0.0543564
   0.1373913    0.5311459    0.4137519
  -0.0503198   -0.3344803   -0.0501251
   0.0330536    0.1782682   -0.0426891
  -0.4886023    0.0461973   -0.6087106
   0.4261971   -0.1550891   -0.0855306
   0.0316489    0.0093228   -0.0481855
   0.0055894   -0.5182948   -0.1622873
   0.2344022   -0.2005558    0.7649537
   0.0088878   -0.2064689   -0.0989046
   0.0030282    0.8475139    0.8085548
  -0.0953568    0.2586032   -0.0093740
  -0.0562258    0.0348373   -0.0036670
  -0.8888801    0.2303031   -0.5125797
   0.0255456   -0.7684802   -0.2936220
  -0.0829184    0.1649842    0.0593573
   0.1311209   -0.4220801   -0.5056168
  -0.5310944    0.5327166   -0.1901769
  -0.0957483   -0.0442556    0.0180212
  -0.1598319    0.1570203   -0.3560835
   0.1479433    0.5364099    0.2495065
  -0.0530735   -0.1486063   -0.1592032
   0.1780085   -0.3509673   -0.6486412
   1.0198119   -0.5982167    0.0072255
  -0.0085307    0.0763705   -0.0020411
   0.1405046    0.3843953    0.3486148
   0.8335735   -0.1851116    0.0350271
  -0.0742546   -0.0274263    0.0807313
   0.3612018   -0.2718269   -0.0436734
   0.4476994   -0.1545208    0.3528067
  -0.1399871    0.1140337    0.0939422
   0.0794390   -0.3044204    0.7351684
  -0.7968330    0.2402506   -0.3249364
  -0.0171759   -0.1074063   -0.1835003
   0.3326800   -0.2560583   -0.1831590
   0.0969495   -0.2918399    0.2857627
   0.0833035    0.0330046   -0.0368015
  -0.1100078   -0.1422113   -0.1836982
  -0.0152452   -0.1598320   -0.6526486
  -0.0399713   -0.1090515   -0.0029505
  -0.6715324    0.1472009   -0.9384874
   0.1877217   -0.5296313   -0.1693735
   0.0325265   -0.0277392   -0.1272004
   0.0908185   -1.0788531   -0.4879238
  -0.0653525    0.2745817   -0.6521525
  -0.0639822    0.1246763    0.0340880
   0.3873273   -0.2691054    0.2759230
  -0.6350105    0.0816347    0.0806234
   0.0167659   -0.0437725   -0.0183413
   0.1963019    0.6626449    0.8100765
  -0.2348707   -0.5446123    0.0384898
   0.1013596    0.0729307    0.1530533
  -0.1612609    0.6556577    0.2060650
   0.7300060    0.5407206    0.2762030
   0.0725428    0.0087873    0.2410735
   0.5289483   -0.0266026    0.2240279
  -0.3837192   -0.3035700   -0.8157663
   0.1226505   -0.0441637   -0.0171663
   0.1619270   -0.7195438    0.2561826
   0.4719002    0.1712841    0.0184732
   0.0562407    0.2753182    0.0630507
  -0.0299514   -0.0259786    0.4572629
   1.2474245    0.6372954   -0.1640725
   0.1016919    0.0609348   -0.0578946
  -0.4390886   -0.2812032   -0.0622330
   0.5407154    0.0834975   -0.5764532
   0.1729224    0.0036587    0.0311041
   0.6498768    0.9537157    0.6195139
   0.1797897    0.3255458    0.1294914
   0.0645978   -0.0376201    0.0062427
   0.0709497   -0.5195984    0.2807434
   0.3072690    0.4195186    0.3611900
   0.0420829    0.1647831    0.0742957
  -0.0065888   -0.1086308   -0.6200233
  -0.4653250   -0.1526115    0.5026276
   0.0991514   -0.1504770   -0.0544806
  -0.5147561   -0.1636834    0.0108028
  -0.1518168    0.2617597    0.0348693
   0.1984486   -0.0942620    0.0217427
   0.0758857   -0.3382991    0.2772626
   0.1301084    0.1264486   -0.5338338
   0.0860973    0.1098591   -0.2581200
  -0.3209750   -0.5254893   -0.3576127
  -0.3012637    0.1717244    0.1148861
  -0.0435021   -0.1284242    0.1618654
  -0.0436423    0.3356970    0.1619737
   0.3106149   -0.4366376    0.0300489
   0.0611161    0.1393005    0.0763802
  -0.3980261   -0.0089316   -0.0862027
   0.7012370    0.7898744    0.2758048
  -0.0252026   -0.0132318    0.0562158
   0.2646317    0.6424337    0.0479533
   0.3033855    0.3818295    0.1844652
   0.0808521    0.1207451   -0.0009215
  -0.5453532    0.2305102    0.0561949
   0.0035789    0.1641897   -0.1925516
   0.2185850    0.0052044   -0.0515231
  -0.3627835   -0.2993829   -0.1296898
  -0.5571786    0.4693441   -0.3675364
  -0.0431103   -0.1419924    0.0041414
  -0.2402029    0.0272457    0.2264294
  -0.3973885   -0.4594630   -0.6616798
   0.1855927    0.0575079    0.1196701
  -0.2160281    0.3058155    0.6319821
   0.3621522    0.5122587   -0.0751124
  -0.0895686   -0.1339132    0.1067106
  -0.0790680   -0.3750767    0.4242631
  -0.0858724   -0.1933458    0.5236105
  -0.2639792   -0.0695656    0.1032875
   0.3734978   -0.0378871    0.1552264
   0.3828728    0.1392380   -0.1535209
   0.0651372    0.2108999    0.1704735
   0.3385587    0.1622203   -0.5756879
   0.4849013    0.4528609   -0.5928931
   0.0213390   -0.0621839    0.0989899
  -0.5155542    0.4744427   -0.6410230
   0.0005683   -0.0327304    0.0610785
  -0.0248506    0.0424116   -0.0403879
   0.5118775    0.1358604   -0.7564027
   0.2034151   -0.3209698    0.5892144
   0.0575852    0.1844273    0.1059845
   0.0761298   -0.0854793   -0.1449130
  -0.0519899    0.0388771   -0.9897040
  -0.0848705    0.0917664    0.0932404
  -0.4427660    0.2530841   -0.7692831
   0.5254298    0.6942945   -0.6121135
  -0.0048122   -0.0012741   -0.0046460
   0.3692373    0.3808353    0.2079047
   0.5833144    0.8745566   -0.6055274
  -0.0378046    0.0026819   -0.1229844
   0.2980995   -0.4979138    0.1410820
   0.2974221    0.3528297    0.5069006
  -0.0104339   -0.1011871    0.0745705
   0.8205283   -0.1898353    0.0291070
  -0.3046593    0.2651035    0.1673290
  -0.0577417    0.0262540   -0.2676381
   0.0723705   -0.3467695   -0.1572676
  -0.4009589   -0.8157504   -0.2713071
  -0.1583564   -0.0124096    0.0444319
   0.3658591    0.2373579   -0.3986497
   0.5772055   -0.0477660    0.2386514
  -0.0815566    0.1342920   -0.0787698
  -0.5515065   -0.5058531   -0.4756392
   0.0401703    1.1473193    0.3730933
   0.0772684   -0.2428184    0.0267003
   0.3387624   -0.0372073    0.2364742
   0.0541625   -0.4535315    0.0441908
  -0.0835131    0.0774751   -0.0375130
   0.5301376   -0.1688274   -0.3922998
   0.2610405   -0.4616016   -0.1090390
  -0.1601867   -0.0616856   -0.0587081
  -0.0993597    0.4297470   -0.2749905
  -0.6632957    0.1011803   -0.4888301
  -0.0223945    0.0290833   -0.1332528
   0.1268885    0.0043814    0.1872760
   0.4363712   -0.3115420   -1.1289612
  -0.0550626   -0.0741108    0.1056113
   0.7933909   -0.6705950   -0.5147061
  -0.1766858    0.2594290    0.5073465
   0.0452224    0.1756354    0.1378446
  -0.1016935    0.2110164    0.7839400
  -0.2658708    0.0775383   -0.5667269
   0.0180767    0.0327393    0.0466152
  -0.3990921    0.2297563   -1.1046405
  -0.2873629    0.2962283   -0.0586231
  -0.0781678    0.0835076   -0.0290337
   0.1035214   -0.0304553    0.3309063
   0.0062907   -0.4114468    0.2649459
  -0.0502574    0.0226340    0.0860621
  -0.0657737    0.0556971   -0.0627070
   0.4949833    0.7729380   -0.1990253
   0.1470243   -0.0643174    0.0751073
  -0.2502021    0.6620011    0.4725381
  -0.8092191   -0.2998053   -0.2437583
  -0.0432944   -0.0310698    0.0765320
  -0.0906305   -0.5579510    0.2365965
  -0.6557494    0.2631583   -0.3392612
  -0.0495206   -0.1735359    0.0704792
  -0.3740320    0.2466412   -1.0548351
   0.1792257   -0.3350451    0.4446772
   0.0224671    0.0777406    0.0410840
  -0.2928531   -0.5159671    0.7490246
   0.2801790    0.2051784    0.6130607
  -0.0946259    0.0443532   -0.0902993
  -0.6055035   -0.0225811   -0.7812611
  -0.6178843   -0.5998819    0.7738383
  -0.0105066   -0.0186148    0.0592846
   0.0479791   -0.1583909   -0.3194023
  -0.2851278   -0.2991618    0.0830455
  -0.0430051   -0.1044137    0.1345884
   0.2631181   -0.5496199    0.1176135
  -0.3738481   -0.4856046    0.0510192
  -0.2059888    0.1283177   -0.1437065
  -0.1905333    0.0283664    0.4727667
   0.3910793    0.2373044    0.8514728
  -0.0080068   -0.1257990   -0.0853699
   0.5546972    0.5987777    0.9314782
  -0.3445331    0.1343355    0.2564884
   0.0692330    0.0549385    0.1875029
  -0.0519954    0.0882574   -0.0256139
  -0.2453819   -0.0167794    0.3332301
   0.1389846    0.2188221   -0.2497236
  -0.0781507    0.2801992    0.2087448
   0.6131861    0.3223358   -0.5530821
  -0.0240416   -0.0027675   -0.1821669
   0.3461092   -0.1535838    0.1107635
   0.0082660   -0.2521366   -0.4398570
  -0.0119919   -0.1263548    0.0691009
   0.8287785   -0.2531684   -0.7104625
   0.5645441    0.0135177    0.0096945
   0.2231109    0.0500010    0.0663906
  -0.3010292    0.0003648   -0.0361136
  -0.4450411    0.8213112    0.5199586
  -0.0881634    0.0462773   -0.0856642
   0.0156860   -0.0507194    0.1991976
  -0.0860086   -0.3488154   -0.0788408
  -0.0607965    0.0491563   -0.0195690
  -0.1920831   -0.6479989   -0.0515222
   0.1246265   -0.0809950    0.6742718
   0.1886370    0.0091528   -0.1289185
  -0.2810787   -0.7041519   -0.6681251
  -0.5250291    0.4277498   -0.6879764
   0.0416662   -0.0697096   -0.0815536
  -0.0517590    0.5832639    0.0875315
   0.1481759   -0.5300266    0.7020813
   0.0470782    0.0596513    0.1259466
   0.1313306    0.2690128    0.1918852
  -0.2517944   -0.5998325    0.2169202
  -0.2043026   -0.2430434   -0.3282857
  -0.4092003    0.4510111    0.6268125
  -0.7757711   -0.4667875    0.0369694
  -0.0288112    0.2035016    0.0303959
   0.3959743   -0.0740232   -0.4257281
  -0.3093236    0.8037235   -0.1353293
  -0.1942636    0.1456531    0.0363333
   0.4422877    0.2560645    0.8943185
  -0.3629364    0.3962404    0.4423910
   0.1139252    0.0277152   -0.0020327
   0.0122824   -0.8652190   -0.1953106
   0.1678121   -0.3819453    0.0323594
  -0.0319249    0.0466624    0.1255600
  -0.3107065    0.5998354   -0.1245609
  -0.2177786    0.0183366    0.6151710
  -0.0626636    0.2513013   -0.0716023
  -0.4218755   -0.3775327   -0.7607812
  -0.2253604    0.1224403    0.1340728
  -0.2137817   -0.0249628    0.0264492
  -0.0945470    0.4211039    0.0622576
   0.5874085   -0.6119601    0.1670717
   0.1510317   -0.0968176   -0.0276357
   0.7501342    0.2050820   -0.4673855
  -1.1128528   -0.0496883   -0.7758911
  -0.0009866    0.1204451    0.1032421
  -0.2673095    0.4305426    0.0440631
   0.2531503   -0.1040514    0.2031497
  -0.0430613   -0.0157083   -0.0838074
  -0.7603967   -0.2753462   -0.6627812
  -0.2972418   -0.0315516   -0.0547642
   0.1874317   -0.2614477   -0.0068769
  -0.3215332    0.1949352   -0.1770092
  -1.1971507    0.1046969   -0.3302339
  -0.0174748   -0.0361916   -0.1051070
  -0.7360251   -0.0193486    0.1532075
   0.4542726    1.1889858   -0.2937924
  -0.0209045    0.0716051    0.0029022
  -0.5744413    0.6780589    0.5681904
   0.4817834   -0.4129639   -0.4184874
  -0.1077832    0.0449462   -0.0674555
  -0.7485658    0.2035478    0.5277631
  -0.1282724    0.9538251    0.2269746
   0.2484407   -0.0038604   -0.0759975
  -0.2339833    0.2595825    0.5017273
  -0.0073025    0.2104515   -0.3150483
  -0.1223752    0.0418866    0.1304312
   0.1040580    0.1538080   -0.2512664
   0.1822382    0.9215453    0.2549945
   0.0746297   -0.0536375   -0.0300120
  -0.4487192   -0.7318056    0.6176819
   0.3870072   -0.3355415   -0.0383447
   0.0992404   -0.0036677    0.0108290
   0.0829194   -0.1898528   -0.1776794
  -0.2214577    0.4832441   -0.0131222
   0.1062258    0.0450198    0.0610008
  -0.0337279   -0.2120619    0.6133476
  -0.9503300   -0.8760522    0.0034212
   0.1244477   -0.0715465   -0.1650310
  -0.9173074   -0.4837131   -0.0839532
   0.1188636   -0.3372157    0.9541841
   0.0898647    0.1575891   -0.1275880
   0.0745235   -0.7005277   -0.3772253
  -0.0446052    0.3385329   -0.5958172
   0.0754034    0.0224637    0.0168589
  -0.3472940   -0.3247684    0.4030266
  -1.0880679   -0.4085744    0.4455654
  -0.0658853    0.1310230   -0.1961264
   0.4847907   -0.1096650   -0.1265832
   0.3522781   -0.0162531    0.7883797
  -0.0084905    0.1190313    0.0397710
  -0.2563079    0.5083596    0.1035094
  -0.0804822   -0.5514044   -0.1535838
  -0.0398664   -0.1203394    0.0103311
  -0.2118150    0.0712851    0.6202987
   0.3923737   -0.2164876   -0.4180720
  -0.0154610   -0.1007557    0.0275370
   0.0533180    0.3771887   -0.6545453
  -0.2142698    0.4896699   -0.5290825
   0.1100732    0.0168843   -0.0352389
  -0.2603491    0.3526184   -0.2692256
   0.4541120   -0.3348856    0.1315187
   0.0358524   -0.1148693   -0.0069910
  -0.2150916   -0.4816032    0.0567576
   0.7616024    0.6737491   -0.0900548
   0.0791990   -0.0547864    0.1218961
   0.8310524   -0.3870627    0.1376819
   0.0933645    0.5016496    0.2284737
   0.1830300    0.0209150    0.1810468
  -0.2038239   -0.3882184   -0.0106326
   0.4961160   -0.7230371    0.4709613
  -0.0310335    0.0969312    0.0187750
   0.3098118   -0.1019858   -0.1979061
  -0.0826216    0.4670946   -0.0855599
  -0.0810635    0.1824230    0.2820428
  -0.4331102    0.3741701   -0.0173403
  -0.4898698   -0.1502215   -0.0073971
   0.0066794    0.1436379   -0.0313119
   0.3626324   -0.0081563   -0.5085637
  -0.0793401    0.0292254   -0.2356275
   0.0121521    0.0527031    0.0529174
  -0.1653693   -0.1353022   -0.0751426
  -0.1401280   -0.3117403    0.7772793
  -0.0916097   -0.0569878    0.0176696
  -0.6064371   -0.8615907   -0.4140268
  -0.1906840   -0.3389004    0.0833136
   0.0447713    0.0301797    0.0639363
   0.8447322    0.2523568    0.2145388
  -0.0656761   -0.6449360    0.0127234
  -0.0312699    0.0745486   -0.0609796
  -0.0182818    0.7825649   -0.0349068
   0.6081834    0.4733762   -0.8096819
   0.0204402    0.1463033   -0.0391539
  -1.0328200   -0.7714654    0.0833070
   0.8805993    0.6981300    0.4341306
  -0.0045172    0.0674670    0.1239913
   0.1085332    0.5720710   -0.0474721
   0.2824781    0.0950721    0.4552985
   0.2222646    0.0371649   -0.0538842
   0.2684558    0.6550769   -0.8896437
  -0.2811469   -0.2722417   -0.1439992
   0.0745067   -0.0191864   -0.0705760
   0.2392722   -0.3059337   -0.4932965
   0.2379132   -0.0169175   -0.5173789
   0.1248569   -0.0167101    0.0911010
   0.2985585    0.0993137   -0.5711894
  -0.2279550    0.3169815   -0.5950003
   0.1700366    0.0146029   -0.0843266
   0.0918180    0.1185104   -0.3446984
   0.5971706    0.8265693   -0.0174007
   0.2045332    0.1239016    0.0755246
  -0.0885253   -0.3050237    0.6374717
  -0.1782757    0.2077717   -0.4067675
   0.1118792   -0.1485337    0.1229858
   0.3596159   -0.0335899    0.8620076
  -0.0773156   -0.3095047    0.2901560
   0.2436289    0.0220967   -0.0902238
   0.3370996   -0.1654759   -0.0763790
   0.3076397   -0.2739773   -0.3033201
   0.1772885    0.1801155   -0.0124459
   0.7653455    0.2771148    0.0335098
  -0.1392195   -0.8474729   -0.1327680
  -0.0629197   -0.1154162    0.1405737
  -0.1143043   -0.2913748   -0.3127360
   0.0874222   -0.6935722   -0.4341649
   0.1283057   -0.0671138    0.0799215
  -0.9893603   -0.1850246   -0.2231246
  -0.6316460   -0.0240531   -1.1431071
  -0.0496999   -0.0900084   -0.0106145
   0.6429544   -0.2656972   -0.4974215
   0.4774915   -0.3507274   -0.2067481
  -0.1510546   -0.1317046   -0.0401572
   0.2316287    0.4299987   -0.1146682
  -0.1122306    0.1026661    0.3744509
   0.0560360    0.1229702   -0.1661679
   0.2773851   -0.7390887    0.0691326
   0.1821639    0.0976403    0.9484633
   0.0141371   -0.1895790    0.0312704
  -0.2752624    0.5417841   -1.0802377
   0.5478870   -0.2326384   -0.1615386
  -0.0538391    0.0066550   -0.0365000
   0.4819334    1.2005968   -0.2744029
  -0.0757324   -0.3026030   -0.6728160
  -0.0298726   -0.1584303   -0.0986773
   0.3475993   -0.2879197    0.5293511
   0.2459145   -0.1710943    0.2735544
  -0.1606094    0.1654904   -0.1263325
  -0.3003509   -0.2576853    1.0990233
   0.4828404    0.3331107   -0.0100926
  -0.1183206   -0.0502840    0.0653105
   0.0246236    0.0167295   -0.5678940
  -1.0074229    0.3495498   -0.3917786
   0.0029388   -0.0391846   -0.0674559
  -0.1197992    0.6753381   -0.4778588
  -0.3290644    0.3185039   -0.0156743
  -0.1832364   -0.0924443    0.0864746
   0.1371410    0.3019869   -0.8212214
  -0.1061801    1.3573149   -0.4612429
   0.1026070   -0.1827659    0.0758182
  -0.0848070   -0.4157243   -0.0907032
  -0.7257318    0.3422481   -0.4209355
   0.1594209   -0.0330576   -0.0304131
  -0.0590659   -0.2974877    0.0888062
  -0.0988159   -0.2401367   -0.3054654
   0.1704348   -0.2202786    0.0403201
  -0.0018295    0.0192759    0.0450659
  -0.1251162   -0.6963331    0.5501747
  -0.1698153    0.0866445   -0.0375853
  -0.1320256   -0.1243750   -0.2541801
  -0.2298671    0.6627389   -0.3434938
  -0.2029878   -0.1173654   -0.1087001
   0.0311083   -0.2784162   -1.0444196
   0.7063828   -0.6732947   -0.6102813
  -0.0562609    0.0595936   -0.1065969
   0.4942742    0.5327489    0.5602969
   0.7757192    0.1506852   -0.2822172
  -0.0810045    0.1788813   -0.0697496
   0.7856728    0.1558096    0.8903779
  -0.2480075   -0.8504503   -0.1761509
   0.1192484   -0.2176501   -0.0055259
   0.1859711   -0.0148116    0.3159493
   0.3540212   -0.1301943    0.2897609
  -0.0633360    0.2760046    0.0671489
  -0.1799551   -0.3591772    0.4934393
  -0.3660115   -0.1685868    0.4057715
  -0.1208140    0.1788008    0.0378665
   0.2066821    0.3648174    0.5604966
  -0.0105796   -0.1126173   -0.9401718
   0.1878424    0.0852714   -0.0883786
  -0.1535622    0.4605092    0.3641079
  -0.1692579   -0.6477706    0.2803070
   0.0968561   -0.0444803    0.0074106
   0.1342005   -0.5016212   -0.0707868
   0.3156014   -0.0489981    0.2333498
  -0.0240481    0.0387870    0.0016835
  -0.9224901    0.8104951    0.4850749
   0.0698471   -0.2306549    0.6727711
  -0.0841515    0.0679241   -0.1612392
  -0.1179844    0.1331434    0.3244264
   0.8161915   -0.2553736   -0.2635035
  -0.0755571    0.0162914    0.0081114
   0.0074539    0.2557970    0.0481452
  -0.7273650   -0.3598617    0.0530370
   0.0720325    0.0950543    0.1867891
   0.1076286    0.2546658   -0.3493880
   0.1448467    0.3418173    0.2115037
   0.0767348   -0.0192238   -0.0188608
   0.3610123   -0.2440125   -0.4814113
  -0.6558695   -0.4224425   -0.7562904
  -0.0525083   -0.0885296   -0.0481308
   0.4630010   -0.0906044    0.1579746
   0.0774922   -0.4393662    0.5878424
   0.1737491    0.1135572    0.1140641
   0.2109914    0.7238598    0.0774940
   0.1200547   -0.1547865    0.6635406
  -0.1932128   -0.0280612    0.0959670
   0.1287346    1.4257606   -0.3771620
  -0.1995115    0.5372461   -0.0432582
   0.0837594    0.1571866   -0.0721349
  -0.0578677   -0.0662072    0.2243203
  -1.3449180    0.1126615    0.0542231
  -0.1941880   -0.1588358    0.0307621
  -0.1492509   -0.4463559    0.0023011
  -0.2544253    0.4173143   -0.1111747
   0.0103165   -0.1836954   -0.1356801
   0.3934220    0.2340041   -0.0633709
   0.3896036   -0.8939544    0.1262436
  -0.0001109    0.1041673    0.1489964
  -0.4295096   -0.5636602   -0.2541162
   0.1358436   -0.4654446    0.1485442
  -0.0487350   -0.0346519   -0.2240664
  -0.0337249   -0.3933707    0.5933212
   0.6564503    0.5448197    0.1408344
   0.0830076    0.0083345   -0.0152967
  -0.4674534    0.4506902   -0.2124415
   0.3584172   -0.1348235   -0.0388141
  -0.0761830   -0.2825855   -0.0433008
   1.1910348    0.2870819    0.1977041
  -0.5785892    0.2352510   -0.1394210
   0.0834503   -0.0744892   -0.1682096
   0.2927102   -0.5345349    0.6089910
  -0.1926243   -0.1150650   -0.4287897
  -0.0219667    0.1685347    0.0924479
  -0.1723551   -0.2837731   -1.3602322
   0.0409826    0.4896687    0.0855876
   0.1573817   -0.1128601   -0.0639762
  -0.5674275   -0.0285261    0.1714809
  -0.1490802    0.0238084    0.0849617
   0.1065607   -0.1479970    0.0463875
   0.3033198    0.0542430   -0.5425121
   0.0034736    0.0452848    0.1616358
   0.2380651    0.0829414    0.0960485
   0.1391157   -0.0621926   -0.8162594
   0.5177363   -0.1051850    0.0421072
   0.0023870    0.1041225   -0.0699458
  -0.9509530   -0.3067178   -1.0248675
   0.1095571    0.0989858   -0.7581806
   0.0269352    0.1118791   -0.0519376
  -0.4691750   -0.1873181   -0.1185250
   0.3840443    0.7751822   -0.1390352
   0.0361932   -0.0241214   -0.0089485
   0.3110710    0.1364003    0.0065546
  -0.0263878   -0.3067131   -0.6058235
  -0.0544131   -0.1087213   -0.2927167
  -0.4070944    0.3019853    0.5074914
  -0.1138924    0.0627072    0.2442774
   0.1125445   -0.1387234    0.0512097
   0.0111034   -0.5546228    0.1795088
   0.2453872    0.2397167   -0.0238598
   0.1336631    0.0845520   -0.0372097
  -0.2173490   -0.3585216    0.2187074
   0.5564480   -0.2943425    0.1796522
  -0.0150629   -0.0920493   -0.0914677
   0.3284021    0.6226507   -0.3242366
  -0.5080072   -0.1581098   -0.4541591
   0.2411610    0.1505596    0.0149300
   0.2186885    0.5801247    0.2617486
   0.0890313   -0.6064595   -0.5744102
  -0.1198505    0.0263534    0.2701874
   0.0448704    0.1424071   -0.1445613
  -0.3757347    0.2766517    0.4586696
   0.1114305    0.0299721    0.0699202
  -0.0218844    0.9721544    0.0832532
  -0.2098845   -0.5843813   -0.1920589
  -0.1483873   -0.0661206   -0.1708845
  -0.2408797   -0.2690891   -0.5800639
   0.4729436    1.0529650    0.3960310
  -0.0154871   -0.1472331   -0.0213934
  -0.5197788    0.4300703    0.5040280
   0.1602266    0.6352807   -0.5158940
  -0.1347429   -0.2568377   -0.0637565
   0.1786266   -0.0168539   -0.1198401
  -0.2887601    0.4580788   -0.2851324
  -0.1925903    0.0819357    0.2038673
  -0.4294338    0.1234909    0.3695393
   0.4919686   -0.0841137   -0.3116820
   0.0137652    0.0332797    0.0270724
   0.2466608   -0.8313922   -0.9057020
   0.3722025    0.4005839    0.1433168
  -0.1311694   -0.0781815   -0.0860895
   0.2142104    0.1531218   -0.0617886
   0.3079214   -0.2389401    0.3070272
  -0.0326796   -0.2031787   -0.0107986
  -0.3778017   -0.2397796    0.0597691
  -0.1860603    1.0145932    0.7049434
   0.1319670   -0.1341719    0.1116158
  -0.3288708    1.1611297    0.1204887
   0.6075416    0.4012509   -0.0527839
  -0.0583834    0.0189022   -0.0007058
  -0.1095321   -0.0586516   -0.4326795
  -0.0396184   -0.6390253   -0.2957359
  -0.1206089   -0.0465883   -0.1199264
   0.0823113   -0.1691696   -0.0704287
  -0.5452579    0.4812436    1.0407521
   0.0398072   -0.1395222   -0.0368528
  -1.0571675    0.3218764    0.6828402
  -0.4493057    0.0694926    0.2752402
  -0.1071717   -0.1216911    0.1030617
   0.8619387   -0.3664482   -0.3713674
  -0.2575421   -0.4509600    0.3652656
  -0.0588647    0.0347729   -0.2356755
  -0.1804168   -0.4800037    0.0773415
   0.4306854    0.1018832    0.0164060
   0.1064695    0.0032941   -0.0625350
  -0.0498007   -0.3156018   -0.2971154
  -0.1173185    0.4083538    0.6327244
   0.1655184    0.0705500   -0.0475947
  -0.4436648   -0.2052685    0.5347740
   0.1171637    0.7778172    0.1598160
  -0.0539440    0.0415826   -0.0733024
   0.4089322    0.3176830    0.0487494
   0.1006424   -0.2233833   -0.0317831
  -0.0238909    0.0248469    0.2091531
   0.3145666   -0.4115366   -0.1204700
  -0.0263215    0.5389589    0.1414395
  -0.0879369    0.0489472   -0.1935050
  -0.8995448   -0.6366488   -0.0447190
  -0.2478312    0.0406891   -0.5098343
   0.1040941    0.0307836   -0.0138452
  -0.7306191    0.4202687    0.2729964
  -0.5616966   -0.4324214   -0.0420707
  -0.0348723   -0.0453478    0.0775176
   0.3098450    0.4414804    0.2648245
  -0.0329949    0.6477455   -0.4524090
   0.1009521    0.2894899   -0.1064046
   0.2433705    0.4031416   -0.0096339
  -0.1660930   -0.6279015   -0.3761892
  -0.0092199    0.1939200    0.0291685
   0.0365129    0.1160532    0.4439241
  -0.0180875   -0.1502046    0.4294518
  -0.1029397    0.2308141   -0.0557518
   0.0347569   -0.1692557    0.3155189
  -0.0470722    0.3897403    1.1990894
   0.0848193    0.1002221    0.1832573
   0.3653594   -0.4269634   -0.1562065
   0.2777720    0.0229504   -1.2152039
  -0.0709658    0.0017925   -0.1218381
  -0.4647073    0.1862324   -0.4284430
   0.4763340    0.2105541    0.1347097
   0.1588520    0.1818708    0.2055009
   0.6624476   -0.8064200   -0.2630186
  -0.3812588    0.1272698    0.2720612
   0.0236141    0.0339049    0.0361639
   0.8603502   -0.3693652   -0.1467440
  -0.5193376    0.1005170   -0.5882030
   0.0203997    0.0472415   -0.0309078
   0.3223451   -0.3383128   -0.1446256
   0.3964000   -0.1772386   -0.1526442
  -0.0382778   -0.0846128    0.0003850
   0.0734127    0.2705465    0.0488528
   0.3088696   -0.4858913    0.0017464
  -0.0999971   -0.0279237   -0.0912587
   0.1684109   -0.4022103   -0.2018025
  -0.1462892    0.2429605   -0.3246870
  -0.1718874   -0.0714859    0.0985554
  -0.8256919   -0.8034797    0.6372908
   0.6422253   -0.0426507   -0.0083156
   0.1501840   -0.1780740   -0.1035944
  -0.1533001    0.5524499   -0.0448369
  -0.7251318    0.7581750    0.4177926
   0.0259703   -0.0263051    0.0345255
   0.3048818    0.2493339    0.0697871
   0.5075700    0.5497404   -0.2745502
  -0.0042965    0.1345791   -0.1417598
   0.1308313    0.7865744    0.0189432
  -0.1097647    0.1286063   -0.1763458
   0.2414619    0.0092445    0.0061180
  -0.3253306    0.4211167    0.5576437
   0.4394088   -0.0499757    0.4493697
  -0.0840018   -0.1351838   -0.0572258
  -0.5933986    0.6292699    0.6249207
   0.6451130   -0.9393215    0.9114698
   0.0215938   -0.0031007   -0.1007886
   0.8448176   -0.3068757   -0.0725801
  -0.9143508    0.1935385    0.3888854
  -0.0048254    0.1115742   -0.0266779
   0.1142572   -0.0388309    0.2768841
   0.0969935   -0.5594491   -0.7417740
  -0.1135534    0.0226829    0.2390914
  -0.8887154    0.2252455    0.5420631
   0.2585899   -0.7141153   -0.0724125
  -0.0655097   -0.0985662   -0.0071917
  -0.0167093    0.0747919    0.0491304
   0.1451731   -0.2845472    0.1240038
   0.2959771   -0.0888406    0.0385955
  -1.1901931   -0.2482436    0.0164697
   0.4450426   -0.2375535    0.9065246
  -0.1214004    0.0476139    0.0834691
   0.3944176    0.0774304    0.6846725
  -0.2242046    0.1398924    0.3107304
  -0.0819477    0.1750057    0.1628635
   0.2819825   -0.4309746   -0.1706281
   0.1341760    0.1421909    0.1662605
  -0.0570532   -0.0637223   -0.0363453
   0.1612792    0.3319716    0.4357546
   0.8361643    0.8592482    0.8119902
  -0.0800841   -0.0133890    0.0320987
   0.3874392    0.1185087   -0.3007582
  -0.1778562    0.1734160    0.0101156
   0.0058021   -0.0262721   -0.0035227
   0.2008474    0.5066367    0.2126878
  -0.6379973   -0.0992598   -0.3049816
  -0.0384655   -0.1692477    0.1920880
   0.3184403   -0.0444097    0.0594673
  -0.4144218    0.1755719    0.8361589
   0.0567885    0.0677589    0.0120006
   0.3994379   -0.2005669    0.1372886
  -0.5651017   -0.2604977   -0.1977481
  -0.1121603    0.0190611    0.0073209
  -0.0589151    0.1232891   -0.1283004
  -0.3011083    0.7303652   -0.3680804
  -0.0466007    0.0832427   -0.0004604
   0.2460215   -0.0016900   -0.6257258
   0.3152851   -0.6063156    0.1026697
   0.1036625   -0.0556994    0.1248786
   0.0492417   -0.0556538    0.0086617
  -0.0854690   -0.0441919   -0.2312099
   0.0302978    0.0250237   -0.0778757
  -0.2883296   -0.0662709    0.4867948
   0.2000183    0.0122013   -0.2275324
   0.2596799    0.0688662    0.0389920
   0.1666876    0.4815272   -0.0480802
  -0.8756407   -0.5154740    0.6452349
   0.0456020   -0.2153513    0.1313335
  -0.0637756   -0.1574319    0.0746415
  -0.0364144   -0.6621499   -0.8434107
  -0.0071029   -0.0191173    0.1424079
   0.2889798   -0.4197815    0.1327447
   0.4236855    0.1661517    0.5677133
  -0.0300735   -0.0594060    0.0293582
   0.3216402    0.1078042    0.4049399
   0.3620181    1.0148405   -0.6116674
  -0.1546869   -0.0199478    0.0905086
  -1.1639839    0.0345398    0.6520968
  -0.1241834    0.0418549   -0.1920706
   0.1663422   -0.1116361   -0.0951926
  -0.0433897   -0.3420313   -0.0074984
   0.0447598    0.4663550    0.1721827
  -0.0999054    0.0612296    0.0737395
   0.7274036   -0.0947297   -0.3670404
  -0.1402095    0.0484852   -0.6707445
  -0.2214009   -0.0051591    0.0908486
  -0.1243972    0.3344152    0.0736939
  -0.6953033    0.0372726    0.9149336
   0.1608699   -0.1207348    0.2736701
   0.1618523   -0.5671135    0.3499903
  -0.0420755    0.1338643   -0.4989502
   0.0089482   -0.0084879   -0.0432406
  -0.4486420   -0.4839974   -0.4898818
  -0.4041773    0.5874048   -0.0059562
   0.0740877    0.0204544    0.1592053
  -0.6888322   -0.3244495    0.0456136
  -0.3402970   -0.4142842    0.3512456
  -0.1739813    0.0193529    0.0820557
  -0.0905164   -0.0721247    0.6007253
  -0.3745508    0.2501414    0.4434068
   0.1115622   -0.0195639   -0.0850928
  -0.0754769    0.2802086   -0.3296406
  -0.3568753   -0.2222572    0.4766223
  -0.1172343    0.0876468    0.0415692
   0.1744427   -0.6154408   -0.4499001
   0.4256825    0.8204741   -0.2207452
  -0.0238638   -0.1879153    0.0793456
  -0.2490471    0.2358633   -1.2223679
  -0.0368973    0.6931501    0.4500533
   0.2399227    0.0088373   -0.0217383
  -0.0491786   -0.1627230   -0.2819351
  -0.1200849   -0.4201045   -0.2655989
   0.0379612   -0.1576520   -0.1423719
   0.1316324    0.1772975    0.1246971
  -0.3279682   -0.0092625    0.6512982
  -0.1007754    0.0211782    0.0507920
   0.5732455   -0.4354224   -0.0303395
  -0.4638721   -0.1117638   -0.4334563
   0.1760848    0.0973346    0.0340543
   0.2566582   -0.2290751   -0.7147264
  -0.2439511    0.0345099    0.6631100
   0.2510732    0.1921221   -0.1041945
   0.3794231    0.2038747   -0.1613278
   0.3317372    0.3936778    0.0258612
   0.1520840   -0.1022556   -0.1469037
  -0.2482796    0.1802929    0.0391070
   0.0883633   -0.2559564    0.8066849
   0.0528012   -0.0596677    0.0627949
  -0.3075041   -0.7815478    0.1598486
  -0.7407779   -0.1328408   -0.0124531
   0.0801754    0.0033762    0.3118461
   0.4588306    0.7851030    0.6142998
   0.6844673   -0.6672965    0.0639505
  -0.0086881    0.0519082    0.0513391
  -0.8357888    0.2803938   -0.1756890
   0.0014925   -0.1906712   -0.6803810
  -0.0713535    0.0959588    0.0381966
   0.5232779   -0.0619907    0.1330322
  -0.0752011   -0.4844830    0.0326162
  -0.0251415    0.0517721    0.1608891
   0.0199395    0.6089213   -0.1437653
   0.1257393   -0.2655797   -0.3778912
  -0.1232456    0.1279069    0.2059632
  -0.5499474    0.0573557    0.7658421
   0.4329425    0.0974287   -0.0989134
  -0.1613067    0.1481931   -0.0986750
  -0.1645178   -0.3856351    0.0594525
  -0.3719950   -0.3357442   -0.3384386
   0.0263424    0.1366310    0.0316469
   0.9505873   -0.2083355   -0.4742368
   0.0791706   -0.0480577    0.0346159
   0.1073320   -0.0424681    0.1285184
   0.0145476   -0.1376594   -0.0349366
  -0.3047298    0.0686019    0.4571154
  -0.1209070   -0.1044739   -0.1143724
   0.3947363    0.1827095    0.6181879
  -0.0263114    0.0419000    0.2266382
   0.0436097   -0.0323712    0.1522713
  -0.0401359   -0.4232729   -0.2730125
   0.0690830    1.1151828   -0.3736803
   0.0577050   -0.1573863    0.0767603
   0.0800272   -0.6895342   -0.5693564
  -0.2442189   -0.3952197    0.8182129
  -0.0482636   -0.0698925   -0.0238814
  -0.3514139    0.5153621   -0.3452736
   0.5879371   -0.0398148    0.0189783
  -0.0266961    0.0658446    0.0617054
  -0.0998212   -0.4428299    0.1452082
  -0.0693655    0.2479329   -0.0170212
   0.1132663    0.1042881    0.0678043
   0.2749338   -0.3031156   -0.5714371
  -0.6152725    0.1638098    0.0334224
   0.0199791   -0.1046743    0.0711535
  -0.5632724    0.1542156    0.2590192
  -0.0243344    0.9461421    0.2690115
  -0.0147809   -0.1304034    0.1725343
   0.2745488    0.3082784   -0.6177921
   0.1787033    0.0559891    0.2661043
  -0.0163822    0.1513245    0.0467720
  -0.0261711   -0.1817499   -0.0895701
  -1.1366892   -0.1999171   -0.0711526
  -0.1736365   -0.0280695    0.0435428
   0.3630300    0.1798135   -0.2045114
  -0.2033273    0.7454815   -1.2629859
   0.1225280   -0.0597629    0.0552684
   0.1545456    0.0899155   -0.7848240
  -0.2730420   -0.4788588   -0.0155089
   0.1095783    0.1087944   -0.2732624
   0.9325965    0.2724583    0.0579615
  -0.1443238    0.1473177   -0.1954875
  -0.0289654    0.0001497    0.1868398
   0.0168755   -0.0999409   -0.5846106
  -1.1364319    0.0004925   -0.2621793
   0.0467544    0.1353431   -0.1825261
  -0.3850947   -0.3466317   -0.5107688
   0.1033748   -0.1653452   -0.8721077
   0.1246828   -0.1893255   -0.0143765
   0.0104750   -0.6822234    0.6450899
  -0.3727853   -0.3364387    0.7861762
  -0.0318839    0.0375075    0.1895063
  -0.2969911   -0.2525600    0.7940604
   0.0745293   -0.1479992   -0.2580507
   0.0300620   -0.0697787   -0.0327254
   0.4191816   -0.0892555    0.4597343
   0.0012477    0.4448786    0.0868314
   0.1079951    0.1129034    0.0475052
  -0.8495795    0.3329821    0.0598419
   0.2655201   -0.8414707    0.3291914
  -0.2097968   -0.0241287   -0.0109122
   0.3719326   -0.0387098   -0.1285483
  -0.3512084   -0.3392003   -0.5099734
   0.0233065    0.0025540    0.0268650
   0.6680054    0.0720440   -0.8026798
  -0.3134041   -0.2043304    0.4547510
   0.0378962   -0.0930514    0.1363963
  -0.2219777    0.1856538    0.2133378
  -0.3877233   -0.6597382    0.0925983
  -0.0067057   -0.0375543   -0.0308803
  -0.5331311   -0.7240912   -0.5559232
   0.4068712    0.5085467   -0.1700357
  -0.0007472   -0.0434201    0.0954449
   0.6200466    0.1385147   -0.5081149
   0.0410034    0.7119777   -0.5196668
  -0.0478320   -0.0716177   -0.1142084
   0.0748687   -0.0646722   -0.4144086
  -0.6567171   -0.4286805    0.4434419
  -0.0406764   -0.1906119    0.0311383
   0.5849605    0.1961585    0.0850004
  -0.1115544    0.6068138   -0.6489448
  -0.0461340    0.0213763   -0.0367596
   0.2694720   -0.1701890   -0.3494115
   0.9663221    0.2587063    0.7040722
  -0.1336149   -0.0902706    0.0204279
   0.3358550   -0.5029385   -0.1293363
  -0.9579395    0.0539146   -0.3632882
  -0.1463865    0.0119601   -0.0657296
  -0.4206717    0.1429642   -0.4632646
  -0.0087765   -0.0730828   -0.2387067
  -0.0697045    0.0276922   -0.0152612
   0.1603027   -0.2863259   -0.1698618
   0.6699749    0.7531108    0.2836659
   0.1099286   -0.1637155   -0.0317753
   0.4742174   -0.2779442    0.6550571
  -0.2556354    0.1213029    0.2286230
   0.0107638    0.0841043   -0.1289625
  -0.3052584    0.1807192   -0.0218429
  -0.0122514    0.6171946    0.1113130
   0.1116432    0.1227927    0.0700589
  -0.2035499    0.4980200   -0.1455471
   0.2303590   -0.8092095   -0.5044467
  -0.1356401    0.2023579   -0.0342263
   0.4180358   -0.4094725    0.4794077
   0.1095399   -0.2536728    0.7576151
  -0.0645547    0.0639520   -0.1292492
   0.7758442   -0.4818178   -0.3171150
  -0.4622577    1.1532068   -0.0910974
  -0.0089189    0.0977267   -0.1522209
  -0.2581140    0.2811722   -0.0476332
   0.1823238    0.1018452   -0.2581983
  -0.1071268    0.1300822    0.0132017
   0.4018765   -0.0682677   -0.0700817
   0.2183687    0.1217927   -0.1078772
   0.1135467   -0.1059556   -0.0850132
   0.1035981    0.1604906    0.0773140
  -0.2080247   -0.6880179    0.4110328
  -0.2298213   -0.1173773   -0.1586419
  -0.4255782    0.1827914   -0.2172767
  -0.5039195   -0.6125752    0.4280556
  -0.2111993    0.1209421    0.1374587
  -0.3618454    0.1769971    0.3726813
  -0.5001122    0.0682050    0.1623816
  -0.2091791   -0.0329323   -0.0226436
  -0.3974430    0.5993455   -0.3298071
   0.8155398   -0.0880628    0.2010080
   0.0673273    0.0266688   -0.2125442
  -0.4278010   -0.4417729   -0.1735723
  -0.6945541    0.0493882   -0.0075855
   0.2007567    0.0263758    0.0994888
   0.4389566   -0.3898723    0.4041775
   0.5136067   -0.9182786    0.0574961
   0.0120919   -0.1576135   -0.0570163
  -0.2629231   -0.4236955    0.0530271
   0.1239393   -0.3471139   -0.0338172
   0.1693411   -0.0575352    0.0456968
   0.6524358   -0.2440363    1.2041165
  -0.2534189    0.5130377   -0.0189315
  -0.0075055   -0.0410155   -0.2093104
  -0.0401873    0.0509353   -0.9529687
  -0.2087455    0.6809776    0.5206277
   0.1967218   -0.1610871    0.0038776
  -0.0390565    0.3248761   -0.5131119
   0.0491770    0.2942809   -0.6396099
  -0.0496363   -0.1360969    0.0995719
   0.3264991   -0.9714014   -0.1811415
   0.1358658    0.3158802    0.8242862
  -0.1579815   -0.1543668   -0.0212060
   0.1657510    0.3785133    0.5390263
  -0.3755214    0.0658378   -0.3537420
  -0.0948559   -0.0500881    0.1170806
   0.2886568    0.3100514   -0.0378480
  -0.2209537    0.7224183   -0.1619733
  -0.0630306    0.0255573    0.2200895
   0.6234649    1.1574219   -0.1591800
  -0.6010724    0.0366904   -0.5454105
  -0.1470675    0.0862780    0.1540019
   0.1943873    0.2804253   -0.3105364
  -0.3418286    0.3413995   -0.0966569
  -0.0221411    0.0789051   -0.0662943
  -0.0738386    0.3326889    0.3469310
   0.4913313   -0.0653897    0.7916512
  -0.1221010   -0.0157924    0.0953121
  -0.0951152   -0.0473476    0.1695693
   0.3616907   -0.4281786    0.0555298
  -0.0509374    0.0523247   -0.0390605
   0.0751594    0.2599987    0.4212490
  -0.3814578   -0.7326210   -0.4328990
   0.0765339    0.0064309    0.0554435
   0.4160937    0.2353043    0.1791826
  -0.5149022    0.0184506    0.2374342
   0.0362693   -0.1242463    0.0145393
   0.5483834    0.6002867    0.5906088
  -0.1236991    0.6697369    0.0111716
   0.0899994   -0.1259753   -0.2477198
  -0.6983857   -0.0249650   -0.2149551
   0.2325724    0.1937760    0.6000696
   0.1980140    0.1174243    0.1589617
  -0.1951916    0.0476335   -0.1348928
   1.1194096   -0.3506452   -0.0510986
   0.0174318   -0.0850120    0.1328084
  -0.7570951    0.0550984    0.1526249
  -0.3920687   -0.7162606   -0.4375240
  -0.0282635   -0.1384480    0.0093341
   0.6490451    0.3971137    0.3834740
  -0.1220662   -0.2869430   -0.1321739
  -0.0763817   -0.1107131    0.0647628
   0.8103445    0.6205205    0.2575102
  -0.0207839   -0.1265540    0.0167176
   0.0677596    0.1013198    0.1326382
   0.2425674   -0.3443262   -0.3501225
   0.1965450    0.0567364   -0.2789459
   0.1357555    0.0548116    0.1145383
   0.1687224    0.2410123   -0.4894286
   0.1815931    0.1598572    0.4677275
   0.1490485   -0.1017007   -0.0723304
   0.5960960    0.8748726    0.2465960
   0.0936707   -0.4301149    0.6784710
  -0.0199428   -0.0423457    0.0103266
  -1.1469709   -0.1165416   -0.4702347
   0.0838067    0.8910663   -0.4182183
  -0.1288086    0.0749418    0.0360327
   0.5837231   -0.2419814    0.1354175
  -0.0292170   -0.4239466   -0.3731063
   0.0880646    0.0125699   -0.0173280
   0.0710592    0.2741213    0.2889869
  -0.2668904   -0.5040128    0.3523212
  -0.0685093    0.1179938   -0.0052304
  -1.1075078    0.2869362   -0.9128838
  -0.3113478    0.8253393    0.4020775
  -0.0851787    0.1050029    0.1712313
  -0.0677173   -0.5375376    0.1437098
   0.2083448    0.5723467   -0.1270472
   0.0172576    0.0636492   -0.1759178
   0.4529551    0.4052504    0.0950161
   0.7239253    0.4787968   -0.5939483
  -0.3046100   -0.0365769   -0.1227218
  -0.4285148   -0.3163340    0.0799117
   0.6764318    0.6773716   -0.4835267
   0.0254832   -0.0002994    0.1712877
   0.4874569   -0.5084093    0.4903937
  -0.2679515   -0.3186568    0.0280203
  -0.1164158    0.0879690    0.0892495
  -0.0627728   -0.1026304    0.1057606
  -0.3939162    0.4484968   -0.4125256
   0.2196746   -0.1122949   -0.0945622
  -0.5826781   -0.0819509   -0.1829236
  -0.0432584   -0.0609455   -0.3342385
  -0.0510643   -0.1114400   -0.0113522
   0.2991812    0.6117137   -0.3293315
  -0.2835498    0.4101205   -0.0159038
  -0.1452328   -0.0841845    0.0005888
  -0.0680501   -0.1036882   -0.3230395
   0.0378690   -0.3254446    0.5044838
   0.0324479   -0.1261410    0.0122069
   0.3406488   -0.2754253   -0.2407817
   0.1490342    0.1963774   -0.2626570
   0.2515991   -0.0846657    0.3742604
  -0.4588002   -1.0048264   -0.2505727
  -0.6196324   -0.4157483   -0.1532445
   0.0996259   -0.0924291   -0.1124657
   0.1408308    0.5039895    0.2055758
  -0.1945045   -0.5130092   -0.1087084
   0.0627695   -0.0510220   -0.0830694
  -0.0874735    0.0176735    0.0890483
   0.2337700    0.6432459   -0.0125828
   0.0068672   -0.0437291    0.0221793
  -0.7276503    0.1003495    0.3407547
  -0.8430104   -0.0615499    0.3638308
  -0.2732024    0.0435654   -0.0018065
   0.0195481    0.3252123    0.5469316
   0.0576546   -0.0250866   -0.8725780
   0.2458382    0.0565246   -0.0250763
  -0.3505668    0.0907659   -1.2088854
  -0.5597712    0.4420473    0.5950058
  -0.0870055    0.0181029    0.0379120
   0.0583011    0.7224340    0.3076693
  -0.4659281    0.1214416    0.2458963
  -0.0839449   -0.0285036    0.1130424
   0.6314117   -0.0248672   -0.2076280
  -0.4172868    0.2481502   -0.5361530
  -0.0939917    0.0548586    0.0880404
  -0.0472904    0.4146880    0.1602756
   0.0427809   -0.4843060   -0.1409444
  -0.1830924   -0.1275354    0.1432679
  -0.3468031    0.2408806    0.0134934
   0.1881405    0.0478279    0.3903468
   0.0360335    0.0150900   -0.1831047
   0.7036415   -0.4845837    0.0819714
   0.3989972    0.2507139    0.0392555
   0.0120117    0.0939549    0.0588223
   0.3844454    0.1078001   -0.6596383
   0.0747295    0.4550969    0.0641675
   0.0388940   -0.1181333    0.0491076
  -0.0857071    0.4123286    0.1104529
   0.6356269    0.0932776   -0.1714800
   0.1476389   -0.0650903   -0.0442857
   0.0067325   -0.0684601    0.5097432
  -0.0106578   -0.1902533   -0.5642195
  -0.1147888    0.0957299   -0.1007762
   0.0921955   -0.5832796    0.2078443
  -0.9297335    0.2882284   -0.3544248
   0.0776996    0.1065745    0.1962591
   0.2923703   -0.1141837    0.2896737
   0.3237293    0.4345780   -0.7843231
   0.1954001   -0.1342467   -0.1388308
   0.1161462   -0.6815122    0.2943130
   0.0757242   -0.2339989    0.1222455
   0.0867337   -0.0700757    0.0483159
   0.8117446   -0.0670968    0.3217173
  -0.7422434    0.1430523    0.6822777
   0.1206667   -0.1035701   -0.0576029
   0.3774345   -0.4788894    0.0076957
  -0.2343148   -0.0648130   -0.0663038
  -0.1952301   -0.0286096    0.0129165
  -0.3180542   -0.0803708   -0.1212991
  -0.4062589   -0.3941698   -0.8954315
  -0.2317816    0.0474733   -0.0023106
   1.0384409   -0.4940620   -0.1292505
   0.2460601   -0.1661422   -0.9167002
   0.0609460   -0.1240831   -0.0607660
  -0.6791340    0.2627354   -0.9237012
   0.2091535   -0.5919948    0.1938509
  -0.1964410   -0.1569446   -0.0806046
  -0.0693628   -0.3605210   -0.7011042
  -0.1181886    0.2051670   -0.2533656
  -0.1000595   -0.2424241   -0.1520139
  -0.9954090   -0.1238148   -0.6913404
   1.2993416   -0.0373595    0.5936494
   0.0781585   -0.1738442   -0.1579386
   0.0773274   -0.1861399   -0.1155063
   0.1057722   -0.0694406    0.6965626
  -0.0141429    0.0846162    0.1007904
   0.0970405    0.1547267    0.2685443
   0.0542464    0.3101183   -0.1917073
   0.1668628   -0.1654581    0.1231996
  -0.2211620    0.2347379    0.4805521
   0.1045381    0.0939849   -0.7268443
  -0.1966647   -0.1972473   -0.2295389
  -0.2345477   -0.0279118   -0.0967830
   0.0667642    0.3374535   -0.5157554
   0.2621626    0.1226136    0.0742882
   0.1397275    0.3247936    0.3145791
   0.0291522   -0.7704165    0.2528369
  -0.0727028    0.2080723   -0.0788171
  -0.3355658    0.2217039   -0.4989872
   0.5317301   -0.3075345    0.9758648
   0.0428499   -0.0155457    0.0542407
   0.4780623    0.1869155   -0.0809223
  -0.6234936    0.3611022    0.3608710
  -0.0253341   -0.0610634   -0.0602611
  -0.5981293   -0.7142394    0.7041664
   0.8312247    0.0851216    0.5582511
   0.0858034   -0.0617581    0.0071458
  -0.3719214    0.2240110   -0.2555792
  -0.5527176   -0.9917021    0.2382398
  -0.0552296   -0.0424650   -0.0099781
  -0.0795248    0.3047530   -0.3065732
  -0.3102847   -0.0016167   -0.6943915
  -0.1260598   -0.0106039    0.0182444
   0.4409440    0.2879088   -0.2296189
  -0.4532370    0.0092170    0.3258593
   0.0189681   -0.0512423   -0.1275623
  -0.2115505    0.1410814   -0.8475631
   0.9846287    0.0901524   -0.2058740
  -0.2224439   -0.1269188   -0.1440305
   0.9892816   -0.7572122   -0.0951846
  -0.2157146    0.1540152    0.0667500
  -0.2040206    0.1074195   -0.1112718
   0.1253594   -0.3381616    0.0309795
   0.4282315    0.4175083    0.4043244
   0.2028134   -0.0999895    0.1166624
  -0.1177589    0.1413105   -0.1833588
   0.3556114   -0.0410671    0.5188667
  -0.0103628   -0.0524256    0.1058143
   0.1908514    0.5308549    1.0567840
  -0.3808907   -0.0060084    0.1047078
  -0.0615294    0.0531338   -0.1070918
  -0.5166283   -0.2174808   -0.3519680
  -0.7085465    0.0346087   -0.0110076
  -0.0187225    0.0195907   -0.0086192
   0.3504898    0.5139826    0.1997994
   0.3286770   -0.2099374    0.1317490
  -0.1965396    0.0510354    0.0178035
   0.1453995   -0.0215909   -0.5778081
  -0.7004993    0.1392819    0.0258890
  -0.0656537   -0.0788001    0.0538773
   0.1496143    0.0303736   -0.1015097
   1.0315740    0.4330016    0.5843832
   0.1062448    0.1024826    0.0952779
   0.0516893   -0.6253840   -0.1400632
   0.9094514   -0.0949842    0.4151790
   0.1322055   -0.0203617    0.1127455
   0.5649766    0.0425978   -0.6282351
   0.8446007   -0.1417361   -0.4674610
   0.0094165   -0.0939851   -0.0481526
  -0.9197684   -1.1081599    0.6076680
   0.1415294    0.3505436    0.4494433
  -0.1273077    0.0710824    0.0475183
   0.0970257   -0.0872079   -0.3757370
   0.4278495   -0.2948981    0.3293099
  -0.0424955   -0.0262318   -0.2701012
   0.3796982   -0.3109771   -0.9834395
   0.7696254   -0.1861144    0.1142925
  -0.0044849    0.0932994    0.0771509
   0.2326160   -0.8992954   -0.3904788
   0.2538869   -0.1428232   -0.3488630
  -0.1221640    0.2460365   -0.0614812
   0.0678986    0.5677148   -0.1801972
   0.0941503    0.2245332   -0.1488125
   0.0336293    0.0011221    0.0766268
  -0.7130012    0.3004584    0.1554344
  -0.0710916    0.6769643   -0.2942891
   0.0005288    0.0205663    0.3023646
   0.4785159   -0.5264241   -0.4260135
  -0.1657400    0.1883055    0.2357611
   0.0753664    0.0625529   -0.0859186
   0.0130599    0.3507755   -0.1482061
   0.5475774   -0.1418244    0.1577474
   0.1527984    0.0314208    0.1658129
  -0.7196711   -0.3128608   -0.6265919
  -0.4353884    0.6194858   -0.1039086
   0.1185802    0.0068603   -0.2273632
  -0.5385059    0.2565069   -0.2147672
   0.1218213    0.4077091   -0.7305874
   0.0192869   -0.0839683    0.2350857
   0.2307555   -0.6429133   -0.2856957
  -0.4239464    0.2906090    0.4731724
   0.1494270    0.1624160    0.1164619
   0.5483549   -0.0077313    0.2833369
   0.9144376   -0.0540092   -0.1116764
   0.2323757    0.0249186   -0.1546050
   0.4394646    0.1727206   -0.6005797
   0.0449276   -0.4651590   -0.7531112
   0.1804176   -0.2092621    0.0983553
   0.2309120   -0.1595882   -0.0504689
   0.1637775    0.5511144    0.3199369
   0.0250316   -0.0544581    0.1262623
  -0.3468615    0.6479291   -0.7503372
  -0.2669368    0.3702025   -0.2357133
   0.1271725    0.1786784   -0.2726606
  -0.3097661    0.8338768   -0.2636184
   0.2541969   -0.5334700    0.7227451
   0.0649289    0.1261564   -0.0407776
   0.5650575   -0.3370429    0.5050726
  -0.6088864   -0.5760204   -0.0586954
   0.1470405   -0.0886519   -0.1377463
   0.1000969    0.5691406    0.7889921
  -0.0904924    0.1210113    0.7434681
   0.1179980    0.2178602    0.0456431
   0.3531499   -0.3980548    0.4943479
   0.7248818    0.4465945   -0.0709225
   0.2465986    0.0085044   -0.0056042
   0.4631048   -0.5941270    1.0724976
   0.8430808   -0.0163471   -0.3389589
   0.0659498    0.1218112   -0.1999365
   0.0525481    0.1598888    0.2330339
   0.1611260    0.3661928   -0.1961233
   0.0392032    0.0446004    0.1069686
   0.3082227    0.4615488    0.0365978
   0.0205417    0.5740515    0.0825218
   0.0205463   -0.0490338    0.0934689
  -0.7438396   -0.5926088    0.5425063
  -0.2465309   -0.3471152   -0.3898618
  -0.2108207    0.0446078   -0.0265877
   0.0827136    0.0189043   -0.1346422
  -0.2249919   -0.3780766    0.1557545
   0.1400972   -0.1356966   -0.0745107
   0.4142461    0.2792505   -0.3498903
   0.5691476   -0.4187945    0.3736060
  -0.0964679    0.1285126   -0.0040084
  -0.4079579   -0.0978299   -0.3591949
   0.0936776    0.0125905    0.2020185
   0.0545900    0.1675903    0.0109501
   0.1556406    0.1171230    0.2041362
  -1.0714952    0.0319220   -0.0536718
   0.0357145    0.1815518    0.0040097
  -0.3280194    0.3354405    0.1040824
  -0.0187669   -0.6853899   -0.0964037
  -0.0780592   -0.0935924    0.0559336
   0.3611970    0.3082232   -0.0138402
   0.2777464    0.3548512   -0.0560067
   0.0017874   -0.0903481    0.2322764
  -0.6111304    0.4207980   -0.0107917
   0.6541432    0.1278314   -0.3093146
   0.0918077   -0.0171072   -0.1100131
  -0.3280644   -0.7756299   -0.1487873
  -0.1425381    0.8631858    0.0726794
  -0.1328890   -0.0529189   -0.1146070
   0.1461171    0.7662393    0.3919705
  -0.3269527    0.8025299    0.2657758
  -0.2313664   -0.1260191    0.0819568
   0.3320995   -0.2829800    0.6436004
   0.0519321    0.0283922    0.4801868
   0.0533104    0.0026301    0.1145706
  -0.2840396   -0.3093414    0.1624431
   0.2086370   -0.5193483    0.2114043
  -0.1010955    0.0321286    0.1757877
   0.1643529   -0.7637005    0.0501670
   0.1509510    0.6009086   -0.0739031
   0.2115154   -0.1581895   -0.0244926
   0.2462807   -0.3637425    0.2863414
   0.3217854   -0.0847573    0.5067504
   0.0703924   -0.1886733    0.1467321
   0.4370271    0.0251180   -0.2199279
   0.9859902    0.3952231    0.3801509
   0.1150443   -0.0228747   -0.1320308
   0.1806579    0.1285940   -0.0473453
  -0.2303787   -0.4271198   -0.3876465
  -0.0052082   -0.1071672    0.0318998
   0.6018118   -0.3048444   -0.4343647
   0.5541496    0.0926434    0.1151837
   0.0133735    0.1219062   -0.2003722
  -1.0555565   -1.0219767    0.5166879
   0.0596535    0.4041328   -0.3967080
   0.0177632   -0.0282824   -0.1893892
   0.6164239    0.2684377   -0.4066996
  -0.0512956    0.5912382   -0.3917634
   0.0160704   -0.0962847    0.0218407
  -0.4652240   -0.4908179   -0.1265032
  -0.2636093    0.7316948   -0.2775091
  -0.1390116    0.0162224    0.0174969
   0.6883661    0.2723925   -0.6561168
  -0.4147368   -0.1248956   -0.3175291
   0.0123104    0.0070489   -0.0878182
  -0.7547758   -0.2523198    0.1466036
   0.0407505    0.5937681   -0.5057425
   0.0160133   -0.0596641    0.0427921
  -0.0311098    0.0287520   -0.4789976
  -0.8992358    0.3217281    0.5769730
   0.0344384   -0.2554421    0.0891801
   0.6200598   -0.3811256   -0.7545061
   0.8104668   -0.6676789    0.2481129
  -0.0226935    0.0829169   -0.0601525
   0.1009764    0.5076449   -0.2011479
   0.8144663   -0.6837601    0.0756626
   0.1194258    0.2531965    0.0303360
   0.4530052    0.2192012   -0.3160157
  -0.0062215    0.2983213   -0.1004257
  -0.0304257   -0.0117422    0.1860540
   0.0716004   -0.1733054    0.0674630
   0.0589051   -0.4438505    0.2193868
  -0.0673708    0.0832007    0.1170389
   0.2572383   -0.3574852   -0.7830219
  -0.8149487   -0.2425013   -0.2111008
  -0.0796117   -0.0433148    0.0471995
   0.2168715    0.5778622    0.2432715
   0.1270557   -0.4403501    0.5447003
  -0.0982147   -0.0665044   -0.1893986
  -0.7622270    0.2987347    0.2892252
  -0.9972582   -0.8732285    0.2524308
   0.0534509   -0.1086224    0.1105379
  -0.2240535    0.4027949   -0.3041266
  -0.0058575    0.2914155   -0.5035082
   0.0192952   -0.0584445    0.1643409
   0.3342201    0.5990950    0.3059441
   0.0935480   -0.4192556   -0.0095355
   0.0551068    0.1062866    0.0376441
   0.4866421   -0.0863617   -0.5215989
   0.2122022    0.5876716   -0.0257109
   0.0553561   -0.0225201    0.1344288
  -0.5523820   -0.1112665    0.5103563
  -0.5840865    0.5680116   -0.0741918
   0.0201638    0.0024982   -0.0358799
  -0.6003101   -0.3481470    1.0281525
   0.3700109    0.0499550    0.7682960
   0.0863455    0.0090797    0.1883836
   0.4065076   -0.0185400   -0.2891666
   0.1279403    0.0838018    0.0501605
   0.0593471    0.0185120    0.1064912
   0.1618097    0.4282281    0.0473948
   0.0629802   -0.1362951    0.3263299
   0.0439603   -0.1871668    0.0935783
  -0.5098600   -0.7472359   -1.0445638
   0.4019856   -0.0482273   -0.2061471
  -0.0111337    0.0571754    0.0169311
   0.2127475   -0.2474260   -0.5034028
   1.0909904    0.3786323    0.1701034
   0.0087906   -0.0245092    0.2908676
  -0.0930777    0.6045159    0.1239196
  -0.1016210    0.4546997   -0.9128866
  -0.1429691    0.1093131    0.0583524
  -0.3940684    0.6325092   -0.5246407
   0.0544171   -0.2982399    1.5469642
  -0.2048197   -0.0329292   -0.1499730
   0.0783585   -0.7572304   -0.3480050
   0.7463717    0.1509295   -0.9578272
   0.0733902    0.0379684    0.2165826
   0.1140287    0.7328671    0.8042239
   0.0052117    0.0078620   -0.4722721
   0.0035705   -0.1015081    0.2489036
  -0.3735060    0.1527307   -0.7860200
  -0.2457691   -0.5635242   -0.3884682
   0.0760136    0.0531653   -0.1209392
   0.1497802    1.0022367   -0.2888086
   0.5335444   -0.8615326   -0.8778569
   0.0908305   -0.0681186    0.1882563
   0.5202057   -0.2479903   -0.4921765
  -0.2944498   -0.4768912    0.1262056
  -0.0933518    0.0231890    0.1820071
  -0.5635643    0.1975653   -0.1904267
  -0.1356368    0.5190565    0.0185451
  -0.0552597   -0.0885422    0.1486031
   0.1120513    0.0075399   -0.1451845
  -0.3325440   -0.1938433   -0.2093030
   0.1082946    0.0261105    0.0471988
  -1.0905975    0.2013748    0.1723819
   0.0146164   -0.8997425    0.2357199
   0.0003762   -0.1338660   -0.0141370
   0.2480716    0.5373938   -0.0209134
  -0.1043140    0.0772221   -0.0615065
   0.1078898    0.0348589    0.0304954
   0.2125615   -0.3844058   -0.6339457
  -0.1996190   -0.1593931   -0.7628471
  -0.0206943   -0.0726240   -0.0494224
  -0.7351153    0.3645593   -0.3598418
  -0.2506114   -0.0677222   -0.1372085
  -0.0553992    0.0600397   -0.0908041
  -0.1042347    0.4844141   -0.2360217
  -0.1373866    0.0870532   -0.2169756
  -0.0357973    0.1415133    0.1580875
  -0.0737119   -0.0931243   -0.5602383
   0.1382391    0.1712238   -0.9134526
  -0.0262609    0.0210639    0.2695026
  -0.0195903   -0.0653682   -0.6798694
  -0.0745406   -0.9696197    0.4987425
  -0.1046922   -0.0354630   -0.0601630
  -0.6641580    0.0405722    0.0586749
   0.7799064    0.0504408    0.6974596
  -0.3033924   -0.0119867   -0.1112829
  -0.3560251    0.4692276   -0.2387780
  -0.8019770   -0.2045179   -0.3181232
  -0.0292396    0.0044222   -0.0108466
   1.2458376   -0.4595916    0.3672499
  -0.0397440   -0.1172707   -0.6964730
  -0.0075639    0.1212680    0.1676062
   1.0514784    0.2194152   -0.4855521
   0.2570586    0.1827003   -1.1276442
  -0.1392885   -0.0361898   -0.0685877
  -0.0922857   -0.0608071    0.2863894
  -0.8845463   -0.7493684    0.3538659
   0.0196163    0.0704982    0.1961135
  -0.3523561    0.2970730   -0.2898000
   0.2488478    0.9384872   -0.1798849
   0.0125539   -0.0357542    0.0058529
  -0.3197634   -0.8091961    0.7905623
  -0.2038203   -0.2926821   -0.8846031
  -0.0653256    0.1368815   -0.0939756
  -0.1751274    0.1052651    0.2964020
   0.0113935    0.4895295   -0.1414797
  -0.0419403   -0.1378959    0.0042225
   0.0177048    0.2504796   -0.4158088
  -0.5210879    0.5736576   -0.3770739
   0.0751533    0.1377405   -0.0517992
  -0.2241714   -0.0252251   -0.3039923
  -1.1403508    0.2766030    0.0864356
   0.0951766    0.0022518    0.1510571
  -0.1950125   -0.2293417   -0.0099077
   0.5195613    0.5287541   -0.3616227
   0.1601966    0.0946719   -0.0097658
   0.5576177    0.0686198   -0.4107220
   0.0584739   -0.1050159    0.4022484
  -0.2811832   -0.1241979    0.1234011
   0.6686876   -0.7205203   -0.2224746
   0.6503962    0.6350856   -0.3035488
  -0.1137437   -0.1065958    0.1322163
   0.7712165   -0.0923443   -0.5441594
   0.2404459   -0.1340942    0.1327350
  -0.1176672    0.0375503   -0.0999799
  -0.1212728   -0.4436986    0.0395191
  -0.5576941   -0.6156703   -0.1466694
  -0.2647049   -0.0286769    0.1400080
   0.0054267   -0.2175582    0.3517798
  -0.4860178    0.8747746   -0.1772821
  -0.1519760    0.0814734   -0.0817991
  -0.4616523   -1.0705534   -0.5609857
   0.4668263    0.1576583   -0.1985327
   0.2860489    0.0479237    0.1876035
  -0.0534530   -0.3006968   -0.6948875
   0.0597445   -0.0235228   -0.8552825
  -0.0821884   -0.0505320   -0.1035800
  -0.2125033   -0.1556666    0.4087572
   0.2810804    0.2610300   -0.2103461
   0.0116273   -0.0234318    0.1667144
   0.3721476   -0.6619018   -0.3096032
   0.4300086    0.3207302   -0.1871344
   0.1149046    0.0330923    0.0301620
  -0.1628899    0.5003575   -0.4831673
   0.1327629    0.6190224    0.9006585
  -0.0933343   -0.0257577    0.2240557
   0.5604275    0.0307725   -0.0888718
  -0.2642998    0.1704064    0.7607772
   0.1088375   -0.1778035   -0.0513227
   0.3889738   -0.3208826    0.4907018
  -0.1180543    0.6171615    0.0379823
  -0.0189437    0.1886032    0.0277426
  -0.3594384   -0.3186728   -0.0048414
   0.0736296    0.0117820    0.4097702
  -0.0980271   -0.0561115   -0.0993434
   0.3211305   -0.3156089    0.2350774
  -0.4320997    0.8163871   -0.5084753
  -0.0534863    0.1984821   -0.1339615
  -0.7081572    0.1868598    0.2700747
  -0.2396099    0.1768289    0.3998838
  -0.1566321   -0.1368234    0.0494011
  -0.0663167   -0.7243952   -0.3159324
   0.1370222   -0.2045081   -0.6590157
   0.0185724   -0.0414028    0.1153601
  -0.5960988    0.1665045   -0.6276962
   0.1805813    0.0129133   -0.7775772
  -0.1107656   -0.0502521    0.1302941
  -0.2426566   -0.3936017    0.0096248
   0.2201364   -0.1724167    0.0676614
   0.1398023   -0.1792364   -0.0834180
  -0.1997896   -0.0664111   -0.6569659
  -0.2348780    0.6884958   -0.1918137
   0.2849224    0.0027042   -0.1102641
   0.2598314   -0.2675483    0.7682990
   0.3038743    0.1767924    0.2143283
   0.1834594    0.0004577    0.1673161
  -0.1422027   -0.5827633   -0.1361559
  -0.0645726   -0.4507923   -0.3127025
   0.1385217   -0.1425271    0.0060162
   0.3033120    0.3336883    0.8243595
   0.2327951    0.3529154   -0.5905480
   0.0408659    0.0910915    0.1074211
   0.6830262   -0.8319848    0.7105540
  -0.3824824    0.3392216    0.1910993
   0.1225103    0.0013234   -0.0535819
  -0.3678384   -0.7283422   -0.3227586
   0.1820515   -0.1882141    0.5892213
  -0.0089877    0.1018150    0.0228273
   0.5283145   -1.0208439    0.0103381
   0.8599629   -0.4767418    1.3568755
   0.0241571    0.0068802    0.0012666
   0.3427218    0.0069580   -0.2990144
  -0.2050979   -0.8298773    0.7008761
  -0.1914775   -0.1436978   -0.1046640
  -0.5257024    0.6588402    0.1891343
  -0.1136466   -0.1861868   -0.0797577
   0.0418685   -0.1799789   -0.0259136
   0.2757684    0.6666659   -0.1078279
   0.1416082    0.5207192    0.2677433
   0.0286762    0.1073282    0.0334276
   0.3300787   -0.3263943    0.2962796
   0.3826244   -0.4647555   -0.0817554
  -0.0290167    0.2676293    0.1543783
   0.1266103    0.3183244    0.0383192
   0.1419433    0.6978709   -0.4123027
  -0.1025381   -0.1118448    0.0910735
   0.2603730    0.5882572    0.1957449
  -0.7069747    0.0085277    0.3050793
   0.1453079   -0.0277975   -0.0760013
  -0.3220907    0.7315781    0.5238251
  -0.5434167   -0.3822971   -0.1001848
  -0.1231259   -0.1940866    0.0192608
  -0.0973513    0.1041144    0.8781660
  -0.3400934    0.2152834   -0.1130295
   0.0153256   -0.0717298    0.1125795
  -0.1047862   -0.0928327    0.2390167
  -0.5559862   -0.0911398    0.3294948
   0.0395410    0.0250893   -0.0863297
   0.6849353   -0.0535314    0.0429248
  -0.3238274    0.4392753    1.3096833
  -0.0187724    0.1854153    0.1391077
   0.0084507   -0.1953133   -0.0946758
   0.8237209    0.4012313   -0.4892344
  -0.0415134    0.0369709   -0.0936807
  -0.1591214   -0.6112942   -0.1658639
  -0.2832094   -0.4007380    0.8607272
  -0.0647698    0.0943708    0.0957344
  -0.3219129   -0.9254516   -0.4075949
   0.2414935    0.2029049    0.3814371
  -0.0495961    0.0445801   -0.2831627
   0.2993517   -0.2369479   -0.0365557
  -0.1226756   -0.3650314   -0.7042588
   0.1752138   -0.0003840   -0.1256661
   0.1706734    0.1958288   -0.1682839
  -0.5390529    0.5511679    0.5568376
   0.1786305   -0.0455119    0.0690238
   0.1418576    0.6416626   -0.0252389
   1.1056907    0.6214337   -0.0404516
  -0.1224979    0.0514890   -0.0352695
  -0.4994648   -0.9225577    0.0159576
  -0.3760663   -1.0885322   -0.1008589
  -0.0528310   -0.0730977    0.0438554
  -0.0973478    0.8442411   -0.4921924
   0.1501014    0.8965096    0.3363819
  -0.0239585    0.2439649   -0.0372724
   0.1505220   -0.1542154   -0.3359222
  -0.0682667    0.1105283   -0.5321197
  -0.1566222    0.2095998   -0.1160022
   0.4931863   -0.0604739   -0.0097428
   0.0579866    0.2235835   -0.2093906
   0.0308375   -0.2377107    0.1365389
   0.2236228   -0.1397211    0.0933537
  -0.6966397   -0.3104972   -0.7714581
   0.0153141    0.0300384   -0.0864969
  -0.1197384   -0.2974940   -0.1632540
  -0.0611779    0.1871791    0.4210478
  -0.0431522    0.0336807    0.0271554
  -0.6207910    0.7518910   -0.4424959
   0.0663047    0.2530146   -0.1332186
  -0.1888467    0.0633824   -0.1050434
   1.0487008    0.5079901    0.1194404
  -0.1680598   -0.0897936    0.2880394
   0.1759830   -0.0957615    0.0234790
   0.1829397   -0.5243136   -0.4689296
  -0.4543437    0.1191040    0.4785878
  -0.0546024    0.0079825    0.0928232
   0.1466233   -0.2167705    0.3751153
  -0.6404912    0.2305863    0.4399504
   0.0063143    0.1491530   -0.0176900
   0.0555645    0.3390154    0.8777570
   0.3061455   -0.1472081    0.4226885
  -0.1101098    0.1052535    0.2505759
   0.6463609   -0.3677638   -0.2319027
   0.4496784    0.7298762    0.8050070
   0.0309224   -0.1126459   -0.0073564
   0.0139796   -0.1487683   -0.3889004
  -0.5037389    0.0534070    0.1322312
  -0.0901564   -0.1063695   -0.1217599
  -0.6740498   -0.1772306   -0.1335140
  -0.3914361    0.2278318   -0.7718129
   0.1584748    0.1411593   -0.0372942
  -0.4094804   -0.6616585   -0.8496091
  -0.6030258   -0.0810532    0.2771208
  -0.1131636   -0.0640537    0.1235209
  -0.3285299   -0.3674100    0.1363416
   0.1085642    0.3823646   -0.7229272
  -0.0889169   -0.0843076    0.1420963
   0.1205956    0.5609469   -0.5736843
   0.0769461    0.1649235   -0.7777124
   0.0019078   -0.1706969   -0.0701938
  -0.2530565   -0.3867161    0.2536944
  -0.5766576    0.2185926    0.3424286
   0.1465224   -0.0270114    0.0127661
   1.2435619    0.0423604    0.0775450
   0.1321709   -0.2939976    0.2230917
   0.0931010   -0.2723973   -0.0414108
   0.2346885   -0.1005802    0.7569526
   0.6294779   -0.8019180    0.3354171
   0.0182965   -0.3637659   -0.0708270
  -0.4819200    0.1905381    0.1576355
  -0.5331057   -0.1093905   -0.4242900
   0.0129328    0.1603810    0.1562896
  -0.5687003   -0.1286955    0.9788099
   0.3250026    0.3911967    0.0160013
  -0.0980323    0.0097296   -0.0995980
   1.5754546    0.2283280   -0.0586516
   0.1313282    0.1556167    0.2087952
  -0.0261227   -0.1090671   -0.0111588
   0.7983027    0.0059443    0.9685277
   0.2205771    0.1840651    0.1055675
   0.0654077    0.0123818   -0.2164636
  -1.0835084    0.7880661   -0.5862289
  -0.3813380   -0.2249624   -0.4044467
   0.2028263    0.1206495   -0.0437801
   0.6500379   -0.4145566    0.1885895
  -0.1511951   -0.8850402    0.3781732
  -0.0123217    0.1159834   -0.1324782
   0.4810794   -0.4902208    0.3483719
   0.8196371   -0.0218036    0.3227713
  -0.2004182   -0.0818656    0.1971952
   0.5235819    0.7028338   -0.4542652
  -0.2996938   -0.2556464    0.7283387
   0.0025178    0.0081409   -0.2656378
  -0.1587515    0.1659476   -0.4071279
  -0.0628984   -0.4957968    0.8017909
  -0.1078300   -0.0476869    0.0892283
  -0.2242093   -0.6914369    0.4555832
  -0.3227162   -0.4028716   -0.1515978
  -0.2223840   -0.0523849    0.0469959
  -0.2819854    0.0202352   -0.0473871
   0.2024419    0.3529606    0.2070298
  -0.0005291    0.1591159    0.0240996
  -0.0068079    0.0346740   -0.0753716
   0.2241954   -0.0604580   -0.0318147
  -0.0215375   -0.1368997    0.1399025
  -0.0334963    0.4073828    0.4648096
  -0.7373244    0.3573509   -0.2256644
  -0.0796925   -0.1961437    0.0105944
  -0.0978202    0.1157481    0.8218827
   0.0808004   -0.1912147    0.1071500
  -0.1305556   -0.0680142   -0.0057506
  -0.4208046   -0.1363934   -0.3717253
   0.1674328    0.1080489   -0.9295275
  -0.0190524    0.1390884    0.0190265
   0.5977467   -0.2118567   -0.2826031
  -0.0042285   -0.1569752    0.1858725
  -0.0496109   -0.0965798   -0.0100702
   0.6679417    0.1722081    0.5235487
  -0.4901958   -0.2217439   -0.1448904
  -0.0703843    0.1605503   -0.2438702
   0.4304623    0.3010993    0.0184335
   0.1938875    0.0450515    0.2449226
   0.1381691    0.0490269    0.2380171
   0.0507049    0.6344386   -0.6619915
  -0.3393591    0.6153882   -0.0905860
   0.0381042   -0.0638848    0.1609896
  -0.5842595   -0.0649364   -0.4411919
   0.4234963    0.0334853    0.3797736
  -0.1026090   -0.1057024    0.0315784
   0.1656570    0.1729716    0.5144364
   0.7400317   -0.9036414    0.3691993
   0.0205085    0.0010563   -0.0001064
   0.2900809    0.6073843    0.5335525
   0.6061562   -0.2619594    0.1140256
  -0.1175416   -0.1442595   -0.0302437
   0.0423836   -0.1269470   -0.0753985
  -0.2771167   -0.6109086   -0.6042957
   0.0492690    0.0046587    0.1928335
  -0.5997165    0.6435350    0.0038183
   0.2534734    0.1624334   -0.1577152
   0.2758803    0.0502176   -0.0726990
  -0.4252408    0.4147367   -0.9679898
  -0.2246493    0.2182971    0.4349123
  -0.0662038    0.1770965    0.0397223
  -0.0953958   -0.4193793   -0.0275038
  -1.1175635   -0.0596196   -0.2297668
   0.0802220    0.0307297    0.0057788
   0.2966937    0.1978977    0.5206789
   0.5403726    0.5619363    0.0988293
   0.0500685    0.0175529   -0.0606665
   0.0988382   -0.5733737    0.4293363
  -0.2680736    0.2833286   -0.0512426
   0.1620120   -0.0251702    0.0008480
  -0.2809734   -0.3476858   -0.8355527
   0.3516406   -0.0485703   -0.2270843
   0.0532867   -0.1124117    0.0374324
  -0.0164556    0.0728376    0.8723114
  -0.0429221   -0.2041520    0.0431640
  -0.1161533   -0.1762477    0.2198077
  -0.0994459   -0.5783638   -0.0897833
  -0.3974594   -0.6298769   -0.9334620
  -0.0124772    0.1550261    0.0732512
  -0.1806371   -0.6365216   -0.1926184
   0.1902339   -0.2297407   -0.4633679
  -0.2835533   -0.0690851   -0.1325613
  -0.4335978    0.3187042    0.4516400
  -0.0848273   -0.6692686   -0.3709704
   0.1085503   -0.0121122    0.1686524
  -0.0088373    0.3109994    0.5365207
  -0.1436627   -0.1105286   -0.7038332
  -0.0090641   -0.0030565   -0.0554470
   0.1020530    0.5520762   -0.0844476
   1.0337299    1.0448670    0.3132342
   0.0356253   -0.0719987    0.0118742
   0.0525040    0.2104621   -0.9189694
  -0.3637504    0.2383147   -0.6974620
   0.1261142   -0.1252027   -0.0234799
   0.0923652   -0.0659736   -0.1383625
  -0.7722822   -0.4332466    0.1366290
   0.0824929    0.0534407    0.0809877
  -0.8028331   -0.1342506    0.1292143
   0.2654114   -0.1831261    0.5505677
  -0.0823208    0.0639708    0.0598077
  -0.8453319   -0.0894450   -0.4274370
   0.3290185    0.3588632    0.0960293
   0.1285013    0.0612075   -0.0525646
  -0.4147871    0.1242958   -0.0557935
   0.3735743    0.1531953   -1.0751909
   0.0566850   -0.1702489    0.1355549
  -0.0258106   -0.2266976   -0.4280157
  -0.1267743    0.1687345    0.2897801
  -0.0641520   -0.0409678   -0.1055994
   0.1293254    0.0842787   -0.3916782
   0.1422904   -0.5816453    0.6421657
  -0.1481129   -0.1039926    0.0685106
   0.5321711    0.2965509    0.0107337
  -0.4638025    0.0574686    0.4611416
  -0.1510018    0.0125586    0.1254383
   0.3706914   -0.4631269   -0.3817387
   0.4599099   -0.1032563   -0.2289309
  -0.0274017   -0.0118380    0.1057230
   0.2126639    0.6040213   -0.2025782
   0.4742185    0.1289643    0.0109651
  -0.0085605   -0.0962936    0.0314359
   0.4225098    0.0979184    0.2758925
  -0.4363203    0.3424101    0.0034068
  -0.0672204   -0.1452465    0.1924432
  -0.2745946    0.1765265    0.1481027
   0.8090788   -0.0032069    0.8493316
   0.0312272    0.0758835    0.1133841
   0.1846216   -0.1099388   -0.3604600
  -0.0308771    0.5688019   -0.2463700
   0.0314758    0.0093360   -0.0094239
  -0.7835598   -0.0283337    0.5211532
   0.4885119    0.5051887   -0.0632770
  -0.0572110    0.1495156    0.0230391
  -0.2061028    0.4624586   -0.1202362
   0.6193003   -0.0733216   -0.5513007
  -0.0553684    0.0949876   -0.1739309
   0.0695804   -0.1180069   -0.2179032
   0.0956885   -0.0564396    0.1696367
   0.1089233    0.0633195    0.0362984
  -0.2869766   -0.1449841    0.4051930
   0.7427704   -0.0240359    0.5647317
   0.0914861    0.0542115   -0.0351012
  -0.0952371   -0.4650800   -0.0134648
  -0.4901251   -0.6247202   -0.2869080
  -0.0243612   -0.0870922    0.1073157
  -0.1953503    0.3126190   -0.6120842
   0.0765738   -0.4339387   -0.3021556
   0.0946967    0.0517915    0.0861863
  -0.3447212    0.6625138   -0.1695271
  -0.5131276   -0.3280917   -0.3864787
  -0.1152548    0.0634575    0.0758218
   0.0808781    0.0886631   -0.3577675
  -0.4218192    0.0114248    0.5200707
  -0.0573551   -0.1404261    0.1191593
  -0.4145506    0.4534449   -0.4874473
  -0.0332757   -0.8184273   -0.2323304
  -0.0177199    0.0416991   -0.0475447
  -0.4361956    0.2756331   -0.2596782
  -0.0814691    0.1506832   -0.0738855
  -0.0356514   -0.0032471   -0.0137085
  -0.5642315   -0.0566205    0.1868685
  -0.2578469    0.2445928   -0.0373052
  -0.0269153    0.1114746    0.1988067
   0.4466649    0.3540243    0.3146242
  -0.1763621    0.2652137    0.3627065
  -0.1630881    0.0982065    0.2881934
   0.2129080   -0.0943082    0.3800706
  -0.6922685    0.2799344   -0.1627108
   0.1014904   -0.1749532   -0.0416648
  -0.9570262    0.3059322   -0.8754480
  -0.7751645    0.3280301   -0.1926467
   0.0098131   -0.0300679    0.0960037
  -0.0222159    0.3845571    0.6829837
   0.0451974    0.4396308    0.4758054
   0.0542694    0.0306274   -0.0605040
   0.1377260    0.6902431   -0.0233842
   0.4874291    0.0151455   -1.1832510
   0.1586059    0.1281605    0.2478512
  -0.5425481   -0.0043988    0.5766522
   0.4774178    0.0995552   -0.4884208
  -0.0648687    0.0545003   -0.0147202
   0.5935723    0.8779198   -0.5056918
  -0.3066556    0.4096340    0.6375310
  -0.0457029    0.3276651    0.0510057
  -0.4890339   -0.1636502    0.1641751
  -0.7806059   -0.6848933    0.0069108
  -0.0560760    0.1622622   -0.1805449
   0.1761202    0.3118358   -0.4048439
   0.0121422   -0.6896366    0.3403423
  -0.0019922    0.1837568   -0.1217591
   0.9850484   -1.1365663   -0.2005028
  -0.7225814   -0.0195099   -0.7603116
   0.0606935    0.1258150    0.0299338
  -0.8156081   -0.2063944   -0.1903416
   0.8230001    0.0601491   -0.1349951
  -0.0927587    0.0397245    0.0463025
  -0.1038180    0.0370582    0.7374048
   0.1428420   -0.0795471    0.3942455
   0.2190440    0.0372870   -0.0632108
   0.0946059    0.1966419    0.3952159
   0.0554843    0.1902314   -0.6698552
  -0.0976399    0.1092385    0.1250023
   0.4605396    0.2741151   -0.5672390
  -0.6801561   -0.1333261    0.1312017
   0.0230019    0.0138137    0.2784234
  -0.4172125    0.0880695   -0.0879095
  -0.2364251   -0.0542064   -0.2368464
  -0.1650716   -0.0025289    0.1655695
   0.6837261    0.3572087   -0.4426474
  -0.5682607    0.2771996    0.3115384
  -0.0126417   -0.0088204    0.1736262
  -0.0151621   -0.5500914   -0.4937124
   0.7779018    0.0974092   -0.2678421
  -0.1268141    0.1619059    0.0053074
  -0.0238233   -0.4089269   -0.1531333
  -0.1550021    0.5019044   -0.3967956
   0.0961633   -0.0624336   -0.1654342
  -0.1676807    0.2138431    0.4886694
   0.3895662    0.3855722    0.3684804
   0.1403145   -0.0153446   -0.2882421
   0.2945540    0.6050083   -0.0790853
  -0.1737748   -0.2723677    0.3774152
  -0.0110229   -0.1488117    0.2096447
  -0.0038313    0.6340473    0.4641985
   0.1842628    0.2793971   -0.0210229
  -0.1157872    0.0326316   -0.0177440
  -0.1923184    0.9537773    0.8450339
   0.7837330   -0.9782440    0.7685820
  -0.0900419   -0.0657531    0.0069318
   0.0836651   -0.0650887    0.4160435
  -0.1958153   -0.5461100   -0.1063256
  -0.1440608   -0.0317094   -0.2428884
  -0.6143404   -0.2940476    0.7630877
   0.0947388   -0.2406482   -0.4063753
  -0.0803494    0.1409461    0.0306018
   0.0670363   -0.1541537    0.3339962
  -0.0752513   -0.0789541   -0.2537696
   0.1334069    0.0321028   -0.3138204
   0.3974685   -0.3185523    0.6662073
   0.1121847    0.2414348    1.1525091
  -0.0209901    0.0618309   -0.0570771
  -0.5005339   -0.0330110   -0.1060976
   0.3854665   -0.2977172    0.3747585
   0.0443930   -0.1432870   -0.0413043
   0.0484421    0.3434571    0.0275477
  -0.4982144    0.1149428   -0.1872957
   0.0354956   -0.0209933    0.0249338
   0.5883374    0.0906353    0.3065562
   0.2923405    0.6171201    0.1111775
  -0.1581575    0.0178977    0.0025026
   0.1848880   -0.6999080    0.1841774
  -0.8020408   -0.8797795   -0.3162179
  -0.1669698    0.2334908    0.0717645
  -0.0630797    0.3512680    0.0770690
   0.3370567    0.0789745   -0.3783143
   0.1006577   -0.1943792   -0.0702937
   0.0520000   -0.5930479    0.7210071
   0.7536711   -0.2688181   -0.2361877
   0.0544262    0.0361755   -0.2640294
  -0.1393283    0.6009490   -0.6691554
  -0.0627455   -0.2956496    0.1252998
   0.0487502    0.0282806   -0.0124685
   0.2090582   -0.0829568   -0.0821616
  -1.0776712   -0.1332046   -0.5481319
   0.1532749    0.0982736   -0.0585312
   0.1941484    0.0401589   -0.5577698
   0.8940073   -0.1511627   -0.0538183
  -0.0058412    0.1182583   -0.0067812
   0.0262456   -0.2573931   -0.6243250
  -0.0216380    0.5204096    0.0416623
  -0.0165016   -0.0803498   -0.1009139
   1.1161064   -0.1381832   -0.6704327
  -1.0264930   -0.5401149    0.3775237
  -0.0616187   -0.1212422    0.1311769
  -0.5614914    0.2145116    0.0601967
   0.3551978   -0.6002315   -0.7189559
  -0.0617704   -0.0700677    0.0229133
  -0.9946548    0.3593957   -0.0107794
  -0.1948481    0.1164412    0.4313126
   0.0462691   -0.0493570    0.0163983
   0.7309730   -0.6149718   -0.0653163
  -0.2555816    0.3667211    0.8904126
   0.0192264   -0.2797640    0.2105512
   0.3589439   -0.0479900    0.3097349
  -0.5070925    0.1964104   -0.7131601
   0.0272108    0.0989784   -0.1021795
  -0.0338652   -0.2985310    0.7317662
  -0.0199419   -0.1905980   -0.2876420
   0.0083455   -0.1000239   -0.0376184
  -0.3350430    0.0954922   -0.4079830
  -0.2563200    0.0722366    0.7352519
   0.1170758   -0.0827105   -0.0008052
   0.1763163   -0.0268637   -0.3427079
   0.0954307   -0.3519240    0.0842229
  -0.1014812    0.0688328    0.0373708
  -1.5328430   -0.0807204   -0.2921711
  -0.3576106    0.2686909    0.1007115
   0.0229083    0.0493507    0.0806275
   0.1578344    0.0926328   -0.4750229
  -0.0863220    0.5008193    0.1951932
   0.1282147    0.2128890    0.0346979
  -0.0407279    0.5188196   -0.7988746
  -0.0079441   -0.2570470    0.3185626
   0.0235257   -0.0725080    0.1006225
   0.3603849   -0.7012807   -0.3703858
   0.5030768    0.2720327    0.6158549
  -0.0016567   -0.0055951   -0.1102778
   0.4235987    0.2507570    0.2277575
   0.7266286    0.4353282    0.1414935
   0.1396657   -0.0597919    0.0992961
   0.3621897   -0.3315152   -0.1033175
  -0.1512278    0.4221431    0.0874180
  -0.0401722    0.1707021   -0.0378674
  -0.1244217    0.3405488    0.1319066
  -0.2547262   -0.1791655    0.2697020
   0.0389296    0.1193536   -0.0433391
  -0.0020676   -0.3147522    0.7232570
  -0.6698363    0.2492964    0.2420935
  -0.0816152   -0.1779014   -0.1867574
  -0.4793659   -0.3379768   -0.4676132
   0.5263297    0.1529853   -0.1413746
   0.0853896   -0.0838511    0.2690607
  -0.2519855   -0.2921925   -0.4438812
   0.1342319   -0.6394578   -0.5323941
  -0.1025247    0.0268619   -0.0358270
   0.1934173   -0.5535707   -0.1680521
   0.0544066    0.7864588   -0.4652970
   0.0028725    0.0791501   -0.1083232
  -0.5330873    0.3045462   -0.2407435
  -0.3693032   -0.3573904    0.0372148
   0.1148989   -0.0685712    0.0105002
  -0.1298201   -0.3639488    0.2300501
  -0.0515641   -0.3249736    0.2986247
  -0.2401107   -0.2412544   -0.1758454
   0.7572339    0.3105122   -0.0129811
   0.0602603    0.0695460   -0.3192072
   0.0683175   -0.0949856    0.0874562
   0.1508069    0.4328627    0.5964960
   0.0208565    0.0263288   -0.4159176
  -0.0569049    0.0628727   -0.1393393
   0.8006342   -0.8422239    0.4433751
  -0.2038721    0.0147036   -0.0090287
  -0.0455628    0.0665678    0.1151330
  -0.3555975    0.4004516    0.3971964
  -0.4191542   -0.3322448   -0.0598746
  -0.1601024    0.0060928    0.0417792
   0.6866234    0.2188059   -0.2647986
   0.3152949   -0.4036600    0.0899695
  -0.1506301   -0.0424798   -0.0518421
   0.1709354    0.1392390    0.1315981
   0.5470957   -0.1042675   -1.1691545
  -0.0171145    0.0467207   -0.0690192
  -0.5393561   -0.5853913    0.2993750
  -0.6313381   -0.3062966    0.5993552
  -0.1019316   -0.0685709   -0.0688822
  -0.3692204    0.6327465   -0.2291455
  -0.0126162   -1.0839152   -0.2386236
   0.0667848    0.0189021   -0.0646692
  -0.1747178    0.5716972   -0.1929781
  -0.0062197    0.2566405    0.4132720
   0.1436105    0.1979925   -0.0812626
   0.0470497   -0.1022649   -0.1367594
   0.7788193    0.0574103    0.6536555
   0.0534509    0.0919813    0.0324062
  -0.1767580   -0.3974340   -0.2996106
   0.4860070    0.7730504    0.2761720
  -0.0651023    0.0917662   -0.0773581
  -0.8113700   -0.3903030   -0.1747468
  -0.1425128    0.1457087    0.1127396
   0.0865020   -0.0449041   -0.1673196
   0.3287574    0.3916019    0.3632141
  -0.3355319    0.1116002   -0.5279054
  -0.0511775    0.1916204   -0.0907766
   0.1271343    0.1196075    0.5640288
  -0.6740568    0.2263041    0.7072172
  -0.0575286    0.1078779    0.0570339
   0.8719110    0.1372628   -0.1882765
  -0.2024537   -0.1103313   -0.7836416
  -0.1370202   -0.0118884   -0.0450694
   0.3632605    0.3964011   -0.3283388
   0.5620145    0.8038241   -1.1366576
   0.0362074    0.0510231   -0.0447145
  -0.4071844    0.0048447    0.0889935
   0.3419225   -1.1525487    0.3304876
  -0.0117760   -0.0736680    0.0323976
   0.2721440    0.6484400   -0.0290471
   0.1743010   -0.0290342    0.5188409
   0.0761308   -0.0350621   -0.2109950
  -0.5781979    0.8966315    0.0403429
   0.4354056    0.7627372   -0.3824242
  -0.0920654   -0.0612561   -0.1385905
  -0.2851592   -0.0891042   -0.7006039
  -0.2096418   -0.6104215    0.0338052
   0.0525591   -0.0561249   -0.0247386
  -0.0114135   -0.5070238    0.5454645
   0.2761099   -0.0952821   -0.2159379
  -0.0099382    0.0466001    0.0596857
   0.1134691   -0.3544001   -1.1306754
  -0.0240165   -0.1714901    0.0496879
   0.0041733    0.1536346   -0.0429395
  -0.0426009   -0.0528561   -0.1369266
  -0.5363628    0.5063949   -0.3258030
  -0.0775645   -0.1613889    0.1750629
  -0.0944259   -0.0195692   -0.1017185
  -0.5447886    0.3448333   -0.3979476
   0.1985593    0.0478495   -0.2018672
   0.4973700   -0.4219806    0.4879693
  -0.1573995   -0.4620748    0.2525668
   0.1593760   -0.2092406    0.0196219
   0.0208026   -0.0435327   -0.2031506
  -0.6940196    0.5141034   -0.0774099
  -0.0166530    0.0242635   -0.1119154
   0.0113884    0.0022722   -0.5547416
   0.0431809   -0.6086888    0.5720586
   0.0598337   -0.0005138    0.0997225
  -0.4973015   -0.1000549    0.5580013
   0.2135639    0.0208305    0.3355956
  -0.0549144   -0.0064223   -0.0102231
   0.1251296    0.5146441    0.0779244
  -0.2719363   -0.1693400   -0.2864619
  -0.0426594   -0.2177672   -0.1149320
  -0.4401869   -0.3456356   -0.0896407
  -0.0666354    0.5566710   -0.7415255
  -0.0376809    0.0646818   -0.0149719
  -0.5359359    0.3317187    0.0364135
   0.8958358   -0.4592105    0.2720794
   0.0948448    0.0555656   -0.0038954
   0.1421374   -0.7910213    1.1800252
  -0.6616790   -0.1207480    0.3419344
   0.0246565   -0.0184559    0.1446377
   0.1170021    0.8323529    0.1863575
  -0.5845838    0.9461410   -0.1202852
  -0.1188118    0.0781462    0.1189879
  -0.0852515    1.0941392   -0.2991534
  -0.3937140    0.7004879   -0.4508204
  -0.0168797   -0.0093084    0.0146560
   0.4818108   -0.0737332    0.1755309
   0.8249838    0.1495416    0.0125205
   0.0029853   -0.1962995    0.1734338
   0.2546796    0.8286672    0.5848649
   0.4841722   -0.0984010   -0.2587261
  -0.0267053   -0.2176381   -0.0386666
  -0.5444660    0.0529144   -0.2337735
  -0.3875428    0.0465318    0.5781984
  -0.1492895   -0.0608606    0.1727890
  -0.3606943   -0.1370940    0.6911159
   0.3184277    0.4612146   -0.5052472
  -0.0311774    0.0331857    0.0227858
   0.3547415    0.2422405   -0.4058344
   0.5014593    0.2102397   -0.7076716
   0.0119310   -0.1291448    0.0777841
   0.1036429    0.1420243   -0.0321197
  -0.0744789   -0.2599004    0.6124733
  -0.0206254    0.0946208    0.1087958
   0.0487647   -0.7902098    0.2709617
   0.0969008    0.1775394    0.5574740
  -0.0491283   -0.1420983   -0.0706730
  -0.1111582    0.7572265    0.0492186
   0.5721474   -0.1611399    0.5201730
  -0.0132747    0.0413637   -0.1682629
  -0.1634202   -0.7101666    0.1428653
   0.1955508   -0.0854501   -0.2083936
  -0.1827660   -0.0974630   -0.0067442
  -0.6654251   -0.5551233    0.5729910
   0.2149358    0.6110004   -0.3514986
  -0.1497429    0.0109197    0.0245152
  -0.4946526    0.1128491   -0.1333405
  -0.3041461    0.9092323    0.5341332
  -0.0530473   -0.0982990   -0.0342952
   0.2952796    0.4548790    0.3315496
   0.3790500   -0.4098036    0.0690492
  -0.1422786    0.1879854   -0.0972600
   0.0214114   -0.4264016   -0.1400672
   0.1762661    0.4376322   -0.1086555
  -0.1678440   -0.1046275   -0.0540173
   0.5654098   -0.0938845   -0.1361411
   0.4504761   -0.1954467    1.0978498
   0.1388876   -0.0845172    0.0301208
   0.7180201    0.2596731    0.5403712
   0.0126793   -0.4433083   -0.2637760
  -0.1310892   -0.0290067    0.0127592
  -0.3296709   -0.0548999   -0.5818760
  -0.5380484   -0.0505353    0.5192994
   0.0131980   -0.0098105    0.0474346
   0.9236225    0.0986437    0.2123081
  -1.0866818   -0.2394749   -0.0409353
  -0.1251482   -0.0635254    0.1281095
  -0.2489524   -0.1586572    0.2173115
   0.2150798   -0.3254296    0.1523430
   0.0831182    0.0190118    0.2563516
  -1.0172729    0.2919338    0.0509241
   0.4322087   -0.5087253    0.4418507
   0.0197801   -0.0626232    0.1269622
  -0.6570277    0.0165463    0.5027806
  -0.2507153    0.4738970    0.4244720
  -0.0392710   -0.0269872    0.1609560
   0.0189021   -0.6191543    0.2490803
  -0.1923325    0.0526478   -0.7140557
  -0.1352415    0.1076502    0.0737184
   0.2664585    0.0768507   -0.1147036
   0.0031834    0.2791235    0.2190020
   0.0708503    0.0704157   -0.2089983
  -0.4075200   -0.3783402   -0.8910460
   0.7035894    0.3382056   -0.1682256
  -0.0178532   -0.3085143    0.0561147
  -1.2500119    0.2129725    0.2348698
  -0.1768686   -0.5942774    0.1599055
  -0.1157771    0.2647628   -0.0228001
  -0.2249011    0.6130936   -0.2231127
   0.9828622   -0.3168928    0.6880188
   0.0099037    0.0273641   -0.0936435
   0.0742183    0.0968361    0.2947120
  -0.2569205   -0.3824549    0.2376551
  -0.0514201    0.0282836   -0.0422919
  -0.0983871    0.2480017   -0.5243288
   0.2356757   -0.3566259    0.2704907
  -0.0088668    0.1593032    0.0297100
  -0.4757871    0.3884625    0.0774793
   0.1111850   -0.1436358    0.0516724
   0.0502581   -0.0473518    0.0633621
   0.1462375    0.1864080   -0.2164565
   0.4163556   -0.1270760   -0.2328115
  -0.1031656    0.0684479   -0.1073309
   0.1303741   -0.2561712    0.5427890
  -0.0146872   -0.5343351   -0.1233404
   0.0592834   -0.2046117   -0.0326162
  -0.8572316    0.6505336   -0.4371763
   0.2296785    0.2382717   -0.0231167
   0.1368890    0.2304073    0.0753214
   0.7155225    0.2119260   -0.0714608
  -0.4534186   -0.5569739    0.1616477
  -0.1920273    0.0386318   -0.0828304
  -0.2201968    0.5100057    0.2251874
   0.3467458    0.0159417    0.4883099
  -0.3237315   -0.0823067   -0.0306895
  -0.3141088   -0.1324833   -0.5217339
   0.1476482    0.2661249    0.2259797
   0.0531496   -0.1092172    0.0133582
  -0.5412621   -0.6972039   -0.8910666
   0.8120520    0.0410476   -0.0365098
  -0.1821947   -0.0995420    0.1347205
   0.7333017    0.7012576    0.1647131
   0.3083110    0.5078752    0.4424673
   0.1855581    0.1396533   -0.0477161
  -0.4489446    0.3247629    0.0404876
   0.1628107    0.0681823    0.3817559
  -0.0185065    0.0712647   -0.0715507
  -0.4375428   -0.3983013   -0.1394493
  -0.2875168   -0.0948536   -0.2120445
  -0.1366156    0.0181598    0.0627132
  -0.2967266    0.2685234   -0.2138099
   0.3256327   -0.6351949    0.0810225
   0.0652215    0.1238310    0.0827392
  -0.1276339   -0.0606784    0.1364730
  -0.1846208   -0.3127792   -0.5975524
  -0.0412872   -0.0873527    0.1507200
  -0.2027879   -0.3141557    0.3066141
   0.5387680    0.2302038    0.0000443
   0.0976727   -0.2595602    0.1240516
   0.0859098   -0.2172528   -0.5055052
   0.3342611   -0.3098638    0.1379277
   0.0353825   -0.1433747    0.0030118
  -0.9650636   -0.0936758    0.0980258
  -0.5252911   -0.7311317   -0.3407484
   0.1153491    0.0354036    0.0911785
   0.7638637    0.0583464   -0.3765743
  -0.1025235   -0.5222170   -0.2147021
  -0.1385392   -0.2201435   -0.0911227
   0.1377606   -0.4974532   -0.4524281
  -0.3768685    0.1181032    0.5100247
  -0.0968527    0.0271897   -0.0553299
  -0.0214869   -0.1688190   -0.1063269
   0.1152439    0.6177828    0.2717367
   0.2071194    0.1278043   -0.0480928
  -0.4967659   -0.1845628   -0.4898711
   0.1508438    0.1448069   -0.1063861
   0.1059709   -0.2477241   -0.0260932
  -0.5444589    0.1560560    0.0182651
  -0.2497632   -0.2956294   -0.4986463
  -0.0326531   -0.0409272   -0.2220163
  -0.1734191   -0.7018450    0.7063790
  -0.1173883    0.7680584   -0.1082829
   0.0936978    0.0200678    0.0238532
  -0.3232013    0.3428313   -0.4647825
   0.4284214    0.7103471   -0.5402511
   0.1128318   -0.0901163   -0.0256927
  -0.7260274   -0.0759294    0.8240344
   0.6293938    0.6978306    0.0972714
  -0.2599551   -0.0471957   -0.0011247
   0.0154193    0.1061917    0.6984749
   0.3247873    0.8924462    0.0813593
   0.1226433    0.0814076   -0.1391226
  -0.1938214   -0.0155523   -0.3706486
   0.4519003    0.4486422   -0.1199256
   0.1371890   -0.1714376   -0.0346164
  -0.1706329    0.4922883    0.6308095
   0.6665771   -0.0098625    0.2038599
   0.0818337    0.0017299    0.0335313
   0.5483233   -0.2294362    0.3663106
  -0.0277812    0.0995465   -0.2439174
   0.2055907    0.0664409    0.0609073
   0.5320819   -0.2311102   -0.0413538
   0.2849874   -0.9930677   -0.0559890
   0.0633133   -0.1089551    0.0555612
  -0.2165645   -0.3840482   -0.0583020
   0.3660128    0.3429382   -0.2791134
   0.0106782   -0.1033033   -0.1716344
   0.3246006   -0.7732973   -0.5233536
  -0.4841242    1.0399957    0.0314250
  -0.0459485    0.0098192   -0.1876851
   0.5969643    0.0350056   -0.9172773
  -0.5595685    0.2673904   -0.4848246
  -0.2549602   -0.1082875   -0.0058322
  -0.0908224   -0.0887845    0.3630758
  -0.2016913    0.0221618    0.1949227
  -0.1186269   -0.0001262   -0.1846166
  -0.1826713   -0.1421878    0.3049303
   0.2625223   -0.1334039   -0.6242246
  -0.1107091    0.0438881    0.0612322
   0.1963011   -0.1020494    0.2816115
  -0.4280840   -0.3262462    1.0802503
  -0.0686787    0.0062872    0.0281433
   0.0310450   -0.1761948    0.3237358
  -0.9616702    0.2163456   -0.4870712
   0.2216624    0.1129965   -0.0660363
   0.4293104    1.0172502   -0.6049591
  -0.7274344   -0.0849949    0.7152362
  -0.0291651   -0.0868808    0.0596892
   0.0720583   -0.0022399    0.5817520
  -0.6870807   -0.0582834   -0.5053958
   0.1177652   -0.0279224    0.1293028
   0.3107675    0.7155751   -0.1918978
  -0.4371394   -0.3687317    0.3175651
  -0.1396514    0.0657640    0.1227801
  -0.8394043   -0.1259930    0.3499864
   0.3682797   -0.1303460    0.0881107
  -0.1261120   -0.0545869    0.0542386
  -1.0852207   -0.6835939    0.6582029
   0.2565637    0.5226989    0.3166339
  -0.2926032    0.0862967   -0.0766918
  -0.2477942   -0.8939991   -0.0152809
   0.4457736   -0.0084272   -0.1651360
   0.0747900   -0.0706913   -0.0275132
   0.3350090    0.6946182   -0.5809950
  -0.1440550   -0.0130106   -0.2603130
   0.0786305    0.0421293    0.1913088
   0.1242671   -0.1664708   -0.2123930
   0.0643670   -0.5779435   -0.4790263
  -0.0032799    0.1098398    0.1890438
  -0.1852173   -0.4403875   -0.1221173
  -0.6727227   -1.3002687    0.0302146
   0.0944613    0.1805773    0.0065323
   0.8712631   -0.0930609   -0.2398072
  -0.1083621   -0.2635312   -0.3175901
   0.0288867    0.2282389    0.0272646
  -0.1244245   -0.1598981    0.2406350
   0.0473128   -0.6493441   -0.9697654
   0.0154341   -0.0762722    0.1009023
  -0.0305781   -0.5769391   -0.2952052
   1.0666031   -0.0514451    0.2418792
  -0.0222243    0.0653045   -0.0054882
  -0.3615432    0.3179998    0.1749833
   0.3740152    0.0311586    0.4034697
  -0.2068995    0.0502690    0.0085509
   0.0060259   -0.5184702    0.0884223
  -1.1010618    0.4019114    0.0834613
  -0.0448610    0.1410931    0.0940451
   0.0268740    0.0996737   -1.2555697
   0.1465915   -0.6522281    0.4154414
  -0.1699664   -0.0850409    0.1366994
   0.7498310    0.1290328   -0.1130277
  -0.2205568    0.0875173   -0.6430266
  -0.1093797   -0.0971234    0.0204069
  -0.1604725    0.1356606   -0.5194110
  -0.0350279   -0.3002948    0.9613448
  -0.1083816    0.0589215   -0.0460957
   0.3289890    0.1113750   -0.1135597
   0.3807397   -0.6381214    0.5392327
   0.0859046    0.1331530    0.1048297
   0.8971488    0.3497157   -0.0476235
   0.4117289    0.1568983    0.5272998
  -0.0246270   -0.0746602   -0.0052327
   0.3919941   -0.2910933   -0.1937813
  -0.4359200    0.1267207   -0.3236556
  -0.0103196   -0.1152784   -0.1286647
  -0.3844035   -0.1877377   -0.0502896
   0.1544464   -0.0621880    0.0502882
  -0.0451429   -0.0163875   -0.1042607
  -0.3055574   -0.1192403    0.1094294
   0.1282963    0.6514189   -0.1731393
   0.1175672   -0.1159156    0.1542478
   0.4819793   -0.6562920    0.9233963
  -0.4847622    0.2167395   -0.0401471
  -0.0568755    0.0277024   -0.1694141
  -1.2826159   -0.0101987    0.0268459
  -0.2577187   -0.4278268   -0.6731061
  -0.0486355   -0.0091309    0.0638110
  -0.2207374   -0.3504524   -0.5755653
  -0.4364553    0.1069688   -0.2123337
   0.0589818    0.0678154   -0.0515304
  -0.2275686   -0.0304780    0.4435516
   0.7345326    0.2549774    0.1897662
   0.0145036    0.0509050   -0.0029452
  -0.2865636   -0.2878252   -0.1888184
   0.2568880    0.0352746    1.2269032
  -0.1904720    0.0308030    0.0805122
  -0.2828583    0.3611495   -0.2390580
   0.5588444    0.6650542    0.1034820
   0.0767962    0.1222408    0.1164770
   1.0642002    0.1190002   -0.1878984
   0.4782969   -0.0020446   -0.6575575
   0.0419197    0.0534000   -0.0133235
  -0.0116494   -0.2349130    0.2110384
   0.3514289    0.3253796    1.1843902
  -0.2158744    0.0666249   -0.0306842
   0.2978154   -0.9054040    0.0391755
  -0.2136347   -0.7057030    0.4573083
  -0.0333658    0.1979100   -0.0775626
   0.7288595   -0.1059593   -0.1559717
  -0.0251564    0.1714265   -0.3133877
   0.0369659    0.0531147   -0.1248097
  -0.0902322    0.0248679   -0.0242335
  -0.6355141   -0.2966225    0.0410395
   0.1764100   -0.0597809   -0.1731046
   0.2305288   -0.2201453    0.0021875
  -0.0850508   -0.3152797    0.5982471
  -0.1143193    0.1642742    0.0709246
  -0.5324671    0.3717726   -0.9517524
  -0.0193707    0.8033901   -0.5754899
  -0.1598033    0.1544714    0.1527728
   0.8686588    0.2838117   -0.6791769
  -0.2774805   -0.1206957   -0.0285798
  -0.0668694    0.0076898   -0.0191071
  -0.2513057   -0.1620321   -0.2588624
   0.5052481    0.0101187   -0.2572459
   0.0164946    0.0637353    0.0452032
   0.4846903   -0.7156374    0.4845805
   0.0304106   -0.4120825   -0.2808105
  -0.0760794   -0.0889669   -0.0735959
   0.2902308   -0.1985796   -0.5635175
   0.0858147   -0.1227819    0.1440030
   0.1492637    0.0295088   -0.1682877
   0.2368029    0.2966993   -0.2648984
   1.3210287    0.5011584   -0.2171063
  -0.1115648    0.0380492   -0.1607429
   0.5497437    0.2606425   -0.4199966
  -0.3066579   -0.0100261    0.1625651
  -0.0252563    0.0993129   -0.1223017
  -0.5823598    0.1258717   -0.4844532
   0.7687681    0.0962100    0.6782653
  -0.0086679   -0.0726583   -0.1077273
   0.8898916   -0.4094105   -0.4326068
   0.4819459   -0.1842985    0.7682374
  -0.2014972   -0.0104573    0.2484428
   0.8031903   -0.0714095    0.7110438
  -0.8250536   -0.2878148   -0.1145493
   0.1901755   -0.0870386   -0.0452689
   0.3752997    0.1714018    0.2981076
   0.3480867    0.3810873   -0.1504309
  -0.1308395    0.2463264   -0.0349743
  -0.0399192    0.5891942    0.0919571
   0.1725706   -0.4079125   -0.0278493
  -0.1362378    0.1222956    0.0796843
  -0.6082137    0.4144331    0.3690335
  -0.1873763    0.3377655    0.5320591
   0.0188087   -0.0434699   -0.0244094
   0.1921867   -0.0003957   -0.7357861
  -0.2997156    0.4073763    0.7872350
  -0.4018802    0.0213238    0.1428266
   0.0839821    0.0864050   -0.8047557
  -0.2458344    0.2523942   -0.7123717
  -0.1405867   -0.0780247   -0.2472223
   0.0198358   -0.4686020   -0.0750867
  -1.0731577    0.0891225   -0.0729003
   0.1623681    0.0312176   -0.1118362
  -0.1942340   -0.1237149    0.0806643
   0.2154484   -0.0980044   -0.7982032
   0.0993997    0.0370890    0.1507756
  -0.2388297    0.6594194   -0.3213144
  -0.1550360    0.1033510   -0.6722923
  -0.0867404    0.0012233    0.0628433
  -0.2168667    0.3465579    0.3820842
   0.1506127   -0.0883712    0.4191707
   0.0294571    0.0752775   -0.0681641
   0.2760685   -0.8239515    0.4376691
   0.2788623    0.0762358    0.0408129
  -0.0861614    0.0130376   -0.1142896
   0.8732019    0.2054438    0.0569011
   0.0029117   -0.0854633   -0.6179276
   0.0165902   -0.2456822   -0.0862767
   0.4238431    0.3547797   -0.1277518
   0.1846584    0.0648576    0.3408329
   0.0216292   -0.1347144   -0.0733717
  -0.1480321   -0.6658880    0.1455760
  -0.0556703   -0.6732102   -0.0901255
  -0.0983416   -0.1057165    0.0445325
   0.3135895   -0.4231049   -0.1227129
  -0.2379498    0.4384313   -0.1265228
  -0.0416150    0.1500430    0.0397222
  -0.1479952   -0.4054922   -0.9233646
   0.5594569    0.5583171   -0.2275815
  -0.0053386   -0.1658521   -0.0023282
   0.4635506   -0.3320321    1.1490313
   0.8670346   -0.5799279    0.7494369
   0.0002035   -0.0988025   -0.0025919
  -0.5075164    0.5835758   -0.1157147
  -0.8079013   -0.2924840   -0.0684469
   0.1830271    0.1548371   -0.0657861
  -0.0363819    0.1178403   -0.0885985
  -0.7853758    0.8456603    0.0830003
   0.1023097   -0.0636036    0.1154095
   0.2883864   -0.6440534    0.6893406
  -0.5761927    0.1474501   -0.3904478
   0.0168743    0.0120381    0.0021766
  -0.5039467    0.9187858    0.2166051
  -0.2422054    1.1968993   -0.6993962
  -0.0600496   -0.0434227    0.1128514
  -0.1399357    0.6700905   -0.2472326
   0.5230131   -0.3218323   -0.1135034
  -0.2537889   -0.1158401    0.0798101
  -0.5182000   -0.0894763    0.5549610
   0.1264522   -0.2453260   -0.2434887
  -0.0038430   -0.0517868    0.1943620
   0.3363095    0.2346994    0.1483305
   0.0964990    0.5614491    0.2499811
  -0.0094249    0.0113344   -0.0735427
   0.4455864    0.8082845    0.6732920
  -0.3828578   -0.0541417    0.0435537
   0.0062462    0.1456984    0.1848263
  -0.5632653   -0.3057408    0.1181133
  -0.9028418    0.0660459   -0.4685053
   0.0255899    0.1278501   -0.2147632
   0.0224180   -0.2800308   -0.1613154
  -0.5321581    0.8271093   -0.1763385
   0.0239581   -0.2257369   -0.0090799
  -0.1503567   -0.0124595   -0.0863086
  -0.3541036   -0.3700130   -0.1737745
   0.1053349    0.0971835    0.1185717
  -0.4429448   -0.2429866    0.1075369
   0.3617847    0.5727419    0.4463251
   0.0569091    0.1040794   -0.0414229
  -0.2335406    0.1818962   -0.0581395
   0.5021100    0.6116784    0.6159206
   0.0710931   -0.0707666   -0.0269769
  -0.7397008    0.0667819   -0.0678998
  -0.3988033   -0.1029534   -0.0042931
  -0.0390518    0.0522266   -0.1401135
   0.2741438    0.0107384   -0.2218132
   0.2675987   -0.3179498   -0.1194180
  -0.0327437   -0.1738454   -0.0805889
   0.1126400   -0.1236276    0.0148455
   0.4973188    0.1245479   -0.3242806
  -0.1977895   -0.0050426   -0.0371667
  -0.0323872   -0.2021478   -0.4906520
   0.3753709    0.0094340    0.3161558
   0.0109301   -0.0928542   -0.1474790
  -0.0505553    0.2595521    0.2897298
   0.1678806    0.2983569    0.2121486
  -0.0775580    0.0592618    0.1083911
  -0.6160231   -0.4548623   -0.2086045
  -0.2416638   -0.5409120    0.2837978
   0.1309530   -0.0745525   -0.0704131
   0.8051061   -0.1008009   -0.4825145
   0.7459029    0.1621400    0.3501736
  -0.0783771   -0.1463348    0.0753006
   0.3574210   -1.0657969    0.6252947
  -0.6402478   -0.3774745   -0.2748070
   0.0161295   -0.0277356   -0.0263023
   0.4383583   -0.3417857   -0.1702830
   0.5908023   -0.3810881   -0.1572615
   0.0030942    0.0885194   -0.1749075
  -0.6879050   -0.0096925    0.8816290
  -0.1586682   -0.2167168   -0.7974738
   0.0343709   -0.0021421   -0.1405051
   0.2050417   -0.2068046   -0.5888706
   0.0973077   -0.7695460   -0.1146621
   0.0435458    0.0972775   -0.0882732
  -0.0975574   -0.3371889   -0.1260337
   0.0891109   -0.1708286    0.2009229
   0.0406011   -0.0602975   -0.1332950
   0.0517510   -0.0342720    0.5547993
  -0.2679393   -0.1118092   -0.0519857
  -0.0552463    0.0885923    0.0239458
  -0.0771811   -0.7747545    0.5124300
   0.1966101   -0.0311918   -0.4539225
  -0.0583821   -0.0661368   -0.0268037
  -0.0775605    0.1681515    0.1462808
  -0.4412143   -0.0091563   -0.3055424
   0.0778721    0.0802680    0.2693599
   0.2491295    0.5216531   -0.0321921
   0.4371751    0.2280897   -0.9277523
  -0.0862575    0.1163483   -0.0489204
   0.4669993    0.0546880    0.6930196
   0.1649059   -0.2912171    0.6849924
   0.0919171    0.0926942    0.0413097
   0.6382587   -0.4793710   -0.3894842
   0.3078074   -0.4227816   -0.5042881
  -0.0870467   -0.0366611   -0.0225217
   0.1684173    0.3740197    0.0989991
   0.2783913    0.6808525   -0.2913504
  -0.0712443    0.0297819   -0.0440901
  -0.2444986    0.5661051    0.4056789
   0.1215699    0.0192419    0.7121018
  -0.0595737   -0.0354986   -0.0074330
   0.6070427    0.1778418    0.1207388
   0.4258052   -0.5367472    0.6433290
  -0.0013864    0.0479960   -0.1035767
  -0.5621825   -0.4104496   -0.1825594
   0.0208294   -0.6397958    0.2575596
   0.0805906    0.2721846    0.1106759
   0.2526896   -0.1460072   -0.3122407
   0.0737390    0.7250781   -0.4711221
  -0.1145854    0.1946575   -0.1392191
  -0.0754592   -0.3500506   -0.4672983
  -0.0588832    1.1441474   -0.1878488
  -0.2045340   -0.0795178   -0.0540359
  -0.2864617   -0.2067075    0.0843324
  -0.4832852    0.2181959    0.3407357
  -0.1479825   -0.1453342   -0.1108446
  -0.4557492    0.0895537   -0.2010944
  -0.1366778   -0.0904484   -0.3391849
  -0.1694968   -0.1617717   -0.1728653
   0.0599269   -0.2071719   -0.1656867
  -0.1206241   -0.6920335   -0.1493516
  -0.0863888    0.0501213    0.1185126
   0.3533204   -0.8963912   -0.7535126
  -0.5167389    0.7782625    0.2607475
  -0.0809068   -0.0086733    0.0642120
  -0.3944053   -1.0166960    0.3833247
   0.4341436   -0.9079446    0.4414689
  -0.0757422   -0.0411376   -0.0593267
   0.5386683   -0.7198918    0.1595773
   0.4065582   -0.0185793    0.3606667
   0.0046697    0.2448851   -0.0778481
   0.1244761   -0.1327494    0.2445856
  -0.3662246   -0.2942173    0.1618747
   0.0342234   -0.0612567    0.0290308
   0.4623338   -0.0287796    0.7755864
  -0.6459875   -0.6327094   -0.1686484
  -0.1618227   -0.0497115    0.0672860
   0.3920923   -0.1525094   -1.0144557
   0.8173231   -0.1706413    0.3555296
  -0.0817415   -0.0388067    0.0002582
  -0.4022176   -0.6837321   -0.2201775
   0.0867100   -0.7908233   -0.3609220
   0.0447986   -0.0201319    0.2006183
   0.4317390    0.3206238    0.2978724
   0.1176313    0.0943957    0.3004043
   0.0353095    0.0543150   -0.0987687
   0.4933619    0.2125977   -0.0750503
   0.9945440   -0.1300150   -0.2865485
  -0.2459898    0.0147679   -0.0620381
   0.5048299    0.2025857   -0.6803296
   0.0101873    0.2608164   -0.8266329
  -0.0000243   -0.0926750   -0.0774309
   0.1857986    0.2516068   -0.4334551
  -0.2588648    0.4792939    0.4776406
   0.1787960    0.0830448   -0.1063021
   0.2252166    0.1844345   -0.2336334
   0.3809409    0.0538093    0.4179890
   0.1256811   -0.1145933   -0.0622883
   0.1462426    0.0546386   -0.1876975
   0.1739907    0.4039090   -0.3139321
   0.0018866   -0.0902213    0.1231193
  -0.8611264   -0.3900331    0.1832106
   0.1959789   -0.1928719   -0.1693065
   0.0536975    0.0451147    0.0009815
  -0.3763829    0.8774580    0.4966870
   0.2632969    0.2105663   -0.0101750
  -0.0045544   -0.2539322   -0.2336268
  -0.4342634    0.8631318   -0.4392886
  -0.0969023    0.3366773   -0.3665749
   0.0011771   -0.1447663   -0.2135753
  -0.0849465   -0.2324103   -0.6454171
   0.3266433   -0.1699094   -0.0567979
   0.0635090   -0.2020681    0.1151243
  -0.1150563    0.0114980   -0.0623350
   0.0874845    0.2539766    0.9124451
  -0.0390879    0.1063474    0.1095209
  -1.4156224    0.7467917   -0.7150406
   0.0045846   -0.0312986   -0.6195775
   0.2102121   -0.1575352    0.0437181
  -0.1473542   -0.3652949   -0.1462438
   0.4458175    0.5174183    0.0976218
  -0.0671915   -0.1543962   -0.0350290
  -0.7140644    0.0774917    0.4225509
  -0.1012280   -0.1444333   -0.4770321
   0.0204962    0.0647361   -0.1355450
   0.4345388    0.4403860    0.3824000
   0.4537889   -0.6318837    0.2131571
  -0.0721041    0.0838651    0.1275763
   0.6144638   -0.1110647   -0.0451057
   0.4749528   -0.8259156    0.5823262
  -0.0648507    0.0038421   -0.0048589
  -0.5475687   -0.2977441    0.4075708
  -0.1172728   -0.1260458   -0.5585598
   0.0603963   -0.1748991    0.0241829
   0.8246364    0.4071999    0.6178399
   0.1426603    0.3144307   -0.0633684
  -0.0921027   -0.0984881    0.0528176
   0.2355364   -0.0079733   -0.2063591
   0.4636232   -0.6432421   -0.1375936
   0.0129066    0.0286412   -0.0626834
   0.1028300    0.3119988    0.0307196
   0.5559898   -0.1744652    0.1331059
  -0.1350644    0.0236821   -0.0823172
  -0.0180457   -0.0827737    0.2016173
  -0.1127069   -0.7591273    0.5522864
  -0.0400448    0.0098962    0.2316738
   0.0218606   -0.0788941   -0.2240914
  -0.7498074    0.2281879   -0.1777105
  -0.1436639   -0.0100472   -0.0447594
   0.0116673    0.7758332    0.2538573
   0.2830676    0.1268416   -0.6166759
   0.0896827    0.0479548    0.0498455
  -0.4088740    0.6680357   -0.3166293
  -1.1878909   -0.5836543    0.0524071
   0.1564530   -0.0462031    0.0242830
  -0.2292844    0.3114615   -0.6543851
  -0.3042460   -1.4234390   -0.2824671
   0.1140943   -0.0064679   -0.1079721
   0.2007168    0.0685877   -0.0690895
   0.1559795    0.2105798    0.2540594
  -0.0854317    0.1644689   -0.0614765
  -0.1501372   -0.5679005   -0.0911798
  -0.3504888   -0.6653548   -0.0909496
   0.0447511   -0.1069370    0.0258037
   0.0408311   -0.4577130   -0.2344874
  -0.1667325    0.1278802    0.2582410
  -0.1030282   -0.0689984   -0.1219759
   0.0657359    0.1034052    0.3173998
   0.6956802   -0.0855867   -0.1933534
   0.1107805    0.0481626   -0.2476206
  -0.3457745    0.0896043   -0.9547580
  -0.7588173    0.0713645   -0.2487754
  -0.0243847    0.1165109   -0.0966564
  -0.5834295   -0.4401106    0.4300160
  -0.0302193    0.9881975    0.4704260
   0.0469871   -0.0121740   -0.0855269
   0.2854803   -0.1430069    0.0767875
   0.1752294    0.0697496    0.2071887
  -0.0136761   -0.0350668    0.0384127
  -0.1121583   -0.5994219   -0.2833820
  -0.1529129    0.0921680   -0.7566060
   0.1208079   -0.1574699   -0.1341965
  -0.5816132   -0.1203720   -0.3652137
   0.6341740    0.4416979   -0.1693403
   0.1208419   -0.0553816    0.1074619
  -0.6597238   -0.0338891    0.2491933
  -0.5486312    0.1098309   -0.7306911
   0.0050189   -0.0998099   -0.1289160
  -0.1679164   -0.3394097    0.3944912
   0.3404544   -0.4858837   -0.0743688
   0.1197233    0.0339332   -0.0142361
   0.3040075    0.3137558    0.3916058
  -0.0499521    0.1089687    0.4888835
  -0.0286758    0.1324270   -0.0695035
   0.1243600    0.2065296    0.2014694
   0.1738355   -0.1058631    0.1255530
   0.0881376   -0.0991488    0.2390856
   0.2777569    0.7313496    0.4581379
   0.4325369    0.3175464    0.2920831
   0.0130827   -0.0933553    0.0608767
  -0.1919912    0.3208050    0.1007137
  -0.3654217    0.5378046    0.1000873
   0.0513423    0.0345818   -0.1261405
   0.5344745    0.0821223   -0.3209927
   0.4234142    0.5907342    0.2963394
   0.0359871   -0.1197510   -0.1563828
   0.6674610   -0.5430077    0.1605242
   1.5829654   -0.2244850   -0.1886672
   0.0313344    0.1410814    0.0797774
   0.9470629   -0.1119070   -0.7773274
  -0.3736305    0.1445909    0.3538375
  -0.0961512    0.0957571    0.1345803
  -0.1405514    0.2305085    0.1611869
  -0.2679642    0.2182333    0.2079190
  -0.0330892   -0.0374543   -0.1422343
  -0.3678176    0.1006640    0.2963661
   0.8354462   -0.3751723   -1.0875841
  -0.1369190   -0.0032080   -0.0009936
   0.2261602    0.6132658   -0.9674380
  -0.0290744   -0.4955310    0.1344529
  -0.0720110    0.0176538    0.0577270
   1.3577770   -0.8434574   -0.5387951
  -0.0280760   -0.0013985    0.1982315
   0.0889870   -0.0127428    0.1420293
   0.0788414    0.4709677   -0.0379897
  -0.5267106   -0.2813019   -0.1032442
  -0.1093587   -0.0222764    0.1449369
  -0.2507584   -0.9095545   -0.2491453
   0.1049241   -0.1591132   -0.0636566
  -0.0464959    0.0654244    0.1007856
  -0.0084062    0.4191624    0.2658939
  -0.1930459   -0.4482952    0.2662867
  -0.0379133   -0.0487931   -0.0449681
  -0.5821726   -0.1771245   -0.0871449
   0.2403194    0.1544546    0.0818258
  -0.1171623    0.0475266    0.0544213
  -0.6803379   -0.6302520   -0.6227588
  -0.1182077    0.8914195    0.1456712
   0.1696048    0.0073045   -0.1601205
   0.0639262   -0.3032967   -0.0420170
   0.4185377   -0.0149250   -0.5067973
   0.0162358    0.0217097    0.0892467
  -0.3498225   -0.1911304   -0.4506770
  -0.3602058    0.2856430    0.2565245
  -0.0664138    0.2138130   -0.0785185
  -0.3640797   -0.2863180    0.9947531
  -0.1057646    0.4805275   -0.7492993
   0.0786861   -0.0330882   -0.0914971
   0.0822241   -0.2210474   -0.3664424
  -0.6729556   -0.1754754    0.3681475
   0.0135800   -0.0253305    0.0222522
   0.4747638    0.5698372   -0.3658608
   0.0929284   -0.0395827    0.3130832
   0.1611353    0.0350724   -0.0563713
   0.2836694    0.1365035    0.5154082
   0.1534862    0.0647560   -0.4592311
  -0.1477946    0.0235669    0.0726275
  -0.0289818    0.1370052   -0.0726701
  -0.4061401    0.3032542   -0.0276373
  -0.1871383   -0.1070971    0.2654770
   0.3220021    0.2158020    1.2732052
   0.3891828   -0.4944734   -0.1064147
  -0.0474426    0.0922776   -0.0831463
  -0.0797365    0.0523549   -0.2818348
  -0.0505817    0.6490414    0.8057507
   0.0000053    0.1484296   -0.0192482
  -0.3305444   -0.1909587   -0.8278219
  -0.2479749    0.3787271    0.2294995
  -0.0831749    0.0161677   -0.1342616
  -0.5518562    0.3063458    0.0076117
   0.6273715   -0.0171324    0.0553780
  -0.0888987    0.2199600   -0.1072637
   0.1903479   -0.0729530   -1.1513557
  -0.3575759    0.0147306    0.0441989
   0.0507792   -0.1339918   -0.0841928
   1.0155176   -0.3114888    0.7418679
  -0.5072893    0.0596206   -0.4162889
   0.0813582   -0.1755532   -0.1005038
  -0.4599322   -0.0537325   -0.4092190
  -0.0959590    0.1737857    0.4697347
   0.0821338   -0.0909088   -0.0435265
   1.2700036    0.3177861    0.2017170
   0.2092797   -0.3193477   -0.0519629
   0.1013307   -0.1909006    0.1501770
   0.6212895    0.8076348   -0.3500165
   0.3288411   -0.0468533   -0.1330730
   0.0206958    0.2227096   -0.1038186
  -0.5453801    0.1851741    0.2144278
   0.9189619   -0.5892704   -0.5221013
   0.1774214   -0.0772859   -0.1081450
   0.3053921    0.7223572    0.0410246
  -0.3621682   -0.0970367    0.0025016
   0.2034785   -0.0699641   -0.1097135
  -0.3064772    0.6575756   -0.3163708
   0.1453153   -0.7880043    0.1481052
  -0.1616960   -0.0571359    0.1763665
  -0.4556472   -0.0702636   -0.2076039
  -1.2627689   -0.2946985   -0.8345339
  -0.0110167    0.0122152    0.0777151
  -0.0810254    0.1121661    0.2509579
   0.6802716    0.1026803   -0.0688237
  -0.0185891   -0.0293984   -0.0956996
   0.6334635    0.4398243    0.3195716
   0.6851054    0.3535345   -0.7976220
   0.0341356   -0.1085593    0.0335506
  -0.2379221    0.0783042    0.4967986
  -0.3618189    0.1938824    0.2564046
   0.0442179    0.0255889   -0.0421747
  -0.2859350    0.9131664    0.1281108
  -0.1397589   -0.7820048    0.7567019
  -0.0053420   -0.1071635    0.0233439
   0.4322043    0.6616359   -0.2566157
  -0.8119731   -0.0568571    0.1306403
   0.0232899    0.1156421    0.0035814
   0.5015234   -0.3528666    0.0095180
   0.7887090   -0.5952978   -0.2082233
  -0.3114819    0.0301199   -0.1515927
   0.9386070   -1.1329337    0.1406977
   0.0828169   -0.0169698   -0.5625063
   0.2049065   -0.0706641   -0.0981947
   0.1481292   -0.4390959    0.3532078
  -0.1328252   -0.8147269   -0.5234709
   0.1682591    0.1180198   -0.1066183
  -0.0944829   -0.1380409   -0.1249195
   0.7047003   -0.3961743    0.2733365
  -0.1048140   -0.1052746   -0.1445791
  -0.0202299   -0.0788902    0.2976526
  -0.3414808    0.3715987    0.2611407
   0.2100150   -0.1653334   -0.2590321
  -0.7292371   -0.0163654    0.5689199
   0.4227725    0.5014770   -0.2879433
  -0.0587700    0.0137289   -0.1575692
  -0.3100602    0.0662493    0.1750422
   0.6019728   -0.1727629    0.4233618
   0.1640564   -0.0952905    0.0513479
  -0.0188152    0.0387902   -0.3598114
  -0.6275533    0.8454511    0.1389504
  -0.2112743    0.0949163    0.0517886
  -0.5607536   -0.4585857   -0.9912757
  -0.3173388    0.7133550    0.2131225
  -0.0580950   -0.0807868    0.0669016
  -0.1878208   -0.1035193   -0.3264682
   0.0704546    0.2947721    0.0495528
  -0.0494108    0.0998539   -0.1509130
  -0.8927739    0.1001761   -0.0645384
   0.4937825    0.2416382    0.1149696
   0.0792365   -0.0329785   -0.0611215
   0.3662269    0.1185594   -0.0080450
   0.2285671    0.5087872   -0.0330730
   0.1115806   -0.0958276    0.0392085
   0.4142210   -0.3007301   -1.0731704
   0.1127257   -0.1190604   -0.0026185
  -0.0395456   -0.0042019   -0.0865714
   0.2064677   -1.1246476    0.5331169
  -0.8617865   -0.4792915    0.2600642
   0.0537491   -0.0025145   -0.0455281
  -0.2879668    0.5031604   -0.5436249
   0.5065235   -1.1844471   -0.3725230
  -0.2914618    0.0624371   -0.0023108
   0.1787070   -0.3227367   -0.2040144
  -0.2150321   -0.0848173   -0.9024205
  -0.0647582   -0.1800941   -0.0481402
   0.1686375   -0.2264838    0.2145637
  -0.0298219   -0.1395170    0.1929156
   0.1014282   -0.0400898   -0.0906205
  -0.4419200    0.5305085   -0.3024123
  -0.1219265    0.4617642    0.2843026
   0.0379502    0.1107215   -0.0469229
  -0.1140905   -0.2078758   -0.4619562
  -0.0194976   -0.1473841    0.1010614
  -0.0873514   -0.0050427    0.0436537
  -0.0120692    0.3984390    0.5203174
  -0.4483895    0.0067870    0.0722602
  -0.0661731    0.0771970    0.1034990
   0.3612269   -0.9488320    0.3346956
  -0.5161371    0.3830227    0.1367550
   0.0979550   -0.0837352   -0.0487142
  -0.7803648    0.1309386   -0.1868148
   0.1937671   -0.8437757   -0.8567774
  -0.0170824   -0.0320248    0.0623024
   0.7809293   -0.6115491   -0.5050994
   0.0116549    0.2595105   -0.3266729
  -0.0159532    0.1728550    0.0645581
  -0.9726589   -0.1187063   -0.4327329
   0.4621220    0.2252997    0.1507115
  -0.0280237   -0.0228769    0.0840386
  -0.0991875   -0.1269239   -0.0460426
  -0.3824207   -0.3570022   -0.0659148
   0.0623008    0.1067936    0.2459016
   0.3546439    0.4501705   -0.6325606
   0.0806760   -0.2101377   -0.3055885
   0.0903608   -0.0616739   -0.1287602
  -0.7724418   -0.1444963   -0.1614441
  -0.1618780   -0.1740908    0.0403382
  -0.0651178   -0.0944134    0.2276973
   0.5097872   -0.0325247   -0.0641384
   0.0131049   -0.2747100   -0.2678889
  -0.0231475    0.0402123   -0.0297008
  -0.7874243    0.3192910    0.6610667
  -0.1062439    0.0025097   -0.1786213
   0.0899100    0.1153627   -0.0921654
   0.4445454    0.3811583   -0.2638126
   0.0900611    0.5845067    0.1754542
   0.0072590    0.0418750    0.0293860
   0.6531913   -0.4070175   -0.1025424
  -0.1633208    1.1594422   -0.9943907
  -0.0178595   -0.0481909   -0.0478087
  -0.4119139    0.1942056    0.9853228
  -0.0085042   -0.5383414    0.4468312
  -0.0951252   -0.0579314   -0.0147280
  -0.3583131    0.1381921    0.2685737
  -0.4318742    0.4116218   -0.1555377
   0.0747608   -0.2999850    0.2238926
   0.2553698   -1.0073416   -0.1199595
  -0.8240407    0.6510708    0.2193883
  -0.0236644    0.1487818   -0.2386012
  -0.3712544    0.1857855   -0.0941307
  -0.4865610   -0.8647252    0.8874017
   0.0377481    0.0745888   -0.0833346
  -0.0460980   -0.2089024   -0.4848357
   0.5342883   -0.5164579    0.8650069
   0.0362956   -0.1169821   -0.1271621
   0.4524716   -0.0293242   -0.0559048
   0.8698658   -0.4957439    0.4042098
   0.1346505    0.0267123   -0.1048161
  -0.4007024    0.2170319   -0.2503304
  -0.3420000    0.4381266    0.1910831
  -0.0475450   -0.0552612   -0.2318500
  -0.4266468    0.0929148    0.0952515
  -0.3864459   -0.2489492   -0.1039240
  -0.0162535    0.2010839    0.0136946
  -0.5725102   -1.2837203    0.2459046
   0.5567725   -0.4850523   -0.7523963
  -0.1542048   -0.0250064    0.0101844
  -0.0099840   -0.3529942   -0.1161500
  -0.4648699    0.4932272    0.6524630
   0.2674710   -0.0959041   -0.0098959
  -0.0715437    0.6456828    0.1368116
   0.5116676   -0.4128157    0.4796611
  -0.0949734   -0.1067088    0.0313523
  -0.8004035    0.2010236   -0.3942358
  -0.7619402   -0.4282219    0.0635048
  -0.0909296   -0.1223945    0.0411194
  -0.0268731    0.0446855    0.3503348
   0.0396642   -0.8929062   -0.1783231
  -0.0389989    0.1535665   -0.1849369
  -0.2993721    0.1263245   -0.1973644
   0.5816973   -0.1303521   -0.5281574
   0.0882220    0.1114132    0.1710991
  -0.3409991   -0.1924919   -0.2898355
   0.1547207    1.0188013   -0.3656095
   0.0180750    0.0350074   -0.1546049
   0.4237148    0.0447068   -0.3132223
   0.3636823    0.7206226    0.2516006
  -0.1075901   -0.0796989    0.0033577
   0.8771928   -0.1801023    0.4833986
  -0.2519085   -0.3121953    0.6663286
   0.0270035    0.0430696    0.0296324
  -0.0680393    0.0467039   -0.2449226
  -0.2466007    0.2386767    0.5958193
  -0.2574163    0.0740285   -0.0312271
  -0.2552060   -0.5967518    0.4492766
  -0.1057034   -0.2281016   -0.1454205
   0.0760812   -0.1851965    0.1665532
   0.0403467   -0.5088352    0.0245439
   0.3258367   -0.6408316    0.0226830
  -0.1874322   -0.1198717   -0.0411189
   0.5127689    0.5923001   -0.0795758
   0.1705211    0.3818949    0.5962066
  -0.0004327    0.1507056   -0.0506758
  -0.4275477    0.2899119    0.0352931
   1.0011988   -0.0280620   -0.5488392
   0.0055509    0.1207833    0.2828657
  -0.0100909    0.0392210   -0.2191576
   0.2514786   -0.3041551   -0.2273738
  -0.0477154    0.1154019    0.1149885
  -0.5840085    0.2271749   -0.2525708
  -0.0151801    0.3967203    0.4873314
   0.0560271   -0.0894252   -0.0167654
   0.5383924    0.2219940   -0.3936567
  -0.4941620   -0.3192843   -0.0834232
  -0.0316249   -0.1436367    0.1297355
  -0.0402286    0.2699874   -0.4916532
  -0.0681721   -0.2117617   -0.6532630
   0.0869569   -0.0520317   -0.1959215
   0.2944640   -0.2402011    0.2124706
   0.1901254   -0.0990946   -0.2270182
   0.0009796    0.1503456   -0.1175069
  -0.4736168    0.0140737    0.6423706
  -0.0397812   -0.0801648   -0.2470969
  -0.0839498    0.0586400   -0.0944204
  -0.0948160   -0.6377435   -0.0895873
   0.0346563   -0.3237875   -0.0642350
  -0.1718968   -0.0604798    0.0330993
   0.6679289    0.3034742    0.0455352
  -0.3716174    0.0429764    0.5788036
  -0.0550460   -0.2083488    0.0295178
   0.0405704    0.2608028   -0.1078764
  -0.3456657   -0.6642253   -0.4620274
   0.0983262    0.0510364   -0.1115370
  -0.4189256    0.1655928   -0.1278049
  -0.3042772   -0.0765321   -0.4128493
  -0.0998216    0.0197424   -0.0030734
  -0.1100514   -0.1105869   -0.3822406
  -0.9884423   -0.4158735    0.2603586
  -0.0841940    0.0282502    0.1214143
   0.4353572    0.0967534   -0.5173143
  -0.3020324   -0.4267206   -0.0200089
   0.1600468   -0.0546955   -0.1718610
   0.4249120   -0.9375088   -0.1900750
  -0.2638603    1.0430883    0.3654595
   0.2087643   -0.0253804    0.0406291
  -0.4618039    1.1205633   -0.1284924
   0.3784823   -0.0396654   -0.7536822
  -0.0058392    0.0196267    0.0100715
   0.1719162   -0.1157297   -0.2162865
  -0.3545119    0.3836033    0.8149705
  -0.0463317    0.0378274   -0.1226999
  -0.7640809    0.3787526    0.4766649
   0.5035582    0.2502272   -0.0889553
  -0.1421921    0.1033519    0.0254537
  -0.9430431    0.4677325    0.2543751
  -0.5570369    0.0677627   -0.1839710
   0.0638033   -0.0746785   -0.1584500
   0.6472071   -0.1035834    0.7216712
   0.2905797   -0.6673187   -0.2748688
   0.0479643   -0.0200958   -0.0577195
  -0.4330670    0.1406013    0.3269463
   0.8591176    0.7200627    0.0654313
  -0.0454356   -0.0929301    0.0039980
  -1.1544629    0.2650211    0.5855251
  -0.3780000    0.4332484   -0.6400694
   0.0798120   -0.0820273    0.2071534
   0.2724099   -0.3305395   -0.9889054
  -0.6621117    0.0866174    0.2374618
   0.2167959    0.1582139   -0.1309773
   0.7228893    0.4140254   -0.1608504
  -0.4859497    0.2197601   -0.5561999
   0.0291066    0.1467455   -0.0505893
   0.5037627    1.5722023   -0.2222880
  -0.1191436   -0.0884240    0.0815404
   0.1920672    0.1293375    0.1812357
  -0.0976776   -0.2064252    0.1615805
   0.6161451   -0.4765848   -0.4154521
  -0.0508046    0.0225852    0.0805634
  -0.2798736   -0.0044619    0.3541594
  -0.7092942   -0.5244021    0.6988310
  -0.1199753    0.0732811    0.0218714
  -0.4545261   -0.7837430    0.4380844
  -0.6244137    0.0465488    0.2425408
   0.0604894    0.0287097   -0.1483204
  -0.5296659   -0.1260265   -0.3910536
  -0.2597520   -0.0336698   -0.1332449
  -0.0043955   -0.0146368    0.0143724
  -0.5160568    0.1288115   -0.1262332
   0.1966509   -0.2184941    0.4474624
  -0.0970123   -0.0083311   -0.0820345
   0.3102907   -0.2104067    0.5470688
   0.8732067    0.0031111   -0.3127019
   0.1407773    0.0902132    0.0146441
   0.9583845   -0.1204613    0.5639312
  -0.3917091   -0.2328624    0.1202712
   0.1560062    0.0339828   -0.0167512
  -0.0923526   -0.1917400    1.0231401
  -0.2671379    0.0518466    0.6844777
   0.1656402    0.0768121    0.0602177
   0.5735444   -0.2762363    0.5637710
  -0.2367664    0.2925258    0.0719265
  -0.1670379    0.0605968    0.0959771
   0.5147133    0.0926481   -0.8255246
  -0.2305356   -0.4136323   -0.0813233
   0.2495035    0.0536721   -0.0040593
   0.1021974   -0.5054823   -0.2203308
  -0.2226562    0.2891023    0.0522556
  -0.1517669    0.0858029    0.0653149
  -0.0095852    0.5481871    0.9733137
   0.1291870   -0.1776303    0.5320267
  -0.0355945    0.0574813   -0.0068619
   0.1550624   -1.2497050    0.3622575
  -0.0070605    0.0982714   -0.1708599
   0.1041988    0.1907814   -0.0092946
  -0.1487576    0.3684317    0.3060763
   0.3705466   -0.0657910    0.3199818
  -0.2541159    0.1051807   -0.1264642
  -0.2071540    0.3347078    0.0455616
   0.0222942   -0.8405331    0.2190153
   0.0990828   -0.0187334   -0.1436198
   0.2049850   -0.7781751   -0.0996295
  -0.3442082    1.1155642   -0.4807499
   0.0739752    0.1912565   -0.0734139
  -0.3382705   -0.5508330   -0.6975896
   0.0305395   -0.2644249   -0.1426084
   0.1320957   -0.1838804   -0.0321200
   0.0995704   -0.4844202   -0.4956797
   0.3521841   -0.6527163   -0.4926917
  -0.0711044   -0.2262157    0.0086276
   0.0546816   -0.3845123   -0.0106253
  -0.3226111    1.0195014    0.3262999
  -0.0073810    0.1925471   -0.0408048
  -0.1448391   -0.3656811   -0.0110415
   0.3277448    0.5442131   -0.0065985
  -0.1205750    0.0960924    0.0790813
   0.0027793   -0.0952042   -0.1854675
  -0.1383189    0.1865134    0.9353302
   0.1534080    0.0323007    0.1397250
  -0.2874846    0.3066981   -1.3376592
  -0.1533169    0.3707438    0.9520523
   0.0506036   -0.0049134    0.0979230
   0.1624030   -0.5330195   -0.1254556
   0.4320233   -0.6953858   -0.4124811
  -0.0100840    0.0468528    0.1318039
  -0.3345140    0.6680983    0.4071657
   0.2174215   -0.5322493    0.1641049
  -0.1253908    0.0325525    0.0337752
   0.1503395    0.2140091   -0.3260397
  -0.0241842   -0.3249859   -0.1168255
   0.0863496   -0.0207227    0.0288662
  -0.6770838   -0.2031116    0.3908506
   0.4729382   -0.1741395   -0.2217198
   0.1551228   -0.2192386    0.2263831
   0.2183391   -0.6897289   -0.0182886
   0.0658486   -0.6288227    0.2645981
   0.1247672   -0.0724848    0.2093650
  -0.2035995   -0.0827061   -0.4104437
   0.7016463   -0.1683819   -0.1183071
   0.2465159    0.1344837    0.2029501
  -0.4656668   -0.5979450   -0.0776933
  -0.6905086   -0.1015891   -0.4040965
   0.0844268    0.1339240   -0.0097618
  -0.2096731   -0.4056531    0.6175060
   0.2846915    0.0328122   -0.1530646
   0.0226960    0.0778633    0.1013424
   0.3343166    0.6760796    0.2637759
  -0.3042285    0.2099332    0.2314525
  -0.0422151   -0.1850968    0.1011616
  -1.0708225   -0.0357416   -0.2333427
   0.1098959    0.4704136    0.2077480
  -0.0174809   -0.0704665    0.2233505
  -0.7917820    0.3825163    0.2310189
   0.2513146   -0.3641172    0.3830827
  -0.0008423    0.0706911   -0.0737225
  -0.1480381    0.0251630    0.2123045
  -0.4721665    0.0310275    0.0151491
  -0.0318234   -0.2281344   -0.1983533
  -0.2900819   -0.0102545   -0.1689430
  -0.4595670   -0.0688196    0.5527319
   0.0625768    0.1103868   -0.1279941
  -0.4163696    0.8150135   -0.0224235
   0.7086871    0.6616357    0.2365734
   0.0418302   -0.1034258    0.1271600
   0.1668682    0.3097742    0.1354530
  -0.0809709    0.1759202   -0.2508657
   0.1056374    0.0197937   -0.2332031
  -0.0190045   -0.1534879    0.9788756
   0.2216089    0.5443965    0.9521937
  -0.0867216   -0.0276292    0.0611088
  -0.6804562    0.1585221    0.5021591
  -0.2122866   -0.2308210    0.2531157
   0.0611580    0.1288154   -0.1341871
  -0.2322195   -0.2079494   -0.4250492
   0.1415062    0.1968239    0.0225721
   0.0408053   -0.0422449   -0.1062644
  -0.3036166   -0.4979714   -0.0687689
   0.5452088   -0.1263861   -0.3943164
   0.0108525    0.1971878   -0.0368794
  -0.0554419    0.2212660    0.5428349
  -0.1861713    0.2649399   -0.5515658
   0.0183822   -0.0076862   -0.0807889
   0.8555568    0.1655243    0.3455365
   0.2739293   -0.2537190   -0.2444354
   0.1967319    0.0626446   -0.1485015
  -0.8424850    0.2233656    0.2512559
  -0.3897179    0.5319544   -0.2633914
  -0.0358134    0.0144386   -0.1131735
   0.3824562    0.6468748    0.1813211
  -0.3524443   -0.2517694   -0.1157383
  -0.0072659    0.1623363    0.0974750
   0.1215389   -0.5946447   -0.5313159
   0.0075006    0.2620399   -0.9846336
  -0.0976185    0.0641967   -0.0844238
  -0.6449930    0.1269985    0.4685836
  -0.0850133   -0.2848397    0.0486293
   0.0397429    0.0580074    0.1059674
   0.3171263   -0.2489211   -0.6077306
   0.3906336    0.6820738    0.5076357
   0.0022191   -0.0583250    0.0225713
  -0.0081765    0.2630401   -1.3065119
  -0.0202559   -0.5613495    0.0258083
   0.0506740   -0.0820850   -0.1066299
   0.6174054    0.2872989   -0.0755474
   0.5301774   -0.0041391   -0.0138523
   0.1715315    0.1793774   -0.2090590
  -0.4626312    0.1058187   -0.4250945
   0.1850040    0.5264532   -0.0867002
   0.0695467   -0.0161985    0.1514029
   0.6808108   -0.0055893    0.2845758
  -0.3625089   -0.1992124   -0.0215389
   0.1966431   -0.1000583   -0.1821765
   0.4271484   -0.1915124    0.3543945
  -0.4268086    0.4193161   -0.2958738
  -0.0656937   -0.0830586    0.0567865
  -0.6421753   -0.6708024   -0.7583967
  -0.0899328   -0.5771873    0.6932489
  -0.0171006   -0.0360258    0.1525172
   0.4416953   -0.3212197   -0.0911880
  -0.5884826   -0.9543636    0.1473044
  -0.0617583    0.1110492    0.0030670
  -0.3031570   -0.3787045    0.0837379
  -0.1294029   -0.4767895    0.3091619
  -0.0630024    0.0224207    0.0240299
  -0.2398622   -0.0834795   -0.7478530
  -0.0155389   -0.5054223   -0.2117936
  -0.0467347    0.0425885    0.1460323
   0.1338355    0.3037516    0.1244829
  -0.9938067    0.0733166    0.3360605
  -0.0308491   -0.0324732   -0.0070562
  -0.0070045    0.1053823   -0.2272774
   0.2213919    0.0345733   -0.2058593
   0.0798834   -0.0490570    0.0022560
  -0.4134346    0.2455175    0.2690587
  -0.4258343    0.2555293   -0.0655538
   0.0228773   -0.1026752   -0.0228492
  -0.4087959   -0.3383589    0.4245200
   0.0886026    0.1950926   -0.0468235
  -0.1028702    0.0621031    0.2163267
   0.5101460    0.5922815   -0.1720696
  -0.4162886   -0.0644787   -0.2697902
   0.1973094   -0.1186136    0.0811228
  -0.2426424   -0.3903543    0.4073767
   0.4807515    0.2525170    0.4707460
   0.1556519    0.1322403    0.0709151
   0.6293583   -0.1876522    0.2575245
   0.3170806    0.3286909    0.0322369
   0.1121729    0.0355952    0.0444999
  -0.1468629   -0.6917202   -0.2705402
  -0.4301034    0.0783798    0.6400325
  -0.0144869   -0.1727669   -0.0515956
   0.2560367    0.1752151   -0.2120456
   0.5025870    0.3624466    0.6553856
   0.1374807   -0.1078678    0.2075095
   0.1705204   -0.0980162    0.4004577
  -0.1905865   -0.0693314   -0.1350170
  -0.0417825    0.1404871    0.0006961
  -0.4329269    0.5655658   -0.1358749
   0.0754067   -0.1495066   -0.3984785
  -0.0191089   -0.1550937   -0.0341838
  -0.3341199   -0.3116034    0.1461643
  -0.9439545    0.2053532   -0.0272906
  -0.0414613   -0.0790567   -0.1245624
   0.0027542    0.4963421    0.5784111
  -0.4628408    0.9646770   -0.2193052
   0.0040276    0.2398201    0.2120350
   0.6623210    0.2248213    0.4271983
   0.5259578    0.5400040   -0.0621219
  -0.2368727    0.0426562    0.0789263
  -0.1570230    1.1434283    0.2179261
   0.5077603   -0.3203919    0.2678017
  -0.0191630    0.0490311    0.0798624
   0.6073713   -0.7275840    0.2157364
  -0.5155475   -0.5896633    0.2291023
   0.0287868    0.0492723   -0.0414813
  -0.5178550   -0.6716622    0.5980971
  -0.2682006    0.5843469   -0.5585775
  -0.0404589   -0.1809381    0.0567545
  -0.2135835   -0.1184874    0.6297929
  -0.3485880   -0.5060847    0.6923293
  -0.1762379    0.0264829    0.1222348
  -0.4063999   -0.3747321    0.1352287
   0.1618445   -0.1822356   -0.2389708
  -0.0016879    0.0032303    0.0500643
  -0.8460485    0.0100421    0.0385100
  -0.5511209    0.8280097    0.0124644
   0.0189173   -0.0784601    0.1092726
  -0.2374237    0.5198696   -0.2577305
   0.1511686   -0.0562541   -0.0610504
  -0.2097655    0.2439949    0.1177494
  -0.4445825    0.2096016   -0.0049231
  -0.6071952    0.1930297    0.2460032
   0.0759995    0.2115191   -0.1660284
  -0.0418988   -0.9780544   -0.3434186
  -0.5401438    0.6085411    0.1215160
  -0.1835768    0.0704139   -0.1265478
  -0.2577598   -0.4746604    0.7065317
  -0.3802528    0.3494386    0.4840066
   0.0094730    0.0969404   -0.0581386
   0.3835347    0.4511627   -0.9378091
   0.4141199    0.1143632    0.0625010
   0.1485193    0.1677659   -0.1201090
  -0.8239684    0.2162998    0.0229349
  -0.9771717   -0.1914138    0.0051921
  -0.0130092    0.1335648    0.0544451
   0.4358391   -0.7267768   -0.1134914
   0.4372473    0.2951730    0.3189339
   0.0270697    0.0110184   -0.0127060
   0.0851289    0.0023006    0.6982282
  -0.8315847   -0.1270818   -0.4094674
   0.0092851   -0.2076555   -0.0103900
  -0.0165587   -0.4681378   -0.6844673
   0.6170522    0.0471948   -0.4113510
  -0.0824517    0.0105239    0.0723592
   0.5786306   -0.0031908    1.0214218
  -0.3328612    0.6336876    0.5376576
   0.0037630   -0.1829622    0.0596325
  -0.3307918    0.0211145   -0.1497549
  -0.2335029    0.2176947   -0.4662064
  -0.0874848   -0.0521908   -0.0028746
   0.1044753    0.4366372    0.8916097
  -0.0380414    0.4862181   -0.0975448
  -0.2213785   -0.0896838   -0.1722078
  -0.7223557   -0.3589797   -0.5101583
  -0.2602921    0.1483983   -0.5184141
   0.0659464    0.0302264   -0.1003259
  -0.1211497    0.2926119    0.3620786
   0.0373065   -0.2785574   -0.3128760
   0.0046788    0.1538392    0.0655924
   0.0917957   -0.0269782   -0.0160366
   0.7714401   -0.2349701    0.3030540
   0.3184862   -0.0232966   -0.0547884
   0.3156241   -0.0450084    1.1352111
   0.1012464    0.2892485    0.4091151
  -0.0173413    0.0011311   -0.0286497
  -0.3292764   -0.6960279   -0.4504785
   0.8441707   -0.3007610   -0.2094037
  -0.0386259   -0.2016686    0.2344932
   0.3889870    0.5670874    0.1421750
   0.8853590    0.4665280    0.0949115
   0.1927491    0.0258723   -0.0001985
   0.9963570    0.3845665    0.0495569
  -0.0538159   -0.0235639   -0.4252921
   0.0383870   -0.0468670   -0.1487408
   0.3160771    0.1578107    0.5968062
  -0.7009571    0.5740955    0.2270965
   0.0441533    0.0582789   -0.1195223
  -0.3281124    0.4082488   -0.4879486
  -0.1968874    0.1860758    0.4310942
   0.1701452   -0.1924606    0.0230478
  -0.6650655   -0.3136282   -0.1613058
  -0.3099906   -0.1501959    0.8333737
  -0.1511777    0.0494960    0.0577228
   0.8873161   -0.5303962    0.2834521
   0.6964418   -0.1827495   -0.3640212
   0.1122299    0.1241529    0.0948891
  -0.6303455    0.3829302    0.6754891
  -0.6459355   -0.1855300    0.1382315
   0.0178692    0.0456089    0.0463202
   0.5179343    0.1045091   -0.7041808
   0.0013482   -0.3139472    0.4919711
   0.1367732    0.2020660   -0.0393897
   0.1731838    0.4050066    0.2269794
  -0.1526622    0.2457517    0.0754329
  -0.1717500    0.0784335   -0.1983072
   0.0940231   -0.5326572    0.2039992
   0.1826981    0.1400689    0.7629201
   0.0736479   -0.0608699   -0.1011321
   0.4812587    0.3714483   -0.0264695
  -0.2813186   -0.2675863   -0.6739941
   0.0103997   -0.0135250    0.0291519
   0.1167596   -0.0417747   -0.3383450
   0.6434740   -0.3511727   -0.4410569
   0.0157019   -0.0398567   -0.1587018
   0.5730592   -0.5078260   -0.1085637
  -0.0397390    0.1507470    0.5080529
   0.2776015    0.0041646   -0.0598588
   0.2185864    1.2725230    0.1233576
  -0.3776606   -0.0038179   -0.3366712
   0.0283210   -0.1278622    0.0363937
  -0.0372762    0.5875276    0.0826617
   0.2672036    0.3589886   -0.3243353
  -0.0072543   -0.0331645    0.0799581
  -0.7215143   -0.3332967   -0.0630931
   0.1223845    0.0566815    0.6414656
   0.0743477   -0.0437080   -0.0200349
  -0.7107565   -0.4069056   -0.8088259
  -0.0458509    0.5314621    0.1244495
  -0.1952203   -0.0398299   -0.0652412
   0.1570129   -0.0316010   -0.4165631
  -0.5723345   -0.0230846    0.1838238
  -0.0457116   -0.0169563   -0.0059245
   0.3666691   -0.3043073    0.3915499
  -0.0239076   -0.7638821    0.6935018
   0.2343563    0.0185880   -0.1691642
   0.3218496   -0.3887094    0.4048569
   0.3682604    1.1358938    0.7668025
  -0.1691422    0.0898709    0.1123076
  -0.2113586    0.1705810   -0.1797039
  -0.5306287    0.7247123   -0.2780666
  -0.1565114    0.0441967    0.1332260
   0.1302913    0.2148896    0.6204647
   0.3039199    0.0139244    0.1528624
   0.0054781   -0.0132360    0.0062902
  -0.7439299   -0.5281940   -0.0267102
  -0.1193757    0.6076262   -0.8015134
  -0.0454302    0.0893731   -0.1558085
  -0.5105152    0.6204790   -0.6563324
   0.1710451    0.0408584    0.4295180
   0.0963622   -0.0696580   -0.1315412
   0.0766375   -0.4135253   -0.1171912
  -0.0629596   -0.8002318    0.4673553
   0.1068994   -0.1697957   -0.0808177
   0.1963810    0.2170383   -0.0431645
   0.5728542    0.0691760   -0.4247912
  -0.1599435    0.0627440    0.2005339
   0.4546757   -0.4922311   -0.0942384
  -0.0703340   -0.0637642    0.0805381
   0.2833905    0.0081106   -0.0574477
   0.5543892   -0.4002710    0.9412127
  -0.2533881    0.3649530   -0.4024167
  -0.0383634   -0.1485106    0.0226816
   0.1481238    0.4727422   -0.6248388
  -0.1651009   -0.0256444   -0.2025612
  -0.1687637    0.1026255   -0.2142302
  -0.7102922    0.5505703   -0.3443680
   0.5930135    0.5846421    0.4240425
  -0.0262460    0.0019189    0.1499882
   0.3247559   -0.0644198   -0.3938706
  -0.0305280   -0.0063032   -0.6202419
  -0.1486273    0.1184631    0.0451911
   0.4280354   -0.0111941   -0.1431350
   0.3622943    0.0135660    0.7577977
   0.0780047    0.0403400    0.1150127
   0.5791495    0.0152419   -0.4969777
  -0.4781849    0.3234790   -0.0520383
   0.0419680    0.1483307   -0.2466799
  -0.2851436    0.2247001   -0.2757145
  -0.1973527   -0.0396372   -0.2104632
   0.0443323    0.1728012   -0.1479049
   0.5111498    0.2120385   -0.3578156
   0.3890375   -0.5470014   -0.1365028
   0.0404282   -0.1676863    0.0921624
  -0.2062910    0.8262542   -0.3432654
  -0.0141141   -0.1694586    0.5575740
  -0.0084236    0.2121547   -0.1019753
  -0.2875880    0.7812837   -0.1762615
  -0.0130624   -0.1290553   -0.6267330
  -0.0038142   -0.0346421   -0.1089931
   0.5531135   -0.1119109    0.1798494
  -0.2692258   -0.3409525   -0.3469715
  -0.1240734   -0.0942329   -0.0791963
  -0.0810926   -0.0654437   -1.0201375
  -0.2916854   -0.1644639    0.3003135
  -0.0973484   -0.0427049    0.0013579
   0.5918806    0.6504210    0.3612811
   0.2343407   -0.1700534   -0.2401642
   0.0356290    0.0142367   -0.0101629
   0.0389907   -0.3637469   -0.3620704
  -0.8205402   -0.2849275   -0.5074695
  -0.0557091    0.0873255   -0.0099030
   0.3539592    0.1642187    0.4681534
   0.2759131   -0.1166322    0.1870038
  -0.1609265   -0.2076080    0.0112520
   0.2326083   -0.7851998   -0.1707010
   0.1799465    0.4307721   -0.1524668
  -0.0165671    0.1721627   -0.0460439
   0.2768411   -0.1970592    0.3041892
   0.0723708   -0.4197271    0.0948328
   0.1201448    0.0461201   -0.0536251
  -0.1625894   -0.1916476    0.5817637
  -0.5742109   -0.1422803   -0.3734198
  -0.0861859   -0.1855443    0.1102843
  -0.5939089    0.3483514    0.4730943
  -0.4264826   -0.3280069    0.2651698
  -0.0121048   -0.1007116    0.0024657
  -0.4387205   -0.6824171    0.1054896
  -0.1947221    0.6128182    0.4447270
   0.0443528    0.0894760    0.2692034
   0.2739782   -0.2602542    0.0200530
  -0.3263485   -0.3313312    0.0982409
  -0.0433583    0.0987709   -0.1429836
  -0.0046562   -1.0244410    0.1340633
  -0.1746545   -0.3333274    0.2739082
  -0.1423470   -0.1301063    0.0486172
  -0.0489904   -0.6399608   -0.0876281
  -0.1894522   -0.3639346   -0.4247404
   0.1063813    0.0560552   -0.0960150
  -0.3888504    0.2779085    0.1974488
  -0.1394901    0.3381209    0.0836022
  -0.1107429    0.1317920   -0.1914782
  -0.3677428    0.2565098    0.3220440
   0.2516753    0.2049951    0.4446091
   0.1399066    0.1194996   -0.0237157
   0.4347139   -1.0513505    0.2204822
  -0.7542018    0.0536279   -0.4210169
  -0.0034103    0.1073072    0.0333958
  -0.4100674   -0.4590398   -0.0453688
  -0.1040557    0.9022185    0.8949996
  -0.1201614    0.1357464   -0.1631942
  -0.9463769   -0.1133334   -0.0972706
  -0.6863410    0.0005768   -0.0129529
  -0.0172031    0.1216122   -0.0027320
  -0.0917349    0.4712150   -0.1137202
   0.5497523   -0.0701921    0.1700286
   0.2557971    0.0933008   -0.0013704
  -0.8858278    0.2363293    0.3205705
   0.5120791    0.2944761   -0.0605522
  -0.0219335   -0.0264953    0.0049771
  -0.1536729    0.2158173   -0.0089488
  -0.7042820    0.0161822    0.5427138
  -0.0084377   -0.0259342    0.0103879
   0.4220650   -0.8375835    1.1461273
   0.4507982    0.3268501    0.4636346
  -0.1093448   -0.1435613    0.2371785
   0.3276768    0.1025409    0.0086790
  -0.4389255   -0.1523786   -0.5003968
  -0.0465283    0.0641314   -0.1846853
   0.3552986    0.2824470   -0.3813159
  -0.0219433    0.8461270   -0.1821793
   0.0173170    0.0276426    0.1220100
  -0.4956020   -0.9611825   -0.6383595
  -0.2943910   -0.9582365    0.2183495
   0.0180274   -0.0387013   -0.0326803
   0.6069763   -0.2900909    1.0165626
  -0.0581921   -1.2189664    0.4575028
   0.0675380   -0.0436872   -0.0464412
  -0.6884389    0.0823974   -0.2033007
  -0.1154006   -0.8392209    0.3467810
  -0.0725335   -0.0229184    0.0473904
  -0.2503673   -0.7587385    0.1334702
   0.1945267   -0.1898530    0.2717837
  -0.0293134    0.2659220    0.0370065
  -0.0609313   -0.1763870   -1.1861626
   0.4449733    0.4604721    0.3569281
  -0.0116151   -0.0893194   -0.0469863
   0.3244326    0.6092705   -0.3432455
   0.2920506    0.3581117   -0.4582319
  -0.1405360   -0.0753499   -0.2508525
  -1.1617209    0.8891245   -0.8211191
   0.6912773   -0.4069924   -0.2375709
  -0.0441127    0.0558657   -0.2163338
  -0.2159490    0.0829653    0.6094067
   0.0585448    0.5735916    0.3305264
  -0.1679216    0.2946491   -0.1539720
  -0.0846638    0.8148224   -0.4478992
  -0.6062219   -0.0972249   -0.0821965
  -0.0082442    0.0840067   -0.0063492
   0.1059429   -0.2494593   -1.0413724
   0.5621874    0.4381179    0.2677498
   0.0006874   -0.0014109   -0.0995254
  -0.0622252    0.2591978   -0.2068910
  -1.3463918    0.6141024   -0.0271419
   0.1152289    0.1075526    0.2505372
  -0.0064660    0.2144084    0.5506459
   0.2191415   -0.1015738    0.7160611
   0.0979514   -0.0924689   -0.0058460
   0.0352987    0.2189332   -0.2031709
   0.3268569    0.4084142    0.8715560
  -0.0345825    0.0009782    0.1964058
  -1.1013026    0.1327640   -0.2489242
   0.1768228   -0.2492522   -0.6672460
  -0.0850429   -0.1225636   -0.0101581
   0.6081469    0.0986195   -0.6729160
   0.5992059    0.2853551   -0.0830141
  -0.1370021   -0.0310419    0.0149680
  -0.3896509    0.5853618    0.0125341
   0.2437989    0.8281246   -0.2098093
  -0.1162528    0.3555674    0.0300733
   0.9421636    0.6072583   -0.3701847
  -0.2667111    0.4645910   -0.1999131
  -0.0574222   -0.0273350    0.1237158
  -0.7484215    0.5421941    0.6886637
   0.4110919    0.4056544    0.1302021
   0.0240484   -0.0534533    0.0994188
  -0.2574884   -0.1894867   -0.5997304
  -0.2398914   -0.7503451    0.4526268
   0.0581648   -0.0689515   -0.0566955
  -0.0542130    0.0737008    0.3318351
   0.5088221   -0.0414526    0.4750776
  -0.0963964   -0.1959244   -0.0105887
  -0.0115420    0.5238635    0.2411799
   0.0058661   -0.3799864    0.9003823
   0.1939888   -0.0309567    0.0009248
   0.2558019    0.1316513   -0.1352698
   0.6426296    0.2109886    0.2623776
  -0.0374705    0.0304763   -0.0608618
  -1.1498958   -0.4764169   -0.1164872
   0.3710302    0.3718580    0.5476007
  -0.0836930   -0.2042572   -0.1438507
   0.6138979   -0.7964872   -0.1268604
  -0.4667863    0.4319889    0.2387790
   0.0459523    0.0412103   -0.0183072
   0.4606353    0.0672822   -0.3472313
   0.1511951   -0.1405877    0.1709762
   0.0422408    0.2283157   -0.2262326
   0.3636567    0.0319649    0.8669859
  -0.6307355   -0.4884855   -0.3327809
  -0.0749466    0.1483259   -0.1737214
   0.0036139    0.4139281   -0.3269074
   0.1103863    0.0169100   -0.5075415
  -0.0171667   -0.0657344   -0.0488356
  -0.0330662   -0.0530077    0.6859168
   0.1131241    0.2815384    0.1826411
   0.0573632    0.0323071    0.0054092
  -0.0029938    0.5948454   -0.5174619
   0.2059285    0.3128234   -0.1366294
   0.1103338   -0.0959809   -0.0298241
   0.1387656   -0.1689249   -0.2031926
  -0.0620752   -0.5470132    0.1102922
  -0.0190562   -0.0679047    0.1365167
  -0.1481525    0.4867414   -0.0582056
  -0.2498046   -0.5667419    0.3543908
   0.1407180   -0.0812576   -0.0563820
   0.3434556   -0.2761918    0.0935814
  -0.4021429   -0.1323106   -0.0871097
  -0.1497491    0.1938120    0.0411191
   0.5164475   -0.1550384    0.4951862
  -0.1815767   -0.1068551   -0.0002868
   0.1436957   -0.1160668   -0.1708882
   0.1341430    0.7435894   -0.2907215
  -0.0497174   -0.5392221   -0.0551433
  -0.1962769   -0.1682780   -0.1688271
   0.2973012   -0.1549578   -0.5945690
   0.2365045   -0.0357830   -0.6425127
  -0.0733943    0.0181756   -0.0231326
  -0.3263735    0.7566940    1.0149337
   0.1296111    0.0567682   -0.5610407
   0.0639588   -0.0441185    0.0728428
  -0.8759035    0.1799653    0.5782856
  -0.5950865   -0.3268574    0.7496220
   0.0288773   -0.0701620    0.0271692
   0.2703886   -0.4897088   -0.5177703
   0.4634369    1.0366184   -0.5169661
  -0.0009976   -0.0109364   -0.0761253
  -0.0167974    0.2821334    0.3522138
   0.3879310    0.4514804    0.3794883
   0.0636633    0.0246951   -0.0966287
  -0.2350468    0.2247995    0.6572376
   0.3885016    0.6204426   -0.6846607
  -0.0415374   -0.0188079   -0.1132035
  -0.3526241    0.6740541   -0.4830652
  -0.6210135   -0.8994875   -0.3940675
  -0.0499033    0.0280738   -0.0946008
   0.1845395    0.4573642    0.4246677
   0.2258808    0.7911986   -0.2615572
  -0.1732599   -0.0847471   -0.0203858
  -0.5173751   -0.2423480    0.0774715
  -0.3417502    0.5819768    0.9067890
  -0.0184543    0.0307608    0.0266365
   0.0987000   -0.5780010   -0.1698966
   0.2630872    0.0984884    0.4178432
   0.1855501   -0.0778335   -0.0519940
   0.2000959    0.3855118    0.3004189
   0.0233950   -1.0745878    0.3655627
  -0.0816993    0.0604964    0.1510170
  -1.0699069    0.5001956    0.2451461
  -0.1482811    0.2786646   -0.2154031
   0.1080207   -0.0145618   -0.2409079
   0.1613060    0.0923972   -0.2339860
   0.5583117    0.2920779    0.6107807
  -0.0199915    0.2328809    0.0312832
  -0.0619839   -0.1347309    0.4638979
   0.5530398    1.2527690    0.1930366
   0.1059405    0.2077790    0.0938647
  -0.8399067   -0.4494373   -0.0623330
   0.2279339    0.7381409    0.5082562
   0.1779847   -0.1362613   -0.0774993
  -0.1936545   -0.0080433   -0.4281332
   0.1178349    0.2923582   -0.1799827
   0.0487052   -0.0202584    0.0080447
  -0.8462365    0.4416142   -0.2084440
   0.4713582    0.0922178    0.7098090
   0.0843983    0.1021364   -0.0477546
   0.1692357   -0.1660898   -0.1521837
  -0.6216914   -0.6792756   -0.4357972
   0.0531539   -0.0642066   -0.0215437
   0.0888172   -0.3888813    0.2384822
  -0.5237120    0.2588311   -0.0993986
   0.0712261    0.0596416   -0.0034732
  -0.6691528   -0.7541079   -0.5275616
  -0.4293970   -0.0389881    0.8226788
  -0.1515256    0.0885381    0.0272616
  -0.4876142    0.1134813    0.5677745
   0.2949973   -0.8383283    0.4599524
  -0.0163461    0.0442782   -0.1423874
  -0.4721440   -0.5651746   -0.4320453
  -0.1941181   -0.1473099   -0.2356577
  -0.0565463    0.0318539    0.0469440
  -0.3563912    0.0440559    0.2154153
   0.3089991    0.3091415   -1.0466657
  -0.1910251   -0.0283473   -0.0652738
  -0.4482502   -0.0092461   -0.0810351
  -0.0903743    0.5264961    0.6169801
   0.0899366   -0.2039923    0.2025293
  -1.1442074   -0.2620031    0.4263542
  -0.4227496    0.0897628   -0.3289923
   0.0708743   -0.1689753   -0.1087107
   0.1068907   -0.0420873   -0.2323234
  -0.3068525    0.1292122   -0.2918549
   0.0426083   -0.0460589    0.0083746
  -0.7172965   -0.6656305    0.1485259
   1.0276017   -0.6038103   -0.0920257
   0.0303988    0.1132784   -0.1617136
   0.1904922   -0.1838577   -0.8212586
  -0.1137749   -0.3160298    0.0459524
  -0.0425879   -0.0824061    0.0405834
  -0.3649788    0.4993296    0.7715799
  -0.9198306   -0.1214452    0.2010623
   0.1589631   -0.1012831   -0.0968460
  -0.6221687   -1.0783409    0.1789657
  -0.5949904    0.4207659   -0.0595418
   0.0857452   -0.1283269   -0.0747213
  -0.0848353   -0.0467322    0.1260054
   0.5063112   -0.1190741    0.8201391
   0.1307133    0.0125421   -0.0610161
  -0.2506866   -0.6637079    0.8416433
  -0.4729538    0.4784637    0.0515659
  -0.2040151   -0.1008060    0.0560014
   0.1758044    0.3450765   -0.3699476
   0.0030513    0.0385364    0.5111111
   0.0098526    0.0081347   -0.1151301
   0.4978020    0.3672884    0.2898475
   0.4123629   -1.1266863    0.0399192
   0.0142373    0.0107930   -0.1094492
   0.0580066    0.1429663    0.3741335
   0.3764488    0.3213639    0.3743573
  -0.0090364   -0.1429481   -0.0129325
   0.8791714    0.0152957    0.6937599
   0.2390196    0.4529040   -0.2813651
   0.2042209   -0.1076639    0.0402606
   0.3664342   -0.5280872    0.2093853
   0.2422270    0.2439704    0.2096253
  -0.0102771    0.2706482    0.0002503
   0.4168425   -0.4389461    0.0119448
  -0.2066762    0.1309208   -0.4121085
  -0.0731099   -0.0020732   -0.0675429
   0.1883514   -0.3355572    0.4738288
  -0.0888540   -0.1530224   -0.2455555
  -0.0289951    0.0046017    0.0046363
  -0.2729394   -0.1404501   -0.6746771
  -0.4957979    0.8759704   -0.0129367
  -0.0608419   -0.0032412    0.0132364
   0.1680323   -0.1235810    0.0903431
   0.1165263    0.1270606   -0.1503668
   0.0681224    0.0461230   -0.1819848
   0.3268387    0.2283645    0.4059148
   0.4052362    0.9001707   -0.0662671
   0.0272014   -0.1401887   -0.1492902
   0.4080852   -0.2020151    0.1450950
   0.1524494    0.0155872    0.4793836
   0.0164789    0.2963621   -0.0739210
   0.2811793   -0.7041019   -0.2471095
   0.2309522    0.7104274   -0.0367363
   0.0296458    0.0170522    0.0434881
  -0.6885466   -0.0225395    0.2837807
  -0.4257306   -0.5703011   -0.4503551
   0.0120103   -0.0364162   -0.0432858
   0.1736679   -0.3954828   -0.2626246
  -0.2175083    0.1756644    0.1322789
  -0.0890716    0.0990637    0.2022233
  -0.5055501    0.3729650   -0.1806801
   0.1521151    0.1809064   -0.1439748
  -0.0390270   -0.0249718   -0.2770298
   0.1418871    0.1369608    0.7306449
  -0.2198773    0.0719342   -0.1882271
   0.1003217   -0.0985665   -0.1488976
  -0.4514872    0.3312981   -0.7246954
   1.1708357   -0.4549803   -0.5106521
  -0.1348387    0.0597682   -0.0186451
  -0.3005373    0.0057947   -0.0686238
   0.3765374    0.1282994    0.0252153
   0.0278900    0.0235343    0.1670590
  -0.2720205    0.8278755    0.4009087
   0.0414945   -0.5410427    0.1362268
   0.0729149    0.1469410   -0.1850297
  -0.1222404   -0.1056897    0.0206009
  -0.2624156    0.3449518   -0.0525531
  -0.0148634   -0.1108603    0.1098476
  -0.1763342    0.0596267    0.3280274
   0.0491227   -0.2872992    1.3743116
   0.0783839    0.0753488    0.0996921
  -0.6711867    0.6599582   -0.3499871
  -1.1927251   -0.8928193    0.0581710
   0.0010298   -0.0472538    0.0140024
   0.1929113    0.5306422    0.2159021
   0.7754894    0.0633942    0.0714677
  -0.1217477   -0.0425403    0.0449819
   0.2979812    0.3997395   -0.5812243
  -0.2608495   -1.0342356   -0.2065396
   0.0682831    0.0687955    0.0275980
   0.8150199   -0.2226433   -0.2388237
   0.0161392    0.7068905    0.2758001
  -0.1305287   -0.3160872    0.0060705
  -0.3405175    0.0746262   -0.1844260
   0.7721662    0.8046253    0.6963953
   0.1051328   -0.1179064    0.0226415
  -0.3914774    0.1470110    0.0646640
  -0.3280570   -0.4350615   -0.0978919
   0.2622720   -0.1275878   -0.1462239
   0.9175405    0.0451889    0.2216960
  -0.5537021    0.1528246    0.9066317
   0.1186233    0.2073047   -0.0046763
  -0.6620379    0.2755028   -0.0993617
   0.5850781    0.3033188    0.2459743
  -0.1863301   -0.0048963   -0.0769859
   0.1031500   -0.1274767    0.0558740
   0.2045713   -0.7027508    0.2206050
   0.1136888    0.0008278    0.1139325
   0.3965184   -0.2932666    0.3606533
  -0.5247949    0.1252493   -0.0925816
  -0.1157656    0.0714459   -0.0055884
   0.3810664    0.3160301   -0.6469944
  -0.1188719    0.4765730   -0.0266873
   0.1965871   -0.1447269   -0.0316780
  -0.6068774    0.5044271   -0.3918549
   0.3634864   -0.3878305    0.3059947
  -0.0492866    0.0865106   -0.0115442
   0.4813693    0.3405810    0.7050132
   0.1361193   -0.6664302    0.3952014
  -0.0146112    0.0612179   -0.1860168
  -0.4149417   -0.4170842   -0.6172648
   1.1227584   -0.4123704    0.0518590
   0.0203861   -0.1765611    0.1046662
   0.2289618   -0.0669617   -0.4901158
  -0.5610148   -0.4963408    0.2206359
   0.0240743    0.2132732    0.0210350
   0.3925087   -0.0538741    0.7438830
  -0.5043175    0.6821193   -0.1526134
  -0.0364775    0.1516275    0.0278264
   0.1156741    0.3745889    0.4959540
  -0.0919612    0.4393619   -0.0206707
   0.1687133   -0.0907455   -0.0363191
  -0.8881380   -0.0524379    0.3025429
  -1.0138361    0.3441078    0.3070463
  -0.0543562    0.0645848   -0.1549314
  -0.0977707    1.0117933   -0.0941666
   0.1350573    0.0798581   -0.0150470
   0.1526657    0.1442846   -0.1519551
  -0.3553741   -0.2572025   -0.2395213
   0.2407298   -0.3248009    0.0974629
  -0.0246153   -0.0827251   -0.0956295
  -0.2603589   -0.3739272   -0.9327599
   0.0661982    0.7795211   -0.4810188
  -0.0168777   -0.0284605   -0.0719267
  -1.1102908   -0.3150876   -0.2711352
  -0.6094184   -0.0782590    0.2643382
   0.1651888   -0.0987598    0.2280684
   0.0093335    0.0570518   -0.1446440
  -0.4153835   -0.4782950   -0.9744893
   0.2269900   -0.0384535    0.0185811
  -0.7574589    0.4648691   -0.3620380
  -0.1761733   -0.5514627    0.0469519
   0.0763118   -0.0799789    0.0619134
   0.2180094   -0.4403962    0.2351205
  -0.6713665    0.3461663   -0.5197071
  -0.0260066    0.1170522   -0.0857935
  -0.0240065   -0.5950668    0.1556919
  -0.5499887   -0.1028154   -0.2970390
  -0.0863856   -0.0465849   -0.0682076
   0.4895093   -0.1508348    0.1202389
   0.2043968    0.5250582   -0.3753131
   0.1774061    0.0364843   -0.0844739
  -0.7692775    0.5524685   -0.5458902
  -0.0580834   -0.1706030   -0.7681022
  -0.1218912   -0.0802740   -0.1327866
   0.3356137   -0.2726566    0.4001958
  -0.1537135   -0.2016308   -0.3542890
  -0.0358907    0.0107698    0.1968462
  -0.1791142   -0.5194150   -0.5374998
  -0.0751123   -0.1526192   -0.1041984
   0.1348129   -0.0507258    0.1563743
  -0.2057085   -0.2791389    0.0027292
  -0.4619411    0.9429026    0.3205934
  -0.0471853    0.1118825    0.1287767
   0.0096140   -0.1389986   -0.4012468
   0.9372806   -0.5713302    0.1275801
  -0.1388329    0.0315291   -0.0166425
   0.1286831   -0.0427617    0.1933601
   0.1603755   -0.0536723   -0.6147877
   0.1930822   -0.0504207   -0.1040074
  -0.0785518    0.2536696    0.0978888
  -0.2251766    0.0725890    0.3791730
   0.0845072   -0.0110776   -0.1174828
  -0.2625309    0.6856681    0.2407785
   0.7989545    0.2052572   -0.2860462
  -0.2394247   -0.1842871    0.1157558
  -0.3202622    0.8731157    0.0415675
   0.0179792    0.1545893   -0.1199152
  -0.1428615    0.1150130    0.1352663
   0.2537051   -0.3042737    1.2191346
  -0.1210974    0.4179412   -0.5386093
  -0.0157380    0.0230701   -0.0552151
  -0.4426968   -0.0179331    0.4773379
  -0.4110991    0.5597011   -0.9875830
   0.0820679    0.0070270    0.0134600
   0.2378725    0.6600870    0.1720479
   0.4012879    0.5579939    0.5078070
   0.0655836   -0.0880099    0.0680164
  -0.0486178   -0.0737805   -0.3890828
   0.2800242    0.5866770    0.1808782
  -0.1053681    0.0330126   -0.2466011
   0.3838872    0.2333461   -0.5012503
  -0.5426077    0.2246239   -0.7490550
   0.0873870   -0.0191168   -0.0512108
   0.7858207   -0.1570659    0.2188096
  -0.1773224   -0.3679565    0.2391812
  -0.0767625    0.1245237    0.0608689
  -0.3212156    0.1211177   -0.4125444
  -0.1354389   -0.0810348    0.3084710
  -0.0411788   -0.0545452    0.0404887
   0.0164124    0.2042059   -0.2175789
   0.3662237   -0.1189294   -0.0651271
   0.1252928    0.0925034   -0.0130133
  -0.0536443    0.5226904    0.1936992
  -0.0450012    0.3352287    0.3102831
  -0.1597861    0.1283125    0.0168574
  -0.2417841   -0.0687067   -0.3292385
  -0.4702812   -0.0438310   -0.3153141
   0.0056612   -0.0380662    0.0633585
   0.3527286    0.4175526   -0.4816270
   0.3977803   -0.8674406    0.1843248
   0.0522691    0.1028417    0.0118813
   0.1518599   -0.1471650   -0.2890543
   0.4282083   -0.4476627   -0.3216640
   0.0844002    0.0855070   -0.0063819
   0.5065571    0.1913004    0.2254456
   0.3232564    0.0001070    0.3509928
  -0.0801487    0.0307841   -0.0345020
   0.1422040    0.5696074    0.7637451
  -0.1417907   -0.1019938    0.4938456
   0.1568393   -0.0494695   -0.0830227
  -0.1680354   -0.2597043   -0.5330414
   0.3359388    0.0348674   -0.0768636
  -0.1510279    0.0237990   -0.2546225
  -0.1913649   -0.1219354    0.2602816
  -0.1942562    0.2448903   -0.1030401
   0.0666964    0.0056563   -0.0255729
   0.0755060    0.0698967   -0.2872001
   0.7290496   -0.6819601    0.1134993
   0.0853839    0.1257104   -0.0499772
   0.0172344   -0.7163597   -0.3813349
   0.1007838    0.2830476   -0.5451522
   0.0108020   -0.0303237   -0.1280801
  -0.3229331   -0.3093158    0.0354674
  -0.6451591    0.4704758    0.2214653
  -0.1668926    0.0309018    0.0542705
  -0.4561930    0.3486925    0.3074300
   0.1847122   -0.2898466    0.3927994
   0.1364647    0.0406999    0.1923126
  -0.1931501   -0.5558066   -0.5297832
  -0.2100702   -0.0179069   -0.1841744
  -0.0696566   -0.1038009    0.1185746
  -0.4041469   -0.6056802   -0.3229820
   0.5153918    0.2977603    0.1309819
  -0.0350390   -0.0307888   -0.0350419
  -0.4120672   -0.0082198    0.3966967
  -0.2434799   -0.0261366    0.6086400
  -0.0247023    0.0700463    0.1434836
  -0.7687357   -0.4121855    0.2549073
   0.2610913    0.1776274   -0.0549434
  -0.0221605   -0.2423141    0.0937158
   0.0048707    0.4378643    0.1730531
  -0.5673115   -0.4202497   -1.0924252
  -0.1910599    0.1686070   -0.0215853
   0.0484851   -0.2511091    0.2966424
  -0.1815554   -0.5908423   -0.0690911
  -0.1035153    0.0445593   -0.2292023
  -0.4472060    0.5752803   -0.0593691
   0.0946581    0.2723501   -0.1748500
  -0.2217747   -0.0489405    0.0408530
   0.3322812    0.3783354    0.1743452
  -0.1657022    0.8283116    0.2047768
   0.0338363    0.0857289    0.2180261
   0.1369951   -0.0307887    0.2495911
  -0.1634143   -0.4669711    0.0282740
  -0.2149037    0.0946860   -0.1966209
   0.1500946   -0.0965174   -0.5079035
   0.6994625    0.4340844   -0.5128356
  -0.0530139    0.0867503   -0.1940271
   0.4955193   -0.0234200   -0.1713441
   0.0801253    0.3913555   -0.4011539
  -0.0577337    0.1728874   -0.0011084
  -0.0506375   -0.0558035    0.9169655
  -0.5550056    0.1835780    0.3333511
  -0.1402898   -0.0844543    0.0868560
  -0.1772180   -0.3871324    0.1989895
   0.2657454   -0.3938254    0.1170992
   0.0495497   -0.0173677    0.0159741
  -0.7045259    0.0599361   -0.4163607
  -0.0064914    0.2518342   -0.3017939
   0.0695711   -0.1387417    0.0853371
   0.2583168   -0.2818750    0.2881710
   0.1361941    0.4689986    0.2055715
   0.1683057   -0.0864904   -0.0380960
   0.3778940    0.0848377    0.2559540
   0.1536493   -0.3502022   -0.1267433
  -0.0113069   -0.0124670   -0.0928934
  -0.3600829    0.2430204    0.6049420
  -0.0967039    0.5508207   -0.0392226
   0.0068070    0.1599358   -0.0089341
   0.3818952    0.4218600   -0.6200197
  -0.7848132   -0.6099433   -0.2672065
  -0.0316057   -0.1436565    0.3034563
   0.1723416   -0.0661658   -0.1903048
   0.1121907    0.2805503   -1.0578446
   0.1415838   -0.1742856   -0.0568894
   0.5651733    0.1335501    0.4130031
   0.0116791   -0.0978692    0.1613127
   0.0788391    0.1256674   -0.0080176
  -0.2502077   -0.2434179   -0.0962059
  -0.3982659   -0.3555720    0.6732314
   0.0677150   -0.0122174   -0.1249319
   0.8267110    0.1649013   -0.5192856
  -0.1544048    0.0712737    0.5332223
   0.0070814    0.0708755    0.0458625
   0.3928084   -0.7308861    0.4630705
  -0.4486016    0.5236304   -0.5120271
  -0.0217568    0.1513881    0.1174813
  -1.5282056   -0.2286567   -0.3490987
  -0.8331771   -0.4688800   -0.1618867
  -0.0117279   -0.0182131   -0.0597834
  -0.1574674   -0.2731968   -0.5049487
  -0.2026649   -0.5761925   -0.2974777
   0.2130212   -0.0315812    0.1057872
  -1.0424423   -0.0498848    0.2160887
   0.0983681   -0.1559330    0.1480414
  -0.1234236   -0.1360265    0.1072514
  -0.0726930    0.1758272   -0.0589012
  -0.1439374    0.0306352    0.5804645
  -0.1044720   -0.1124746   -0.2092329
  -0.2473766    0.5175835    0.0975683
  -0.2029186   -0.4460950    0.1484424
  -0.0659337   -0.1282188   -0.0432170
  -0.0618586    0.2226439   -0.0324006
  -0.1145709    0.1570437    0.1128810
  -0.1030712   -0.0156529   -0.2350201
   0.0477031    0.2208432   -0.9259475
  -0.2854051   -0.1782925    0.8454143
  -0.2642071    0.0084810   -0.1335523
  -0.1859775    0.4983498   -0.7197644
   0.6608201    0.2082416   -0.1526156
  -0.0676030    0.1122519    0.2172052
   0.4064643    0.1049601   -0.4271386
   0.3956009   -0.3769227   -0.3394623
   0.0468474   -0.0742552   -0.0950158
  -0.1785303   -0.1835161    0.5554699
   0.2521146    0.3871853   -0.1233729
   0.2456563    0.0048787   -0.0818613
  -0.4138718    0.3974387    0.9864694
  -0.1651143    0.0940405    0.3549899
   0.1269997   -0.0588289   -0.1659262
  -0.4269126    0.2190447    0.1104967
   0.1924588   -0.5286512   -0.0326344
   0.0534024    0.0286587    0.0651698
   0.5528831    0.2252110    0.1705634
  -0.6491482    0.2823849   -0.4904708
  -0.0951375    0.1008468    0.1241550
   0.7358765   -0.6608568   -0.5026024
  -0.1295866    0.2211912   -0.0113946
  -0.0128083   -0.0118660    0.1468710
  -0.1034146   -1.0165522    0.6518658
  -0.0183687    0.0690258   -0.0409145
   0.0636357    0.1297358    0.0190924
  -0.4923233    0.9652574   -0.8840812
  -0.5612928   -0.0101854   -0.6855065
   0.0582069   -0.1313322   -0.1273655
  -0.2791767    0.7396659    0.0540740
   0.5892223    0.8489013   -0.0863891
   0.1253843    0.0367590   -0.0354333
   0.5012080   -0.8613614   -0.0715273
   0.2231234   -0.0794817   -0.5675258
  -0.0171847    0.2478286   -0.0533628
  -0.0630932    0.6207453   -0.4364056
  -0.0863174   -0.3821808   -0.0711408
   0.1969592   -0.0429423   -0.0238335
  -0.0349688   -0.2066349   -0.1733123
  -0.4984287    0.0024160   -0.1721241
  -0.1857866   -0.0582849    0.1384307
   0.2130958   -0.1899714    0.6951842
  -0.2262428   -0.1913751   -0.2212191
  -0.0712258   -0.0701507    0.0412957
  -0.6749778   -0.4870850    0.2870696
  -0.0190952   -0.2533721   -0.1109635
  -0.1424590    0.0069962    0.1756339
   0.2245262   -0.3638988    0.0804306
   0.2235709    0.2429523    0.5311896
  -0.0540185   -0.0121098   -0.0276655
  -0.2289837    0.5773665   -0.0407606
  -0.2492692    0.4780796   -0.5165814
  -0.0488818    0.1175283   -0.2077607
   0.1003904   -0.3612272    0.2508392
   0.2241399   -0.4304279    0.7379792
  -0.0264781   -0.2321860   -0.0712331
   0.0257964   -0.0543044   -0.6479397
   0.1207995   -0.5079318    0.3503990
   0.1064640    0.1672529   -0.0627237
   0.0719946    0.3263370    0.5923335
  -0.8653653   -0.1645102   -0.7383265
   0.0181539    0.1037214    0.0469352
   0.3085869    0.5911487    0.1906937
   0.2226380    0.0160712   -0.4305974
  -0.1363600    0.0895711   -0.0776381
   0.0015919    0.0851972    0.8062974
   0.5701776   -0.4000666    0.0971187
  -0.0407717   -0.2055997   -0.0328306
   0.3275882    0.0340611    0.8117009
   0.4955546    0.6287395   -0.1850441
   0.2125462   -0.0291609    0.0845765
   0.6540394    0.7230927   -0.3925969
  -0.2563607    0.0945550   -0.5775958
  -0.0609472    0.0035311   -0.0161425
  -1.2532569    0.1114252   -0.1369330
   0.0127090   -0.6698722    0.2234928
  -0.0569756    0.1567719    0.0028776
   0.0504250    0.3266548   -0.1816659
   0.2970538    0.4282509    0.4234559
   0.1242434    0.1318352   -0.0781473
  -0.1638205    0.3732797    0.0621599
   0.4067804    0.1039791   -0.4211940
   0.1575398    0.0099573   -0.0310707
   0.1888426    0.0341185    0.7360922
  -0.5281203   -0.1001084    0.0849651
   0.2318983   -0.1350078   -0.0905539
   0.6050903    0.0944679    0.5984935
   0.4419080    0.2475944   -0.0334306
  -0.2046593    0.0949888    0.0391187
   0.3135280    0.1921833   -0.4751638
  -0.0191975   -0.0387225   -0.5744939
  -0.1697183   -0.0928075    0.1009248
   0.1413468    0.3024220    0.0308008
   0.5138428    0.2363652   -0.0519770
  -0.0211165    0.0164126   -0.0734562
  -0.6564457   -0.2855422   -0.4792598
   0.4411716   -0.0448938    0.3658187
   0.0014730   -0.2228960   -0.1775226
  -0.2388956   -0.4825200    0.3015579
   0.0236709   -0.0069160    0.3523114
  -0.0662899    0.0203744    0.0684561
  -0.5835990    0.3823698   -0.6154836
   0.4377567   -0.1890658    0.6822719
  -0.1495917   -0.0439199    0.0987845
   0.1878574    0.4588930   -0.3671927
   0.2560475   -0.9676298    0.3748133
   0.2783235   -0.0074086   -0.0137747
   0.2012713    0.1013765   -0.3270077
  -0.8236511    0.1280147   -0.6208114
   0.1350601    0.2037381    0.2998478
   0.3855399    0.0683125   -0.7084017
  -0.1470605    0.4718170   -0.1355805
   0.1159376   -0.2724259   -0.1624317
  -0.0894457    0.4794852   -0.0395803
   0.1843876   -0.4674402    0.4591413
  -0.0029520    0.0198336   -0.1707608
  -0.3547734   -0.3882995   -0.1344778
  -0.2816849    0.0861014   -0.6080926
  -0.0352723   -0.0204923   -0.0136183
   0.3578006    0.0385450    0.0935081
   0.4466466    0.2850364   -0.0629152
   0.0632387   -0.1117204    0.0405363
   0.4233478    0.5674955   -0.2027216
   0.0474408   -0.2815709    0.5535532
  -0.1914859   -0.0971417    0.0351221
   0.2128326    0.0673637   -0.5852627
   1.0329801    0.2998786   -0.2261537
   0.0296419   -0.0387490    0.1548696
  -0.2092545   -0.4630903   -0.6063890
   0.0385820    0.1197760    0.0483014
   0.1419367   -0.0343956   -0.0506609
   0.3738891   -0.3298977   -0.1179146
  -0.2416615    0.4003901   -0.0112119
  -0.0574925    0.0862961    0.0214599
  -0.2295260   -0.1041222   -0.6008614
  -0.1238164    0.3043292   -0.3618541
   0.0105308   -0.1519950    0.1975547
   0.1502420    0.3859728   -0.2704152
   0.4113329    0.5908701   -0.5884129
  -0.1458864    0.1509349   -0.1281005
   0.2322656   -0.2290054    0.7519488
  -0.1070267    0.0301372   -0.4356141
  -0.0825683   -0.0231971    0.0468909
  -0.3838319   -0.2154714    0.0207205
  -0.1001495    0.6562825   -0.8067365
  -0.0065267    0.0744320    0.1245864
  -0.8259413   -0.0206925    0.7799328
  -0.0991814    0.4530965   -0.0999214
  -0.0025608    0.0799028    0.1437648
   0.1591297    0.2711779    0.1498329
   0.4464725   -0.3766162   -0.2673813
   0.2550646    0.1669468    0.1252304
   0.3570943    0.4765856   -0.1690601
  -0.4893966   -0.2245364   -1.0762771
   0.2590276   -0.0194577   -0.0435729
  -0.6707686    0.2504673   -0.3893683
   0.5746720   -0.8092628   -0.4506548
  -0.0357415    0.0260411    0.0462697
   0.2039555   -0.4664712    0.1318396
   0.1481181    0.3090449   -0.2489583
   0.0571913   -0.0880803    0.1999014
  -0.2491180   -0.2921109    0.0363464
  -0.0449538    0.2985409   -0.1501236
  -0.0475937   -0.0206679   -0.0972706
  -0.9180800    0.4393551    0.1709009
  -0.0790048   -0.0916394   -0.5682033
   0.0272171    0.0501202   -0.0701357
  -0.3992767   -0.0425723   -0.1865089
  -0.0173752    0.3415219    0.6068609
  -0.0671541    0.0362551   -0.0136077
  -0.2739294    0.1397222   -0.6334630
  -0.4961095   -0.6635362    0.3074631
  -0.0632585    0.0735031   -0.2338095
   0.0136730    0.1485745    0.8374433
  -0.0038187   -0.4937948    0.1836367
  -0.2149855    0.1442252    0.1272016
  -0.0702803    0.4936486    0.1895908
   0.8748316   -0.5475836    0.2672660
   0.0210869    0.0911164    0.0146126
  -0.2015685    0.8981047    0.2911839
  -0.1492954   -0.1602595    0.7304565
  -0.1150190   -0.0136920   -0.1589911
  -0.8687605   -0.2594096    0.2297040
  -0.0212764   -0.0281988   -0.4744571
   0.1155726    0.2034788   -0.0809056
  -0.1599627    0.0381206   -0.0789114
  -0.0157698   -0.4323127    0.0583280
   0.0190121   -0.0155961    0.1768989
  -0.5214782    0.1030172   -0.2593448
  -0.1400764    0.5547611    0.6039942
   0.0031624   -0.1115439   -0.0572341
   0.3368300   -0.7306444    0.1017776
   0.1534635    0.6203334    0.2139168
   0.0950743   -0.1886192    0.0002867
  -0.3496605   -0.3396153    0.1217724
   0.2515079   -0.2842773    0.3282605
  -0.0259124   -0.1394439   -0.0844346
  -0.5524428    0.0781538   -0.0527347
  -0.1503319   -0.1630076   -0.6571141
   0.0175058    0.0169129    0.0970295
   0.3098716    0.2620761    0.0172790
  -0.4249367    0.1267488    0.1599679
   0.1863320    0.2199966    0.1521780
  -0.5950705    0.0263704   -0.2392561
  -0.5590634   -0.2657353    0.4506150
   0.1169363   -0.2745721   -0.0347274
  -0.5001842   -0.5215700    0.1019340
   0.4056596    0.4588457    0.3989121
  -0.0225317   -0.0307536    0.0229352
  -0.4476187    0.5757956    0.2703813
   0.6209285    0.1968291   -0.0978567
  -0.0542533   -0.0833876   -0.0202607
   0.1884544   -0.0232617    0.6959639
  -0.0433036    0.0003767    0.1687230
  -0.0955343   -0.0063310    0.1159211
  -0.1380836    0.5994676    0.4441440
  -0.3297934   -0.3055831    0.0787258
  -0.1497843   -0.0856640   -0.1127450
   0.3419769    0.4737846    0.0854306
   0.1722386   -0.1833725   -0.4771469
  -0.1081572    0.0063564    0.1934292
   0.4019835    0.8008760   -0.8300536
  -0.3246873    0.1370561   -0.0356600
   0.0210357    0.0190559    0.0688557
  -0.1264545    1.0033267   -0.5021471
   0.0444083    0.1620687   -0.4056914
  -0.0488017   -0.0508014    0.0030604
  -0.0778624    0.0004550    0.3137003
   0.2768097    0.2416385   -0.0736799
   0.1110500    0.1104972   -0.0629073
   0.3323415   -0.2285415    0.4241236
   0.6565163    0.2388986    0.2034829
  -0.0155594   -0.0465486   -0.1240151
  -0.4270156   -0.1095725   -0.7748327
  -0.0281197   -0.0227397   -0.4428694
   0.0027657    0.0066963   -0.0099691
  -0.4211367   -0.3523026   -0.1379916
   0.7179120   -0.2194083    0.2765973
   0.1253574    0.0342849   -0.1030095
   0.3425778   -0.2809844    0.2884919
  -0.1086739   -0.2535475   -0.5572223
   0.0606059    0.0002133   -0.0909687
   0.2240006    0.0371111    0.1857977
  -0.2365428   -0.2232508   -0.6452273
   0.1106886   -0.0714661   -0.0933404
  -0.4883713    0.4953735    0.0560364
   0.4695486   -0.3440331    0.1337103
  -0.1369728   -0.1276935    0.2514928
   0.6192539   -0.0665003   -0.6336111
   0.3572332   -0.7491004    1.1832013
   0.0627927    0.0964559   -0.0440076
  -0.6539757    0.3409951   -0.1346333
  -0.2378046   -0.2298218    0.1069989
   0.0866940    0.0029259   -0.0034812
  -0.7130811   -0.2153428    0.0808691
   1.3469197    0.3494598   -0.8597030
   0.0719331    0.0082828    0.2277026
   0.1267112   -0.1127419    0.4587383
   0.3637807   -0.4719585   -0.4529584
   0.0273440    0.0695493   -0.0286538
   0.0374897    0.0739807    0.2659656
   0.8470702   -0.2167819   -0.0448786
   0.0143193   -0.0371284    0.0331791
  -0.2568811   -0.6346540    0.2637187
  -0.6583480    0.0336845   -0.2992121
   0.0670680   -0.0030367    0.0491005
   0.1840345    0.1170096   -0.7043434
  -0.1596842   -0.7662401   -0.3721030
  -0.0759008    0.0268793   -0.0348763
  -0.3475414    0.1157365   -0.3151548
   0.2341318   -0.3667985    0.6665477
  -0.0781150   -0.0075548   -0.0790016
   0.1448586   -0.2017410    0.5538538
  -0.3238560    0.2639096    0.0898096
   0.1896316    0.0028983    0.0427243
  -0.3505857    0.0218345   -0.2911897
  -0.6210822    0.0602321   -0.1619591
  -0.0245050    0.1833972   -0.1399193
  -0.2591738   -0.4924149    0.2742112
   0.0753535    0.3820718    0.2042156
  -0.0995459   -0.1192077    0.0255811
   0.4723406    0.0907965   -0.3575949
  -0.1258735   -0.4793590   -0.3860666
  -0.0299036    0.0957674    0.0083348
   0.0112420    0.7089677    0.8947408
  -0.4545324   -0.0368988    0.0988184
   0.0165376    0.0761428    0.0056746
   0.6699472   -0.1856618   -0.4190533
  -0.1984480    0.4369995    0.7173194
   0.1462714    0.0066491   -0.0703757
   0.2511923   -0.4227686   -0.1224895
   0.3225088    0.0598165    0.0726768
  -0.0955669    0.0945745    0.1249737
   0.7126954   -1.2347995    0.3331772
  -0.2183193    0.1318299    0.0199586
   0.0266716   -0.0482410    0.0815906
  -0.2043774    0.3931701    0.2578393
  -0.3051504    0.0062808    0.3962117
   0.0710063    0.2042386    0.1152048
   0.4816111    0.2040689    0.1949883
   0.2294296   -0.2472412    0.1172275
   0.1263586    0.0602295    0.0184869
  -0.3951785    0.1250671    0.0272811
  -0.4508715   -0.0334501   -0.0424287
  -0.0183337   -0.0417306   -0.2048988
  -0.7195948   -0.2158457   -0.1999314
  -0.5576945   -0.4074399   -0.1804558
   0.0164195   -0.1949045   -0.0993815
   0.0219697    0.0260620   -0.4693424
   0.4369238    0.0020608    0.4182237
   0.1563061    0.0038050   -0.1151566
   0.1965056    0.2779882   -0.3282930
  -0.0611224   -0.2798306    0.5222653
  -0.0330352   -0.1591391    0.1236110
   0.1693042    0.0622032    0.2567560
   0.4838615   -0.0572662   -0.4498819
   0.0471193   -0.1067229   -0.0783630
   0.0197106   -0.1736456    0.1862232
   0.3801296    0.1306418    0.2820612
  -0.0399665   -0.0764855   -0.0705221
   0.3989702    0.8858038   -0.6780105
  -0.2759713   -0.5589262   -0.2022865
  -0.1177683    0.0608748    0.0548487
  -0.6769279   -0.7695866   -0.5430836
  -0.1440248    0.2082260    0.3321421
  -0.0187128    0.1568302    0.0058018
  -0.5216288   -0.3352486   -0.4476914
  -0.2931691   -0.0363302   -0.6999986
   0.0200269    0.2028832    0.0264808
   0.4555011   -0.0385316   -0.1207578
  -0.5969440    0.3650830   -0.3960956
  -0.1069390   -0.0252149   -0.0860121
   0.2623807    1.0365969    0.1320101
  -0.2534530    0.4324327   -0.3361580
   0.0748914    0.0137380    0.0884013
  -0.4777777   -0.0062609   -0.3867739
  -0.1103084    0.5280858   -0.0708390
  -0.1209296    0.1385658    0.0796250
   0.4594317   -0.6400514   -0.1011671
  -0.2591329   -0.1458205    0.5290121
   0.1199460    0.0832081   -0.2072325
  -0.0921576    0.5168935   -0.5293521
   0.0924788    0.5914348    0.0176615
   0.0337065   -0.0222042   -0.0366684
  -0.3549087    0.0560888   -0.1172890
  -0.3535126    0.1537436    0.5394781
  -0.1080517   -0.0728285    0.0025153
  -0.2701966    0.0038768   -0.6882113
  -0.4619744   -0.1378048    0.1977292
  -0.1389433   -0.0679060    0.0653241
   0.6448087   -0.3706219   -0.1112161
  -0.1116028    0.2984193    0.5809361
   0.0498167   -0.0555200   -0.0143159
  -0.1969131    0.1223113    0.5153368
   0.0608253    0.1544804   -0.0621230
   0.1323422   -0.0651070   -0.0777313
   0.1217116   -0.3034354    0.0856497
   0.7809952   -0.3425421    0.2677996
  -0.0641653    0.0534487    0.0301863
   0.0572341   -0.1206194   -0.0356267
   0.1755836   -0.2271252    0.8165463
   0.1610465   -0.2108401   -0.0319490
   0.3289302    0.6122891    0.2297869
  -0.3817828   -1.1043923   -0.8164083
  -0.0069821    0.0090933   -0.0715419
   1.2880877   -0.8241168   -0.2327053
  -0.4908913    0.5157792   -0.1473045
  -0.0663275   -0.0753112    0.0410980
  -0.2968226    0.6612447   -0.6031299
   0.3491001   -0.0821639   -0.3905979
   0.1315975    0.3485558    0.0666902
  -0.0145682   -0.0024590   -0.0907560
  -0.0350681    0.2978871    0.1280742
   0.0499426    0.1360145    0.1053527
   0.2694390   -0.0166863    1.0280046
   0.3484301    0.3774270   -0.1412447
  -0.0083405    0.0389049    0.2272502
   0.5829155   -0.1874609    0.3922062
   0.1126762   -0.1779679   -0.2464636
   0.0195541   -0.0033601    0.1871010
  -0.5198042    0.6890240   -0.6028481
   0.1020805    0.6704107   -0.3796327
  -0.2700318   -0.0641037   -0.0436929
   0.3183967    0.1645576   -0.4421031
  -0.2724593   -0.0886802   -0.5343668
  -0.1394204   -0.1475297    0.0430046
  -0.6449344    0.5700797    0.1441663
   0.0895421    1.3945377    0.2202996
   0.0947701    0.1219985    0.2420462
   0.9902148   -0.0234242   -0.4021666
   0.7788128    0.0636699   -0.1626048
  -0.0640183   -0.1339367   -0.0829258
  -0.7900727   -0.3700863   -0.2327468
  -0.2228727    0.4594600   -0.3781838
   0.0545948    0.1034302    0.1789935
  -0.2098048   -0.2459708   -0.2448926
  -0.1629974    0.8988002   -0.3102352
  -0.0225781   -0.0255231   -0.1137084
  -0.1441987    0.2990899    0.6249020
   0.0533674   -0.5165344   -0.4047166
  -0.0554923   -0.0289668   -0.0979828
  -0.3734196    0.1147406    0.0427169
  -0.4341196    0.0143114    0.7674986
  -0.0958973   -0.0317428   -0.0398496
   0.2746177   -0.1898278   -0.1780680
   0.1579684   -0.5050676    0.4549308
   0.0700882    0.0547679    0.1185568
  -0.4981430   -0.2470196   -0.3038808
   0.4485592    0.3316641   -0.4991997
   0.1456226   -0.0431032   -0.0807042
  -0.0453305   -0.2084559   -0.0270289
   0.0471831    0.3413295   -0.5151898
   0.0556989    0.2041773   -0.0968854
   0.3162748   -0.0408769    0.3662309
   0.0594355    0.5223265    0.3566148
   0.0418810    0.0593208   -0.1753091
  -0.7191991   -0.3281101   -0.2158641
  -0.1244476    0.0052514    0.5914680
  -0.0599876    0.0165516    0.0003563
   0.6953034   -0.1825745    0.3731993
   0.2913521   -0.3476828    0.0123432
   0.0696103    0.1394137    0.0398364
   0.0116875    0.0676487    0.2119016
   0.8774471    0.2779607   -0.4177805
  -0.0412153    0.1711026   -0.1209254
  -0.2349589   -0.0307299    0.4807271
   0.5695276   -0.2801233    0.0714684
   0.2017762   -0.1887683    0.2138512
  -0.2454984   -0.4594337    0.3500604
  -0.4047203    0.6771597    0.1481082
  -0.1693347   -0.0433066   -0.0263763
  -0.2601105    0.6508153   -0.6991464
  -0.2581206    0.6887577    0.3045156
  -0.0368530    0.1192786   -0.1360380
   0.4496613    0.2597249   -0.2753298
   0.5164439    0.3920124   -0.0489470
   0.0166048    0.1997295    0.0200931
   0.1491542   -0.1977115   -0.4195975
   0.0324148   -0.7203429   -0.0830068
   0.0256931    0.0756431   -0.1319839
   0.3032926   -0.4299636    0.5968741
  -0.2234129   -0.2881190    0.6603622
   0.0092540   -0.0391110   -0.0849196
  -0.2973473   -0.4840731   -0.3252157
   0.2007052    0.2814941    0.0436110
   0.0668800   -0.1369056   -0.2923997
   0.2939788   -0.1502398    0.0237772
  -0.4004862   -0.1948620    0.3032999
  -0.1777458   -0.0011020   -0.0271045
  -0.1879578   -0.1721722    0.3517972
  -0.2945599   -0.1733285   -0.0286836
  -0.0472490   -0.1997358    0.0022452
  -0.0108879    0.1281244    0.2547853
   0.3730720    0.0574078    0.0322350
  -0.2024715    0.0669909    0.1161913
   0.7147743   -0.2761666    0.5302789
   0.3098023    0.0257341   -0.6209903
  -0.2296849   -0.0836574   -0.0531051
   0.1493310    0.1201697    0.9284131
   0.4174741    0.2290393    0.1354702
  -0.0645315   -0.1772582    0.1127244
   0.4841374    0.1791474   -0.7842982
   0.6895295   -0.0687655    0.5143445
   0.0355652    0.1161250   -0.0202058
   0.5850816    0.5544583   -0.1949987
  -0.2483852   -0.2578762   -0.6322326
  -0.2725681   -0.0195099   -0.2417684
  -0.1959596    0.5294840   -0.2522527
  -0.0388855    0.8013989    0.1536583
  -0.1999338    0.1408519   -0.1208360
  -0.6986051    0.0819098    0.1652357
   0.0851992   -0.4159938   -0.1032459
  -0.1473345   -0.0547445   -0.1060593
  -0.1828289   -0.7354352   -0.4973685
  -0.5767952   -0.3225745    0.6638542
  -0.0592299   -0.0402489   -0.0784286
  -0.0891305    0.4016650   -0.3247635
  -0.5103362   -0.2200884   -0.1562164
  -0.0674365    0.0501371   -0.0064245
  -0.3196183    0.1185532   -0.2371178
  -0.4667914   -0.0524507   -0.7003848
   0.0992954    0.0960794    0.1487141
  -0.7334816   -0.3787116   -0.2754268
   0.2395407    0.1925866   -0.4465070
  -0.1408742    0.0321032    0.1173120
   0.6220383   -0.2310469    0.4638475
  -0.3131795   -0.0184061   -0.1087870
  -0.0216058   -0.1938568   -0.1717921
   0.3268348    0.0769482   -0.6768004
  -0.8283759   -0.5841818    0.2621583
  -0.0076428    0.0309469    0.0436238
  -0.0792878    0.2226194   -0.0928858
   0.2553832    0.0273102   -0.0733632
  -0.1951546    0.1711800   -0.0576236
   0.1403523    0.4214972    0.1636889
  -0.4626188    0.2551646   -0.2282577
  -0.1134208    0.1834739    0.1864716
  -0.2485172    0.4373305    0.4710463
  -0.0340516    0.5130774   -0.1370133
   0.0130461   -0.1024074   -0.0291358
  -0.2672489    0.4841729   -0.0213415
   0.9581255   -0.5737845    0.1831491
  -0.0585105   -0.0553623    0.1777022
  -0.0540398    0.4847254   -0.3756748
  -0.6078124   -0.3923865    0.5009284
  -0.1217735   -0.1027169    0.2533447
  -0.4784124   -0.2233427   -0.2500789
  -0.0248533   -0.3171989    0.4980953
   0.1139118    0.0483073   -0.0076428
  -0.6666497    0.1146026   -0.2519082
  -0.0164023   -1.0305539   -0.4545031
  -0.0280373   -0.0640803    0.0039295
  -0.6165519    0.2525320    0.5325004
  -0.2849399    0.0042458   -0.1724211
  -0.0788542   -0.0423551    0.2555516
  -0.1203800    0.8094482   -0.2375331
  -0.0907575    0.2352928   -0.2743527
  -0.0050461   -0.1918331   -0.1126499
  -1.0039935    0.0256269   -0.1141249
  -0.5946707   -0.1529697    0.2216844
   0.0969418    0.0105693   -0.0443328
   0.0738483    0.6040217   -0.1639437
   0.1241688   -0.6649078   -0.1224293
  -0.0615958   -0.0855672    0.1777688
   0.1918807    0.3908728   -0.1350916
   0.1839850    0.3523858   -0.1039904
   0.0780934    0.0754679   -0.0251716
   0.5030322   -0.2789217    0.7820619
   0.1491032   -0.5325316   -0.3378080
  -0.1258674   -0.0990307    0.0789567
   0.0399314   -0.3395424    0.1731410
  -0.4226496   -0.0001514    0.0619953
  -0.1951622   -0.0064449   -0.0352788
  -0.0273672    0.4160649   -0.9081769
  -0.9411842   -0.2947784    0.0785822
  -0.1591592   -0.0270885   -0.1019615
  -0.3021442    0.4629640   -0.4734923
   0.4594250   -0.0900329    0.1628905
   0.0322488    0.0791302   -0.0634398
  -0.2272948    0.1687061   -1.0944345
  -0.5855395    0.3231414   -0.0548370
  -0.0930453   -0.1040727    0.0100038
   0.2586386   -0.2816510    0.4211334
   0.2278199   -0.2717640    0.1427068
   0.0065819   -0.2495911   -0.1666203
  -0.0771066    0.3427834   -0.3151747
   0.4789768   -0.2129589    0.4422509
   0.1441988   -0.0814461   -0.0362940
  -0.3395166   -0.2116421   -0.1684748
   0.4095404   -0.7279944    0.1899647
  -0.0157672    0.1146345   -0.1354795
   0.5655431   -0.1367612   -0.2915764
   0.0918708   -0.4482682    0.7937624
  -0.0409779    0.0826633    0.0145505
   0.0667733    0.1055559    0.3238972
   0.0215708    0.4801978   -0.7506383
   0.1245266    0.0625212    0.1820867
   1.0222445    0.4326836    0.5604519
  -0.7895979    0.7093934    0.9168419
   0.0901785   -0.0169634    0.0204195
  -0.5450603    0.0781373    0.3973894
   0.0806905   -0.1064475    0.0061740
   0.0336324    0.2272945   -0.0131546
   0.0622077   -0.0496334    0.5604423
   0.3024845   -0.2720060   -0.0916261
  -0.1561224    0.2137364   -0.0764287
   0.6465450   -0.2678146   -1.3205012
   0.3008530   -0.2539416    0.1956297
   0.0190080   -0.0425566    0.1879197
   0.2931170    0.1060670   -0.4260077
  -0.1234457    0.1787686    0.0423603
  -0.0156170   -0.0849378    0.1488751
   0.2190141    0.1479490   -0.7834131
   0.1529286   -0.4244309    0.2837758
   0.0945086    0.0045184    0.0667588
   0.4719640    0.0169471   -0.2890567
   0.7914475    0.3987137    0.4514699
  -0.1023543   -0.1307930    0.0387513
   0.0334226    0.3461121    0.4535182
  -0.3157458    0.5514665   -0.6050102
  -0.0550080    0.2159255   -0.0511932
  -0.2168830   -0.1675360    0.2956352
   0.2796099    0.1415369   -0.3585769
  -0.0660891   -0.1125363   -0.0088478
   0.2071267    0.5268926    0.3767532
   0.8152663    0.4164101   -0.0603015
   0.0523518   -0.0629432    0.0370004
   1.5901759   -0.9206878   -0.2653983
  -0.3363370    0.0549702    0.3463956
   0.0504062   -0.0272143   -0.0002014
   0.3463887   -0.2676163   -0.3849683
  -0.4253439    0.4556522   -0.7453426
   0.1456097   -0.0781414   -0.0122537
   0.5412069   -0.3805028    0.1660045
   0.3067887    0.2630402    1.0268904
  -0.0377048   -0.1910061   -0.1784120
   0.3798812   -0.2326561    0.0081955
   0.5403476   -0.6918306   -0.2137448
   0.0915752   -0.2184245   -0.1573364
  -0.5938012    0.5132813    0.3751514
   0.6284435   -1.0955628    0.0122950
   0.0067410    0.1832633    0.0239864
  -0.5672841    1.0720820    0.6325866
  -0.2835353    0.3411135   -0.0452201
   0.0360998    0.0460180    0.0312389
   0.4138673   -0.2252453   -0.3051812
   0.4137326   -0.6451643   -0.2956395
  -0.0491118   -0.0169905   -0.1730855
  -0.4383129   -0.0175404    0.1695506
   0.7306983    0.0154383    0.3898949
  -0.0152139    0.0330588   -0.1283027
  -0.7754714   -0.3293708    0.4615779
  -0.4542683    0.4848822    0.1117250
   0.0496892    0.0862694   -0.1468966
  -0.5423871   -0.3250180   -0.7342608
   0.0139399    0.5348738   -0.3479253
   0.0965520   -0.0185748   -0.0604243
  -0.0713893    0.3247865    0.0106124
  -0.8395328   -0.3349557    0.2326925
  -0.1100874   -0.0983405   -0.1325801
   0.1253269    0.4012358   -0.1603023
   0.0476795   -0.2607053    0.2850610
  -0.0184870   -0.0152513    0.0532083
  -0.2178636   -0.1462441    0.5502830
  -0.1717211    0.1263727    0.0276025
   0.0937773    0.1078884    0.0609049
  -0.1031671    0.6899434   -0.0815458
  -0.3876286    0.0743629    0.2984739
   0.0680342   -0.0633596   -0.1105200
   0.3791529    0.1100879    0.9039744
  -0.4208553   -0.3596579   -0.1004919
  -0.1323860    0.1103219    0.0235058
  -0.2314354   -0.5321416    0.1904182
  -0.3226811   -0.2089045    0.8446658
  -0.1343300   -0.0410918    0.0631096
   0.3001640    0.1817535   -0.1685652
  -0.0125333   -0.0805995   -0.5073326
  -0.1602247   -0.1856393    0.1412393
   0.3203823   -0.0966442    0.1376534
   0.4625036   -0.1195895   -0.5456359
   0.0678164    0.0336113   -0.0136158
  -0.7190871    0.0913656    0.5926833
   0.3605520    0.3584572    0.5303699
   0.0694135   -0.0734846    0.0340954
  -0.4010705    0.6872551   -0.1459064
  -0.0495240   -0.5228741    0.5015893
  -0.0721656   -0.0785143   -0.0439468
   0.4566117    1.0497432   -0.4087470
  -0.5891088   -0.3442878   -0.2915266
   0.0086970    0.0179605   -0.1769027
   0.3467971   -0.0712502   -0.4268776
   0.1890037    0.0559860    0.3579836
  -0.0085870    0.0659964    0.1518561
   0.4719527   -0.7453917   -0.1906101
   0.2807322    0.5489308   -0.0916475
  -0.0864591    0.0695607   -0.1234462
   0.8311679   -0.5279188    0.0809890
  -0.0581499    0.3063231   -0.5494044
   0.0182517    0.1791154    0.1167326
   0.0039210   -0.5324260   -0.1043374
   1.0678872    0.2152689    0.5325617
   0.0885978    0.0226847    0.2681364
  -0.3754051   -0.1305953    0.0663116
  -0.4294026    0.5401775   -0.0100184
  -0.0001999   -0.0247946    0.0957905
   0.7751216   -0.0651472    0.3859745
   0.4470113   -0.1822223    0.2362234
  -0.1048622   -0.1402258   -0.0019535
   0.1125262   -0.2970102    0.1405581
  -0.1120399   -0.5717426    0.5704943
   0.1420716    0.0660710   -0.0442944
  -0.8314793    0.2492037   -0.4413308
  -0.0137006   -0.3304901    0.2155234
   0.0366431   -0.0670878   -0.0914069
  -0.3524498   -0.4597374   -0.1809198
  -0.5156622    0.6785737   -0.1351427
  -0.0584975   -0.1977851    0.1312015
  -0.2579903   -0.8480024    0.1831006
  -0.2439348   -0.0865416   -0.2515433
  -0.0161695    0.0141050   -0.0469682
   0.2913671    0.5137080   -0.0547596
  -1.1444241   -0.2941112   -0.6940908
  -0.1473869    0.0041322    0.0202696
  -0.5754054   -0.2532808    0.7900934
   0.0254138    0.2558444   -0.9507775
   0.2497143   -0.1267827   -0.0304729
   0.5466621   -0.2860652   -0.3691341
   0.5044736    0.4358890    0.4246573
  -0.0269126    0.0550086    0.0338106
  -0.4030742   -0.2874384   -0.1177084
  -0.2324116    0.0898928    0.0398935
   0.0614060    0.0702669    0.0908495
  -0.9798743   -0.0156949   -0.0140450
  -0.4090872   -0.2516409    0.4389141
   0.2389421    0.0812569    0.0359774
   0.0816682    0.0315025   -0.2153701
   0.1071671   -0.9096484    0.1012947
   0.0277682   -0.2965862   -0.0346176
  -0.1850193    0.6473463    0.0673074
  -0.1175098   -0.4748203    0.7629107
  -0.0820931   -0.1688732    0.1098600
  -0.2978199   -0.3868450   -0.0338573
  -0.2548348   -0.1092721    0.4377629
  -0.1879365    0.0051471    0.2053034
   0.0709588    0.7549053   -0.9612171
   0.3252274    0.0089877   -0.2664057
   0.1306876    0.0498136    0.0993476
   0.4183337    0.3240909    0.2257740
  -0.3201573   -0.3638079   -0.1431980
   0.0543686    0.1074305    0.0080008
   1.1894721    0.6962491    0.0959968
   0.1046407   -0.6944982    0.0585114
   0.0041315    0.0606812    0.0493574
  -0.5728388   -0.1304918   -0.2228021
  -0.6078310   -0.3089485    0.0346737
   0.0503486   -0.1320352    0.0257185
   0.0308364   -0.1174553   -0.2943301
   0.2611342   -0.5739892    0.1527855
   0.0450284    0.1095783   -0.1035075
  -0.1995343   -0.0346441   -0.0977059
  -0.4930881   -0.7961699   -0.5985191
   0.0188537    0.0721844   -0.2372459
   0.0288119   -0.1101200    0.3354645
   0.5328411   -0.1103990    0.7542198
   0.1005430   -0.0450063    0.0294694
   0.5402089   -0.5189697   -0.2943664
   0.0836903   -0.0749293   -0.2393187
  -0.1095771    0.0490152   -0.1174054
   0.1117171    0.0819717    0.0751571
   0.2288736    0.1918726   -0.3548344
   0.1766346    0.1547789   -0.0446502
   0.0002841    1.0713900    0.3720634
  -1.1361659   -0.5075049    0.6206053
  -0.0260359   -0.2138836    0.0344036
   0.2648594   -0.1726304    0.5820453
  -0.1537805    0.7049248   -0.0892540
  -0.0277951    0.0506701    0.0149365
   0.1129500    0.0398485   -0.0264955
   0.1521745    0.2208655   -0.0338440
   0.0825011    0.0895307   -0.1672851
  -0.0224318    0.4567114    0.8819734
  -0.4788867    0.0007575    0.6023905
  -0.2039097    0.0990442   -0.0920519
   0.5107965    0.1245130   -0.9631314
   0.4692461    0.0196268    0.7030827
  -0.0021677    0.1511807    0.0478744
   0.1707237    0.4906974    0.3092822
   0.3576078   -0.3615381   -0.1622557
   0.1216191   -0.1121584    0.0887867
  -0.4201475   -0.1717326    0.3041517
  -0.0236159   -0.0584846    0.3969277
   0.1279408   -0.0333785   -0.0410397
   0.1288377   -0.2738852   -0.5167413
  -0.2772146   -0.0014640   -0.0856913
  -0.0440031   -0.0440095    0.0681085
  -0.9515277    0.1363829    0.2773089
   0.7156280    0.5941241    0.3593444
   0.1691083   -0.2053571   -0.1061803
  -0.8764442   -0.3708643   -0.4723805
   0.4243423    0.7829466    0.5061732
   0.1907432    0.1410451    0.1635352
  -0.1304611    0.4850512   -0.6044523
  -0.8662871   -0.3451332    0.2372794
  -0.0620687    0.0413609   -0.0639547
  -0.5754575   -0.2922128   -0.2321186
   0.2166518    0.2770370   -0.4847655
  -0.1536642    0.1452177    0.0033551
  -0.5984502    0.6132023   -0.0347833
   0.4001434    0.2278230   -0.6658212
   0.0810057    0.0329159    0.0034335
   0.1546727   -0.9737335    0.4388339
  -0.0811823   -0.4176611   -0.1438746
  -0.0436549    0.1104529    0.1672828
   0.1444139    0.1804170    0.4744523
   0.8235936    0.2163686    0.4329140
  -0.0471915    0.3050387    0.1502959
   0.0451762   -0.5248537   -0.9636502
  -0.0123933    0.3199354   -0.1688097
   0.1116775   -0.0788711    0.2882488
  -0.8850796   -0.3639490    0.0000147
  -0.1424788   -0.0385879   -0.0587070
  -0.0348347    0.2064594    0.0694056
  -0.0843408   -0.2976521    0.2078469
   0.5262688   -0.0728503    0.6431085
   0.1823251    0.1961025    0.1248936
   0.3481257    0.6544515   -0.0220191
  -0.8159664    0.2031388   -0.0173975
   0.0907858   -0.1477232    0.1737068
   0.3871241    0.3511989    0.2196990
   0.6829789    0.2322271    0.2958547
   0.0906556    0.3721015   -0.1299961
  -0.7142606    0.5474544   -0.0668013
   0.2644043   -0.0593498   -0.0493627
   0.0447123    0.0053765   -0.0170517
  -0.0988699   -0.0095708   -0.0754476
   0.5366535    0.5832148    0.4728993
   0.1044353    0.0436311   -0.2697981
   0.0780761    0.6621741   -0.2272668
   0.1109462   -0.7137828    0.0889075
  -0.0195266   -0.0395175    0.0764129
   1.0719352   -0.3188767    0.3856751
  -0.2528975    0.0403512    0.0058385
  -0.1717946    0.2052579   -0.1001333
   0.3873606   -0.0376513   -0.3392317
  -0.4434741   -0.1128095   -0.0545168
   0.0916289   -0.0370137    0.0316646
   0.1298792   -0.6438873    0.4452310
  -0.2490702   -0.0994116    0.6160847
  -0.0223694   -0.0667474    0.0119539
  -0.6341337   -0.1073801    0.0815405
   0.2808407    0.1269362    0.5297643
   0.0691660    0.0941449    0.0489640
  -0.8423635    0.2044631   -0.0709205
   0.1985394   -0.0942006    0.0574095
  -0.0351151   -0.1830155    0.0033139
   0.6288099   -0.0954612   -0.3929912
   0.1589096    0.1295758    0.2126356
  -0.2558027    0.0492954   -0.0210673
   0.1816612   -0.2909228   -0.4493401
  -0.3858919   -0.2133996    1.0832208
  -0.1265896   -0.1118735    0.0056536
   0.6664627   -0.8797514    0.2127848
  -0.6116890    0.1015837   -0.1287983
   0.1130141   -0.0599278    0.1544244
  -0.6263018    0.5513063   -0.5499362
   0.0971716   -0.4629759   -0.9759758
   0.1322424    0.1231924    0.1331852
   0.6716505   -0.1865195   -0.3350249
   0.3637457    0.7306660    0.3656228
  -0.0363677   -0.1136814    0.0318221
  -0.2304265    0.0318678    0.6777819
   0.3606899    0.4433440   -0.0223889
   0.0714146   -0.2589841   -0.0650384
   0.1767209   -0.1286947    0.3806941
   0.1158544   -0.2405169    0.4171028
  -0.1573911    0.0118927    0.0125925
  -0.1000265    0.1850757   -0.8603162
  -0.2844511    0.2417021    0.6651225
   0.0701587   -0.0861800    0.0772221
   0.7727699   -0.6679091   -0.4338548
   0.4937402    0.2695624   -0.1645706
   0.0214766   -0.0443346    0.1157949
   0.1771196    0.0814742    0.1794618
   0.0981378   -0.1158602   -0.7746338
   0.0177705    0.0020565   -0.0506831
  -0.4589664   -0.2455450    0.2821772
   0.3349180    0.3579799    0.1044502
   0.1697796    0.1512340    0.0027643
  -0.0378106    0.2306029    0.4017741
  -0.3560195   -0.7636344    0.3632149
   0.0612775    0.0098893    0.0359504
  -0.7005178   -0.0210419    0.0219685
   0.5585444    0.1716103   -0.2090352
  -0.1138152    0.0284331   -0.1344766
  -0.0258020    0.1763340    0.2454554
  -0.4150017   -0.3600177    0.0597232
   0.0292232   -0.0518202    0.0758295
   0.1349389   -0.1942395   -0.0410623
   0.1125371   -0.0771163    0.2917664
   0.1568550    0.0640393    0.0044528
   0.0742081    0.0229982    0.5144097
   0.4272813   -0.1633509    0.0282670
   0.0260859    0.0742619    0.0360635
   0.7223246    0.9957041    0.1824584
  -0.6048084   -0.0538379    0.3094088
   0.0016751   -0.0845940   -0.0310581
   0.0444171   -0.0296857   -0.0246251
   0.5156609    0.2526153   -0.7035077
  -0.0768160    0.1311708    0.0010559
  -0.2426520   -0.4325520   -0.0344070
  -0.3697123   -0.8242450   -0.4839475
  -0.0467983    0.0768537   -0.0102672
  -0.0927371   -0.0883843   -0.7891134
  -0.1968079    0.9486453   -0.3782963
   0.1099600   -0.0496116   -0.0749307
  -0.1109835    0.4769220   -0.7850806
  -0.0316881   -0.9869890    0.0863759
  -0.1278433    0.2969452    0.0398166
  -0.2639294    0.3577073    0.3263504
   0.1373197    0.7887436   -0.2383794
  -0.3057394   -0.0183760    0.1329744
  -0.3964037   -0.5020342    0.1923216
  -0.0060194   -0.9770172    0.0469656
   0.0215049   -0.0688887    0.0413114
  -0.4520498   -0.4922810   -0.6247773
   0.2141780   -0.5813535   -0.3598827
   0.2407064   -0.0014688   -0.0912622
  -0.0286672    0.2685714    0.3044977
   0.3789395    0.5867888   -0.2042896
  -0.1382822   -0.0554627   -0.0968067
  -0.8105587   -0.3093285   -0.0848209
   0.1369411    0.5054669    0.2159598
  -0.0266056    0.0359258    0.0770446
   0.1855965    0.0564962   -0.0242520
  -0.3834672   -0.2279228    0.1680891
   0.0183762    0.0585360    0.0343683
   0.1603861   -0.1689984    0.3882839
   0.6122115    0.2959072    0.3242943
  -0.0396943    0.0565024    0.0343508
   0.4420329    0.7246675    0.2908021
  -0.0239958    0.3658951    0.9424533
  -0.0187398    0.0841922    0.0207107
   0.2588988   -0.2514678   -0.7261055
   0.1391580   -1.3053343    0.1608939
  -0.0015381   -0.2054370    0.2011245
   0.1836585    0.7032982    0.5103047
  -0.4004500   -0.8505509    0.0675502
   0.0291548    0.2689374    0.1914691
   1.3188624    0.5093551    0.4451244
   0.4262514   -0.8082887    0.0313039
  -0.1852501   -0.0494264   -0.1351482
   0.1337974   -0.1025972    0.6162598
  -0.6453621   -0.7178844    0.0169052
   0.1217107   -0.0821664    0.0776761
  -0.6021472   -0.1743551   -0.3991318
  -0.4157655    0.1609133    0.6537418
   0.1104610   -0.0741474    0.0634601
  -0.4715465   -0.0946466    0.1781262
  -0.6705353   -0.1053444   -0.0302329
  -0.0637339    0.0951914   -0.0040872
   0.4713586   -0.1040405    0.5456971
   0.2285949    0.3174793    0.8192796
  -0.0103716    0.0355998    0.0201372
  -0.5043113   -0.0515343   -0.3622868
   0.7739673   -0.7781265   -0.2332254
  -0.1114293   -0.0767092   -0.0158171
  -0.0239545    0.2913194    0.4603916
   0.1968518    0.2801999   -0.7200842
  -0.1499045   -0.1967154   -0.1443576
   0.0546369   -0.5027227    0.9141015
  -0.4673433    0.7345724    0.4558736
  -0.0782713    0.0150925    0.1873520
   0.9030715   -0.3061717   -0.6983747
  -0.4785225   -0.0896977   -0.5280193
   0.0423832   -0.0302453   -0.0130051
   0.4371842    1.1093602   -0.4773308
  -0.4717428   -0.0308976    0.4685948
   0.1440640   -0.0964052    0.0015135
  -0.4620350   -0.3686102   -0.7812181
  -0.1064373    0.4835282   -0.6452730
  -0.0206512    0.0099836    0.1966193
   0.3980568   -0.3467458    0.1749822
   0.3080167   -0.0816746    0.3503498
  -0.0203787   -0.1143923    0.0790209
   0.3453872   -0.2682967   -0.2074050
  -0.0131998   -0.3178767   -0.3331712
   0.0550631    0.1635716    0.1795752
  -0.5006546   -0.6435982   -0.3060483
  -0.4781633    0.5450759   -0.2620565
  -0.0055242   -0.0830196    0.0990201
  -0.5036248    0.1269827   -0.9645196
   0.2621302    0.3800339    0.0924137
  -0.0525765    0.1669025   -0.1626178
  -0.1785455    0.2579420    0.6320294
  -0.4716057   -0.3203327    0.0067239
  -0.0230322    0.0458196   -0.1327755
  -0.7874292   -0.5658949   -0.5360045
   0.3332427    0.9421547   -0.1571489
  -0.1196815    0.1759543    0.0798393
   0.2463287    0.0641238    0.5230224
   0.2412421   -0.2331436   -0.2734570
   0.0051395   -0.0578380    0.1553916
   0.0001582   -0.5467135   -0.4652261
   0.0260964   -0.3616376    0.3161345
  -0.1657152    0.1045118    0.1467572
  -0.0647113   -1.4876077   -0.6712999
  -0.1836406   -0.2048863    0.2331186
  -0.0971194   -0.2348292    0.0338551
   0.7732893   -0.0846490   -0.7371514
  -0.8238543    0.3309484    0.2310862
  -0.0676531    0.1105970   -0.2049595
  -0.3008071   -1.1594253    0.1143133
  -0.5015112   -0.1791034   -0.7040403
  -0.0760176   -0.0868238    0.1729196
   0.1004227   -0.1720119    0.4176448
  -0.1910273   -0.1117800    0.3756149
  -0.0211111   -0.0787224   -0.1077957
  -0.0050601   -0.0603819   -0.4452018
   0.7204815    0.0643839    0.0830419
  -0.1941449    0.1370747    0.1529131
   0.3908498   -0.0118019    0.2891972
  -0.8210857    0.1250590   -0.6860346
  -0.1114569    0.0458355   -0.0392911
  -0.3864832    0.5028429   -0.4206968
  -0.1374733   -0.2354240   -0.0770646
  -0.0576645   -0.0369445    0.0432404
   0.2516637    0.5094750   -0.5785954
  -0.1639102    0.5308844    0.0416438
  -0.1546570    0.0139443   -0.0914147
   0.2911841   -0.5745972    0.5614401
   0.5141643   -0.1153745    0.5935897
  -0.0866967    0.0600326    0.0151774
   0.1276494    0.3629963   -0.3548331
  -0.6561561    0.3663871   -0.2172254
  -0.1317431   -0.0454735    0.2007197
  -0.0222572   -0.4490988    0.6260859
  -0.6188950    0.6166254    0.0038913
  -0.0779647    0.1854984   -0.1108507
   0.9438115   -0.6405676   -0.3272404
  -0.8893281    0.3085913    0.2874185
   0.0574312   -0.0807564   -0.1217634
   0.2957726    0.1972185    0.7682806
  -0.4109916   -0.0146663   -0.5085468
  -0.0381283   -0.0620782    0.0203341
   0.9174022   -0.1015957   -0.7859628
   0.6145527    0.1384667   -0.0084910
   0.0710039   -0.1629293    0.0845249
   0.1006027    0.2443096    0.3795002
   0.1815544   -0.7666975   -0.5101567
  -0.1546279   -0.1305996   -0.2418224
  -0.1143386   -0.1068209    0.3773155
  -0.9603760    0.4364380    1.0909312
   0.1988441    0.2620120   -0.0364190
  -0.0169146    0.2591831    0.0774568
  -0.3578953   -0.1523697   -0.4145858
  -0.2031669   -0.0098836   -0.0804429
   0.5880084    0.2065990    0.7728451
   0.1951140    0.6798787    0.5282640
  -0.0178512   -0.0408538    0.1466351
   0.0599460    0.6803944    0.0649834
  -0.0970599    0.4015521    0.4433748
  -0.0520831   -0.1848631   -0.0786402
  -0.1507999   -0.6479578    0.3754185
  -0.2608674    0.1341947    0.4899213
  -0.3181061    0.0969639    0.0186394
  -0.4722345    0.0706179    0.3509420
  -0.4756000   -0.1153389    0.7681476
  -0.1165880   -0.2869083    0.0546367
  -0.4341526    0.3125461   -0.8622033
  -0.5464001    1.0260648   -0.9634069
   0.0211723    0.1340894   -0.1149513
  -0.0457734   -0.3456259   -0.0222790
  -0.1287667   -0.2976223   -0.1378368
  -0.0797449   -0.1007740    0.0901438
   0.3000103    0.7903192    0.6489606
  -0.0180281    0.8383716   -0.2987834
  -0.0853260   -0.0390697    0.0897964
  -0.1024602    0.6403838    0.4021033
   0.9637222   -0.6765098   -0.0332028
   0.0246130    0.0195426    0.1242635
  -0.3271597    0.3953735   -0.8648420
  -0.1271768   -0.0905676    0.6806878
   0.1181054   -0.0546159    0.1008783
   0.3305526   -0.1547523   -0.3069329
   0.1912554    0.4023477   -0.0390089
  -0.1828771    0.0129927    0.2007496
  -0.1862912    0.6821405   -0.1994562
   0.1817445    1.0998930    0.2617245
  -0.0347311   -0.0732366   -0.2144399
  -0.0820673   -0.0680193    0.3150215
   0.3719544    0.1024408   -0.8609802
   0.0710535    0.0005728   -0.1020446
   0.4737466    0.1583891    0.2233767
  -0.3118927   -0.3789351   -1.0960035
  -0.1661710   -0.0581272    0.0129064
   0.6330807    0.0133067   -0.7846012
  -0.3704588    0.6590170    0.4205260
  -0.1300275    0.0299205    0.0099717
  -0.1168347   -0.2575721   -0.0800535
  -0.0571099   -0.6354952   -0.2023948
  -0.0356601   -0.0886800    0.0288963
  -0.8148423    0.7678390    0.1864719
  -0.4824149   -0.1633537   -0.2325196
  -0.0012640   -0.0303178    0.0412872
   0.0857244    0.4012708   -0.2117167
  -0.4987133   -0.2839164    0.4306250
   0.0543596   -0.2346517   -0.0876594
   0.0750818   -0.1414908    0.0570793
  -0.0420235   -0.4355316   -0.1465226
   0.0313576    0.0140757    0.0091359
  -0.0324276    0.6560856    0.9063777
  -0.1241076   -0.5368268    0.7596964
  -0.0124302    0.0234770   -0.0848004
   0.2890965   -0.6405628   -0.8289883
   0.2557258   -0.4848144   -0.3148389
  -0.1639568    0.0519528    0.1015521
  -0.8373984   -0.8317075   -0.8540270
  -0.8734025    0.1765111   -0.5572717
  -0.0520795   -0.1100318    0.1046665
  -0.1658128   -0.4652851    0.3759256
  -0.1580846    0.3913949   -0.5011451
  -0.0367028    0.1281101   -0.0665531
  -0.1226875    0.4060668    0.3129831
  -0.4127827   -0.3223673    0.7836121
   0.0816995   -0.1241960    0.0177178
  -0.6535639    0.6763765   -0.7288048
   0.5666364    0.7208021   -0.3858347
  -0.1785816   -0.1151170    0.0096363
   0.2762356    0.4946598   -0.2926897
   0.4314106   -0.1730206    0.5038283
  -0.0418278   -0.0118050   -0.0844449
   0.1459211    0.1066117   -0.0452688
  -0.1087916    0.0359636    0.2931104
  -0.1560273   -0.1642491   -0.0219467
   0.4957848    0.5097147    0.0573540
   0.3163187   -0.6139302    0.2238746
  -0.0346834   -0.0115013   -0.2007987
   0.5662371    0.1076941   -0.1250098
   0.0574101   -0.2342269    0.1187971
   0.1489863   -0.1136802    0.1531011
  -0.5607736   -1.1152987    0.3214751
  -0.3846979    0.1351278    0.1045145
   0.0550118   -0.1607073   -0.0909006
   0.7027456   -0.0329340    0.2077095
  -0.5949711    0.5828235   -0.3323043
  -0.1169149   -0.1669350    0.0072174
  -0.3621026    0.8696424   -0.2127267
   0.8250911   -0.1540100    0.1458283
  -0.0455548   -0.0100170   -0.0998349
  -0.5337050   -0.9998509    0.0096512
   0.1436407   -0.0989029   -0.0645451
   0.1666140    0.1173105    0.0601248
  -0.2094611   -0.2050948   -0.8965071
  -0.3279575   -0.3050182   -0.1294246
  -0.1516457    0.0344421    0.1463320
  -0.1327967    0.0075718   -0.0078205
   0.4519311   -0.2371779    0.2232319
   0.1298016   -0.0125031    0.0627300
   0.4700944   -0.2059044   -1.0990553
  -0.5457184   -0.4627015   -0.1149993
  -0.0141066   -0.0077855    0.0756076
   0.1904624   -0.0935964   -0.4657879
   0.1580549    0.7819852    0.2599417
   0.0510109   -0.0612008    0.0809994
   0.0758726    0.1343036   -0.4571153
  -0.5579570   -0.2783302    0.8404470
  -0.1859204   -0.1421185    0.1454137
   0.6161760    0.5684916   -0.3209615
   0.3229238   -0.1137123   -0.1643294
   0.1021617   -0.0896920    0.1792556
   0.4853840   -0.2746626    0.1544896
  -0.0381178    0.4674580   -0.7312852
   0.2398584    0.1928120    0.0355922
   0.4500561   -0.1780418   -0.1939541
   0.4379877   -0.1435316    0.2485984
   0.0090500    0.0842048    0.0019295
  -0.2294336   -0.4833546   -0.2950800
   0.3015687    0.7146186    0.1947482
  -0.1705862   -0.0905774    0.1952966
   0.4272808    0.4394916    0.5924895
   0.1478632    0.1718869    0.3132194
   0.1014100    0.0818976   -0.0379163
  -0.6135684   -0.2553204    0.0808940
  -0.4025308   -0.8531799   -0.1119617
   0.0354645   -0.1014606    0.0945327
  -0.0076861    0.0230140   -0.0438163
   0.5209959    0.3530760   -0.5600280
   0.1201329    0.0224651   -0.0462273
  -0.2940750   -0.2842583    0.3482964
  -0.3776836   -0.3199475    0.8713326
  -0.0126305   -0.0060684    0.0266706
   0.4339209   -0.1897621   -0.3507712
  -0.3855522    0.0509593    0.1615518
   0.0843129   -0.0633023   -0.0260976
  -0.2366237    0.2314184   -0.5990413
   0.9108980    0.1364243    0.3659406
  -0.1459540   -0.1151246    0.0274082
  -0.3663715   -0.2624342   -0.3244868
   0.6600815    0.2213056    1.1976174
   0.1653858    0.0411053    0.0944721
  -0.5068018   -0.2727888   -0.8464645
  -0.3173966   -0.5709143   -0.1903324
   0.0474854   -0.0534777    0.0236567
   0.3443594    0.3205850    0.5168465
  -0.5925277   -0.0905433   -0.1632542
  -0.1289563    0.0955068    0.0136408
  -0.5307782    0.2116434    0.6718180
   0.3271190    0.5742349    0.2575629
  -0.1633424   -0.0459638   -0.1197064
  -0.3282004   -0.4053860    0.0927575
  -0.0489499   -0.8556712    0.5017880
   0.2325707    0.1568087    0.1130623
  -1.6316150    0.3838921    0.2281410
  -0.2250066   -1.2207248   -0.1338555
   0.0383384   -0.0162779   -0.0668176
   0.5408894   -0.0256622    0.2840495
  -0.1294211   -0.0866422   -0.1731010
  -0.1394277    0.1211294    0.1866692
  -0.6255428   -0.1821608   -0.1069126
  -0.7402754   -1.1156079   -0.1572281
   0.0267313    0.1561995    0.1772984
  -0.1104053    0.1591997    0.0527742
   0.3675511   -0.5585120   -0.3133493
  -0.0126551   -0.0555717   -0.0461585
   0.5142662   -0.7492299   -0.1069980
  -0.1512267    0.4955971    1.0329659
  -0.0985836    0.1307537    0.0481422
  -0.1243965   -1.2036698   -0.2421278
   0.2246207   -0.9341406    0.4565299
  -0.1116668    0.0184372    0.0876500
  -0.2774794    0.7009045    0.3550744
  -0.0573437   -1.0335234    0.8382904
  -0.1512669   -0.0660308   -0.0411336
   0.3996047    0.4221578    0.0095594
   0.0608217    0.6271468    0.3944953
  -0.0347473   -0.0610942   -0.0196588
  -0.0693015    0.4126050    0.6413870
  -0.2955445   -0.8183569    0.3029051
  -0.0600059    0.0347814   -0.2267013
   0.0213191    0.0211666   -0.1556962
  -0.5583889   -0.1780774    0.7919022
  -0.1396667    0.0246154    0.0534297
   0.9260251   -0.6268438    0.5254005
   0.4102898    0.0809374    0.0290082
   0.0089698    0.0898423   -0.1052954
  -0.1489688    0.0015963   -0.7316328
   0.0943826   -0.8276840   -0.3443279
   0.0251510    0.1307600   -0.3128928
   0.7510614    0.2668526    0.3536817
   0.3832002   -0.2514459    0.0398895
  -0.0134464   -0.0080466    0.1361162
  -0.0924700    0.5180541    0.5070419
   0.1850609   -0.5616031    0.6465670
   0.0391596   -0.0940918    0.1324816
   0.5575144   -0.1759298   -0.7011082
   0.1380762   -0.1057251    0.6425352
  -0.1376926   -0.0957221   -0.0033223
  -0.2343996    0.2205063   -0.3427611
   0.0160707   -0.4730708   -0.6390043
  -0.1146745   -0.0564401    0.0026898
   0.2532983    0.0045561   -0.0981069
   0.1882360   -0.1856185   -0.3114828
   0.1038999    0.1085939   -0.0430522
  -0.1294538   -0.3050862    0.6761605
   0.1565780    0.1976317   -0.6754251
   0.1304083    0.0316407   -0.0229843
   0.0470080    0.2832965   -0.1359164
   0.4964967   -0.2202619   -0.3486448
   0.0548129   -0.1396554    0.0438102
   0.0368739   -0.1521151    0.2673119
  -0.6328604    0.4470966   -0.1146787
   0.1004063    0.0867562    0.0486638
  -0.2275112    0.3948857    0.1645539
   0.6360388   -0.3821732    0.4259243
  -0.1913718   -0.2186481   -0.1756577
   0.1365580    0.4288805    0.1203477
  -0.1180064   -0.1098409   -0.2927679
  -0.0571859    0.0232238    0.0053536
   0.0852975    0.0888174    0.6471322
   0.3249117   -0.2793782    0.5800232
  -0.2324625    0.2327986   -0.1481745
  -0.0838656   -0.6167502   -0.1994506
  -0.3908933    0.3921991   -0.4197205
   0.2140581   -0.1755644    0.0428016
  -0.1412571    0.2098042    0.1854532
   0.1128703   -0.3071036    0.2508135
   0.0433379   -0.1024099   -0.0958651
  -0.0049606   -0.5949605    0.2877566
  -0.0776979   -0.3413628   -0.1850002
   0.0988892    0.1080258   -0.2081654
   0.2316527    0.0213442   -0.1352948
   0.2829602    0.2892082   -0.2777113
  -0.1150745    0.0852189    0.0203310
  -0.7454688   -0.0867810   -0.0752600
  -1.0384039   -0.2138946    0.4954419
  -0.1061598    0.1007842    0.0648857
   0.5018426    0.3840512   -0.3983317
  -0.2440068    0.2480356    0.4978109
   0.0946328    0.0914674   -0.0090916
   0.2700004    0.4473448    0.4944813
   0.5742903   -0.1823060   -0.0037299
  -0.0333878   -0.0205205    0.0937763
  -0.1773068   -0.0159358    0.6013524
  -0.5060371    0.3189932   -0.2141833
   0.0610028    0.3720008    0.0911464
   0.0502891    0.0243710   -0.3757062
  -0.2475100   -0.5416808   -0.0271565
   0.1783710    0.0735127   -0.0700492
   0.4973080    0.2588389    0.4890225
   0.0673363    0.7191862    0.3297400
   0.0929404   -0.1248896   -0.1093326
  -0.5285456   -0.2787820   -0.0746707
  -0.4155075    0.0234948   -0.4680987
  -0.1682607   -0.0345207   -0.1559043
  -0.0856395   -0.4091714    0.8337858
  -0.3765644   -0.3898490    0.0109075
  -0.2115785   -0.0408955    0.0916796
   0.0655999    0.3428997   -0.3274633
   0.1221294   -0.3583810   -0.3789843
  -0.1581762   -0.0712507    0.0733200
   0.1681781    0.0822079    0.1844516
   0.4290716   -0.3903744    0.2198684
   0.0202753    0.1301424    0.0486576
  -0.8820381    0.1740186    0.3834653
   0.3836338   -0.0246661   -1.0663491
  -0.0305461   -0.0711132    0.0647520
  -0.1219379    0.1288033   -0.3087567
  -0.6254100   -0.2160037    1.0741247
  -0.0446486    0.1199284    0.0787823
  -0.0965157    0.4170536   -0.5006914
   0.3924330    0.2174158   -0.3686326
   0.0015657    0.0217981   -0.1114147
   0.0807715    0.3847021   -0.0878365
   0.3947881    0.0433826   -0.6292177
   0.1714330    0.0256764   -0.0546527
   0.0707780    0.2819643    0.3866180
   0.1221800    0.1785095   -0.1405165
  -0.2190356    0.0383871   -0.1472657
   0.1260664   -0.2887096   -0.2731580
   0.2982469    0.3810072   -0.5812865
  -0.1539616    0.0373929    0.0573898
   0.4118224   -0.6205487    0.2611408
   0.2868882    1.3856829   -0.0160478
  -0.0700446   -0.2434456   -0.0419569
   0.5532684    0.7187551    0.7952189
   0.4299177    0.1270765    0.0130564
  -0.0959331   -0.2062965   -0.0954190
   0.1821275    0.1604762   -0.0656700
  -0.0134440   -0.1352480    0.8066933
  -0.1421088   -0.1681764   -0.0885970
   0.2608119   -0.2646529   -0.0866494
   0.2991948    0.3705365    0.0617930
   0.0204595    0.0572598   -0.0313470
  -0.0161047    0.5622076   -0.9691037
  -0.2121982   -0.5076848    0.0705013
   0.0023713    0.0543606   -0.0129218
   0.9036869   -0.4618934   -0.0273816
   0.1512182    0.1813493   -0.1203752
  -0.1184748   -0.1069051    0.1375534
   0.1055855    0.5175720   -0.2832149
   0.5130955   -0.0936755    0.6349779
   0.1115114   -0.1259778   -0.0386644
  -0.2093705   -0.0037928    0.2728874
  -0.2948994    0.3063017   -0.7346039
   0.0821913    0.1626525   -0.0179734
   0.0328149    1.1278781   -0.0681215
   0.2287027    0.7966257   -0.0434422
  -0.2223390   -0.0271604    0.0700493
  -0.4006600    0.4631908    0.0005599
  -0.1862106   -0.0634985    0.1634190
  -0.0679388   -0.1783450   -0.0956424
   0.0121254   -0.2256506    0.6488771
   0.1109855    0.6355124    0.2581034
  -0.0631764    0.1565208   -0.2396141
   0.2748712    0.3932492   -0.3458014
   0.2572561    0.2213808    0.2960066
  -0.0924787    0.0809861    0.0588183
  -1.2915493   -0.0242255    0.1977085
  -0.5060883   -0.5669532   -0.2146513
   0.2585042   -0.0134518    0.2085236
   0.6396056    0.4696765   -0.1985581
   0.3679451    0.1990603   -0.9875299
   0.0220100   -0.0598964   -0.1123795
  -0.1520427    0.2630895   -0.2529417
  -0.5146406   -0.2784612   -0.0782904
   0.1006118   -0.0875793    0.0477757
   0.1635518    0.4708429   -0.0230031
   0.5101643    0.1275736   -0.7308956
   0.2036277   -0.0197715    0.1099741
  -0.2765157    0.6399124    0.4150115
   0.1598924    0.4252050   -0.0126105
  -0.0345336    0.0206133   -0.0092597
  -0.3822091   -0.2415362    0.1662225
   0.4318123    0.8224908    0.4577318
  -0.1076782   -0.1446984   -0.0497150
  -0.4804999    0.3890073    0.0672606
   0.1391789    0.2505658   -0.2792696
  -0.0121323    0.0155804   -0.0843070
   0.3992774   -0.0284688   -0.4631941
   0.2781973    0.3240144   -1.0637983
  -0.0370369   -0.0927123   -0.0412948
   0.0747091   -0.1743152   -0.0459680
   0.6324076    0.9172591   -0.5461615
   0.0419574   -0.0892653    0.1269993
   0.0900822   -0.0306066    0.2408822
   0.4266550    0.2225976   -0.0921238
  -0.0669171   -0.0453367    0.3059358
  -0.2535709   -0.4893397    0.3721251
   0.1703372    0.0926339   -0.5529695
   0.0745342    0.1098243    0.2328634
   0.0778198    0.2913323    0.1751424
  -0.0898247    0.4577374   -0.4237022
   0.0591763   -0.0228929   -0.0117301
  -0.3733221    0.0958746    0.0302570
   0.8718362   -0.2353045    0.4666688
  -0.1322706   -0.0596034   -0.0000737
   0.7693750   -0.4040866   -0.1536922
  -0.3822493   -0.2241130    0.0206543
  -0.1411095    0.0715441    0.0290610
   0.2181379    0.0027589    0.5604104
   0.2361787    0.6020849    0.6141927
   0.1621026    0.1071364    0.0927022
  -1.5120645    0.2075187   -0.8202721
  -0.4086109    0.3281852   -0.7300625
   0.0800215    0.1138554   -0.0263317
   0.0441499    0.3487565    0.0617698
   0.4796741   -0.3989495   -0.5455025
   0.1523621    0.1811727   -0.0913552
  -0.1346005   -0.2598029    0.1283635
   0.5139818   -0.3595620    0.1394818
  -0.0897258    0.0256433    0.0397519
  -0.0729643   -0.1232146    0.1732192
   0.1014134    0.1231262   -0.2953632
   0.0621952   -0.1925477   -0.1923078
   0.3507222    0.2536063   -0.0383285
  -0.4648015    0.0216817    0.1799522
   0.0657234   -0.0019471   -0.1241392
  -0.1414583    0.4227715   -0.2071805
   0.9670798    0.5417462   -0.4538764
  -0.0509672    0.1089090    0.0288280
  -0.5796520   -0.7123197    0.4007452
  -0.2453920   -0.2224142   -0.2221593
   0.2150648   -0.1960992   -0.1502941
  -0.1787397    0.2048722    0.0543725
  -0.0614864   -0.0432576    0.2105730
   0.0149514   -0.0602049   -0.2216903
  -0.5380103    0.2898043   -0.4026124
  -0.2546118    1.4326487    0.0123337
  -0.0438130    0.2977976    0.1076712
   0.1202961    0.1688421   -0.0221286
  -0.3559217   -0.7269337    0.1064430
   0.0788866    0.1045044   -0.1160488
   0.2201617    0.4818200   -0.1630179
  -0.5199963    0.2435880    0.0115108
   0.0725114    0.0339853   -0.0790317
   1.0624741   -0.2740022    0.3385318
   1.0368013   -0.0559124    0.3093882
  -0.1145063    0.1193230   -0.0825470
   0.3149981    0.2159628    0.4607861
  -0.0843829   -0.1368998   -0.7368391
  -0.0793512    0.0384586   -0.0199999
   0.0874566    0.2567980    0.0094344
   0.2104148    0.2561457   -0.4189141
  -0.1074742   -0.0456066    0.0682856
   0.2718817   -0.2971981   -0.3669147
  -0.1588007   -0.0880910   -0.0287428
  -0.0121309   -0.1066637    0.0290763
   0.1950165   -0.0401408   -0.9308965
  -0.3577091    0.1471710   -0.7689295
  -0.0159069   -0.2989316    0.1168123
   0.2977696   -0.0308943    0.1060390
   0.6203488   -0.4729452    0.8264669
   0.1566011    0.0229537    0.0107497
  -0.7392311   -0.5765019   -0.3547758
  -0.7378840    0.8177558   -0.5743179
  -0.0437447    0.0609312   -0.0307283
  -0.1978419    0.0313168    0.5963564
  -0.3557533    0.4039004   -0.0864487
   0.0993903    0.1585579    0.0600063
  -0.5082648   -0.1613880   -0.0769501
   0.0186295    0.6793463   -0.6319075
   0.0875235   -0.0832264    0.0336498
  -0.7263759   -0.2513584   -0.6613685
   0.2856895    0.1806966    0.0243729
   0.0618322    0.0406935    0.0381311
   0.4547341   -0.4909283    0.1439411
   0.7808394    0.0393782   -0.4898933
   0.0140505    0.0512714    0.1096734
   0.4088761    0.0733127    0.1904751
   0.5478683   -0.2572205    0.5322705
  -0.0864556    0.0347955   -0.0962939
   0.5794142   -0.5397807    0.3859529
   0.1453763   -0.3677676    0.0799826
  -0.0393504   -0.2199264    0.1930358
   0.1490425    0.3518257    0.1771587
   0.8599979    0.2423589    0.3026725
   0.0255552   -0.0844144   -0.1009761
  -0.4786481   -0.2381216    0.0771616
   0.1581061   -0.1508200    0.0075966
  -0.0062938   -0.1719895    0.1109094
   0.2781996    0.2550088   -0.4445786
  -0.2683279    0.0861563    0.8442781
  -0.0631846    0.0091995    0.0157580
  -0.3393963   -0.3745951    0.3653030
  -0.1244794    0.2743304   -0.2252177
  -0.0099077   -0.0399912    0.0877179
  -0.1147983   -0.0848143    0.2900247
  -0.7490900    0.1643315    0.3870664
   0.0089807   -0.0946991   -0.1267748
  -0.0249647   -0.2456923    0.0570262
  -0.0181778    0.2918784    1.0477328
   0.0129966    0.2093702   -0.2528670
   0.0957817    0.2575068   -0.1264485
  -0.1674144    0.3701203    0.0485861
   0.0863974    0.0518081   -0.1582868
  -0.1998389    0.2686592   -0.8458349
  -0.4649920   -0.2914836   -0.2712404
  -0.1987545    0.0634084   -0.1730797
  -0.5044423   -0.2794536    0.2013593
   0.2241193    0.2009405   -0.7111934
  -0.1016411    0.0609176   -0.1085422
  -0.0704209    0.2279742   -0.5840795
   0.7919219   -0.3693016    0.7709501
  -0.1201061    0.0731405    0.0356814
   0.4473432   -0.4002865    0.2818437
   0.2664386    0.0455242   -0.3291816
  -0.0121335    0.1686025   -0.0281119
   0.4112124    0.0791496   -0.0653993
  -0.2248233    0.3119650   -0.1935904
  -0.0607596    0.1216656   -0.0364102
  -0.0231232   -0.7744856   -0.5886058
   0.6204517    0.7259312    0.6127102
   0.1007340   -0.0519012    0.0839215
  -0.1654847    0.0377053   -0.2520877
  -0.1750265   -0.4063730   -0.2703131
   0.0495001    0.0132351   -0.1506784
  -0.9506537    0.3799911   -0.2200380
   0.3937083   -0.8037803    0.2738924
   0.0466172   -0.0967933   -0.1469901
   0.3486521   -0.3652503    0.0970559
  -0.0983591   -0.5633650    0.2208835
  -0.2411384   -0.1610240    0.0662858
   0.3041909    0.2163076    0.1321857
  -0.1791115    0.0695583    0.2232549
   0.0140698   -0.0115854    0.0196999
  -0.2877064   -0.9776105   -0.3817568
   0.2236692    0.3938368   -0.3352842
   0.1824946   -0.0824407    0.0224200
   0.6546808    0.0081055    0.1289971
  -0.0297336    1.0332142    0.2921272
  -0.0539781    0.0862432   -0.0109496
  -0.1916366   -0.4803849   -0.2300159
   0.2974837    0.0627522    0.6864495
  -0.1507922   -0.0579215   -0.0511975
   0.0375927    0.0328676    0.4645001
  -0.4576615    0.4799493    0.0570679
   0.0687618   -0.0171893    0.0364119
  -0.1272803    0.1284032    0.2843432
  -0.6996936   -0.1368282    0.2335277
  -0.1850524    0.0350892   -0.0127693
  -0.3218266    0.9414871   -0.3825997
  -0.2963055    0.6669734   -0.3485900
  -0.0372802    0.1702802    0.1223413
  -0.0878660    0.1814917   -0.0903014
   0.6578256    0.4418536    0.0164838
   0.1282010    0.0413656    0.2762947
  -0.0533373   -0.8355366    0.6950479
  -0.4560565   -0.0871611    0.1913593
   0.1369561    0.2402515   -0.0686838
   0.1676418    0.0505221   -0.3487333
   0.6155995   -0.4992662   -0.4901672
  -0.1772224    0.0022014    0.0419943
   0.0519902    0.2635387   -0.2831807
  -0.3438452    0.4860000   -0.3982654
  -0.0079883   -0.0279387    0.0974935
   1.1483070   -0.4687036    0.0989034
  -0.6084625   -0.0227423   -0.4637547
  -0.2724268   -0.0163957    0.1551498
   0.3725962   -0.3318451   -0.3600999
  -0.7425172   -1.1371436   -0.9979489
  -0.2150551    0.1284554   -0.0108186
  -0.4221780   -0.1472367   -0.3312944
  -0.1179900   -0.0763206   -0.1660347
  -0.0628326   -0.0351355   -0.1869161
  -0.0310463    0.2886343   -0.3601000
   0.0586419   -0.1691635    0.9861309
  -0.1018136   -0.0674219    0.0396146
  -0.2353702   -0.3451362   -0.4895220
  -0.0518999    0.1571647   -0.5179713
  -0.0851308    0.1071498   -0.0417824
  -0.3015202    0.2771451   -1.2636023
   0.0976646   -0.4437885    0.0856588
  -0.0044354   -0.0108610    0.1324231
  -0.0862387    0.6199294   -0.4499076
   0.3135782   -0.3839039   -0.5070011
  -0.2021081    0.2127141    0.0663110
   0.7092498   -0.4836638   -0.0828909
  -0.1418760   -0.0475891   -0.1259235
  -0.0581621    0.0950367   -0.1181888
  -0.3461317    0.0416440    0.0064343
  -0.1000395    0.6111872    0.1942672
  -0.0706252    0.1761548   -0.1104791
   0.1254487    0.2475041   -0.2609563
   0.0729136   -0.1550254   -0.2851695
  -0.0490238    0.1329104    0.1083370
   0.2093496   -0.0895454    0.2665515
  -0.6431558   -0.3065544   -0.1047345
   0.0382081   -0.0720021    0.0408468
   0.6346498   -0.5593373   -0.1641917
  -0.6140720    0.5447873   -0.7442972
   0.1835601   -0.0595373   -0.1309440
  -0.2396959    0.1055848    0.5903329
  -0.0596408   -0.4218758    1.1672770
   0.0381006   -0.1407864   -0.1082609
  -0.2752348    0.0375730    0.3740215
  -0.0268462    0.2577203    0.1365640
   0.0042414    0.0163380   -0.1023760
  -0.0664592   -0.2824878   -0.1872883
   0.5560913    0.2931538    0.6077425
  -0.0100092    0.0564696    0.1493225
  -0.5271032    0.6575408    0.6875895
  -0.3101580    0.1753884   -0.2208374
  -0.1952053   -0.0343741    0.0747396
  -0.2037303   -0.4398338   -0.1116513
   0.2654236    0.4688447    0.2047321
   0.1308086   -0.0844728    0.1124596
  -0.3325798    0.5676793    0.4741822
  -0.6313396    0.2707755   -0.1767185
   0.0179216   -0.0412323   -0.1419132
   0.4077067    0.0308849   -0.0957158
  -0.1446274    0.6689688    0.0764446
  -0.0690824   -0.0743710   -0.1507769
   0.1289440   -0.0661657   -0.0862923
  -0.5998746    0.1416765   -0.0381586
   0.0609073    0.0316935    0.0999056
  -0.0084366   -0.2035289    0.2139878
   0.2696435    0.1479963   -0.4874820
   0.0093846   -0.0652480    0.2623031
   0.1011849   -0.6035614    0.4088183
  -0.1426233    1.1186169   -0.0574087
  -0.0370432   -0.1212007    0.2066827
  -0.1216742    0.3160136    0.0327651
   0.6635180    0.0513240    0.0353888
   0.0636337   -0.0666877    0.0778835
   0.3105441    0.5414751   -0.1293678
   0.0232949   -0.1019525   -0.5958875
  -0.0002246   -0.0101400    0.0318971
   0.6753958    0.2106835   -0.9528614
   0.4551836   -0.4153649    0.1358816
  -0.0543102   -0.0246410    0.0868397
  -0.1868936    0.7056096   -0.3074752
  -0.2210427   -0.1753850    0.7318836
  -0.0438068    0.1313662   -0.0058620
  -0.2517330   -0.5178955    0.4460008
   0.6390658    0.5305248   -1.6347607
   0.1541789    0.0903913    0.1624720
  -0.5666304    0.7359706    0.8887756
   0.1239363    0.1827126   -0.2124760
   0.0909930   -0.1571156    0.0083968
  -0.2803269    0.7313485   -0.5036281
   0.1287004    0.0340066    0.2256424
   0.0270726    0.0716612   -0.1675251
  -0.3267206    0.1621840    0.5158254
  -0.2099580   -0.4324810    0.1489410
   0.1014667   -0.2190840    0.0967105
  -0.1792153    0.0351229    0.0220228
  -0.4409530   -0.6603974    0.2206797
  -0.0689338   -0.1111820   -0.0721606
   0.8067671   -0.1543006    0.0128844
  -0.2670693   -0.2992452    0.1619879
  -0.1495494    0.0884117    0.0224190
  -0.8632480   -0.2492177   -0.6313212
   0.3197038    0.7368784   -0.5780338
  -0.0159143    0.0746127   -0.0086874
  -0.0808561   -1.1388307    0.5385062
   0.3962988    0.1961965    0.0178875
  -0.1564206    0.0368409   -0.1222556
   0.0349054    0.2673163    0.7328598
  -0.7307944    0.4935786    0.0526312
  -0.1733904    0.2685621   -0.0930696
   0.7515107    0.3060255   -0.2928633
   0.4040931   -0.3264829    0.6733212
  -0.1274689   -0.1033709   -0.0219964
   0.1650027    0.8667830   -0.7349012
   0.0237722    0.0633229   -0.1751133
   0.1177594   -0.1783467   -0.0457229
   0.9342605    0.0079417   -0.7237639
   0.3987759    0.2657308    0.2724508
   0.0276043    0.1888686    0.1445696
   0.4394980    0.7984478    0.4880821
  -0.5858396   -0.2350175   -0.5593352
   0.0567271   -0.0347508    0.0620422
   0.0635237    0.3968427    0.2423993
   0.4228995    0.5963858    0.0190479
   0.1149414   -0.0279391    0.0305420
   0.2514568   -1.0495136    0.2245652
  -0.0390659   -0.4797454    0.4740263
  -0.0970583   -0.1254628   -0.0147682
  -0.6944676   -0.5950549    0.0565394
   0.1624588   -0.5421509    0.1841780
  -0.0985909   -0.0914284   -0.0937694
   0.3992134   -0.4948698    0.5408977
   0.5040204    0.1297365    0.5332791
   0.1222144    0.1218361   -0.1321735
  -0.7933778   -0.1967459    0.5418934
   0.0147993   -0.4033944    0.2527586
   0.0213835    0.0510028    0.1340448
  -0.6208355   -0.3096290    0.3756116
   0.1163694    0.1214670    1.7542384
   0.0317376   -0.0002431   -0.2319356
  -0.5859604   -0.2232585    0.1214925
   0.0436471   -0.2598155    0.0480910
  -0.1777056   -0.1594671    0.0375233
   0.5300809    0.3143004   -0.2549089
   0.0785933    0.1954408   -0.1460770
  -0.0176799    0.0395438    0.1908189
  -0.6112823   -0.6038796   -0.3844942
  -0.1657750   -0.1714911   -0.1183139
  -0.0580927    0.0352580    0.0343132
   0.1932067   -0.3307835    0.3807205
  -0.6709170   -0.2081780    0.1295825
   0.0107357    0.0156109   -0.0465584
   0.2100989   -0.9392922    0.0197415
   0.7605295    0.4232382   -0.1939665
  -0.0293457   -0.1181948    0.0713341
  -0.5756131    0.3768268   -0.1361985
   0.4747524   -0.0189326    0.2255678
   0.0768483    0.1568858   -0.0967974
   0.2646288    0.2610787    0.2878926
   0.1316705    0.0153433   -0.1469317
   0.0084555   -0.0200115    0.1583304
   0.2643406   -0.1591344   -0.2549475
   0.6965374    0.2114256    0.4542589
  -0.0452388    0.0047869   -0.0977255
  -1.0332506    0.0550843    0.1232217
   0.4662178   -0.2866889   -0.1418968
  -0.1751253   -0.2376904   -0.1067194
   0.0249215   -0.0162133    0.4935881
   0.2254844    0.2645783    0.2445225
   0.0451738   -0.2510924    0.1024627
  -0.2688314    0.0268695    0.4244485
  -0.1952971   -0.3949986   -1.0372523
  -0.0317201    0.1369614   -0.0278627
   0.1774968   -0.2937664   -0.1852780
  -0.4988831   -0.1078433    0.7708310
  -0.0657797    0.1581887   -0.1951163
   0.7334845    0.1285918    0.7909140
  -0.4092094   -0.3930497   -0.5373239
   0.0449752   -0.0846248   -0.0749851
  -0.1919613   -0.0989052    0.1920832
  -0.5138950   -0.1694183   -0.0201550
  -0.0759526   -0.1164537    0.1050657
  -0.7222319    0.6005301    0.9489385
   0.5921887   -0.0635012   -0.8388813
  -0.0022620    0.0817349   -0.2809518
   0.5028645    0.5081708   -0.3269946
  -0.2325119   -0.3175916    0.1462762
   0.0541488   -0.1504586   -0.0541240
   0.2522329   -0.4299476   -0.4516564
  -0.2617832    0.9260214    0.0257048
  -0.0995382   -0.0537160   -0.0979502
   0.1007749   -0.7656773    0.3066665
  -0.0749662   -0.0717870   -0.2731194
   0.0984979    0.1233384   -0.0154379
   0.1285729   -0.2330835   -0.2783039
  -0.1863554    0.2011280   -0.4847067
   0.0401173   -0.0933223    0.0553827
  -0.1673269    0.1643623    0.2202830
  -0.5867984   -0.4283337    0.1993038
   0.0324809   -0.1664431   -0.0255232
   0.2154326    0.8270760   -0.3090201
  -0.2222453   -0.0025430   -1.2585776
   0.0317696   -0.0636662   -0.0973953
  -0.4434086    0.4454318    0.8697320
  -0.3713430   -0.1062758   -1.0430554
  -0.1430573    0.0830896   -0.0995198
  -0.9603423   -0.7378566   -0.1000353
  -0.2776439   -0.1026065    0.1478137
  -0.0534002   -0.0576763   -0.1372292
  -0.4562597    0.7097266   -0.0818297
   0.4204342    0.3666294   -0.2513316
   0.0586518    0.0004846    0.1482435
  -0.6398243   -0.1505250    0.6522706
   0.0997491   -0.3881339    0.3233324
  -0.0370177    0.0733365   -0.0747217
   0.1904789   -0.3587581   -0.5733822
   0.6840817    0.5706517    0.4513918
  -0.0987381   -0.0214416   -0.0204363
  -0.0091364   -0.4555551   -0.2993653
  -0.2307621   -0.1382740   -0.9926436
  -0.1520051    0.0860530    0.0263775
   0.0566512    0.1367586   -0.8042146
   0.7044154    0.1021652   -0.4061006
  -0.0171504   -0.0291925   -0.1642526
  -0.2239554   -0.4519589    0.1145451
  -0.1009357   -1.0199406    0.3035167
   0.1502134   -0.1254027   -0.0751496
  -0.4734426    0.4530918    0.0464842
  -0.2041530    0.0797201   -0.2054931
  -0.1337631    0.0811036   -0.1522729
  -0.5036447    0.0746322    0.4359877
   0.3035548    0.2531618   -0.7213283
  -0.1459709    0.0568289   -0.2535694
   0.0708245    0.4286293    0.4424199
  -0.4781807   -0.3766835    0.6637608
   0.1242846   -0.0878381    0.0103311
   0.4355893    0.0936514    0.5406548
   0.4073557   -0.5542232   -0.3794217
   0.0092730   -0.2706520   -0.0221376
   0.1784123   -0.5270129   -0.0508439
  -0.2809901    0.0799093   -0.2772485
  -0.0264478    0.1498928   -0.0099483
  -0.0084011   -0.0577706    0.1182978
  -0.4164889    0.0411762    1.0250728
  -0.0346544   -0.1351731    0.0414421
   0.4253416    0.0307299    0.0574818
  -0.2398704   -1.2936667   -0.4984651
  -0.0143868    0.0965654   -0.0118292
  -0.1793665    0.4312366   -0.5922995
   0.5752534    0.1327667    0.7016766
   0.0037843   -0.2274183   -0.0035334
  -0.6290913   -0.7368663    0.0606925
   0.2303653   -0.4515738    0.0591597
   0.0214013   -0.0217747    0.0819530
  -0.0806407   -0.2715856    0.4217292
  -0.2682801   -0.5910073    0.5172656
   0.1617581    0.0061518    0.0244636
  -0.1076057    0.1569377   -0.7488229
   0.5505438   -0.0310840    0.0038678
  -0.1716512   -0.1492528    0.1123890
  -0.4988087   -0.4086539   -0.8069928
   0.1751783    1.1087894    0.2775429
  -0.0622959   -0.1394837    0.1247492
  -0.2957023   -0.6281350   -0.1849821
   0.3736030   -0.3370212   -0.2731449
   0.2540701    0.1160717    0.0087029
  -0.4891239   -0.3065264    0.0936638
   0.0024571   -0.1474633    0.3446310
  -0.0310567    0.0612531    0.1512780
   0.4552535    0.0288963    0.3907574
   0.0663877    0.4360897   -0.7132562
  -0.1276046    0.1272133   -0.0333478
  -0.1137890   -0.2658701   -0.4494126
  -0.0161512    0.2757756   -0.0820093
   0.0590627    0.1154708   -0.0199735
   0.1549413    0.6261758   -0.1031752
  -0.2069740    0.1865119   -0.1994256
  -0.1516094   -0.0070901   -0.0751182
  -0.1544783   -0.7811264    0.0533584
  -0.0752015    0.4033913    0.1726975
   0.0585027    0.2517475    0.0431575
  -0.4832793   -0.7445297    0.6446092
  -0.2665475    0.1715776   -0.0826516
  -0.0107105   -0.0278097    0.0394087
   0.4857025    0.2514923   -1.0304053
   0.4156116   -0.2590921   -0.0460258
  -0.1038231    0.0786189    0.0364432
   0.2471336    0.5756955   -0.2797582
  -0.0302250    0.2884879   -0.2237181
  -0.0652347    0.0283044   -0.2597532
  -0.1614017   -0.3518344   -0.2359602
  -0.6097379   -0.2222650    0.2421115
  -0.1405471    0.0542458   -0.1141688
  -0.5084216   -0.0418846    1.3023059
   0.2270036   -0.4368061   -0.5740740
  -0.1626307    0.0500898    0.0087299
  -0.1050223    0.3403437    0.7022577
   0.8332663    0.5764014   -0.2621379
  -0.0297388    0.1359382   -0.1354486
  -0.0634807    0.1900076   -0.5066081
  -0.5567657   -0.2045738    0.1993494
   0.2825436    0.1668182   -0.1632975
  -0.2298904    0.3771039    0.0481205
   0.9917567    0.1838699    0.2069704
   0.0313380    0.0767394   -0.0194261
  -0.5336885    0.0086390    0.4586831
   0.2545148    0.2232805    0.1125455
  -0.1603434   -0.0545389   -0.0264035
   0.3559074    0.7052822   -0.5272034
  -0.4214096   -1.0998920    0.5475230
  -0.0780971   -0.0283094    0.1169782
  -0.1859877    0.3857165    0.2547868
   0.1158175   -0.0266554   -0.2804350
  -0.1119495   -0.0777827    0.0033246
   0.1638089    0.6787452   -0.1193668
  -1.0033551   -0.0205139   -0.1402530
   0.0186501    0.1673697   -0.2239296
  -0.0625356    0.9563437   -0.5543209
   0.0048556   -0.4927839    0.0564838
   0.1111581    0.0125272   -0.1758900
  -0.1472398   -0.3143652    0.5406648
  -0.2467487    0.4172945   -0.3811080
   0.1809516    0.0392616   -0.0308148
  -0.9872745    0.1394237    0.0129952
  -0.2508537   -0.4830689    0.2153412
  -0.1410247    0.1343461   -0.0320933
  -0.1351328   -0.2425029    0.5080341
   0.0896222    0.0080000   -0.0652730
   0.0784200   -0.0438917   -0.0400191
  -0.6522214    0.5560316    0.6362767
  -0.7135912   -0.0150492    0.6948849
   0.1668647   -0.1413265    0.0106215
   0.0261222   -0.0737148    0.3766048
  -0.4820797   -0.8622777    0.7220508
  -0.1663011   -0.0406375   -0.0421305
  -0.6157839   -0.4051897    0.1832765
  -0.5685878    0.5071139    0.3208930
  -0.0080729   -0.2510977    0.0660716
  -0.0261664    0.0448256   -0.0542117
   0.1469247    0.1012836   -0.0181490
  -0.1078827   -0.0327713    0.3066204
   0.2543612    0.7199213   -0.0582511
   0.0054686   -0.6157971   -0.0343495
  -0.1265566   -0.1152760   -0.2563566
  -0.3719996    0.5732249   -0.3408371
  -0.5339885    0.1985820    0.6856920
  -0.0516669    0.0081418   -0.0228936
  -0.3983740    0.1543998    0.0284652
   0.0496825   -0.1691149    0.0906203
   0.1794123   -0.0554663   -0.0887603
   0.4585404   -0.4958369   -0.4381586
  -0.5714828   -0.6735135   -0.0060137
  -0.0381545    0.1150427    0.1546712
   0.0915155   -0.3525444   -0.6135262
   0.4125812    0.6672572    0.3036866
  -0.1502990   -0.1941386    0.2269203
  -0.2489417    0.1388744    0.3834572
   0.3177245   -0.2873206   -0.6858831
  -0.0961708    0.0664428    0.0321865
  -0.4750523    0.2499970   -0.2648233
  -0.1234439    0.1210816    0.2073842
   0.0940260   -0.0777841   -0.1759857
  -0.2931245   -0.6140789   -0.2353208
  -0.9000058    0.0714254   -1.1016945
   0.0621707   -0.0242656   -0.0045807
  -0.1712613    0.2743923   -0.5170745
   0.2612209   -0.4353615    0.4075515
   0.0252247   -0.0409988    0.0856414
  -0.5227358   -0.2938074   -0.3026423
  -0.2576930    0.0034565    0.2121811
  -0.0828012    0.1275586   -0.0280586
   0.1409506   -0.1089797    0.0975190
  -0.3785910   -0.0220492    0.3763699
   0.1166267    0.0307860   -0.0818906
  -0.8751958    0.3324996    0.1972356
   0.0245294    0.1464538   -0.1168047
   0.0973371   -0.0252411   -0.0225825
   0.0099973    0.0883280   -0.3480125
   0.3454054   -0.3148540    0.4100179
  -0.0996684   -0.0553015    0.0343312
   0.2265409    0.1110734   -0.0708167
  -0.2516340    0.4008765   -0.5009969
  -0.1307046    0.0991290   -0.1403880
  -0.0057330   -0.3552834   -0.5682345
   0.1685863   -0.3701687    0.2420047
  -0.1850713    0.1415948   -0.0434507
   0.6086453    0.3560187    0.1306268
  -0.4203297    0.0647250   -0.5202920
   0.1590021    0.0429180   -0.1113497
  -0.3222327   -0.9436228   -0.4062095
  -0.1704071    0.1568304    1.5865351
   0.2441105   -0.1724124   -0.0417389
   0.0321111    0.8357874    0.6720585
  -0.3058642    0.1583976    0.1777474
  -0.0331798   -0.0147573    0.0288009
   0.2101573   -0.1023466   -0.3299454
   0.1044469    0.9623026    0.3257376
   0.1120551   -0.0084974    0.0629591
   0.2502664   -0.0100511   -0.6457784
   0.7032728   -0.2835797    1.2008263
   0.0843235    0.1271630    0.0295482
  -0.4978182    0.3071962    0.5173218
  -0.9487567    0.2987457    0.4951431
   0.0213294   -0.0406340   -0.0031389
   0.4493903    0.1558083    0.1143199
  -0.0584347    0.3869947   -0.4674813
   0.0917972    0.1940685    0.1163615
   0.0410989   -0.0444721    0.7725917
  -0.1643064    0.5704796    0.4921013
  -0.0572956    0.0384199   -0.0622343
  -0.0258948    0.5299022   -0.0723925
  -0.6316410    0.2066810   -0.4794686
   0.1895981   -0.2194265    0.1129624
   0.4610835    0.4803377    0.1358000
  -0.2863744    0.3197195    0.1819483
   0.0408638    0.0312631   -0.0157472
   0.2323525    0.3150359   -0.1488056
   0.3964068    0.0140779    0.0361250
  -0.2234698    0.0638135   -0.1313469
  -0.2837803    1.0137353    0.2826659
  -0.0893214   -0.5226834   -0.1417377
  -0.1848259   -0.0369186    0.2086542
   0.4078403    1.2352039    0.1295080
  -0.1911467   -0.1085916    0.1048997
   0.0056381   -0.2035555    0.0511517
  -0.9597819    0.4962694   -0.7050912
   0.7595060   -0.0643806    0.3659829
  -0.0487839    0.0560307    0.0533716
  -0.2019219   -0.3357267   -0.0350852
   0.1219094   -1.1163250    0.3531963
   0.0109277   -0.0941048   -0.1425559
   0.3829860    0.0445297   -0.4114254
  -0.4605361    0.2811174    0.4122760
   0.2069375    0.0137410   -0.0609061
  -0.3397844    0.2950107   -0.0766230
   0.1943087    0.7003163    0.0760434
  -0.0411293   -0.1148908   -0.2229108
   0.4468595   -0.1949693   -0.4545054
  -0.5120531    0.4104641    0.0941932
   0.0004914   -0.1120666   -0.0135130
  -0.3140576   -0.2052928    0.2580330
  -0.4059042    0.5292255   -0.0035869
   0.0285715    0.1065325   -0.0374150
   0.6835094    0.0164622   -0.8846633
  -0.4409539    0.4479626   -0.7316976
   0.0189697   -0.0785975    0.0203063
   0.1155071    1.0068119   -0.2159552
  -0.5304673   -0.2472151   -0.0766327
  -0.0561435    0.1302258   -0.0780844
   0.9321966    0.0285008    0.2650560
  -0.4764348   -0.2125154    1.2938865
   0.0260821    0.0581707   -0.0345584
   0.2890317   -0.7413385    0.5479894
   0.5995697    0.1302392    0.4319277
   0.0518045   -0.0550339    0.1057833
  -0.7932310   -0.6850835   -0.5763540
   0.3656127    0.3525998   -0.3038288
   0.0722104    0.0702858    0.0374081
  -0.0579953   -0.3501763    0.4082760
   0.1355944    0.4511462   -0.0317920
  -0.1307552    0.1631159    0.2806893
  -0.7318410   -0.6233041   -0.4043980
   0.0316274   -0.2454762   -0.5537364
  -0.1076625    0.1605163   -0.2557959
  -0.1227290    0.1223945   -0.8873929
   0.2471797    0.2519445    0.3510810
   0.0452659   -0.0796087    0.1324640
   0.5748388   -0.0088840    0.6040184
   0.8380815   -0.2718311   -0.1053538
   0.2510233    0.1090106   -0.0198414
   0.4000296    0.0110512    0.5856715
  -0.1909908    0.7100455   -0.3394362
  -0.0781332   -0.1860842   -0.1543987
  -0.4900446   -0.0633383    0.4138746
  -0.2349803   -0.2354621   -0.2758130
   0.0186849   -0.0195335    0.0458377
  -0.4412428   -0.1903447    0.2329174
   0.3608426    0.2737320   -0.5331801
  -0.0674206    0.1376459    0.0970966
   0.1129154   -0.1366920   -0.3637403
  -1.0307180   -0.7553303   -0.4812409
  -0.0715346   -0.2142908   -0.0516325
   0.7341046   -0.4753458   -0.4416921
   0.3871707   -0.4317736   -0.5975449
  -0.0782172    0.2701544    0.0047065
   0.1751136    0.2296823    0.6669715
   0.8944935   -0.6412566   -0.0732598
   0.0756420   -0.1240223    0.1317174
  -0.2049842   -0.6081858    0.0601727
   0.1393701    0.2611397   -0.1016345
   0.0211964   -0.1370338   -0.0333674
   0.1619661   -0.1700500    0.5288293
   0.0234956    0.0590149   -0.6674374
  -0.0791166   -0.0613273   -0.0213795
   0.3739573    0.4350512    0.0534959
   0.1087618    0.4349501    0.4394779
  -0.1847748    0.1738572   -0.0854698
   0.1938878   -0.0161472    0.1536523
  -0.2075164    0.7392393    0.1383830
   0.0726633   -0.1117030    0.1716540
  -0.0269910   -0.0708128    0.7085629
   0.8361982   -0.4004052   -0.1368138
  -0.1023985    0.0868911   -0.2516814
  -0.4344174    0.2170196    0.7217448
   0.1204899    0.8472326    0.2917655
  -0.1502904    0.0137848   -0.0112654
   0.1875957    0.1805382    0.5894424
   0.0467767    0.3063955    0.6825820
   0.0892094   -0.0427615    0.1079872
  -0.1665665   -0.1825500    0.6544548
   0.2396421    0.0438996   -0.8670213
  -0.0475234    0.0461834    0.0350000
   0.2414696   -0.5956395   -0.2484372
  -0.2204567    0.0206676    0.4029301
  -0.0549781   -0.0742180    0.2495217
   0.2034337    0.2394455   -0.4038740
   0.4438128    0.4851221    0.2971792
   0.0532790   -0.0127042   -0.0141748
   0.2401322    0.0514744   -0.2834692
   0.8164678   -0.2788826    0.7158364
  -0.0739410    0.1201455   -0.0729351
  -0.1810992   -0.3557788    0.2967946
  -0.3062861   -0.3589849   -0.1486836
  -0.0825064    0.0888374    0.0341725
   0.8084731    0.3018934   -0.1584778
  -0.1708820   -0.2509364    0.3598545
   0.2101944    0.0115619   -0.0269275
  -0.7492837    0.1970902   -0.2064799
   0.3703805    0.7304226    0.5166325
   0.0278831   -0.2101379   -0.0800950
   0.2703320    0.0660894    0.1644875
   0.6734838    0.2198664   -0.0280376
   0.0042079    0.1355386   -0.0223954
   0.4708140    0.2286045    0.0155090
   0.4526721   -0.5923604   -0.6199519
  -0.0954489   -0.0336667   -0.2080927
  -0.0734329    0.6129760    0.1763053
   0.4992917   -0.3140612   -0.2155347
  -0.0527013   -0.0432622   -0.0038132
   1.0353683    1.0305564    0.2152210
  -0.4143184    0.0236218    0.5629425
  -0.0777463    0.2532107    0.1196846
   0.0434736    0.3011332   -0.0570453
  -0.1678416    0.0292963   -0.6494279
  -0.0674725   -0.1711826    0.0926138
   0.3009611    0.6337662   -0.8103541
   0.9197858    0.0307291   -0.2974907
  -0.1126616    0.0674914   -0.1574982
  -0.2461421    0.4767363   -0.1174098
   0.1969651   -0.0091858    0.2626975
  -0.1502626    0.0404641    0.0175408
   0.0205258    0.1581379    0.9198504
   0.0245111    0.2654377   -0.4943518
  -0.1712925   -0.0000520   -0.0947805
  -0.0329980   -0.4776891    0.2568381
  -0.9476139   -0.0086813   -0.5391663
   0.0594025    0.1504706   -0.0611338
  -0.0643284    0.5757598    0.6530263
  -0.0521955   -0.3838277   -0.3270631
   0.1679276    0.0437677    0.1048059
   0.2093431    0.2557566    0.0362145
  -0.3105977   -0.2064738   -0.3963602
   0.0728069    0.1080884    0.1423308
   0.1939164    0.4408317    0.6658785
  -0.5252580   -0.0495846    1.1241207
  -0.0387447    0.1560693    0.1468982
   0.2195168   -0.8054801   -0.3435777
  -0.1060704   -0.5199187   -0.1219576
   0.0232443   -0.1870448   -0.0090568
   0.0196698   -0.9989859    0.1540929
   0.4913248   -0.0667557    0.5045753
  -0.0757661    0.0175988   -0.0202376
   0.5940931    0.3238743    0.0958766
  -0.1996593    0.1849107   -0.5244555
  -0.0476588   -0.1881250   -0.0229168
  -0.1867452   -0.2532230    0.4917300
   0.4964766   -0.3366067   -0.2868941
   0.1831701    0.0553335    0.1726401
  -0.4752508   -0.6821632    0.0305369
  -0.1535509   -0.2617775   -0.4049029
  -0.0094348   -0.1238899   -0.1787404
  -0.6624068   -0.6460445   -0.0395963
   0.1592298    0.4355071    1.1760663
   0.0316138    0.1375566   -0.0677074
   0.1520035   -0.0025140   -0.4138016
  -1.1641147   -0.5291589   -0.7916099
  -0.0475528   -0.0449014    0.2627115
   0.0489331    0.0612728    0.0217216
  -0.8639650    0.3474258    0.1975225
  -0.0115831    0.0107352   -0.3206161
   0.1059152   -0.2471522   -0.1051437
  -0.0081331    0.2049477    0.0301198
  -0.0427587   -0.1921407    0.0510419
   0.4898383   -0.2258397   -0.0686340
  -0.0496687    0.2365090   -0.3603110
   0.0849217    0.1066930    0.0798132
  -0.3020501   -0.0161790    0.3770697
   0.1283811    0.1723092   -0.3932908
  -0.1273964   -0.0084390   -0.0861038
   0.1919137   -0.1765072   -0.3214285
   0.0730014   -0.1067323    0.0159239
  -0.0943129    0.0157280   -0.4376998
   0.9176250    0.2793898   -0.5920547
  -0.5357389    0.8889371    0.5838016
  -0.0781956    0.0209749    0.0555699
   0.2026868   -0.1404055    0.0631185
  -0.4536551    0.0418004    0.2769053
   0.0164500   -0.0572668    0.0131446
   0.2760194   -0.4412614   -0.1883646
   0.0190703    0.2791686    0.2090844
  -0.1694859   -0.0470857   -0.0554017
   0.5702158   -0.0008874    0.2678780
   0.0770486   -0.5481312    0.6835621
  -0.2086365   -0.0598791    0.3037605
  -0.1810898   -0.5274493    0.6167247
   0.2222560   -0.5780782   -0.3196275
   0.0704100   -0.0102990   -0.0002542
   0.2527278    0.0226698    0.0843828
   0.3795257    0.2435563   -0.2953564
   0.0307052    0.0343884   -0.1808514
  -0.5429997    0.0742588   -0.2477516
   0.3357578   -0.1691933    0.0318194
   0.1457273   -0.0450874    0.0208346
  -0.3149360    0.4715001   -0.3171232
   0.1137165   -0.3763342   -0.3480729
  -0.0612990   -0.1865155    0.0306287
   0.0566212   -0.1792717    0.1350561
   0.2286088   -0.5245731   -0.7036759
   0.1162964    0.0764583    0.0553915
  -0.1488406    0.2752809   -0.2290342
   0.3989313    0.5400198   -0.3488426
   0.0596936   -0.0146001   -0.0427689
   0.2750939    0.2436202    0.2405086
  -0.4582449   -0.4643248   -0.1044393
  -0.1812235    0.0710719    0.0256109
   0.3859879   -0.1114033    0.2993568
  -0.6125777   -0.6131051    0.0371656
  -0.0141300    0.0029501    0.0300250
   0.1959644    1.4767544    0.1515862
   0.0608602   -0.3779307   -0.7056924
   0.1142715   -0.1559816    0.0217196
   0.1102850    0.4978741   -0.0366034
   0.8974192    0.2577185    0.1977842
  -0.0497766    0.0269435    0.0683039
  -0.5423903    0.0998733   -0.3234522
   0.4961555    0.5809311   -1.0725411
   0.0328685   -0.0205131    0.0260886
  -0.1982421    0.7638259   -0.6053696
   0.1601794    0.6062395   -0.0385816
  -0.0525290   -0.0356126   -0.1805824
   0.0229919    0.7901352    0.1737927
  -0.0386677   -0.5162010    0.0822238
   0.0423717   -0.0162270   -0.0020071
  -0.6238881    0.0851372   -0.2763802
  -0.2614968   -0.3463865    0.1298636
   0.0806142    0.1214412   -0.1209443
   0.8292979   -0.7089489    0.2926029
  -0.2865038    0.8517874   -0.2281072
  -0.0853061   -0.1110012    0.0010151
  -0.2732492   -0.1509991    0.0420822
   0.3444020   -0.5372697   -0.3901415
  -0.0307170    0.0642725    0.3941966
   0.2231922   -0.1604612    0.3158798
  -0.1854306   -0.0395439    0.0775839
  -0.0638427   -0.1188739    0.1536997
   0.2732007   -0.5051570   -0.0688168
  -0.2064514    0.3621574   -0.4971631
  -0.2278211    0.0773641   -0.1030369
   0.2268146   -0.0703845    0.0540027
   0.5974786    0.0671201   -0.0788565
  -0.0225908    0.0054238   -0.0393768
  -0.9794561   -0.6040343   -0.5862442
  -0.0907534    0.0268059   -0.3023404
   0.1317309   -0.1205002    0.1012065
   0.4876684    0.2708435    0.4085019
  -0.6552515   -0.6450983   -0.5299000
   0.0917597   -0.0132659    0.0447948
  -0.6549858    0.8591349    0.0916241
   0.5893269   -0.1795001   -0.1316624
   0.1662379    0.1427241   -0.0920149
   0.3223093    0.0234841    0.6917641
  -0.7548393   -0.2760450    0.2079985
  -0.0520109   -0.0381827   -0.1194463
  -0.9056191   -0.2689678    0.3311873
   0.2612504    0.1275582   -0.1565906
  -0.0532088    0.1198875   -0.1371620
   0.3121208   -0.3408818   -0.3124641
   0.3635938   -1.1608534    0.6048434
   0.0292748   -0.0035380    0.1072238
  -0.0430344    0.1913180    0.7687495
  -0.1582446   -0.1918014    0.5564807
   0.0199273    0.0612450   -0.1284651
  -0.2159973   -0.2370602    0.3343971
   0.0437338    0.5388280    0.2075822
  -0.0536827   -0.1788469   -0.0689668
  -0.6571060    0.0272335   -0.2271785
  -0.9746057    0.2606484   -0.1333037
  -0.1882869    0.0383185    0.1085023
  -0.6895992   -0.3237766    0.0736430
  -0.3972004    0.3266725   -0.5837936
  -0.1677093    0.0071619    0.0490026
   0.5408034    0.3923405    1.3398914
  -1.2075404    0.3091786   -0.5098633
  -0.0425718    0.1980754   -0.1083063
   0.5202212   -1.1107621   -0.1886485
   0.5518449    0.9571608   -0.5256624
  -0.0652004   -0.1434663    0.1260428
   0.3496666   -0.0651385   -0.1246453
  -0.0067384   -1.0819819    0.6007347
   0.0901426    0.1143616   -0.0120207
   0.4002836   -0.4593728   -0.5798487
   0.7181593   -0.1547795   -0.0375200
   0.0931323   -0.1035574   -0.0765181
   0.2637579    0.3904752    0.3596493
  -0.3716105   -0.1576293   -0.2970905
  -0.1682652    0.0734722    0.0912200
   0.4195611   -0.0225506    0.0738650
  -0.9426329   -0.5433876    0.1088471
  -0.1332366    0.0534965   -0.2100245
  -0.0782152    0.2737085   -0.5737973
   0.1797669    0.8481088   -0.2403985
  -0.1521587   -0.0632819    0.1533576
  -0.2977084   -0.1593665   -0.1728277
  -0.7118245    0.6356386    0.0503443
  -0.0263861   -0.0749033   -0.0106223
  -0.0599347    0.3874792    0.1852389
   0.6903943    0.5628232   -0.1282852
   0.0222622   -0.0641840   -0.1068519
   0.1999595    0.5411320   -0.4899893
  -0.3109432    1.0086412   -0.5559348
  -0.1234137   -0.0137526    0.0452899
  -0.0099088   -0.2022101    0.1043424
  -0.5815110   -0.1373250   -1.1063851
  -0.0736781   -0.1411257    0.0687567
   0.7390645    0.4726425   -0.1704174
  -0.0258424    0.0271952   -0.2049125
  -0.0391742    0.0218625   -0.0953130
   0.0264841    0.6574096   -0.6280220
   0.0567497    0.4489002    0.3887339
   0.0254565    0.0457908    0.0549578
   0.4576255    0.1252677    0.6384177
   0.4424881   -0.4760925    0.3651083
  -0.0940197    0.2652251    0.1239010
  -0.1870326    0.3150660   -0.3372903
  -0.1911238   -0.0076213    0.2932453
   0.0824575   -0.0733526   -0.0920148
  -0.3179548    0.0653333   -0.6173502
   0.1295269    0.1605032    0.0158037
   0.0094257   -0.0732325   -0.1391214
   0.6763536    0.2165793   -0.9720019
  -0.5416098    0.0580536   -0.1392172
   0.0661420    0.1000236    0.1005721
  -0.9134128    0.1112139   -0.5779377
  -0.0606618   -0.0173331   -0.1126779
  -0.0374578    0.0570950   -0.1932168
   0.4115587    0.3198050   -0.2623572
   0.3733461    0.3412292   -0.3833775
  -0.1189887   -0.0811095    0.1106038
  -0.5225339    0.0292029    0.6837207
  -0.3346950    0.0247883   -0.0275250
   0.0457587   -0.1245413    0.0670646
   0.1896118   -0.3898005   -0.2537223
   0.2516390    0.3325203   -0.0362962
  -0.1593529   -0.0625797   -0.0915858
   0.1690342   -0.7457143   -0.5604842
  -0.2164755    0.2915542   -0.9199522
  -0.0993360    0.1811360    0.0702951
  -0.3084847    0.0651557    0.5031210
   0.4384581    0.2582260   -1.0476995
  -0.1654455    0.0796124   -0.0421402
  -0.1599347   -0.6764897    0.5713676
   0.5942239   -0.1338290   -0.2613196
   0.0404644   -0.0887079   -0.0726458
   0.1889845   -0.1005092    0.5689973
   0.6132384    0.0328801    0.4886293
  -0.0640153    0.0502306   -0.1790502
   0.1609703   -0.7972859    0.9991892
  -0.0981698    0.9044443   -0.2161102
  -0.1510010   -0.0742922   -0.0354590
  -0.5185719    0.4349181   -0.0929468
   0.0406283    0.8653825    0.3549955
  -0.2846488   -0.2621435    0.1323471
  -0.1604949   -0.4152616    0.4718132
   0.7400305   -0.3089716   -0.4372675
   0.1584711    0.1590535   -0.0198923
   0.8107885    0.1274004    0.1109328
   0.7756004   -0.7735341    0.2671233
   0.1000327   -0.2253334    0.0365487
   0.2981750   -0.7863362    0.0707224
  -0.1644614    0.6445693   -0.7993521
   0.0864893   -0.0557583    0.0090594
   1.1202533    0.2405269    0.1524364
  -0.1391828   -0.5300861   -0.2810857
   0.1344181   -0.1004671    0.1409549
  -0.1982785   -1.2362522    0.1453301
   0.4876405    0.9805093    0.3781618
  -0.1621439   -0.0002889   -0.0721261
   0.5952852   -0.2767246    0.0085226
  -0.2622938   -0.5002636   -0.1392059
  -0.0032349   -0.0508575    0.1344283
   0.3547085    0.6115403    0.7066246
  -1.2423320    0.7955434   -0.6820021
   0.0183628   -0.0975048   -0.0184100
   0.5291569   -0.0902975    0.0624092
  -0.0143632   -0.0702045    0.2597132
  -0.1242862    0.0684403    0.1044531
  -0.5059437   -0.5555238    0.5322638
   0.0498775    0.1824372    0.4889302
  -0.1189558   -0.1769379   -0.0089318
  -0.2678787    0.1762213    0.1537851
   0.2217844    0.0443598   -0.2940254
  -0.2941716    0.0818537   -0.1883390
   0.0444424    0.3267314   -0.2382589
  -0.3790998   -0.2785552    0.2227103
   0.0206336   -0.0591220   -0.0364075
  -0.0306902    0.0578029   -1.3701495
   0.2174836    0.5531703    0.0050230
  -0.2918557    0.1456990    0.0558936
  -0.0530715   -0.4384916    0.0055972
  -0.4904936   -0.0948338   -0.0024344
  -0.2233750    0.0969567   -0.0195051
  -0.3167648   -0.6154765    0.7070451
   0.3625919    0.7838271   -0.3380468
   0.0425833    0.0771296   -0.0147578
   0.4159670    0.0173702   -0.4383803
  -0.4411283   -0.7593046    0.1416231
   0.0335259    0.1447059    0.0123151
  -0.0794208    0.1879649   -0.4355910
   0.0166839    0.6270633    0.1375270
   0.2193091    0.2135814   -0.1938857
  -0.1696547    1.0662713    0.2325108
   0.6969030   -0.2968029    0.1611594
  -0.2153916    0.1529104    0.0294708
   0.4336377    0.1497209    0.1093734
  -0.2181693   -0.0105963    1.1461315
  -0.0195202   -0.1789571    0.1462590
   0.0870343    0.7982653    0.0365997
   0.3881170    0.2995189   -0.2633298
   0.1288019    0.1569103    0.0572239
  -0.9156165    0.5939884   -0.5620663
  -0.1841246    0.2250782   -0.3055865
  -0.0239161   -0.0038699    0.1050325
  -0.5677588    1.1069336    0.1320699
   0.3460074   -0.0047177    0.4022789
   0.0272403    0.0203955    0.1032255
   0.3151974    0.0564613    0.3132774
  -0.3078196   -0.2832690   -0.0435204
   0.0504094    0.0211219    0.1010004
  -0.3388918   -0.1448964    0.7931876
  -0.2910601   -0.0711041   -0.1122375
  -0.1010365    0.0306305    0.1701305
   1.0758275    0.0939817   -0.3564605
  -0.2543575    0.2364126    0.1047733
  -0.1215208    0.0078357   -0.0321564
   0.3341821    0.5314730   -0.0759160
  -0.6023087   -0.3339749   -0.3491182
   0.0779742   -0.0540954   -0.0052443
  -0.1312519    0.2154668   -0.6997022
   0.0012559    0.4923012    0.1024993
  -0.1810961   -0.2482696   -0.0779555
   0.4651900    0.4179894   -0.7107070
   0.0245337    0.0352864    0.1881514
  -0.0103195    0.1593705   -0.0175101
   0.3512930    0.2956805    0.9091365
   0.0741083   -0.6832159   -0.7856676
   0.0547010   -0.0118387   -0.0323395
   0.6356756   -0.1552260   -0.0323586
  -0.0106232    0.1011909    0.4163187
  -0.1307392   -0.0292945   -0.0980993
   0.2066407    0.1696507   -1.0932332
  -0.4932189    0.2806248   -0.0711573
   0.1294681    0.0209684    0.0149973
  -0.3633938   -0.2963539   -0.0740306
   0.5080553    0.4072811   -0.2816274
  -0.0888490   -0.0702893    0.1030891
   0.1251568    0.3837421    0.3923393
   0.5281013    0.3251997    0.1268719
  -0.0081995    0.2735232    0.0222876
   0.0191220    0.3183387   -1.0717411
  -0.5037639   -0.3848121   -0.3767507
   0.0265200    0.3188368    0.4573300
   0.2067716    0.3442984   -0.6044945
  -0.2263728   -0.1430242    0.3561012
  -0.0624000   -0.1771568    0.2792495
   0.6849780   -0.2727773   -0.2574776
   0.2074868    0.0940919   -0.5873732
  -0.1455081   -0.0347900   -0.2437579
   0.3991873    0.6392157    0.4807041
   0.1779217   -1.0320085    0.5306131
   0.0144736    0.1314963   -0.2064244
  -0.2303095   -0.6892183    0.5450227
   0.1465068   -0.6698559   -0.3065747
   0.0061996   -0.2341622    0.0363563
  -0.6032407    0.3601338   -0.0132632
  -0.4602495    0.0648644    0.0179723
  -0.2952801   -0.0089152    0.1307310
   0.0182710    0.3405751    0.1943046
   1.0923746   -0.9017457   -0.6015626
   0.0110509    0.0490895    0.1108581
   0.8261167   -0.0949146   -0.2752334
   0.7728122    0.2789794   -0.2650984
   0.0386978    0.0703755   -0.0222302
   0.4948899    0.2171819    0.8445473
  -1.0393176    0.0364794   -0.6836084
  -0.0119749    0.0575682    0.0876530
   0.6201224    0.4113116   -0.1766458
  -0.6415722   -0.1686366   -0.1463335
   0.0328035    0.0366331   -0.1338082
   0.0739236   -0.4026926   -1.0597548
  -0.3628300    1.0029025   -0.6635911
   0.0029263    0.1557288    0.0077867
  -0.1878752   -0.0182138    0.3524772
  -0.5204104   -0.0045178    0.2035667
  -0.1454404    0.1353593   -0.1326291
  -0.6316241    1.2800549   -0.4868978
   0.1624225   -0.2617757    0.1289127
   0.0809338   -0.0926727    0.0584451
   0.2750965   -0.1706029   -0.4733292
  -0.2108338   -0.2246376    0.4966466
   0.1846871    0.1344404    0.0492443
   0.1231318   -0.4893920    1.5757649
   0.3190513    0.2402240    0.2393557
  -0.0364062    0.0332772    0.1039510
   0.2821894    0.4121818   -0.7301404
  -0.0507744    0.5757155   -0.7068513
   0.0329194    0.0109933   -0.0249939
  -0.7172608   -0.2575491    0.1570916
  -0.1801770   -0.0848313   -0.3619858
   0.0608801    0.0502090   -0.0220021
   0.2445636    0.2619046   -0.6398167
   0.3744834    0.6288086    0.4308656
   0.0917077   -0.1542164    0.0008371
  -0.2306533   -0.2909023   -0.2469267
   0.0761247    0.2548931    0.4384189
   0.0057189   -0.1368086   -0.1588629
  -0.7256453   -0.5744553    0.5304936
  -0.1576767    0.4141749   -0.1692502
  -0.0233913   -0.1042081    0.0647682
  -0.3848149   -0.5932476    1.0428984
  -0.7678729   -0.2309416    0.8023342
   0.0008166    0.1105339    0.0414282
   0.2742452   -0.4543571    0.3088171
  -0.1412637    0.1323027   -0.1081924
   0.0749780   -0.1599244   -0.0939018
  -0.6504687   -0.1725000    0.5301730
   0.3358007   -0.3869104    0.3793418
  -0.0294021   -0.0748832    0.1679326
  -0.3098191   -0.7219000   -0.4866251
   0.3738913    0.2989482   -0.3875736
  -0.1018065    0.0347424   -0.1187287
  -0.0069814   -0.2052753   -0.0293862
  -0.1882686    0.0207235   -0.3064873
   0.0141725    0.0769131    0.2490477
  -0.2712571    0.1218735    0.0953595
  -0.0319510    0.2748862   -1.0537281
  -0.1454194   -0.2318751    0.0320084
  -0.0669133   -0.6946849   -0.2147292
  -0.9027988    0.3748823    0.0336501
   0.0247540   -0.0824342    0.0355863
  -0.3855081   -0.3526568    0.3703398
  -0.3623948    1.7643442   -0.2129419
  -0.0056742    0.1471607    0.1373328
  -0.6021479   -0.8726842   -0.7126342
   0.1875447   -0.0125002   -0.4572081
  -0.0890732    0.0387815   -0.0926585
  -0.2432910   -1.1048868   -0.4263640
   0.6109738   -0.1538471    0.1877316
   0.0185019    0.0291130    0.0444177
  -0.6476495   -0.3644490    0.0332895
   0.1467660    0.0053289   -0.4444307
  -0.0538448   -0.0161548    0.0984779
  -0.3676213   -0.4460259    0.1087932
   0.3074628    0.3918953   -0.0528524
   0.0412630    0.1345553    0.0232439
  -0.1880965   -0.0295230   -0.2617430
  -0.1478599   -0.1033291    0.4218472
  -0.1690389    0.0331123   -0.1201336
   0.6376421    0.1057352    0.3373673
  -0.2845556   -0.0177234    1.1350394
  -0.0802760    0.0209883   -0.0012854
   0.2468476    0.1083400    0.0402626
   0.4393750   -0.3693685   -0.2473001
  -0.0747085    0.0725665    0.0358597
  -0.3456779   -0.2697059    0.8266577
   0.9251500    0.2345875    0.7376757
   0.0729144    0.1148779    0.1180787
   0.5959517   -0.4553856   -0.3109544
   0.0799100    0.4018632   -0.3850661
  -0.1386947    0.0541722    0.1524934
  -0.4792382    0.0093135   -0.1062292
   0.0396113   -0.2210086    0.7791875
   0.1867922    0.1672410   -0.0764323
  -0.0073367   -0.4439838    0.5197025
  -0.2948733   -0.3905251   -0.1891737
   0.0423267   -0.1924844    0.0188100
  -0.7146052    0.0026347    0.2111737
  -0.3988467   -0.4418508   -0.4715096
  -0.0721622    0.0080566    0.1793443
   0.2473942    0.0887792    0.1016444
   0.3273574   -0.8752372    0.5548838
  -0.0995123    0.0602919   -0.0975353
  -0.7226124    0.6651468   -0.5315180
   0.2698353   -0.0888532    0.3674874
  -0.1698503   -0.1153508    0.0880790
   0.1786139    0.7636723    0.3216093
  -0.2370207    0.5004683   -0.3431386
   0.1445998   -0.0214516   -0.0148901
   0.2102305    0.2876954    0.7722743
   0.0838743    0.0359781   -0.1503549
   0.0728749    0.2466007   -0.0264605
   0.5199340   -0.1070460   -0.4152341
   0.1755634    0.6005079    0.0832336
  -0.0526868    0.0537708   -0.0451108
  -1.1596118   -0.0405794   -0.7957338
  -0.0215602   -0.1824948    0.5913603
   0.1538338    0.0505274   -0.0720358
  -0.1109463   -0.1024456   -0.0231699
  -0.5177880    0.4740151    0.2229984
   0.0430433    0.1221258   -0.0542498
   0.4429687   -0.4579639   -0.4029180
  -0.1779644    0.4077522   -0.3822095
  -0.0115860   -0.0180565    0.0514340
  -0.0558327   -0.0440599   -0.0351368
  -0.4710929    0.2799758    0.3108421
  -0.1834465   -0.0593671   -0.0281365
   0.0639116   -0.2454501   -0.0664874
   0.5415107   -0.1405534    0.3966888
  -0.0246547   -0.0983978    0.0588002
  -0.6051686    0.5245549    0.6193019
   0.4870093    0.1066511   -0.1734439
   0.0153811   -0.1866283    0.0532579
  -0.2663573    0.2400384    0.0011548
   0.0990105   -0.9460564    0.9077244
  -0.0052694   -0.0716018   -0.1272201
   0.3400937    0.0149473    0.4574142
  -0.3505826   -0.0702907    0.8257810
  -0.1449051   -0.0407683    0.0269959
  -0.5039183    0.4748604   -0.5900614
  -0.6269065    0.8975868    0.2990282
  -0.1059097    0.1794353    0.0298220
   0.0452272   -0.0145998    0.5495723
   0.3872260    0.4359637    0.2268043
   0.1196494   -0.0340383   -0.0621181
  -0.0172506    0.4048642   -0.2608505
  -0.0682575   -0.1860329    0.1499474
   0.1301479    0.0838676   -0.0487516
   0.0934334   -0.2365483    0.8294583
  -0.0726098   -0.4927052    0.2153187
   0.1591892    0.0626436   -0.0616410
  -0.1282299   -0.0193883    0.2866698
   0.3651203   -0.2015885    0.2056907
   0.0607252    0.0461064    0.1517245
   0.5546619    0.2271018    0.3201862
  -0.5245752   -0.3490729   -0.2533318
  -0.0002979   -0.0175909   -0.0375672
  -0.1718642    0.2280516    0.2019110
  -0.3060691    0.7451780    0.3199928
   0.0876138    0.1334662   -0.0416251
  -0.1319276    0.0376747    0.1020617
   1.1403902   -0.3500188    0.1689616
  -0.0952081    0.1031993    0.1440164
  -0.3417113   -0.1793522   -0.5687762
   0.6981568   -0.5176283   -1.0300299
   0.2533160    0.0767572    0.1545125
   0.5285895   -0.0377328    0.3198813
  -0.2759946    0.0312020    0.1622158
   0.0409037    0.0948553   -0.1276486
   0.2903722    0.2432036   -0.5879754
   0.3230827   -0.3530582    0.1269533
   0.1048874    0.0570609   -0.0413036
  -0.4443930   -0.2404126   -0.0747949
   0.5043045    0.5540455   -0.4269150
   0.0367441   -0.1332532    0.1628382
   0.3909016    0.3365967   -0.2207869
   0.5359253   -0.2755183    0.2532047
  -0.0713706    0.0848604    0.1020126
  -0.0106340    0.0394519    0.3681469
  -0.4886486    0.0465115   -0.3916224
  -0.1132342    0.0505479    0.0147397
   0.3664549   -0.4693263   -0.0210311
   0.5391498   -1.0508527   -0.0023075
  -0.1647315   -0.0093347    0.0722960
  -0.7572256   -0.5040519   -0.1963625
  -0.5199019   -0.4055815   -0.2356547
   0.0304198    0.0764620   -0.0149246
   0.9074961    0.4097916   -0.7864496
   0.3129013   -0.3019310   -0.2433524
  -0.1221496    0.0168177   -0.1093551
   0.3710152   -0.6978704    0.9854851
  -0.5010632    0.0044994   -0.3090018
   0.0297843    0.0331161    0.1020842
   0.1071760   -0.5916319    0.1987481
  -0.6749048    0.2815517    0.7517822
  -0.1970502    0.0696055    0.1583054
   0.4333889   -1.0437802    0.6862708
  -0.2060380    0.8546289    0.1918453
  -0.0073345   -0.1571870    0.1094005
  -0.0752962    0.7447231   -0.1914951
   0.6074219   -0.7377276   -0.2374796
   0.0359124   -0.0370178   -0.0530708
  -0.1857644    0.7243088   -0.9698735
  -0.2538270    0.1760179    0.2265000
  -0.1148112   -0.0507519   -0.0773332
   0.5000159   -0.6339881    0.1412199
   0.6891804   -0.1793145    0.1069966
   0.0598583    0.0310410   -0.0719472
   0.1386549   -0.2020489   -0.3000589
   0.3286094    0.4206014    0.2296401
   0.0242887   -0.1080503   -0.0629452
   0.4847665    0.3215231    0.4625435
  -0.8903067    0.3217735   -0.2460258
   0.0975180   -0.0872483    0.0310455
   0.3336599    0.1717112   -0.1540037
   0.6019128    0.2697006   -0.2797676
  -0.0803568    0.0131016   -0.0351238
  -0.7201241    0.3965359    0.2016958
   0.4991154   -0.5214016   -0.0667568
  -0.0143244   -0.1196671   -0.0304109
  -0.6852994    0.1513467   -0.7337919
   0.0062263   -0.6816779   -0.0681156
   0.0550991   -0.0664703   -0.0854125
   0.1926792    0.2698804    0.1563519
  -0.0687243   -0.0649848   -0.3924636
   0.0313505    0.0690055    0.0523167
   0.1219875   -0.3677845    0.6157151
  -0.4880111   -0.2608600    0.2427394
   0.1625896    0.1445222   -0.0644897
  -0.8402642    0.5549405   -0.3600743
   0.0105248    0.2760465   -0.2975110
   0.1403427    0.1724748    0.0127087
   0.2826585    0.7765200    0.5254889
   0.8001513   -0.1980370   -0.4732202
   0.1983231   -0.0273854   -0.0926428
   0.3474704   -0.2592875    0.2723329
   0.1498238    0.2476737    0.2775506
  -0.0245352    0.0331171    0.0643716
  -0.4640556   -0.6383539   -0.1997886
   0.0359109   -0.7178138    0.2069064
   0.1622723    0.0880163    0.0766628
   0.1636549    0.3217203    0.8826210
   0.0872896   -0.0530165    0.1681029
  -0.0667650    0.0070253   -0.0279984
  -0.3234832    0.9012305   -0.3894053
   0.2370726   -0.7853936   -0.9906942
  -0.2407098    0.2103703    0.0493319
   0.4475635    0.7586405   -0.8300946
  -0.4613805   -0.5431972   -0.5769942
   0.0253873    0.1153828    0.1165983
   0.8981766    0.3281932    0.4050168
   0.0039243    0.3611273    0.5106988
  -0.0363854    0.1079497   -0.0178171
  -0.2232239   -0.0532842   -0.2758880
   0.0356441    0.0534046    0.0439287
  -0.0028342   -0.1336010    0.0919577
  -0.1308002    0.2217837    0.4419056
  -0.1016490   -0.5210017    0.0359403
  -0.1529819   -0.1089439   -0.0121683
   0.8192644   -0.2352455    0.0879433
  -1.0830667   -0.2199202    0.3250073
  -0.0053326   -0.0795432    0.1265691
   0.2955012   -0.3434507    0.2586846
  -0.1238336    0.1240832    0.4516338
  -0.0315471   -0.1934664    0.2030150
   0.0671718    0.3749337    1.2275840
  -0.1137920   -0.3608076   -0.3938026
  -0.0328263    0.0167924   -0.0203389
  -0.3024232   -0.2073794   -0.1499910
  -0.5199205    0.1858406    0.1001057
  -0.0927556   -0.1186930    0.1093873
  -0.3452303    0.4683822    0.1341651
  -0.4086081   -0.3292607    0.2209047
   0.1035379    0.1727309    0.0240566
  -0.0623220   -0.1179425    0.4773906
   0.0153183   -0.2486544    0.8719481
  -0.1140977   -0.0114597    0.1507117
   0.1560670    0.4716526   -0.3861721
   0.1576353    0.0269653    0.8292408
  -0.0055233    0.1854883   -0.0031197
  -0.0793282   -0.5933526    0.4193949
   0.0293895    0.7847731    0.1081797
  -0.0037261   -0.1917752    0.0405806
  -0.0238952    0.5470135   -0.1590232
  -0.1943216    0.1938738    0.5690463
  -0.0390017   -0.1060944    0.1559560
   0.7783590   -0.0384457    0.5674580
   0.3473968    0.0372986   -0.4362991
   0.0181075    0.0165556    0.1164141
  -0.5069992   -0.3566462    0.0342797
   0.2389697    0.1648116   -0.8197179
   0.1012472    0.0429847    0.1864899
  -0.6757382    0.5879582    0.4098630
   0.5334516   -0.2622106    1.0776888
   0.0665400    0.0247665    0.0333788
   0.6319752   -0.6999581   -0.3575550
  -0.0789358    0.3921227    0.0217210
  -0.0624559    0.1023483   -0.0679147
   0.0535402   -0.3494470   -0.7888589
  -0.3913922   -0.2321126   -0.3949279
   0.0211631   -0.0122732   -0.0710520
  -0.0445998   -0.3729795   -0.9238724
  -0.0696481    0.5910648   -0.3439770
   0.1120503    0.0658638   -0.1913564
   0.7264132    0.0725369   -0.1716903
   0.3754252   -0.3053547    0.6530649
  -0.1648816    0.0091155    0.0740058
   0.2295553    0.1509266    0.0976574
   0.9160088   -0.0132035   -0.7886838
   0.0014345   -0.1160860   -0.2317976
  -0.3327465   -0.0071875    0.7146707
   0.1381373   -0.6160257   -0.2168965
   0.0615348    0.1521069   -0.0954151
   0.4765932   -0.4682433    0.3844975
  -0.3286105    0.7765636   -0.5377009
  -0.0231059   -0.1302571   -0.1124600
  -0.1888483   -0.3528855   -0.4402452
   0.2092113    1.0903510   -0.7060230
   0.0423950   -0.1927517   -0.0562384
   0.7569222    0.1385716   -0.2062261
   0.0641423   -0.1495654    0.1740650
  -0.0831811   -0.1228223   -0.0343151
   0.4265594    0.3376197    0.8114029
  -0.2170942   -0.2237731    0.0130188
  -0.0315655   -0.1096559    0.0552775
   0.2567321   -0.2939098    0.0287122
  -0.1521148   -0.0832290    0.1865214
  -0.1112684   -0.1155162   -0.1295956
   0.4885177   -0.5011073   -0.0689206
   0.9434874    0.3222426   -0.1121504
   0.0317171   -0.1133030    0.0746181
   0.4647069    0.1122950    0.0214289
  -0.8120922   -0.6012174   -0.0462067
  -0.1242770    0.0706988   -0.2308889
  -0.5128469   -0.6542857    0.2738197
   0.1037261    0.9440808   -0.4045147
  -0.1045736    0.0363970   -0.0419504
  -0.7002138   -0.1860044    0.3232440
  -0.3211680    0.7165978    0.2740688
   0.0154296   -0.0058262    0.1247163
   0.4036539   -0.1610090   -0.0932018
  -0.3986896   -0.0083369   -0.2837395
  -0.1827531    0.0702700   -0.0332963
  -0.3938682    0.4541961    0.2977715
   0.2660901    0.2113412   -0.7933589
  -0.1782298   -0.1896627   -0.0900955
   0.2730009   -0.3059243    0.2994194
   0.0704195    0.0170818    0.2372971
   0.1814594    0.0500742   -0.0906736
   0.1610391   -0.5629333    0.7263786
  -0.5787550   -0.1884746   -0.7642113
   0.1151418    0.1189149   -0.1982585
   0.3089319   -0.2385305    0.0985361
  -0.0971211    0.7290453   -0.1623042
   0.1367007   -0.0178897   -0.0403527
  -0.2255131   -0.4746771   -0.6332489
  -0.2382978    0.0539021   -0.3231829
   0.0474961   -0.0293989    0.1248181
   0.2046045    0.0334894   -0.1046827
   0.1934974    0.2678796    0.8141810
   0.0557983    0.1442135   -0.1422693
  -0.1175453   -0.3662100   -0.4165872
  -0.0082618    0.2576964   -0.1579487
  -0.0669433   -0.1291718    0.1186910
  -0.0731795   -0.3993665    0.0798968
   0.2205738    0.4694995   -0.3729358
   0.1373813    0.1444731   -0.1296887
   0.1957790   -0.0570927    0.3506099
  -0.0629420    0.0830889   -0.9709985
   0.1979308    0.1294409    0.1734303
  -0.0337387    0.5519943   -0.3026457
   0.7311692    0.2124078   -0.6888084
   0.1430113    0.1642851   -0.0395888
  -0.2733540    0.3106456    0.2636214
  -0.4741147   -0.4194756   -0.0661986
   0.1149960   -0.1431495    0.0923790
   0.2463148   -0.0350400   -0.0178587
  -0.0450701    0.2237954   -0.2180896
   0.0076186    0.0362770   -0.0620650
   0.2774181   -0.4110332    1.1101005
  -0.2009692   -0.5118951   -0.4493526
  -0.0285306    0.0367177    0.0968519
   0.4446348    0.0977670   -0.4346730
   0.0716917    0.7258182    0.4672644
   0.0664467    0.0593838    0.1358391
  -0.2337960   -0.0479832    0.2245917
  -0.6837384    0.3824831    0.1605770
   0.1241640    0.0340869   -0.0797381
  -0.6022516   -0.3697727   -0.1196360
  -0.0433856   -0.3246530    0.4647700
   0.1016411    0.0244422   -0.2757865
   0.0065663    0.0119144    0.1382739
  -0.2770727    0.3313925   -0.6245598
   0.1150659    0.0339137   -0.1055162
   0.2158648   -0.5630841    0.1318119
  -0.0045234   -0.3853745   -0.6339688
   0.0750629   -0.0116672   -0.0245318
   0.1492499   -0.1693917   -1.4806993
  -0.5161984   -0.3718777   -0.1235230
  -0.0483146    0.0641763    0.2207796
  -0.3204820   -0.1556737   -0.2730654
  -0.3377140    0.0007020    0.4544889
  -0.0664648   -0.0106355    0.0109917
  -0.1135218   -0.0898054   -0.1751256
   0.0711899    0.0985823   -0.1743348
  -0.1864545    0.1175868    0.0969682
   0.6207879    0.0111006   -0.0280231
   0.1888388    0.0155390   -0.1888303
  -0.1535183   -0.0140981   -0.0459126
   0.6717872   -0.3136147    0.8678735
  -0.0216546    0.6842752   -0.1206923
  -0.0313071    0.1452719    0.2096825
   0.4966477   -0.0000550    0.4121551
   0.1926833    0.1770603    0.0996177
   0.1136628    0.0638419   -0.1798597
   0.6741395    0.3062343   -0.3602610
   0.3635210   -0.5324276   -0.2096944
  -0.0148932   -0.0433870    0.0869914
  -0.0264392    0.2288449    0.0760423
   0.7362058   -0.3303838   -0.6640874
  -0.1006953   -0.1102573   -0.3050803
  -0.0018504    0.1538624    0.5844530
  -0.2954754    0.2728483   -0.4526675
  -0.0880695    0.1547839   -0.1192743
   0.0427628   -0.0375848   -0.1311940
  -0.3425915    0.6737120   -0.3629366
   0.0037478   -0.1688748   -0.0198374
  -0.0890687    0.0713719   -0.3959770
   0.3461674   -0.5752391   -0.3572098
  -0.1543285   -0.0050496    0.1969501
   0.8066772   -0.0779933   -0.2772023
   0.1254204   -0.4338022   -0.0919040
   0.0188472    0.0760422    0.1254358
   0.5619792   -0.1331877    0.8527820
   0.3783627   -0.1135960   -0.0995471
  -0.1704902   -0.1841976   -0.0674205
   0.3280540   -0.1922629    0.0271133
   0.0884854    0.2560521   -0.0424545
  -0.1038922    0.0091683   -0.0545585
   0.7755988   -0.3675697    0.4310168
   0.0757818   -0.5137844    0.4207807
   0.0800440    0.0592297    0.1121322
   0.5667153   -0.8828892   -0.3867748
   0.5938941    0.5969066   -0.3603734
  -0.0494240    0.0810452    0.0864133
  -0.0882479    0.1449769   -0.2412628
   0.4357991    0.4332018   -0.1704074
  -0.0560502    0.0978764   -0.0678748
  -0.7636113    0.5241477    0.1027587
   0.1205539    0.3746637   -0.1942359
   0.0864455   -0.0783106   -0.0784672
  -0.0326160    0.1663800   -0.4603325
   0.3353674   -0.4312322   -0.4253513
   0.0201629    0.0062230    0.0540966
  -0.0269653   -0.0887236    0.2721275
   0.2695830   -0.2366915    0.0467104
   0.0850910    0.0948712    0.0237637
   0.6522014   -0.0837369    0.0195121
  -0.1927719   -0.0099654   -0.2681273
   0.2486929   -0.0498469    0.1024212
   0.6854019    0.0982786    0.5126157
   0.0487658   -0.7991037    0.0456296
   0.1503713    0.1115748   -0.2418639
  -0.0563877    0.3965123    0.4573229
  -0.0805662   -0.4442148    0.1957169
  -0.0266664   -0.0630184   -0.0556358
   0.5139343    0.1801899    0.1089148
  -0.0261599    0.0270318   -0.5695305
   0.0272164    0.0453543    0.0827968
  -0.0713904   -0.3788188    0.1626954
  -0.3661917   -0.1720627    0.2283540
   0.0161253   -0.0163820   -0.1339583
   0.3730579    0.2395186    0.4735307
  -0.3306587   -0.4653095    0.4950659
  -0.0069570    0.1524864   -0.1949321
  -0.0076902   -0.2797169    0.3162567
   0.1411632   -0.5422378   -0.2915881
   0.1184843   -0.0319372    0.1888796
   0.6761352   -0.1863494    0.4416488
   0.4904827    0.4432342   -0.1806947
  -0.1866406    0.0307759   -0.0992220
   0.5873340    0.9158449   -0.0972371
   0.0020123   -0.4434620    0.1783942
   0.0116522    0.0646499    0.0526429
   1.0575289    0.1319992   -1.0154600
  -0.1846860   -0.3381879    0.3362537
   0.2371796    0.0912569   -0.1759194
   0.6399615   -0.4970905   -0.8696378
  -0.0586744   -0.2375209    0.0206690
   0.1358653    0.0994129    0.0663479
   0.8079693    0.3582827    0.5104238
  -0.1137758    0.1699580   -0.1014275
  -0.0723156    0.0215613   -0.0367728
  -0.3842957   -0.5046970    0.3641379
   0.0767284    0.0503415   -0.4427614
   0.0719442    0.0614268    0.1428848
   0.3623578   -0.0378301    0.2901294
   0.2176105    0.2896039   -0.0231624
   0.0099020    0.0138323    0.0796163
   0.7079763    0.2253628   -0.1126309
  -0.1379613    0.5925505   -0.1035027
  -0.0210470   -0.0920529   -0.1516732
   0.3207683    0.0460048    0.5266383
   0.0823069   -0.2091018    0.7952634
   0.1678342   -0.0679296   -0.0432291
  -0.0223132   -0.0361201   -0.1198365
   0.2161810    0.2289239   -0.3137927
   0.2258589    0.0866501   -0.0267790
  -0.2816203    0.0584487    0.1199609
   0.2843724    0.0099942   -0.0702530
   0.1708940   -0.0806049    0.1774472
  -0.2768775   -0.1273363   -0.3350554
   0.4126357   -0.1112431    0.8645496
   0.1248355   -0.0191268   -0.1277988
  -0.1696493    0.4749806   -0.1116039
   0.1028184    0.3914001   -0.3571689
  -0.1143873   -0.0597416    0.2592488
  -0.6325703   -0.1754619   -0.0504535
   0.7435927   -0.6053033    0.4839146
   0.1780254   -0.0415838   -0.0941304
   1.3695035    0.4415320    0.2808673
   0.1558874   -0.3849316    0.7483056
   0.0077716   -0.0330591   -0.0578762
  -0.5711856   -0.7580811   -0.2856370
   0.0133225    0.5294542   -1.0382950
  -0.0189297   -0.0175228    0.1120500
   0.2594466   -0.1640793   -0.8562937
  -0.1192817   -0.3765475    0.1352427
  -0.0104466   -0.0604888   -0.0097173
   0.0443277   -0.6972494    0.0817280
   0.3555915   -0.3186850    0.2128230
  -0.1561554   -0.1407108    0.0212481
   0.2533638   -0.1834339   -0.1381053
  -0.1982953   -0.0535729    0.1162428
   0.1697956    0.0351476   -0.0698105
  -0.7957431    0.9259823   -0.2146420
  -0.7902826    0.2820776   -0.2114189
   0.0258417    0.1275516   -0.0815891
   0.1553644   -1.0616708   -0.4893730
   0.8888953    0.4655343    0.3273108
  -0.0778465   -0.0788926   -0.0846349
   0.1652001    0.9900219    0.1795370
   0.0428910   -0.0081862    0.0083331
   0.1534617    0.0596972   -0.0943376
  -0.1419907    0.2825729    0.0512729
  -0.4126317    0.1487662   -0.0096163
   0.0467146    0.1653409    0.1653735
  -0.5577363   -0.6212531    0.3289303
   0.8094153    0.2783849   -0.3560303
   0.0753384   -0.1735965   -0.0921775
   0.1162724    0.0239905   -0.6307662
  -0.4648604   -0.1343373   -0.6844281
  -0.0688266    0.1296866   -0.0591344
   0.3673658    0.5765817    0.2943306
   0.0029169    0.4477834    0.3252019
  -0.2333715   -0.0095393   -0.0517134
  -0.6901524    0.4275180    0.0575297
  -0.1178889    0.4147078    0.6279089
   0.0078537   -0.2097890   -0.1639484
   0.4754975   -0.4143465   -0.0504695
   0.0870948   -0.5481173   -0.1447583
   0.0410296   -0.0372980    0.0618746
   0.3721988    0.0572718   -0.2850528
   0.9397851    0.4238217   -0.1273121
  -0.1787851    0.1026542   -0.0080939
  -0.1462563   -0.2245942    0.4299519
   0.1384383   -0.7227880    0.3734206
  -0.2097791    0.0933623    0.0984460
  -0.1576983   -0.9704012    0.0767169
   0.5982779    0.2898518   -1.1726992
   0.0937500    0.0491101   -0.1236755
  -0.0097931   -0.2641435    0.3634526
  -0.0527733    0.3453404    0.0158675
  -0.1222648    0.0913235   -0.1072240
  -0.0308740   -0.2463729   -0.5676548
   0.6262743   -0.0107030    0.1329822
   0.0047198    0.0283835   -0.0903842
   0.3377363   -0.5987257   -0.5538466
   0.0157276    0.3443776    0.2516284
  -0.2294708    0.0270759    0.0688494
   0.1132831   -0.2681208   -0.1762989
  -0.7216607    0.1705336    0.7339433
  -0.0312439   -0.1211024   -0.0498812
  -0.2399902   -0.6069560   -0.1616649
  -0.1790870    0.2250609   -0.4399094
   0.0643358   -0.0385915    0.0701256
  -0.3524895   -0.7099683   -0.2439617
  -0.3854292    0.0176891    0.5536095
   0.1680831   -0.1496071   -0.1257413
  -0.3410319    0.0921492   -0.4345353
   0.2105947    0.1218002   -1.0830352
   0.0654437   -0.0895671   -0.1206135
   0.0790540   -0.8415800   -0.0666561
   0.1865647   -0.2840621    0.1893074
  -0.0251804    0.0364643   -0.0511453
  -0.0015251    0.8609622   -0.2499199
  -0.1773528    0.0850068    0.6521417
   0.1416114    0.0440417   -0.0747848
  -0.6141673    0.3515261   -0.2575539
  -0.5327024    0.1282032    0.1543359
  -0.1816474   -0.1498281   -0.0648005
   0.4547035   -1.1773918   -0.0319362
  -0.2704534   -0.6299498    0.5088283
   0.0763620   -0.0676439    0.0780447
   0.0323559   -0.1843617   -0.3933960
  -0.7570271    0.2881542    0.5065921
  -0.0216749   -0.0979780   -0.0698187
   0.1585683    0.1061428    0.0734467
  -0.4832099   -0.0201256    0.0397030
  -0.1346857   -0.0739568   -0.0434153
   0.3743343   -0.2667069   -0.2845633
  -0.6559213    0.6414938   -0.3652658
  -0.1793261    0.0677926   -0.0474357
   0.2889916    0.1507537   -0.1074704
   0.5827394    0.8462173    0.1249325
   0.1777857    0.0335262   -0.1587242
  -0.5819996    0.2991128   -0.4962687
   0.3647740    0.6513947    0.2644488
   0.0598555    0.1013714   -0.0894281
   0.3665156   -0.3146392    1.0856580
  -0.1310440    0.1532099   -0.3700352
   0.0985094   -0.0139493    0.2676522
  -0.2044414    0.1879326    0.5019285
   0.1373119   -1.1308435    0.8381474
   0.0525348   -0.0187544    0.0506196
  -0.5079324   -0.1660881    0.1014086
   0.3366452   -0.4025165    0.2248501
  -0.2080238   -0.1716687   -0.0627185
  -0.5454466    0.0993603    0.1065840
   0.2062614    0.2198839   -0.3873692
   0.1313239    0.0136361    0.0212569
   0.3495462   -0.5714110   -0.0608282
   0.4515170   -0.6638054   -0.3439485
   0.0574037   -0.0611978   -0.0656251
  -0.3046255   -0.3134605   -0.9184793
  -0.0415974    0.4833419    0.4398383
  -0.1180422   -0.0681687   -0.0545679
  -0.9540290   -0.0156714    0.1839344
   0.2097682    0.4530323    0.3252892
   0.0304257    0.0121217    0.0220643
   0.7556874    0.1280701   -0.2885342
  -0.5312082   -0.5183751   -0.8924722
  -0.0179361    0.0139126   -0.0368765
   0.6771929    0.5713019    0.2182461
  -0.8505342   -0.3048590   -0.2459287
   0.0167781   -0.0047125    0.0194229
  -0.6296665   -0.8819153    0.0457824
  -0.0779699    0.1918252    0.1691624
   0.0645914    0.0447794   -0.0123444
  -0.6952566   -0.1823352   -0.0349482
  -0.3719741   -0.3465379    0.2790818
   0.0569476   -0.1416296   -0.0908311
  -0.1631205   -0.2301331   -0.4169952
   0.8788779   -0.8412040   -0.1344378
   0.0829228    0.1024671    0.0878381
   0.1456526   -0.7218502    0.2386383
  -0.3216590    0.1731278    0.1653726
  -0.0165261    0.1991738   -0.0317310
   0.5978107   -0.0610376   -0.0004004
  -0.0738653   -0.1293755   -0.3029291
   0.3431549    0.0510610   -0.1315412
  -0.0056030   -0.7272854    0.2272061
  -0.4652456    1.0128812    0.0533797
  -0.0494347   -0.0568882    0.0768711
  -0.1663499    0.3349333   -0.5769131
  -0.1814525    0.4907190    0.2028788
  -0.0736294   -0.0002402    0.0441575
  -0.1320062   -0.2647560   -0.4315197
   0.4613226   -0.0497511   -0.6220126
  -0.1325181   -0.0695485    0.0195059
  -0.0210889   -0.2692103    0.3619156
  -0.3612531    0.2211189   -0.2970143
  -0.0598958   -0.0696189    0.1885766
  -0.3934188    0.3179629   -0.3656937
   0.3690935   -0.3175678   -0.2919987
  -0.0516670    0.0323740   -0.2410965
   0.2558471   -0.0464858    0.4162207
  -1.2524269    0.1914547   -0.1730416
  -0.0150652    0.0243499   -0.1342117
   0.1182812   -0.1113772    0.5615054
   0.2372097    0.2832591    0.0031979
  -0.0078308   -0.0169573    0.1191868
  -0.3701111    0.5105792   -0.0444480
   0.7577238    0.1082062   -1.1125495
   0.0664508   -0.0585436    0.1490696
  -0.0478751   -0.1194866   -0.0196371
  -0.5466253   -0.0389312    0.6631944
   0.0222276    0.2169289   -0.1279577
  -0.2959033   -0.1544312   -0.1329657
  -0.4454041    0.3153149   -0.7726887
   0.2096455   -0.0613598    0.1256326
   0.2056717   -0.2573529   -0.1307061
   0.2143140    0.4986272    0.0603610
   0.1401356    0.0779962    0.0411870
  -1.0906852   -0.3802240   -0.8064399
   0.3211326   -0.0373578    0.1158380
  -0.1824394    0.0219544    0.0106090
  -0.2153593    0.0070953    0.4410574
  -0.0299824   -0.3614157    0.0030609
  -0.0306597    0.0006253    0.1441352
  -0.7650167    0.3691386   -0.4583409
  -0.4412096    0.3397227    1.0176628
   0.1755957    0.1164180   -0.0288910
   0.4761986    0.0365980    0.0140874
   0.0306203   -0.1128665   -0.2757500
  -0.1372444   -0.0929785   -0.0579566
  -0.5050232   -0.8896597   -0.4364862
  -0.6117293    0.3481574    0.1205263
   0.1439935    0.0911985    0.0674982
   0.2295261   -0.3518189   -0.5833787
   0.0902098   -0.2567564   -0.4184029
  -0.0654336   -0.0155316    0.0367083
  -0.5294454    0.4534224   -0.0412339
   0.7072861   -0.1582693    0.2471908
   0.0100795   -0.1975020   -0.2095608
  -0.1121385   -0.4843559   -0.5548669
  -0.0351593   -0.3809346   -0.2192016
  -0.0771968   -0.1400328    0.0442374
  -0.4022164    0.1252217   -0.2617122
   0.3282235   -0.5316699    0.2557515
   0.0578048   -0.1594312   -0.0758115
  -0.3425444    0.4195879   -0.0929734
   0.4733019    0.4265840   -0.7721162
  -0.3711570   -0.0053848   -0.0162292
   0.0520539   -0.5575124    0.3107166
  -0.6860047   -0.5025396   -0.2335580
  -0.0482101   -0.0895742    0.1076072
  -0.0490935    0.3583827    0.8129346
   0.0921489    0.4267798   -0.8719766
  -0.1457024    0.0896904    0.0071326
   0.9536623   -0.8824914   -0.1323352
  -0.4253793    0.1536139   -0.2049626
   0.0501219   -0.1465091   -0.1077704
   0.0154371   -0.2343404   -0.3809879
  -0.8247564    0.4307539   -0.4531828
  -0.0105242   -0.1081466   -0.1573732
  -0.0900525    0.1503485    0.1740601
   0.4426968   -0.1399473    0.0092420
  -0.1379779   -0.0083986    0.0299168
  -0.0971249    0.0976348   -1.1480488
  -0.3720608   -0.9479335    1.0267259
  -0.1135545   -0.0789392    0.0698566
   0.2462599   -0.3078199   -0.1945039
  -0.3816920    0.7116467   -0.1079038
  -0.0631624   -0.1643120   -0.1408234
   0.3188975   -0.1877948    0.9794774
  -0.6604207   -0.6793808    0.2019817
  -0.0323480   -0.0722733   -0.2040838
  -0.6242858    0.1104246    0.2798298
   0.1445103    0.7781821    0.2096438
  -0.0314360   -0.2104248    0.1566884
  -0.2955222    0.0193366   -0.2232341
   0.0197468    0.1179472   -0.0270537
  -0.0908993    0.1284266    0.2073548
  -0.1877960    0.0836143   -0.6432837
  -0.1216737   -0.1288735   -0.6231310
   0.1929415   -0.1872618   -0.0338925
  -0.0194235    0.1511029    0.1586431
  -0.2137442    0.0103397    0.1573935
  -0.0689970    0.0061979   -0.0466012
   0.4679784    0.8555680   -0.1761961
   0.4603239   -0.0402302   -0.1753566
  -0.0982585    0.0407352   -0.1168819
  -0.6700293    0.3252687   -0.2833607
  -0.6064162   -0.1340312    0.3251376
   0.1558760    0.0846411    0.0071344
  -0.1836721   -0.1674541    0.2091937
   0.0509870   -0.4613496    0.0340423
   0.1230897    0.1668344    0.0727694
   0.9739429    0.2231769   -0.0059525
  -0.4400367   -0.0946655   -0.1439998
   0.0258108    0.0631731   -0.0330523
   0.3816179   -0.3894750    1.1005380
   0.2718925    0.6134735   -0.1991139
  -0.1383984   -0.0104514   -0.0635331
  -0.5266087   -0.3596239   -0.2685837
   0.1690417   -0.2045936    0.2293097
  -0.1816815    0.1104719   -0.0929688
  -0.8852214   -0.0512266    0.2907602
   0.1871888    0.1801090    0.8106698
  -0.1403551   -0.0636155   -0.0656369
   0.2417357   -0.7047416   -0.7366935
   0.2836686    0.1981219   -0.0190082
  -0.1069659   -0.0849822    0.0115114
   0.0927263   -0.4257729    0.4281628
  -0.4282123   -0.7271207    0.7273343
   0.0214420   -0.0129050   -0.0881339
  -0.0270879    0.2446474    0.3562824
  -0.1161879   -0.4123516    0.2753369
  -0.0802898    0.1750337    0.1162442
  -0.9328128    0.7328005   -0.0839221
  -0.8010337   -0.2054122    0.4092026
  -0.1903759   -0.1562554    0.1336473
   0.8385839    0.2494973   -0.6655053
   0.0428021    0.3845806    0.0964049
   0.1312981    0.0262245   -0.0656901
  -0.7702012    0.0692388    0.7163481
   0.0901836    0.1897342    0.2801275
  -0.2096345    0.1379056    0.2373926
  -0.0165945   -0.6936851   -0.2091505
   0.1626375    0.2823597    0.6859284
  -0.1268324   -0.0429879    0.0147331
  -0.5148132    0.3385286    0.7510442
  -0.6183873    0.1051028   -0.4293242
   0.0666994   -0.0667763   -0.0865593
   0.1294059   -0.0869871   -1.0207649
  -0.0536371    0.2773215    0.0081542
  -0.1146182   -0.0449851    0.1641710
   0.7548797    0.1385529   -0.6724790
  -0.3908805   -0.0805877   -0.1670127
   0.0074243    0.0337900   -0.0767981
  -0.3616512   -0.4806011    1.0157475
  -0.0324542    0.5803493    0.0528350
   0.0756509   -0.1559122    0.1933182
  -0.0098446    0.0825166   -0.1416595
   0.6632001    0.1478008   -0.1998477
   0.0171824    0.0877702   -0.0205751
  -0.3890436    0.1122205    0.7334699
  -0.0066772   -0.1755263   -0.0879265
  -0.0334926   -0.1034314   -0.1947331
  -0.1268512    0.2835575   -0.1607314
  -0.1050015    0.1513011   -0.7895602
  -0.1341033   -0.0317370   -0.2243420
  -0.2241413    0.3586607    0.0860498
  -0.6658208   -0.0641414    0.6681288
  -0.0936893   -0.1382517    0.2472334
  -0.0034604    0.4416747    0.0207810
  -0.4831539    0.0417585   -0.1343440
  -0.0791727   -0.0025529    0.0194518
  -0.7624949    0.0347882   -0.3602192
   0.4254355   -0.4849714   -0.0469598
   0.0294531   -0.1001100    0.0934581
  -0.1258923   -0.2018520    0.9075176
   0.1503193   -0.4530829    0.1153986
   0.0761572    0.0091867   -0.0746559
   0.3194048    0.2189969    0.2124656
   0.6554171   -0.2361644    0.0906628
   0.0957842   -0.0622108    0.0640697
  -0.3101416    0.3158353   -0.5393140
   1.0728711    0.3982542    0.4660377
   0.0757178   -0.1846536    0.0010860
  -0.5735335   -0.4734504   -0.1808628
  -0.2104315    0.6950867   -0.0426573
   0.0708979   -0.1669288    0.1168031
  -0.2056471   -0.2113099    0.3487025
  -0.3786937    0.8822836    0.3586859
   0.0377722   -0.1603267   -0.1649722
   0.4753951   -0.0556975    0.5745235
  -1.2314923    0.4005820    0.0003559
  -0.2187997   -0.0579026    0.0237600
   0.5070115   -0.3220889   -0.5164962
   0.0017372    0.0408005    0.5221547
  -0.0153558   -0.1125314   -0.0945017
   0.3955444    0.3292566   -0.2515857
  -0.4154446   -0.9964867    0.0438841
  -0.0905312   -0.1011963   -0.1342791
   0.1148079   -0.2108956   -0.1819498
  -0.4542219   -0.5593643   -0.5939181
   0.0895906   -0.0693244    0.2219822
  -0.5033246    0.2284189   -0.6413156
   0.7064692   -0.1957657    0.3001011
   0.0380545    0.2024892   -0.1787731
   0.2988224   -0.2868539    0.5468830
   0.1591207   -0.6353179   -0.9984652
  -0.0643455   -0.0558781   -0.2899553
  -0.0288508    0.1740531   -0.1433213
   0.0478214    0.2076559   -0.3528709
  -0.1420261   -0.1600429   -0.0555341
  -0.3598178   -0.3206910   -0.3437790
  -0.2943715   -0.3992206    0.6362571
  -0.1130879    0.0659732    0.1302511
  -0.3312047    1.1421458   -0.1689191
   0.3299447   -0.6357002   -0.3996088
  -0.0944194    0.0970692   -0.0057090
   0.2635823   -0.4429799   -0.5709314
  -0.1942407    0.1839698    0.1990922
  -0.0211721    0.0097650   -0.1980213
   0.0034581   -0.0394397   -0.3148001
  -0.2274411    0.5052016    0.2183297
   0.1304156    0.0271038   -0.1771681
  -0.7263595    0.0355480   -0.8410529
   0.1524307    0.4696727    0.3347006
  -0.0847659   -0.0071500   -0.0548614
   0.4750296   -0.2930191    0.2264348
   0.4047745   -0.4552294   -0.2048389
   0.2365729   -0.1764606    0.0275437
  -0.2275744   -0.1243177   -1.0835409
  -0.2449923   -0.0762640   -0.1375266
  -0.0753838    0.0729390    0.0509520
   0.3053175    0.0328980    0.6827760
   0.3075080   -0.2691540   -0.2681177
  -0.0665455    0.0992310    0.1138004
  -0.0268458   -0.4142876   -0.3322636
   0.4439806   -0.2098665    0.2017089
  -0.0089201   -0.1083326   -0.0838957
   0.1560184    0.0388796    0.0932318
   0.4433854    0.2575711   -0.0990039
  -0.0356890    0.1618575   -0.0967005
   0.0368346    0.8832327   -0.2256618
  -0.3381881   -0.3442963   -0.3844291
   0.0494861   -0.1010212    0.0785712
  -0.0992281    0.1208226   -0.3754821
  -0.0979262    0.0269267   -0.2593350
   0.1173680   -0.1425262   -0.1538033
  -1.0970418   -0.0689056   -0.1320726
  -0.5406188   -0.2878526    0.1516947
  -0.1120862   -0.0181405   -0.0345097
   0.1624367    0.2963498    0.4281041
   0.0088266   -0.1634550   -0.1836711
  -0.0173751    0.0169573   -0.1025097
   0.0624304    0.4543002    0.8902878
  -0.4505918   -0.3628376    0.4223448
   0.0261156   -0.0481584   -0.0004725
  -0.0596455    0.4740160    0.5306116
   0.4056660   -0.3376966    0.3610024
   0.1421394    0.1683670    0.0935247
  -0.1556092    0.4806319    0.2606453
  -0.3480342   -0.2005443    0.8305244
   0.1945407    0.0035425   -0.0393055
  -0.1237362    0.5500053   -0.4288388
   0.0774178   -0.1220869    0.0611812
  -0.0492168   -0.0031872    0.0680675
  -0.4188429    0.2966284    0.0018746
   0.2538636    0.7270896    0.0749609
  -0.0561940   -0.1402157    0.1835218
  -0.0000740   -0.0399387    0.7264145
  -0.2272776   -0.9137955    0.0414490
  -0.0780267    0.1027626   -0.1355877
   0.1551395   -0.9941728    0.0766326
  -0.0296719    0.1703627    0.6631863
  -0.0869550   -0.1259715    0.0943630
   0.2568913   -0.1686134    0.2420204
   0.0303873    0.8192008    0.1230749
  -0.1019777   -0.1665183    0.0794671
  -0.8149492    0.0476669   -1.0633484
  -0.4145321   -0.4131095   -0.4753201
   0.0385550   -0.0642996    0.1502123
  -0.1794672   -0.2985334   -0.2169918
   0.3443698    0.5403234    0.5371268
  -0.0450873   -0.0426352   -0.0162026
   0.3165120   -0.2677850   -0.4196523
   0.8969777   -0.0954346    0.4798469
   0.0274618    0.0412734    0.0868591
  -0.0180705   -0.5152230   -0.3621272
  -0.4936386    0.1271343   -0.2481442
   0.1786437    0.1717499   -0.0940636
  -0.2725835   -0.1440613    0.9294761
   0.6196498    0.4182254    0.2309274
   0.0792053    0.1166089    0.0469933
  -0.2259355    1.0689551    0.4112078
   0.4604174    0.1477406   -0.5379780
   0.0231767    0.2041910   -0.0991509
  -0.1647470    0.2049972    0.1206046
   0.0651451   -0.3870031   -0.7488028
  -0.0763219   -0.0145399    0.1707270
  -0.4403384   -0.4160648    0.3204857
   0.6148158   -0.0192484   -0.1560515
  -0.0892097   -0.2239624    0.0374065
  -0.9464226   -0.2358226    0.4003655
   0.7684652    0.9101256   -0.4358757
   0.1237154   -0.0640163    0.1658157
   1.3993722   -0.0834519    0.2363097
   0.3699956   -0.0673324    0.2617031
  -0.0406727   -0.0442084    0.0012696
  -0.8024068   -0.7040808   -0.2237173
   0.6426845   -0.6480274    0.1994449
   0.0711134    0.0313165    0.0522014
   0.4693452    0.4401918   -0.0297621
   0.4450859   -0.1695537    0.4101778
   0.0726244    0.0868273    0.0872062
  -0.3555098    0.4124485   -0.7270598
   0.8581499   -0.3240817   -0.2664480
   0.0017379   -0.1284880   -0.0712362
  -0.1503929    0.4483148   -0.2446943
   0.0120462    0.2236762    0.8216501
  -0.1255522    0.1291317   -0.1063229
  -0.2532663    0.1083112   -0.0841704
  -0.0563325    0.3466277   -0.1818373
   0.1163977   -0.0808304   -0.0140785
   0.2896197    0.3654415   -0.5960858
  -0.3479688    0.0442026    1.0795273
  -0.0027842   -0.0775913   -0.0680650
  -0.2424894   -0.3108214   -0.0673068
   0.3856822   -0.0635088    0.7680871
   0.1967781    0.2190089    0.1338378
   0.6505612    0.1941754    0.1586608
   0.0451837    0.7636779    0.3644592
  -0.1660310   -0.1511274   -0.0175011
   0.0524576    0.2974286   -0.5407360
   0.0920139   -0.1667683    0.4478652
   0.1019616   -0.0543441   -0.0226444
   0.0680146   -0.4086581    0.4688462
  -0.3238641   -0.5144605    0.2002725
   0.0264545    0.0256370    0.0202365
  -0.4944178   -0.0609931    0.1202431
  -0.1620475   -0.1915063    0.2540430
   0.0665620   -0.0036620    0.0318210
   0.3068580   -0.3594089   -0.5894932
  -0.4066649    0.0040628   -0.2991508
  -0.0462530   -0.0841745    0.0547789
   0.0458225   -0.4233919    0.4236036
  -0.8088098   -0.6748942    0.5187773
   0.2461495   -0.2083089    0.0760124
  -0.5522917    0.1776384    0.0970482
   0.0122925   -0.5261298    0.0504108
  -0.0981592    0.0330274    0.3875146
  -0.3861918   -0.0958870    0.4802981
  -0.1517721   -0.1272032    0.2512798
   0.0998141   -0.0019272    0.0398800
   0.1196580   -0.0682654   -0.0591715
   0.1100301   -0.4480835   -0.1943749
  -0.1584988    0.2095412   -0.0630925
  -0.0649867   -0.2473866    0.0256915
   0.0777383    0.1885788   -0.0797164
   0.1773606    0.1611237   -0.0478303
  -0.2797169    0.1415620    0.6613294
   0.0749236   -0.1599992   -0.1130750
   0.0385042   -0.0484262   -0.0583127
   0.1058234    0.3573130   -1.0149039
   0.0172464    0.2300677   -0.0780000
   0.1458028   -0.1393237    0.1640466
  -0.1915719   -0.0402196   -0.8230154
   0.5782048    0.3081733    0.5462339
   0.0875293    0.0192590   -0.1133867
  -0.2640517    0.2632883    0.3537778
   0.1828808    0.6373830    0.0506617
  -0.1291119    0.0031750    0.0239805
  -0.3612744    0.2189326   -0.0959124
  -0.9480134   -0.7662821   -0.6366901
  -0.0147699    0.0724143    0.2163012
  -0.4784342    0.5517764    0.2518906
  -0.1502484   -0.2984083   -0.3577648
  -0.1427301   -0.1238223   -0.0844114
  -0.2635076   -0.0893566    0.4045747
   0.0096333   -0.1529669   -0.0064043
  -0.0162349    0.0440012    0.0812025
  -0.8097805    0.0239582    0.3057486
  -0.0973858    0.2274604   -0.2703699
   0.0775020   -0.1944977    0.1585819
  -0.3951559    0.6477100    0.1431741
  -0.6825188   -0.1710974    0.7242540
  -0.1452065   -0.1017685   -0.0768294
   0.0950850   -0.1160803    0.1339817
   0.4239838   -0.3823958    0.3594664
  -0.0125267    0.0551009   -0.0211977
   0.7081704   -0.7298932   -0.0768915
  -1.3123842   -0.2040042    0.6591718
   0.0994032    0.0039616    0.0063861
  -0.2596309   -0.1614442    0.0019957
   0.3653660   -0.0360877   -0.5287772
  -0.0321437   -0.0732484   -0.0274140
   0.2165696   -0.4146492    0.9222498
   0.3980803   -0.6164651   -0.0656213
  -0.0811559   -0.0086188    0.1564874
  -0.8713593   -0.5579858    0.1921831
   0.6401641    0.0132925   -0.0219303
  -0.1521702   -0.1006717   -0.1373103
  -0.2634247    0.9812227   -0.1239702
   0.1009771    0.1286095   -0.3673711
   0.0996386   -0.0075505   -0.0567814
   0.2347840    0.5341135    0.4492009
  -0.2592822    0.2182948   -0.5810843
  -0.0018274    0.0170237   -0.0278389
   0.1966900    0.1028195   -0.3525900
  -0.3846385   -0.6155880    0.6853557
  -0.0369054   -0.0351264    0.0231452
   0.2262031    0.5091972    0.0176504
   0.3649961    0.4170766   -0.6056661
  -0.0330853   -0.1635662   -0.2182072
   0.6803430   -0.2374202    0.2319137
   0.7478514    0.4933552   -0.5642377
   0.0011453   -0.1003649   -0.1829319
   0.2528635   -0.0887306   -0.2593113
  -0.1870377    0.0911551   -0.1390916
  -0.0620155   -0.1405493    0.0089361
  -0.3701230    0.2771287   -0.4376355
  -0.4365810    0.2964560   -1.1128964
  -0.0118733   -0.1321884    0.2222296
  -0.2640673   -0.3406265   -0.2803260
   0.8717244    0.2829240    0.3279150
  -0.2491810    0.1029761   -0.1390349
   0.2494903    0.2614697   -0.3862160
   0.3022155    0.7060326   -0.5977271
   0.1278670    0.1390208   -0.0090445
  -0.7821470    0.7544765    0.2481612
   0.4093827   -0.5400223    0.5686382
   0.0780308   -0.1545218    0.0306241
   0.5816992    0.8566540   -0.2366452
   0.1462524   -0.1114988    0.0427978
  -0.0722076   -0.0242392    0.0300601
  -0.1499646    0.2588747   -0.2674476
  -0.1454095   -0.5185722    0.6402370
  -0.0129649   -0.1157113    0.0120584
  -0.2977216   -0.3326260   -0.4101205
  -0.3727235    0.4332878    0.3931888
   0.1256865    0.0038395   -0.2018355
  -0.4568026   -0.2549661    0.8919620
  -0.0082547    0.1767783   -0.1472996
  -0.0623618   -0.0612492    0.1659192
   0.4712445   -0.8488858    0.0945658
  -0.9509643   -0.4010929   -0.1177447
  -0.0648759    0.2614589    0.0226098
   0.3942678    0.0329877   -0.0938761
  -0.3154402   -0.1124655   -0.6144044
   0.0345678    0.2848722    0.0459829
   0.3750854   -0.0920229   -0.5150281
  -0.2054875    0.2846094   -0.1427214
   0.1308997    0.0251179   -0.1357553
  -0.2153307    0.3078975    0.0831930
   1.3488157   -0.0951903    0.4200402
   0.1989432   -0.1252842   -0.0434323
   0.8950658   -0.1018858   -0.0945224
   0.2505981    0.4242420   -0.2671735
  -0.0080417   -0.0871491   -0.0012243
  -0.4603367    0.2080841   -0.0436694
  -0.5237665    0.7400252   -0.2541146
   0.1451508    0.1101806    0.0873664
  -0.0528662   -0.5807257    0.1511274
   0.5054742   -0.2481676    0.9986125
   0.1352482    0.1818979   -0.0691013
  -0.3768462   -0.1002485    0.5605454
  -0.0595545    0.2114032   -0.6285188
   0.0489587    0.1089332   -0.0165826
  -0.1739958    0.6651804    0.0491825
  -0.3816409    0.7706167    0.3642231
  -0.1354661   -0.0416109    0.0147101
  -0.0966602   -0.5046322   -0.2949951
  -0.4549558   -0.1565106   -0.0678782
   0.1458179   -0.0515329   -0.1338758
   0.2824247   -0.2790019   -0.3998465
   0.0809259    0.2391739    0.2179630
   0.1365390    0.1293253   -0.1093574
   0.6184341    0.3924685    0.2868127
  -0.5986620   -0.5914293   -0.0133955
   0.0162998   -0.0780732   -0.1048087
   0.4544343    0.0223933    0.0611132
  -0.2317838   -0.1165805   -0.8178152
   0.0060414    0.1184833    0.1366001
  -0.3016102    0.7137164   -0.0295965
  -0.8932588    0.5557904   -0.9627329
   0.0470139    0.1254586   -0.0425373
   0.3318753   -0.0566360    0.3280507
   0.0896730    0.8591397   -0.6534907
  -0.0703319   -0.0314095   -0.0390332
  -0.4836946   -0.1651888    0.0129350
   0.0094190    0.5834047   -0.3131118
   0.1891396    0.1258683   -0.0094228
  -0.1873932   -0.6625931    0.5797693
  -0.4109812   -0.0802223    0.4475147
  -0.1145381    0.0529082   -0.1743497
  -0.3496216    0.3719105    0.2832847
   0.2319722    0.0688893    0.1816448
   0.0133290   -0.0979562   -0.1041483
   0.1376279   -0.3938255   -0.3166658
   0.2965378   -0.0585878   -0.7801228
  -0.1949601   -0.0782631    0.0052651
   0.4458418   -0.7629943    0.4543920
   0.4007177    0.4092914    0.0194801
  -0.0307264    0.0686911    0.0148235
  -0.1676936   -0.3719123    0.3160448
  -0.2516209    0.9481130   -0.3685520
  -0.0258352   -0.1234578    0.0731308
   0.8818775   -0.3398738    0.5289292
   0.3498789    0.1234155   -0.1957388
  -0.0024684   -0.0355925    0.1403721
   0.0716816    0.3626639   -0.1320940
  -0.0802461    0.5859090   -0.8620441
  -0.0905101    0.0172538    0.0972777
  -0.7136716    0.4123601   -0.5756676
   0.1276595    0.5910786   -0.0709158
   0.0118306   -0.1106197    0.0843891
   0.0008245   -0.1971644    0.6975297
   0.1015756   -1.2465115    0.2710203
   0.1126811    0.1129035    0.1162302
   0.7421997    0.3896422    0.4303522
  -0.9435664    0.1160635    0.2185705
   0.0736413    0.0192544    0.0321940
  -0.2296761    0.3173932   -0.2652470
   0.0998874    0.0649214    0.1571147
   0.1740116    0.0447146   -0.1266891
  -0.4507686    0.2540427   -0.1183957
  -0.3167331   -0.2740611   -0.1693472
   0.1316283    0.0235716    0.0998861
   0.6153939   -0.0060948   -0.0058450
  -0.1100615   -0.4917852   -0.3512125
   0.1256724    0.0293890   -0.0431901
  -0.1328227    0.0467422   -0.0010734
   0.0370078   -0.3952107    0.3435267
   0.1334885   -0.0974176    0.1778123
   0.0543744   -0.3518276   -0.3382214
   0.1818864   -0.6048494   -0.1521846
   0.0403954    0.1612456    0.0706167
   0.3290057   -0.4798941   -0.8752220
   0.1256706   -0.8175174    0.0218080
  -0.0204830    0.0096021    0.1631259
  -0.1765236   -0.4593893    0.2099552
  -0.2977763   -0.5860667    0.6066851
   0.0107188    0.0491308   -0.2049268
   0.3920373   -0.2734269   -0.6740593
  -0.7684584    0.6977811    1.3604114
  -0.1211350   -0.1927785    0.0249629
   0.2367854   -0.1068475   -0.4575520
  -0.0529351    0.8872707   -0.6279460
   0.1049181    0.0472535    0.0636211
   0.1552023    0.1423521   -0.0693373
   0.4859677    0.1716435    0.2680971
   0.1441800   -0.0052708    0.1656447
  -1.0141475    0.2777193    0.2140377
  -0.0098746    0.2020835   -0.5267335
  -0.0519598   -0.0533155   -0.1723711
  -0.4478030    0.1819717   -0.3504260
  -0.0094614    0.9703611   -0.1029223
   0.0884380   -0.1692813    0.0912227
   0.9032404    0.4801265    0.2167754
   0.1003612    0.0375210    0.1672890
   0.1694499    0.0692853    0.0403048
  -0.2757315   -0.2147821    0.2009718
  -0.3071085    0.7829391    1.0244230
   0.1725509    0.0199327   -0.0993814
  -0.2417812    1.1604894    0.0058109
  -0.0318991   -0.1740209   -0.2556655
   0.0159175    0.2121374   -0.0171198
  -0.0069556    0.0640180    0.1057046
  -0.3808922    0.2400374    0.0768697
   0.1038365    0.0054986   -0.1283644
   0.6041259    1.0473486    0.8024136
   1.0405542    0.9192076   -0.8173787
   0.0782073    0.0410012    0.1023941
   0.7484475    0.6890559    0.1505243
   0.4712989   -0.2412904    0.0734257
  -0.1355348    0.0992750    0.0510279
   0.2285365   -0.3667836   -0.0064493
  -0.3275895   -0.5246285    0.2478588
  -0.1070689   -0.0788581    0.0181637
  -0.1654628    0.1109345    0.4172795
   0.8384355    0.2715738   -0.4837859
  -0.1746111    0.1653518   -0.0574752
   0.8327814   -0.1530467    0.5021653
  -0.0756614   -0.2487679   -0.0583610
   0.2078223    0.1697262   -0.1102099
  -0.2449728    0.5389744    0.4018882
   0.5866615   -0.0105802    0.5517580
   0.1380253   -0.0944261    0.0219407
   0.4342430    0.0241595    0.5347177
   0.2568467   -0.1706151    0.2001284
  -0.0455886    0.0781290    0.0474685
  -0.0639646    0.3235424   -0.4950355
  -0.5077121    0.6709253   -0.3281100
  -0.1677904    0.1186207    0.0029481
  -0.2443755   -0.0206968    0.2768351
  -0.3155347   -0.3546646   -0.3188316
   0.0843675   -0.1199453   -0.1588804
   0.3825614   -0.5577457    0.1904561
   0.1619464   -0.0089858    0.5796660
  -0.1679990    0.0126641    0.0417494
  -0.4958070    0.8693191   -0.3559087
  -0.2937903    0.3583196    0.5634797
  -0.0389343   -0.1214284    0.1842126
  -0.2973144   -0.0187893    0.4221042
   0.4985392   -0.0687255   -1.0281712
   0.1585658   -0.0029234    0.1745587
   0.0834889    0.4486520   -0.0103257
   0.3499414   -0.2863068    0.0392765
   0.0115431   -0.0319330    0.0135916
   0.1403872   -0.3503016   -0.0526691
   0.0075406   -0.0428874    0.5071642
  -0.0628355    0.2031787   -0.0079428
  -0.1163294    0.2728574   -0.1875586
  -0.7967508    0.1900940   -0.0952495
   0.0717057    0.1805637   -0.0678986
   0.3035132   -0.7282018    0.0456015
   0.1370972    0.0493911    0.5125120
   0.2508307   -0.0154523    0.2116253
   0.6284280    0.3343886    0.3056169
  -0.0541801    0.2745857   -0.3775779
  -0.0549281   -0.2589136   -0.0246941
  -0.1241359   -0.3850784   -0.4805753
  -0.0058658   -0.4406137   -0.0030246
   0.0054249   -0.0673822    0.0906249
   0.2503972    0.4056118    0.1143446
   0.1476341   -0.2103907    0.0455159
  -0.1219847   -0.0650988   -0.0158613
   0.6948664    0.5046622   -0.6988540
  -0.0665101   -0.9036066    0.5358545
   0.0816584   -0.1178856   -0.0510544
   0.1416385    1.0686777   -0.9480897
  -0.5406957    0.0149170   -0.0315540
   0.3068611    0.1540277    0.2393520
   0.4418784   -0.6289409   -0.4828935
   0.4625042   -0.4256130    0.1355313
  -0.0590488   -0.0172089    0.0276553
  -0.0639889   -0.3034919   -0.4284833
  -0.3665577   -0.1318012   -0.2705596
