24192 200.0000000000 99999
   4.7353015    7.6871576    6.5200438
   4.9228244    7.8346667    7.4738483
   5.3746057    8.4425125    6.1654701
   4.9903026    8.6710987    9.3309326
   4.7512236    7.7516880    9.6260138
   4.1011362    9.0853853    9.6320143
   4.9443240    5.6497269    2.9191890
   4.7854252    5.4946108    3.9247110
   4.1568031    5.0594678    2.6752880
   4.5666924    5.2565928    5.5290389
   4.5058823    6.1962686    5.9638786
   3.8908103    4.8206754    6.1592622
   6.9088326    4.4098868    6.5125394
   6.1281033    4.6453362    5.9087682
   6.8846450    3.4115276    6.2560782
   6.9180565    4.7895122    9.1322670
   6.9394946    4.6864014    8.1050987
   6.9319782    3.7732985    9.2741261
   7.0510225    9.7638140    3.0570512
   6.3727498    9.1610661    2.6195009
   7.8377061    9.2497730    2.6487474
   6.5873413    9.4452238    5.7618976
   6.8025575    9.5569181    4.7462616
   6.4333363   10.4505739    5.8926163
   4.5614338    7.9109464   13.1735287
   4.5815711    8.1988373   14.1034689
   3.6444871    8.3321686   12.9401989
   4.5341911    8.4017534   15.8886595
   4.2896557    7.5161858   16.2765770
   3.8020704    8.9179058   16.3160629
   4.6230621    5.9897919    9.8570042
   5.5131750    5.6059227    9.6029882
   4.7131600    5.7661963   10.8669233
   4.7324467    5.3293219   12.4805126
   4.7058105    6.3265781   12.7479458
   3.9400854    5.0649481   13.0816870
   7.1915708    4.3912220   12.9752293
   6.3058414    4.7523270   12.6063766
   7.0029850    3.4330757   12.6278572
   6.6403503    4.6661615   15.6470518
   6.8164177    4.6466041   14.6156073
   6.7006965    3.6348059   15.7448292
   7.2148218    9.9209223    9.7000465
   6.3529544    9.4070511    9.4833422
   7.1441188    9.7107000   10.6991072
   6.8267279    9.4838972   12.3347788
   5.9263930    9.0475864   12.6321793
   6.5525122   10.4209986   12.6504860
   4.5515227    7.7148461   20.1787090
   4.5786490    7.9226084   21.2064552
   3.6256504    8.2047415   20.1215935
   4.6101236    8.2215557   22.8031788
   4.3446722    7.3670721   23.2432346
   3.8410914    8.7648926   23.1803284
   4.3950977    5.8704629   16.7035389
   5.2324953    5.4389992   16.2848473
   4.6555610    5.5781827   17.6305923
   4.6618671    5.2135863   19.3666210
   4.5912266    6.1335640   19.8363724
   3.7388270    4.9235721   19.6195507
   7.1392436    4.2741494   20.0302219
   6.2838278    4.6511221   19.6900311
   7.0513873    3.3098648   19.6459999
   6.9659376    4.5921783   22.6285191
   6.9644938    4.4015436   21.6096554
   7.0535202    3.5789587   22.8248730
   6.7359638    9.6105719   16.4992180
   5.9024396    9.0574617   16.2304859
   6.6529555    9.3058443   17.4951000
   6.5887637    9.1099119   19.0399418
   5.7319002    8.7272730   19.4274483
   6.4276385   10.0374489   19.4082680
   4.4528389    7.8072224   26.7177792
   4.5478935    7.8645916   27.7261009
   3.6835830    8.4396553   26.6455784
   4.7319145    8.2130680   29.4295216
   4.6471100    7.3492231   29.9092999
   3.9285984    8.6713543   29.8913498
   4.6139479    5.5840750   23.4502640
   5.5320482    5.2134643   23.2343483
   4.6759248    5.3232298   24.4463310
   4.6950560    5.2219133   26.0731773
   4.5064735    6.2134128   26.2763004
   3.8953786    4.8621478   26.4854927
   7.1702256    4.1119037   26.8621674
   6.2315617    4.4644637   26.4925175
   7.0210080    3.1871316   26.4317474
   6.6650229    4.4251165   29.4250793
   6.8355145    4.3136091   28.4197960
   6.8037052    3.4273987   29.6322193
   6.8460541    9.5248165   23.4377098
   6.0539460    9.0096540   23.1222992
   6.7634654    9.3267241   24.4217281
   6.7308874    9.1960335   25.9589043
   5.9065685    8.6275997   26.1990891
   6.4102197   10.0166864   26.4429550
   4.8536310    8.0469999   33.9219818
   4.6970587    8.2449207   34.8859596
   3.9382651    8.3801575   33.6276016
   4.7487850    8.4626827   36.5034943
   4.5921412    7.5651202   36.9623146
   3.9386585    8.8988495   36.9269753
   4.6902390    5.8540268   30.6684170
   5.4019632    5.2693548   30.2377186
   4.9863539    5.6830502   31.6235771
   5.0507812    5.3942618   33.3624077
   4.9483714    6.3514323   33.6323891
   4.1861324    5.0893774   33.7748909
   7.4289818    4.3606062   33.5474663
   6.5494714    4.7671471   33.2983017
   7.2586861    3.4645915   33.1079903
   6.8506193    4.7094240   36.2200089
   7.0440607    4.5791979   35.2543564
   6.8819666    3.6734991   36.4231644
   6.9337468    9.5073109   30.1456928
   6.0668707    9.0480404   29.9341621
   6.8579497    9.4384174   31.1566257
   6.8249259    9.4145699   32.7440338
   6.0574598    8.9309797   33.2304306
   6.7460680   10.2593212   33.3939018
   4.9355321    7.8688626   40.4780922
   5.0002475    7.9736962   41.4710083
   4.0554476    8.4381924   40.4194412
   4.8845491    8.1883421   43.0540886
   4.7304215    7.2493353   43.3511200
   4.0606227    8.5371332   43.5724640
   4.6763082    5.9595070   37.3144455
   5.5415130    5.6375685   36.8973808
   4.9178987    5.6200910   38.2409935
   5.0500922    5.1184998   39.9321594
   4.9084220    6.0793762   40.2460556
   4.1887860    4.7539945   40.2945251
   7.5151482    4.3420258   40.2787819
   6.5856051    4.6876292   40.0825119
   7.3344140    3.4018559   39.9167442
   7.0168815    4.4793177   42.9100952
   7.1650677    4.3847618   41.8786926
   7.0219789    3.4569287   43.0546188
   6.9493322    9.8667183   36.7071877
   6.0273299    9.4261093   36.5418892
   7.0256433    9.5238857   37.6696091
   6.8832159    9.1979570   39.3426132
   6.1045656    8.7316561   39.6491280
   6.7284765   10.0782909   39.8385849
   4.7951655    7.6560259   47.3989182
   4.7813034    7.7914772   48.4235191
   3.9703336    8.2497263   47.2386589
   4.8345737    7.9646969   50.0333519
   4.6793671    7.0928569   50.4832802
   4.0864506    8.4717846   50.4895630
   4.8130422    5.6410718   43.9324493
   5.6344900    5.1412768   43.5345993
   4.9145169    5.2998385   44.8760109
   4.7353382    5.0540094   46.5371208
   4.7143435    6.0432072   46.7989197
   3.9443989    4.7725387   47.0591927
   7.1688347    4.0213976   47.1286736
   6.1979256    4.3360224   46.8792343
   7.0950727    3.1590009   46.6914520
   7.1728954    4.2401171   49.8317947
   7.2040987    4.1748486   48.8420410
   7.1636629    3.2353334   50.0131721
   7.3014884    9.1751175   43.7585487
   6.3728833    8.8174753   43.4519806
   7.0434146    9.1092815   44.7491760
   6.7640200    9.2542887   46.4907417
   6.0445046    8.7425003   46.9681625
   6.4813457   10.1727180   46.7924652
   5.1492844    7.8780837   54.1525917
   5.1501126    8.0743084   55.1601944
   4.1916771    8.2287216   54.0492744
   4.9817777    8.3753176   56.8405647
   4.7716060    7.4123297   56.9693413
   4.1822624    8.7323227   57.3992805
   4.9158115    5.4521718   50.9084358
   5.7931771    5.0899897   50.6247940
   5.0336585    5.2491722   51.8756027
   5.1236668    5.1017518   53.5889244
   5.1248307    6.0496192   53.9108505
   4.2301021    4.8684549   54.0684776
   7.5455322    3.9984450   54.0718727
   6.6149631    4.2629061   53.8325348
   7.4410472    3.0312960   53.6952515
   6.9812889    4.3174109   56.7934875
   7.1685815    4.1537042   55.7637253
   6.9914885    3.3242269   56.9757462
   6.9226351    9.4622631   50.4442863
   6.1324973    8.8333950   50.2986031
   7.0288148    9.2697725   51.4108276
   7.0688076    9.3821878   53.0487061
   6.3042784    8.8892870   53.4692955
   6.9072275   10.2278080   53.5679474
   5.1731758    8.3102894   60.6534958
   5.2595048    8.1829319   61.6728287
   4.1889405    8.6450319   60.6737709
   5.0613837    8.2440262    2.0980060
   4.9774718    7.2963972    2.4363730
   4.2339897    8.5906658    2.5942032
   4.7176223    5.6803188   57.1401939
   5.5520816    5.1853666   56.8284149
   4.9857388    5.6487861   58.1351318
   5.2200437    5.6555738   59.7606163
   5.2230911    6.6079817   60.0792885
   4.3662820    5.3924870   60.2766113
   7.0844402    4.2899241   61.0485497
   6.3388114    4.7781873   60.5309792
   7.0120878    3.4307435   60.5189667
   7.1921959    4.4000664    2.4593694
   6.3245640    4.9392557    2.5372567
   7.1291418    4.2587256    1.4567490
   7.4030595    9.5312958   57.2533302
   6.4892645    9.0827913   57.1259575
   7.3473425    9.4524040   58.2745209
   7.3134584    9.7830620   59.9561043
   6.4791121    9.2811470   60.2815933
   6.9156380   10.6851740   60.2386589
   4.4263763   15.9843674    7.0114632
   4.4581451   16.1055698    8.0206242
   3.6428308   16.6076927    6.8807716
   4.4185343   16.0666084    9.7127285
   4.2442541   15.1129656   10.0876055
   3.6149299   16.5142632   10.1615353
   4.2740312   13.1603289    3.4814060
   4.1052036   13.2813196    4.4916506
   3.4483418   12.6244497    3.3117149
   3.9187372   13.3769131    6.0722289
   3.9141269   14.2133636    6.6062469
   3.1411171   12.9191542    6.5480924
   6.2650604   12.0398436    6.2942467
   5.3650656   12.5607824    6.1502991
   6.1800303   12.1640749    7.3193927
   6.3334808   12.4075279    8.9335060
   6.6996741   11.5203915    9.2425051
   7.1535301   12.9255619    9.2108841
   6.5375352   16.6830425    3.0448656
   6.4914088   16.8036919    4.1065226
   6.5370464   17.6856670    2.9146047
   6.5622373   17.1410637    5.6060815
   5.8159409   16.7550716    6.1807327
   6.4104729   18.0978432    5.8853979
   4.4990225   15.8775892   13.5022125
   4.6909137   15.9506664   14.4335575
   3.6692064   16.4839725   13.5155706
   4.5189047   16.2457314   16.1173096
   4.3434982   15.2666979   16.4991074
   3.6238062   16.6057014   16.5482635
   4.1509504   13.4137230   10.3716345
   4.8255720   12.9493380    9.7569103
   3.3883803   12.8624287   10.0146904
   3.6567893   13.3401842   12.9301443
   3.7772372   14.2877045   13.2354851
   3.8572292   13.5035658   11.9616032
   5.8988099   11.7710915   13.3320961
   5.0211282   12.1670427   13.1175413
   5.7740126   11.8267479   14.3567963
   5.8953142   12.1250372   15.9327269
   6.0757833   11.1814890   16.2441902
   6.8099279   12.5193462   16.1505089
   6.6198974   17.5199051    9.5418844
   5.7969952   16.8795719    9.4971943
   6.6831145   17.4082108   10.5789566
   6.4252667   17.1742077   12.0923033
   5.6768017   16.7390823   12.6068115
   6.2810845   18.0910187   12.5325956
   4.6896009   15.9623413   20.2819443
   4.6847892   16.1238899   21.2803707
   3.8327763   16.4831009   20.0868835
   4.5502167   16.2583504   23.0299320
   4.4008732   15.2833729   23.2940960
   3.6139095   16.5770454   23.3392353
   4.0345526   13.7675619   17.0640888
   4.6942234   13.1519032   16.6210842
   3.2100203   13.2352304   16.7225647
   3.9981894   13.3662977   19.6156445
   4.3546743   14.2744732   19.8774090
   4.0467424   13.5713625   18.5843849
   5.9728498   11.4876928   20.0378799
   5.1973777   12.0687428   19.7753677
   5.9670811   11.7060680   21.0396194
   6.0287495   11.9589767   22.6207542
   6.3768835   11.0314779   22.8919888
   6.8786583   12.4371939   22.9035549
   6.6493974   17.6630001   16.3694973
   5.8058405   17.1270390   16.1321659
   6.6046705   17.3420353   17.3612442
   6.6758780   16.9930592   18.9329319
   6.0214200   16.5186443   19.5800571
   6.4367399   17.9451923   19.2747040
   4.7176094   16.0278587   26.8954029
   4.6708860   16.1908684   27.9075489
   3.8898103   16.5039024   26.6554813
   4.4053993   16.0417576   29.5876598
   4.2207174   15.1123390   29.9578362
   3.5700080   16.4329796   30.0357170
   4.1411266   13.7734537   23.6077366
   4.7305875   13.0608530   23.1781139
   3.2490821   13.3314323   23.3132515
   4.1574802   13.5316286   26.2273750
   4.4094200   14.5336571   26.5005398
   4.2678919   13.7611752   25.2452679
   5.9055829   11.5505390   26.9116764
   5.2019014   12.2236309   26.5730534
   5.7009511   11.6982145   27.9044132
   5.9741793   12.0945530   29.5068569
   6.2755208   11.1658821   29.7893753
   6.8816743   12.5523624   29.7374840
   6.7384200   17.7018356   23.3760757
   5.8370104   17.2088490   23.3044109
   6.7668152   17.5424061   24.3777332
   6.9119668   16.9891872   25.9156227
   6.0308814   16.6057301   26.2882271
   6.7591238   17.9171925   26.3733387
   4.7422104   15.7370701   33.8100014
   4.7043009   15.8889017   34.8409119
   3.9476156   16.3408012   33.6101532
   4.5523987   16.2268734   36.4977074
   4.3207273   15.3235044   36.9537430
   3.6283436   16.6205597   36.7885246
   4.0056353   13.6233835   30.5599861
   4.6040611   12.9570017   30.0719891
   3.1725545   13.1143866   30.4468021
   4.5098863   13.2350426   33.1984901
   4.6529884   14.2051735   33.4580994
   4.3242712   13.4390030   32.2213326
   6.5487804   11.7818327   33.9495201
   5.7577677   12.3655844   33.6377144
   6.3340540   11.9434729   34.9339561
   6.0062690   12.3683605   36.5325394
   6.3795557   11.4163666   36.5647736
   6.9445338   12.7820024   36.7042770
   6.6741509   17.2751770   29.9784050
   5.7507019   16.7692719   30.0077209
   6.7951899   17.2203121   31.0042019
   6.8283362   16.9310226   32.6480637
   6.0273943   16.4875355   33.0224037
   6.6406760   17.8538876   33.0383682
   4.7309237   16.0523014   40.4971352
   4.6269240   16.1123638   41.4978371
   4.0229926   16.7854290   40.3054466
   4.7004313   15.9719391   43.1606636
   4.6293650   15.0432234   43.5827408
   3.8394117   16.3483276   43.5614624
   3.9069841   13.7000542   37.6012230
   4.6548595   13.1125202   37.1296043
   3.1598597   13.2490225   37.1313362
   4.4265528   13.4197636   40.1556702
   4.4788756   14.3854856   40.3422470
   4.1325097   13.5495596   39.1760597
   6.4623222   11.6477947   40.4863739
   5.6344008   12.2257843   40.3026543
   6.3146610   11.6716471   41.5032082
   6.3589797   11.7383642   43.1924858
   6.8160796   10.8553228   43.4577217
   7.1536794   12.3538523   43.4225883
   6.8292480   17.6471081   36.7124939
   5.9143624   17.1638546   36.5577888
   6.8322272   17.3727722   37.7161179
   6.8253522   16.9330063   39.0922890
   6.0658693   16.5391102   39.6536140
   6.7327476   17.9015083   39.4850502
   5.0033412   16.0920105   47.5623817
   4.8370075   15.9968958   48.5712662
   4.1940017   16.7385483   47.4441910
   4.5635729   15.9393215   50.1272812
   4.2013922   15.0448303   50.4926987
   3.7606089   16.4425201   50.5389977
   4.3997641   13.5516062   44.2060013
   4.9918890   12.8494053   43.7611656
   3.5587821   12.9812222   44.0908470
   4.3016481   13.5617199   46.9728394
   4.5824876   14.4991474   47.1925201
   4.1774564   13.7045193   46.0145378
   6.2237463   11.8525343   47.4730682
   5.3916698   12.3867216   47.2771835
   6.1096373   11.8649178   48.4889374
   5.8775616   11.8457947   50.1202469
   6.1804671   10.9420366   50.4461670
   6.7998290   12.2539625   50.1549683
   6.9092946   17.3758507   43.4473190
   6.0158229   16.8485241   43.4458656
   7.0363116   17.2597179   44.4625931
   6.9482627   17.0069675   46.0924683
   6.1234355   16.6887512   46.6022720
   6.9442301   17.9235420   46.5118790
   4.9866338   16.0875359   54.4099007
   4.8411736   16.0716953   55.4461174
   4.1828413   16.7003918   54.2709312
   4.6063437   16.0651321   57.0342331
   4.4238830   15.1190834   57.3425102
   3.6727581   16.4226913   57.3394623
   4.0413690   13.5362988   51.1358299
   4.7379913   12.9378357   50.6922226
   3.2870195   12.8620977   51.0515175
   4.5216761   13.5374498   53.7947388
   4.6218734   14.5420218   54.0156212
   4.4085841   13.6990242   52.7943687
   6.5474448   11.7307014   54.3316078
   5.6987491   12.2434015   54.1222687
   6.4691186   11.8343525   55.3341331
   6.3803515   12.1302586   56.9381599
   6.7413616   11.1586246   57.1264038
   7.2591639   12.5841970   57.2172165
   6.7912660   17.3460388   50.2301903
   5.9739137   16.7534599   50.0966873
   6.9026952   17.0528927   51.2065277
   6.9437099   16.9040012   52.8671570
   6.2001104   16.5047092   53.5011902
   6.7517323   17.8514633   53.2416344
   4.6353240   15.9260931   61.2654190
   4.3400331   15.8983202   62.2321014
   3.9719636   16.6487885   60.9814873
   4.0399222   15.7802849    2.6465538
   4.1620302   14.7952204    2.8617709
   4.9427047   16.0917931    2.9795599
   4.1818352   13.5164585   57.7237625
   4.9768372   12.9598866   57.3530922
   3.4413810   12.9202890   57.4193916
   4.1561031   13.4368563   60.4071846
   4.4421310   14.3678064   60.6409187
   4.0879908   13.5997858   59.3989525
   6.4523129   12.0592937   60.8558006
   5.5050220   12.4361572   60.7717056
   6.5103669   12.2807388   61.8704529
   6.4572034   12.3434114    2.1982732
   6.4960041   11.4172792    2.6338620
   5.6289907   12.6466131    2.7504654
   6.9352708   17.3050022   57.3968735
   6.0985904   16.7250614   57.1917305
   6.8178878   17.2254982   58.4398193
   6.5274482   17.0374069   60.0363617
   5.8196821   16.5026932   60.5491257
   6.3201227   17.9363575   60.4766273
   4.1733809   23.8354645    6.2633491
   4.2795362   23.8454247    7.2789755
   3.3998168   24.4626598    6.1996441
   4.2838225   23.9027100    8.9268942
   4.1497869   22.9846764    9.3643837
   3.4584177   24.2954159    9.3598032
   4.2750173   21.0029678    3.0194993
   4.0655723   20.7999783    3.9726746
   3.3680663   20.5692921    2.6809773
   4.0910301   21.1756077    5.8290339
   4.0691605   22.1442890    5.8968840
   3.3163731   20.9459839    6.4071012
   6.1409736   19.4990273    6.3937778
   5.3270431   20.1216183    6.1829801
   6.0971026   19.6987839    7.3974481
   6.0613685   20.0870876    9.0944071
   6.4858050   19.2120209    9.3306580
   6.8855181   20.6583595    9.3549938
   6.6603060   24.3285522    2.6385939
   6.7070813   24.5825844    3.6448340
   6.5652528   25.3327885    2.3670070
   6.4800234   24.8991318    5.2322454
   5.5862985   24.5260010    5.6100769
   6.3038616   25.8204670    5.5778770
   4.4460821   23.7785244   13.5996170
   4.4692502   23.7379990   14.6006546
   3.6900377   24.4201603   13.4907331
   4.2643042   23.8256741   16.2355843
   4.0222321   22.8614006   16.3707294
   3.3789160   24.2020206   16.5657902
   3.7621980   21.4455128    9.9969673
   4.5475540   20.9412231    9.6898851
   3.9082243   21.3776340   11.0043831
   4.1088462   21.2177067   12.6094141
   4.1440444   22.0897026   13.0611792
   3.2234843   20.9105473   13.1246252
   6.1186328   19.5534477   13.0513420
   5.3094206   20.0789700   12.7805872
   5.9663234   19.7919273   14.0842514
   6.0384560   20.1302509   15.6390924
   6.2780104   19.1541634   15.9226065
   6.9218645   20.5261440   15.8272810
   6.7055364   25.0514965    9.1888084
   5.7570238   24.6563377    8.9588099
   6.5631847   24.8812275   10.1963243
   6.3986745   24.8531647   11.8518171
   5.6624632   24.4676571   12.3965158
   6.2791157   25.7906513   12.2758904
   4.5638371   23.7029438   20.1872349
   4.3963251   23.7831459   21.1816177
   3.7562706   24.2194309   19.8815842
   4.2465868   23.8803654   23.0228252
   4.0434098   22.9343491   23.3082657
   3.3852649   24.2867432   23.3318367
   3.6887245   21.2740269   16.5718002
   4.5242643   20.9260044   16.1854973
   4.0505400   21.1634903   17.5604897
   4.4232721   21.2956448   19.1222706
   4.4839530   22.1498833   19.6919575
   3.5193305   21.0088062   19.5349102
   6.2182269   19.4217510   20.0545425
   5.5657277   20.0916634   19.7071037
   6.1083217   19.6706047   21.0106525
   6.0483580   20.2673302   22.6007652
   6.2319007   19.3160591   22.9676628
   6.9311748   20.6289425   22.9707470
   6.4825635   25.2406788   16.4835453
   5.6357155   24.6969566   16.4267941
   6.6589446   25.1177216   17.4935455
   6.8587093   24.6914825   19.1469498
   5.9666371   24.3178272   19.4771881
   6.6754618   25.6492691   19.5179691
   4.4987459   23.6078568   27.0238037
   4.3735418   23.6889992   28.0624123
   3.7339902   24.3027668   26.8548756
   4.2952967   23.8390369   29.5237103
   4.1597123   22.9129868   29.9300747
   3.4607661   24.2071629   29.9552441
   3.7967350   21.2096882   23.6904221
   4.5855589   20.7910938   23.1963730
   4.1869841   21.2437668   24.6080208
   4.6206088   21.0225773   26.2605114
   4.6299696   22.0015774   26.5390205
   3.7089071   20.8017120   26.6988010
   6.4460692   19.3631134   26.8598461
   5.6051273   19.8862858   26.5034046
   6.2344551   19.5978947   27.8455791
   5.9044986   19.8142376   29.3701496
   6.1222243   18.8009624   29.6331749
   6.8562613   20.1245117   29.6382866
   6.6223063   25.0614014   23.1233807
   5.7245998   24.5509796   23.0859375
   6.6942883   24.8699818   24.1653042
   6.5209112   24.6947193   25.7247086
   5.7417440   24.3150616   26.2920113
   6.4972324   25.6277599   26.2148018
   4.6558433   23.6281567   33.8685799
   4.5686736   23.6698513   34.8826141
   3.8616018   24.2438240   33.7156601
   4.2315102   23.7942123   36.5708237
   3.9830666   22.8630829   36.8246231
   3.4252317   24.2864666   36.8920860
   3.9951000   21.4572525   30.3055592
   4.7251978   20.8802624   29.8681011
   4.2609224   21.1512165   31.2425079
   4.6445847   21.1132011   32.9464722
   4.6330543   22.0431767   33.3188057
   3.7129898   20.8113270   33.2082520
   6.3872190   19.3707123   33.6015816
   5.6210990   20.0152607   33.2550087
   6.2368445   19.6014996   34.5896873
   6.0654092   20.1831207   36.2470436
   6.4146900   19.2435398   36.4885216
   6.9820256   20.6262035   36.4144020
   6.6817975   25.0830250   29.9240704
   5.7902513   24.6022034   29.7529755
   6.7773404   24.7660599   30.8798752
   6.7807169   24.5148869   32.4863930
   5.9751711   24.2674999   33.0712624
   6.7402387   25.4682388   32.8356552
   4.8093987   23.7203941   40.7721939
   4.6101909   23.7977219   41.7725105
   4.0683475   24.3683243   40.5039024
   4.2586164   23.7190399   43.4700279
   4.0020185   22.7562733   43.5062637
   3.4435537   24.0741253   43.9287491
   3.8392887   21.2872906   37.1508560
   4.7214575   20.8498173   36.7910767
   4.1213388   21.1314697   38.1295090
   4.6058497   21.1931477   39.6450615
   4.6688967   22.1260509   40.0637398
   3.7898188   20.9217682   40.1568565
   6.5178332   19.4252262   40.0605927
   5.7336755   20.0251808   39.8093491
   6.3130960   19.4543858   41.0552063
   6.1060228   19.7101574   42.6424789
   6.4493661   18.7919617   42.9076385
   6.9590726   20.1762371   43.0125771
   6.5206137   24.9178677   36.7196960
   5.6359048   24.4223003   36.6165886
   6.6073036   24.7276363   37.7048531
   6.7832074   24.7476845   39.3906212
   6.0992832   24.3343277   40.0378647
   6.6087961   25.7101154   39.7260895
   4.4194422   23.7293663   47.3790932
   4.4902668   23.8447208   48.4257851
   3.5885868   24.2970848   47.2990112
   4.3346252   23.7911701   49.9095383
   4.0730648   22.8399792   50.1985512
   3.5630147   24.2030430   50.4415741
   3.9914823   21.0772781   43.9474640
   4.7598829   20.6006908   43.5693283
   4.2633448   21.0714645   44.9125366
   4.6536808   21.2045937   46.5292664
   4.6041594   22.2014008   46.7963028
   3.9299221   20.8983860   47.1224747
   6.5832610   19.4058323   47.1630440
   5.7894816   19.8344193   46.7984505
   6.4043674   19.5359154   48.1654663
   6.0995402   19.8109989   49.7668495
   6.3415322   18.8347340   49.9517059
   6.8872943   20.2035160   50.2249107
   6.4722028   25.0789375   43.5753174
   5.5765347   24.5249271   43.5029297
   6.5613890   24.7661476   44.5501137
   6.6000729   24.4907589   46.2313004
   5.7204003   24.1111584   46.6197357
   6.4121599   25.4276562   46.6784668
   4.7609706   23.6582146   54.2032776
   4.7267694   23.7080212   55.2363815
   3.8964844   24.2333794   54.0608711
   4.5578318   23.5725384   56.8496704
   4.3799334   22.5938110   57.0988770
   3.7356467   23.9079990   57.2664604
   3.8892386   21.2097511   50.6615295
   4.7025585   20.6514854   50.3125534
   4.2348137   21.2071724   51.6397095
   4.6925287   21.1376610   53.1755371
   4.8183737   21.9946346   53.7049026
   3.8076305   20.8813000   53.6200333
   6.5565643   19.3072052   53.8313179
   5.8338370   19.9565868   53.5182762
   6.2794061   19.3240395   54.7854462
   6.1690335   19.6639347   56.4132423
   6.5093865   18.7711315   56.8188324
   7.0403252   20.1372318   56.6792984
   6.6923237   25.0358696   50.2417603
   5.8136182   24.5551529   50.0629921
   6.7591386   24.7618103   51.2164001
   6.8694620   24.5449505   52.8316956
   6.0572948   24.1974354   53.3754730
   6.7928834   25.5008869   53.1660995
   4.6960888   23.7553291   61.1087074
   4.3789940   23.6655903   62.1007843
   3.9540610   24.4843426   60.9641075
   4.0053058   23.6280575    2.3832200
   4.1453528   22.6523285    2.7395873
   4.9927659   23.8597603    2.5746086
   3.9786918   21.0374222   57.3506203
   4.7511034   20.5265636   56.9773674
   4.2166429   20.9163513   58.3280945
   4.6075811   21.2659340   59.9212875
   4.6545544   22.2359352   60.3205376
   3.8121808   21.0091286   60.4833641
   6.4227262   19.5596447   60.9084816
   5.8607378   20.3659496   60.6017761
   7.2412176   19.8287029   60.3845901
   6.3857780   19.3503494    2.3089192
   5.6131735   19.9646244    2.4677236
   6.3812585   19.4191151    1.2884177
   6.8841662   24.9600391   57.2440681
   5.9958630   24.4782505   57.1777573
   7.0039902   24.9004059   58.2461777
   6.9558768   24.6573238   59.9555817
   6.2014279   24.2446766   60.4881554
   6.6954608   25.6515656   60.2212677
   3.9721324   31.3703041    6.3668814
   4.0499325   31.5245228    7.3703690
   3.1863999   32.0362930    6.2650642
   4.0653758   31.4953556    9.0400753
   3.9125581   30.5668011    9.4566956
   3.2438765   31.9006577    9.4739628
   4.3543749   28.6540508    2.8466685
   4.3064370   28.8284874    3.8915505
   3.3694661   28.4318676    2.7916458
   3.9841363   28.9499931    5.3909121
   4.0438023   29.9048977    5.7543335
   3.0601614   28.7602367    5.7014446
   6.0395727   27.3885441    6.1499977
   5.2597113   27.9657288    5.8990960
   5.8641005   27.4661293    7.1582270
   5.8986464   27.6434650    8.9694891
   6.1773019   26.6671524    9.1845913
   6.7616677   28.0834217    9.1826782
   6.5058894   31.9317379    2.8488243
   6.4734230   32.1263504    3.8617520
   6.3882227   32.9250031    2.6015906
   6.2289767   32.4670181    5.4639325
   5.3199739   32.1539688    5.7975073
   6.1190581   33.4257927    5.8154631
   4.3650723   31.5020447   13.2146435
   4.3239336   31.5206146   14.2588587
   3.4993505   32.0355721   13.1289377
   4.2450771   31.5195084   15.8628254
   3.9323738   30.5707207   16.0963993
   3.4274228   31.9199181   16.3589859
   3.7712438   28.9696712    9.9262257
   4.6509848   28.5008411    9.6466932
   3.9827132   28.9677448   10.8962688
   4.4019213   29.0055866   12.5322294
   4.3990731   29.9911499   12.8640385
   3.5058844   28.8110371   12.9366236
   6.1231503   27.1936417   12.9766607
   5.3849640   27.8965874   12.7211685
   5.9899149   27.4155693   13.9730062
   5.9468484   27.5951195   15.6181974
   6.0909767   26.6958256   16.0555668
   6.8130493   27.9834805   16.0307941
   6.4227204   32.6581726    9.2840853
   5.5519171   32.2324219    9.1649141
   6.5218067   32.4362488   10.2651720
   6.5102110   32.3029175   11.8571806
   5.6623092   31.9792042   12.3529844
   6.4180427   33.2753830   12.2043066
   4.5922284   31.5405521   20.0370712
   4.3922095   31.5279007   21.0645390
   3.7812011   32.0778809   19.8219490
   4.1299968   31.2522812   22.6457043
   3.9195173   30.3350582   22.9079742
   3.3111846   31.6730289   23.0232353
   3.8136182   28.9663658   16.4867611
   4.6033497   28.4570122   16.0517578
   4.2086782   28.8672314   17.4291134
   4.4994102   28.9303818   19.1865215
   4.4937983   29.8485184   19.4978123
   3.5056043   28.7465591   19.4499187
   6.2902021   27.2047710   19.7499104
   5.4483433   27.7937737   19.4704227
   6.0423322   27.3435402   20.7553082
   5.8530631   27.4680595   22.3623810
   6.1775613   26.5623932   22.6485329
   6.7307830   27.9274845   22.6711235
   6.5984693   32.8248062   16.1341934
   5.7974167   32.2254295   16.0605755
   6.5958867   32.7865982   17.1600285
   6.6178513   32.4541969   18.7015667
   5.8720179   32.0135574   19.2913456
   6.4578633   33.3626328   19.1470146
   4.2091618   31.2801495   26.9385052
   4.1396189   31.5152855   27.9146461
   3.5144520   31.9303932   26.6421928
   4.2054205   31.6039791   29.6177425
   3.9014397   30.6301079   29.8082104
   3.4451094   31.9875336   30.1621342
   3.6705723   28.7062626   23.3923855
   4.4379711   28.1678486   22.9990215
   4.0313053   28.7867641   24.3452034
   4.4235849   28.8306942   25.9764023
   4.3332148   29.7970257   26.3959045
   3.5469069   28.5022926   26.3520889
   6.1889725   27.1477242   26.8246403
   5.4595485   27.7623177   26.3882408
   5.8487077   27.2865181   27.7702732
   5.8173099   27.5741653   29.6218548
   6.2152247   26.6604366   29.8145409
   6.6335211   28.0865803   29.8087101
   6.1917267   32.7816505   22.8932457
   5.3994169   32.0914192   22.7404671
   6.1514359   32.6513748   23.9301395
   6.3674912   32.2876549   25.5469265
   5.6551437   31.9060497   26.1645031
   6.2667799   33.2140427   25.9518871
   4.7970171   31.3448277   33.6431961
   4.7019687   31.5125008   34.6863136
   3.9270170   31.8969803   33.4643898
   4.4733829   31.4919930   36.3018684
   4.2168894   30.5436325   36.4894562
   3.5711122   31.8974133   36.5840492
   3.5974994   28.8672009   30.2679882
   4.4680405   28.4557323   29.8692436
   3.9013128   28.8495502   31.2141247
   4.4927301   28.8837490   32.7374649
   4.5754204   29.8560371   33.1272812
   3.6969838   28.6380844   33.2989120
   6.3887649   27.0890617   33.3201218
   5.6599503   27.7280636   32.9756622
   6.1382565   27.1818810   34.2843704
   5.9754782   27.4513512   36.0494957
   6.1653519   26.4853497   36.2745781
   6.8632898   27.7994480   36.3486366
   6.6287398   32.7824707   29.6464653
   5.7073698   32.3922462   29.6244526
   6.7818580   32.5420074   30.6412907
   6.9079638   32.3560410   32.3133621
   6.1275382   31.9177494   32.7846260
   6.7060280   33.2806473   32.7653732
   4.4413424   31.4832344   40.6009331
   4.2155995   31.4426479   41.6009064
   3.7026193   32.1236420   40.3731651
   4.1096239   31.4586849   43.2397690
   3.7725344   30.5797977   43.5735512
   3.3639426   32.0047684   43.6078186
   3.9269698   29.0290661   37.0507660
   4.6708527   28.4284897   36.7157974
   4.1807976   28.8878460   38.0239220
   4.4928761   28.8502789   39.6649132
   4.4867043   29.7820301   40.0896416
   3.5842519   28.5916042   40.0202408
   6.5871353   27.2924271   40.3539314
   5.8423305   27.9466743   40.0521317
   6.3117638   27.3824081   41.2980843
   5.8148260   27.6151714   42.9710693
   5.9900036   26.6154385   43.1295738
   6.7166696   27.9655724   43.1955338
   6.6397591   32.9050369   36.7737961
   5.8729720   32.1979942   36.6484146
   6.6344509   32.7265167   37.7679214
   6.6743417   32.2462006   39.3529549
   5.8500829   31.8767052   39.8276405
   6.5143800   33.2212219   39.6473618
   4.4941654   31.3564396   47.3795128
   4.5011158   31.3820744   48.3643913
   3.7644718   32.0231628   47.2350044
   4.4068012   31.3778763   50.0127335
   4.1065865   30.4464378   50.2757721
   3.5789607   31.8226795   50.3782845
   3.6866276   28.8654079   44.0255585
   4.4315672   28.3503056   43.5525284
   4.0514064   28.7072811   44.9542618
   4.4071894   28.7483768   46.5578918
   4.4412117   29.6734753   46.9241180
   3.4946458   28.5143433   46.9475899
   6.1537929   26.9162369   47.2362213
   5.4624949   27.5506859   46.8157082
   5.9482570   27.2209797   48.1575699
   5.8878078   27.6335316   49.7681694
   6.1821637   26.6738739   49.9267502
   6.8384724   28.0330811   49.9813614
   6.4791965   32.6282845   43.4845886
   5.6257997   32.0959892   43.3790359
   6.5550518   32.4373283   44.4930725
   6.5817270   32.2204323   45.9989967
   5.8043532   31.9357109   46.5552177
   6.5137219   33.2035255   46.3310738
   4.5870891   31.2755127   54.3808632
   4.5783486   31.4382076   55.3602219
   3.8128438   31.8403358   54.0893669
   4.4318228   31.3375263   57.0777664
   4.0805798   30.3952236   57.1740417
   3.6091955   31.7714329   57.4073143
   3.7537305   28.9116364   50.6674652
   4.5145025   28.3713360   50.2615509
   4.1780577   28.9290771   51.5876961
   4.5897102   28.8680687   53.1482506
   4.5749135   29.7549343   53.6588058
   3.7770426   28.4750481   53.6313286
   6.5391078   27.0997028   53.8463631
   5.7564311   27.6811104   53.5613861
   6.3695116   27.2475033   54.8523941
   6.2258954   27.4625511   56.4705086
   6.4977593   26.5779629   56.8162651
   7.0662942   27.9437618   56.6876831
   6.5651221   32.6661987   50.2767830
   5.7224007   32.0897827   50.0944252
   6.6051097   32.4809532   51.2477570
   6.6396403   32.1751480   52.9068794
   5.9125104   31.7827568   53.4681282
   6.6584506   33.1007614   53.2680740
   4.6511173   31.5671482   61.0030670
   4.3524542   31.6002483   61.9628639
   3.8414459   32.1482925   60.7154465
   3.9326797   31.1739120    2.3244495
   4.0377178   30.1999493    2.4242058
   4.8792191   31.4152851    2.5608773
   4.0840535   28.7575150   57.4189911
   4.8376756   28.2821770   57.0090828
   4.5117397   28.8635330   58.3358498
   4.7930870   29.1498833   59.9328079
   4.7167425   30.0686436   60.3124390
   4.0271759   28.7606983   60.4297447
   6.3925972   27.2088490   60.5630875
   5.7325010   27.9530296   60.2772293
   7.1831050   27.8184872   60.3809967
   6.1755953   26.9754181    1.9599752
   5.4875998   27.6582355    2.2712951
   6.1154861   27.1278000    0.9916276
   6.8784389   32.4160538   57.2515297
   5.9935794   31.9114780   57.2513542
   6.9762902   32.3291855   58.2598610
   6.8769712   32.2751923   59.9072456
   6.0228977   31.9131470   60.3299026
   6.7240815   33.2477875   60.1459656
   4.1377907   39.1797104    6.3100519
   4.0203695   39.4360771    7.2984433
   3.3503013   39.7762184    6.0323958
   4.1549864   39.3453255    8.9587679
   3.9610989   38.3797150    9.2153749
   3.3013458   39.7194557    9.3633652
   4.2534542   36.2525749    2.8841376
   4.1219401   36.3303452    3.8925152
   3.3411613   35.7932587    2.7534816
   3.9357026   36.5474586    5.4716086
   3.9605131   37.4619217    5.9067121
   2.9950840   36.3243103    5.7881894
   6.0591788   35.0572433    6.1902990
   5.3184147   35.7200661    5.8957024
   5.8467674   35.1813812    7.1531730
   5.7827258   35.2513504    8.7616863
   6.1350284   34.2784157    8.8953457
   6.5446644   35.6465378    9.2724905
   6.2197804   39.6915741    2.7384739
   6.4025240   39.8477478    3.7515299
   6.1904821   40.7067947    2.5551503
   6.5840707   40.0072975    5.3241663
   5.6978025   39.7010269    5.7054729
   6.4535265   40.9753036    5.6165314
   4.2062654   39.0420952   13.3383102
   4.1024265   39.1728973   14.3628101
   3.4458928   39.6259575   13.0703230
   3.9483988   39.1652985   15.9875689
   3.7424846   38.1858902   16.1106148
   3.0893531   39.5075569   16.3545837
   3.5407903   36.7633247    9.5813770
   4.3221655   36.2010536    9.2346497
   3.8791444   36.7025642   10.5761747
   4.1486692   36.6127319   12.1812992
   4.2900782   37.4735222   12.6832228
   3.2179198   36.4452324   12.4893417
   6.0878148   34.8805733   12.7255239
   5.3138227   35.5398483   12.4886017
   5.8993526   34.9936600   13.7452221
   5.6698136   35.2031441   15.3264837
   5.8815327   34.2708549   15.6868973
   6.5591397   35.6014023   15.6431084
   6.5175729   40.2626648    9.2159424
   5.5237007   39.8675003    9.0475216
   6.4794502   40.0296059   10.1955061
   6.2868743   39.9101791   11.8466644
   5.4612818   39.6410942   12.3975830
   6.1133881   40.8866425   11.9009247
   4.3703747   39.0817413   20.0337963
   4.2830267   39.1378326   21.0542698
   3.5858321   39.6847420   19.8663330
   4.0609388   39.2140923   22.5904789
   3.8488355   38.2849770   22.8935623
   3.1573179   39.6310768   22.9260063
   3.6011436   36.4665146   16.2910004
   4.4067841   35.9332047   15.9218178
   3.9712510   36.4974136   17.2106628
   4.3384476   36.6265717   18.8979607
   4.4523201   37.5309334   19.3194408
   3.5279820   36.3775215   19.4293442
   6.2321539   34.9294090   19.6842327
   5.4513655   35.4963722   19.3363819
   6.0117345   35.0121040   20.6583157
   5.5714340   35.2090950   22.3515739
   5.8957195   34.2543106   22.5930252
   6.4591541   35.6416206   22.6889286
   6.3301506   40.3702774   15.7957563
   5.5096550   39.8245201   15.8635855
   6.4703717   40.5372429   16.7739830
   6.3705497   40.1462631   18.5902252
   5.5467725   39.8038788   19.1165676
   6.1641483   41.1170235   18.8920994
   4.7129459   39.2442894   26.7527828
   4.4795232   39.1605988   27.7532902
   3.8980434   39.7992363   26.5148335
   4.1029930   38.9780922   29.2201099
   3.8458018   38.0237083   29.5033588
   3.2412150   39.4097748   29.6115322
   3.7347960   36.7000809   23.4016190
   4.3816462   36.0257721   22.9625950
   4.1500702   36.6727104   24.2898598
   4.3354955   36.6703873   26.0717754
   4.4550705   37.6127052   26.4283581
   3.5043042   36.4268227   26.5597057
   6.0260482   34.6959534   26.5960026
   5.4127469   35.3987579   26.2345867
   5.7696729   34.8719025   27.5592976
   5.7421799   35.2485428   29.2367687
   6.0755949   34.3306427   29.4685173
   6.5803957   35.7567253   29.4365959
   6.2942758   40.7204552   22.9753895
   5.4340973   40.1742821   22.9299946
   6.5345993   40.4750900   23.9162693
   6.6880879   40.1476936   25.4233265
   5.8753848   39.7593956   25.9115734
   6.5568881   41.0795326   25.8738613
   4.4983702   39.1849747   33.6561852
   4.3951015   39.1892624   34.6393623
   3.6386044   39.6747856   33.4411011
   4.0592685   39.1632652   36.2059937
   3.7740176   38.2736015   36.4990120
   3.2949674   39.6909561   36.5898781
   3.6181188   36.5721703   30.1853027
   4.3815746   36.0078125   29.8302250
   4.0135098   36.6082115   31.1127186
   4.3417091   36.5264854   32.7354240
   4.3687439   37.4557800   33.1359558
   3.6360717   36.1625786   33.2962875
   6.2454953   34.7536125   33.3195801
   5.4493012   35.3677521   32.9628563
   5.9502759   34.9191704   34.2810631
   5.6267142   35.3622017   35.8917503
   6.0027418   34.4535751   36.0943489
   6.3836303   35.8635025   36.3466110
   6.3174090   40.6584625   29.6553898
   5.4989886   40.0977478   29.4142303
   6.3790612   40.3282700   30.6210480
   6.6321468   39.9527817   32.1338425
   5.9448953   39.5591774   32.8179970
   6.3631554   40.9270363   32.4765854
   4.7597723   39.1351204   40.3027420
   4.7207966   39.1065254   41.3404236
   3.9136710   39.5908508   40.2229309
   4.2920942   39.2064667   42.8308907
   4.1299067   38.2621384   43.0707092
   3.4991777   39.5926018   43.3124580
   3.5271993   36.6820755   36.8723526
   4.2397375   36.2258377   36.3527908
   3.9615178   36.4750481   37.7992401
   4.4647465   36.5598145   39.4119759
   4.6507883   37.4918976   39.7283058
   3.5680141   36.4728928   39.8559952
   6.3802147   34.7897949   40.0549812
   5.5967631   35.3913498   39.7848053
   6.2272172   34.9386139   41.0522041
   6.1161733   35.1230583   42.7135468
   6.2536836   34.1785393   43.0507164
   6.9131222   35.5412598   43.1454926
   6.5097990   40.2427521   36.2188377
   5.5605354   39.8654976   36.2809563
   6.6397114   40.2913170   37.2277985
   6.6361990   40.3643608   38.8400230
   5.9646716   39.8483162   39.4090004
   6.3221726   41.2461510   39.2601967
   4.4922523   39.2185020   47.1483955
   4.3327408   39.2774124   48.1703262
   3.7002952   39.8199768   46.9522667
   4.0457020   39.1427078   49.6978531
   3.9493079   38.2019196   50.0497360
   3.2884524   39.5425034   50.2409554
   4.0575695   36.6114616   43.7114258
   4.8593769   36.1372337   43.4492073
   4.3002610   36.6193848   44.6969528
   4.3045721   36.5977097   46.4333115
   4.2014427   37.5869408   46.7329330
   3.4631379   36.2841263   46.9158936
   6.2422800   34.8900375   46.8320808
   5.4413347   35.5016441   46.6347885
   6.1579189   34.9611435   47.8418312
   6.0443697   35.1120796   49.5492973
   6.1867995   34.1524582   49.8843384
   6.9856229   35.4125671   49.8610611
   6.5972605   40.6194649   43.1837769
   5.7672267   40.0550308   43.0301552
   6.6388941   40.4415016   44.1792679
   6.5335374   39.9566231   45.6789932
   5.7197385   39.5065384   46.1397552
   6.5756216   40.7534714   46.2678833
   4.7484756   38.9421310   54.2316933
   4.6296606   38.9324570   55.2492218
   3.9629576   39.5642204   54.0777435
   4.3047385   38.9862289   56.9441452
   3.8493614   38.0720253   56.9645386
   3.5163431   39.5119171   57.2664566
   3.9795337   36.5877266   50.5137901
   4.7003622   35.9746170   50.1025352
   4.5138044   36.6553917   51.3908272
   4.7316561   36.4847565   53.2271729
   4.7305698   37.4179382   53.6160202
   3.8401806   36.1641731   53.5950584
   6.6257772   34.8565102   53.8000908
   5.9104762   35.5575485   53.5073738
   6.2776256   34.8396988   54.7367096
   5.8584104   34.8015060   56.3721924
   6.1956730   33.9216843   56.7376633
   6.6427011   35.3614731   56.7249069
   6.5339098   40.4643440   50.1452293
   5.6641226   39.9458504   50.1236687
   6.7478361   40.2351685   51.1188316
   6.7051291   39.9246979   52.6098595
   6.0029817   39.5364952   53.2524757
   6.5892615   40.8665352   53.0026550
   4.2721701   39.0343094   60.7491341
   4.0647640   38.9567146   61.7279015
   3.5798364   39.7243080   60.5661469
   3.8446460   38.8632088    2.0612590
   3.9662085   37.8851967    2.3293648
   4.7801332   39.1400414    2.3112726
   3.7342186   36.3635178   57.0833359
   4.5121717   35.7640839   56.7220879
   4.1290283   36.3050880   58.0673714
   4.5252676   36.5532913   59.5907288
   4.3650484   37.4668846   59.9443321
   3.7843995   36.1253319   60.1700668
   6.2981472   34.8034325   60.5505486
   5.6229763   35.5127411   60.2065201
   7.0746975   35.3594170   60.2113571
   6.2256384   34.5601730    2.0986240
   5.4368844   35.1363869    2.3608353
   6.0583978   34.6126823    1.1224508
   6.6396065   40.2197380   57.1699104
   5.7786770   39.6954956   57.1250305
   6.7822924   40.0937080   58.1539917
   6.7346616   39.8612099   59.8694687
   5.8176413   39.4439049   60.1548233
   6.4309888   40.7782364   60.1884956
   4.0855083   46.7163620    5.8434629
   3.9945605   46.8705521    6.8435445
   3.2752516   47.3813248    5.6268806
   4.0599699   46.8606567    8.5148973
   3.9187453   45.8965607    8.8403511
   3.1813750   47.1852036    8.8544846
   4.3605757   44.1070900    2.6760383
   4.3009005   44.0420952    3.7324805
   3.3941042   43.7259712    2.5915678
   3.9691501   44.0387535    5.2927589
   3.9070089   45.0301247    5.5507941
   3.0397863   43.8122444    5.6416497
   6.0773492   42.4883537    6.0414872
   5.2233706   42.9887657    5.7735276
   5.9402909   42.5515404    7.0325212
   5.9285388   42.8530998    8.6785278
   6.2771831   41.9150887    8.8920212
   6.7835078   43.3151817    8.9570131
   6.6699796   47.2985458    2.6485271
   6.5643220   47.5981789    3.6426058
   6.5416474   48.2354927    2.2754767
   6.3464279   47.9033165    5.1390047
   5.5221186   47.5171547    5.4383597
   6.2130051   48.7980881    5.6511574
   4.1565933   46.6322098   12.4085255
   4.0579252   46.8831291   13.4358253
   3.3473923   47.1958427   12.1900377
   3.6777222   46.9540062   14.8913975
   3.5816402   46.0407104   15.2283583
   2.9031823   47.3991203   15.3508739
   3.5379374   44.2954941    9.2991056
   4.4506683   43.8795662    9.0343838
   3.6930804   44.1423340   10.3089161
   3.9311082   44.0908852   11.8687906
   4.0113001   45.0200653   12.2064161
   3.0727682   43.8977242   12.4062805
   5.8694735   42.4075432   12.5913286
   5.0646558   42.9503670   12.3143225
   5.7809906   42.6074677   13.5979414
   5.6977930   42.9313545   15.1739788
   6.0087633   42.0015564   15.4162865
   6.4864244   43.4130211   15.5878553
   6.4805789   47.4642639    9.2802935
   5.5277534   47.3541260    9.0340166
   6.5162015   48.4543076    9.0974712
   6.6670218   47.3851471   11.9365988
   5.6948895   47.0933266   12.0716324
   6.5387764   47.4774284   10.9110966
   3.6855540   46.8061600   19.1869774
   3.6085651   46.9582062   20.1956139
   2.9427021   47.4966354   18.9726028
   3.7075808   46.9923477   21.7526035
   3.4700925   46.1052971   22.1870403
   2.8914144   47.5209999   22.0093346
   3.3815184   44.3660507   15.9073124
   4.1226492   43.8085632   15.5196838
   3.6795812   44.3082390   16.8792133
   3.8899846   44.2641449   18.5961266
   3.7643750   45.2616768   18.7525826
   3.0376458   43.9822388   19.0949230
   5.8903356   42.6659546   19.3790112
   5.1554976   43.2238083   18.9981613
   5.7185664   42.9381294   20.3544693
   5.7645192   43.1505775   22.0743790
   5.9944310   42.1963806   22.3415833
   6.6637306   43.5451241   22.4316044
   6.1015601   47.4380989   15.9762859
   5.2393093   47.3009529   15.5084629
   6.0488172   48.4637909   15.8740654
   6.1299791   47.5639267   18.6349945
   5.2083397   47.2234383   18.9525490
   6.0350089   47.3633575   17.6491680
   4.1367474   46.7332039   25.8090134
   4.1125011   46.8824730   26.8173771
   3.3537121   47.3318863   25.6114826
   3.8472040   46.9139481   28.4876442
   3.6067879   46.0667534   28.9519043
   3.0295520   47.4529305   28.8018417
   3.4888699   44.5504494   22.8443241
   4.2159023   43.9584084   22.3956032
   3.8484628   44.4168510   23.7639141
   4.3271418   44.1036491   25.3116894
   4.4192438   45.0906067   25.5461731
   3.4519019   43.9374428   25.7852249
   6.2959251   42.5587120   26.3103752
   5.5401244   42.9963684   25.8326530
   6.0246229   42.9126205   27.2405834
   5.9248953   43.1484108   28.8653431
   6.0424533   42.1652527   29.1304626
   6.7945499   43.4624748   29.2699471
   6.0574479   47.7082329   22.8297863
   5.1748781   47.4451790   22.4122353
   6.0622897   48.6353683   22.5627155
   6.5969281   47.8740654   25.4953079
   5.8031249   47.2557144   25.5550842
   6.5474319   47.9473305   24.4635296
   4.1428108   46.8129730   32.6028290
   4.0672626   46.8559952   33.6793404
   3.2563958   47.2807693   32.4248352
   3.8963170   46.8196106   35.2906609
   3.6438124   45.9401245   35.7745438
   3.1301270   47.3299141   35.7479210
   3.6590867   44.4531364   29.6163044
   4.4881458   44.0018005   29.1916733
   3.9595182   44.2846451   30.5405807
   4.0658484   44.1471252   32.2349243
   3.9576786   45.0788994   32.5014191
   3.2592785   43.7429848   32.6936264
   5.9388566   42.3612480   32.9420128
   5.3414721   43.0971298   32.5130157
   5.7697959   42.6926804   33.8847313
   5.8503208   42.9794388   35.5850639
   6.0497208   42.0010681   35.8702888
   6.7038355   43.3214111   36.0561790
   6.2855592   47.5672340   29.4160995
   5.3654809   47.3118019   29.0803261
   6.1054678   48.5720940   29.4124699
   6.5734210   47.8545265   32.0724030
   5.6495190   47.3961334   32.2159653
   6.5421848   47.6835670   31.0778790
   4.3402376   46.8412285   39.7241440
   4.1103005   46.9068909   40.7365837
   3.5361433   47.4102173   39.4521790
   3.5965755   46.9353333   42.1975174
   3.3513680   46.0286827   42.6481743
   2.8641098   47.4466362   42.6407013
   3.6551645   44.3556061   36.3394394
   4.5455890   43.9650345   36.0320206
   3.8531682   44.2629700   37.3323746
   4.0788918   44.2568169   38.9300957
   4.1407709   45.2337952   39.2887497
   3.3009756   43.9952240   39.5343781
   6.1111217   42.7083359   39.8675880
   5.3624024   43.2599831   39.4439507
   5.8090258   42.8926048   40.8069344
   5.7279983   43.0900612   42.4042015
   5.9417453   42.1230278   42.6165733
   6.6095338   43.4240608   42.7437286
   6.2055387   47.4637566   36.3791733
   5.4132214   47.1368217   35.8616104
   6.0296040   48.4678230   36.2156830
   6.7412572   47.6744080   39.0821800
   5.8615465   47.2394485   39.2836685
   6.6882763   47.6335297   38.0576553
   4.1147451   46.6305695   46.5089798
   3.9905005   46.7087402   47.5184479
   3.2871614   47.0912704   46.2483177
   3.8964510   46.8061409   49.1939354
   3.7627485   45.9824524   49.7622261
   3.1627910   47.3454361   49.6096039
   3.5843377   44.4669762   43.2575073
   4.4080744   43.9726410   42.8742867
   3.8628705   44.3137474   44.2369347
   4.1850786   44.0465851   45.7758331
   4.3429642   44.9644547   46.1486397
   3.3349395   43.8248672   46.2573814
   6.2340455   42.5052452   46.8144875
   5.4039435   42.9879036   46.5714722
   6.2435684   42.6848068   47.8226166
   6.1854792   42.9219093   49.4217377
   6.2713194   41.9644318   49.7251091
   7.1191597   43.1890793   49.7361183
   6.0306244   47.3621483   43.0911636
   5.1369882   47.1596642   42.6655540
   5.8996601   48.3822670   42.9009590
   6.5778022   47.5186653   45.7833900
   5.6839128   47.0970383   46.0185356
   6.4636950   47.4979477   44.7968597
   4.2179451   46.5077019   53.5758972
   4.2583942   46.5895119   54.6036720
   3.3711867   47.0513153   53.4338951
   4.0859499   46.7366409   56.3520508
   3.7274795   45.8285446   56.5994644
   3.3088386   47.2836151   56.6903687
   3.8894727   44.3242836   50.2647018
   4.7076035   43.8868790   49.8246078
   4.2044239   44.0944176   51.2380447
   4.4355679   43.9931602   52.8573227
   4.3327999   44.9544449   53.1767273
   3.6611960   43.6557350   53.4407654
   6.3588486   42.3055916   53.6659889
   5.6768713   43.0072289   53.3966675
   6.2526913   42.4240875   54.6535759
   5.9078164   42.7621422   56.3035431
   6.0724230   41.8428764   56.6728897
   6.7893624   43.1743813   56.6442528
   6.2997904   47.4224510   50.0528297
   5.3950553   47.2613068   49.6031036
   6.3673649   48.4107285   49.8199234
   6.8234191   47.2277184   52.7301941
   5.8541431   47.0294533   52.9590454
   6.6358366   47.1798668   51.6907463
   4.3544664   46.6557312   60.6319160
   4.0212584   46.6873093   61.6188736
   3.5769193   47.2044334   60.2538490
   4.0070105   46.7045517    2.0017083
   4.0958552   45.7240448    2.2555838
   4.8715558   46.9829674    2.4167759
   3.7385602   44.1224060   57.0536194
   4.6227570   43.6358261   56.7660484
   4.1217909   44.2579269   58.0301132
   4.5366540   44.2054367   59.5743332
   4.4903917   45.1959648   59.9110184
   3.7104175   43.9670944   60.0988846
   6.1691794   42.3443031   60.5336494
   5.4979668   43.0023422   60.1497955
   6.9957066   42.7820625   60.1686401
   6.1582217   42.2439423    1.9981735
   5.5307488   42.9808197    2.3117719
   5.9848027   42.3367882    1.0009186
   6.4746432   47.4455376   57.3271408
   5.6233697   47.0437241   56.9644737
   6.3138862   48.3758430   56.9253159
   7.0216031   47.4800415   59.9209747
   6.0887065   47.0412254   60.0316505
   6.9646864   47.4660187   58.8978119
   4.3870182   54.0871010    6.4180856
   4.3498783   53.2164421    5.8940969
   3.6142838   54.5342789    5.9397540
   4.3147821   53.7956696    9.0512705
   4.3409185   53.9982071    8.0473337
   3.5338526   54.4060707    9.2402792
   4.1041956   51.1732826    2.4635401
   4.1427326   52.1444893    2.1468956
   3.1244965   51.0546074    2.2701359
   4.1263332   51.8223572    5.0991802
   4.0203667   51.5345535    4.1429143
   3.1725969   51.5152931    5.3533311
   6.1592598   50.4166870    6.1543822
   5.4053683   50.9421387    5.7800279
   6.9139462   50.9949722    5.6974511
   6.4871430   50.1055107    8.7780933
   6.2761502   50.2213364    7.7594333
   5.5851321   50.4446220    9.0736027
   6.3365817   55.0589027    2.7034950
   6.3872099   55.1711617    3.7233462
   6.3808861   56.0728188    2.5531178
   6.4756074   55.3780479    5.2858949
   5.6609039   54.8954391    5.6761928
   6.1882610   56.2507172    5.6756854
   4.1691885   53.9678268   13.2171879
   4.0808306   53.0499115   12.8505268
   3.4412391   54.4372215   12.7237492
   3.9967074   54.2498436   15.8163080
   4.0251827   54.3080826   14.7964048
   3.1877899   54.8418159   15.9307442
   4.1600327   51.2202759    9.6345949
   4.2258339   52.2187004    9.4512939
   3.2573118   51.1064148    9.2655849
   4.0373116   51.3111458   12.3394175
   4.1813626   51.2798347   11.3338594
   4.8736806   50.7915115   12.5525494
   6.3695211   50.0410500   12.8376884
   6.6011934   49.1021385   12.6982708
   7.2462883   50.3936539   12.3897133
   6.1269722   50.0087700   15.5730267
   6.1152873   50.1861801   14.5981636
   5.3932729   50.6602898   15.8482723
   6.5147862   55.2051620    9.7743549
   5.7007904   54.6368942    9.5631924
   6.5597811   54.9613457   10.7425566
   6.5756435   54.7883263   12.5005293
   5.7407513   54.5289612   12.9522476
   6.5319476   55.7996826   12.6963844
   4.1865869   54.2336960   19.8159103
   3.9422023   53.3041954   19.4933414
   3.4545796   54.7294807   19.3724976
   4.4104910   54.0630112   22.3609467
   4.4275732   54.1146164   21.3493919
   3.4606848   54.5631371   22.3864498
   4.1530066   51.6586189   16.2711487
   4.0075369   52.6232033   16.0331993
   3.2524624   51.3189545   15.8871660
   3.7365401   51.8078461   18.9872303
   3.9450681   51.8316422   18.0220547
   4.4764748   51.1514549   19.2005520
   5.8537140   50.2185440   19.4276295
   5.8563437   49.3047714   19.0387115
   6.8162971   50.4656754   19.2046566
   6.0344720   50.2500877   22.1253262
   5.8318939   50.4240456   21.1529655
   5.2696791   50.7631416   22.5237103
   6.4605045   54.8243523   16.1590061
   5.5225110   54.4261971   16.1150017
   6.4631181   54.8393631   17.1813965
   6.4409342   55.0832520   18.7984810
   5.5784473   54.7322311   19.2093220
   6.3106251   56.0424614   19.1359177
   3.9445734   54.1582489   26.8365345
   3.8102233   53.1823311   26.6011276
   3.2418849   54.5189514   26.2447014
   4.0504065   54.2697334   29.4916801
   3.9931929   54.3214531   28.4593487
   3.3359799   54.9344749   29.6747074
   3.9835589   51.5222244   23.1981277
   4.1287346   52.4938393   22.9083080
   3.0069942   51.4613991   22.8779373
   3.6337426   51.6558762   25.8315811
   3.8241849   51.5398331   24.8608303
   4.4188643   51.0789566   26.1551018
   5.7791963   50.3001213   26.5887547
   6.1530557   49.4725227   26.1519089
   6.6634703   50.8111687   26.5110359
   5.7614317   50.1489372   29.3551540
   5.5765095   50.3791428   28.4132061
   4.9695644   50.6893692   29.7633934
   6.4416485   55.4057808   23.3792992
   5.6257262   54.8646545   23.0757790
   6.4405966   55.1213112   24.3125324
   6.3176904   54.8489456   25.9666653
   5.4004402   54.5152855   26.2672138
   6.1851430   55.8095398   26.2990990
   4.2713976   54.1694946   33.7027626
   4.0559363   53.2055130   33.3497467
   3.4504800   54.5651207   33.2295990
   4.3322268   54.4446068   36.2785797
   4.2390823   54.4094963   35.2332191
   3.4166443   54.8814049   36.3798523
   3.8665633   51.7066307   30.1316948
   3.8800626   52.6951027   29.8369560
   2.9850073   51.5117378   29.6840591
   3.7564037   51.6854362   32.8699226
   3.7544861   51.6622429   31.8488846
   4.6085320   51.1777725   33.0200691
   5.9212041   50.2071915   33.1418686
   6.0796289   49.2508125   32.7931519
   6.8460398   50.5283127   32.8087158
   6.0353746   50.0111275   35.8271599
   6.0098939   50.2525787   34.8512383
   5.2735448   50.6110916   36.0804329
   6.4350286   55.1636353   30.1489658
   5.5470037   54.7356033   29.9631233
   6.3866529   55.1277542   31.1601353
   6.6126418   55.0036049   32.7631264
   5.7297511   54.6506882   33.1132584
   6.5367575   55.8939743   33.2247963
   4.2367334   53.9859657   40.2557793
   4.1437078   53.0554504   39.8499832
   3.4180470   54.3757362   39.8250542
   4.3821211   54.2493362   42.8491058
   4.2663822   54.2040482   41.8508492
   3.5105474   54.7936096   42.9827118
   4.2011223   51.6908875   36.6052094
   4.2431107   52.6447411   36.4189720
   3.2504377   51.5307312   36.2635574
   3.9272282   51.5204964   39.3313484
   4.0634408   51.3903732   38.3172493
   4.6704912   50.8861580   39.5696793
   6.1080265   50.0768242   40.1414986
   6.3953485   49.1737976   39.8004227
   6.9873538   50.5469971   39.8565521
   5.9666781   50.0352783   42.7767868
   5.8834562   50.1137161   41.7685204
   5.3115563   50.7787170   42.9578476
   6.5859532   55.5396538   36.9442558
   5.6821651   55.1537895   36.7187309
   6.5592861   55.2144318   37.9435883
   6.5785308   54.9308128   39.5052071
   5.6192884   54.6937141   39.7898941
   6.5141983   55.8871269   39.8860283
   4.1951208   53.9527245   47.1389351
   4.0455427   52.9759026   46.7991524
   3.3207324   54.2612457   46.7081451
   4.3317776   54.0802650   49.7495842
   4.2240496   54.0847740   48.7612648
   3.5024135   54.6274567   49.9365196
   4.1616030   51.7447853   43.4797478
   4.1001058   52.7574654   43.3476791
   3.2506595   51.5570793   43.1616516
   3.9511862   51.5675354   46.1778603
   4.1122518   51.5670509   45.2048416
   4.7627826   51.0071220   46.4538574
   6.0418286   50.0289268   46.8688545
   6.2389526   49.1800995   46.3570213
   6.9209862   50.4807129   46.5413246
   6.2992043   49.9762192   49.5121078
   6.0684304   50.0522118   48.5327301
   5.6185188   50.6004295   49.8838234
   6.6687279   55.2668839   43.7058067
   5.7807016   54.7828484   43.4766846
   6.6163459   54.9861755   44.6828194
   6.5943375   54.7508736   46.3929634
   5.7070513   54.3977776   46.7671165
   6.3855267   55.7210197   46.7029839
   4.3162374   53.8577805   54.1408043
   4.0743895   52.9569702   53.7480774
   3.5335424   54.3407822   53.6822243
   4.6540976   54.1588249   56.8506966
   4.6147203   53.9946289   55.8374329
   4.5459991   53.1246185   57.0142365
   4.4237795   51.4626694   50.4077263
   4.3043060   52.4674339   50.1549416
   3.4751387   51.2602615   50.0680962
   4.1707664   51.4246559   53.0543480
   4.2773366   51.2913666   52.0565224
   4.9341049   50.7841568   53.2634315
   6.3089657   49.9337845   53.5142441
   6.6071086   49.0263977   53.1966400
   7.1013083   50.4242210   53.0788307
   6.0104589   49.8377075   56.2761726
   6.1198258   50.0237389   55.2812920
   6.8949695   50.4102287   56.5019608
   6.6604123   55.3099670   50.5010529
   5.7502360   54.9676781   50.2709770
   6.5882058   55.2098732   51.4994888
   6.5160198   54.9753952   53.1858788
   5.7179971   54.4912109   53.5910454
   6.3977532   55.8059082   53.7701759
   4.2646112   54.5036507   60.5586548
   4.2315578   54.3191071   61.5523987
   4.2150187   53.4952507   60.3194695
   4.1058016   53.8245888    1.8815941
   4.9488897   54.3062096    2.2218442
   3.4595392   54.5430717    2.2541089
   4.4744577   51.6066933   57.5330658
   4.9510431   50.7957497   57.0971985
   3.5527077   51.3074799   57.2392998
   4.3878598   51.8132286   60.2188301
   4.4542131   51.6239738   59.2165985
   5.1599908   51.1548195   60.4106750
   6.4923539   50.2244339   60.5325317
   6.7717080   49.2876663   60.3508148
   7.2759476   50.6472740   60.0482864
   6.2679629   49.7625732    1.8302658
   5.4001083   50.2465820    2.0408955
   6.2275724   49.9524956    0.8378785
   6.9013991   55.2439079   57.3902855
   6.0011263   54.8192558   57.1674767
   6.8072076   55.1700058   58.3808708
   6.8006597   55.3565826   60.0057373
   5.8400168   55.0915947   60.1199112
   6.7327447   56.2698097   60.4157028
   4.8334937    0.3728951    6.5129480
   4.7993360    0.5259063    7.5393910
   3.8856120    0.7295641    6.4050837
   4.5571661   61.9512978    9.0789957
   4.3622856   61.0402794    9.5256634
   3.6783433   62.3460808    9.4177952
   4.4916716   59.2354164    3.2424462
   4.4517136   60.1436920    2.8239372
   3.5857563   58.9073219    2.9137578
   3.7313917   59.2278099    5.8620439
   4.1608019   60.0417137    6.1917949
   3.8951163   59.3554001    4.8837547
   6.0227261   57.7187805    6.6031089
   5.2091389   58.2534142    6.3979340
   6.0690918   57.8442535    7.5661287
   6.2733078   57.8825111    9.3010092
   6.5086217   56.9384499    9.5608358
   7.1661601   58.2556000    9.5832062
   6.8961792    1.6764040    3.0186856
   7.0697718    2.6814907    2.8734083
   6.9806070    1.7288852    4.0241737
   6.9732976    1.8672894    5.6434093
   6.1074042    1.4104508    5.8845487
   7.5524454    1.0879912    5.9483747
   4.8468566    0.3946984   13.2300987
   4.7656126    0.5185643   14.1926460
   4.1482267    1.0123583   12.8898706
   4.4110956   62.1989479   16.0289993
   4.2984238   61.2270241   16.3054428
   3.4980533   62.5122871   16.3030605
   4.2580051   59.4573860    9.8638315
   5.0555067   58.9075890    9.5649252
   3.5290537   58.8326111    9.4514761
   4.6706362   59.0854187   12.4022007
   4.8368893   60.0102043   12.7606125
   4.4056029   59.4142761   11.4719887
   6.4644985   57.3076515   13.1902819
   5.8171220   57.9760284   12.7464848
   7.2918200   57.9379349   13.0007477
   6.2475548   57.5047264   15.8384848
   6.3492908   56.5187759   16.0835800
   6.2403264   57.3340416   14.8299475
   6.8938365    2.1531513    9.5898142
   5.9724584    1.7864150    9.5636911
   6.9705706    2.0514634   10.6052284
   6.9489336    1.7378448   12.2623539
   6.1643376    1.2239068   12.5888739
   7.6807919    1.1902858   12.6269112
   4.8141756    0.6649240   19.8468914
   4.6285162    0.8012222   20.8646946
   3.9151771    1.1258187   19.5735874
   4.2060204   61.8532600   22.4960194
   4.1678433   60.8568878   22.8640652
   3.2619047   62.0459518   22.8210983
   4.3111825   59.4892578   16.6720161
   5.0450988   58.9061317   16.3779373
   3.5559025   58.9346313   16.2711887
   4.0869918   59.3667183   19.3202515
   4.5305138   60.2876320   19.4596653
   4.1224961   59.4804726   18.2882175
   6.1079807   57.6458435   19.7036533
   5.3407183   58.2395439   19.5078716
   5.9542489   57.6285248   20.6866932
   6.1472034   57.8522491   22.4840107
   6.4276414   56.9108276   22.7695808
   7.0047340   58.2891731   22.7890759
   6.8628478    2.0246925   16.1808681
   5.9076586    1.7210250   16.2128448
   6.9983888    1.9038632   17.2103214
   7.1276188    1.8333670   18.8546486
   6.3691092    1.3350306   19.2797108
   7.8220320    1.0626712   19.0150070
   4.6362829    0.4200006   26.8352718
   4.4341097    0.4689409   27.8122005
   3.7706730    0.9182386   26.5520763
   4.3464556   61.8442307   29.5127754
   4.1158161   60.9154205   29.8970699
   3.5053492   62.2473030   29.8350353
   4.1267738   59.3819733   23.4605026
   4.8773794   58.8014793   23.1339321
   3.4028172   58.6477089   23.3143196
   4.3622141   59.1048584   26.0344734
   4.4862289   60.1108475   26.2930717
   4.3255253   59.3870964   25.0224915
   6.2354445   57.2920494   26.7268085
   5.4953461   57.9199066   26.3989601
   7.0029621   57.9337540   26.5616779
   5.9539952   57.7060623   29.3245678
   6.0554771   56.7592659   29.6325989
   6.1182299   57.4645004   28.3120003
   6.6675920    1.9467785   23.1128120
   5.7784524    1.5349339   22.9179153
   6.6008615    1.9434694   24.1012936
   6.7871757    1.6215172   25.8122025
   5.9948049    1.1949844   26.2675762
   7.4488053    0.9361371   26.1336079
   4.6241693    0.5988349   33.4410744
   4.5137215    0.7234253   34.4150772
   3.7334409    1.1006777   33.2168350
   4.3298478   62.1882896   36.1293488
   4.2630267   61.2315063   36.3791199
   3.3887291   62.4554100   36.5125084
   3.9668691   59.3544807   30.2332630
   4.5704870   58.6448021   29.8376274
   3.1018913   58.9863701   29.7640381
   4.1227636   59.2500839   32.9020958
   4.3218331   60.2669144   33.0105667
   4.1304269   59.3550606   31.8526268
   6.0222397   57.5691452   33.4145927
   5.3119674   58.2686806   33.1885109
   5.8451085   57.6884232   34.4324455
   5.9277945   58.0001030   35.9555817
   6.2280746   57.1279030   36.3224220
   6.7934351   58.4769516   36.2517509
   6.6848960    1.8189582   29.7365398
   5.8192816    1.3769244   29.5112629
   6.5564733    1.8177218   30.7277718
   6.9556055    1.8244829   32.4891319
   6.2787008    1.2205014   32.9184494
   7.7353287    1.2292043   32.8516884
   5.0014172    0.4072357   40.2340813
   4.8926997    0.4369754   41.2236710
   4.1756463    0.9605143   40.0103111
   4.4312572   61.8910484   42.8299179
   4.4065552   60.9700356   43.3144798
   3.6120996   62.2699280   43.1870041
   3.9285910   59.5352821   36.7900314
   4.6076994   58.8964729   36.3658409
   3.1108482   59.0112152   36.4879761
   4.5220356   59.1674461   39.3385048
   4.7589388   60.1412659   39.5683441
   4.2276359   59.4493370   38.3732109
   6.4260592   57.4618149   40.2666397
   5.7691412   58.0666580   39.8444099
   7.2619786   58.0073853   39.9335785
   6.2234044   57.6890106   42.8668022
   6.3814740   56.7207909   43.1228218
   6.2933574   57.5657883   41.8856430
   6.7384086    2.1378756   36.7060738
   5.8456211    1.8175234   36.5337982
   6.7342310    1.9875712   37.7146301
   7.0099306    1.8072668   39.3553886
   6.3004804    1.2385706   39.7778549
   7.7574077    1.1586090   39.6637650
   4.7108665    0.3784024   47.2084923
   4.6683083    0.4643174   48.2320671
   3.8797057    0.9648268   47.0731430
   4.5783620   61.9247932   49.8690643
   4.3584967   60.9367027   50.0052032
   3.6934416   62.2066040   50.3496017
   4.2809620   59.3790703   43.7744637
   4.9574862   58.7082024   43.4458580
   3.4643083   58.8807640   43.3823471
   4.2013545   59.0236244   46.4230156
   4.4095902   59.9918785   46.7076225
   4.2631183   59.2174835   45.4376678
   6.3377352   57.5121613   47.0684967
   5.5581789   58.0020065   46.6969719
   6.1653666   57.7933159   48.0342598
   6.0889902   57.9097786   49.7876472
   6.3395634   56.9509697   50.0407524
   6.9048734   58.3301582   50.1992683
   6.9268727    1.8984756   43.5219460
   6.0565090    1.4110048   43.2935753
   6.8944874    1.6854438   44.5154152
   6.8571568    1.3867085   46.0669861
   6.1274300    0.8407453   46.5558853
   7.5846648    0.7896482   46.3445473
   4.9576564    0.4003492   53.8660049
   4.9072051    0.5114577   54.8991432
   4.1083102    0.9848033   53.7685509
   4.7436128   61.9067116   56.6505623
   4.5781965   60.9813080   57.0361214
   3.9476235   62.3368187   56.9988327
   4.0984983   59.3326912   50.5525322
   4.8407049   58.7421646   50.2352257
   3.3394358   58.8065071   50.2075005
   4.4305034   58.9980431   53.2241631
   4.7624383   59.9430504   53.4051437
   4.2695127   59.2094383   52.2151070
   6.2819352   57.2879906   54.4203835
   5.6371012   57.9338112   53.9926109
   7.1367850   57.6439857   54.0473404
   6.1786218   57.7587738   56.9691429
   6.4429898   56.8711243   57.3213844
   6.2143173   57.4900284   55.9985504
   7.1176085    1.5565072   50.1577110
   6.1672020    1.1627420   50.1061096
   7.1379318    1.6083931   51.1453934
   7.1246433    1.4772556   52.7931557
   6.2611637    1.0152287   53.0955811
   7.7520156    0.8653638   53.2045746
   4.9561591   62.0825386   60.9901428
   4.8332210   61.9228439   62.0080223
   4.7655087   61.1375771   60.7246399
   4.5959787    0.4917100    2.3210766
   5.4487877    0.9051195    2.6966770
   3.9392495    1.0147188    2.8183920
   4.3248925   59.4399948   57.8332405
   5.0909276   58.8402176   57.4709091
   3.6088917   58.8361588   57.4287300
   4.5526333   59.4932442   60.4904556
   4.3428841   59.5243874   59.4543762
   3.7495849   58.8806877   60.6722298
   6.6427698   57.8991280   60.9506226
   5.8833733   58.5532074   60.8425179
   6.5463872   57.7981987   61.9378586
   6.4408607   57.7159729    2.3373907
   5.7749443   58.3553123    2.7424171
   7.2661524   58.3171616    2.5007682
   7.1959300    1.6719595   57.1863670
   6.2518034    1.4505241   57.0257034
   7.1457477    1.5768665   58.2177696
   7.0267196    1.9505495   59.8440552
   6.2078786    1.5344592   60.3446007
   7.6341209    1.2150214   60.2686157
   8.6186428    7.9764743    6.2927632
   7.7788515    8.5438213    6.1799202
   8.7586555    8.2519474    7.2848859
   9.3864880    8.7193069    8.6765003
   8.5357599    9.0709925    9.0854473
   9.4063520    7.8364048    9.1408396
   9.4848509    5.7560501    2.7710528
   8.5584202    5.2767005    2.7404478
   9.4623260    5.7661657    3.7926702
   9.1565905    5.5974441    5.4778461
   8.2894745    5.1628971    5.7985005
   8.8845673    6.5257626    5.8523760
  10.8580551    3.7375257    6.1518455
  10.1903820    4.3774247    5.7867208
  10.7764750    3.9648905    7.1247678
  11.1401405    4.3295193    8.7722244
  10.5440817    5.1296377    8.8628206
  12.0016413    4.7111039    9.0333805
  11.4134951    9.1450529    2.9340570
  11.2070532    9.1265860    3.9536743
  11.1170340   10.1431189    2.8659198
  10.9926577    9.2542553    5.5839348
  10.0597448    8.9507961    5.8852129
  11.0096998   10.1048164    6.1092873
   9.1806936    8.3428974   12.6598902
   8.2927666    8.8647900   12.5956688
   9.1444025    8.3373890   13.6787739
   8.8316002    8.3142443   15.3276167
   8.0599298    8.7447033   15.7847881
   8.7476749    7.4069705   15.7343502
   9.2235813    6.2162805    9.5043335
   8.3044119    5.7722692    9.5910311
   9.4554796    5.9930882   10.4747343
   9.4574423    5.7260866   12.1725235
   8.6382952    5.3943214   12.6302452
   9.3365812    6.7409930   12.3404255
  11.6303196    4.1692243   12.7766037
  10.8429155    4.7424974   12.5115328
  11.5173750    4.2962046   13.7883778
  11.3286066    4.4016385   15.4056225
  10.4724083    4.8657031   15.6935253
  11.0993547    3.5037141   15.7298231
  11.4964304    9.7882872    9.8515654
  10.7008476    9.4041901    9.3326721
  11.3526306   10.7362947    9.4873152
  11.3922386    9.7740793   12.4984493
  10.4975634    9.2296877   12.4192886
  11.4872208    9.7670622   11.4759188
   8.8139133    7.9747648   19.5466766
   7.9165535    8.3681965   19.3968506
   8.8446484    8.2090340   20.5626278
   9.0074606    8.5113745   22.0702171
   8.2669830    9.0001326   22.5702610
   8.8960676    7.6334219   22.5326252
   8.9933100    5.8503532   16.2061729
   7.9983501    5.4913783   16.1476116
   9.0638351    5.6587052   17.1946011
   9.1442585    5.4219184   18.7685966
   8.3366604    5.0686703   19.2091599
   9.0954266    6.3555799   19.2064495
  11.1676426    3.7715065   19.5596886
  10.3853722    4.3521252   19.2917805
  11.0389547    3.8958826   20.5442581
  11.0469837    4.3290834   22.1189995
  10.3997498    4.9112840   22.6185265
  11.8925152    4.8430557   22.4649925
  10.9817419    9.3674536   16.5556850
  10.1751690    8.9895735   16.0743904
  10.7841377   10.3619013   16.2937355
  11.0143595    9.3715296   19.1840229
  10.1244211    8.8554506   19.2157879
  11.0708904    9.3487501   18.1563816
   9.0144291    7.9475126   26.4355354
   8.1431866    8.4751053   26.2356720
   8.9328451    8.1432533   27.4694977
   9.0980940    8.2512646   29.0869122
   8.2837715    8.6823158   29.5648651
   8.9383020    7.3446684   29.4721642
   9.0218611    6.0559382   23.1403027
   8.1800003    5.5282412   23.0070515
   9.1687927    5.7694030   24.1112289
   9.2256079    5.4266624   25.6677418
   8.4633179    5.0851598   26.2703247
   9.1248016    6.3966947   26.0144958
  11.5762968    4.3402567   26.2401905
  10.7176476    4.8932228   26.1437740
  11.4572191    4.1784878   27.2533798
  11.5272446    4.3117399   28.8747253
  10.6907635    4.6688538   29.2737007
  11.4709120    3.3935342   29.2053490
  11.2377472    9.4592428   23.1303005
  10.4009523    9.1301231   22.6363297
  10.9483948   10.4693632   23.0231075
  11.2699862    9.3368320   25.8598347
  10.4874840    8.6943026   25.9741821
  11.2602167    9.2888870   24.8546162
   9.1539898    8.1289406   32.9970322
   8.3464584    8.6647987   32.8182373
   9.1139479    8.2106581   34.0186043
   9.0425148    8.5028591   35.6579895
   8.2246933    8.9493217   35.9765129
   8.9168262    7.6203613   36.1451607
   9.1717634    5.3807888   29.7038250
   8.2150345    4.9918480   29.7104797
   9.2617302    5.4431806   30.7156467
   9.4216566    5.5562348   32.3995056
   8.6203270    5.2930264   32.9982033
   9.2767181    6.5506358   32.5533676
  11.3692741    3.8982296   33.1843910
  10.5753345    4.4948740   32.9137955
  11.3338423    4.1422167   34.1582947
  11.1088200    4.2709908   35.8385544
  10.4512424    4.8587174   36.1869087
  11.9455023    4.8552966   36.0468025
  11.2502556    9.3737574   29.9495754
  10.3994303    9.0263891   29.5442066
  11.0481081   10.3566341   29.7841816
  11.4351149    9.2582464   32.5722008
  10.5788288    8.7661161   32.6807365
  11.4003668    9.3154650   31.5722847
   9.2744865    7.9612842   39.9007912
   8.3361053    8.3567581   39.6827736
   9.1631699    8.0624561   40.9024086
   9.2859135    8.0547867   42.5054665
   8.5183048    8.3818817   43.0379944
   9.3782206    7.1495252   42.9407616
   9.0324802    6.1035161   36.8024254
   8.1878357    5.5495901   36.6786270
   9.2686853    5.8223205   37.7179031
   9.7683897    5.4654746   39.3549156
   8.9774113    5.0815053   39.8231506
   9.5674820    6.4456191   39.6116066
  12.0371990    4.2927151   39.8766594
  11.1622744    4.7956734   39.6493912
  11.8936596    4.3646336   40.9124832
  11.6011972    4.3961954   42.4690895
  10.7300014    4.7436600   42.8285675
  11.5312805    3.4583647   42.8836784
  11.1060781    9.6573467   36.9159279
  10.2782488    9.2618961   36.4642754
  10.8725538   10.6165905   36.6378441
  11.4535093    9.5537643   39.5712967
  10.6866093    8.8868008   39.6657181
  11.2965679    9.5756493   38.5303192
   8.9887543    7.8072910   46.7438545
   8.1572552    8.3442001   46.5805931
   9.1045456    8.1404438   47.7144699
   9.0685263    8.3278828   49.3356667
   8.2853031    8.8003197   49.7666168
   9.0083799    7.5118809   49.8832130
   9.3406019    5.5643039   43.4519005
   8.3761911    5.1665535   43.3749313
   9.4242125    5.4201374   44.4618263
   9.3142805    5.1927161   46.0998878
   8.5141869    4.8525143   46.6674957
   9.2456589    6.1254735   46.5245819
  11.4565096    3.6584787   46.5224266
  10.6413116    4.2269888   46.3992386
  11.5050058    3.8376274   47.5301399
  11.3685198    4.2262878   49.0541878
  10.6267538    4.8638930   49.4013138
  12.1337223    4.7006879   49.5567551
  11.2138891    9.3769045   43.7365875
  10.5141850    8.9635248   43.1109505
  10.9804831   10.3478575   43.5317192
  11.1627436    9.3004675   46.3468170
  10.4072599    8.6644220   46.3829994
  11.2350140    9.3453608   45.3096657
   9.2753057    7.9943495   53.4669685
   8.4170551    8.5502167   53.3622551
   9.3560896    8.2122192   54.4498024
   9.5418100    8.1919022   56.1291084
   8.6586800    8.5361691   56.5401230
   9.4085045    7.2509856   56.4239464
   9.4631805    5.6965456   50.3092690
   8.6358366    5.1851640   50.1854515
   9.5390539    5.5857153   51.3367043
   9.4670515    5.4520965   52.9777145
   8.7227249    5.0913496   53.5131073
   9.3779764    6.4383693   53.2177391
  11.5828381    4.0372996   53.5642815
  10.7461967    4.5591478   53.3616524
  11.5018263    4.1408424   54.5849419
  11.3632011    4.3749266   56.1206322
  10.5592985    4.8030291   56.4871025
  11.2426853    3.4883823   56.6155434
  11.2973051    9.2960730   50.3715591
  10.4565144    8.9094257   49.8784332
  11.0104551   10.2475815   50.2418556
  11.5620537    9.2901020   53.0442276
  10.7657089    8.6926298   53.1389732
  11.5514708    9.3472481   52.0077133
   9.0584126    7.8402815   60.7037354
   8.4435396    8.6306458   60.4551620
   9.0308437    8.0694685   61.7030411
   9.0638380    8.2329979    2.0654297
   9.2303038    7.2754054    2.2284791
  10.0158033    8.5509090    2.3365264
   9.2338200    5.6615782   57.1412392
   8.3077593    5.2292953   57.0169640
   9.2759428    5.4998865   58.1399117
   9.2120008    5.3583941   59.7817993
   8.4162207    5.0123734   60.3080292
   9.0655003    6.3462296   60.1290779
  11.4070730    4.2404585   60.8206100
  10.5605268    4.6360264   60.4512978
  11.2723055    3.3056722   60.3959007
  11.1629934    3.7843184    2.1756670
  10.5138216    4.5388246    2.3049042
  11.3372107    3.9985328    1.1606864
  11.2373304    9.2265682   57.8873444
  10.6608477    8.7951431   57.2028084
  11.1156521   10.1886454   57.4555206
  11.2025461    9.4057760   60.4587135
  10.3609953    8.8262434   60.4931183
  11.2662191    9.3344069   59.4351349
   8.7564106   15.9871721    6.5963960
   7.8714671   16.2854881    6.1530252
   8.6689091   15.0167427    6.4019518
   8.9494095   16.3281975    9.3300095
   8.0249538   16.7431202    9.3225012
   8.9542513   16.1375675    8.3015556
   8.7019253   13.2621050    3.1761866
   7.8113275   12.9598598    2.6897221
   8.6951313   14.1688128    2.6713066
   8.5975657   13.3241167    5.8550854
   7.7419429   12.8081121    6.0143967
   8.5843830   13.2285223    4.8266797
  10.7557726   11.7913151    6.4311018
   9.9899559   12.3687000    6.0467567
  11.4958210   12.3955250    5.9883265
  10.9290943   12.2197199    9.0385008
  10.8387766   12.1061144    8.0352268
  10.0178537   12.6388502    9.1612577
  10.9946928   16.5901623    3.3749280
  10.2351370   16.1302090    2.8677273
  10.8770523   17.4756699    2.8885891
  11.0343199   17.2359657    5.9151192
  10.1374416   16.8382931    6.1436749
  10.9870119   16.9404011    4.9201636
   8.5394955   16.1185989   13.3441525
   7.7460952   16.5715981   12.9008112
   8.3873272   15.2146788   12.9682550
   8.6875038   15.8943300   16.0259590
   7.9206786   16.5977859   16.0928555
   8.7151279   15.9192772   15.0390072
   8.7390833   13.6429129    9.6052189
   8.9512167   14.6207256    9.5387449
   8.4899273   13.6969681   10.5927191
   8.2694302   13.5614214   12.3892288
   7.6215587   12.9094706   12.7396746
   9.1283455   13.0959272   12.6885691
  10.6364126   12.2923136   13.2048054
  10.9403429   11.3539820   12.9418058
  11.5185080   12.7707596   12.9792967
  10.5400114   11.9904194   15.8387270
  10.4361744   12.0704088   14.8024921
   9.6836233   12.4884520   16.0044003
  11.1213722   17.4548683   10.3209448
  10.2185841   16.9925308   10.0702953
  11.0465994   17.1698227   11.2997618
  10.8614941   17.2409611   13.0457249
   9.9455395   16.8107719   13.2574692
  10.5813074   18.1968555   13.2266283
   8.7935772   15.7598133   20.0942554
   8.0994520   16.2436256   19.5020504
   8.6503391   14.8455915   19.7429142
   8.6022835   15.8524332   22.7620525
   7.8758559   16.5257912   22.8519077
   8.6319761   15.8226099   21.7721977
   8.2962294   13.1651773   16.5097466
   8.5464821   14.1545029   16.4422646
   8.2118311   13.2315121   17.5316010
   8.1261663   13.2420263   19.2345161
   7.4135852   12.6926613   19.5991211
   8.9185371   12.6806288   19.5028648
  10.2204971   11.7515850   20.1770496
  10.5444250   10.8393755   19.8791561
  11.1161633   12.2051506   19.9528160
  10.4021988   11.9766350   22.7699528
  10.2394648   11.9444323   21.7637825
   9.5659599   12.4560356   23.0247269
  10.9189196   16.8478832   16.9795475
  10.0250797   16.4307156   16.6248283
  10.6659937   17.8102798   16.6087284
  11.1242466   16.9704380   19.6012001
  10.2511625   16.3782291   19.7184849
  11.0077314   17.0091972   18.6162262
   8.9825802   15.6053982   26.7878971
   8.2670994   16.1101589   26.2980480
   8.5889931   14.6944313   26.6054268
   8.8452435   15.7171965   29.3589935
   7.9890985   16.2855682   29.3742104
   8.8378706   15.6598654   28.3390751
   8.2493639   13.2522697   23.3884811
   8.3741417   14.2649584   23.3269176
   8.2132263   13.2739935   24.4033737
   8.0983067   13.1188545   26.0754128
   7.4141994   12.4714966   26.4546089
   8.9166021   12.6038847   26.3471889
  10.3224859   11.8280411   26.7544079
  10.5880566   10.8887320   26.4889145
  11.2544479   12.2180815   26.5903683
  10.6657410   11.9232826   29.4810467
  10.4938183   11.9899673   28.4583645
   9.7425146   12.2767859   29.6747208
  10.7666416   16.7399578   24.0043716
   9.9598055   16.3193302   23.5478935
  10.5493622   17.6953087   23.7202759
  11.3024292   16.9953270   26.4862785
  10.4861536   16.4500370   26.7427998
  11.1215439   16.9229736   25.4753189
   9.0174618   15.7832880   33.6892662
   8.2072048   16.1978512   33.2600441
   8.8438110   14.8501759   33.2933197
   8.9707890   15.9932747   36.3725090
   8.1435976   16.6159534   36.3811531
   9.0462761   16.0455322   35.3547020
   8.2951841   13.1925745   30.0895233
   8.6370659   14.1003485   29.8594933
   8.3945942   13.2891808   31.0958729
   8.5482397   13.3041372   32.8923569
   7.9029064   12.6900988   33.3440018
   9.3746967   12.8078175   33.1998024
  10.7716208   11.9236813   33.5999451
  11.0684462   11.1176853   33.1498413
  11.6518316   12.4535980   33.3294640
  10.6963959   12.3165016   36.2302437
  10.6382380   12.1850939   35.2242126
   9.7599840   12.7615776   36.3180275
  10.9397297   16.7384453   30.7071133
  10.1931610   16.2074280   30.1989136
  10.5777941   17.6253719   30.3512745
  11.3233929   17.0151272   33.2504997
  10.4483089   16.5341911   33.4600754
  11.2363634   16.8360405   32.2160225
   8.8720255   15.6767654   40.3245811
   8.1142282   16.1357002   39.8609924
   8.5144882   14.7501984   40.0632057
   9.0015402   15.7213364   42.9984589
   8.1901474   16.3331299   43.1033554
   8.8980169   15.7073812   41.9395561
   8.3469954   13.4386635   36.7871552
   8.5048752   14.4089708   36.6795044
   8.4691181   13.4571934   37.8275795
   8.4894333   13.1560278   39.5768776
   7.7629027   12.4707680   39.9291954
   9.2515011   12.5237875   39.9917068
  10.5144682   11.8237553   40.5838089
  10.8398933   10.9128304   40.2079163
  11.3321304   12.3517771   40.2859688
  10.6234779   11.9024372   43.2863388
  10.4686127   11.8887720   42.2927132
   9.7433691   12.4473076   43.4834328
  10.9954176   17.0423012   37.5765991
  10.1786327   16.5714264   37.1837044
  10.7429562   17.9454021   37.1692238
  11.2618618   17.0429401   40.2169304
  10.4149666   16.5392170   40.3641739
  11.1510315   16.9905834   39.1926308
   9.1451950   15.7349710   47.0144730
   8.3884563   16.1658363   46.5280952
   8.8859978   14.7633162   46.8036995
   8.8732548   15.6712399   49.6833458
   8.1935501   16.3971558   49.8096809
   8.9124079   15.6908646   48.6850166
   8.4597788   13.2869091   43.8562431
   8.6169424   14.2983608   43.6665688
   8.3777342   13.3779869   44.8342896
   8.2688656   13.2563839   46.4763565
   7.4801931   12.7170620   46.8363876
   8.9656963   12.5995207   46.8138695
  10.3224773   11.7207785   47.4301796
  10.6593399   10.8039169   47.0774040
  11.1998482   12.1520061   47.2163696
  10.4968262   11.8705082   50.1377563
  10.3041945   11.9911146   49.1343079
   9.5582905   12.2773333   50.3430710
  11.2018585   16.8304958   44.0256805
  10.3234739   16.4113464   43.7277184
  10.9084225   17.7884979   43.8019180
  11.3811073   17.1512146   46.7323456
  10.5268059   16.6599503   46.8331757
  11.4115124   17.0929813   45.7118530
   9.0527258   15.7311115   53.9830856
   8.2807341   16.1079636   53.4674110
   8.7942820   14.7566261   53.7374039
   9.0520468   15.7779531   56.6568451
   8.2920170   16.4108162   56.8656387
   8.9667606   15.8637543   55.6662750
   8.2384853   13.1438274   50.6259232
   8.4580374   14.0846252   50.3292236
   8.3552761   13.3599167   51.6118126
   8.4969959   13.2268829   53.2830505
   7.7719212   12.6556549   53.7071152
   9.2602043   12.6466255   53.5814896
  10.5414877   11.6368418   53.9845848
  11.0421648   10.8180046   53.7276001
  11.3170633   12.2674685   53.6946030
  10.6987724   11.4217300   56.7345810
  10.5634041   11.5962391   55.7557106
   9.8990698   11.9780865   57.0220757
  10.9777088   16.7116241   50.9072876
  10.1602964   16.2514210   50.4610558
  10.7348413   17.6088352   50.5075836
  11.3535986   16.9830666   53.4805450
  10.5749598   16.4267654   53.8048210
  11.1129360   16.8777447   52.4760551
   8.8934441   16.1614227   60.7572479
   8.0192022   16.5198326   60.4244194
   8.7586813   15.2288294   60.3774109
   8.8545694   15.5534706    2.0899677
   7.9583654   15.9925375    2.2443676
   8.9298325   15.8640699    1.1241343
   8.8835421   13.1865053   57.4208450
   8.9696398   14.1048841   57.0311928
   8.7533808   13.5080633   58.3971825
   8.6407871   13.5082912   60.0789452
   7.8582392   12.8887024   60.3404961
   9.3389435   12.8926935   60.5259476
  10.4684782   11.8822365   61.0750008
  10.7793407   10.9146690   60.9360237
  11.3319426   12.3167496   60.8434258
  10.6597013   11.5897245    2.5651083
   9.8445015   12.0812397    2.8548305
  10.3664312   11.5983963    1.5605711
  11.1150503   16.6723518   58.0531769
  10.3589506   16.2734337   57.5324783
  10.9439154   17.6406898   57.6812935
  11.5008078   16.8583889   60.6734886
  10.5294104   16.5803223   60.7905693
  11.4238987   16.8478680   59.6463737
   8.5523272   23.6059532    6.3083644
   7.7816324   24.0781059    5.8150024
   8.3116560   22.6618004    5.9312067
   8.9659014   23.8098774    8.9145088
   8.1209946   24.3549976    8.9631691
   8.9095945   23.6992588    7.9072623
   8.6411829   20.7013149    2.7954440
   7.8269086   20.1084557    2.6100388
   8.3935299   20.9642315    3.7203860
   8.0806389   21.1529198    5.3845553
   7.3306160   20.5199203    5.6676707
   8.8039780   20.5431099    5.7748189
  10.1556101   19.7940884    6.4076624
  10.4971056   18.8155136    6.2547660
  10.4263010   19.7650528    7.3897963
  10.7973909   19.7857456    8.9484577
  10.8686371   18.9928913    9.6271191
  11.6806459   20.2151775    9.2482729
  10.7257032   24.3269310    3.2004108
  10.0597095   23.8821201    2.5729306
  10.5373602   25.2579861    2.8217759
  10.7388115   24.8847351    5.7699609
   9.8934488   24.2952747    5.9362340
  10.6943493   24.7045746    4.7431197
   8.4953756   23.7202835   12.9956675
   7.7567134   24.0872383   12.4216537
   8.3596821   22.7541218   12.7406654
   8.4405136   23.6821232   15.6691351
   7.6476789   24.3040695   15.7883492
   8.3655500   23.6855831   14.6600485
   8.5082140   21.2680187    9.6282454
   8.6616850   22.1542149    9.1947508
   9.3238382   20.7997398    9.3182344
   8.1843071   21.2749901   12.3946791
   7.4239273   20.6272697   12.4772034
   8.2097530   21.2703896   11.3622904
  10.2953939   19.8608742   13.3728456
   9.5884886   20.4328594   12.9417667
  11.0873709   20.4279442   13.1858044
  10.2633343   19.2177639   16.0278168
  10.4328165   19.3995705   15.0389452
   9.4546680   19.8393097   16.0570431
  11.1003685   24.9400616   10.0085020
  10.3148127   24.3433723    9.7761259
  11.0355892   24.8524933   10.9842186
  10.9297228   24.8741016   12.7501860
  10.0140619   24.4484329   12.9410028
  10.6066847   25.8108253   13.0038671
   9.0528250   23.5957088   20.1485767
   8.2968264   24.1232700   19.7011604
   8.7837925   22.7076035   19.7093849
   8.7929955   23.6088486   22.7863674
   7.9714632   24.2184963   22.7645397
   8.8796883   23.6014004   21.7731018
   8.4445696   21.0652409   16.4264088
   8.5202389   22.0649605   16.2907085
   8.4146919   21.1168270   17.4612427
   8.3895063   21.0324764   19.1838360
   7.6142135   20.4873257   19.5909786
   9.0582409   20.3749790   19.5752754
  10.3345289   19.4441471   20.3258038
  10.7304688   18.5082455   20.1919765
  11.1296062   19.9246292   19.9178810
  10.1870909   19.1742039   23.1626816
  10.2370796   19.2616272   22.1655712
   9.4514570   19.9052448   23.2158680
  10.6069078   24.7016869   16.7778244
   9.7452688   24.3564682   16.3352966
  10.5360909   25.6374359   16.3594227
  11.3876324   24.9529152   19.3798313
  10.5591230   24.4528694   19.6038876
  11.2276583   24.9284096   18.3813114
   8.7993603   23.5547142   26.7344246
   7.9846697   23.9309292   26.2357273
   8.5926523   22.5887337   26.4516373
   8.8547592   23.4059620   29.3680496
   8.0573320   24.0701141   29.4861889
   8.8462534   23.5523567   28.3448124
   8.3969173   21.0882301   23.5261517
   8.5698032   22.0844345   23.3442001
   8.3699284   21.1629448   24.5315342
   8.3778696   21.0226669   26.1307049
   7.6900854   20.3851700   26.4598179
   9.1804676   20.4837551   26.5753841
  10.3410072   19.4730320   26.9860802
  10.7736950   18.5862350   26.7740993
  11.2075901   19.9909077   26.7922592
  10.1870546   19.0710316   29.7456970
  10.2747555   19.2758465   28.7761250
   9.3258152   19.5788898   29.8645840
  10.9841442   24.5351849   23.7689857
  10.0865669   24.1177654   23.5085850
  10.7358017   25.4277897   23.3348446
  11.1719303   24.8549461   26.4684105
  10.1804333   24.5320320   26.5339279
  11.2559767   24.6169930   25.4812260
   8.8859062   23.5688190   33.7500916
   8.0690813   23.9741440   33.2263107
   8.7581491   22.6481438   33.3812637
   8.9089785   23.6630249   36.3938599
   8.0895996   24.2667103   36.4357758
   8.9197912   23.6644192   35.3460464
   8.2965117   20.8997421   30.2013435
   8.4749861   21.8000565   29.8161163
   8.5117712   21.1404591   31.1704197
   8.5215073   21.1445827   32.9205360
   7.7750669   20.4826946   33.0765076
   9.2308655   20.5069313   33.2851410
  10.5221786   19.5555210   33.8006096
  10.8810959   18.6446686   33.6532364
  11.3674517   20.0521679   33.4331360
  10.2430925   19.3294868   36.5465469
  10.2902889   19.4453945   35.5141983
   9.4696836   19.9887333   36.6115608
  10.7395182   24.6117382   30.7915649
   9.9903975   24.1478844   30.3211937
  10.6915703   25.5089741   30.3087444
  11.2036772   24.6741352   33.3341980
  10.2872849   24.2399616   33.4906425
  11.0635910   24.6187305   32.3156700
   8.8202305   23.5239449   40.5982857
   8.1144314   23.9759121   40.0947838
   8.8074150   22.6518116   40.1367683
   8.7418337   23.5594425   43.2050056
   8.0340338   24.2709484   43.1764832
   8.8305159   23.5191193   42.1770592
   8.4028406   21.1226597   36.9046211
   8.4724693   22.1198997   36.9007492
   8.5270510   21.0446072   37.9164429
   8.7307587   21.0583382   39.4440117
   7.9197497   20.5887890   39.7162170
   9.4172707   20.5323811   40.0090332
  10.6703081   19.6951103   40.8591843
  10.9082422   18.7587566   40.6136589
  11.5316343   20.1183701   40.4774666
  10.3368931   19.2909584   43.3887787
  10.3960819   19.4862747   42.3852081
   9.4908371   19.8215141   43.5110741
  11.0581188   24.7144375   37.5170135
  10.2941856   24.2860470   37.0420532
  10.7247362   25.6637058   37.3809280
  11.2206392   24.6502399   40.1711578
  10.2832794   24.2739010   40.3443413
  11.1446466   24.6609917   39.1527977
   8.8428240   23.4763012   47.1259804
   8.0390491   23.8940258   46.6739540
   8.7668133   22.5877304   46.6159935
   8.8983421   23.4739609   49.7725182
   8.1136951   24.1350727   49.7954941
   8.8704033   23.3982525   48.7387047
   8.2687960   20.9489021   43.5547905
   8.4584465   21.9341869   43.3501244
   8.4593916   21.0689812   44.5517731
   8.5492611   21.0020065   46.1812706
   7.7790284   20.4279327   46.4945183
   9.2841854   20.4340897   46.6102867
  10.5282650   19.6455822   47.3311043
  10.8628473   18.6974354   47.2134056
  11.4247503   20.0308151   46.9810104
  10.2420359   19.0151596   49.9078178
  10.2889595   19.4006767   48.9541817
   9.4128265   19.5680733   50.1678467
  11.0062389   24.6033878   44.3969536
  10.1624451   24.1457481   44.0714378
  10.7712345   25.5367851   44.0391846
  11.2925730   24.6986427   47.0626106
  10.4461346   24.1752853   47.1286087
  11.3129959   24.7194290   46.0338936
   9.1402969   23.5035400   53.8595200
   8.2731991   23.8575230   53.5043831
   9.0189514   22.5358715   53.5635643
   8.9177952   23.3229313   56.5928955
   8.0959988   23.9292812   56.7165413
   9.0066481   23.4545822   55.5969391
   8.4060860   20.8321228   50.6791153
   8.5135412   21.8186684   50.4640427
   8.5525389   20.9414597   51.6774673
   8.8322182   20.8691940   53.3962440
   8.0615911   20.2703514   53.5988655
   9.5373135   20.2766190   53.9156914
  10.8059349   19.3435078   54.4795341
  11.0811672   18.4678383   54.0327339
  11.6359606   19.8260441   54.1140900
  10.4938145   19.0632114   57.1045189
  10.5394611   19.1396732   56.0805130
   9.6454659   19.6222343   57.1466522
  11.1061420   24.3627872   50.8306808
  10.2118521   23.9322147   50.5263023
  10.8774767   25.2595692   50.4495850
  11.5418653   24.4750595   53.3949852
  10.5911045   24.1452789   53.5988274
  11.4187555   24.4381237   52.3539619
   9.1639376   23.2724209   60.4606667
   8.3858891   23.8391361   60.2398300
   9.0206385   23.2679729   61.4542122
   8.7977543   23.0849037    1.7576350
   7.9243088   23.4436054    2.1208246
   8.7313824   22.1905804    2.1438906
   8.4426575   20.6940422   57.2350845
   8.5978518   21.7004147   57.0806236
   8.5128326   20.7539883   58.2328377
   8.5520172   20.6982155   59.7786598
   8.8096724   21.6612129   60.0331726
   9.3288727   20.2793751   60.2823677
  10.6353445   19.3994770   60.9456482
  10.9388008   18.4108925   60.8485680
  11.5362215   19.7475758   60.5750771
  10.7042675   19.0746078    2.3399282
   9.9613638   19.7556667    2.5259480
  10.6913433   19.2602634    1.3495122
  11.0150270   24.4312286   57.7885323
  10.1332350   24.0030861   57.4737091
  10.8380251   25.2940445   57.3291664
  11.6060238   24.4823570   60.3097267
  10.7021942   23.9481945   60.4540977
  11.4534750   24.4775124   59.2711601
   8.5207682   31.3154736    6.3036237
   7.6433620   31.6826420    5.9682889
   8.3850355   30.3839569    5.8992391
   8.8757296   31.2735748    8.8662586
   8.0688295   31.8395634    8.9995842
   8.8685026   31.3630657    7.8520980
   8.4762192   28.3573456    2.5291221
   7.6593275   27.7849369    2.3243268
   8.2004013   28.6557217    3.4531496
   8.0855293   28.9403915    5.2618222
   7.3694749   28.3200321    5.6372290
   8.8456059   28.4149361    5.6649070
  10.1656055   27.5291500    6.2240682
  10.4353600   26.5235043    6.0676875
  10.2455196   27.4425125    7.2138572
  10.6235018   27.3332653    8.8392105
  10.7514868   26.4419880    9.3368902
  11.5302830   27.6789398    9.1072626
  10.6568203   32.3473969    2.9779351
   9.9678373   31.8053284    2.4510691
  10.4507875   33.2572098    2.5393884
  10.6792383   32.7049179    5.7107782
   9.8341942   32.1755295    5.9502616
  10.6981506   32.5009613    4.7246222
   8.6524296   31.2929459   13.1370096
   7.8186893   31.6501579   12.6886501
   8.5676718   30.3563194   12.8254223
   8.7385902   31.4072247   15.8090925
   7.8971443   32.0129852   15.8130589
   8.8432674   31.4573956   14.7959642
   8.1990442   28.6962376    9.4714355
   8.4973822   29.6412487    9.2742968
   9.0512991   28.2716255    9.1130419
   8.1998072   28.8178043   12.1550207
   7.4843183   28.1571751   12.4151831
   8.0855017   28.7440281   11.1709776
  10.3710222   27.4138947   13.2348871
   9.6828146   28.0527248   12.8029442
  11.1498785   27.9528751   12.9374619
  10.3140831   27.1659088   15.8323212
  10.3385515   27.3165665   14.8231926
   9.4572210   27.6748295   15.9709454
  11.0419645   32.6472664    9.8368416
  10.2373400   32.0473442    9.6647263
  10.9682484   32.6546364   10.8267746
  10.8135757   32.8355179   12.5002728
   9.9396400   32.5015564   12.8595963
  10.7168093   33.7807922   12.9170656
   8.7445354   31.1987457   19.7860146
   7.9530320   31.6112900   19.2866459
   8.6632957   30.2942448   19.3957424
   8.4974356   31.2027683   22.4876862
   7.6855440   31.7612209   22.5324650
   8.6051826   31.2541542   21.4949398
   8.2006588   28.7947636   16.4354725
   8.4572601   29.7481117   16.2887497
   8.2672691   28.8017883   17.4566822
   8.4239883   28.7188816   19.0424175
   7.6534619   28.1456242   19.2891312
   9.1130962   28.1403904   19.5156460
  10.4876003   27.4048843   20.2023354
  10.8871212   26.5356998   19.8996792
  11.2407761   27.9884777   19.9748898
  10.2597504   26.9817600   22.8306274
  10.3229599   27.2709980   21.8515644
   9.4002390   27.4042282   23.0152874
  10.7821598   32.3021774   17.2344360
   9.8887482   31.9553280   16.8510590
  10.6805725   33.1947021   16.7859859
  11.1230783   32.3986511   19.7608910
  10.2341614   31.9100075   19.8672695
  11.0622263   32.4081955   18.7352982
   8.6583328   31.2655582   26.5415649
   7.8213992   31.6893425   26.1185074
   8.3908863   30.3325691   26.3181210
   8.7611170   31.3173714   29.1637096
   8.0126104   32.0000381   29.1640739
   8.7406368   31.2381802   28.1289558
   8.0563183   28.6000919   23.3069553
   8.1776609   29.5536842   23.0747395
   8.1476431   28.7322502   24.3211346
   8.2275152   28.6130409   25.9030056
   7.5896897   27.9315090   26.2738113
   9.0875368   28.1753044   26.2692719
  10.3407564   27.3867130   26.8047581
  10.6988697   26.4188213   26.6984482
  11.2331524   27.7858696   26.4952164
  10.2315140   27.0591068   29.5817776
  10.2123423   27.1982288   28.5979786
   9.3212271   27.4817619   29.7311325
  10.5573969   32.2257729   23.8101902
   9.7851038   31.7666702   23.3700714
  10.3400183   33.1393661   23.4164753
  10.9790688   32.3826294   26.3610229
  10.0646601   31.8828487   26.4924946
  10.8883486   32.2671890   25.3329430
   8.8136921   31.0483742   33.6763802
   8.0914850   31.5173454   33.1373329
   8.6277847   30.1183376   33.2826195
   8.7758904   31.3150082   36.2244492
   7.9855018   31.9291668   36.3561974
   8.6704597   31.2757912   35.1934586
   8.2129507   28.7650795   30.0663166
   8.3640118   29.7422638   29.8580112
   8.4120741   28.8430843   31.0558167
   8.5614357   28.5954208   32.7773666
   7.8235717   27.9039650   32.9948387
   9.2716465   28.1498623   33.3268127
  10.5428438   27.1608791   33.9592896
  10.9345722   26.2194214   33.7586288
  11.3533449   27.6253052   33.5477753
  10.2587585   27.0446911   36.6393013
  10.2153740   27.0295486   35.6315460
   9.4878321   27.7185745   36.7435951
  10.6855040   32.3046341   30.5132084
   9.8251343   31.9247837   30.0214081
  10.4030333   33.2789078   30.2364407
  11.1272526   32.4021873   33.1892853
  10.2647696   31.8979759   33.3820114
  11.0203705   32.3130379   32.1791344
   8.9120283   31.2973652   40.2231865
   8.0402164   31.6252918   39.7289467
   8.8180523   30.3315487   39.9269295
   8.6433544   31.1943531   42.9013252
   7.8455777   31.7930279   43.0319557
   8.7149734   31.2551651   41.8741417
   8.2296333   28.7878628   36.9046898
   8.3023214   29.8043842   36.8224869
   8.4455481   28.8005142   37.9008675
   8.7914267   28.7210255   39.4895668
   8.0007830   28.1520996   39.8291588
   9.5037022   28.1993046   40.0029869
  10.6968889   27.4202156   40.7530594
  11.0328302   26.4730644   40.5785561
  11.5147390   27.8629284   40.3123741
  10.3908443   27.0042419   43.4183922
  10.4260340   27.1161633   42.4450302
   9.5472288   27.5795460   43.6023331
  10.9224901   32.5602722   37.1722870
  10.0602627   32.0969887   36.8485069
  10.6813507   33.4824104   36.9059792
  11.2816639   32.7365227   39.8414421
  10.4469595   32.1599464   40.0817528
  11.2034283   32.5536880   38.8267784
   8.7049417   31.0739594   47.0427322
   7.9366155   31.5527935   46.6103439
   8.5023537   30.1408291   46.7804794
   8.7177315   31.2598610   49.6013374
   7.9239659   31.8766479   49.7190475
   8.6134949   31.1607590   48.6059151
   8.3222132   28.5830650   43.6608162
   8.4091978   29.5448017   43.4689980
   8.3007698   28.6544266   44.6790924
   8.1854057   28.5151672   46.3298683
   7.5505342   27.8390369   46.7548370
   9.0161724   28.0071621   46.6399498
  10.2503271   27.2123814   47.2987595
  10.6455393   26.2762737   47.3251228
  11.1512384   27.6346073   46.9994240
  10.3310165   26.8154144   49.8654137
  10.2676077   27.0369473   48.8653755
   9.4330530   27.2680836   50.0928612
  10.7792559   32.2196274   44.0724030
  10.0134659   31.7861557   43.5433273
  10.6215525   33.1393852   43.5983543
  10.9055672   32.4279556   46.7103882
  10.0020237   31.9677391   46.8663673
  10.8692465   32.3115921   45.6795616
   8.9411879   31.0732460   53.7205696
   8.1199465   31.4218197   53.3048325
   8.8122911   30.1130199   53.3181763
   9.1314421   31.0701694   56.3620224
   8.2930403   31.5301437   56.6550713
   8.9109755   31.1456356   55.3424759
   8.3131905   28.5358562   50.3161125
   8.4767847   29.5186558   50.1364326
   8.5680904   28.5500565   51.2871475
   8.6794310   28.4995346   52.9304695
   7.8883467   27.8860455   53.1678658
   9.3343706   27.9166527   53.4835510
  10.6936979   26.9661217   54.0675201
  10.9745245   25.9868355   53.7844124
  11.5983305   27.3681355   53.7166595
  10.6729136   26.8584003   56.6911888
  10.6188421   26.9663811   55.6868935
   9.8243294   27.4047718   56.8470230
  10.9637146   31.8815269   50.8125839
  10.0566292   31.6987171   50.3333931
  10.8691015   32.8879662   50.5560112
  11.3585854   32.3191948   53.3594017
  10.5467157   31.7122536   53.5294838
  11.2721491   32.1435623   52.3447876
   9.1519728   31.1202927   60.4878654
   8.2292500   31.5243340   60.3076439
   9.0242767   31.0724087   61.4993210
   8.7819033   30.8925724    1.8224359
   7.8370337   31.1495266    2.2038741
   8.6759415   29.9111500    2.1260705
   8.5174513   28.4804325   57.2766571
   8.7564812   29.4688377   57.0589561
   8.5283947   28.5575790   58.2769241
   8.5779943   28.5436687   59.9729729
   8.8992157   29.4817696   60.1285439
   9.3605785   28.0711670   60.2744293
  10.6828909   27.0910988   60.8016014
  11.0493546   26.2077122   60.5066299
  11.4907837   27.6473293   60.5967026
  10.5159216   26.8061714    2.2198985
   9.6597672   27.3263569    2.3373427
  10.4544220   26.7768364    1.1770015
  11.1498985   32.3663673   57.6299744
  10.3774242   31.9342060   57.1558418
  10.9461727   33.3017044   57.3343773
  11.5040112   32.3745804   60.2802963
  10.6787939   31.8871441   60.4454727
  11.4431353   32.2939987   59.2565613
   8.7356739   38.7139626    6.1545358
   7.9242139   39.2540894    5.7415457
   8.4741192   37.9156303    5.5858622
   8.6375513   38.5997353    8.8907166
   7.8536315   39.2120628    8.9735069
   8.7198410   38.6072502    7.8605800
   8.1569920   36.3583755    2.3473585
   7.4564428   35.6129227    2.2455912
   8.0482817   36.4003525    3.3301618
   8.0486412   36.3532066    5.0416517
   7.3709230   35.7372818    5.5074897
   8.8750048   35.8978729    5.4519267
  10.2127752   35.3439598    6.2201099
  10.3720932   34.3530197    6.0566273
  10.3816566   35.2066612    7.2430363
  10.7855806   35.1169205    8.7995014
  10.9528465   34.2137718    9.2245274
  11.5400782   35.6082497    9.2488585
  10.5617256   39.7886581    3.1630745
   9.8343143   39.4137306    2.5632682
  10.5772066   40.6974411    2.7012913
  10.8556547   40.1357422    5.7917266
  10.0882425   39.5216522    6.0303559
  10.7199469   40.0490456    4.7969384
   8.5162401   39.0085220   13.1769304
   7.7614317   39.3463173   12.5967264
   8.3261728   38.0094223   12.9334908
   8.3822088   38.7934265   15.7805119
   7.5364771   39.3627243   15.7924948
   8.5558643   38.9436569   14.8047943
   8.2713108   36.0090408    9.5904160
   8.5043421   36.9416656    9.3372307
   9.1416912   35.5852852    9.2007303
   8.2405987   36.4539032   12.2176371
   7.5134239   35.7564163   12.3889437
   8.2777863   36.2293816   11.2137775
  10.5369024   35.3334579   13.5289726
   9.8023996   35.8720474   13.1465597
  11.2794590   35.9211884   13.1358767
  10.2937450   34.6829414   16.0537148
  10.4662304   34.8832512   15.0615473
   9.3950481   35.1434288   16.0022545
  10.6691704   40.1725845    9.7590237
   9.9313602   39.5103951    9.5154142
  10.6766891   39.9901581   10.7268505
  10.8119650   40.2075920   12.5905018
   9.8204718   39.9446449   12.7937498
  10.6914310   41.1596260   12.8078384
   8.4232616   38.7576637   19.6728859
   7.6573482   39.1608849   19.1574802
   8.4185638   37.8463058   19.2549706
   8.4599190   38.9726181   22.4516621
   7.7484946   39.6735153   22.4740772
   8.4250298   38.8402557   21.4494553
   8.0331306   36.1965218   16.1252804
   8.1633739   37.2052994   15.9556150
   8.1745892   36.2474670   17.1040154
   8.3437948   36.2709465   18.7602921
   7.5833588   35.6611099   19.0552292
   9.0492554   35.8484917   19.3193932
  10.3824511   35.0750504   20.0697975
  10.7313738   34.1349144   19.8689651
  11.2480164   35.5199738   19.7503872
  10.0023155   34.7369576   22.7185230
  10.0609293   34.9125710   21.7329178
   9.2267227   35.3886986   22.8758621
  10.5873766   39.7693405   16.9762897
   9.7355680   39.3312759   16.6779785
  10.3565645   40.6534309   16.5346756
  10.7900639   39.9465866   19.5488815
   9.9185848   39.4534225   19.6003323
  10.8226624   39.9037399   18.5362244
   8.7612953   38.9372978   26.4582844
   7.9605865   39.3342514   25.9688644
   8.5787621   37.9900513   26.1435375
   8.4746246   39.0003586   29.1629353
   7.6645412   39.5444908   29.2312069
   8.4884129   39.0315971   28.1312542
   7.9074531   36.4146538   23.2388420
   8.1385136   37.3889618   23.1185856
   7.8660226   36.3972816   24.2306004
   8.2006865   36.3404694   26.0025959
   7.4654961   35.6939011   26.3016758
   8.9613638   35.8931770   26.4980240
  10.3277693   35.0139503   26.9985466
  10.6120377   34.0845222   26.8069458
  11.1597500   35.4774094   26.6062069
  10.0720320   34.6119614   29.6144981
  10.1620655   34.7577477   28.5995827
   9.1964922   35.1685295   29.6736412
  10.7038879   39.9133568   23.4981346
   9.8570299   39.5013695   23.0775013
  10.4331722   40.8585243   23.3157063
  11.2139635   39.8326263   26.2009106
  10.2533712   39.3945274   26.3131657
  11.0734854   39.9104271   25.1782417
   8.7225132   38.8685074   33.2275620
   7.9458218   39.3103981   32.7388535
   8.4782543   37.8978004   32.9278221
   8.6608372   38.8602943   35.8722153
   7.7558594   39.3484230   35.8273697
   8.7985477   38.7834663   34.8758812
   8.0744390   36.4069023   29.8214817
   8.3031244   37.3945656   29.6349010
   8.2364988   36.4762878   30.8265991
   8.3882446   36.2716637   32.4492722
   7.6538019   35.6370430   32.7217636
   9.1356659   35.6141281   32.8122520
  10.2994814   34.9597969   33.6314735
  10.6911612   34.0641937   33.4943237
  11.0890083   35.5183945   33.3996773
   9.8887625   34.8597488   36.3228378
   9.8645010   34.7994461   35.2904930
   9.0652342   35.4450417   36.3778610
  10.5461760   39.8095016   30.4883842
   9.7095842   39.3560791   30.1090412
  10.4042397   40.6638794   29.9476051
  11.0227995   40.1326256   32.9243774
  10.2123604   39.5839500   33.0770569
  10.8799276   40.0316124   31.8613110
   8.7342281   39.1405258   40.2134132
   7.9639196   39.5845833   39.7122192
   8.6156425   38.2183342   39.8582077
   8.6013336   38.8712845   42.8583145
   7.9114466   39.5997543   42.9650917
   8.6570663   38.9672852   41.8230400
   7.7772126   36.4347153   36.8484573
   8.0822430   37.3304100   36.5123024
   8.0226717   36.6118622   37.8247223
   8.3762169   36.6203651   39.4085121
   7.7023768   35.9326744   39.6409492
   9.1637020   36.0642090   39.7749557
  10.4121332   35.1550064   40.3333931
  10.8861227   34.2675514   40.1291008
  11.2903147   35.6714134   40.1682396
  10.3829155   34.7163162   42.9603462
  10.3918295   34.8144875   41.9540100
   9.5397701   35.2686462   43.0845375
  10.7848577   39.9555054   37.2964363
   9.9474430   39.5489426   36.8873596
  10.7031384   40.8536530   36.9099121
  11.1243105   40.1292152   39.9819565
  10.1838465   39.8424835   40.1170540
  11.0862551   40.0787354   38.9487114
   8.7155991   38.8877792   46.9510078
   7.9741144   39.2249680   46.3698883
   8.6312399   37.9246750   46.6667633
   8.4937811   38.6449852   49.5641060
   7.7628446   39.3018532   49.6564827
   8.6160278   38.6700325   48.5522423
   8.2952967   36.3305054   43.6298218
   8.4043541   37.3073044   43.3759575
   8.3699913   36.4768295   44.6258430
   8.2717104   36.3521194   46.2534065
   7.5987792   35.6138840   46.4205742
   9.0067616   35.8627739   46.7813301
  10.1886044   34.9130440   47.4344978
  10.3327780   33.9417725   47.1480904
  11.1109734   35.2455215   47.0757790
  10.5421095   34.4039192   49.9518700
  10.4215641   34.6819382   48.9618912
   9.6281080   34.7910156   50.2024040
  10.7345543   39.8855896   44.1278725
   9.9758997   39.4972687   43.5669708
  10.5507193   40.8479042   43.8544388
  11.1274290   40.0021248   46.7004967
  10.2743969   39.4785919   46.9197617
  11.0068436   39.9043083   45.7153473
   8.9651804   38.8075752   53.8704033
   8.2232904   39.1346359   53.2548409
   8.8917446   37.8482513   53.5925598
   8.7900620   38.5876236   56.5411720
   7.9798174   39.2087746   56.6134377
   8.8760662   38.7347755   55.5252266
   8.3537884   36.0352097   50.5667152
   8.4032564   36.9703827   50.1946487
   8.3541250   36.2990990   51.5356522
   8.7009697   36.2486877   53.2140388
   7.9487729   35.6448402   53.4903450
   9.4244881   35.6170502   53.5878258
  10.6292849   34.8297501   54.1039505
  10.8610296   33.9317856   53.7470245
  11.4763212   35.2708931   53.7349510
  10.3184366   34.7919579   56.6931801
  10.2735319   34.8146553   55.6769028
   9.4418020   35.3121147   56.8091240
  10.6000690   39.7147408   50.9706764
   9.7510710   39.3683968   50.5804214
  10.5205326   40.6377449   50.5324974
  11.4740543   39.7919235   53.4429970
  10.5862255   39.4319878   53.8434677
  11.0902014   39.7389450   52.4783020
   9.0325212   38.6508484   60.4773598
   8.2848482   39.2244110   60.1463814
   8.8358088   38.7704239   61.4664116
   8.5440893   38.8474960    1.7503104
   7.6185193   39.1673088    2.0060613
   8.2969379   37.8426704    1.9287437
   8.0368052   36.1275177   57.1392670
   8.3765230   37.1113701   57.0105019
   8.1970959   36.1313705   58.1437836
   8.3935890   36.2524147   59.8639297
   8.6477222   37.2181511   60.0899124
   9.2560749   35.8791962   60.2491493
  10.7505922   34.9812317   60.5385933
  10.9864588   34.0089836   60.4284477
  11.6387997   35.3518448   60.2353172
  10.2965479   34.8126106    1.9826536
   9.5314903   35.4768753    2.0328329
  10.4437046   34.9220581    1.0201614
  10.9978256   39.5853119   57.4586525
  10.1151600   39.1854820   57.0459709
  10.7666883   40.4981499   57.0586624
  11.4003506   39.7857552   60.1077614
  10.4838896   39.3204193   60.2780266
  11.2381706   39.7581215   59.0782356
   8.3971748   46.5791512    6.2324562
   7.6621184   47.0796890    5.7579904
   8.2222977   45.6829834    5.8100123
   8.8566713   46.3791695    8.8145437
   7.9329906   46.7880936    9.0053787
   8.6998377   46.3328400    7.8074160
   8.4359283   43.6729736    2.6403170
   7.6239243   43.1152649    2.4443274
   8.2118664   43.8834496    3.6265888
   8.0680447   44.1032906    5.3033333
   7.4007325   43.4019279    5.6459723
   8.8917236   43.5439796    5.5918994
  10.3011360   42.7842331    6.0157547
  10.5409269   41.7808647    5.8934884
  10.4164219   42.7569313    7.0384560
  10.7007513   42.5292053    8.5952950
  10.8165350   41.6122017    8.9819908
  11.5705423   42.8628044    9.0073137
  10.8554354   47.2899399    3.2594004
  10.1826553   46.7152405    2.7042651
  10.6101189   48.1673889    2.7543716
  10.5848036   47.9197197    5.8134246
   9.7607136   47.3367538    6.0443149
  10.6333742   47.5596237    4.8344049
   8.4747639   46.0484085   13.3768463
   7.6751184   46.5052872   12.8679523
   8.3557644   45.1565781   12.8759174
   8.5235758   46.3676643   16.0145073
   7.5866275   46.7018051   16.0636806
   8.4887276   46.2774467   14.9893827
   8.4230928   43.7473717    9.3961639
   8.7115231   44.7048035    9.1585035
   9.2536001   43.3252449    9.0767632
   8.2105331   43.7830544   12.0611944
   7.3693027   43.2089386   12.1260624
   8.2486973   43.7871513   11.0659857
  10.4054317   42.7035561   13.2624083
   9.6412153   43.2086258   12.8093452
  11.1367445   43.2781906   12.8711576
   9.9836454   42.0670204   15.8166952
  10.1011829   42.2621040   14.8001652
   9.0858603   42.5252380   15.8843498
  10.9993849   47.5462990    9.6564493
  10.1079960   47.1044121    9.4501696
  10.9986706   47.3421516   10.6430845
  10.7936487   47.2575035   12.4104652
   9.9627514   46.8887749   12.7903233
  10.6657286   48.2117577   12.7911100
   8.2122116   46.5890274   20.0058327
   7.4561515   47.0014267   19.4456253
   8.0745611   45.6648407   19.6731358
   8.4843426   46.6360970   22.5688725
   7.5808268   47.0867729   22.6610470
   8.4503212   46.5752983   21.5227127
   7.8620462   43.8239632   16.3960247
   8.2218781   44.7650948   16.2476749
   7.9909935   43.8297615   17.4108467
   8.1974831   44.0056763   19.1209030
   7.5046325   43.3102188   19.3565407
   8.9067268   43.5765991   19.6692696
  10.2230616   42.5039825   20.1901455
  10.4582243   41.5017509   19.9730167
  10.9761734   42.8523636   19.6384296
  10.2458620   42.4900665   22.8176880
  10.3129749   42.4468460   21.7960052
   9.4040861   43.0522614   22.7807407
  10.7702913   47.4580879   16.7415562
   9.8298244   47.2335548   16.5047131
  10.7212238   48.4550858   16.4851933
  10.8388577   47.5390854   19.4199543
   9.8939762   47.3144302   19.6395130
  10.7564564   47.4377594   18.4105358
   8.7872009   46.6124039   26.4690952
   8.0586939   47.1107674   26.0053921
   8.6498804   45.7217827   26.0529079
   8.7539015   46.5438004   29.0932751
   7.8428059   46.9776649   29.1553879
   8.7778416   46.4680901   28.0985012
   8.1822023   44.0643692   22.9540234
   8.3400679   45.0849228   22.8192177
   8.3110209   44.1066208   23.9539700
   8.5597324   43.9528847   25.5499687
   7.7803664   43.4035072   25.8216705
   9.2933559   43.3777657   25.9648724
  10.6409588   42.5389175   26.5473061
  10.9411039   41.5894890   26.6148567
  11.4578848   42.9415016   26.1028919
   9.9416313   42.2830048   29.3125858
  10.0301180   42.4293976   28.3522396
   9.2024326   42.9674988   29.5085831
  10.6945257   47.6626244   23.6365528
   9.8603477   47.2726898   23.2427559
  10.4735928   48.6048965   23.3703060
  11.2753830   47.6655540   26.2391052
  10.3819981   47.2608185   26.4675961
  11.1645737   47.6055603   25.2137947
   8.5859871   46.4631920   33.2538643
   7.8708858   46.9748459   32.7335396
   8.3127403   45.5762520   32.9689331
   8.6295586   46.5099602   36.0807991
   7.6852345   46.8428497   36.2740479
   8.5019064   46.6550941   35.0720558
   8.1538401   44.1378288   29.8584919
   8.3601875   45.0857849   29.6078568
   8.2263117   44.2796745   30.8505707
   8.0168915   43.9002075   32.4763756
   7.2782168   43.2273331   32.6239243
   8.7287998   43.3162766   32.9417458
  10.1860027   42.6537209   33.6479721
  10.5900526   41.7175102   33.4596825
  11.0823936   43.1365852   33.3678589
  10.4121628   42.4002991   36.2590828
  10.3333483   42.3796844   35.2469673
   9.5027008   42.7651405   36.4616280
  10.8789778   47.5063362   30.3050213
   9.9855871   47.1159363   29.9555569
  10.7317934   48.4065704   29.9073639
  10.9600191   47.6753922   33.0006790
  10.0722351   47.1681061   33.1469193
  10.9509954   47.5170059   31.9926567
   8.7742844   46.5324898   40.2488441
   7.9731960   46.8975105   39.7885628
   8.6594334   45.5947380   39.9250717
   8.5563488   46.7690010   43.0269814
   7.5710387   46.9897499   43.0410080
   8.6125851   46.6625366   42.0168304
   8.0532799   43.9305916   36.7941170
   8.3419456   44.8814468   36.5578232
   8.1918535   44.0831032   37.8254471
   8.4212255   44.0556068   39.3451691
   7.6276231   43.5081215   39.5039062
   9.1124001   43.4626083   39.8191948
  10.2229490   42.5630608   40.4542007
  10.6174469   41.6320686   40.3112755
  11.0525932   43.0347977   40.1227646
  10.2431831   42.2932320   43.1249428
  10.1672516   42.4958420   42.1564751
   9.3620720   42.7678032   43.3639793
  10.6821604   47.7831459   37.2191544
   9.8841228   47.3016319   36.8657761
  10.3363438   48.7284279   37.0646744
  11.0873690   47.8577881   39.9003372
  10.2982283   47.2514305   40.1330528
  10.9740505   47.7381630   38.8946686
   8.6905823   46.5646515   46.9994392
   7.8916230   46.9793053   46.5100517
   8.4978657   45.5998077   46.7355003
   8.7184486   46.5135918   49.6913567
   7.8325481   46.9259186   49.7765694
   8.7048454   46.4867325   48.6692886
   8.2498951   44.0017967   43.4250717
   8.3971691   44.9462471   43.1639137
   8.2295580   44.1406898   44.4224854
   8.2852497   44.0918159   46.1503525
   7.4928465   43.4899750   46.3855591
   8.9820061   43.4556999   46.5423241
  10.2837906   42.5947800   47.0948219
  10.4847174   41.6135025   46.9946709
  11.1810656   42.9363976   46.7353363
  10.3941689   42.0996552   49.8135185
  10.4381266   42.3421478   48.8102875
   9.6208611   42.7737846   50.0114136
  10.7316599   47.5827789   44.1983337
   9.8113308   47.2896271   43.8437920
  10.6076765   48.5291824   43.8254700
  11.2094364   47.4883881   46.7309303
  10.2728910   47.1533089   47.0104408
  10.9565592   47.4629059   45.7073746
   8.9418869   46.1494560   53.9456520
   8.1272764   46.6075592   53.5584259
   8.7249699   45.2338524   53.5572433
   8.7965260   46.1822433   56.6947670
   7.9063716   46.6581345   56.9222870
   8.6958981   46.2683411   55.7133942
   8.5325031   43.8276520   50.2289619
   8.6059637   44.8469048   50.1536446
   8.5696735   43.8580704   51.2585297
   8.6529341   43.6664619   52.8868790
   7.9025369   43.0840645   53.1734848
   9.3880987   43.0783386   53.2259102
  10.7160187   42.2757454   53.7564507
  11.1391716   41.3598328   53.6888809
  11.5350952   42.7926598   53.4842377
  10.2943630   41.9407272   56.4203606
  10.3035955   42.1901855   55.4368401
   9.3804607   42.3130913   56.6261826
  11.0500669   47.4211121   50.6040154
  10.1917171   47.0317993   50.2055664
  10.9045277   48.3451843   50.1423607
  11.2259760   47.4790802   53.2557030
  10.3749199   46.9707489   53.4323349
  11.1467152   47.4593582   52.2392883
   9.1746330   46.2449951   60.5877838
   8.2915297   46.7348366   60.4199638
   9.1161995   46.3153267   61.5996017
   8.8759956   46.1513481    1.9526528
   7.9249368   46.4907646    2.2116804
   8.6791706   45.1880074    2.1942554
   8.2843761   43.5129395   57.1639748
   8.5353842   44.4678040   56.9033966
   8.4548531   43.6746025   58.1594162
   8.4661140   43.6102943   59.8888969
   8.6852798   44.4747620   60.3490028
   9.3377934   43.1364517   60.2033844
  10.6779194   42.3491936   60.7523613
  11.0287848   41.4294167   60.5577888
  11.5245409   42.8482857   60.4865875
  10.5942965   42.2665176    2.1500425
   9.7968435   42.9122658    2.3240366
  10.4704161   42.2672386    1.1543586
  11.1294127   47.3303261   57.4722481
  10.2200127   46.9040260   57.2119446
  10.9725113   48.2126694   57.0234337
  11.5171680   47.2709999   60.0982437
  10.6443195   46.7951012   60.2213402
  11.4868116   47.2436447   59.0698128
   8.8108559   54.2300529    5.6601267
   7.9371629   54.6947594    5.5118260
   8.7465744   54.2333641    6.6947041
   8.4996281   54.3437653    8.2667313
   7.6846833   54.6675873    8.8057137
   8.4521732   53.4010429    8.6380138
   8.3490829   51.3268013    2.4996548
   7.5941262   50.6640053    2.3685262
   8.2439175   51.4008751    3.4999864
   8.2645922   51.7027588    5.1187272
   8.5510674   52.6230164    5.4405222
   9.0244217   51.2161293    5.5388126
  10.3297348   50.4368324    5.9075212
  10.4259071   49.4192619    5.7590590
  10.4716825   50.3378716    6.9256616
  10.5404301   50.0756683    8.5837889
  10.7318878   49.1472549    8.8807335
  11.3769054   50.4772949    9.0503283
  10.9014816   55.0531807    2.5650327
  10.1657219   54.5319214    2.1396871
  11.6418896   54.4797440    2.2455232
  10.9880152   55.4959373    5.1127353
  10.0989876   54.9611549    5.1758270
  11.0685968   55.3350639    4.1193495
   8.8986483   53.6459999   12.6238203
   7.9468226   54.0300865   12.5432653
   8.9286776   53.7560005   13.6335392
   8.6880207   53.9532318   15.3071718
   7.7553701   54.3423271   15.5736446
   8.4828663   53.0170479   15.6385031
   8.5977325   51.8643646    9.1885986
   7.8635769   51.2138405    8.9446106
   9.3406296   51.2512169    8.9355831
   8.6816940   51.1903458   11.9195223
   8.8219833   52.1415329   12.2281284
   8.5948849   51.4447060   10.9485550
  10.6293602   49.8385887   13.1475725
   9.8871536   50.3203125   12.6767426
  11.3577042   50.4576759   12.8268242
  10.4299431   49.9058266   15.8433676
  10.3914337   49.8468094   14.8337421
   9.6651239   50.5767021   15.9362917
  10.4224825   55.5275269    9.7057056
   9.6755161   55.2048607    9.0559292
  10.3909941   56.5059891    9.4212685
  10.9472885   55.2979507   12.2193041
  10.1524572   54.6365929   12.2660809
  10.8461227   55.4789352   11.2222004
   8.5021191   53.6520920   19.6230965
   7.6249108   54.1332664   19.3780079
   8.4600639   53.9092636   20.6028118
   8.4516296   54.2354202   22.1393776
   7.6702151   54.5967064   22.6528244
   8.3932037   53.2977333   22.5919170
   8.3277721   51.5179405   16.2484360
   7.4355493   51.0044823   16.0946255
   8.2906094   51.3636856   17.2650433
   8.3022346   51.0987206   18.8608150
   8.4017820   52.0665169   19.1582432
   9.1729937   50.7613449   19.3387909
  10.4990454   50.2421188   19.9479141
  10.8167257   49.3112717   19.7002087
  11.3522730   50.7317314   19.6207428
  10.0215912   50.1372070   22.7292309
  10.1836405   50.2085228   21.7218781
   9.3077288   50.8290787   22.8012390
  10.5025568   55.3399086   16.6056194
   9.7854738   54.8787231   16.0647984
  10.2815495   56.2920952   16.3483849
  10.7424107   55.1094971   19.3014202
   9.9039974   54.5172577   19.3658066
  10.6835852   55.1593475   18.2633839
   8.9238663   54.0374603   26.4249001
   7.9741564   54.4102745   26.2844257
   8.7997684   54.0507660   27.4285393
   8.5812817   54.0458031   28.9440594
   7.7989717   54.4722977   29.4611988
   8.3499556   53.1175232   29.3644199
   7.9797254   51.8837128   23.0910130
   7.2437577   51.2269554   22.8440952
   7.9184046   51.6868477   24.1061592
   8.0709076   51.6067200   25.8338985
   8.4277391   52.5121117   25.9160442
   8.8934460   51.1170044   26.1524963
  10.2732363   50.2110901   26.5306568
  10.6826878   49.3225136   26.5748043
  11.1648436   50.6567078   26.3374863
  10.2865267   49.9515495   29.2677536
  10.1718473   50.0740814   28.2237530
   9.4514217   50.4789925   29.4274616
  10.5034246   55.3788795   23.3206558
   9.6324387   55.1441879   22.8614769
  10.4117966   56.3678436   23.1438675
  11.0987310   55.4353523   25.9488792
  10.2020769   54.9726219   26.1323872
  11.0071802   55.3676262   24.9642448
   8.7827063   53.5472794   33.1666718
   8.0101995   54.1469994   32.9132919
   8.6360159   53.7044106   34.1972504
   8.5884123   54.2469177   35.7179489
   7.8369350   54.7520866   36.1892204
   8.4377899   53.3839684   36.1919289
   8.0851927   51.3954315   29.7505836
   7.2447696   50.8111496   29.6194954
   8.0631599   51.3517838   30.7648697
   8.2983828   51.1070633   32.4330025
   8.4610806   52.0645294   32.7354469
   9.1038694   50.7235184   32.9144974
  10.3206806   50.1105766   33.7430840
  10.6769094   49.1739464   33.3971825
  11.1210909   50.5966873   33.3642387
  10.2852478   50.3918419   36.4024887
  10.2015829   50.2753906   35.4122429
   9.5305386   51.0308418   36.5435486
  10.6247330   55.3060188   30.1737041
   9.8862972   54.9157982   29.5891590
  10.5409412   56.2366905   29.7870693
  10.6542950   55.5013847   32.8788605
  10.0193348   54.7155075   32.9941483
  10.6698866   55.3805351   31.8364105
   8.9196596   53.6434097   39.7423325
   8.0672855   54.1588898   39.5242195
   8.8281555   53.7406311   40.7303848
   8.6882935   53.9979134   42.4585495
   7.8761907   54.4019890   42.9036369
   8.5412636   53.0379562   42.8842392
   8.1096640   51.9063568   36.7814255
   7.4128075   51.2989388   36.4448051
   8.0997677   51.6595955   37.7420044
   8.4516888   51.1208038   39.4569130
   8.6554184   52.1280174   39.5903778
   9.3202391   50.8350906   39.9152565
  10.6751137   50.3656273   40.5585899
  10.8786745   49.3862572   40.2236023
  11.5149679   50.7215042   40.0454674
  10.3787842   49.9699211   43.0911484
  10.4843931   49.9806366   42.0641518
   9.5599947   50.6004448   43.0676537
  10.7965755   55.5585327   36.7498741
   9.9698677   55.1963539   36.2427101
  10.8054132   56.4594574   36.3453331
  11.0963430   55.1601906   39.4139786
  10.2743587   54.5352936   39.5472298
  10.9715214   55.2932358   38.4500084
   8.9199114   53.5276833   46.7046242
   8.0917492   54.0396576   46.4887505
   8.8133144   53.6143570   47.7318420
   8.6302996   53.9295540   49.2197800
   7.8489871   54.3767662   49.6985703
   8.5683527   53.0455399   49.6629219
   8.1906776   51.4196320   43.5186539
   7.3714528   50.9465446   43.2041397
   8.0557022   51.2318802   44.5143661
   8.3867979   50.9620438   46.1329231
   8.5906916   51.9297638   46.4576187
   9.3165741   50.6213951   46.3871727
  10.6920748   50.0692520   46.9825821
  11.1060801   49.1430817   46.8394012
  11.5727577   50.5764771   46.7089539
  10.6178751   49.9617424   49.6160927
  10.5538931   50.0557365   48.5891342
   9.8397121   50.6057701   49.7855492
  10.5975208   55.3538208   43.7737465
   9.8308687   54.8716812   43.2633247
  10.4754677   56.2710838   43.3983231
  11.1800642   54.9223938   46.3143311
  10.3748884   54.3501778   46.5366402
  10.9016418   54.9694519   45.2816734
   8.7094917   53.6377525   53.5393448
   7.8544965   54.2254868   53.3657608
   8.6091080   53.6424675   54.5395699
   8.6797676   53.6518936   56.1502342
   8.0774097   54.3074493   56.6342354
   9.5600681   54.1276474   56.4637299
   8.5049334   51.3628845   50.1231613
   7.6629581   50.7781601   49.9501648
   8.4637709   51.2622910   51.1336136
   8.5260515   51.2063065   52.6703300
   8.6997595   52.1462784   52.9960670
   9.2995071   50.7948074   53.1682281
  10.8375998   49.9503937   53.8531265
  11.0669298   48.9832726   53.6257744
  11.6398153   50.3527985   53.3955460
  10.5346565   49.7343674   56.5008812
  10.5758257   49.7462387   55.4917793
   9.6637983   50.2768440   56.5825348
  10.7228928   55.0613937   50.5599823
   9.9388151   54.6336670   50.0171051
  10.4766579   55.9899902   50.1966362
  11.0439901   55.2110672   53.1690636
  10.2177134   54.6805420   53.2817230
  11.0293064   55.1819839   52.1402321
   8.9735670   53.9007378   60.3902054
   8.1224976   54.4779243   60.1790733
   8.7952747   53.9158325   61.3686676
   8.5290775   53.8961029    1.6732965
   7.6494493   54.2128105    2.0939507
   8.3997755   52.9304886    1.9886951
   8.1943073   51.1896820   56.8047600
   8.3960609   52.1359177   56.5611610
   8.2219067   51.3475990   57.8150024
   8.5707159   51.4709473   59.3725929
   8.9160986   52.3463135   59.7499161
   9.3049555   50.8959656   59.8759537
  10.4742603   49.8618164   60.4666786
  10.8180037   48.9122772   60.3837891
  11.3538542   50.2780418   60.1845245
  10.3764286   49.6692314    1.9531910
   9.5973129   50.3135796    2.1071534
  10.3022633   49.7201958    0.9395606
  10.6836014   55.0927773   57.1864014
  10.9727697   55.0124474   58.1586456
  10.5782814   56.1011314   57.2001915
  11.4228573   54.9792061   59.9032021
  10.4845867   54.5915413   60.1023712
  11.2878208   55.8433609   60.4169388
   8.6148491   61.2101364    6.4566154
   8.7598839   61.4196815    7.4338346
   9.5294561   61.6410294    6.1817279
   8.8850079    0.1792865    9.1364193
   8.1392851    0.8775524    9.3312721
   9.6166887    0.8060532    9.5076256
   8.6045780   59.1432381    3.0834506
   8.6444225   58.8925934    4.0588207
   9.4434175   58.6660347    2.8437738
   8.4547844   58.7466545    5.6911006
   7.5788293   58.4250755    6.0702472
   8.3689804   59.7125740    6.0079546
  10.9591236   57.9314156    6.1880279
  10.8923454   56.9739456    5.7433944
  10.0028896   58.1754761    5.9330015
  10.8209314   58.1021309    8.7927666
  10.9130974   58.0629997    7.7885051
  11.6062422   58.6497841    8.9625664
  11.0943480    1.2596533    3.1554890
  11.0005255    2.2379911    2.8507357
  10.2912283    0.9161033    2.6710777
  10.9104090    1.1405240    5.8445439
  10.8975258    2.1124573    6.0269728
  11.0330133    1.2173972    4.8631020
   9.0710239    0.3138865   13.1032228
   9.1035175    0.3740681   14.1077194
   9.9885454    0.6832889   12.9131298
   9.0013447   61.7221375   15.6452093
   8.1341972   62.2828979   15.7664766
   8.6578131   60.9099617   16.0109959
   8.6142178   58.9237709    9.9830875
   8.7404661   59.8274994    9.5312691
   9.4984503   58.5389442    9.5873880
   8.6111689   58.8868294   12.5710430
   8.8371449   59.8681831   12.6894827
   8.5731707   58.8931427   11.5315199
  10.8620501   57.7405090   13.4039345
  10.9449406   56.8034363   13.0069876
   9.9400692   57.9506493   13.0355062
  10.1869841   57.9013176   15.9330349
  10.5219889   57.9127693   14.9976301
  11.0001087   58.4299355   16.2794228
  10.7345724    1.9630150    9.8642673
  10.8755150    2.8977611    9.3903790
  11.6964264    1.6973439    9.5971584
  11.3633223    1.5967268   12.4016762
  11.4725666    2.5894656   12.5867043
  11.1154718    1.7123208   11.4394188
   9.1445513   61.4720726   19.8748398
   8.9480343   61.4722290   20.8655701
   8.9609051   60.4848633   19.7030334
   8.7465754    0.3446826   22.4325027
   7.9964428    0.9301963   22.7646179
   9.5010910    0.9817564   22.7493229
   8.0680943   59.3519440   16.6073322
   7.3642554   58.7147369   16.1501389
   8.8549728   58.7741089   16.3087597
   8.4301958   58.9892921   19.2699413
   7.5808744   58.5167351   19.3843956
   8.2615986   59.1161842   18.2447567
  10.7903137   57.9385796   19.9932880
  10.7835102   56.9848137   19.7260361
   9.8833065   58.2387390   19.6335468
  10.6892109   58.0034065   22.6234570
  10.7986889   57.8793678   21.6447639
  11.5002718   58.5768280   22.7879257
  11.3338137    1.7712961   16.2313805
  10.4040384    1.4115858   16.1153507
  11.4335327    1.4642856   17.1916161
  11.3548431    1.2872545   18.7414398
  11.1689434    2.2411237   19.0033131
  10.4424086    0.9086674   19.1158695
   9.0684643    0.0074207   26.5262451
   9.1510725    0.3727206   27.4699364
   9.8124056    0.5517006   26.1062431
   9.0569420   61.8182907   29.1527214
   8.2121220   62.3734512   29.3594933
   8.6556044   60.9374924   29.5523205
   8.2413225   59.0487785   23.4927959
   8.3125477   59.9895897   23.0917301
   9.1119213   58.7088470   23.1792507
   8.4415636   58.7483749   26.0649281
   8.6894903   59.7474365   26.1745930
   8.3825569   58.8080368   25.0457058
  10.9560766   57.9414177   26.7084770
  10.8762674   56.9250298   26.5172100
  10.0620747   58.1463356   26.3302650
  10.3749352   58.0418625   29.3875351
  10.7566538   58.1162758   28.4396973
  11.1423788   58.5235748   29.8239727
  10.9801140    1.7967480   23.1524181
  11.1701736    2.6537824   22.6345692
  11.8467970    1.3556713   22.9154301
  10.9846649    1.6629332   25.7336636
  11.2166462    2.6243570   25.9389210
  10.9566936    1.7516804   24.7326488
   9.0640135   61.7130852   33.5313911
   8.9189129   61.5175667   34.5132866
   8.8655338   60.7595482   33.2248116
   8.7777433    0.3473457   36.2048759
   8.1017494    1.0653489   36.3909607
   9.5581245    0.9397080   36.5662842
   7.9678202   59.6536140   30.1204662
   7.2222891   59.1390991   29.6999054
   8.7020607   59.0306511   29.8101425
   8.1350613   59.2668953   32.8786392
   7.3651781   58.6008148   33.0075073
   7.9294610   59.4566040   31.9243279
  10.7887383   58.2039337   33.2817307
  10.7421360   57.2061462   33.0995216
   9.8704090   58.4411087   32.9324188
  10.7901592   58.2322083   35.9596329
  10.9677105   58.4161758   35.0036659
  11.7496300   58.4702377   36.2876015
  11.3606110    1.9157498   29.7282619
  10.4901438    1.4234602   29.5718155
  11.4410419    1.6380239   30.7124348
  11.4773664    1.2588596   32.3930779
  11.3256092    2.2281885   32.6805038
  10.6350088    0.9163963   32.8691406
   9.0486460    0.1664734   40.1237717
   9.1790924    0.1827812   41.1105385
   9.9333811    0.5944519   39.9021873
   9.1325865   61.5525932   42.7753563
   8.3497143   62.1512527   42.9926910
   8.7809267   60.7675133   43.3412704
   8.3330812   59.0234108   36.6852341
   8.5565605   59.9931755   36.4784203
   9.2269764   58.6763077   36.4210434
   8.5608959   58.7865753   39.3521538
   8.7461014   59.8043022   39.4364891
   8.4193020   58.7888641   38.3472099
  10.8393431   57.9086609   40.3096008
  10.7776079   56.9412193   40.0472069
   9.9175997   58.1462593   39.9496422
  10.5893688   58.0108948   42.9699440
  10.8015280   57.9777565   41.9702911
  11.4012270   58.5279770   43.2076302
  10.8692303    1.8234056   36.8955460
  10.9513445    2.7103653   36.3862343
  11.7647572    1.4328909   36.5467377
  11.3947783    1.5688305   39.4480515
  11.5122776    2.5871558   39.6015968
  11.1765051    1.6943835   38.4573936
   8.9119558   61.1984978   46.8973770
   8.9977312   61.1426430   47.8675194
   8.9837523   60.2350349   46.6952934
   9.2170429   61.1699295   49.6861839
   8.4369144   61.8248024   49.9005203
   9.9228020   61.7916603   50.1195984
   8.2741976   59.2701569   43.9316864
   7.5002084   58.8040962   43.5226555
   8.9834938   58.6655960   43.5796661
   8.8374748   58.3224487   46.5170479
   7.9399681   57.8744354   46.6827164
   8.6154423   58.5998344   45.5628586
  11.2643175   57.4196014   47.2182503
  11.2720118   56.5278053   46.7850914
  10.3130579   57.6902542   46.9019394
  10.7624111   57.8828163   49.8359413
  11.0065336   57.6147766   48.8824883
  11.7021961   58.2344856   50.0166206
  11.2361698    1.7009903   43.4551468
  10.4151173    1.2224914   43.1140442
  11.2475300    1.3143140   44.3626289
  11.2504683    0.9439088   46.0075836
  11.3115883    1.9268389   46.2570114
  10.3720369    0.7621249   46.4231262
   9.0596294   61.1322174   53.9425430
   9.3044949   61.2063255   54.9502754
   9.7757816   61.7323494   53.6218834
   9.2385893   61.4511185   56.5453796
   8.3899221   61.9773178   56.7590904
   8.8980865   60.6208229   56.9998703
   8.3803692   58.9166451   50.5993690
   8.6699772   59.8149757   50.1681328
   9.2110043   58.4164429   50.2812042
   8.4858809   58.5709305   53.3105087
   8.7529154   59.5539017   53.5185013
   8.3973961   58.7809601   52.2892189
  10.9398003   57.8528481   54.2768631
  11.1009312   56.9029274   54.0377426
  10.0248070   57.9524384   53.8554268
  10.5573330   57.8333664   56.9241066
  10.6792278   57.9376450   55.9230461
  11.4138708   58.3864136   57.1696167
  11.0221262    1.8432255   50.3966980
  11.1719790    2.7071068   49.8651314
  11.8783274    1.3832929   50.1484566
  11.1887045    1.3849809   53.0056190
  11.3055105    2.3910360   53.1360512
  11.0648928    1.4938060   52.0015755
   9.0527868   61.5867004   60.5597153
   8.9675455   61.5850258   61.6060791
   9.0090427   60.5666580   60.5389175
   8.9321270   61.4650116    1.9531140
   8.0543022   61.8956413    2.3162837
   8.7882185   60.5516090    2.4106293
   8.3635378   59.2370834   57.6704369
   7.5692720   58.7742386   57.3372726
   9.0758848   58.5636520   57.3633156
   8.9759617   58.9909706   60.1626625
   8.0394287   58.6358910   60.4533348
   8.6557455   59.0575829   59.1976814
  10.9048815   57.3467293   61.0149460
  10.1353302   57.9448204   60.7068748
  11.6365376   58.0219879   60.6647530
  10.8599262   57.6686630    2.3020349
  10.8497810   56.6586609    2.4803674
  10.8180752   57.5239868    1.2739842
  11.2323923    1.8532006   57.2042274
  10.4867725    1.1953658   56.9560776
  11.1635666    1.7391934   58.1829758
  11.1228857    1.7583698   59.8637085
  10.4116774    1.1132547   60.1892014
  11.9150734    1.2271283   60.1704712
  13.2730055    8.1261005    6.4620395
  12.3813734    8.4387703    6.0428281
  13.1202221    7.1820378    6.2684531
  13.3992872    8.0122852    9.3090239
  12.6754713    8.7068529    9.4902134
  13.3578062    8.1363878    8.3194456
  13.4234371    4.8960609    3.2549846
  12.5825577    4.5080447    2.9155021
  13.3794279    5.7757545    2.7429183
  13.0182610    5.3693881    5.7797222
  12.2999516    4.6314607    5.8442121
  13.1018276    5.2249298    4.7714372
  15.4923525    4.4854426    6.3917532
  14.5693579    4.8562088    6.1437345
  15.4238987    3.6517375    5.8495092
  15.7546577    4.0523696    9.1394243
  15.7041464    4.0895681    8.1118555
  14.9178247    4.5250707    9.3317423
  15.4032688    8.9143171    3.2354400
  14.7074881    8.3715811    2.7861266
  15.1822386    9.8269863    2.7207088
  15.3593006    9.6336546    5.7918615
  14.6021833    8.9778767    6.0142975
  15.4100714    9.3239717    4.8017955
  13.1841574    7.7290678   13.2265558
  12.4941244    8.4559097   12.9751892
  13.1527338    7.9976835   14.2324734
  13.3217421    8.2928486   15.7821198
  12.3957930    8.6010227   16.0935783
  13.2135906    7.3965473   16.2124138
  13.4537325    5.3955088    9.5055151
  13.3773813    6.4050250    9.4476585
  13.6668377    5.3817620   10.5376654
  13.8181305    5.4579611   11.9939871
  12.9639864    4.9981232   12.2761736
  13.5690956    6.3691416   12.4235020
  15.7231493    4.4858742   13.4642363
  15.0481796    4.8983173   12.8474045
  15.6717758    3.5551870   13.0306044
  15.3045101    4.4463263   16.0777893
  15.3731403    4.4654245   15.0401306
  15.3880806    3.4570470   16.1232109
  15.6282568    9.3208361   10.0319948
  14.7640944    8.8410997    9.8362570
  15.5165863    9.3549623   11.0442629
  15.2924128    9.4305878   12.6126146
  14.4892607    8.9180870   12.8884859
  15.0905571   10.3157759   13.0128250
  13.3426790    8.4732418   20.1291256
  12.4331207    8.8528185   19.8712215
  13.1038103    7.5204487   20.0659618
  13.4620142    8.2405958   22.7982006
  12.5713186    8.6787415   22.9473495
  13.4736767    8.4814787   21.8157673
  13.1097994    5.7175956   16.7910461
  12.4899235    5.1642365   16.1992817
  13.9601679    5.1930656   16.4949303
  13.1431398    5.6740999   19.4922009
  12.4271297    4.9909201   19.4211483
  13.2200069    5.8397861   18.4962959
  15.2725267    4.4257145   20.4479351
  14.4991636    4.9280529   20.0593681
  15.1839390    3.6333859   19.8098392
  15.5579596    4.3268132   22.8937397
  15.4673939    4.2688355   21.8469772
  14.7242966    4.8459487   23.0199947
  15.2965965    9.7007523   16.7711010
  14.4919462    9.2118435   16.3496742
  14.9831619   10.6405077   16.4861469
  15.5524616    9.8926878   19.3739758
  14.6633959    9.4119205   19.5734940
  15.4791393    9.7860146   18.3722515
  13.4371176    7.9601521   26.5797977
  12.6339197    8.5006189   26.3089485
  13.4229050    8.2492609   27.5227165
  13.6268673    8.5723505   29.1609211
  12.6659575    8.8791561   29.4084091
  13.5183516    7.6191664   29.4478779
  13.2973318    5.5770040   23.1717396
  13.4211073    6.5562816   23.1065063
  13.5872231    5.5103469   24.1515408
  13.9693184    5.5213075   25.7995853
  13.0717525    5.0965834   25.9929733
  13.6866999    6.4524379   26.0488091
  16.0611420    4.3646264   27.0988865
  15.2774525    4.7523413   26.5877991
  15.9377146    3.4320905   26.7302341
  15.7323351    4.6627293   29.7055111
  15.9236412    4.5281005   28.6900463
  15.7975626    3.6812415   29.8840389
  15.6381931    9.2858963   23.8755054
  14.8622637    8.7843914   23.4467697
  15.3609629   10.1917486   23.5024071
  15.7766733    9.3367758   26.4399834
  15.0235386    8.7170944   26.5609989
  15.6594400    9.3976250   25.3899536
  13.5306702    8.2480183   33.6530571
  12.6728983    8.5710773   33.2201462
  13.4919996    7.3078752   33.3616982
  13.3079271    8.3214417   36.2991867
  12.4104376    8.7890635   36.3938293
  13.3042555    8.3010464   35.3070450
  13.3818703    5.9135480   29.9097500
  12.7383213    5.3161149   29.4295349
  14.2299099    5.3884110   29.7945442
  13.2961683    5.7389078   32.6324692
  12.5932655    5.0464029   32.6977539
  13.3181705    5.8037701   31.6098766
  15.6437674    4.7447233   33.5448265
  14.7693510    5.0262709   33.2607384
  15.5627117    3.8258383   33.1126747
  15.5364227    4.0180969   36.1097908
  15.6675406    4.2504120   35.1545258
  14.6409779    4.4921470   36.2451820
  15.6309404    9.7685547   30.5504436
  14.7895813    9.3982973   30.0119572
  15.4913168   10.7151718   30.3003635
  15.6971216    9.6791792   33.1848793
  14.9087420    9.0713387   33.4096336
  15.5904140    9.6277113   32.1860085
  13.5262938    8.0220146   40.2203445
  12.9095354    8.7150774   39.8687057
  13.3667097    8.1195002   41.1987610
  13.5821857    8.4195633   42.8224106
  12.6473980    8.6435986   43.2609329
  13.5276604    7.4665217   43.2634544
  13.2800570    5.6615648   36.5531769
  13.3402109    6.6847644   36.4116211
  13.6476450    5.7385521   37.5017357
  14.2151909    5.6742911   39.1143684
  13.3355503    5.2629948   39.3456039
  14.0032349    6.6043391   39.5302544
  15.9320345    4.2091670   40.5739899
  15.3101358    4.7734389   39.9654160
  15.8239813    3.3726752   39.9758797
  15.7059774    4.3611217   43.2220573
  15.8029633    4.2074323   42.1988716
  15.9396744    3.3825209   43.4178886
  15.4982185    9.2831450   37.4015923
  14.6143265    8.8951187   37.0260277
  15.1949921   10.2522821   37.1688919
  15.7173338    9.4988813   40.0737648
  14.8873625    8.8610954   40.2000542
  15.7486238    9.2922554   39.0666847
  13.4988213    8.4469128   47.2335129
  12.6318045    8.8319283   46.8221664
  13.2408266    7.4848418   46.9558220
  13.5930967    8.0809879   49.8484726
  12.7464752    8.6166906   50.0510254
  13.5502720    8.2392979   48.8492775
  13.6028652    5.8288527   43.6267891
  13.0349379    5.3227549   43.0007324
  14.4627075    5.2791052   43.4227600
  13.1064730    5.9407935   46.2928963
  12.5336094    5.1290159   46.3563423
  13.1664782    5.9314198   45.2899895
  15.4458370    4.6573629   47.3645897
  14.6044683    5.0676594   47.0012741
  15.3478632    3.7889152   46.8697281
  15.7199850    4.0827923   49.9701614
  15.6806097    4.2384267   48.9214325
  14.8711462    4.6203923   50.0921631
  15.6070251    9.5362806   44.2632065
  14.8632259    9.1971731   43.6158791
  15.4189253   10.5026159   44.0392113
  15.7564907    9.7204294   46.9302711
  14.9657345    9.1108789   47.0589333
  15.8207350    9.5704603   45.9424782
  13.5038910    7.7853913   54.1482735
  12.7142668    8.3909874   53.9127731
  13.3654070    7.8707051   55.1320534
  13.3172550    8.0191898   56.7218437
  12.5019979    8.4090881   57.1797333
  13.1792946    7.0669146   57.1174889
  13.3959131    5.4486895   50.3278542
  13.5464735    6.4741840   50.2726974
  13.5757036    5.4818287   51.3622093
  13.8183451    5.3863664   52.9837074
  12.9288902    4.9071546   53.1351585
  13.5971651    6.2315583   53.4364853
  15.7844620    4.2205048   54.3200989
  15.1244974    4.7034187   53.7356949
  15.7568426    3.3703065   53.7988358
  15.3083048    4.0668230   57.0046425
  15.3781796    4.0570583   55.9982147
  15.5181713    3.0713291   57.1048965
  15.4829779    9.3765993   51.1268044
  14.7759075    8.8687305   50.6117439
  15.2825451   10.2893896   50.7510033
  15.7152891    9.3963051   53.7321320
  14.9252796    8.7857780   53.8460121
  15.6111126    9.4562855   52.6978149
  13.6261377    8.4869642   61.0284843
  12.7678576    8.9567852   60.8233795
  13.3293743    7.5561934   60.8013382
  13.3705807    7.4041734    2.2068994
  12.5938749    7.9734206    2.5232027
  13.5195265    7.8774767    1.3158698
  13.2571087    5.4874082   57.6661224
  12.5874453    5.0347323   57.0432510
  14.0362892    4.9244237   57.3323441
  13.4576979    5.8511577   60.2860641
  12.6864376    5.1985173   60.4685516
  13.3807983    5.7443728   59.2862587
  15.8886423    4.7381926   60.7621269
  14.9877701    5.1499801   60.6276627
  15.8603725    4.7463322   61.7670021
  15.8020973    4.1656547    2.2012956
  14.9894695    4.3501997    2.7406642
  15.8958817    3.2166686    2.3629377
  15.5609093    9.1285973   57.6885376
  14.6767015    8.8033571   57.3061638
  15.3858643   10.1015720   57.4095535
  16.0525627    9.4868727   60.2442169
  15.2438974    9.1093702   60.6705513
  15.7437363    9.3254395   59.2878036
  13.2747021   16.0476170    6.3295212
  12.4356642   16.6170464    6.1880107
  13.1947269   16.1257248    7.3541903
  13.1422472   16.3677292    8.9293499
  12.3317318   16.7270870    9.4697075
  13.0380306   15.4337473    9.3274841
  12.9936438   12.9901524    2.9263160
  12.2447376   12.4338140    2.6564867
  12.7341032   13.0370464    3.9050236
  12.6761332   13.4571362    5.6664386
  12.9899054   14.4194918    5.9042244
  13.5841503   13.0470018    5.9893222
  14.8922997   12.2522926    6.4121776
  14.9706364   11.3118601    6.2227492
  14.8265047   12.1328354    7.4160995
  15.0634403   11.8662968    9.1054382
  15.2972412   10.9516916    9.5214109
  15.8907671   12.3249350    9.4143000
  15.6094751   17.0522461    3.0228753
  15.5499496   17.1013031    4.0585132
  14.7440567   16.5152321    2.9303544
  15.4844637   17.2572079    5.7211056
  14.6444578   16.7017078    5.9839730
  15.0490675   18.1515827    6.0052738
  13.2180510   16.1686020   13.1890574
  12.3029985   16.6794415   13.1371088
  13.1048965   16.0075932   14.1958523
  12.8918686   15.8141098   15.7781649
  12.0233192   16.1913452   16.2290325
  12.7369671   14.8403215   16.1136208
  13.0369396   13.8163395    9.7106152
  12.2816086   13.1775398    9.4884090
  13.7694120   13.2105904    9.4109344
  12.8759050   13.5359373   12.4459333
  13.0589571   14.5025816   12.6923933
  12.8519182   13.6787968   11.4513874
  14.7789402   11.8684998   13.3303289
  14.1281672   12.5092907   12.9347544
  15.6062908   12.4662523   13.1660900
  14.5881834   12.0574083   16.0328712
  14.5696993   12.0925503   15.0238228
  13.7879171   12.5995502   16.2141685
  15.3392868   17.2503433   10.0142822
  14.4236298   16.8831558    9.5969343
  15.2137108   18.1630440    9.6108236
  15.5998755   17.4594135   12.7115288
  14.7397289   16.9254150   12.9081163
  15.4628487   17.4380016   11.6918116
  13.3172140   15.6205835   20.2803574
  12.5684509   16.3185673   20.1150036
  13.1691179   15.6800194   21.3279724
  13.0022440   15.7647514   22.8884621
  12.1134443   16.0843906   23.3503971
  12.8779802   14.8174000   23.2096767
  12.4931374   13.4621849   16.7795448
  11.7227430   12.8947220   16.5056171
  12.3594570   13.3372879   17.7762280
  12.3144855   13.1568680   19.3564224
  12.5672836   14.1050005   19.6228542
  13.2614336   12.8131952   19.6594982
  14.6004372   12.1754351   20.2182007
  15.0884352   11.2782345   20.0189972
  15.4277792   12.7288351   19.9031010
  14.7991228   11.7098999   22.9198208
  14.7277794   11.8321066   21.9427013
  14.0051641   12.3085566   23.1765900
  14.9798250   17.0320854   16.8725834
  14.1642427   16.6363735   16.4240589
  14.7581005   18.0053062   16.5844955
  15.4316120   16.9558697   19.4917717
  14.6061287   16.3902798   19.7557430
  15.1610947   17.0430641   18.5287457
  13.5849895   15.6859426   26.8759060
  12.6983566   16.1250229   26.6810837
  13.5260143   15.8808193   27.8705997
  13.2081261   15.9092703   29.4936981
  12.4371147   16.1692276   30.0459270
  13.0788317   14.8734064   29.6580601
  12.6335831   13.1757364   23.7609100
  11.7969694   12.7569885   23.4641628
  12.5379324   13.0982265   24.7360954
  12.8595076   12.8230200   26.3627472
  13.1586580   13.7261477   26.7129536
  13.7725410   12.3597097   26.5123043
  15.2753201   11.9190731   27.0162334
  15.5132103   10.9606752   26.8555489
  16.0895634   12.3448935   26.5629673
  15.1534424   12.3132877   29.6908855
  15.1079140   12.2376575   28.6847210
  14.1649466   12.6173248   29.8030586
  15.1320009   16.9854507   23.7434654
  14.2527599   16.5785103   23.4060230
  14.9203978   17.9286880   23.4607201
  15.8465567   16.9929829   26.2242279
  14.9950876   16.4281139   26.4151058
  15.6970444   16.9600277   25.1863689
  13.5655756   15.7427263   33.9086456
  12.7151814   16.2864685   33.6720772
  13.4480791   15.9033117   34.9021721
  13.2166376   16.0605507   36.5282135
  12.3837538   16.4201469   36.9181862
  13.0147409   15.0590744   36.6817360
  12.7846155   13.4061613   30.1472435
  11.9758682   12.8160715   30.0645218
  12.8658104   13.3704815   31.1638680
  12.9376335   13.2269497   32.8736801
  13.1690950   14.1430225   33.2660446
  13.7778769   12.7630854   33.2718048
  14.9929104   12.0742207   34.0780220
  15.2471724   11.1186914   33.8252411
  15.8495255   12.5015945   33.7190895
  14.8223400   11.8067474   36.6652336
  14.8141088   11.9947052   35.6346970
  13.9894457   12.3442698   36.8514977
  15.4249334   17.0280437   30.6984749
  14.7530727   16.5184517   30.1406689
  15.1429510   17.9418297   30.2936516
  15.7455387   17.1332817   33.3121681
  14.9703989   16.5381432   33.5717926
  15.5684881   17.0842190   32.3148270
  13.5922785   15.7767019   40.4024239
  12.7233191   16.3718395   40.3954201
  13.5903959   15.6967764   41.4347763
  13.2926788   15.7145443   42.9269829
  12.4648523   16.1486378   43.3277893
  13.0354795   14.7939510   43.3511276
  12.7928095   13.4139004   37.2098198
  11.8680887   12.9905691   36.9026756
  12.6154261   13.2772636   38.1829147
  12.6257524   13.2278900   39.9218750
  12.9961977   14.1813107   40.0689278
  13.4592247   12.7350283   40.3096581
  14.8013029   11.9991236   40.6943245
  15.1655197   11.0822048   40.4911232
  15.7601166   12.4398766   40.4825020
  14.9491301   12.1535397   43.5562286
  14.8778677   12.1986942   42.5752411
  14.0512037   12.5854073   43.7784157
  15.4141808   17.0452023   37.3212814
  14.5815048   16.5981026   37.0380058
  15.1416607   17.9855518   36.9957848
  15.9030094   17.0211449   39.9630547
  15.0412025   16.4805183   40.1429634
  15.6883478   17.1027584   38.9850044
  13.4595451   15.5923386   47.2732658
  12.6976089   16.2248650   47.0807037
  13.3590727   15.6625443   48.2802505
  13.2007742   15.7004642   49.8923721
  12.3685751   16.0970764   50.2599258
  13.1386709   14.7746563   50.3154221
  12.6697969   13.4711294   43.9895172
  11.7976408   12.8796072   43.7817993
  12.5205307   13.3638754   44.9843674
  12.5621567   13.0723953   46.7374001
  12.9483976   14.0107241   46.8390770
  13.3470325   12.6516876   47.2140617
  14.9256144   12.0745449   47.7737617
  15.2029886   11.1234665   47.4690666
  15.7145720   12.4949818   47.3111877
  14.9138565   11.7891302   50.3928375
  14.8755608   11.8740835   49.3676910
  14.0780907   12.3497257   50.5611725
  15.2653408   16.9454784   44.1575432
  14.4963007   16.4586296   43.6824646
  15.0150785   17.8735619   43.7918053
  15.6713266   16.9804344   46.7779236
  14.9272327   16.2940140   46.9729462
  15.4091454   17.0113716   45.7601929
  13.4648676   15.5985041   53.9726982
  12.6563015   16.1718674   53.7078857
  13.3288202   15.7288389   54.9872246
  13.3591213   15.7477160   56.6839790
  12.5602493   16.1205673   57.1532364
  13.2898788   14.7974291   57.0748558
  12.7055702   13.2898540   50.9039536
  11.8670063   12.8011236   50.5844955
  12.5589094   13.2090521   51.8952446
  12.8038197   13.1021814   53.5382805
  13.1169806   14.0539179   53.7368774
  13.6779251   12.6827612   53.8961258
  15.0017080   11.9828682   54.3433456
  15.2271700   11.0621538   54.1626358
  15.8439665   12.3667793   53.8462219
  15.0139284   11.6932640   57.0454254
  14.8977623   11.8219967   56.0443954
  14.2211609   12.2808628   57.2654686
  15.3324642   16.8626804   50.8691101
  14.4263153   16.5913258   50.4423676
  15.1788206   17.8575020   50.6308670
  15.6853752   16.9393940   53.5461731
  14.8989382   16.2581425   53.5952148
  15.6534061   16.9205341   52.5074196
  13.7599621   15.5402393   61.0199242
  12.8730593   16.0840015   61.0449066
  13.7948112   15.4961205   62.0396118
  13.4092255   15.7059097    2.5608013
  12.5086699   15.9706116    2.9302094
  13.2595243   14.6855841    2.6512830
  12.9413338   13.1720781   57.6098709
  12.1882477   12.6092157   57.3529930
  12.7869282   13.1294098   58.6213112
  12.8273220   13.1099625   60.1371765
  13.1668215   14.0541248   60.3705444
  13.6941290   12.6452208   60.3098755
  15.2201548   12.0434694   60.8348007
  15.4746542   11.1229811   60.5933533
  16.0882969   12.4838943   60.5116844
  15.0869761   11.3950377    2.2429895
  14.3671322   12.0641661    2.5043986
  15.0847025   11.6152868    1.2813530
  15.5237923   16.7501278   57.7501907
  14.6851807   16.3752346   57.3319550
  15.4139080   17.7108612   57.4919701
  15.9668036   16.8215332   60.3563766
  15.1220999   16.2281494   60.5578117
  15.8582468   16.7023830   59.3611298
  12.8970423   23.8634930    7.0597553
  12.0852880   24.2969933    6.6772962
  12.7310190   22.9462166    6.5887866
  13.2599678   23.5254040    9.6603537
  12.4935026   24.2250519    9.7965794
  13.1974125   23.6112843    8.6339540
  12.6372004   20.4192677    3.5879548
  11.9826641   19.7602940    3.1206357
  13.4296265   20.0719166    3.0516963
  12.2267647   21.6024380    5.9154830
  11.4008741   21.1531086    6.1418834
  12.3876619   21.1751499    5.0310698
  14.5980968   19.7045841    6.3058915
  13.8695164   20.3084564    6.0279412
  15.3681316   20.2747669    5.9945040
  15.0276442   19.6926250    8.9909582
  14.8017683   19.7085209    8.0063677
  14.1435947   20.1233406    9.3046980
  15.3190784   24.5270710    3.2404258
  15.2799578   24.7904720    4.2066746
  14.4173927   24.0741425    3.2322502
  15.0095301   25.0861702    5.8754063
  14.2517843   24.6618366    6.4261084
  14.6840382   26.0108776    6.0485044
  13.1391640   23.6347141   13.2865295
  12.2936182   24.1755142   13.0659332
  12.8941908   23.5996838   14.2859421
  12.6876431   23.3766003   15.8892250
  11.7831354   23.7698765   16.1813107
  12.5130482   22.4568253   16.2349987
  12.8961477   20.8356380   10.0156317
  12.9933720   21.8405037    9.9831505
  12.8242188   20.8149796   11.0230598
  12.6572447   21.1246643   12.7593546
  12.9264870   22.0947018   12.9848280
  13.5190096   20.6894665   13.0408239
  15.0353823   20.1280632   13.4931736
  15.3446398   19.2202950   13.1193209
  15.9591103   20.5510464   13.2625179
  14.5350046   19.6326160   15.9690933
  14.6575928   19.7207699   14.9855957
  13.6663666   20.1456375   16.0329323
  15.4850769   24.7424526   10.3932753
  14.5880041   24.2714539   10.1593781
  15.2810898   25.5545483    9.7685595
  15.2780161   25.2735596   13.0531816
  14.5469933   24.6105232   13.3031292
  15.2187014   25.0761356   12.0582209
  13.3302794   23.2955875   19.9924698
  12.5950556   23.9862709   19.8155899
  13.2332783   23.3558655   21.0122700
  12.9663763   23.2309952   22.5279465
  12.1912317   23.6900501   23.0730381
  12.6345282   22.3064594   22.8341274
  12.2889147   20.8327389   16.5895214
  11.5576010   20.2039337   16.4133358
  12.3436089   20.7229099   17.5779076
  12.5518026   20.8280754   19.2762604
  12.7912464   21.7795048   19.5203514
  13.3741465   20.4423943   19.7246151
  14.7426844   19.5372295   20.2310123
  14.9393368   18.5794716   19.9476318
  15.6610622   19.8663197   19.9264278
  14.4987144   19.5429935   22.8918896
  14.4666080   19.5193596   21.8692837
  13.6896019   20.1356888   22.9872437
  15.0444098   24.3980885   16.6934376
  14.1727524   24.0420322   16.3346691
  14.8247871   25.3676357   16.5011272
  15.5142221   24.6922398   19.3043900
  14.6516266   24.2493401   19.6073322
  15.3893347   24.4725342   18.3390617
  13.3282576   23.2846375   27.0076923
  12.5045786   23.8817711   26.8281422
  13.3030186   23.3596706   27.9936008
  13.0570869   23.2049274   29.6473446
  12.2491770   23.6869812   30.0619888
  12.7460432   22.2592812   29.8622322
  12.2745848   20.8450031   23.6024971
  11.5210800   20.2069893   23.4359741
  12.3770943   20.6894970   24.5857925
  12.6034880   20.5886669   26.3280029
  13.1021318   21.4345856   26.5660801
  13.4834909   20.0336437   26.5491047
  14.8476248   19.4279728   26.9608803
  15.2118320   18.5034008   26.7430286
  15.6724072   19.8823700   26.5363560
  14.6964321   19.3121738   29.6655807
  14.7532911   19.5040703   28.6603775
  13.7986479   19.8105316   29.7590542
  15.0010605   24.5723400   23.6226788
  14.2115488   24.2100697   23.0810795
  14.7947464   25.5522861   23.3180428
  15.2615509   24.7811680   26.2438393
  14.4698544   24.1255589   26.4838104
  15.1378069   24.5529537   25.2321758
  13.3717432   23.2010040   33.6810036
  12.5612001   23.6968250   33.5334740
  13.4502096   23.3125763   34.6784210
  13.1171818   23.3910980   36.3047638
  12.4022303   23.8902092   36.7801399
  12.8279905   22.4700699   36.5494690
  12.4289045   20.5857449   30.1568661
  11.5674133   20.0486393   30.1669483
  12.5991516   20.6003170   31.0890007
  12.7438335   20.7907944   32.8021507
  13.0436077   21.6951122   33.1472893
  13.5658112   20.2864780   33.1770554
  14.8616428   19.6111393   33.8613434
  15.2355528   18.6351357   33.7207451
  15.7295961   20.0358238   33.5690994
  14.7058496   19.4580097   36.4718781
  14.5175390   19.6147270   35.4180870
  13.7838030   19.8588791   36.7184677
  14.9569435   24.8132248   30.4820824
  14.1788931   24.2389393   30.1671429
  14.5597391   25.6923237   30.2193890
  15.5071936   24.6184616   33.1345634
  14.7165871   24.0367565   33.3284149
  15.2930002   24.6190357   32.1145897
  13.5150719   23.3517303   40.5746803
  12.5985327   23.7897434   40.3963242
  13.4041910   23.4323635   41.5790710
  13.0818491   23.2736130   43.1818504
  12.3165731   23.7200699   43.6903191
  12.7998466   22.3372669   43.4371071
  12.5576906   20.7884598   37.0923653
  11.7243834   20.2482224   37.0353355
  12.5522203   20.7732658   38.1271973
  12.9532948   20.8736000   39.8343544
  13.3548870   21.7732544   40.0394745
  13.7496929   20.3246689   40.1231804
  15.0729198   19.4461193   40.5726700
  15.5360012   18.5702152   40.2509460
  15.8819504   20.0355110   40.3657150
  14.7135172   19.3933620   43.3005371
  14.7422285   19.3479080   42.2873192
  13.8893309   20.0213089   43.3753281
  15.3132534   24.4311848   37.3484726
  14.4537039   23.9876804   36.9835663
  15.0006456   25.3864040   37.1945953
  15.7203150   24.6869221   40.0163689
  14.8658657   24.1677837   40.1841011
  15.6510658   24.5946312   39.0093002
  13.5261478   23.2185898   47.3475037
  12.6334791   23.7562141   47.2840157
  13.5732670   23.2425098   48.3691711
  13.2969465   23.1203861   50.0026741
  12.4354315   23.5572510   50.3696289
  12.9864902   22.2058277   50.3793488
  12.5238705   20.7949333   43.7883110
  11.6991119   20.1854591   43.7241440
  12.6959343   20.6318512   44.7995071
  12.8191223   20.7272816   46.4462814
  13.1123991   21.6320000   46.7896461
  13.5908537   20.2211533   46.8508339
  14.9156265   19.5274506   47.5960426
  15.1989107   18.5704880   47.3477249
  15.7150841   19.9729137   47.1410675
  14.6827431   19.4002056   50.2722092
  14.6345444   19.5070267   49.2527466
  13.7784548   19.7307625   50.4626579
  15.2184811   24.4297600   44.2577400
  14.3856001   23.9862003   43.8834534
  15.0964804   25.2850571   43.7454109
  15.6139994   24.7866192   46.9151535
  14.7926674   24.2192211   47.0841179
  15.5707645   24.7157383   45.8852882
  13.7456913   23.0682201   54.0802536
  12.9072247   23.6230392   53.7849808
  13.4871120   23.2153625   55.0579147
  13.0949383   23.2132702   56.7453690
  12.2747459   23.6417217   57.1766701
  12.7983952   22.2541866   57.0619545
  12.4637699   20.6905594   50.7283211
  11.6209707   20.1680279   50.6949921
  12.6093655   20.7018375   51.7073860
  12.9058809   20.5840664   53.3849640
  13.2988806   21.5059147   53.6347961
  13.7552328   20.1241856   53.7077522
  15.0510302   19.4165859   54.4132385
  15.3449383   18.5548115   54.0063934
  15.7682915   20.0237122   54.0141716
  14.9989195   19.2833557   57.1318893
  14.9993763   19.4281387   56.1266670
  14.1302280   19.7406082   57.3128471
  15.3399467   24.4898777   50.9537277
  14.5679693   23.9457760   50.6492958
  15.0409765   25.3751068   50.6146049
  15.6196566   24.9099045   53.5503120
  14.9786339   24.2250710   53.8643188
  15.4719620   24.7828369   52.5541725
  13.5410910   22.8596401   61.3165207
  12.8028669   23.5148659   61.0819740
  13.4789944   23.0064640   62.3291779
  13.0232306   23.1286087    2.7527645
  12.1039276   23.5890102    2.9250121
  12.6983948   22.2531261    3.0769851
  12.6399097   20.7211227   57.5079727
  11.9597569   20.0248184   57.3375893
  12.6178551   20.6560459   58.5120316
  12.9327888   20.4615746   60.2659492
  13.1805706   21.3639679   60.7105942
  13.8787098   20.0550079   60.4160919
  15.1898050   19.3675251   60.8683777
  15.5390759   18.4203053   60.7061996
  16.0942307   19.8201656   60.7271080
  14.8176470   19.4644699    2.3344727
  15.1420078   18.5181046    2.5420482
  14.9431524   19.4220676    1.3528281
  15.2556477   24.5220737   57.6999168
  14.4140034   24.1538105   57.2735596
  15.0021915   25.5099049   57.4525604
  15.6708927   24.2607059   60.4449463
  14.9661026   23.6389465   60.7521820
  15.4452629   24.2047081   59.4473801
  12.7772942   31.5141811    6.6708579
  11.9880657   32.0365601    6.2954888
  12.4612293   30.6412315    6.3174739
  13.1920843   31.3139591    9.3130760
  12.3423853   31.8627090    9.5505228
  13.1417646   31.5464363    8.3235931
  12.4560213   28.4701843    3.0656788
  11.7358179   27.8514576    2.6437016
  13.2059870   27.8087711    2.7889094
  12.2078123   29.2043419    5.5812812
  11.4416447   28.6038475    5.7594733
  12.2922735   29.0654812    4.5930295
  14.4755201   27.6401787    6.3243580
  13.7788591   28.2814999    6.0892992
  15.2544641   28.1021385    5.9673519
  15.0742359   26.9390316    8.8955088
  14.8249493   27.1214695    7.9050703
  14.2570677   27.4379196    9.2156935
  15.1597490   32.2944489    3.0690823
  15.1767035   32.3512115    4.0805120
  14.3147173   31.7562618    3.0105989
  15.0392485   32.5981827    5.8176818
  14.1751108   32.2155380    6.1837287
  14.8649731   33.5433502    6.1845760
  12.8557644   31.3604774   13.1760826
  12.0772171   31.9272728   12.9126301
  12.6673088   31.3864384   14.1628962
  12.6843224   31.2947826   15.8213873
  11.9096804   31.6448612   16.4385242
  12.4975834   30.3112793   16.1349277
  12.9829788   28.4210434    9.8131819
  13.0558367   29.4410267    9.6874056
  12.8839407   28.4651012   10.8290615
  12.6033115   28.7667961   12.5692139
  12.6821852   29.7524071   12.7288456
  13.4296894   28.5340614   13.0942726
  15.0476904   27.8236332   13.8412085
  15.1937637   26.8687820   13.5086517
  15.9035225   28.1757431   13.3818436
  14.4471397   26.9843369   16.2741718
  14.6291227   27.3288517   15.3129148
  13.7292786   27.6690273   16.4563751
  15.2990370   32.3845062   10.4099216
  14.4991198   31.8984470   10.0711555
  15.0559330   33.2604904    9.8735352
  15.1715879   32.7925491   12.9954920
  14.3898363   32.1386681   12.9616289
  15.4003334   32.6497993   12.0129042
  13.3609848   31.2271080   20.1919098
  12.4571743   31.7495918   20.0669861
  13.2319803   31.2607708   21.2032776
  12.8498888   31.1612415   22.8164463
  12.0037374   31.4362640   23.2020550
  12.7270746   30.1533279   23.0401630
  12.3933125   28.7143536   16.7896023
  11.6096849   28.0807266   16.6469841
  12.3982830   28.6573772   17.7834301
  12.6619053   28.7037430   19.4303780
  13.1256142   29.6299229   19.6453171
  13.5410509   28.1818886   19.6435413
  14.8581944   27.2014275   20.1039505
  15.2008839   26.2822056   19.9428329
  15.7260389   27.6827583   19.8144283
  14.4562559   27.1473522   22.8390617
  14.4882126   27.2747173   21.8752937
  13.6695976   27.7481136   23.0265121
  14.9138060   32.3547668   16.8492165
  14.0953617   31.9371223   16.4056568
  14.6804657   33.3084488   16.5031300
  15.5129242   32.6901855   19.5392933
  14.7812891   32.0788727   19.7684155
  15.4598007   32.6299324   18.5492802
  13.1941233   31.1032352   26.7846317
  12.2658644   31.5459270   26.5949478
  13.1203194   31.2732639   27.7914047
  12.8458509   31.2902126   29.3460884
  12.0287609   31.6830463   29.8532944
  12.6009970   30.3326550   29.6556511
  12.3153229   28.6282673   23.4858418
  11.4978237   28.0444584   23.3718300
  12.3257666   28.5383739   24.5155029
  12.6730909   28.5222778   26.0040531
  12.9485712   29.4341297   26.2779560
  13.5707531   28.0777225   26.2533665
  14.7592316   27.2821503   26.8944511
  15.0404177   26.3166065   26.6789627
  15.5846596   27.7207775   26.5198059
  14.1923037   27.2535591   29.5909023
  14.2450781   27.3201847   28.6062584
  13.3855009   27.8577728   29.7128162
  14.9863710   32.4775810   23.7285824
  14.1792927   32.0408096   23.2875080
  14.7209187   33.4178200   23.5165005
  15.5016785   32.3492203   26.3187046
  14.6853428   31.8005238   26.5137882
  15.3166666   32.4073181   25.3029385
  13.3712883   30.9628620   33.5937767
  12.6118708   31.5831490   33.3560715
  13.2446947   31.0292950   34.6016846
  12.9909439   30.9782829   36.2553825
  12.1718454   31.4636574   36.6427536
  12.6242685   30.0703163   36.5693321
  12.1336002   28.8547268   30.3587894
  11.3397760   28.2225876   30.2250328
  12.1656160   28.7133312   31.3454494
  12.7251654   28.3863087   32.9817505
  13.0074873   29.3101425   33.2614136
  13.5354910   27.9075356   33.3508759
  14.8616114   27.1883144   34.1563911
  15.1045189   26.2861919   33.7776413
  15.6616364   27.6491089   33.6556129
  14.5969152   26.9267101   36.8143272
  14.6957941   27.0801296   35.8029404
  13.6876945   27.3745613   36.8886452
  14.9648008   32.3418846   30.5275745
  14.0866737   31.9696922   30.0908470
  14.7582397   33.3029404   30.1317616
  15.4342976   32.5184860   33.1265869
  14.7270041   31.8241348   33.3021088
  15.3051739   32.4664078   32.1033516
  13.4325705   31.0833702   40.4233017
  12.6250000   31.7108536   40.2677612
  13.3611059   31.1254845   41.4349136
  13.0469255   30.9509449   43.1090775
  12.1922417   31.3255692   43.5465355
  12.9210196   30.0116959   43.5411949
  12.4500751   28.5504265   37.0946541
  11.6827183   27.8482304   37.0037460
  12.5583992   28.4259796   38.0820312
  12.8193731   28.5613823   39.6939964
  13.1446495   29.4786472   39.9790497
  13.5897388   28.0834904   40.1587601
  14.8682251   27.1073494   40.6943130
  15.1544609   26.1974239   40.3688126
  15.7491341   27.5595322   40.4743767
  14.6348143   26.9513168   43.3123627
  14.6123457   26.9712868   42.2899094
  13.8376188   27.5979424   43.4051170
  15.1615686   32.3612823   37.1806526
  14.3288422   31.9071426   36.7323112
  14.9095221   33.2800674   36.7741089
  15.6693096   32.3063965   39.7196083
  14.8452635   31.8362408   40.0149231
  15.4944096   32.2773323   38.7024841
  13.1030874   31.0827274   47.2105026
  12.1832666   31.6201153   47.1491165
  13.1037121   31.0984745   48.2140541
  13.1926250   30.8056622   49.9684601
  12.2877855   31.2423420   50.2311134
  12.9423704   29.8731995   50.2614594
  12.6222630   28.5255356   44.0312119
  11.7209072   28.0410309   43.8421936
  12.6594114   28.4298897   45.0023499
  12.6281910   28.3803387   46.7851105
  12.8943319   29.2764606   47.1049118
  13.4190283   27.8770275   47.0242233
  14.9314709   27.2385426   47.6879501
  15.2694359   26.3120136   47.4898186
  15.6914349   27.7090435   47.2255745
  14.8425217   27.2727032   50.3102150
  14.9390345   27.3975945   49.3085327
  13.9394274   27.7200394   50.3821945
  15.2042141   32.2488861   44.0077782
  14.3667536   31.8217030   43.6109047
  14.9037533   33.1742401   43.7238846
  15.4841166   32.2305145   46.6244621
  14.6385927   31.6648846   46.7750244
  15.4033375   32.2859001   45.6193085
  13.5048466   30.7066250   53.7874374
  12.6919136   31.3602066   53.6444130
  13.3654270   30.7386169   54.8310661
  13.0976019   31.0607719   56.2477493
  12.3968697   31.6093273   56.8100967
  12.8292627   30.1689434   56.6568832
  12.3775826   28.2881393   50.5530167
  11.6324234   27.6463127   50.3121643
  12.3662443   28.1712723   51.5451736
  12.8781214   28.2293072   53.2408867
  13.1356430   29.2018528   53.3876686
  13.7264099   27.8703575   53.7700005
  15.0836296   27.3054180   54.2572479
  15.3713598   26.3528042   54.0334892
  15.9382133   27.7031689   53.9480972
  14.8845482   27.2126465   57.0131607
  14.8678350   27.3656101   56.0071983
  14.0353556   27.7851944   57.1422310
  15.2379980   32.1608658   50.8028793
  14.4250059   31.6470490   50.4378586
  14.9339552   33.0498810   50.5127182
  15.7652950   32.2313766   53.4025002
  14.9851360   31.5754795   53.5912399
  15.5703039   32.1707954   52.3668442
  13.6001635   30.8318958   60.9928207
  12.7745256   31.4364738   60.7475243
  13.4061766   30.8865395   62.0133324
  12.9571066   31.0128803    2.5492082
  12.1176701   31.5409451    2.7733722
  12.6214314   30.1429939    2.8576155
  12.6501284   28.6374760   57.4137344
  11.8998079   28.0247612   57.2086220
  12.6832952   28.4672508   58.4046440
  12.9433813   28.3006401   60.0344620
  13.2603750   29.1835766   60.4395981
  13.6438084   27.7327328   60.4949150
  14.9125700   26.7813168   61.0839958
  15.2985935   25.8617363   60.8015709
  15.7161283   27.2809982   60.6511688
  14.6050320   27.0443325    2.5070782
  14.8563786   26.0899048    2.6547236
  14.6433735   26.9827347    1.4915473
  15.1906567   32.0909882   57.4339027
  14.4425459   31.7460899   56.8724251
  15.1592264   33.0447159   57.1456299
  15.7275133   31.9796524   60.0707169
  14.9372396   31.4942169   60.4470329
  15.4286861   31.9034004   59.0985832
  13.0616226   39.2095108    6.7431393
  12.2267752   39.6551819    6.4354267
  12.8046980   38.2998352    6.3813567
  13.0363827   38.9652443    9.3686504
  12.0790167   39.3148155    9.4088888
  13.1153812   39.1831665    8.3502016
  12.4366846   36.2206650    3.3143883
  11.6308746   35.6823578    2.9729397
  13.1505108   35.5770798    2.9854889
  12.4084349   36.8575172    5.8635235
  11.5129328   36.4406662    5.9952283
  12.4574518   36.6252518    4.8643384
  14.4918919   35.1399803    6.6457620
  13.8018723   35.7963676    6.3794060
  15.2640934   35.6381454    6.1668696
  14.7371168   34.6162262    9.2248487
  14.5572281   34.7651596    8.2220240
  14.0610638   35.2783279    9.5662889
  15.3805103   39.8314362    2.9312758
  15.3507500   39.9789925    3.9439070
  14.4956684   39.3269463    2.9093814
  15.2303782   40.2620926    5.4863091
  14.4372482   39.9480019    6.0142741
  15.1671591   41.2089767    5.8253846
  13.2514830   39.2793732   13.1384068
  12.3295507   39.6335144   12.8863249
  13.0438414   39.2322121   14.1387577
  12.6818848   38.7582283   15.6930275
  11.9424801   39.0924606   16.3483124
  12.5565414   37.8210297   15.9912062
  12.7708282   36.2822800    9.9998255
  12.9211864   37.2767982    9.8625259
  12.6953020   36.4080620   11.0253458
  12.6916428   36.7159309   12.5733652
  12.9733820   37.6683922   12.7943010
  13.5231714   36.2535095   12.9358845
  14.8445339   35.3648758   13.4200783
  14.9309883   34.3557053   13.1855373
  15.6689844   35.6546478   12.9206810
  14.5755415   34.8901634   16.0826092
  14.6972198   35.1782074   15.1201916
  13.7281303   35.4471321   16.2235756
  15.4693975   39.8378334   10.0500565
  14.5761356   39.4308777    9.8313522
  15.2510815   40.7474251    9.6563053
  15.6262217   40.4129524   12.6766510
  14.7090073   39.9611053   12.9259224
  15.5204258   40.1566544   11.7020617
  13.0634422   38.6738396   19.9491863
  12.1434488   39.1379585   19.8134537
  12.9791431   38.7320786   20.9808235
  12.8177118   38.7520981   22.6128998
  12.0687342   39.3062744   22.9759426
  12.4693079   37.8544884   22.9462376
  12.3721161   36.3489990   16.6985493
  11.5515347   35.7521629   16.6912193
  12.5532999   36.2727470   17.6745167
  12.6769629   36.0805702   19.3878117
  12.7832870   37.0738716   19.6742916
  13.5584126   35.8160629   19.8447876
  14.8356609   35.1115837   20.3992023
  15.1463900   34.2183762   20.0160809
  15.6559238   35.6247330   19.9957924
  14.3447180   34.8900681   22.9603996
  14.3959379   34.9175758   21.9465370
  13.4776621   35.4616966   22.9904938
  15.0651121   39.9285049   16.7659931
  14.2465019   39.5509987   16.3664913
  14.8765812   40.8922234   16.5138874
  15.4590502   39.9639168   19.3730030
  14.6022806   39.4475327   19.5879803
  15.3339672   39.8289032   18.3756771
  13.2978678   38.4270706   26.7792187
  12.4443264   38.9303932   26.5248547
  13.0834255   38.4868355   27.8210258
  12.6649389   38.6986885   29.2982712
  11.8501120   39.1278076   29.7776546
  12.4429417   37.7735138   29.5992069
  12.0817995   36.3699074   23.3619366
  11.2611151   35.7588959   23.2625046
  12.1923656   36.1832542   24.3808403
  12.5968428   36.0644569   26.0641232
  12.9931374   36.9498672   26.3253651
  13.3757610   35.5040474   26.3770885
  14.8110561   34.9021950   27.1649323
  15.1668110   34.0198021   26.9826202
  15.6172438   35.4415741   26.8499203
  14.3772144   34.7775192   29.7425499
  14.4190197   34.8807640   28.7236614
  13.5173178   35.3331566   29.8188858
  14.8911495   40.1163330   23.7157707
  14.0564680   39.6424294   23.3813553
  14.6808786   41.0180206   23.2292728
  15.2678413   40.1229286   26.2814388
  14.6291494   39.3690414   26.4576588
  15.1348028   40.1017799   25.2652206
  13.2186518   38.6958084   33.5948601
  12.4107695   39.3077545   33.3645515
  13.1075764   38.7551231   34.5743866
  12.7791519   38.6278877   36.2322655
  11.9630299   39.0139008   36.7359772
  12.6206255   37.6883736   36.5350189
  12.1475353   36.2049141   30.1209888
  11.3641968   35.5710030   30.0550213
  12.2086859   36.1475258   31.1292782
  12.5249090   36.2715721   32.7562141
  12.7755919   37.2420883   32.9567947
  13.4073915   35.8655586   33.0700531
  14.7073946   35.0235901   33.7325363
  15.0339108   34.1127090   33.4095345
  15.5705433   35.5031776   33.4579430
  14.5662365   34.7983208   36.4073105
  14.5413256   35.0314674   35.3892021
  13.6709013   35.2680130   36.5757828
  14.8385715   39.6605721   30.3594303
  14.0273247   39.2600517   29.9237690
  14.6784811   40.5941162   29.9630661
  15.4960537   39.9915428   32.9621124
  14.6798906   39.3728485   33.1997299
  15.2990828   39.8813629   31.9533348
  13.3732281   38.7493477   40.6034241
  12.4928808   39.2759857   40.3728371
  13.2263842   38.8679123   41.5985260
  12.9343777   38.6993294   43.2286835
  12.0874290   39.0929832   43.5676651
  12.7080746   37.7169151   43.4553223
  12.1994743   36.1216660   37.0775871
  11.2992392   35.7100945   36.9571877
  12.1817551   36.2379799   38.0646248
  12.6556082   36.3735924   39.6976395
  13.0297241   37.2020836   40.1653442
  13.4844027   35.8283043   39.8747063
  14.8388557   34.7950478   40.4645500
  15.1707840   33.9019966   40.2233887
  15.6599665   35.3053932   40.1316376
  14.6616774   34.7701492   43.0866051
  14.6302481   34.8342819   42.0714531
  13.7809801   35.3053093   43.2433624
  14.8004646   39.9143639   37.2731514
  14.0014191   39.4804916   36.8956413
  14.5583611   40.8512192   36.9974289
  15.5962105   40.0841675   39.8658180
  14.7756805   39.5125542   40.1599388
  15.2601185   40.0698090   38.8870239
  13.4055328   38.6499786   47.1984406
  12.5813828   39.1772232   46.9606018
  13.3676243   38.7914734   48.1971703
  12.8287153   38.7290764   49.8956985
  12.0153112   39.0416489   50.3709183
  12.7342234   37.7515678   50.0971069
  12.3621044   36.1077576   43.8907738
  11.5625038   35.4925880   43.7580070
  12.4344635   35.9647064   44.9110489
  12.5919094   36.0059242   46.5765114
  12.8626766   36.9013481   46.9174805
  13.4455690   35.5329819   46.7890625
  15.0473585   34.7989006   47.2380028
  15.3437538   33.8510208   47.0415611
  15.7928352   35.2594490   46.7255249
  14.4782810   34.4768448   49.8731155
  14.5498171   34.5294456   48.8930168
  13.7058516   35.1500549   49.9454880
  15.2047901   40.0649643   43.8458710
  14.2819662   39.6593170   43.5944939
  14.9411087   40.9805756   43.5595665
  15.6019478   40.0447884   46.4996567
  14.7991838   39.4377480   46.7611008
  15.5004730   39.8731499   45.4884300
  13.6278296   38.3623161   53.9773331
  12.9023819   39.0075607   53.6728897
  13.5099821   38.5488396   54.9560432
  13.2533798   38.5353432   56.5816498
  12.3608971   38.9281578   56.9562569
  12.9670248   37.5779037   56.8642006
  12.4224987   36.1358185   50.4719467
  11.7349272   35.3952370   50.3504257
  12.4789467   36.0403709   51.4822083
  12.7715502   35.9561539   53.1859207
  13.0554361   36.8974724   53.5543594
  13.5897903   35.5096779   53.5977592
  14.9250917   34.7031136   54.1476479
  15.1383562   33.7617836   53.8692207
  15.7517776   35.1116753   53.7103653
  14.8441362   34.7072906   56.6935234
  14.8937407   34.7335396   55.6676483
  13.9265118   35.1533241   56.7193108
  15.1611795   39.5942230   50.7315483
  14.2275229   39.2320824   50.4403419
  14.9185352   40.5424004   50.4868622
  15.8040247   39.6689835   53.2943459
  14.9871550   39.0517731   53.4840622
  15.6154442   39.6733704   52.2940407
  13.5629749   38.3416710   61.0026321
  12.8058529   38.8379059   60.6176834
  13.3678312   38.5034409   61.9700203
  12.9135933   38.7581902    2.4610882
  11.9803133   39.1391220    2.7201927
  12.6757507   37.8355064    2.7476265
  12.5561600   36.0376892   57.2381973
  11.6493063   35.6217155   57.1847458
  12.7592916   35.8080826   58.2002869
  13.2165728   35.8014488   59.8108826
  13.4806595   36.6963234   60.1374016
  13.9359913   35.2539101   60.2205582
  15.2886734   34.5357361   60.9625893
  15.5345259   33.6153717   60.7565880
  16.0843773   34.9786720   60.5079460
  14.3613262   34.8117790    2.2037573
  14.7270584   33.9264755    2.4854207
  14.4883423   34.7102280    1.2243395
  15.4619541   39.7118607   57.1495590
  14.5603724   39.2863045   56.9143524
  15.1778164   40.6540718   56.9104004
  15.7376289   39.5137634   59.8261909
  14.8857880   39.0131454   60.0914993
  15.6199923   39.4836693   58.8347626
  13.0123901   46.7845001    6.5856752
  12.1575956   47.2559700    6.3472075
  12.7556620   45.9458237    6.0415530
  13.2792883   46.4731712    9.1057453
  12.3731785   46.9665947    9.2881193
  13.1725521   46.5992889    8.0711222
  12.6577415   43.6598740    2.9926274
  11.8982592   43.0957031    2.6471205
  13.4222965   43.0786667    2.7030466
  12.5314636   44.3577042    5.5166731
  11.7204676   43.8454208    5.7172971
  12.6251316   44.0837440    4.5395460
  14.7305565   42.7837143    6.1902394
  13.9670944   43.4158211    5.9340973
  15.4696674   43.3383789    5.8239613
  15.1661530   42.2841873    8.7907219
  14.9679089   42.3554268    7.8197885
  14.3608027   42.9078712    9.0422611
  15.4162455   47.3226547    3.0891876
  15.2415123   47.3813133    4.0794106
  14.5567884   46.8223648    2.8568919
  15.3785543   47.7600288    5.8473039
  14.4611006   47.3733864    6.1968083
  15.0737123   48.7034683    6.0284004
  13.2795296   46.4626694   12.9991207
  12.3472786   46.7509270   12.7163439
  13.0351686   46.5181808   14.0132971
  12.7224207   46.2027588   15.5437546
  11.9445715   46.6455231   16.0087776
  12.4890366   45.2657700   15.8397217
  12.9453211   43.6804276    9.6120815
  13.0081816   44.6835251    9.4845858
  12.7640676   43.7214088   10.6034489
  12.6296492   44.0271835   12.2563524
  12.9119616   44.9994164   12.4254580
  13.4514341   43.5933456   12.6450701
  14.8361225   42.8837967   13.2972507
  15.1468267   41.9468269   13.0276175
  15.7213182   43.3623390   13.0771503
  14.6176615   42.4886131   15.9524450
  14.6908188   42.5063629   14.9695721
  13.7476130   42.9496956   16.0051041
  15.4278154   47.7233849   10.0623283
  14.6341190   47.2130470    9.6079321
  15.1505690   48.6222191    9.5994635
  15.4271307   47.9052582   12.6174517
  14.5658445   47.3256454   12.7217369
  15.4058399   47.7925911   11.5858326
  13.0741386   46.0601768   19.8298740
  12.2290087   46.6562881   19.6418743
  13.0093269   46.2646561   20.8229370
  12.7615395   46.6161423   22.4427643
  11.9474220   47.0338516   22.8295631
  12.5836439   45.6482925   22.7010899
  12.0719929   43.6868706   16.2756958
  11.2331476   43.1149368   16.2001286
  12.0775833   43.6122589   17.3484840
  12.3561363   43.6422043   18.9159031
  12.6657906   44.5923729   19.1566410
  13.2408752   43.2270851   19.2363529
  14.6294069   42.4790154   19.7550392
  15.0420294   41.5819016   19.6429558
  15.4537811   42.9956856   19.4666862
  14.4886971   42.4352264   22.4492283
  14.5479040   42.5547638   21.4445305
  13.6720886   43.0281868   22.5434380
  14.9320908   47.4544258   16.6554890
  14.1388016   46.9744110   16.2556705
  14.7215824   48.3636246   16.2749081
  15.2957916   47.6341934   19.2908382
  14.5479918   46.9969749   19.4457970
  15.2110147   47.6966629   18.2946835
  13.4605284   46.3033218   26.6403618
  12.5742922   46.8155022   26.4013481
  13.2709208   46.3385735   27.6203003
  12.7934942   46.0674057   29.3393097
  11.9817505   46.5894699   29.7595177
  12.4470997   45.1561623   29.6565933
  12.3849182   44.0276489   23.0180378
  11.6206541   43.3737297   22.9792175
  12.5003815   43.9689140   24.0360336
  12.8204279   43.8668289   25.5837746
  13.0118198   44.7969589   25.9707642
  13.4938793   43.4288139   26.1517754
  14.7014704   42.6186066   27.0116520
  14.9708595   41.6689110   26.6880302
  15.5693417   43.0377464   26.6333771
  14.4434481   42.1925545   29.5952301
  14.4257631   42.4765549   28.6062927
  13.6106968   42.7007828   29.8210716
  14.8555565   47.8543625   23.4665489
  14.0104837   47.3991089   23.0920334
  14.5110598   48.7975693   23.2036419
  15.7318411   47.3935738   25.8594627
  14.8858013   46.9088898   26.1176624
  15.4007978   47.6099396   24.9144287
  13.1849747   46.2065086   33.7561035
  12.3849268   46.7074318   33.4832344
  13.0217819   46.3397522   34.7740288
  12.8166142   46.5265427   36.2950020
  11.9618044   46.9813194   36.5833282
  12.5483913   45.6000519   36.5387764
  12.1694822   43.6934738   30.3029404
  11.3261414   43.2033806   30.0921917
  12.1271420   43.6755447   31.3020573
  12.5085325   43.6251259   32.9329910
  12.8442478   44.5698967   33.1481819
  13.4054451   43.1827927   33.2108498
  14.6857548   42.4961472   33.6612320
  14.9577351   41.5829201   33.3941422
  15.5118284   42.9744873   33.2627373
  14.4830914   42.4729805   36.3178558
  14.3968000   42.4323425   35.3032532
  13.7013063   43.1155167   36.4207382
  14.9591284   47.4011116   30.3989773
  14.1744642   46.9304390   29.9769592
  14.7303314   48.3511696   30.1287422
  15.5094662   47.3147469   32.9757996
  14.6465549   46.8050156   33.2259445
  15.3113375   47.3303490   31.9749012
  13.2772789   46.3662071   40.2401009
  12.5053930   47.0194511   40.1378860
  13.1565084   46.3951645   41.2960815
  12.7674656   46.5075264   42.9183464
  12.0201311   46.9668617   43.4003143
  12.6045008   45.5651817   43.2533722
  12.3059406   44.0330162   36.9991074
  11.4529343   43.5235519   36.8238983
  12.3636112   43.8539047   38.0092964
  12.4761610   43.8984566   39.7704391
  12.8046999   44.8444405   39.9812965
  13.3432808   43.4346275   40.0178299
  14.8422022   42.7062492   40.2814484
  15.1413584   41.7704659   40.0351601
  15.7432365   43.1587830   40.0495300
  14.4978065   42.5451469   42.8983345
  14.5082417   42.6914253   41.9265556
  13.7247858   43.0994606   43.1220551
  15.1002846   47.6375923   37.0131416
  14.1882362   47.1973381   36.7202110
  14.8379374   48.5288658   36.6744537
  15.5575933   47.7042084   39.7169685
  14.7435570   47.1350403   39.8507233
  15.3996239   47.7960091   38.6926651
  13.3878899   46.0169640   47.0876770
  12.5916414   46.6811981   46.9667320
  13.3838882   46.2122917   48.1046257
  13.2687092   46.1325455   49.7640839
  12.3494644   46.4738846   50.0700378
  13.1328192   45.1625519   49.9936829
  12.3096514   43.8999901   43.6301270
  11.5320330   43.3257446   43.4699554
  12.2351608   43.8638268   44.6645317
  12.6187706   43.6383591   46.3040848
  12.9250832   44.5564461   46.6448593
  13.5276937   43.2205582   46.4723625
  15.1026697   42.6118317   47.2343330
  15.3837652   41.6742287   46.9640350
  15.9253693   43.0426102   46.7729416
  14.6152544   42.1126442   49.8737411
  14.7271070   42.2139587   48.8570938
  13.8372812   42.7599792   49.9537468
  15.0922842   47.3457260   43.8390732
  14.2487202   46.9555511   43.4413719
  14.9014187   48.2829437   43.4331284
  15.5232363   47.6294594   46.3475838
  14.7990046   46.9134789   46.5989304
  15.3450565   47.5612068   45.3409615
  13.4515343   46.2095604   53.7661438
  12.5318041   46.6154938   53.5161514
  13.2849054   46.3630676   54.7659416
  13.1845198   46.1788788   56.5486412
  12.3240376   46.5341644   57.0055771
  12.8794870   45.2242203   56.6569748
  12.4547043   43.5777779   50.4105492
  11.7315702   42.8986931   50.2005463
  12.4511557   43.4622498   51.4047623
  12.8047314   43.6582870   53.0962753
  13.1998320   44.5537758   53.3011398
  13.6530886   43.1113129   53.3323517
  15.0032759   42.4073830   53.9772186
  15.2075672   41.4590874   53.7744102
  15.8687315   42.8225288   53.6726341
  14.7940969   42.2195625   56.6153755
  14.8324900   42.3823586   55.5967598
  13.9897757   42.7500610   56.7889671
  15.2627792   47.3948326   50.7401085
  14.4313602   46.9102936   50.4085350
  14.9318056   48.2919655   50.4509163
  15.6998701   47.4669991   53.4508514
  14.8110256   46.9608917   53.6235390
  15.5936165   47.3865013   52.4267426
  13.6372519   45.8565063   61.0453529
  12.8693180   46.4363022   60.6960220
  13.4534893   46.0488472   62.0043678
  13.1130753   46.1707535    2.3868201
  12.2357254   46.5993118    2.7543607
  12.8843460   45.2436447    2.6929078
  12.5385723   43.6685333   57.2600517
  11.7970781   42.9935112   57.0504189
  12.5508595   43.5851402   58.2400780
  12.9203157   43.4877892   60.0775986
  13.2903595   44.3466377   60.4244881
  13.7404594   42.9254265   60.3475037
  15.1882191   42.1384239   60.6361542
  15.4430342   41.2519569   60.3019905
  16.1016235   42.5778809   60.3756638
  14.7368717   42.3320084    2.0583453
  15.0256586   41.4204712    2.3045747
  14.8792515   42.2365303    1.0431100
  15.3969755   47.5008049   57.3802948
  14.5486317   47.0572319   57.0384254
  15.1153622   48.4266319   56.9892349
  15.7366896   47.2226906   60.0500793
  15.0069351   46.5613365   60.2625427
  15.5096865   47.3182259   59.0503349
  12.7388277   54.2276955    6.6608486
  12.0720596   54.7894058    6.1081014
  12.6445379   53.3896255    6.0502343
  12.4828339   53.8998566    9.3078461
  11.6503077   54.4668465    9.4470158
  12.5026731   54.0491829    8.2884789
  12.4056168   51.2740059    2.7682023
  11.7085285   50.6131096    2.4350073
  13.1760798   50.6267509    2.6820934
  12.5127850   51.9391556    5.3426442
  11.6763906   51.4337692    5.5626140
  12.5075750   51.7963791    4.3276629
  14.5854483   50.2657356    6.2459993
  13.8461437   50.8776512    5.9341407
  15.3438787   50.7917252    5.7537727
  14.8077116   50.0913200    8.9714241
  14.7076950   50.1470375    7.9940648
  13.9781971   50.5237274    9.2395573
  15.4065533   55.0436859    2.7809229
  15.1828432   55.1350441    3.7606206
  14.5722160   54.5505257    2.5331397
  15.0847416   55.2888031    5.5020638
  14.2492914   54.9795074    5.9042258
  15.0478163   56.2608376    5.8270435
  13.0860443   53.9598656   12.9971685
  12.3169651   54.5626297   12.6889143
  12.8292065   54.1100464   13.9905081
  12.6188326   54.2518768   15.5129032
  11.8584871   54.7152634   15.9505129
  12.4294214   53.3090553   15.7805557
  12.6020985   51.3659515    9.8397226
  12.5103302   52.3482704    9.6800861
  12.5681686   51.3776131   10.8584166
  12.6950483   51.4115372   12.5395603
  12.8105383   52.3771515   12.8197975
  13.6019344   51.0595703   12.8343315
  14.9839211   50.4910240   13.4063482
  15.1463623   49.5663414   13.0199928
  15.8855486   50.8540459   13.0696764
  14.4737425   50.1355400   15.9263201
  14.5996418   50.3404655   14.9469929
  13.7232847   50.7446632   16.0975952
  14.8842287   54.9629250    9.9269371
  14.0014286   54.5706749    9.5917139
  14.7792902   55.8467751    9.4822931
  15.3847771   55.2658043   12.4513197
  14.5654860   54.7415504   12.7481794
  15.1741133   55.0996284   11.4299603
  13.1992836   54.0526047   19.7788181
  12.2431889   54.4069519   19.5624638
  13.0277262   54.1829300   20.7848625
  12.6118488   54.1342697   22.3329296
  11.7954931   54.5544930   22.7218571
  12.3960505   53.1989365   22.7406445
  12.3189468   51.7600441   16.4355049
  11.5717058   51.0805855   16.3568802
  12.3813248   51.6661987   17.4450016
  12.5805998   51.4537964   19.0344582
  12.7851515   52.3731918   19.3664093
  13.3668261   51.0014420   19.4915447
  14.6546469   50.1951790   20.2000656
  14.9216185   49.2904549   19.8981705
  15.4435072   50.6638412   19.7462673
  14.2132797   50.3733063   22.7958241
  14.2184162   50.4501114   21.7952290
  13.3849926   50.9339104   22.9529800
  14.8926935   55.1895294   16.5586281
  14.0555077   54.7829132   16.1700420
  14.6590109   56.1477127   16.2543983
  15.3216715   55.4372940   19.1592941
  14.6183739   54.7498283   19.3783493
  15.2008724   55.4246407   18.1783333
  13.2030363   53.6868706   26.6273518
  12.5402813   54.4488068   26.4832020
  13.1284323   53.6788216   27.6103878
  12.8268471   53.9311752   29.2075882
  11.9465141   54.2519646   29.5962772
  12.7077894   52.9575348   29.4802704
  12.0999527   51.7928352   23.3977718
  11.2786379   51.1849709   23.3736191
  12.3675365   51.5297241   24.3497334
  12.7118597   51.2626266   25.9147987
  13.0889072   52.1822929   26.1725082
  13.4980564   50.7318001   26.2975826
  14.8937407   49.9796600   26.6400166
  15.1547022   49.0502853   26.4142170
  15.7105389   50.4676781   26.3747501
  14.5400438   49.8067055   29.3726463
  14.5188541   49.7623863   28.3672466
  13.8346891   50.4755821   29.5046101
  14.8354893   55.1389122   23.4071293
  14.0517206   54.7481079   22.9545612
  14.7692614   56.0833855   22.9831581
  15.4145718   55.1382484   25.9315643
  14.6113195   54.5547066   26.1528225
  15.2639303   55.1505852   24.9426460
  12.9401503   54.0081024   33.3069878
  12.1119070   54.5739937   33.2299805
  13.0214338   54.1338348   34.3238754
  12.9424610   54.2430458   35.8908882
  12.0279713   54.6564217   36.1524467
  12.6547766   53.3232918   36.3017349
  12.4333258   51.4637451   29.8511295
  11.6333418   50.8508987   29.7324562
  12.3739100   51.4258194   30.8527718
  12.4399672   51.3847351   32.6233749
  12.6786919   52.3366776   32.9027138
  13.3341503   50.9852753   32.9526634
  14.6793108   50.1066170   33.2904587
  15.0095472   49.1726570   33.1422005
  15.5905714   50.5371590   33.1189423
  14.5911932   50.1131935   36.1144638
  14.5147591   50.1804276   35.0933723
  13.8088112   50.7663078   36.2639389
  14.9262609   55.2717323   30.2701626
  14.1032391   54.9080696   29.7849541
  14.8011303   56.2256279   29.9044380
  15.2044954   55.4082832   32.8320084
  14.3103943   54.8965530   32.9984589
  15.1462107   55.3408279   31.8233681
  13.3393536   53.9043350   40.0764427
  12.4670343   54.2466469   39.7513962
  13.1625576   53.9866295   41.0493202
  12.7430897   54.0964203   42.7304420
  11.9773178   54.5553780   43.2021637
  12.5971079   53.2138367   43.1738586
  12.4630632   51.7497597   36.8411903
  11.6272564   51.1657715   36.6607018
  12.6081839   51.4738045   37.8181953
  12.9105597   51.2512474   39.3779221
  13.2295828   52.2146263   39.5116196
  13.6833858   50.8761749   39.8762589
  15.0118036   50.1441994   40.5900650
  15.2144470   49.2194977   40.2342758
  15.8633595   50.5775032   40.1813507
  14.4317598   49.9192505   43.1756897
  14.5514755   50.0760994   42.1653290
  13.5852070   50.4411278   43.2531128
  15.2743196   55.2550583   36.9371643
  14.3231173   55.0915680   36.5484962
  15.2212343   56.2678299   36.7317696
  15.5814371   55.1105423   39.5446854
  14.7162676   54.6518745   39.7864723
  15.3209677   55.1191444   38.5442696
  13.5840588   53.9508858   47.0233498
  12.6483898   54.3751335   46.8328857
  13.4772511   54.0486946   48.0145264
  13.1062593   54.1062012   49.7204742
  12.1607895   54.4072647   49.9730339
  12.8621769   53.1204147   49.9177132
  12.4645176   51.6282196   43.8302994
  11.6344519   51.0576782   43.6292381
  12.4846907   51.4703751   44.7991829
  12.8259649   51.4776154   46.5509300
  13.1357450   52.4151115   46.7098312
  13.6462469   51.0100327   46.8824806
  14.9714327   50.0604553   47.4680443
  15.2418060   49.1688614   47.1231346
  15.7833223   50.5493050   47.1199913
  14.7112904   50.0073357   50.0627556
  14.8319464   50.1167526   49.0193520
  13.8614092   50.5474625   50.0947723
  15.1278086   55.2453613   43.5122643
  14.2249851   54.9468994   43.1691856
  15.0165567   56.2164917   43.1851387
  15.5897808   55.4457626   46.1359100
  14.8455439   54.7915001   46.4352722
  15.4160852   55.3692627   45.1518974
  13.2122049   53.5918198   53.6598969
  12.4740362   54.2542572   53.5039177
  13.1692762   53.6675529   54.6456757
  13.0405540   53.9345779   56.3105354
  12.2236624   54.3329506   56.6940346
  12.7755203   52.9820366   56.4712181
  12.5839615   51.5603600   50.3056068
  11.8525143   50.8338280   50.1613731
  12.6248941   51.3664932   51.2996483
  13.0050001   51.0411835   52.8841362
  13.1489172   51.9853554   53.2339745
  13.8464251   50.6725197   53.3587074
  15.1948624   50.0683937   54.0078239
  15.4780321   49.1170654   53.7750282
  16.0546551   50.4958076   53.6798820
  14.6787920   49.8742256   56.6869888
  14.7387133   50.0190201   55.7251701
  13.8669567   50.4655151   56.8334579
  15.2946291   55.0078545   50.8250008
  14.4041214   54.7634392   50.2954636
  15.2674475   55.9679832   50.4584389
  15.5781250   54.9550972   53.3736992
  14.6862135   54.4787102   53.4932671
  15.4844360   54.9434433   52.3269501
  13.4232035   53.4364014   60.4783020
  12.7184048   54.0802841   60.1924515
  14.1983719   54.0686188   60.3103027
  13.1557751   53.7286148    1.9866711
  12.8400259   52.8287659    2.2638574
  13.2446699   53.5024147    1.0234776
  12.4543161   51.4793434   57.0831833
  11.7046289   50.8532143   56.8884621
  12.5035715   51.3898430   58.0604210
  12.7561178   51.0359650   59.7324066
  12.9861565   51.9863129   59.9908028
  13.6137009   50.6221809   60.0847206
  14.8529224   49.6557808   60.8584137
  15.2238693   48.7190475   60.5361252
  15.6651182   50.1471596   60.4982452
  14.5616493   49.8180122    2.2566705
  14.9435625   48.8731003    2.3800774
  14.4994974   49.7323265    1.2243533
  15.2935085   55.0885849   57.2968369
  14.4243965   54.7461891   56.8700104
  15.1753435   56.0745430   57.0089417
  15.4699888   55.0887032   59.9973793
  15.5203104   55.0171127   58.9846039
  16.3456421   54.5558281   60.1453590
  13.3983936   61.8074150    6.6283479
  12.4047747   61.9822578    6.3577404
  13.3673553   60.8843040    6.1397142
  13.1244726    0.9980897    9.2588787
  13.2492313    0.8113728    8.2416935
  14.1287584    1.1973567    9.3721905
  13.1967478   58.9914932    3.0457199
  12.4554138   58.5077972    2.5931127
  13.9544859   58.4008636    2.7264225
  13.1296301   59.4848137    5.5726357
  12.2951851   59.0129280    5.8422198
  13.0368481   59.2830620    4.5721903
  15.1861267   57.8018265    6.2704711
  14.6774035   58.6355019    5.9896302
  16.0998764   58.1888390    5.8920040
  14.6623278   57.5991135    8.8148403
  14.6133137   57.6797028    7.8066292
  13.9846773   58.3406410    8.9862633
  15.8759003    1.5440254    2.8398540
  15.6953001    1.6726424    3.8076937
  14.9795427    1.0643040    2.6161962
  15.4368153    1.8319075    5.4705596
  14.7069502    1.2960588    6.0055995
  16.1973076    1.3462389    5.9117489
  13.6698046   61.6106796   13.1066628
  12.7869272   61.9688835   12.7646837
  13.5125618   60.6658020   12.6505928
  13.5620861    0.2680629   15.7898722
  12.7634153    0.9057241   15.8530588
  13.5455761    0.3366473   14.7188787
  12.9261551   59.5303726    9.6324062
  12.9408283   60.5550804    9.5972910
  12.8777771   59.4535828   10.6216717
  12.8689327   59.2301712   12.2293444
  12.2105608   58.6543961   12.7118120
  13.6810675   58.6327858   12.5338945
  14.9885912   57.8056335   13.1769838
  15.1901054   56.8421631   12.8204384
  15.8682919   58.1533623   12.8100357
  14.5289030   57.7572556   15.7870245
  14.7173033   57.8466873   14.8084536
  15.2773790   58.3997498   16.0631485
  15.6216154    1.5366851    9.7864733
  15.8210154    2.4704309    9.4873390
  15.6100368    1.7441937   10.7524652
  15.5978127    2.0407848   12.3698988
  14.8937187    1.3827899   12.7396364
  16.3957405    1.3939677   12.5935211
  13.5891562   61.7307281   20.0265331
  12.7663250   62.0712204   19.4895573
  13.4347544   60.7973175   19.7823906
  13.3154831    0.6451453   22.7255802
  13.4920282    0.5756562   21.7178230
  14.1759701    1.1390266   22.9192028
  12.3889389   59.2157822   16.5899010
  12.8469734   60.0821915   16.2668037
  13.2021503   58.6468163   16.3030281
  12.9738779   59.1839409   19.1713619
  12.1296034   58.8074188   19.5620022
  12.6734676   59.1305656   18.2000751
  15.3042498   58.1642952   19.8484497
  15.1514091   57.2495766   19.4957123
  14.4064865   58.5534706   19.5806313
  14.7961187   57.6336441   22.4798756
  14.8276520   57.8336601   21.5254135
  14.0114746   58.2273140   22.7206478
  15.6295786    1.9047428   16.5340176
  14.8375387    1.2907668   16.3712769
  15.5567398    1.8897824   17.5610027
  15.5341692    2.0399208   19.1794147
  14.8705215    1.3978199   19.5637417
  16.3525372    1.4821715   19.4676704
  13.4228821   61.8524323   26.7295799
  12.5522194   62.1847496   26.3792076
  13.2597933   60.9008484   26.3427410
  13.6525173    0.4741324   29.3965721
  12.7785444    0.9964142   29.5020866
  13.6251669    0.5661201   28.3761997
  12.8305321   59.3558846   23.2474041
  13.0162029   60.3518600   23.0225029
  13.0574951   59.4804115   24.2326851
  13.1942291   59.4145470   25.9211769
  12.3702631   58.8719101   26.2669601
  13.8295832   58.6499672   26.1610470
  15.2406225   57.6782036   26.8751392
  15.3287468   56.7201881   26.5578804
  16.1275444   57.9921379   26.4983807
  14.7066593   57.7947464   29.4528160
  14.8809719   57.7478409   28.4253941
  15.5729914   58.3419151   29.6004314
  15.7283916    1.7720711   23.3053761
  15.7471962    2.7965307   23.1487179
  15.7788334    1.8627189   24.3091354
  15.7905817    1.8434254   26.0987911
  14.9500389    1.3895801   26.3931370
  16.4038982    1.0374601   26.2713070
  13.7899714   61.7209816   33.3896484
  12.9591656   62.0672646   32.8827438
  13.6310635   60.7656860   33.1592484
  13.1739998    0.6784061   36.1558075
  13.2883024    0.5888597   35.1580696
  14.1436749    0.9417245   36.3210297
  12.6571941   59.3166008   30.1382179
  12.9785690   60.2307625   29.7669640
  13.5216198   58.8258476   29.9092560
  13.1593237   59.2140884   32.7585754
  12.2501135   58.8528709   33.0530319
  12.8721390   59.2144279   31.7679691
  15.4063702   57.9862213   33.2862091
  15.3835993   57.0396156   32.9438667
  14.5044622   58.2670326   32.9511986
  15.3007164   57.8805428   35.9836273
  15.2022610   57.9077606   34.9786415
  14.4372969   58.3908157   36.1390228
  15.7940054    1.9778008   30.0254135
  14.9975157    1.3494699   29.8659744
  15.7307711    2.0011990   31.0207577
  15.7599010    2.0523605   32.7751884
  15.0406904    1.4142873   33.1477470
  16.5300179    1.4184760   33.0793114
  13.7215090   61.6537437   40.2077637
  12.8935394   62.1287384   39.8368950
  13.4215469   60.7557602   39.7858467
  13.7156134    0.5817788   42.8800621
  12.8758030    1.0889606   42.8739090
  13.7561045    0.5159847   41.8509026
  13.1303558   59.2983246   36.6689644
  13.1303291   60.3059158   36.5233345
  13.1482792   59.3952026   37.6773109
  13.0664186   59.2765236   39.3096809
  12.2912474   58.7737617   39.6921158
  13.7916107   58.5784912   39.5726013
  15.1384611   57.7409668   40.1225281
  15.4443455   56.8011322   39.9139938
  16.0517387   58.1791039   39.9290771
  14.8221045   57.8256989   42.7974663
  14.9814777   57.7930336   41.7978897
  15.6926003   58.3772736   43.0060463
  15.6270952    1.5276580   36.6572342
  15.6345472    2.5316720   36.4517479
  15.7062168    1.6688339   37.6483803
  15.7919817    1.7690172   39.2648468
  15.0658121    1.2614170   39.7790375
  16.5275955    1.1548485   39.6392288
  13.7002859   61.4961052   47.0591125
  12.8934727   61.7556725   46.5309296
  13.5505304   60.4882278   46.8470840
  13.3955164    0.4633329   49.6900826
  13.5193186    0.3325168   48.6856003
  14.3569660    0.8389150   49.7999802
  12.7457714   59.2349358   43.7114563
  13.0803270   60.0846100   43.3827591
  13.4657125   58.6505051   43.3010750
  13.1861858   58.9832077   46.3124466
  12.3900757   58.4200745   46.6137733
  12.9043779   59.1095276   45.3657303
  15.4784174   58.0599213   47.1652031
  15.4814281   57.1780815   46.6868973
  14.5875244   58.3717041   46.7989960
  15.1974106   57.4340668   49.8226471
  15.3043594   57.7187157   48.8542709
  14.3265467   57.9647369   49.9904213
  16.0582523    1.7331018   43.7042847
  15.1619005    1.3054235   43.4365768
  15.8147278    1.8529768   44.6621361
  15.5740614    2.0675192   46.2935677
  14.8288822    1.4533759   46.6224709
  16.3423920    1.5500737   46.7449532
  13.5441761   61.7019272   53.8819771
  12.6589708   62.1012764   53.6171494
  13.3698177   60.7700005   53.5077896
  13.4510202    0.3959144   56.6088943
  12.6677151    0.9588196   56.8322563
  13.4080982    0.4575054   55.5806122
  13.0780039   59.0529251   50.3987465
  13.0757732   59.9838181   50.1335716
  13.0877714   59.2094040   51.4068260
  13.0727568   59.1352539   53.0638390
  12.2761612   58.7141457   53.4776917
  13.7807465   58.4609299   53.4226837
  15.0952826   57.5658340   53.9480171
  15.3342428   56.5993462   53.7890434
  16.0489864   57.9557037   53.8053093
  14.8783875   57.6714630   56.5935402
  14.9207468   57.7298164   55.5839119
  15.7587919   58.1783714   56.7223129
  15.7840147    1.4746649   50.4667854
  15.9195480    2.4819827   50.3287086
  15.7048092    1.6062816   51.4853134
  15.7550077    1.8006965   53.1457176
  14.8689003    1.3891729   53.4235153
  16.3462009    1.0595599   53.5441933
  13.2642450    0.3715516   60.6863899
  13.4750519    0.3906725   61.6772537
  14.0497417    0.8617513   60.3423347
  13.5008020   61.4214706    2.2565691
  12.6215219   61.7615700    2.6372924
  13.3687315   60.4646835    2.6632617
  12.8466196   59.1504707   57.4436646
  13.2357130   60.0369682   57.1205025
  13.6597824   58.6356125   57.1730423
  12.8047276   58.9826279   60.1368675
  13.0144138   59.9374084   60.3564034
  12.7200851   59.1601486   59.1223602
  15.3762169   57.6203575   60.7459068
  15.2603388   56.6404419   60.3511581
  14.4564552   57.9214859   60.4831619
  15.4759922   57.6666641    2.2146010
  15.5546350   56.6639938    2.4119048
  15.4972610   57.5594940    1.2170684
  15.8147688    1.4240916   57.2466698
  14.9055414    0.9408390   57.0713806
  15.6809902    1.4460855   58.2650108
  15.4333172    1.8892632   59.8773079
  15.6095524    2.8334594   60.0042801
  16.3147011    1.4949908   60.0807533
  17.6669121    8.3266468    6.2577300
  16.8708038    8.9458275    6.1900086
  17.6178665    8.2357483    7.2937613
  17.7227230    8.1908226    8.8140106
  16.9929676    8.5660534    9.3603773
  17.7308121    7.2403460    9.1833925
  18.0004120    5.7064352    2.5524898
  17.2603912    5.0467277    2.4419148
  18.0100784    5.7047858    3.5564442
  17.6243668    5.7273679    5.2775674
  16.7819767    5.3661370    5.7195745
  17.6246986    6.6342406    5.7624817
  19.7900620    4.4826698    5.8520069
  18.8889046    4.8413100    5.6063981
  19.6905079    4.5443163    6.8642836
  19.8392544    4.4568887    8.4912472
  18.9999752    4.8832836    8.9818726
  19.7489223    3.6059020    9.0026703
  20.1202221    9.7480078    2.6478806
  19.9856815    9.7680655    3.6497586
  19.3478966    9.1015387    2.4537077
  19.6881657    9.7451200    5.2264638
  18.8306084    9.3443279    5.5654607
  19.4949627   10.6635952    5.6915174
  17.7302723    8.3383427   13.1444063
  16.8623981    8.7771769   13.0621052
  17.7894230    8.3407383   14.1584625
  17.5779724    8.4143848   15.8155231
  16.7577362    8.8173609   16.2372017
  17.5004387    7.4874625   16.1994095
  17.9255695    5.6598015    9.8162355
  17.0945835    5.0755839    9.6745090
  17.9154778    5.6225600   10.8276138
  18.0792828    5.7260923   12.4707470
  17.3353043    5.3988323   13.0450306
  17.9997559    6.7099204   12.7157860
  20.1323509    4.3045821   13.3054667
  19.3035069    4.8355198   13.0246353
  19.9241714    4.3101501   14.3178234
  19.6466732    4.3858409   15.8556938
  18.9284878    5.0329394   16.1618843
  20.4264927    4.8796930   16.2646866
  19.9999981    9.3961039    9.7713194
  19.1822796    9.0300608    9.3076973
  19.8024349   10.3773289    9.5285254
  19.8331184    9.7851419   12.4648829
  19.0024796    9.2016935   12.6394863
  19.9126759    9.5355825   11.4620066
  17.4582958    8.0650043   19.8845234
  16.8014011    8.8034191   19.7285709
  17.5661774    8.2432909   20.8850517
  17.8977509    8.4891796   22.5535488
  17.1365585    8.8633442   23.1222610
  17.7451153    7.5107770   22.8868771
  17.5526619    5.8654580   16.7207508
  16.7106724    5.3197675   16.5332890
  17.4730873    5.7292018   17.7312107
  17.5247574    5.5011401   19.3325577
  16.6996670    5.2599320   19.8950100
  17.4309406    6.4939518   19.5684528
  19.8006821    4.1602182   19.9756584
  19.0258675    4.7372923   19.7347126
  19.6838207    4.2828689   20.9815598
  19.7607536    4.7703209   22.5480175
  18.8933792    5.1971645   22.9315662
  19.5303059    3.8271160   22.8204632
  19.7959538    9.5738411   16.6690254
  18.9970856    9.1668015   16.1678047
  19.5700970   10.5259581   16.5024395
  19.7959194    9.3085175   19.3230743
  18.9418240    8.7626848   19.4988232
  19.6694126    9.3131227   18.3277798
  18.0945053    8.0970955   26.8811779
  17.2453785    8.6655836   26.6406841
  18.0422077    8.3739653   27.8723412
  17.8583832    8.7121315   29.5153217
  17.0174713    9.2024708   29.8806477
  17.7217197    7.8476758   30.0182934
  17.5349369    6.0590591   23.4219151
  16.8518887    5.2571077   23.3400898
  17.7307129    5.8401127   24.3973675
  18.0389233    5.6333032   26.0067501
  17.2715492    5.2749434   26.5238743
  18.0398178    6.5894413   26.3508511
  20.0353756    3.9972186   26.7150841
  19.3756084    4.6552124   26.3149128
  19.9061317    4.3463573   27.6763897
  19.8764477    4.5599113   29.4238701
  19.2504807    5.2807722   29.6670074
  20.7479801    4.9177957   29.7945786
  20.1294022    9.6338081   23.4575863
  19.3432560    9.1793690   22.9990540
  19.9020386   10.5539169   23.1391640
  20.4014511    9.2744045   26.0506363
  19.5651684    8.7146778   26.1017075
  20.3625870    9.3693943   25.0186577
  18.0213604    8.3223896   33.5312500
  17.1247673    8.8542080   33.4874458
  17.9449177    8.2941875   34.5664215
  17.6000957    8.3206024   36.1255989
  16.8563175    8.7127132   36.6822205
  17.5233421    7.3945656   36.4650536
  17.9237900    6.2198243   30.4059849
  17.0930138    5.7202287   30.2149868
  17.9812870    5.9641466   31.3659725
  18.0998554    5.7258306   33.0505981
  17.1559849    5.5410390   33.3303032
  18.0936146    6.7329321   33.1501656
  20.0886116    3.9795094   33.4515533
  19.2741699    4.6073651   33.2640533
  20.0837727    4.2672276   34.4394188
  19.8310890    4.7901201   35.9711075
  19.0003967    5.3035259   36.3507690
  19.6445065    3.9335711   36.4719353
  20.2564240    9.5492382   30.2357960
  19.3634033    9.2264652   29.8467655
  20.0026741   10.5189257   30.0348110
  20.2684631    9.6452532   32.9231987
  19.4643860    9.0256243   33.0661736
  20.3313179    9.5693855   31.9322128
  17.9183102    7.9771934   40.5682869
  17.0864582    8.5870399   40.4777641
  17.8704262    7.9929638   41.5932312
  17.7115803    8.3111973   43.1897125
  16.9497089    8.7413063   43.6564865
  17.5849247    7.3666568   43.5918694
  17.5589924    5.6445990   37.0562859
  16.7559319    5.0494823   36.8836975
  17.7156162    5.4349332   38.0221901
  18.1720448    5.3920116   39.6790619
  17.3988590    5.0301094   40.2022285
  18.0987129    6.3573079   39.9982185
  20.2204552    3.9104376   40.2230072
  19.3884621    4.4589114   40.0290794
  20.1670227    3.9996986   41.2406616
  19.9861431    4.3255281   42.8721390
  19.3466110    5.0022607   43.2882309
  20.8115711    4.6860075   43.3456078
  19.9714260    9.3316860   36.9456482
  19.1236439    9.0220022   36.5605278
  19.7473316   10.3247890   36.8619232
  20.1574650    9.1633244   39.7201538
  19.3295002    8.6399117   39.9222717
  20.0952454    9.0732737   38.7043533
  17.8899860    8.1387119   47.2585754
  17.0408821    8.7153997   47.1546021
  17.8071785    8.0988998   48.2712326
  17.6638031    8.3286190   49.8666992
  16.9124622    8.5646973   50.4799728
  17.6585064    7.3303103   50.0830917
  17.8690186    5.7421975   43.9693222
  16.9539299    5.3301244   43.7557411
  17.7817974    5.5652242   44.9729424
  17.8168697    5.5269880   46.6400337
  16.9170780    5.2543750   47.0295181
  17.7848511    6.4841838   46.9269753
  20.0866280    4.1539135   47.1369781
  19.3137341    4.7468319   46.9253426
  20.0282478    4.2197723   48.1473045
  20.0687637    4.5032768   49.7540779
  19.2289124    4.9250097   50.0514107
  19.8919811    3.5604444   50.1202316
  20.1160793    9.2681341   43.6746368
  19.2865181    8.9034586   43.2067490
  19.8250713   10.2296028   43.6476479
  20.1123791    9.5231113   46.5146561
  19.2511387    9.0379725   46.7282791
  20.1024456    9.3877726   45.5276871
  18.2066669    8.2937632   53.8321152
  17.2791214    8.6837482   53.6855698
  18.0684032    8.2155466   54.8629532
  17.7641010    8.0580454   56.3803673
  17.0451851    8.4891119   56.9470100
  17.6505566    7.1388021   56.8016205
  17.7629299    5.6942282   50.5109138
  16.9442253    5.0264792   50.3695374
  17.7551098    5.4473491   51.5024681
  18.0269928    5.6660137   53.1823006
  17.2214813    5.4208245   53.7439995
  18.0845299    6.6287975   53.4192505
  19.9703369    3.9089997   53.5122032
  19.0922470    4.4404526   53.3506393
  20.0931473    4.2421765   54.4571114
  20.2122936    4.4844265   56.1482048
  19.4871349    5.0702047   56.4495850
  20.9146271    4.8253326   56.8148117
  20.0236721    9.4925671   50.3904610
  19.1327629    9.1327524   50.0865250
  19.8498230   10.4498472   50.2033730
  20.4069290    9.5396528   53.0205231
  19.5667553    9.0425701   53.2356262
  20.3199234    9.4422112   52.0159912
  18.1157799    7.9689260   60.7150764
  17.2841892    8.6131954   60.4706497
  18.0561275    8.2344885   61.6908188
  17.8853188    8.2941866    2.1327095
  17.9266720    7.3199840    2.4824362
  16.9754658    8.4873886    2.5728185
  17.8532982    5.4890637   57.2339172
  17.0004883    4.9785662   57.2322235
  18.0905685    5.3471942   58.2095184
  18.2455597    5.4358010   59.7655106
  17.3585606    5.1605067   60.1845055
  18.2163525    6.3909039   60.1633949
  20.3441830    4.2284050   60.6884804
  19.5037212    4.6230049   60.2559700
  20.3549881    3.3964820   60.0908623
  20.3097477    4.3758516    1.9737327
  19.4937534    4.9559789    1.9640832
  20.4113655    4.3481951    0.9390091
  20.1203175    9.2937832   57.2235489
  19.3602791    8.9023428   56.7091522
  19.9073887   10.2700357   57.0031357
  20.4925728    9.2712593   59.9216347
  19.7031250    8.6666918   60.0859489
  20.3909149    9.1809654   58.8882828
  17.4717617   15.9773979    7.0346355
  16.7351665   16.4543076    6.5132284
  17.3491955   15.0883675    6.5049496
  17.4664536   15.6986380    9.7248697
  16.7033005   16.3201218    9.8293848
  17.5687904   15.8628597    8.7236605
  16.8844070   13.3883629    2.9850910
  16.2752438   12.6268482    2.8108592
  17.7531586   12.8940325    2.7367570
  17.1052933   13.7505980    5.6296272
  16.2251968   13.3185329    5.8917537
  16.9539337   13.6901083    4.6502466
  19.3141670   12.2048578    6.4035401
  18.5932941   12.8271904    6.1280727
  20.1126823   12.7448187    6.1094785
  19.5160522   11.8460436    8.9748592
  19.3161354   11.9593678    7.9800344
  18.7540607   12.4393282    9.2746887
  19.6143169   16.8142300    3.7097840
  18.8940048   16.4018803    3.1785238
  19.5188961   17.7769890    3.2996910
  19.7690983   17.4053478    6.3530631
  19.0180740   16.7954807    6.6538386
  19.7266026   17.1385384    5.3889871
  17.6027412   15.9887571   13.5732460
  16.8288555   16.6015034   13.2812214
  17.4014015   15.8752708   14.4972620
  17.3032913   15.9361401   16.2599068
  16.3833847   16.2952995   16.5647812
  17.0727730   14.9790468   16.5329418
  17.2878208   13.1038609   10.0139523
  17.2694206   14.1214666    9.9569063
  17.1747532   13.1029472   11.0330276
  17.1140881   13.2387533   12.7249594
  17.3489876   14.1849937   12.8616238
  18.0203476   12.8299456   13.0547953
  19.5499039   12.2809429   13.5859261
  19.7522621   11.3214655   13.2654371
  20.4333839   12.6585455   13.3015108
  19.0659981   12.1252680   16.2334290
  19.0702267   12.3386106   15.2596111
  18.2093601   12.5876179   16.4885674
  19.9346237   16.6962204   10.3666773
  19.0172195   16.3424873   10.2985296
  19.9370060   16.8621693   11.3831320
  19.8209591   17.2328434   12.9386663
  18.9808903   16.8436146   13.3013811
  19.6831799   18.1572037   13.2885303
  17.6522732   15.5679169   19.9700470
  16.8574963   16.1608334   19.7926731
  17.5499153   15.6668196   20.9940262
  17.2460823   15.7599592   22.5889664
  16.4401340   16.2605114   22.9801426
  17.0116425   14.8512821   22.9978638
  16.7874184   13.4022102   16.8327217
  16.0061245   12.8274460   16.5240688
  16.7137928   13.1537762   17.8128738
  16.9230270   13.0784006   19.4016418
  17.2724991   14.0469408   19.6446381
  17.6726131   12.5777979   19.7716007
  19.1227589   11.8014498   20.2006149
  19.5392685   10.9218645   19.8554630
  19.8962650   12.3543844   19.9465694
  19.4027081   12.1958599   22.8046246
  19.0928268   11.9732800   21.8504047
  18.5267010   12.5922318   23.0914040
  19.6638069   16.8867855   16.9957371
  18.7317219   16.5706043   16.6648178
  19.4678440   17.8885803   16.8165836
  19.7982941   17.0738201   19.5873871
  19.0363331   16.4413929   19.7741241
  19.7875252   16.9629612   18.5805111
  18.1110344   15.6148357   27.1248875
  17.2203598   16.0823250   26.8922215
  18.0057755   15.7568188   28.0984783
  17.7054577   16.0078068   29.6958961
  16.9243717   16.4369888   30.1357193
  17.5555992   15.0784817   30.0620918
  16.9903679   13.2307129   23.4353142
  16.1807957   12.6253195   23.3591919
  17.0152950   13.2307329   24.4444084
  17.4328651   13.2150354   26.0676689
  17.7342987   14.1011353   26.4666805
  18.2142448   12.6772909   26.4396191
  19.5721817   11.8609562   27.0598755
  19.9468231   10.9952002   26.6641140
  20.3792992   12.4238167   26.8387642
  19.3880768   12.0397587   29.8267384
  19.2651405   12.0710344   28.8419342
  18.5539169   12.5895081   30.0775299
  19.4701061   16.8887253   23.7212658
  18.7416000   16.3577442   23.2505817
  19.0891266   17.7813168   23.3715763
  19.9015789   17.4386234   26.3126717
  19.2362595   16.7782269   26.6256008
  19.7919178   17.2110748   25.3291836
  17.8461151   15.6823664   33.9809380
  17.0872536   16.3417816   33.8290443
  17.7970581   15.7843876   35.0286865
  17.6066189   15.5745487   36.6388550
  16.7772884   16.0319691   36.8984184
  17.4068966   14.6429415   36.9725418
  17.2972164   13.5885134   30.6607990
  16.4504070   13.0976973   30.3267365
  17.1894627   13.3162813   31.6353111
  17.2102242   13.1723690   33.2935715
  17.4629974   14.1338148   33.5291443
  18.0393982   12.7529211   33.6313629
  19.4967842   11.9627209   34.0728073
  19.6913643   11.1852150   33.4958992
  20.2574043   12.5680466   33.7760620
  19.3655205   11.9324331   36.7148781
  19.3208942   11.9932117   35.7086182
  18.4340076   12.3532534   36.8341064
  19.7932777   17.2810841   30.6594410
  18.9766178   16.8358765   30.1993027
  19.5586834   18.2146225   30.3630161
  20.0497684   17.0626068   33.3271255
  19.2605324   16.4979267   33.5157890
  19.9606209   17.0305004   32.3086967
  17.9094963   15.5910769   40.6800003
  17.1264553   16.1615791   40.3697395
  17.7753811   15.8309002   41.6539230
  17.6226673   15.8551941   43.2356987
  16.7336903   16.1990280   43.5811424
  17.4046249   14.8691807   43.4816322
  17.0338573   13.0650883   37.3931808
  16.2089138   12.4931345   37.1941757
  16.9487438   13.0276451   38.3691101
  17.2032032   13.0658379   40.0927467
  17.5222435   13.9989958   40.3049812
  18.0540428   12.6089039   40.4093628
  19.4053440   11.5930309   40.7962685
  19.7452831   10.6725826   40.5320663
  20.2136154   12.0856056   40.4586983
  19.2998676   11.7983198   43.4771996
  19.1945286   11.8163872   42.4562645
  18.4717655   12.3664474   43.6395187
  19.6303139   17.0513477   37.5829849
  18.8576622   16.5646515   37.2229843
  19.4756012   17.9324360   37.1267471
  20.3037624   16.7442722   40.0753288
  19.4215469   16.2945919   40.3179054
  20.0539570   16.8914261   39.0820885
  17.8803864   15.6810064   47.2529945
  17.0987644   16.2819748   47.1021805
  17.8437195   15.7337008   48.2776299
  17.5768490   15.7208118   49.9435806
  16.7681408   16.1834774   50.3229256
  17.2398357   14.7556534   50.1453857
  17.2053528   13.3420439   43.9922752
  16.2687340   12.9278698   43.9162865
  17.1874638   13.2067509   45.0544243
  17.0969105   13.0954847   46.6339264
  17.3401737   14.0431089   46.9804497
  18.0332394   12.7119169   46.8722229
  19.5277519   12.1427126   47.3152885
  19.9080067   11.3100262   46.9058342
  20.3756523   12.6787500   47.1812706
  19.2621784   12.0648327   50.0736809
  19.0648193   12.2230167   49.0653725
  18.4152946   12.4790525   50.4256783
  19.8325615   16.9846668   44.2170219
  18.9424000   16.6571903   43.8962059
  19.6823063   17.9432583   43.9420700
  20.0699253   17.1869869   46.8957367
  19.3065548   16.5172558   47.0142975
  20.1067333   17.0427628   45.8957748
  17.9046650   15.6430387   54.0833740
  17.0335140   16.1375465   53.9548492
  17.8898811   15.7531185   55.0818367
  17.7373810   15.7175446   56.7944870
  16.8402081   16.0743141   57.1464958
  17.6221485   14.7702408   57.0988884
  17.0582123   13.3152981   50.8291206
  16.2189903   12.7340708   50.7670975
  17.1302204   13.2439079   51.8586235
  17.2742443   12.9505901   53.4039993
  17.6431007   13.8204346   53.7617416
  18.1280689   12.4216776   53.6218987
  19.5690746   11.8431349   54.0514374
  19.9635849   10.9505148   53.7507744
  20.4273396   12.3538237   53.8215485
  19.4687805   11.9182911   56.7533302
  19.3529453   12.0417728   55.7605019
  18.5445099   12.2904177   56.9777336
  19.7935562   16.9429512   50.9878235
  18.9410286   16.5536461   50.5763893
  19.5339298   17.9008293   50.7435684
  20.1873131   17.1371574   53.5730324
  19.3842449   16.5381622   53.8042984
  20.1326885   16.9742298   52.5641823
  18.1831551   15.5478086   60.8762817
  17.3401451   16.1241379   60.7314606
  18.0799828   15.5714264   61.8962097
  17.7543449   15.7851105    2.2430997
  16.8839493   16.3234558    2.5308335
  17.3377914   14.9085169    2.5956171
  17.2114162   13.1967239   57.4639664
  16.3646278   12.6531706   57.3446960
  17.3067570   13.1205101   58.4601021
  17.5619736   13.1685743   60.1495132
  17.8226643   14.0708714   60.5013962
  18.4449425   12.7037554   60.4345016
  19.8677197   11.8545971   60.7804146
  20.1740589   10.9579554   60.5074692
  20.6757336   12.3920832   60.4400291
  19.2103310   12.2403717    2.0879221
  19.4870453   11.2353144    2.1934469
  19.4124985   12.2240314    1.1031828
  19.8511143   17.0779381   57.6703300
  19.0178528   16.5822239   57.3825417
  19.4386578   18.0193958   57.5002136
  20.2824917   17.0206852   60.3241920
  19.4641838   16.4147930   60.4299583
  20.1794739   17.0964069   59.2860184
  17.2534657   23.6362553    6.4207935
  16.4290295   24.2062855    6.2761846
  17.1985626   23.6341572    7.4275494
  17.6064587   23.6390095    9.1495419
  16.8788548   23.9878159    9.7671070
  17.4300289   22.6565170    9.4219494
  17.0240402   20.7159328    3.0185506
  16.0669746   20.4029636    2.8097789
  16.8381672   20.7788868    4.0079594
  16.8383141   21.1437397    5.6063519
  17.0452518   22.1082993    5.8319783
  17.7601662   20.7997761    5.9029317
  19.0752888   20.0442371    6.6079865
  19.2789688   19.0654926    6.4603362
  19.1987629   19.9833908    7.6145148
  19.5398026   19.3650322    9.2206926
  19.7861385   18.4838562    9.5986509
  20.3479843   19.8590965    9.5043583
  19.7828751   24.6923523    3.2573843
  18.9821606   24.1898251    2.8301868
  19.5436687   25.6013947    2.8865185
  19.5027542   24.9813213    5.9708796
  18.5866585   24.5261059    6.0092387
  19.5634174   24.8838158    4.9071007
  17.5717087   23.8658581   13.3034973
  16.6876678   24.4341221   13.2257652
  17.4993744   23.7830791   14.3109436
  17.4022007   23.5634880   15.9078217
  16.4624367   23.8419456   16.2476387
  17.2269497   22.5527191   16.1591797
  17.2517242   21.0954723    9.8770542
  16.4601955   20.4490147    9.6206350
  17.9724960   20.4084072    9.6445398
  17.4924316   21.2381363   12.7031755
  17.5823040   22.2565994   12.7665844
  17.3245659   21.2221165   11.7339897
  19.4647846   19.7588978   13.6808424
  18.8057671   20.3865223   13.2040558
  20.2876740   20.2130222   13.2253656
  19.1203308   19.3721027   16.3373070
  19.2764454   19.4946671   15.3568497
  18.2686043   19.8966007   16.3751373
  19.8064480   25.1088428    9.6648493
  19.0131741   24.5139027    9.3841524
  19.6622276   25.0033588   10.6547918
  19.7402782   24.9328251   12.3382444
  18.9267712   24.4632187   12.7238951
  19.5805206   25.8076382   12.8547573
  17.6804790   23.3637333   20.0962238
  16.9124508   23.9917145   19.8711987
  17.5198536   23.4132290   21.0882149
  17.1910324   23.4841442   22.6469460
  16.3813839   23.8464890   23.1490822
  17.0115395   22.4929066   22.9174652
  16.7993240   20.9574471   16.5484409
  15.9308033   20.4119396   16.3090954
  16.6928635   20.8274059   17.5252419
  17.0604229   20.8053894   19.4193764
  17.3353653   21.7615852   19.5143871
  17.9380455   20.4210739   19.7602882
  19.1847515   19.5714188   20.3623352
  19.4580059   18.6351528   20.0981350
  19.9377480   20.0466003   19.9424438
  18.9088745   19.3971004   22.9546928
  18.9638805   19.5837688   21.9237518
  18.1357441   20.0101147   23.0795498
  19.6463451   24.5134220   16.8990364
  18.7100430   24.1394634   16.5570030
  19.3445740   25.4868927   16.6313686
  19.9592781   24.6227417   19.5398216
  19.1062660   24.0761700   19.7563095
  19.9085140   24.4745445   18.5503330
  17.5356884   23.3807926   26.8306522
  16.7423286   23.9933872   26.6687965
  17.3514919   23.4127750   27.8488922
  17.0890007   23.5058517   29.4782562
  16.2776833   23.8893490   29.9638824
  16.9512253   22.5609550   29.8148270
  16.6444969   20.8891926   23.2741299
  15.7466049   20.3500462   23.1759815
  16.6681137   20.7834415   24.2678604
  16.9990883   20.8536777   26.0756340
  17.2733078   21.7961712   26.2793751
  17.9035606   20.4591351   26.3853989
  19.2881508   19.9672184   26.9720116
  19.5286236   19.0152321   26.6880379
  20.1029491   20.3709106   26.6055202
  19.1548042   19.7940140   29.6499939
  19.0695763   19.9036732   28.6273861
  18.3225536   20.3136330   29.8537502
  19.4246521   24.5676899   23.6296005
  18.5960617   24.1456852   23.2163181
  19.2100945   25.5217800   23.3428478
  19.7541523   24.6841335   26.3341370
  18.9760666   24.0842171   26.5239029
  19.5884514   24.6331425   25.3109646
  17.8277855   23.3292713   33.6835365
  17.0271111   23.9198532   33.5811691
  17.7593746   23.2970409   34.7196198
  17.4950905   23.3841438   36.3348083
  16.6419411   23.7874393   36.7741280
  17.2720451   22.4207954   36.6330452
  16.7944736   20.9218597   30.2569122
  16.1002655   20.2022152   30.2436314
  16.8144417   21.0021267   31.2809601
  17.1332703   20.8774033   32.9356728
  17.3418140   21.8213558   33.2028503
  17.9693527   20.4846706   33.3077354
  19.3476963   19.7616959   33.8519554
  19.7981815   18.8751869   33.6456146
  20.1309586   20.3004436   33.5051003
  19.0244102   19.3314056   36.6022415
  19.0347042   19.4684601   35.5942574
  18.1695747   19.8094769   36.7706795
  19.4495296   24.8513889   30.3414536
  18.6492157   24.3340244   30.0681801
  19.1232071   25.7954903   30.1195793
  19.8823948   24.8985023   32.8850708
  19.1644630   24.2354507   33.1275139
  19.6830692   24.9413261   31.8768501
  17.7676373   23.2032452   40.6060333
  16.9597321   23.7992477   40.4188881
  17.6137753   23.2284966   41.5895119
  17.4396343   23.2672310   43.2850533
  16.5206814   23.5199089   43.6901131
  17.2990780   22.2438583   43.5157623
  16.8681965   20.9394646   37.0892410
  16.1044521   20.2741756   36.9693565
  16.8893604   20.8928680   38.1008301
  17.2392120   20.7522812   39.8572311
  17.6403408   21.6760654   40.0345535
  18.0983486   20.2970371   40.0745087
  19.3941822   19.3769474   40.6380386
  19.7566872   18.4531002   40.4123955
  20.2657585   19.8537540   40.3527985
  19.1911755   19.5931187   43.3399429
  19.1782207   19.5592175   42.2889214
  18.2623844   19.9846573   43.3948898
  19.6214447   24.5840244   37.2508545
  18.7289448   24.1836414   36.9261475
  19.3474178   25.5556049   37.0534554
  19.8746719   24.6259174   39.8868065
  19.0576534   24.0983925   40.1287498
  19.6791248   24.6148224   38.8852959
  17.6887207   23.0805473   47.1260948
  16.9071484   23.6882763   47.1078758
  17.8066769   23.1817436   48.1215286
  17.5554619   23.2925167   49.8703041
  16.8355408   23.9234142   50.2117729
  17.1662769   22.4718342   50.3241196
  16.8812561   20.6918659   43.7603836
  15.9812908   20.2009621   43.5674667
  16.7785149   20.4624367   44.7660255
  17.0701332   20.6279125   46.4320068
  17.3646774   21.5516529   46.7345924
  17.8750725   20.1344681   46.8324509
  19.1938438   19.6113110   47.6531868
  19.3895302   18.6260414   47.3703461
  20.0719719   19.9895496   47.3117371
  19.0564976   19.4599667   50.2598038
  18.9737816   19.5177269   49.2681236
  18.2080326   20.0405674   50.4071236
  19.6268997   24.5835342   43.9236107
  18.8022289   24.0141506   43.6795998
  19.2234688   25.4399109   43.5697441
  19.9169712   24.8265953   46.5244675
  19.2053108   24.1571484   46.6105652
  19.8115883   24.7696362   45.4557648
  17.8440895   23.3178215   54.2151680
  17.0361290   23.9175186   54.0173454
  17.6842957   23.3604374   55.2397156
  17.5553627   23.5096455   56.8433647
  16.6799870   23.9205856   57.1903763
  17.3185215   22.6077709   57.3038902
  16.8585262   20.8532410   50.8118935
  16.0477924   20.2688599   50.6453171
  16.8431625   20.7337685   51.7930527
  17.0888767   20.8105526   53.4288979
  17.4011040   21.7266941   53.6995049
  17.8944683   20.3517151   53.8791313
  19.2582722   19.6080055   54.3273468
  19.5584869   18.6659279   54.0875015
  20.1522903   20.0096550   53.9719429
  19.0410156   19.6131802   57.0724525
  19.0549660   19.7651405   56.0584335
  18.2179852   20.1476154   57.2217941
  19.7065029   24.5029354   50.9078140
  18.8885307   24.0303440   50.5341492
  19.4114246   25.4345455   50.6322289
  20.1946468   24.5225258   53.6392593
  19.2964058   24.0722523   53.8120193
  20.1706467   24.4064827   52.6310616
  18.1918793   23.5891418   61.0920563
  17.2516060   23.9360695   60.8651085
  17.9794750   23.5406990   62.1080093
  17.5667057   23.4214630    2.3401508
  16.7218456   23.9345741    2.6009526
  17.1870289   22.4855728    2.4903703
  16.8909531   21.1021824   57.8214569
  16.2081032   20.4039249   57.6448135
  16.8665733   20.9714260   58.8267479
  17.4859047   20.7542782   60.4727058
  17.8157539   21.6393471   60.7713966
  18.3749485   20.3057518   60.5818710
  19.6747532   19.4780140   61.1505890
  19.9475365   18.5652103   60.8505096
  20.5378780   19.9299603   60.8206177
  19.3061123   19.2751999    2.5495749
  18.3899441   19.7750664    2.5955415
  19.3693714   19.3510227    1.5404739
  19.8194389   24.4109917   57.9123573
  18.9604111   24.0255756   57.4639435
  19.6762295   25.3216686   57.4765358
  20.3625698   24.6942463   60.5093842
  19.5370159   24.1830788   60.7728539
  20.2734623   24.5496311   59.5552559
  17.3037987   31.3317337    6.5592532
  16.4672947   31.8215847    6.2779584
  17.3265533   31.5550060    7.5032024
  17.4347305   31.3311443    9.3145494
  16.5998211   31.6880474    9.7720661
  17.3111916   30.3957443    9.5712976
  16.6708641   28.7204342    2.8613682
  15.8486252   28.1003036    2.8435473
  16.6705608   28.7850399    3.8825040
  16.7453823   28.9265079    5.5315762
  17.0046539   29.7526264    6.0574193
  17.5876007   28.4178963    5.6977797
  18.9830360   27.5854568    6.3338447
  19.2062740   26.6082554    6.3165755
  18.8501072   27.6425629    7.3558817
  19.1192989   27.5652409    9.0140238
  19.3597507   26.6168289    9.2739687
  20.0913677   27.8378773    9.0682516
  19.6712418   32.3429489    3.0029268
  18.8544979   31.8517132    2.6605716
  19.4526482   33.2457199    2.5911448
  19.5672512   32.5922089    5.6642189
  18.7760963   32.0146637    5.8921623
  19.5078297   32.4518585    4.6732488
  17.3822269   31.4490223   13.5035439
  16.5235405   31.9847984   13.3633242
  17.1742592   31.2061443   14.4439507
  17.1386547   30.9940758   15.9924879
  16.2905693   31.4823856   16.3424168
  16.8157959   30.0984802   16.2914143
  17.0032368   28.6378822    9.9881601
  16.3522358   27.9563484    9.6247272
  17.8132000   28.1808529    9.5778475
  17.4414978   28.8275852   12.5805607
  17.2389317   29.7715015   12.7285328
  17.3455868   28.7737675   11.5907831
  19.2904224   27.2491951   13.5518694
  18.6202450   27.8662014   13.1282082
  20.0701485   27.7697506   13.2314854
  19.0457115   27.0379848   16.3157310
  19.1010590   27.0549717   15.2774591
  18.1776447   27.5332260   16.3659267
  19.7907848   32.3717232   10.1957798
  18.8500767   32.0489235   10.0754185
  19.7743015   32.3714867   11.2274294
  19.7777653   32.3316460   12.7987881
  18.8388309   31.9722328   12.9869976
  19.5426598   33.2850723   13.0533381
  17.4979286   30.9481449   20.0933685
  16.7999783   31.6541538   19.9715233
  17.3635712   30.8345032   21.1046391
  17.0874233   31.2346725   22.7896080
  16.2441025   31.6900482   23.1647911
  16.8144398   30.3263569   23.0973949
  16.7349205   28.4393082   16.8512020
  15.8933249   27.9296055   16.7961807
  16.8248405   28.4205532   17.8453560
  17.0827522   28.4416237   19.4287052
  17.4127979   29.3587246   19.7132702
  17.9508591   27.9695988   19.7509995
  19.2297535   27.1151867   20.3266048
  19.5572643   26.1775131   20.0845890
  20.0704441   27.5783081   20.0755787
  18.8596134   27.1175919   22.9118633
  18.8975067   27.0563126   21.8850555
  18.0191364   27.6863003   22.9284954
  19.2257919   32.1698418   17.0119152
  18.4172115   31.6507263   16.5878868
  19.0266037   32.9976959   16.3995705
  19.6333866   32.6154099   19.5714912
  18.9373283   31.8770447   19.7568130
  19.4342632   32.5354500   18.5444603
  17.6050854   30.8695507   26.7508888
  16.8214111   31.4616947   26.5884533
  17.6042404   30.9796486   27.7305698
  17.1357708   30.9278507   29.4384995
  16.2908726   31.4160366   29.8370895
  16.8776016   30.0467777   29.7910633
  16.4927673   28.7244949   23.3421593
  15.7216139   28.1251678   23.1692448
  16.5838947   28.4994602   24.3315086
  16.9124088   28.4003887   25.9608078
  17.2142296   29.3387833   26.2206097
  17.7458534   27.9682198   26.3726254
  19.1460781   27.1530190   27.0351295
  19.4424019   26.2377205   26.8464031
  19.9561024   27.6208649   26.5778999
  18.8348866   27.3520050   29.6312828
  18.8060017   27.3315411   28.6218662
  17.9971638   27.8330193   29.7973843
  19.4218540   32.4473228   23.5126095
  18.5769596   32.0223503   23.1001377
  19.1207371   33.4094658   23.2917652
  19.7966099   32.3740425   26.1735687
  19.0341721   31.7302208   26.3822231
  19.6945858   32.2783966   25.1701565
  17.6604595   31.0827389   33.6392365
  16.8606930   31.6914539   33.4780464
  17.5909176   31.0910091   34.6374054
  17.3955154   31.0098419   36.3352280
  16.6104832   31.5564098   36.6156769
  17.0435333   30.0907135   36.6675110
  16.4348488   28.5106316   30.2898865
  15.6122656   28.0278511   30.0826302
  16.3699684   28.4366341   31.3049088
  16.8913155   28.4806671   32.9673424
  17.2356319   29.4569435   33.1585617
  17.7773190   28.0801964   33.2723045
  19.0981503   27.3339863   33.8536415
  19.4354553   26.4938374   33.4200096
  19.9208527   27.8979321   33.5179825
  18.9583454   27.1048870   36.5217514
  18.9538174   27.2049351   35.5287552
  18.1167488   27.5978928   36.6994324
  19.2430153   32.0383453   30.4928799
  18.4466057   31.5937748   30.0349522
  19.0025806   32.9630241   30.1356602
  19.8971481   32.4057922   32.9768410
  19.0657444   31.8419132   33.1516266
  19.8563843   32.2700653   31.9720573
  17.8465710   30.7570038   40.3061905
  17.0543671   31.3089581   40.0156441
  17.7550983   30.9023972   41.2991066
  17.2537327   31.0186977   42.9701004
  16.4433594   31.4704895   43.3777275
  16.9978085   30.0487881   43.2139015
  16.7242184   28.4339428   37.1738167
  15.9341030   27.7934933   37.0085373
  16.7295647   28.3870029   38.1552925
  17.1079445   28.2457676   39.7904587
  17.5418968   29.1525249   39.9440231
  17.8969193   27.7072964   40.1104774
  19.2586460   27.1401348   40.8434334
  19.5694427   26.2104588   40.5786591
  20.0693932   27.5746841   40.3629837
  18.9111633   27.0302849   43.3896561
  18.9867897   27.1019154   42.3530655
  18.1004391   27.6358681   43.4295349
  19.5004539   32.2060204   37.3205109
  18.6570377   31.7873688   36.8805275
  19.2767601   33.1422501   37.0549431
  19.9506378   32.4575615   39.8673553
  19.2157116   31.7883034   40.0052109
  19.8439388   32.4074745   38.8498421
  17.6712399   30.9339619   47.3135986
  16.8580170   31.4791756   47.0787621
  17.6453419   31.1435642   48.3069801
  17.5215569   31.1355438   49.9596024
  16.6531334   31.5245647   50.3820343
  17.2824879   30.1515923   50.2209892
  16.7386627   28.5139866   43.8585625
  15.9162073   27.9173794   43.6813240
  16.7210941   28.3308487   44.8601952
  16.9052868   28.4907780   46.5693245
  17.2231312   29.4014015   46.9207153
  17.8033695   28.0117226   46.8080788
  19.0301628   27.3020802   47.4371681
  19.2952766   26.3656654   47.1275635
  19.8979855   27.7407532   47.1476631
  19.0333290   27.0965691   50.1253395
  18.9380112   27.1584625   49.1067085
  18.3164520   27.7957211   50.3532028
  19.4231987   32.2845383   44.0146599
  18.6383972   31.7986298   43.6355171
  19.3533058   33.1320648   43.4881668
  19.8333092   32.2480354   46.6590080
  19.0250282   31.6310711   46.8411331
  19.7577171   32.1396713   45.6085358
  18.0141125   30.9502506   54.1058655
  17.2096176   31.5103207   53.8828049
  17.9976101   31.0428410   55.0984497
  17.5141582   31.0203667   56.7474899
  16.5901031   31.3350239   56.9777184
  17.3268547   30.0608368   57.0442505
  17.0005493   28.7030849   50.9162674
  16.1332073   28.1617393   50.7782784
  17.0457268   28.4774647   51.8844185
  17.3710403   28.3420467   53.5306244
  17.7374020   29.2542686   53.7160492
  18.2023602   27.8528137   53.8937531
  19.4571705   26.9970284   54.4152718
  19.7433109   26.0179920   54.2773170
  20.3326435   27.3617096   54.0621948
  19.2406559   26.9111595   57.0956001
  19.1721821   26.9999676   56.0774498
  18.4265003   27.4692955   57.2995224
  19.7661266   32.2234344   50.6227837
  18.9146233   31.8264027   50.2564697
  19.5238094   33.1996384   50.3816986
  20.0842667   32.3588753   53.2313919
  19.3285999   31.7536011   53.5302086
  19.8930454   32.2446442   52.2058220
  17.9261055   30.6637611   60.6452217
  17.1041794   31.2257214   60.3064003
  17.6998672   30.8541183   61.6394958
  17.4005508   31.1531963    1.9704379
  16.5970249   31.7110558    2.1963959
  17.0633907   30.2467327    2.2699442
  17.0822449   28.5770988   57.5977783
  16.3264275   27.9365215   57.3992386
  16.9836102   28.4780121   58.6092987
  17.1244640   28.0497303   60.1805229
  17.4586849   28.9724121   60.3893318
  18.0150967   27.5942039   60.4372559
  19.4389133   27.0836582   61.0050812
  19.9565945   26.2039051   60.7202835
  20.2629337   27.7053432   60.8010902
  18.9803047   27.0840797    2.3990517
  18.1252480   27.6022968    2.4535990
  19.0357819   27.0619850    1.4008778
  19.6863499   32.2287521   57.6145592
  18.8582249   31.7296181   57.3933868
  19.3847332   33.0960770   57.1657372
  20.2019577   32.2356911   60.2019997
  19.3065491   31.7620525   60.3017998
  20.1832047   32.1648636   59.1439133
  17.3107929   38.6156502    6.0157304
  16.6014729   39.2358131    5.7913265
  17.3238182   38.7573700    7.0193005
  17.5148563   38.7016983    8.7631493
  16.7153873   39.1644897    9.2290735
  17.3939629   37.7946243    9.2150621
  16.7754765   36.2870827    2.7709596
  15.8964834   35.9229431    2.4375920
  16.5854855   36.2383308    3.7643552
  16.6032372   36.1156273    5.4709382
  16.8891449   37.0748863    5.7102752
  17.5076561   35.7388268    5.8358893
  19.0794716   35.0880737    6.2786398
  19.3870392   34.1727180    6.0013418
  19.0795288   34.9030609    7.2839918
  19.2521896   34.6357689    8.8841820
  19.5240402   33.7520676    9.3222342
  20.0502148   35.1538658    9.2968302
  19.6671238   39.7164803    3.1480806
  18.9172783   39.4710197    2.5202382
  19.5851192   40.7384720    3.0244780
  19.5407543   40.1148834    5.7545619
  18.7164783   39.5217896    5.8467627
  19.6587486   39.8824425    4.7390833
  17.7969151   38.9456940   13.1534939
  16.9978428   39.5344505   13.0462971
  17.6873550   38.8793488   14.1840658
  17.3281193   38.7649231   15.7333317
  16.4732513   39.1439590   16.1516666
  17.1801376   37.8610268   16.1266842
  17.1035366   36.2133522    9.6317129
  16.3659859   35.5805931    9.3884163
  17.8566132   35.6063843    9.3717575
  17.1664448   36.3971176   12.2738562
  17.3011456   37.3998260   12.4106750
  17.2369919   36.4060555   11.2873669
  19.2762432   34.9047127   13.2561111
  18.5397339   35.5178185   12.9409943
  20.0486870   35.4040031   12.8155642
  18.8659286   34.5229950   15.8690872
  18.9221535   34.6020889   14.8592682
  18.2408752   35.3013382   16.0238686
  19.6682453   40.2229195    9.4888029
  18.7747612   39.6884232    9.3695793
  19.6808262   40.1797676   10.4762344
  19.8140221   40.1720428   12.1448269
  18.9622231   39.7180634   12.4428358
  19.5760269   41.0404205   12.6399145
  17.5625610   38.6784058   20.1881752
  16.7162514   39.2366257   19.9103909
  17.3317127   38.7306824   21.1603985
  17.0128288   38.8418922   22.8285275
  16.1761360   39.2510414   23.2417774
  16.7793770   37.8733025   23.0631905
  16.8862419   36.3016815   16.7225876
  16.1453876   35.6667252   16.5395164
  16.7716045   36.3372269   17.7261925
  16.9136600   36.2921066   19.4014263
  17.1848259   37.2248383   19.7307606
  17.7757187   35.8774300   19.7473354
  19.1346111   35.1580925   20.3526382
  19.2445488   34.2023354   20.1031418
  20.0343723   35.4307747   19.9380093
  18.7206078   35.1311188   22.9347782
  18.7362385   35.1798172   21.9261303
  17.8804359   35.6520996   23.0859947
  19.4748421   40.0086479   16.8390312
  18.6274738   39.6531334   16.3610210
  19.4407520   40.8983688   16.4416733
  19.6470909   39.8978539   19.3579330
  18.8400059   39.3559837   19.5987320
  19.4710674   39.8892212   18.3255024
  17.5588646   38.8449249   26.9197407
  16.6846924   39.3898468   26.7038307
  17.4779797   38.9617805   27.9093113
  17.1504135   38.8284378   29.4980679
  16.2970390   39.2108650   29.9081421
  16.9942169   37.8927574   29.7888660
  16.3898144   36.4134064   23.5565052
  15.5865707   35.7816620   23.2905865
  16.2810040   36.2098389   24.5302181
  16.9459953   36.1526985   26.3163033
  17.2764740   37.0974236   26.5218887
  17.7832375   35.6926880   26.6179161
  19.2295933   34.9106483   27.0302773
  19.4993248   33.9886322   26.6357422
  19.9890308   35.4118423   26.5050850
  18.8620071   34.6247864   29.6145515
  18.8509541   34.8146362   28.6000996
  18.0629559   35.2129173   29.8012047
  19.3189964   39.8587990   23.5418339
  18.4054337   39.4771729   23.3006897
  19.0963974   40.8027992   23.3175201
  19.8675823   39.7790909   26.1537380
  19.0492058   39.3547134   26.4622688
  19.6548939   39.8027763   25.1834755
  17.7547150   38.7371750   33.4337120
  16.8714867   39.2554665   33.2778664
  17.5893459   38.7274208   34.4385414
  17.0170097   38.9575081   36.0576096
  16.1465569   39.4199104   36.3890152
  16.7410507   38.0618935   36.5146713
  16.7064323   36.3274269   30.2423611
  15.8252382   35.8598976   30.1302090
  16.7205963   36.3110809   31.2698879
  16.8833771   36.1673126   32.9505768
  17.2764187   37.0821419   33.0856209
  17.6519375   35.6697006   33.4030800
  19.0306358   34.8467979   33.7555580
  19.2517853   33.9808655   33.3401070
  19.9038277   35.3288040   33.4725266
  18.7301922   34.6057129   36.3991394
  18.6684208   34.5579491   35.3703957
  17.9741020   35.3124275   36.4756203
  19.4486942   39.9379997   30.2650986
  18.6041756   39.4684868   29.9799061
  19.0806217   40.8805046   30.0141087
  20.1211109   40.0356789   32.9833374
  19.2250576   39.5587845   33.1682968
  20.0355015   39.9645195   31.9870720
  17.8260956   38.7545319   40.4600067
  17.0248013   39.3308983   40.2500916
  17.6127472   38.7228699   41.4771576
  17.4433594   38.8225212   43.0918770
  16.5940628   39.2556381   43.4381409
  17.1576767   37.8987617   43.3761597
  16.6515846   36.3893242   36.8943901
  15.8471537   35.8129997   36.7880821
  16.6724663   36.3459930   37.9266891
  16.9159241   36.2196846   39.5082703
  17.3384132   37.1076241   39.8467369
  17.7796993   35.6858673   39.7235718
  19.1572609   34.9393578   40.2067528
  19.4974194   33.9704781   40.1201019
  20.0822430   35.3113785   39.9528580
  18.9798794   34.9301224   43.0039940
  18.8791656   34.9277344   42.0117416
  18.0501842   35.2719994   43.2576180
  19.2764683   39.8607712   37.0701180
  18.4337025   39.5112801   36.6389389
  19.1349239   40.8528862   36.7601509
  19.8904819   40.0955009   39.6703453
  19.0713482   39.5348015   40.0282936
  19.6667709   39.9433823   38.6954918
  17.9249668   38.7480545   47.3138237
  17.0697594   39.2472763   47.0338516
  17.6488705   38.6456757   48.2818680
  17.4045639   38.4401054   49.8953133
  16.4973850   38.8312225   50.2396927
  17.0896912   37.4962082   50.1050148
  16.6711044   36.3553047   43.5975304
  15.8217506   35.8039742   43.3934555
  16.5425797   36.2952957   44.5946579
  17.1591148   36.2739143   46.2433128
  17.5209713   37.1519508   46.6825409
  17.8365612   35.6845436   46.7087746
  19.2341671   34.7788239   47.3771553
  19.4920330   33.8678131   47.0218544
  20.0688515   35.2457886   47.0981789
  19.0507431   34.7856750   49.9723206
  18.9998932   34.7019997   48.9568825
  18.1426220   35.2223434   50.0769272
  19.6510735   40.0265007   43.7335091
  18.7612381   39.5738068   43.3877716
  19.3713474   40.9278870   43.3616295
  20.2642593   39.7504425   46.4331741
  19.4260941   39.2892914   46.6880150
  19.9554539   39.8670883   45.4442177
  17.8864326   38.2098770   53.7488899
  17.0995026   38.8780174   53.5665665
  17.8780289   38.3902779   54.7579231
  17.8279629   38.6102295   56.4157333
  16.9085827   38.9896622   56.7288857
  17.4737720   37.6315689   56.5961189
  16.6160774   35.9657860   50.5181770
  15.7850313   35.3388443   50.4878922
  16.7629128   35.8551331   51.5341415
  17.0914974   35.7480888   53.1167526
  17.3980007   36.6503258   53.4582558
  17.9431839   35.2615051   53.3761940
  19.3625889   34.7694435   54.0373955
  19.7147636   33.8786201   53.6692123
  20.0869350   35.3189163   53.6386528
  19.1317692   34.5324898   56.6414337
  19.2565765   34.6004143   55.6359634
  18.2916050   35.1026649   56.6627846
  19.7137642   39.6108360   50.6228561
  18.8470821   39.1606445   50.3221931
  19.5049782   40.5305328   50.2423325
  20.0502281   39.8112907   53.2170906
  19.2341232   39.2592735   53.3937378
  19.9045391   39.7687531   52.2060127
  18.0022621   38.4291573   60.5000305
  17.1651134   38.9479065   60.2230721
  17.8151932   38.6110001   61.5233841
  17.4489784   38.7220421    1.7362566
  16.6625595   39.1730957    2.1870079
  17.2349339   37.8110733    2.1476007
  17.0643139   36.1458817   57.0878754
  16.1846714   35.6498260   57.0133324
  17.1388454   35.9769325   58.1082115
  17.2791939   35.9307022   59.6976509
  17.5469055   36.8262138   60.0692444
  18.0805740   35.3812408   60.0899429
  19.3910465   34.7082520   60.7085571
  19.7836380   33.7763481   60.5116425
  20.2880325   35.1411018   60.5959969
  18.9069214   34.6530380    2.0916791
  18.0503902   35.1589699    2.3514128
  18.8290424   34.8543701    1.1282718
  19.8383675   39.7207527   57.5855598
  19.0378380   39.3022842   57.1405869
  19.5445671   40.6731491   57.3767929
  20.1651440   39.6993446   60.2796097
  19.3401890   39.0650826   60.3899651
  20.0738945   39.6723404   59.2396088
  17.6674709   46.4374886    6.1282425
  16.8476753   47.0410805    6.0180993
  17.5954838   46.4646454    7.1834993
  17.3843479   46.4732628    8.7206860
  16.6060295   46.8750381    9.2722712
  17.2605438   45.5727386    9.0525236
  16.9833164   43.9300423    2.6254694
  16.1803093   43.4059639    2.4084728
  16.8866634   43.9211235    3.6530938
  16.9464836   44.0416183    5.2707577
  17.2928982   45.0032768    5.4876580
  17.7710552   43.6025352    5.6906371
  18.9198895   42.6468697    6.1392007
  19.1749516   41.6135178    5.9768968
  19.0755672   42.5691223    7.1215482
  19.4087067   42.7679558    8.8131819
  19.5844688   41.8332405    9.1099958
  20.3612137   43.1241035    9.0728951
  19.8335819   47.4817200    3.0697942
  19.0534954   47.0357590    2.5618179
  19.6384697   48.4234390    2.7954283
  19.6545029   47.9547958    5.6630158
  18.8883476   47.3230247    5.8250275
  19.7081013   47.7627907    4.6727123
  17.5643730   46.4505806   13.1667242
  16.7486420   47.1004372   13.0373306
  17.3952961   46.4189491   14.2211237
  17.1450081   46.4105721   15.6936007
  16.2621861   46.7398453   16.1046257
  17.0073566   45.4813423   16.0698547
  17.2106266   43.9863091    9.6458101
  16.6231632   43.3452492    9.1212997
  18.1059761   43.5529671    9.3365822
  17.2737484   43.8747635   12.3747549
  17.3233986   44.8422050   12.5786991
  17.2756462   44.0251465   11.3581314
  19.2996922   42.5257378   13.2376738
  18.5201778   43.0888939   12.8179636
  20.0144196   43.0797348   12.8217134
  19.0878849   42.4483070   15.9031353
  19.0916786   42.5151978   14.8882370
  18.2682190   43.0687943   16.0169258
  19.6907692   47.7250938    9.4008837
  18.7959862   47.2598457    9.2642727
  19.6300488   47.6837234   10.4068375
  19.7583561   47.5370636   12.0562735
  19.0384998   46.9892387   12.5689783
  19.4976101   48.4115715   12.5438709
  17.4031067   46.1577644   20.0058117
  16.6632175   46.8213463   19.7413597
  17.2565479   46.2506714   20.9807434
  17.0789490   46.4931641   22.6704369
  16.2442741   46.9106865   23.0325737
  16.8609676   45.5572281   23.0708046
  16.8469391   43.7951775   16.5066204
  16.1034966   43.1436958   16.3393440
  16.7266083   43.7765465   17.5064716
  17.0350800   43.6143799   19.1729221
  17.1970558   44.5112000   19.6420002
  17.9065304   43.1887703   19.4667816
  19.2253571   42.2729034   20.3804417
  19.3672180   41.3422089   19.9512386
  19.9696331   42.7133102   19.8778439
  18.6348896   42.3807106   22.9443398
  18.8138809   42.2782249   21.9556351
  17.7385139   42.8112869   22.8532391
  19.3013763   47.5807953   16.7203865
  18.4254036   47.1949921   16.2952976
  19.0591908   48.5227089   16.3932266
  19.4212704   47.7231026   19.3283176
  18.5906200   47.1475410   19.5060158
  19.3992920   47.6188049   18.3188801
  17.7801914   46.0317764   26.8201923
  16.9548359   46.5841713   26.4990578
  17.6181240   46.1440544   27.7790813
  17.1988087   46.3004761   29.4399281
  16.3353710   46.6732330   29.7475338
  16.9708576   45.3366737   29.6687679
  16.3365631   44.0804138   23.4705486
  15.6223154   43.4324455   23.2750664
  16.5038414   43.8255234   24.4306774
  16.9374065   43.5565453   25.9474239
  17.3206863   44.4757576   26.2555141
  17.8204193   43.0595932   26.1256542
  19.0373573   42.3165207   26.6308899
  19.3578243   41.3869095   26.4902363
  19.8660069   42.7821350   26.2726383
  18.7872410   42.4179153   29.3636703
  18.7868652   42.4299850   28.3781719
  17.9571228   42.9701805   29.4873085
  19.2662258   47.5218849   23.7325878
  18.4678288   46.9559631   23.4186325
  18.9200974   48.3716240   23.2974186
  20.0240917   47.4062576   26.2526112
  19.3018093   46.7151947   26.4663467
  19.7451611   47.3997498   25.2505341
  17.7676258   46.0752945   33.4813347
  16.8808308   46.5898857   33.2630348
  17.6630020   46.2002831   34.4983253
  17.3264236   46.3513336   36.1166992
  16.4536324   46.7574997   36.4969330
  17.0487537   45.3716469   36.3568726
  16.6029587   43.6935577   29.9487362
  15.7803698   43.1659126   29.8198051
  16.6036148   43.6716270   30.9820919
  16.9070797   43.7535667   32.6810608
  17.2581482   44.6720009   32.9225082
  17.7372952   43.2546921   33.0546150
  19.1169224   42.4705582   33.6217384
  19.5089607   41.5331650   33.5240593
  20.0018101   42.8968773   33.2937469
  18.9651833   42.3886147   36.3934364
  18.8652039   42.4835739   35.3797112
  18.2465878   43.1027260   36.5783539
  19.3628197   47.6297340   30.4024220
  18.5016346   47.2158699   30.0049648
  19.1452618   48.5497017   30.0319729
  19.9718132   47.5593262   33.0054283
  19.1577148   46.9983902   33.2900505
  19.6562176   47.5816078   32.0099640
  17.8317223   46.4437752   40.1624069
  17.0329189   47.0219116   39.8675156
  17.6665726   46.5331993   41.1383820
  17.3445683   46.5091667   42.8756561
  16.4318600   46.7790527   43.2642403
  17.1405621   45.5123825   42.9823227
  16.7224236   43.9285736   36.8629913
  15.9355183   43.2972260   36.7468834
  16.7417507   43.8932037   37.8603630
  17.1060181   43.8960075   39.5924225
  17.5208168   44.8282013   39.7623024
  17.9701061   43.4239845   39.9057503
  19.3114319   42.6863251   40.2252922
  19.4745102   41.7037659   39.9739647
  20.1585312   43.0481834   39.8451157
  19.0083542   42.5485992   42.9357681
  18.9880638   42.7304726   41.9488907
  18.1309700   43.0456200   43.1651726
  19.6241722   47.5356445   36.9502144
  18.7356968   47.2106361   36.6801453
  19.4068260   48.5373497   36.8143997
  20.1864681   47.6662254   39.5755005
  19.2834339   47.2221909   39.7413521
  20.1366959   47.5519791   38.5650253
  17.7596474   46.2172585   46.7558060
  16.9034691   46.7549095   46.6191673
  17.6232891   46.1490402   47.7478981
  17.2670898   46.1299438   49.3405952
  16.6809120   46.6420708   49.9621201
  17.1018028   45.2133789   49.7084923
  16.8459167   43.7764435   43.4858360
  15.9349155   43.3359909   43.3769341
  16.8996429   43.5703850   44.5084877
  17.2885818   43.5717850   46.1222420
  17.6523418   44.4745216   46.4672203
  18.1570816   43.0746613   46.4117203
  19.4207191   42.5508118   46.9093895
  19.7199001   41.6050949   46.8903694
  20.2717533   42.9041824   46.4617920
  19.0635910   42.1239510   49.6147690
  19.1682777   42.3876915   48.6309204
  18.2535553   42.7648392   49.7328720
  19.6387615   47.7138214   43.5991135
  18.7095470   47.3575630   43.3424873
  19.4336300   48.6670914   43.3531189
  20.0174637   47.6937218   46.2444611
  19.1949158   47.1340408   46.3945847
  19.9102669   47.7396698   45.2216949
  17.8761845   45.9738503   54.0086555
  17.0803356   46.6080437   53.7701683
  17.7597828   46.0433311   54.9996719
  17.6323624   46.1571655   56.6554184
  16.7872276   46.5776100   57.0357285
  17.4418983   45.2294350   57.0228844
  16.8825703   43.6193886   50.3745422
  16.0776672   43.0425072   50.2580109
  16.9840622   43.4623795   51.3758125
  17.4187126   43.4900360   53.0551720
  17.6458073   44.4470253   53.3765717
  18.2464161   43.0979271   53.5105247
  19.6190395   42.3421059   54.1406288
  19.8090591   41.4036026   53.8333473
  20.3997612   42.8033257   53.6962242
  19.3206787   42.2908478   56.8167419
  19.3193378   42.3572044   55.7764130
  18.4065762   42.7742615   56.8529282
  19.4872532   47.3066444   50.4206924
  18.7388039   46.9833069   49.8610954
  19.3500576   48.2931252   50.2647820
  19.8733501   47.3940239   53.0595055
  19.0793228   46.8022804   53.3184662
  19.7153168   47.4291801   52.0984230
  18.1276875   46.0374451   60.6508331
  17.2320232   46.4893913   60.4343071
  18.0011387   46.2105598   61.6607628
  17.7273617   46.3706627    2.0339525
  16.8345280   46.7393723    2.3688693
  17.4735260   45.4022636    2.1492043
  16.9945030   43.5777779   57.2703133
  16.1817875   43.0135994   57.1063843
  17.0246277   43.4782906   58.2779121
  17.4437199   43.5335541   59.8814278
  17.7417049   44.4442825   60.2011147
  18.2221832   43.0387688   60.3070107
  19.5549335   42.1882553   61.0494614
  19.8948460   41.2532883   60.8295746
  20.3114128   42.6734390   60.5863457
  19.0149364   42.1000099    2.3495784
  18.3078957   42.8156929    2.4890563
  19.0543747   42.2356873    1.3125101
  19.8726997   47.3684044   57.4032936
  19.0085526   47.0001869   57.1367416
  19.6830425   48.3319969   57.2102203
  20.2938900   47.3647881   60.1379356
  19.4621677   46.7664223   60.2800407
  20.1787338   47.3567734   59.1168022
  17.3120556   53.9813118    6.0491343
  16.4455509   54.5664825    5.9038763
  17.2551956   54.1175842    7.0624843
  17.1512928   54.1444893    8.6767130
  16.3308334   54.4309120    9.1697149
  17.1558132   53.1844254    9.0561953
  16.9511623   51.2375069    2.7100749
  16.0577297   50.8048210    2.6021032
  16.8701553   51.3876457    3.7190278
  16.8810635   51.5063591    5.3564034
  17.0959988   52.4864120    5.5070620
  17.7716942   51.2034645    5.7138090
  19.2833385   50.5324516    6.0841293
  19.4202328   49.5362320    5.8620520
  19.3131237   50.3638687    7.1079383
  19.2089882   50.2666283    8.6933117
  19.4280987   49.2850037    8.8931789
  20.1021633   50.6170349    9.0865202
  19.6440983   55.1601791    2.8920479
  18.9781380   54.4869156    2.5322185
  20.4582825   54.6193733    2.7258923
  19.3991661   55.6844635    5.4904003
  18.6382980   55.0181808    5.6118345
  19.4811096   55.5212250    4.4909163
  17.6517105   53.9376488   13.0073957
  16.8360233   54.4893646   12.6948738
  17.4366169   54.0978317   14.0051413
  17.0360126   54.1896324   15.5802736
  16.2073841   54.5729065   16.0217648
  16.8477592   53.2227020   15.7853537
  17.0297337   51.7234001    9.5708704
  16.3013420   51.0392303    9.3742161
  17.7698021   51.1184158    9.2214012
  17.1899376   51.4471664   12.1488113
  17.3907242   52.4612961   12.3870544
  17.0719090   51.6480103   11.1654253
  19.1219749   49.9569931   13.1360273
  18.4780750   50.5688782   12.6639385
  19.9703827   50.4540787   12.8402348
  18.6131535   49.8767929   15.6904697
  18.7819080   49.9668159   14.6857996
  17.9122601   50.5788651   15.7388439
  19.2376194   55.3242149    9.7433243
  18.4537563   54.8613434    9.2217178
  19.1810112   56.1689415    9.2295399
  19.7431889   55.4420662   12.3311405
  18.9689102   54.8156929   12.5365591
  19.5399437   55.4341278   11.3120222
  17.5827904   54.0257530   19.8074722
  16.8297691   54.6909828   19.6805573
  17.5329266   53.9727745   20.7996540
  17.0812988   54.0348320   22.4947433
  16.2109489   54.3941422   22.8672104
  16.8788624   53.0863571   22.6412640
  16.6770439   51.6078987   16.2779465
  15.8848515   50.9945450   16.2133923
  16.7167244   51.5758781   17.3395214
  16.7777271   51.4974823   18.9898949
  17.1552601   52.4003220   19.2619343
  17.4715805   51.0060768   19.4697647
  18.8601875   50.2472572   20.0476265
  19.1697750   49.3066101   19.8171577
  19.7434559   50.7103996   19.7525215
  18.6884289   49.8278542   22.7108440
  18.6269512   49.9906197   21.6983471
  17.9809341   50.5216370   22.9388943
  19.3258152   55.1104660   16.5799541
  18.4624310   54.8815117   16.1120510
  19.2277870   56.1190033   16.3546963
  19.7382717   55.3246803   19.1669598
  18.9163055   54.7394447   19.3698654
  19.5977821   55.2643356   18.1415577
  17.6950340   53.8798752   26.6287422
  16.8191681   54.2893524   26.3420792
  17.4457550   53.8947449   27.6220551
  17.0099716   53.9400444   29.1667156
  16.1646976   54.3045998   29.5995350
  16.8083019   52.9873619   29.3968697
  16.6117744   51.4595184   23.1516132
  15.7224979   50.9552994   23.0373459
  16.6873112   51.3052711   24.1518726
  17.1177311   51.3441811   25.8385124
  17.4460106   52.2756615   26.0087662
  17.9456902   50.8561287   26.2360382
  19.2684746   50.0552750   26.6552410
  19.4111137   49.0811348   26.4486752
  20.0879650   50.4022408   26.1696377
  18.9643192   49.9808769   29.3162231
  19.1083870   50.0472565   28.3050613
  18.1099777   50.5008125   29.3307877
  19.3841476   54.9867516   23.4498215
  18.5060368   54.6619339   23.0682678
  19.3788261   55.8793449   23.0038624
  19.9051590   55.2071762   26.0658092
  19.0386047   54.6763992   26.2857265
  19.8418732   55.0215836   25.0788727
  17.3351936   53.7476120   32.9952278
  16.5626545   54.4189911   32.9021187
  17.3169060   53.7997894   34.0244064
  17.2241859   53.9047165   35.6309166
  16.5718212   54.4322128   36.1937103
  17.0679569   53.0188217   36.1474113
  16.6423187   51.3617783   29.9260063
  15.8745737   50.6963730   29.7393417
  16.7039795   51.1296883   30.9250851
  16.9526978   51.0286407   32.6082191
  17.1961117   51.9839745   32.8128204
  17.7899818   50.6235886   33.0026588
  19.1902733   50.0043640   33.6388054
  19.5329742   49.0358734   33.4760704
  20.0478077   50.4392967   33.2937164
  19.0617771   50.2137299   36.3356209
  19.0279160   50.2156906   35.2776146
  18.1374569   50.6662407   36.3839340
  19.2861061   55.1577187   29.9533310
  18.4525967   54.8235512   29.5228462
  19.2242947   56.1141205   29.7023239
  19.4852600   55.2431107   32.5938568
  18.7129726   54.5671539   32.7020111
  19.4600620   55.1485443   31.5626698
  17.7726688   53.7824860   40.3563461
  16.9381294   54.3108139   40.0565147
  17.5071163   53.7996788   41.3653030
  17.2239017   53.8539734   42.9193382
  16.3929234   54.4269600   43.2093620
  16.8719292   53.0235825   43.4203300
  16.8213577   51.4713020   36.8189926
  16.0243626   50.8766174   36.6167107
  16.7638168   51.4212303   37.8343239
  17.1328049   51.2719994   39.4657860
  17.4243889   52.1796799   39.8289642
  17.9789371   50.8159943   39.8073158
  19.4016113   50.1420288   40.5435829
  19.8515835   49.2221870   40.3669434
  20.1714249   50.6459312   40.1454239
  18.7531643   50.2819595   43.1644974
  18.8077011   50.2992973   42.1539764
  17.8000050   50.5780182   43.2845497
  19.5145073   55.0140800   36.9786224
  18.7713680   54.6324654   36.3990517
  19.4435654   55.9433594   36.6461716
  19.9217968   55.1988068   39.5338516
  19.0855331   54.6813507   39.7357903
  19.7292709   55.1998177   38.5148926
  17.6340828   53.9216881   47.0106010
  16.8685627   54.6254578   46.8983879
  17.6255360   54.0092812   48.0233116
  17.4838009   54.0561409   49.6351204
  16.5799236   54.4068146   50.0726776
  17.2667236   53.0999565   49.8742104
  16.5024338   51.5010757   43.8716087
  15.7576017   50.8356552   43.8390617
  16.6067410   51.4357071   44.9395180
  17.1714687   51.3545952   46.4742126
  17.4732838   52.3003540   46.6414871
  18.0479126   50.9378967   46.7068787
  19.3620872   50.0859489   47.2311516
  19.5194073   49.2136574   46.7333488
  20.2015419   50.5452652   46.8935471
  19.0880852   49.9480171   49.9015350
  19.1496449   49.9280281   48.8936844
  18.2159176   50.4398880   49.9610023
  19.5222893   55.0398331   43.8337097
  18.7156219   54.6331673   43.3915329
  19.3830223   55.9770355   43.5212288
  19.8295212   55.3751259   46.4079323
  18.9825916   54.8090401   46.6164017
  19.7576275   55.2394333   45.3914833
  17.9284306   53.7478485   54.0414238
  17.0581150   54.2523232   53.8167610
  17.7688713   53.7559128   55.0524559
  17.5688095   53.9720154   56.6506729
  16.6342430   54.3154945   56.8750267
  17.3453369   53.0209312   57.0523338
  16.7909012   51.5470848   50.3648338
  15.9025640   51.0496063   50.3331795
  16.8839760   51.4533615   51.3820953
  17.3123093   51.2435608   52.9914474
  17.6466999   52.1347580   53.2952538
  18.0874557   50.7172089   53.3686905
  19.4164944   49.8147240   54.0942802
  19.6775322   48.9078979   53.6490135
  20.1741676   50.3698235   53.7231865
  19.1927586   49.9638672   56.7913208
  19.1421051   49.9438210   55.8027458
  18.3162708   50.3874435   56.9882393
  19.6700172   55.0236816   50.7262726
  18.9024162   54.6238518   50.1875343
  19.4533424   55.9903717   50.4107628
  19.9963722   55.2302246   53.3753548
  19.1931267   54.6553688   53.6024055
  19.8293762   55.1909103   52.3752441
  17.6912575   53.6285515   60.6305389
  17.6666107   53.7133675   61.6652184
  18.6423264   54.0432816   60.5500450
  17.6334496   53.7523384    2.0235977
  16.7849426   54.2593384    2.2237349
  17.3025436   52.8311462    2.3203170
  16.8720779   51.3392410   57.3488159
  15.9947844   50.8661308   57.1811028
  16.8808975   51.2181129   58.3642235
  17.0958290   51.1416626   59.9558029
  17.3793755   52.1145096   60.2493477
  17.9694519   50.7516441   60.3419800
  19.1781483   49.8294525   60.8545494
  19.5594101   48.9061546   60.6153450
  20.0363083   50.2925606   60.5778580
  19.1913815   49.9837608    2.3682976
  18.3722744   50.5924377    2.5037084
  19.1044922   49.9122200    1.3608239
  19.7338619   55.1428490   57.8382835
  18.9011459   54.7277145   57.4190750
  19.5491924   56.0945740   57.4931450
  20.0434647   54.8976822   60.4063148
  19.9903412   55.0863571   59.3766251
  19.8690720   55.8799553   60.6247292
  17.7483883    0.5910298    6.2550898
  17.8098507    0.5609105    7.2906232
  18.6109600    1.0918293    6.1223216
  17.8564701   61.5392647    8.9448051
  17.0106182   61.9434776    9.3765211
  17.6001644   60.5683289    9.2643385
  17.5265961   59.4260254    2.7327340
  16.8116322   58.7583008    2.4770679
  18.3019619   58.7984962    2.7311394
  17.2734013   59.2681808    5.4319396
  17.5571213   60.2122536    5.7201943
  17.3368626   59.4641075    4.4455957
  19.7233696   58.2147446    6.1254706
  19.6085091   57.2642174    5.7256646
  18.7986393   58.5220299    5.8302398
  19.2382774   57.8636627    8.7596951
  19.4142952   58.0608330    7.7974420
  20.0363503   58.3524208    9.1373615
  20.0351086    1.9287422    3.1301255
  20.0897217    2.8276424    2.6507215
  19.1910496    1.6196672    2.6621203
  20.0267258    1.8194526    5.7425370
  19.9287357    2.8236284    5.7169585
  19.9740086    1.7570004    4.6861186
  17.6485424    0.2831616   12.8845024
  17.7248192    0.3152279   13.8776770
  18.5339508    0.8442208   12.7564745
  17.6888294    0.3996625   15.5344038
  17.0805969    1.0586281   16.0273838
  18.5466652    0.8522964   15.8543158
  16.9421234   59.0653267    9.6733122
  16.1543541   58.4843559    9.3705702
  17.6538410   58.5188484    9.2307072
  17.2730598   58.8394623   12.4159584
  17.2640190   59.8741455   12.5466223
  17.2877274   58.8400421   11.4338636
  19.6165218   57.9627686   13.4404764
  19.6789703   57.0729446   13.0149546
  18.7862759   58.3027153   12.9460316
  19.1873665   57.7702751   16.1734009
  19.4694462   57.9115105   15.1930370
  19.9984322   58.3519478   16.5223732
  19.8005009    2.0519767    9.8233538
  19.0760155    1.4009483    9.5479679
  20.5722961    1.4241811    9.6634750
  19.8360424    1.7493472   12.5271044
  19.9844952    2.7076726   12.8293991
  19.8829231    1.9551787   11.5240583
  17.6547756   61.7824287   19.8077488
  17.7781334   61.5973625   20.7366333
  17.6958408   60.8804932   19.3863316
  17.6803627   61.3604012   22.6005840
  16.8336506   61.8177223   22.7827625
  17.4361744   60.4252739   22.9013309
  16.8121510   59.1734238   16.1697617
  17.1789379   60.0826454   15.8442259
  17.7288589   58.7381325   15.9761791
  17.4765568   59.2392349   18.8543034
  16.6650047   58.7921371   19.2594433
  17.2040234   59.1691628   17.8898163
  19.7259693   57.9343109   19.7994576
  19.5528202   57.0217857   19.4657574
  18.8935204   58.3504333   19.3636551
  19.4361420   57.3923988   22.3856678
  19.5485287   57.6815529   21.4255409
  20.1529598   58.0151901   22.7265930
  19.8589935    1.7851009   16.4457340
  19.7524967    2.7858620   16.2680492
  19.9605217    1.8691700   17.4661427
  20.0668411    1.6985661   19.1399727
  19.8990383    2.6523380   19.3752041
  19.1621628    1.3393953   19.3995037
  17.5606155   61.0874290   26.3829575
  17.7169018   61.3050499   27.3824081
  18.4420528   61.5564880   26.1048069
  17.9273300    0.2826800   29.0390873
  17.3468437    0.9754961   29.4674225
  18.8000069    0.8010118   29.1741085
  17.1607571   58.7448692   23.2100487
  16.4011097   58.2322845   22.7743473
  17.8832989   58.1195831   22.8170605
  17.6200314   58.5153618   25.8421440
  17.6223354   59.4921494   26.0954971
  17.4830265   58.7068863   24.8083210
  19.9730854   57.6699066   26.8156910
  19.9573326   56.7069588   26.4535217
  19.1005650   57.9454117   26.3915482
  19.3627548   57.8541107   29.3845444
  19.6801319   57.8092270   28.4260139
  20.0727329   58.5315590   29.6490974
  19.5062866    2.0505157   23.0566807
  18.7558002    1.3588179   22.8526535
  20.2310429    1.3653277   22.9317780
  19.8539391    1.4390092   25.7450237
  19.8195953    2.3945780   26.1018047
  19.8834972    1.7261286   24.7624760
  17.8166142   61.6828003   33.2387619
  17.8842163   61.5453682   34.2159767
  17.8411179   60.6769867   32.9770470
  17.9873371   61.6725922   35.9017487
  17.0814743   61.9713821   36.1354752
  17.9026299   60.7174110   36.2951088
  17.0437737   59.1529083   29.8335743
  17.3745270   60.0529137   29.4310760
  17.8940525   58.6753006   29.5964432
  17.6450939   59.0400734   32.4544907
  16.7355251   58.6792793   32.8554459
  17.2989273   58.9992523   31.5227737
  19.6975822   57.7787476   33.5782051
  19.5754719   56.8736610   33.1667938
  18.8908901   58.2137871   33.0818596
  19.5766678   57.5888329   36.2287140
  19.7325039   57.7588615   35.2081947
  20.3647823   58.0693092   36.5313301
  19.9757671    1.7324694   29.7036552
  19.9307442    2.7509325   29.6027584
  19.9961014    1.6969626   30.7099724
  20.1250591    1.4465818   32.2992744
  20.0309792    2.3579268   32.7180634
  19.2277699    1.0998098   32.5924606
  17.7649117    0.2312279   40.1758690
  17.8938637    0.1558571   41.1636391
  18.6801357    0.5742645   39.9596672
  17.9580784    0.2941401   42.7505722
  17.2652931    0.9579885   43.1438866
  18.7272911    0.8026596   43.1689377
  17.4185085   59.1366081   36.8569641
  16.5875492   58.6989937   36.4676552
  18.0800285   58.4590416   36.5333290
  17.5279922   58.8841324   39.4655342
  17.5998573   59.8615112   39.6657486
  17.3747272   59.0703659   38.4492722
  20.0378990   57.7529182   40.4794121
  20.0302353   56.7884865   40.0929832
  19.1202545   58.0177956   40.1494675
  19.3957253   57.7852097   43.0252266
  19.7876644   57.7975426   42.0773659
  20.1115570   58.3842125   43.4179420
  19.7194424    2.2699502   36.8787689
  18.9933071    1.7290757   36.4344521
  20.4786396    1.6287585   36.6198540
  19.9919529    1.4452384   39.3540688
  20.1505375    2.3530004   39.7239532
  19.7357178    1.7675996   38.4079399
  17.6625271   61.7696457   47.0664978
  17.8888645   61.5792809   48.0269966
  17.6142883   60.8477440   46.7058220
  17.8585300   61.2313271   49.6674728
  17.1313763   61.7989998   50.0316620
  17.5785980   60.3666420   50.1720810
  17.0129566   59.1095886   43.5215988
  17.3220062   60.0330353   43.2208633
  17.8976860   58.6619873   43.2885284
  17.6101456   59.1909027   46.3098679
  16.7816505   58.7558136   46.7574501
  17.2408028   59.1184883   45.3734360
  19.9291172   58.1332970   47.1995239
  19.7407284   57.1646461   47.0033188
  19.0451412   58.5043221   46.8619080
  19.5974407   57.5506020   49.8101616
  19.7280502   57.8033218   48.8560562
  20.4304676   57.9938583   50.1584473
  20.0926247    1.6481036   43.6111984
  19.8923321    2.6207166   43.4353561
  20.2311535    1.7755176   44.6281586
  20.0880413    1.6473145   46.1916771
  20.0694675    2.5757329   46.5797043
  19.0861912    1.4735342   46.3790588
  17.6243114   61.0670090   53.6774673
  17.8765583   61.1831512   54.6538658
  18.3986759   61.6247749   53.3617363
  18.0297146   61.1966896   56.3243942
  17.3538914   61.7718430   56.7476349
  18.8270130   61.7956657   56.5056267
  17.2221451   58.8929596   50.6466827
  16.4669342   58.2955246   50.3127747
  17.9949932   58.2880630   50.3032265
  17.5167332   58.4803276   53.2484207
  17.4870644   59.4832573   53.5022964
  17.4901981   58.6282158   52.2611389
  20.0465488   57.6746559   54.1713333
  20.1129990   56.7596092   53.7622147
  19.1523914   57.9021606   53.7541389
  19.4460640   57.5220146   56.6946411
  19.6469517   57.4756241   55.7320633
  20.1590271   58.2429543   56.9146194
  19.7676525    1.7693077   50.1688385
  19.1258774    1.0429469   49.8773689
  20.5742416    1.1268873   49.9911346
  19.8095589    1.2104951   52.8498764
  19.8991814    2.1586030   53.1774788
  19.7254734    1.4876835   51.8753548
  17.8153992   61.7202263   60.3596420
  17.8593616   61.6899185   61.3515587
  17.7640762   60.7302704   60.2542000
  18.0332966   61.8286476    1.8225683
  17.1005573   62.1050339    2.1439652
  17.9011898   60.8804207    2.1913977
  17.2444878   58.9073677   57.3261375
  17.6834965   59.7534409   56.9648209
  18.0459824   58.3308601   57.0281105
  17.5287342   59.0010071   60.0049973
  16.7278538   58.5038910   60.2630043
  17.3359470   58.9747429   59.0044403
  19.6465302   57.3324699   61.1182899
  18.8748646   57.8625336   60.7309608
  20.4085846   57.8717613   60.7434959
  19.8418388   57.8472328    2.5482793
  19.7838135   56.8631554    2.7822034
  19.7963200   57.7079887    1.5303237
  20.0905972    1.8833674   56.7059555
  20.0522881    2.8779774   56.4227295
  19.8517570    2.0848999   57.6447144
  19.9301643    1.8690978   59.4092331
  19.1426868    1.4744713   59.9507599
  20.5611649    1.1603163   59.7590904
  21.8655720    8.5994177    6.3929124
  21.0919838    9.0090418    5.8192415
  21.7608147    7.6633439    6.0235238
  22.2968159    8.1778679    9.0517292
  21.4546261    8.7237272    9.2326746
  22.2177048    8.3514462    8.0347700
  22.3128643    5.6274991    3.1287148
  21.5438232    5.1339569    2.7499835
  22.1584778    6.5018535    2.6914475
  22.0312786    5.9853272    5.7591605
  21.1970234    5.4144855    5.7602262
  22.1940479    5.8856549    4.7384810
  24.2356396    4.8248405    6.8293695
  23.4153385    5.2675014    6.3788819
  24.0069752    3.9050984    6.4506230
  24.5416718    4.3587484    9.6099739
  24.5340824    4.4009743    8.5943346
  23.6378689    4.8395581    9.6805353
  24.3753357    9.0840025    3.4323378
  23.5294037    8.6651726    3.0705609
  24.1631527   10.0584908    3.2152598
  24.1688728    9.9011822    6.0060835
  23.1916771    9.4876499    6.1152968
  24.2595272    9.4674025    5.1058021
  21.8506031    8.3269262   13.7236519
  21.0041447    8.6573696   13.2472324
  21.9658165    7.5216737   13.1542883
  22.0099010    8.1699629   16.2498779
  21.1565933    8.6661482   16.4650269
  21.8975868    8.3811131   15.2150640
  22.1788921    5.5768294    9.6537800
  21.4674549    5.2000618    9.0708885
  22.0793362    6.5592017    9.4148769
  22.1820946    5.7269726   12.4230461
  21.4230595    5.0848374   12.6747608
  22.0601387    5.6402326   11.4465170
  24.4052181    4.5900440   13.6012878
  23.6031666    5.0233822   13.1418457
  24.2899055    3.6968529   13.1309204
  24.4001694    4.8542013   16.2584686
  24.4711857    4.6973343   15.2448969
  24.4285774    3.8519018   16.5203552
  24.2981758    9.4531775   10.3225622
  23.5535564    8.8125219   10.0976706
  24.1472015    9.4300451   11.3340893
  24.0650349    9.5390482   12.9461994
  23.1533833    9.1932936   13.3596754
  23.9014988   10.5057240   13.1559162
  22.1049023    8.1506844   20.0248680
  21.2564545    8.5441647   19.6936169
  21.9552498    7.1879783   19.7434750
  22.2311382    8.0388002   22.8620987
  21.4890041    8.7643595   22.9365444
  22.1776543    7.9960413   21.8598537
  21.9087639    5.6345558   16.8700619
  21.9703999    6.6018791   16.5674419
  22.8824787    5.4309874   16.6538315
  22.0156593    5.4977398   19.4385052
  21.2591362    4.8575263   19.6495628
  21.8870277    5.4884152   18.4440556
  24.2987385    4.7141671   20.5140572
  23.3926449    4.9994311   20.1177444
  24.3237572    3.7689099   20.1243916
  24.4633160    4.3603225   23.1061230
  24.4478645    4.5595465   22.0719852
  23.5221424    4.7987247   23.2215462
  24.1825657    9.3602867   17.1198311
  23.3692131    8.8734922   16.7662201
  23.9417648   10.2759418   16.7676201
  24.2858391    9.6538849   19.7896957
  23.4330921    9.0612240   19.9589558
  24.1577129    9.5569715   18.7929840
  22.4487324    8.0588017   27.2394772
  21.6399822    8.5423927   26.8685303
  22.3101978    7.2089844   26.7725677
  22.5398026    8.2150898   29.8314915
  21.6267605    8.6954384   29.9198513
  22.4423027    8.1467085   28.8072128
  22.1494522    5.4056139   23.4634781
  21.2480145    5.1366320   23.1096973
  22.0577869    6.3900480   23.2133217
  22.2698994    5.5121636   26.1336880
  21.5249786    4.8363547   26.2877960
  22.2970314    5.3688412   25.1374073
  24.5618534    4.6523552   27.1718082
  23.6652012    5.0002747   26.7553463
  24.4605999    3.7317743   26.8168068
  24.7768478    4.5553675   29.8797340
  24.8299446    4.5297670   28.8483906
  24.8918819    3.5750260   30.0112820
  24.2083168    9.4662695   24.1168537
  23.3769646    9.0043535   23.7822323
  24.0083675   10.3611193   23.6709900
  24.4774837    9.7566862   26.7314911
  23.7951355    9.0450964   26.9822330
  24.4776459    9.5490952   25.7185574
  22.5062103    8.2916965   33.6187401
  21.6438599    8.6429405   33.2149811
  22.2685299    7.3190308   33.5682755
  22.2696438    8.0648327   36.3554497
  21.3393402    8.4719143   36.4989433
  22.3444309    8.3454714   35.3720894
  22.1944332    5.5078368   30.4005718
  22.3232441    6.4931030   30.1940842
  23.0824070    5.2053771   30.1434631
  22.1304302    5.6159620   33.0280457
  21.4061012    4.9338498   33.1672935
  22.0894852    5.5535417   32.0237198
  24.3760109    4.5619164   34.0466957
  23.5242958    4.9210687   33.6203384
  24.3217888    3.6847606   33.5237427
  24.6843204    4.3905139   36.7474060
  24.5908241    4.4542990   35.7378654
  23.7288666    4.7608638   36.9060860
  24.5257015    9.6607809   30.7922802
  23.7774467    9.1124382   30.3472958
  24.2025185   10.5560198   30.4901981
  24.4794388    9.9561853   33.4331169
  23.6885147    9.3270178   33.5810165
  24.5296059    9.7298431   32.4106674
  22.3451042    8.0058403   40.7376747
  21.5554123    8.4187222   40.2567215
  22.2321033    7.0595298   40.3136139
  22.3695011    7.9365420   43.3365402
  21.4875336    8.3862114   43.4479637
  22.3400173    7.9055629   42.3355942
  22.2740383    5.4912405   36.9652748
  21.3620205    5.2311554   36.5927658
  22.2895527    6.4444637   36.5691681
  22.2261868    5.6430154   39.6033401
  21.4694157    4.9773555   39.6985054
  22.2853756    5.5450239   38.5802383
  24.5410366    4.4085379   40.6860313
  23.7281933    4.8561487   40.3700523
  24.3407936    3.4877698   40.3655205
  24.5177498    4.4363613   43.3647270
  24.5734425    4.3860540   42.3379326
  24.7242508    3.4363108   43.5116806
  24.2705116    9.2024488   37.6851349
  23.5468941    8.6907072   37.1973877
  23.9131889   10.1277170   37.3598785
  24.6126652    9.4377661   40.3109932
  23.8238792    8.8771181   40.5686035
  24.5136318    9.3065100   39.3140106
  22.4293194    8.3613815   47.3134346
  21.5712738    8.7481174   46.9456024
  22.2769585    7.4333668   46.9382019
  22.2418327    8.0486860   49.9465294
  21.3765678    8.5690613   50.1098671
  22.2464619    8.1434593   48.9249763
  22.1390285    5.3234072   43.9819603
  22.3069839    6.2711186   43.6700554
  23.0722046    4.9648638   43.7453995
  22.2136116    5.7258091   46.6481781
  21.3965664    5.1051893   46.7305107
  22.1726418    5.7056112   45.6200180
  24.6251030    4.7233429   47.6481895
  23.7478466    5.0657902   47.2988281
  24.6067028    3.8530817   47.1503906
  24.7360191    4.3005385   50.2696724
  24.8474541    4.4190006   49.2796860
  23.8430290    4.8039551   50.3359871
  24.4850540    9.3881865   44.3201942
  23.7631073    8.8290520   43.8834724
  24.1154423   10.2709513   43.9746437
  24.7403755    9.6600904   46.9192619
  23.8776951    9.1692505   47.1356659
  24.5866814    9.5877037   45.9034882
  22.4158401    7.9813638   54.1141930
  21.5634995    8.3144722   53.6061935
  22.4090958    7.0602102   53.8007698
  22.4822330    8.0852413   56.7291565
  21.5986538    8.5028696   56.8750076
  22.4684315    8.1885090   55.7050400
  22.3175354    5.4894185   50.6290703
  21.4617805    5.1342969   50.1588669
  22.2151775    6.4273500   50.2357635
  22.2797737    5.3455544   53.2914810
  21.4004669    4.8379331   53.2951164
  22.3795357    5.3234034   52.2708359
  24.4517002    4.3775806   54.2233620
  23.5331230    4.7062845   53.8233185
  24.3485813    3.4406178   53.8580551
  24.6102505    4.5444050   56.8235550
  24.5615940    4.5235071   55.8398895
  24.6343536    3.5324645   56.9860840
  24.5105209    9.1064444   50.9318619
  23.5909958    8.6642914   50.7078094
  24.1820831   10.0665359   50.7651367
  24.5724449    9.6249905   53.4952621
  23.8047180    8.9787016   53.7290344
  24.5910244    9.4360933   52.5127144
  22.7888527    8.3982134   60.9092102
  21.9340115    8.7906771   60.4943924
  22.5840015    7.4631472   60.5859108
  22.1652145    8.0465384    2.2261739
  21.4733009    8.7679644    2.2812734
  22.4335918    8.2548742    1.2492762
  22.2078800    5.5789924   57.6364822
  22.3683605    6.5260296   57.3050957
  23.0814419    5.1825109   57.2756462
  22.4695740    5.8033090   60.1818771
  21.6980190    5.1601896   60.3970795
  22.3971615    5.6615090   59.1627159
  24.5053005    4.3521690   60.8822746
  23.7898235    4.9927616   60.5946808
  24.4042587    4.4996567   61.9074898
  24.4247913    4.4082603    2.2343912
  23.6323147    4.8145151    2.7522898
  24.3496399    3.4958217    2.6729369
  24.5868530    9.4117556   57.8824806
  23.8140068    8.8589849   57.5619278
  24.2261562   10.2594299   57.4555588
  25.0785313    9.7251053   60.4423790
  24.1441975    9.3019600   60.5752716
  25.0530300    9.6334438   59.4230042
  22.0776711   16.0517502    6.6644721
  21.2411194   16.6021900    6.6232452
  22.1911564   16.0608120    7.6636825
  22.1792240   15.8053522    9.2679129
  21.2962666   16.1198044    9.6976843
  21.9389801   14.8192854    9.3387718
  21.6271839   13.2638083    3.0398889
  20.6929836   12.9516783    2.8811307
  21.5811749   13.4659929    3.9800975
  21.4452267   13.6750860    5.6336441
  21.6293278   14.6272163    6.0027499
  22.3377934   13.2771587    5.9510579
  23.7234535   12.5178938    6.4420075
  23.8835506   11.4918394    6.2522101
  23.7409687   12.3448820    7.4438648
  23.8974361   11.7920256    9.0216074
  24.1589050   10.9292812    9.4945412
  24.7685070   12.2603464    9.3613300
  24.2367077   17.0807304    3.0050228
  24.1373711   17.0956573    3.9935338
  23.3839970   16.6006031    2.7510240
  24.2321091   17.2278347    5.6534724
  23.4636497   16.6260700    5.8535056
  23.8359470   18.0736122    6.0601864
  21.9838104   15.8287430   13.2686644
  21.2058277   16.4628372   13.1531954
  21.9152126   15.8474331   14.3011932
  21.8440647   15.8651352   15.9003553
  21.0272713   16.2662811   16.3550186
  21.6024742   14.8975315   16.2616005
  21.6985798   13.2738380    9.7992191
  20.9177780   12.6746464    9.5506372
  22.4228420   12.6510239    9.4715481
  21.8196049   13.3333330   12.4896688
  21.8332653   14.3513212   12.7707386
  21.6371956   13.5487022   11.5433884
  23.7364101   12.0541267   13.7103891
  23.0336494   12.6102095   13.1970539
  24.5151005   12.6071320   13.4260445
  23.5574932   11.7754145   16.2488079
  23.6711884   11.8447456   15.2406874
  22.7206421   12.3348112   16.2620220
  24.3718033   17.0420780   10.3756495
  23.5066185   16.6147575    9.9955235
  24.1850872   17.9536495    9.9737473
  24.3591480   17.1760197   13.0131330
  23.4419708   16.7101460   13.0392494
  24.4170609   17.2070560   11.9798851
  21.9638824   15.7960424   20.0701771
  21.1420040   16.3970032   19.9700222
  21.9471207   15.8818150   21.1112041
  21.7606812   15.9573412   22.6624374
  20.9190521   16.2555981   23.1853371
  21.6745548   15.0141430   23.0637703
  21.3812370   13.4255314   16.7433281
  20.5365982   12.8752575   16.6539135
  21.4388294   13.3203650   17.7372990
  21.3868580   13.0634451   19.4049664
  21.6214333   14.0134077   19.6724834
  22.2999344   12.7133236   19.7997036
  23.6832962   12.2320433   20.4827366
  23.9347496   11.2457771   20.2017593
  24.5422993   12.6246033   20.1718521
  23.6013432   11.8737469   23.2401524
  23.5146332   12.0843191   22.2143593
  22.8211422   12.5370359   23.4715996
  23.9464474   17.1003799   16.9284058
  23.1952629   16.6481781   16.4073029
  23.7133560   18.0311508   16.6144581
  24.2779102   16.9692993   19.6053638
  23.4392986   16.3953266   19.7923641
  24.1476460   16.9590397   18.6134109
  22.0611935   15.9449177   26.8682194
  21.2284698   16.5404854   26.6883736
  22.0511703   16.0856018   27.8856564
  21.8056011   16.0446205   29.4961452
  21.0608025   16.5570202   29.9782276
  21.5875282   15.1770325   29.8972378
  21.4073639   13.5481653   23.7649212
  20.5960369   13.1087475   23.4312515
  21.2678471   13.3751211   24.7639446
  21.5656967   13.2901001   26.3658237
  21.7238941   14.2649698   26.5933666
  22.3935204   12.9660912   26.8624916
  23.8094673   12.3252888   27.3699989
  24.0901814   11.4117022   26.9794197
  24.6269188   12.7812920   26.8953285
  23.7120590   12.0664930   30.0090561
  23.7233162   12.1181049   28.9593430
  22.8459854   12.6342430   30.0781670
  23.9928360   17.0638676   23.9221535
  23.0886288   16.7091885   23.5491409
  23.7930870   18.0194588   23.5663872
  24.5240307   16.8700905   26.4936638
  23.5745792   16.5255718   26.6432877
  24.3915539   16.9119949   25.4819031
  22.5150337   15.8403835   33.8898811
  21.6213913   16.3205948   33.7273827
  22.2765427   15.7823677   34.9161568
  21.8071308   15.7547789   36.3268433
  20.9745979   16.1180496   36.7005577
  21.7185040   14.8313522   36.7886467
  21.5257282   13.5639238   30.4311810
  20.7888584   12.8706102   30.2666092
  21.4500923   13.6279554   31.3986320
  21.5900707   13.5115995   33.1026802
  21.9559288   14.4161015   33.4378510
  22.2836933   12.9572439   33.5973701
  23.7182655   12.3997307   34.3037682
  24.0079060   11.4811478   33.9042206
  24.5671673   12.8884935   33.9325676
  23.5798321   11.7362127   36.8913574
  23.6960106   11.9793997   35.9200592
  22.8293018   12.3676205   37.0521851
  24.0661488   17.0821667   30.4551315
  23.2269955   16.7423477   29.9986897
  23.9303398   18.0656700   30.2387180
  24.3505993   17.4046078   33.1079559
  23.6416435   16.7413998   33.4819946
  24.1429615   17.2504292   32.1353416
  22.4575062   15.3554754   40.7943306
  21.6331444   15.8551550   40.4789848
  22.3781013   15.6496124   41.7599640
  22.0002403   15.7709579   43.4019432
  21.1516285   16.1772385   43.7971573
  21.7487316   14.8069315   43.6886253
  21.4710350   13.3513422   37.4589119
  20.6806335   12.7053967   37.3197174
  21.4834042   13.1617498   38.4446487
  21.6334686   12.8758631   40.0419960
  21.9185925   13.8116455   40.4060936
  22.5527668   12.4752598   40.2487755
  23.9643726   11.9283466   40.8818436
  24.1856022   10.9768963   40.6766434
  24.7938385   12.3656006   40.4827538
  23.6337700   11.7520981   43.5025673
  23.6923866   11.7251053   42.4462013
  22.8114681   12.3271246   43.5205116
  23.9214993   17.2311668   37.5630455
  23.1852894   16.7047634   37.1197853
  23.7029190   18.1232605   37.1446190
  24.4089794   17.2182980   40.1841278
  23.6885033   16.5342979   40.2744179
  24.3687248   17.2780018   39.1383781
  22.4272079   16.0136642   47.3942299
  21.5038815   16.4293880   47.2395935
  22.3233948   15.9953537   48.4224281
  22.0006924   15.7721634   49.9926910
  21.1631699   16.1475182   50.4429855
  21.8379269   14.8327036   50.2831497
  21.3359928   13.3100100   44.0556145
  20.5361195   12.7329588   43.9368668
  21.4274673   13.1598730   45.0617523
  21.8529987   13.3275442   46.7559395
  22.1571941   14.2719355   46.9320374
  22.5971546   12.8709555   47.2353439
  24.0257645   12.0394421   47.6885834
  24.3257771   11.1340036   47.3293152
  24.8848286   12.5089388   47.3821411
  23.7988701   11.7748518   50.2646179
  23.8065567   11.8879347   49.2747231
  23.0137386   12.3861818   50.4153061
  24.1574402   17.1422043   44.1097641
  23.3100872   16.6644783   43.8313560
  23.8622112   18.0696621   43.7854004
  24.6055717   17.3136597   46.6884727
  23.7326031   16.8789692   46.8964157
  24.5812321   17.1347675   45.7044106
  22.5108242   15.7651911   54.0758820
  21.6643448   16.3190498   53.9214745
  22.4388847   15.7930727   55.1020775
  21.9537849   15.8591976   56.6963539
  21.1544476   16.3663368   57.0508804
  21.6624546   14.9683561   57.1225395
  21.5737152   13.1900082   50.7464104
  20.6899261   12.6862612   50.6156006
  21.5455055   13.0835886   51.7814064
  21.7726669   13.1522694   53.4274750
  22.1461964   14.0816889   53.7071304
  22.5965862   12.6558046   53.8039551
  23.9593849   12.1274576   54.3340492
  24.1557999   11.1803684   54.0633736
  24.9122849   12.4375324   54.0315781
  23.7293835   11.8231897   57.0222816
  23.7458668   11.9992409   56.0233498
  22.8858299   12.3891172   57.2217560
  23.9581184   17.0953121   51.0135231
  23.1146660   16.6775227   50.6098366
  23.6988068   18.0288963   50.7785683
  24.6827164   17.0929623   53.5182533
  23.8481216   16.4911308   53.6534500
  24.5113049   17.1136665   52.5200233
  22.5812817   15.7979279   61.1999855
  21.6781788   16.1951447   60.9369431
  22.3974514   15.9441319   62.1900787
  21.9002132   15.8759890    2.4934773
  21.0652485   16.2062225    2.9495668
  21.6529770   14.8772154    2.6055706
  21.4820595   13.3304672   57.5016708
  20.7169514   12.7258663   57.2537079
  21.4732475   13.1774330   58.4779129
  22.0433369   13.3472891   60.2743988
  22.2759838   14.3072662   60.5465927
  22.8740120   12.9446697   60.6621971
  24.3526459   12.2296143   61.1965179
  24.6773605   11.3613949   60.8443604
  25.0543900   12.7840185   60.7200470
  23.7646618   11.6521673    2.4508591
  22.9797821   12.2563763    2.5693908
  23.9179306   11.7819929    1.5003577
  24.1710510   17.0978813   57.6739655
  23.3873234   16.6061783   57.2370911
  23.8877640   18.0033436   57.3471947
  24.8447170   17.2613983   60.1566811
  24.1574364   16.5603180   60.4519157
  24.5243816   17.3307667   59.1952629
  21.8116264   23.9462032    6.7567325
  20.8653965   24.3054543    6.6330276
  21.6708012   23.0564995    6.3197603
  21.9790878   23.5723991    9.4041872
  21.2017231   24.2110500    9.6091347
  21.9409904   23.7212086    8.4031086
  21.2348423   21.0191517    3.3614829
  20.5316696   20.3652306    3.0670586
  22.0307312   20.4752693    2.9615850
  21.3664932   21.4296703    5.9491215
  20.5187778   20.9682083    6.2015176
  21.2819195   21.2413826    4.9600110
  23.4464664   19.7069035    6.5297761
  22.7030163   20.3540592    6.2968826
  24.1946926   20.3618298    6.3713522
  23.6315365   19.2972775    9.1051474
  23.5292282   19.3947659    8.0790758
  22.8816032   19.9552803    9.3044052
  24.1443214   24.7304020    3.2558579
  24.1238480   24.6856709    4.2624354
  23.3389969   24.1591663    3.0705590
  24.0849590   24.9104023    6.0624504
  23.2120152   24.4818535    6.3771763
  23.8895988   25.8193855    6.4104152
  21.8724861   23.5416412   12.9754152
  21.0311623   24.0988636   12.7921162
  21.8091297   23.5743313   13.9723454
  21.8035641   23.4488888   15.6501446
  20.9334717   23.8377075   16.0167732
  21.6714077   22.5681858   16.1230316
  21.6396675   20.8906517    9.9861984
  21.8321018   21.8589802    9.8460875
  21.4964695   20.9816608   11.0012875
  21.5571289   20.9824715   12.5816889
  21.7347889   21.9851456   12.6723280
  22.4688187   20.7150459   12.9751263
  23.9233112   19.9485226   13.3250437
  24.1255379   18.9672527   13.3238363
  24.8682594   20.2374554   13.0960588
  23.4980412   19.5499306   16.0531616
  23.6054173   19.8752728   15.1047134
  22.6674385   20.1338253   16.2585640
  24.4264088   24.5513515   10.2978535
  23.5508480   24.0726967   10.0907516
  24.1941643   25.4278107    9.8452959
  24.1311512   24.8253384   12.8805561
  23.2847805   24.2654972   12.8359461
  24.2191467   24.8050613   11.8095131
  22.3818626   23.5535202   20.1325417
  21.4392033   23.8988857   19.9298935
  22.1647530   23.4700642   21.1389561
  21.6920338   23.5168247   22.6866550
  20.8571148   23.9816456   23.0078583
  21.3584118   22.5691986   22.9747601
  21.3079185   20.9280090   16.7456970
  20.4346924   20.4729443   16.6482334
  21.4288635   20.7925758   17.7283936
  21.5206509   21.0178947   19.4625759
  21.9197922   21.9231510   19.7023849
  22.3869686   20.5459518   19.7964554
  23.6016884   19.5600719   20.3221951
  23.8201027   18.5888653   20.0796738
  24.4819870   19.9343834   19.9345627
  23.3695946   19.4657803   22.9477596
  23.4281673   19.5739555   21.9479027
  22.5539703   20.0426064   23.0754719
  24.0316200   24.6032276   16.7594719
  23.1707611   24.2708588   16.3527737
  23.8342628   25.5737534   16.4784069
  24.6137371   24.8589802   19.5516071
  23.7799435   24.3187885   19.8477268
  24.4347610   24.7749004   18.5473995
  22.0406189   23.7184792   26.8399086
  21.1364155   24.1760712   26.6677208
  21.9348030   23.8428307   27.8831921
  21.6574478   23.8701763   29.4795475
  20.7743073   24.2780266   29.8045273
  21.4537640   22.9432411   29.8254299
  21.1399994   20.9458733   23.3303680
  20.3246460   20.4025211   23.1298485
  21.1025791   20.8652802   24.3283634
  21.6591320   21.0881195   25.9919968
  21.8976326   22.0065250   26.3045273
  22.4460545   20.6403255   26.4333019
  23.7068348   19.5303307   27.1636581
  24.0798931   18.5832481   27.0517006
  24.5811844   19.9835243   26.8445892
  23.2992458   19.7014294   29.8829308
  23.3559761   19.7531052   28.8386993
  22.4951725   20.3213215   29.8995819
  23.9532547   24.6351318   23.5855160
  23.0582485   24.2257919   23.2784538
  23.6191425   25.6288986   23.4145737
  24.3383312   24.7317600   26.2272110
  23.4196777   24.2985992   26.4963741
  24.2021942   24.5255165   25.2528725
  22.0865154   23.5156631   33.4191170
  21.2907639   24.1301098   33.2129707
  21.9071999   23.5429325   34.4237633
  21.6743813   23.5011158   36.0505524
  20.8217850   23.8692131   36.4499931
  21.4679642   22.5010262   36.3298035
  21.0434685   21.3653545   30.1776638
  20.2721195   20.7698822   29.9509068
  20.9655933   21.2218513   31.2239437
  21.4671211   21.0524597   32.8291130
  21.7551804   21.9954529   33.0641060
  22.3563671   20.6773262   33.2061005
  23.6288738   19.9377251   33.8445435
  23.9549999   18.9423218   33.6901970
  24.5168762   20.3210888   33.5701141
  23.4047070   19.6288834   36.4696198
  23.5068092   19.7919254   35.4643669
  22.5339890   20.0992680   36.5446053
  23.9152584   24.8220062   30.4462490
  23.0762100   24.4313316   29.9823875
  23.5789337   25.7676601   30.3207321
  24.3800507   24.8099499   33.0935555
  23.6084099   24.1399651   33.0806580
  24.2482452   25.0330410   32.1094131
  22.0205460   23.2239723   40.5734215
  21.1892090   23.8289566   40.4178734
  22.0476799   23.3350410   41.5618858
  21.8496513   23.4690571   43.1666260
  20.9621277   23.8475246   43.5245018
  21.7442169   22.5409126   43.5444069
  21.1471901   20.9723663   36.9120522
  20.3853779   20.3007183   36.8526611
  21.1904354   20.9154873   37.9199066
  21.4546127   20.7488995   39.6151161
  21.8134460   21.6804962   39.9149017
  22.2960911   20.2671566   39.9999962
  23.6851082   19.6439438   40.7298851
  24.0584564   18.7059288   40.5129089
  24.5000076   20.1457539   40.3539276
  23.5410900   19.6844273   43.4018784
  23.4737682   19.6283283   42.3942184
  22.6789284   20.1789207   43.5594978
  23.7612019   24.5592403   37.3809776
  22.9319172   24.1822948   36.8748970
  23.4438820   25.5394592   37.1926460
  24.1612358   24.5964890   39.9771996
  23.4516640   23.8871059   40.1214294
  24.0045528   24.6280499   38.9638939
  22.1766739   23.6203594   47.1585045
  21.3828125   24.2017040   47.0565529
  22.1076374   23.5456448   48.1984367
  21.7249794   23.3274117   49.7883301
  20.9079418   23.7736549   50.3024597
  21.4631805   22.3965588   50.1021881
  21.2497768   20.9556332   44.0479584
  20.4247341   20.3504944   43.8153915
  21.1009560   20.9086170   45.0390968
  21.3579502   21.0205555   46.8442154
  21.7102871   21.9355335   47.0348663
  22.2106514   20.5357437   47.1260033
  23.6810875   19.7635460   47.5312042
  24.1519947   18.9021549   47.2071381
  24.4677029   20.3490887   47.2067566
  23.4472237   19.5050869   50.1203651
  23.5281372   19.5998726   49.1389427
  22.5822105   20.1279182   50.1701736
  24.0320797   24.7662334   43.9456558
  23.1832809   24.3192787   43.6257248
  23.7379093   25.6980972   43.6776733
  24.4855366   24.7621002   46.5717545
  23.6747837   24.2446480   46.8336334
  24.3472900   24.7095413   45.5551376
  22.3741474   23.0862484   54.1429634
  21.5619564   23.5967598   53.9138069
  22.2381477   23.1004162   55.1266098
  21.8990993   23.3541927   56.8144455
  21.0511417   23.8039894   57.2578888
  21.6660194   22.4277134   57.1872940
  21.1908722   20.8901100   50.7076149
  20.3683014   20.3022633   50.5660591
  21.1649609   20.8237667   51.7509308
  21.4904652   20.6362057   53.3146019
  21.8788261   21.5416965   53.5572319
  22.4076481   20.1564617   53.5371819
  23.6715984   19.5042286   54.0581894
  24.1082039   18.5658340   53.8009987
  24.5702457   19.9674149   53.8834381
  23.5717812   19.5713730   56.7336960
  23.5947876   19.5278320   55.7349739
  22.7110271   20.1019821   56.7318497
  23.9100075   24.4815960   50.8536606
  23.0853214   23.9706001   50.5347633
  23.6468525   25.3839512   50.4285355
  24.5583458   24.4985809   53.5671310
  23.7019005   23.9435921   53.7502708
  24.3838940   24.5992661   52.5975456
  22.5065327   23.1990700   61.2468491
  21.7611122   23.8192387   61.0339394
  22.4139500   23.2547321   62.2727585
  22.0002651   23.3693981    2.5884292
  21.1303501   23.8746758    2.8788202
  21.6358624   22.4815807    2.9091043
  21.3830223   20.9060402   57.5943642
  20.4908657   20.4223042   57.6152611
  21.6575928   20.6951180   58.5381660
  21.8789692   20.7139931   60.1831779
  22.1177692   21.5543365   60.6129837
  22.7105389   20.1722355   60.4688950
  24.0460510   19.5583973   61.1488342
  24.4306145   18.7013302   60.7681427
  24.8713341   20.1136913   60.8297234
  23.3598213   19.5983257    2.4869928
  23.7417030   18.7060413    2.6440144
  23.5632114   19.6253529    1.4762443
  24.1529255   24.4236526   57.8445702
  23.3512611   23.9344292   57.4277992
  23.7953835   25.3465328   57.5557098
  24.6251926   24.6128311   60.3881264
  23.8921413   23.8961143   60.6150703
  24.4028721   24.5140457   59.3763199
  21.6652527   31.2844696    6.9547901
  20.8621883   31.7431393    6.5156875
  21.4986935   30.4038334    6.4918056
  21.9587517   31.0159435    9.5297813
  21.0816669   31.5251122    9.6640453
  21.9158096   31.1068077    8.4983273
  20.9846001   28.6512527    3.1796408
  20.2464066   28.0416145    2.9608271
  21.7447891   28.0230885    2.9002790
  21.2598782   28.9087086    5.7994518
  20.3933563   28.4188442    5.9955401
  21.1404324   28.7594414    4.7823172
  23.6262779   27.5388336    6.7944608
  22.9284267   28.1467056    6.3609896
  24.3826923   27.9937897    6.2757025
  23.8971081   26.8920403    9.3886309
  23.8959217   27.0133877    8.3939238
  22.9837055   27.3706665    9.5154333
  24.2594547   32.3122520    3.0616670
  24.2737923   32.3458710    4.0826550
  23.3531895   31.8856087    2.9420533
  24.0109882   32.2191429    5.9483042
  23.1872025   31.7479210    6.3676462
  23.6145821   33.1325302    6.1171899
  22.0139370   30.9695530   13.4867277
  21.2363377   31.5255222   13.2241173
  21.8085880   31.0161800   14.5040970
  21.4615936   30.8958569   16.0727062
  20.5732040   31.2259884   16.4829788
  21.2816124   29.9399872   16.2914352
  21.5891190   28.1453686    9.7574949
  21.8468838   29.1163960    9.5781488
  21.4264164   28.3037472   10.7587709
  21.5650921   28.5201683   12.5186415
  21.7497330   29.4505424   12.8564873
  22.4391708   28.1404209   12.8197794
  23.8730946   27.4306049   13.4172430
  24.0870075   26.4466000   13.2012768
  24.7277489   27.7706966   12.9702845
  23.3561649   27.0556602   16.0468864
  23.3518124   27.2360992   15.0206518
  22.5261250   27.6067734   16.2564278
  24.1590366   32.3629608   10.1779222
  23.2740326   31.9050503    9.9408808
  23.9261799   33.1983147    9.6598530
  24.0598679   32.7431908   12.7481279
  23.3356285   32.0807724   12.9791489
  24.0373707   32.5949364   11.7570925
  21.8389149   31.2295799   19.9597740
  20.9791183   31.7577686   19.7298355
  21.6455555   31.2147999   20.9931927
  21.5127220   31.0976601   22.5857639
  20.7770519   31.5704403   23.0965576
  21.3920307   30.2020741   23.0206985
  21.2192039   28.4274464   16.9074268
  20.3366776   27.8781853   16.7306480
  21.1002884   28.4101238   17.9202881
  21.3483982   28.5534019   19.5673065
  21.6687508   29.4822044   19.6115265
  22.1419640   28.1342983   20.0238552
  23.6766167   27.3295326   20.4273472
  24.0104580   26.4498291   20.0331306
  24.4816513   27.8867378   20.0783710
  23.3515644   27.1893692   23.0305271
  23.4804134   27.2790337   22.0008965
  22.5276585   27.7326851   23.1069355
  23.5532932   32.3615685   16.9905663
  22.7718010   31.8669281   16.6666698
  23.3357716   33.2518425   16.6122265
  24.1686935   32.4746399   19.5742149
  23.2882042   31.9896564   19.8243065
  24.0107975   32.3176689   18.5546818
  21.9846535   31.0559883   27.0448437
  21.2290688   31.6599789   26.7791348
  21.8210335   31.1371365   28.0646095
  21.5783176   31.2668247   29.7546139
  20.6446133   31.5134277   30.1464195
  21.5114880   30.2786560   30.0011349
  21.0731468   28.5997410   23.5384579
  20.2600937   28.0093384   23.4644337
  21.1255684   28.6459904   24.5673351
  21.2682877   28.4130154   26.1747799
  21.5524349   29.3050652   26.5845528
  22.1184406   27.9210072   26.4392700
  23.4910984   27.3187256   27.0278606
  23.9127960   26.4998817   26.7101021
  24.2674065   27.9646244   26.7883015
  23.2521114   27.3438816   29.7956696
  23.2004509   27.4178658   28.8093185
  22.4058647   27.9234524   29.9057255
  23.6066875   32.2101593   23.7193050
  22.8730545   31.7815647   23.1997318
  23.4791336   33.1517105   23.2827816
  24.1842117   32.4635658   26.2465229
  23.4339123   31.9046021   26.5901814
  23.9244652   32.3278122   25.2176838
  22.0887699   31.0303555   33.7624016
  21.2269306   31.6019630   33.5235863
  22.0283699   31.2364368   34.7003670
  21.7281036   31.0990086   36.3695107
  20.8843594   31.4944954   36.7671127
  21.5250740   30.1541080   36.6317406
  21.1431332   28.7492065   30.3934479
  20.3004951   28.2329102   30.2642479
  21.1802254   28.6347198   31.4039841
  21.3212852   28.5237713   33.0170479
  21.6707687   29.4740677   33.2365150
  22.1546307   28.0760593   33.4072723
  23.5119381   27.1936970   33.9201546
  23.8766193   26.3016224   33.7383919
  24.3006153   27.6975956   33.5537910
  23.2850513   27.1241188   36.6512489
  23.2824001   27.0383301   35.6303482
  22.3934708   27.6193199   36.7018852
  23.6523132   32.5453453   30.6465874
  22.7843800   32.1412086   30.1983223
  23.3840313   33.4736786   30.4522877
  24.3635597   32.4275589   33.2199287
  23.6225262   31.8423576   33.5263290
  24.0948181   32.4331970   32.2159195
  22.0857792   30.8581772   40.3689079
  21.3300571   31.5658321   40.2221794
  21.9094067   30.8323994   41.3775520
  21.6855831   30.9911385   42.9778404
  20.9128475   31.4982491   43.4019890
  21.3431988   30.0803814   43.3967781
  21.1002998   28.6033936   37.0479355
  20.2995262   28.0054626   36.9422264
  21.1214314   28.5513954   38.0642967
  21.3431606   28.3681316   39.6717110
  21.6464233   29.3122978   39.9485359
  22.2184830   27.9567127   39.9726181
  23.5072899   27.2109261   40.6323051
  23.8705292   26.3015404   40.4746513
  24.3308029   27.7024803   40.2906723
  23.1749935   27.3976097   43.2913589
  23.1720390   27.4549160   42.2991867
  22.2777462   27.8952904   43.4571419
  23.9969730   32.4224930   37.1536827
  23.1655464   31.9482746   36.8921242
  23.7030735   33.3283615   36.8125267
  24.3474579   32.2783012   39.7937622
  23.5740871   31.6442928   39.9406700
  24.2938366   32.3078041   38.7842865
  22.1651783   30.9685955   47.2032852
  21.3194313   31.4946041   47.0770950
  22.1144123   30.9549370   48.2302437
  22.0299034   30.9137821   49.7940865
  21.1896057   31.4099979   50.1373024
  21.7251091   30.0325069   50.2218857
  20.9539394   28.7164154   44.0454941
  20.1636238   28.1360645   43.8780518
  20.9075031   28.5800991   45.0814629
  21.2170792   28.4688416   46.6413040
  21.5838165   29.3641567   46.9153900
  22.0279617   27.9269733   46.8975677
  23.4819241   27.1565762   47.2071724
  23.8307686   26.2321529   46.9568825
  24.3246155   27.6399822   46.9224548
  23.3932247   26.9313450   49.9237518
  23.3962269   27.0735817   48.9627304
  22.5469074   27.4563656   50.1498375
  23.8565521   32.4887161   43.9590721
  23.1525021   32.0270882   43.3428535
  23.5603390   33.4226151   43.6813660
  24.3871555   32.1343689   46.4658737
  23.5646229   31.6252022   46.7213745
  24.1393394   32.2545242   45.4808235
  22.2767239   30.7373905   53.6492462
  21.5689678   31.4000721   53.3773842
  22.1741924   30.9391670   54.6550255
  21.7111816   31.0110741   56.1912575
  20.9106007   31.3893089   56.6564255
  21.7220287   30.1530018   56.7453117
  21.2234516   28.4319496   50.6737823
  20.3691311   27.8103218   50.5801010
  21.2061977   28.3378029   51.6771584
  21.5304508   28.1309319   53.3682861
  21.8494339   29.0943527   53.4513321
  22.3949490   27.7342606   53.7610512
  23.7430782   27.0304871   54.4023399
  24.0995159   26.0992661   54.1872292
  24.6245136   27.5134277   54.1778831
  23.3789902   26.8374062   57.0069046
  23.4393215   26.9691582   56.0134621
  22.5307178   27.3920555   57.0750961
  24.0268135   32.3189697   50.9453354
  23.2718716   31.8028793   50.5182343
  23.8113995   33.2226601   50.5618210
  24.4359741   32.2175446   53.5233765
  23.6262665   31.5804520   53.6225166
  24.2794819   32.3626404   52.4972839
  22.3645782   30.8783875   61.0636826
  21.4970989   31.3449516   60.9228668
  22.4036198   30.9777641   62.0667076
  22.0321636   31.0970459    2.5567336
  21.1388111   31.6058350    2.6834557
  21.6377296   30.1763115    2.8274662
  21.3727551   28.5913773   57.4710846
  20.4949532   28.0828400   57.4182167
  21.4384842   28.4793911   58.5252380
  21.7364712   28.4291191   60.0948334
  22.0341053   29.3513260   60.4212189
  22.4892826   27.9139175   60.4949913
  23.7920990   27.0456142   61.0829277
  24.1273804   26.1003361   60.7717400
  24.6489086   27.4907990   60.6886139
  23.3797169   27.2551708    2.4763966
  23.6793003   26.3746586    2.7984953
  23.6055698   27.1494026    1.5187936
  23.8575363   32.0459785   57.5661087
  23.0316067   31.8074780   57.0351105
  23.8509483   33.0248451   57.2396088
  24.5487213   32.2770157   60.1305580
  23.7406883   31.7724419   60.4165840
  24.3772240   32.1740494   59.1202545
  21.7313385   38.9584579    6.8498206
  20.8949013   39.4240189    6.6640644
  21.5188770   38.1075821    6.3317523
  21.8688622   38.6988449    9.4365187
  21.0862293   39.4119530    9.4924183
  21.9269600   38.7767601    8.4143248
  20.8997841   36.1081123    3.0457876
  20.2148247   35.5003700    2.6532042
  21.7008839   35.5729523    2.7847419
  21.1527462   36.7458496    5.5877204
  20.3755226   36.2408943    5.9240522
  21.0215492   36.5327911    4.5940585
  23.2062016   34.9663353    6.2598815
  22.5484848   35.5772247    5.8788085
  24.0473499   35.5112228    6.0054922
  23.4483414   34.5963516    8.9783297
  23.2004433   34.6826401    8.0006847
  22.6598148   35.2214737    9.2777843
  24.0414581   39.7928505    3.0107064
  23.9256725   39.9517174    3.9963737
  23.1727161   39.2656288    2.8845551
  23.8462811   40.4259300    5.7403383
  23.0774460   40.0668907    6.2852144
  23.6972065   41.3842049    6.0255451
  21.8756962   38.7294998   12.9914045
  21.0854454   39.2761307   12.6292000
  21.5591812   38.7621727   13.9762506
  21.5161858   38.6837006   15.6491423
  20.6739731   39.1032219   16.1259308
  21.4107380   37.7638474   16.0850468
  21.3601723   36.1594658    9.7269087
  21.5823307   37.1393700    9.6601496
  21.3500690   36.1948776   10.7590418
  21.4288635   36.2235069   12.3151436
  21.6522808   37.2090759   12.4449482
  22.2750263   35.8919640   12.8134680
  23.6803036   35.3670425   13.3799305
  23.8871250   34.4357071   13.1148300
  24.5291309   35.7667770   13.0092602
  23.1951180   34.9088326   16.0326862
  23.3253727   35.1494598   15.1023073
  22.2881355   35.4030457   16.1573257
  24.0732594   40.1586189   10.2277336
  23.1976013   39.6580048   10.0246143
  23.9110146   40.9239845    9.5831470
  24.2223854   40.0742035   12.8460712
  23.3501968   39.5354805   12.9836273
  24.1905689   40.0056992   11.8609934
  22.0138035   38.7593422   19.9003124
  21.1158619   39.1294594   19.6428757
  21.8465710   38.7809258   20.9133892
  21.5885410   38.8239441   22.5429516
  20.6672115   39.1940193   22.8876629
  21.3490810   37.8657455   22.7685394
  20.9259491   36.2222862   16.6987553
  20.1570187   35.6933632   16.3709316
  20.8860931   36.0501633   17.6775761
  21.4746189   36.0592155   19.3770962
  21.8471889   36.9833984   19.5396919
  22.3342361   35.5832024   19.6152573
  23.6900711   34.8773499   20.4471779
  23.8599110   33.9452667   20.1508694
  24.5817719   35.2911034   20.1071777
  23.1800518   34.7120781   23.0271053
  23.4143772   34.7799454   22.0274067
  22.3792210   35.2839203   23.0117588
  23.7183399   39.9735336   16.6608486
  22.9499416   39.5920601   16.1443882
  23.5763378   40.9420128   16.3412457
  24.2042732   40.1258659   19.3094482
  23.4431992   39.5356369   19.6180305
  23.9577312   39.9999084   18.3120747
  22.1699581   38.5151520   26.7904797
  21.3323193   38.9953346   26.4917583
  22.0109558   38.5863533   27.7521172
  21.7350464   38.7435493   29.5409451
  20.7870636   39.1308517   29.7762451
  21.4520855   37.7899780   29.8339005
  21.0451069   36.2621422   23.2358208
  20.2040443   35.7041206   23.0466595
  20.9742603   36.2411575   24.2231598
  21.4060688   36.0719070   25.8852539
  21.8263988   36.8964996   26.2806854
  22.1836128   35.4520912   26.2610397
  23.4187927   34.8297768   27.0306072
  23.7616711   33.9258881   26.6949348
  24.3334236   35.2557945   26.8771095
  23.1652336   35.0757332   29.7461605
  22.9857273   35.0432854   28.7859631
  22.3017521   35.6311188   29.9718819
  23.6748161   40.1379967   23.7084217
  22.8487225   39.7322006   23.2966671
  23.4481106   41.0748367   23.4387550
  24.2890797   39.9818611   26.3108673
  23.4973297   39.3845062   26.4588947
  24.1360874   40.1394005   25.3378944
  22.1675739   38.5081558   33.6802444
  21.3510532   39.0823936   33.3761787
  21.8606701   38.5809746   34.6650429
  21.6004562   38.7546196   36.2745438
  20.7568970   39.2195206   36.6123466
  21.3048267   37.8442726   36.6280098
  21.0236435   36.3295021   30.3405514
  20.2982426   35.6526070   30.1827374
  21.1081257   36.1508942   31.3246822
  21.3627815   36.0203857   33.0170441
  21.6820850   36.9873924   33.2101860
  22.2436848   35.6321716   33.2747498
  23.7151814   34.9927025   33.6655579
  24.1257153   34.0606079   33.5127335
  24.4745636   35.4980698   33.2701759
  23.1451797   34.8623543   36.2905197
  23.2760181   34.8817787   35.2792664
  22.2784424   35.4370499   36.2541542
  23.7252007   40.0526352   30.6652069
  22.9220085   39.5466309   30.2356014
  23.4396038   40.9837151   30.2206364
  24.4454155   39.7351913   33.2811356
  23.6313133   39.1209297   33.3669090
  24.3995380   39.7731934   32.2707710
  22.0615673   38.5734787   40.0593834
  21.2930489   39.2314110   39.8475189
  21.9589024   38.6965256   41.0759048
  21.6530781   38.7922707   42.7277489
  20.8525906   39.2915993   43.1036491
  21.4538364   37.9197350   43.1892586
  20.9967060   36.2096138   36.6683502
  20.1598511   35.6557350   36.5765305
  21.0431881   36.1398201   37.6771545
  21.5056858   36.0571556   39.3945236
  21.8565254   36.9939613   39.6677780
  22.2942467   35.5876083   39.8644829
  23.4897499   34.7721977   40.5170174
  23.7953053   33.8390732   40.2450905
  24.3265133   35.2405968   40.1398354
  23.1122017   34.9508209   43.1711540
  23.0782719   34.9410019   42.1950226
  22.3527908   35.6244545   43.3171730
  23.8309956   39.6829071   37.1781464
  22.9339848   39.3597183   36.7309685
  23.7688999   40.6187973   36.7654114
  24.3223400   39.8316574   39.7986069
  23.4731770   39.3061485   39.8851242
  24.2917824   39.8191986   38.7620735
  22.4546928   38.3841133   46.8484268
  21.6172981   38.9537468   46.5694962
  22.3066311   38.5785141   47.8492546
  21.8612576   38.6922684   49.3297920
  20.9998302   39.0802383   49.7523193
  21.6407433   37.7312202   49.6704330
  21.0258312   36.4647522   43.7934532
  20.1672802   35.9556694   43.5270271
  20.8877831   36.3335991   44.7900047
  21.4323521   35.8548737   46.6145554
  21.7812080   36.7800636   46.8277168
  22.3136330   35.3681030   46.8671188
  23.6912041   34.6107140   47.0874290
  24.0366955   33.6802864   46.8511353
  24.5298252   35.1280861   46.8104630
  23.6592827   34.8504372   49.7086372
  23.5883236   34.6649933   48.6944733
  22.7843647   35.3461189   49.7703629
  23.8077507   40.0725708   43.8961296
  22.9824467   39.5940590   43.5335045
  23.5087032   41.0070953   43.6054993
  24.5603542   39.9633408   46.4039803
  23.7366371   39.3326683   46.5731621
  24.4375172   39.9907074   45.4197426
  22.1925640   38.3108940   53.9026947
  21.3582764   38.8867302   53.7047997
  22.0753021   38.4238625   54.9072342
  21.7465057   38.4196014   56.5579872
  20.9955845   38.9000626   57.0640907
  21.5083523   37.5093193   56.9920731
  21.3572350   36.2289963   50.2926598
  20.5110550   35.6973991   50.2071838
  21.3828182   36.1594048   51.3175735
  21.3909588   35.9738998   52.9547882
  21.7199249   36.9233246   53.2104874
  22.2189980   35.5029488   53.3855858
  23.5240364   34.7608261   53.9771423
  23.9150734   33.8019485   53.9818192
  24.3864040   35.1034355   53.5503082
  23.4966373   34.5229340   56.6650963
  23.2047482   34.6383209   55.6661377
  22.6133194   35.0214653   56.9736328
  23.9178982   39.9292984   50.4750671
  23.1093807   39.4927254   50.0296478
  23.6908817   40.8761787   50.2105179
  24.2382755   39.8306160   53.0572777
  23.4683151   39.1938248   53.2581596
  24.1821938   39.7287865   52.0569878
  22.4205265   38.2917862   60.9904976
  21.5479603   38.7924194   60.7661667
  22.3300285   38.5583954   62.0150948
  21.8834324   38.5234146    2.3510001
  21.0034943   38.9636154    2.5804296
  21.5898190   37.5829659    2.5992181
  21.2679462   35.8613853   57.5370102
  20.4289398   35.3700333   57.3410301
  21.2822514   35.8536148   58.5174026
  21.7658958   35.7766037   60.1973534
  22.0507774   36.7003365   60.5408821
  22.6529980   35.3403664   60.4914742
  24.0597076   34.6561165   60.9601440
  24.3883572   33.7643700   60.6097870
  24.7629566   35.2204018   60.5228043
  23.3148975   34.7680359    2.1749573
  23.6310902   33.8208237    2.3449497
  23.6253014   34.7604752    1.1855713
  23.9876289   39.6012573   57.4105110
  23.0793056   39.2069321   57.0930977
  23.6925259   40.5701790   57.1329193
  24.4026871   39.7782898   59.9827614
  23.6398125   39.1311073   60.1655388
  24.3849010   39.7466583   58.9988213
  21.7280006   46.6904068    6.5422549
  20.9781075   47.2623329    6.1636200
  21.5062428   45.8929062    5.9841065
  21.8687820   46.3030319    9.1524944
  20.9982567   46.9062996    9.2462587
  21.7906055   46.2931862    8.1530390
  21.0716515   43.7174416    2.9256396
  20.3209362   43.0564957    2.6751747
  21.8164730   43.1103630    2.6840928
  21.1774025   44.3767014    5.4288626
  20.3918705   43.8332825    5.6691937
  21.1793537   44.1980133    4.4153094
  23.2974186   43.0505829    6.3418579
  22.6330986   43.7810783    6.0778341
  24.0899620   43.5882072    5.9348454
  23.7356873   42.3219604    8.7516451
  23.5916195   42.6512794    7.7764158
  22.9330368   42.8210716    9.0946054
  24.1656895   47.3363304    2.9647427
  24.0185776   47.5384750    3.9623430
  23.2898998   46.8682175    2.8402195
  23.9093628   47.9356880    5.6508026
  23.1565151   47.4564819    6.1280837
  23.5207291   48.8277054    5.7533212
  22.0748348   46.5494156   12.8903952
  21.1450310   46.9255409   12.5683889
  21.7730064   46.4899712   13.8732834
  21.3893795   46.3592072   15.3682699
  20.6450233   46.8047791   15.7962427
  21.2694187   45.4489555   15.8459549
  21.6919823   43.7066574    9.7523308
  22.0674591   44.6475792    9.5730085
  21.4610062   43.8591614   10.6974592
  21.4619122   43.9604416   12.4595079
  21.8065205   44.8744774   12.5832787
  22.2984123   43.4696770   12.7523317
  23.6956139   42.7411804   13.1657829
  23.8924160   41.7635422   12.9760170
  24.5312672   43.1278801   12.7675190
  23.2845058   42.4773750   15.8759050
  23.4229717   42.6180840   14.8816700
  22.5106640   43.0989838   15.9855289
  24.0966625   47.5843391    9.8461266
  23.1867733   47.1950951    9.6522474
  23.8590851   48.4979286    9.4594641
  24.2319374   48.0978050   12.5905943
  23.4431629   47.4495773   12.7095261
  24.2467289   47.9405670   11.5643854
  21.8058109   46.4305840   19.8371181
  20.9991951   46.9396896   19.6015091
  21.6458950   46.3443718   20.8289700
  21.3151741   46.3472595   22.4600105
  20.5923996   46.8336525   22.9415970
  21.0441170   45.4205208   22.7962723
  21.1750546   43.9927368   16.5293674
  20.3253040   43.3775482   16.3758984
  21.0895424   43.9045868   17.5416965
  21.1353569   43.7847214   19.2015114
  21.3636017   44.7180595   19.4780025
  21.9753475   43.3750305   19.5930920
  23.3534355   42.5856857   20.1558113
  23.6644707   41.6668243   19.8501205
  24.1907463   43.0844460   19.7565060
  23.0721512   42.5427246   22.7969189
  23.1535397   42.5944061   21.7695255
  22.2113552   43.0677757   22.8657646
  23.5167122   47.5494957   16.5891800
  22.7630062   47.1711121   16.0596752
  23.2752132   48.5171852   16.4597073
  24.1647129   47.5672722   19.2164230
  23.2370529   47.1506920   19.3867798
  23.9877148   47.5627289   18.2091904
  22.1970863   46.1229706   26.8368664
  21.3535519   46.7076416   26.6125507
  21.9449425   46.1619987   27.8443031
  21.4815159   46.3664246   29.4407330
  20.6362133   46.8563347   29.6824265
  21.1131897   45.4420624   29.6889992
  20.8103809   43.8823586   23.2391529
  19.9365845   43.3683624   23.1005554
  20.9062672   43.6523285   24.2273006
  21.2719536   43.6832848   25.8927002
  21.5938721   44.6141510   26.2033138
  21.9601059   43.2053909   26.4519749
  23.3479633   42.4925652   27.0336800
  23.7207584   41.5622520   26.9166451
  24.2159538   42.9320107   26.5839806
  23.1893024   42.4795227   29.6029930
  23.0539036   42.4664421   28.5827847
  22.3741016   43.0815620   29.7693443
  23.6183090   47.5794487   23.5620918
  22.8210583   47.0919456   23.1127434
  23.4199333   48.4709473   23.1250782
  24.2468395   47.5409126   26.0925312
  23.4924774   46.9771004   26.4558258
  23.9598274   47.5631905   25.1318436
  22.1524277   45.9520416   33.2772675
  21.3403893   46.5660439   33.1750259
  22.1869774   46.0976677   34.3136978
  21.9097042   46.3425293   35.8287659
  21.0371132   46.7651520   36.1310234
  21.6737175   45.4095421   36.0882912
  21.0315628   43.8442001   30.0967350
  20.2835560   43.1831741   29.9268036
  20.9883480   43.7454376   31.1212120
  21.3792858   43.3835831   32.6242676
  21.6484871   44.3166809   32.8954811
  22.2596054   42.9376984   33.0285759
  23.5806198   42.2081833   33.7926102
  23.9273109   41.3042564   33.5540466
  24.3862953   42.6989861   33.3220520
  23.4988270   42.3234901   36.4730072
  23.5851154   42.2673225   35.4681625
  22.5482578   42.6973763   36.4673347
  23.7547550   47.5519753   30.1296921
  22.8999748   47.0854797   29.8888702
  23.4277744   48.4894829   29.8521118
  24.3170490   47.6108856   32.7378616
  23.5306873   46.9771271   32.9184380
  24.2331676   47.5678139   31.7339916
  22.3574524   46.1784134   40.2363777
  21.5660267   46.7968330   40.0303230
  22.2655926   46.3012924   41.2607193
  21.8609276   46.5579796   42.7837753
  20.9650898   46.9606133   43.0954094
  21.6183052   45.6049614   43.1659660
  21.3262444   43.7462578   36.5261040
  20.5300446   43.0993004   36.4287987
  21.2697163   43.8437462   37.5466194
  21.5746861   43.7170715   39.2157936
  21.9138222   44.5905609   39.6195564
  22.3267059   43.1665344   39.6196632
  23.5779572   42.4303017   40.2232437
  23.8738308   41.4360542   40.1047096
  24.4788799   42.8228531   40.0841255
  23.2035389   42.4643707   42.8849411
  23.0516987   42.3999786   41.8626785
  22.4008923   43.0289993   43.0262146
  24.1583729   47.5119820   36.8630981
  23.3464832   47.0112686   36.5274124
  23.9193726   48.4283447   36.5470161
  24.5750809   47.7849312   39.5333481
  23.8098507   47.1483994   39.6974220
  24.5574360   47.7279396   38.5549240
  22.2434196   46.1766205   46.8177986
  21.5010509   46.8516235   46.5900230
  22.1337547   46.2076721   47.8276138
  21.8252811   46.1878510   49.5939522
  20.9019108   46.5396919   49.8515282
  21.5919437   45.2202339   49.8240700
  21.1249676   44.1210938   43.4632416
  20.2656536   43.5831146   43.4012756
  21.2365398   43.9701157   44.4874001
  21.6354866   43.7371140   45.9402084
  21.9387035   44.6467857   46.2692451
  22.4046993   43.2059135   46.3162308
  23.6419983   42.4151154   47.0159760
  24.0418434   41.4762764   46.9586830
  24.5159035   42.8708229   46.7498474
  23.4389477   42.3721886   49.7099342
  23.4335880   42.4569397   48.7303200
  22.5066242   42.8328781   49.8463821
  23.9717350   48.0388603   43.8505936
  23.1209660   47.5460663   43.4655228
  23.7328796   48.9367027   43.5369835
  24.3326664   47.8404694   46.5593643
  23.5575638   47.1733017   46.5919075
  24.3657627   47.8711166   45.5599976
  22.0700760   46.0237007   53.7181473
  21.2707825   46.5944977   53.5584946
  22.0492783   46.0865173   54.7378540
  21.8641243   45.9834404   56.3353348
  21.0848503   46.4450531   56.8778954
  21.6903782   45.0793381   56.8059082
  21.2322636   43.7226105   50.3305321
  20.5159626   43.0653458   50.1269341
  21.2165108   43.5766335   51.3237724
  21.6029186   43.5342560   52.9832726
  21.8658676   44.4958763   53.2804718
  22.3745193   43.0927010   53.4570656
  23.6789494   42.3027039   53.9727249
  24.0127201   41.3963699   53.6568184
  24.4360256   42.8656540   53.5800438
  23.5881233   42.1523476   56.5908928
  23.6688519   42.2550316   55.6171227
  22.8244438   42.8010101   56.7269516
  23.7123089   47.5536003   50.8620453
  23.0699043   47.0484390   50.2921753
  23.4952316   48.4400482   50.4089928
  24.1550446   47.5309525   53.4545097
  23.3591805   46.8982239   53.6016197
  24.0059872   47.5652161   52.4079361
  22.3853321   45.8759880   60.8132858
  21.5830898   46.5221176   60.6385345
  22.3376026   45.9971085   61.8227730
  21.9768295   46.0794144    2.2319579
  21.1614628   46.6092682    2.5140646
  21.5378437   45.1776924    2.4144685
  21.4486980   43.6468925   57.4130745
  20.6030502   43.0438728   57.2475967
  21.4355278   43.5137367   58.4238625
  21.5861378   43.4828987   60.0445328
  21.9478054   44.3484764   60.4125175
  22.3424435   42.9000854   60.3951302
  23.7079010   42.1500664   60.9404793
  23.9029617   41.2511177   60.5182114
  24.4736729   42.6437187   60.4598427
  23.3728523   42.3752022    2.2519979
  23.5570641   41.3784065    2.3501000
  23.5649090   42.3542747    1.2583463
  23.8884907   47.3404045   57.2267952
  23.0320778   46.9190063   56.9097099
  23.6705151   48.2732391   56.8804016
  24.4841309   47.2855797   59.8128738
  23.8087902   46.6329041   60.1413727
  24.1467381   47.3179169   58.8492279
  21.6077671   54.7841911    6.6326294
  20.8131294   55.2897301    6.2670751
  21.3123493   53.8935966    6.2849350
  21.6623135   54.1801147    9.3389864
  20.8228779   54.6500969    9.6711130
  21.5937672   54.4161339    8.3675900
  21.3308220   51.2773933    3.1955330
  20.5169334   50.7505455    2.8445799
  22.0402565   50.6182442    2.8685527
  21.0915775   52.3156815    5.7025828
  20.3081303   51.7078629    5.8705735
  21.1950665   52.0971680    4.7130833
  23.1958504   50.6099319    6.2425551
  22.4841671   51.2737961    6.1149235
  23.9121647   51.0684624    5.6826482
  23.4228287   49.9436569    8.8213692
  23.3132896   50.1040688    7.8136511
  22.6350594   50.4663582    9.1483421
  24.2208748   55.0725594    2.9718175
  23.9643211   55.2333603    3.9338701
  23.3537960   54.6183243    2.7318075
  23.7824726   55.6111031    5.5302458
  22.9614735   55.1991272    5.9842243
  23.7289963   56.4935303    5.9873924
  21.9463997   54.0432472   13.0382423
  21.1738834   54.6337433   12.7874079
  21.7466946   54.0015144   14.0371037
  21.4418068   53.9643555   15.6541948
  20.5539780   54.3489990   15.9415493
  21.2258854   53.0185585   15.9613667
  21.3133240   51.4093590    9.7217369
  21.4327621   52.3853111    9.5910196
  21.2496490   51.4925003   10.7523403
  21.3265972   51.4725037   12.2547483
  21.5206623   52.4674339   12.5745163
  22.2018070   51.1732788   12.6439772
  23.5821190   50.7160378   13.4187202
  23.8449764   49.7537193   13.1939163
  24.4153614   51.1340752   13.0750599
  22.9453144   50.1216507   15.9637690
  23.0182781   50.4610405   15.0300455
  22.1511173   50.6752739   16.2507973
  24.1636372   55.0739784    9.9623365
  23.2625141   54.6503563    9.7822323
  23.9067268   55.9959984    9.7235098
  24.1150188   55.5645752   12.6016979
  23.2929459   54.9432297   12.7971220
  23.9899578   55.4214058   11.5663834
  22.0258541   54.0383797   19.7942009
  21.1630135   54.5604324   19.5781097
  21.8596020   54.0543480   20.8086243
  21.6272259   53.8846016   22.4229698
  20.7666626   54.1881866   22.8639164
  21.4205265   52.8963509   22.5838375
  20.7755184   51.5016632   16.5857658
  20.0635223   50.8498077   16.3667526
  20.6599445   51.4336700   17.5901623
  21.0795383   51.4880600   19.2614937
  21.4485035   52.4353142   19.4266701
  21.9432182   51.0165520   19.5778370
  23.4657230   50.2300568   19.7997189
  23.8135605   49.3113937   19.6321850
  24.2747021   50.7094193   19.3801727
  23.2998714   50.0433502   22.4616146
  23.2836056   50.0634346   21.4020462
  22.4657898   50.5783539   22.5174389
  23.7328625   55.1871109   16.4899883
  22.9305611   54.7012329   16.1221333
  23.3762302   56.1345177   16.2936974
  24.0482273   55.5137787   19.1383858
  23.3532085   54.7925758   19.3471813
  23.9709759   55.4185181   18.1571674
  22.0290928   53.6889763   26.5965252
  21.2003078   54.2811813   26.4127178
  21.8612652   53.7568130   27.6275024
  21.4941368   54.0497551   29.1539936
  20.7198162   54.5288849   29.6177673
  21.2431011   53.1347237   29.4803314
  20.9201565   51.3352661   22.9805508
  20.1204472   50.7115936   22.9740677
  21.0853081   51.2930946   23.9865017
  21.3675194   51.2070198   25.5221233
  21.5825615   52.1188087   25.8967533
  22.1892643   50.7665825   25.9643822
  23.4128075   50.0319023   26.8187160
  23.7588329   49.1004753   26.5967979
  24.2506599   50.5181160   26.4515629
  23.0685692   50.0433884   29.4121475
  23.1405830   49.9359436   28.4168720
  22.2807369   50.6760750   29.4369469
  23.8464394   54.9978676   23.3926811
  22.9872932   54.6869354   22.9325466
  23.7337360   55.9985237   23.1098804
  24.2517929   54.9724464   25.9898300
  23.3880157   54.5032539   26.1904297
  24.1620312   54.9432526   24.9910488
  21.7609825   53.8811951   33.1259232
  20.8819809   54.4238739   32.9684486
  21.6563950   53.9789505   34.1394691
  21.6527138   53.9538383   35.7833099
  20.8790894   54.3270302   36.3024368
  21.5225697   52.9929848   36.2001419
  20.9771194   51.6546974   30.1244755
  20.1420135   51.0451546   29.9066563
  21.0349579   51.3862152   31.1005230
  21.3120918   51.2497902   32.7037468
  21.6401196   52.2100792   32.8902550
  22.1416855   50.8127441   33.0985565
  23.5192051   50.1085739   33.5714188
  23.7973900   49.1544075   33.4279137
  24.4180222   50.4714508   33.2055016
  23.4991283   50.1453552   36.2553825
  23.3719406   50.1414680   35.2288246
  22.6900082   50.7492676   36.4139748
  23.6411724   55.3678169   30.2326813
  22.8220482   54.9403419   29.8710480
  23.5396004   56.2519989   29.7210140
  23.9183674   55.4340858   32.8212318
  23.1628895   54.7707481   32.8486404
  23.8754234   55.5063057   31.7823296
  22.2075996   53.9358368   40.1639862
  21.3504047   54.4763641   39.9689102
  22.0927582   54.0327988   41.1671677
  21.7861767   54.0882034   42.8060570
  20.9388294   54.4674950   43.2789307
  21.5353642   53.1388626   42.9771805
  21.2934189   51.5170708   36.8157387
  20.4389439   51.0343208   36.6264572
  21.2020721   51.4954300   37.8606186
  21.4591465   51.4943733   39.4560585
  21.6980019   52.4528580   39.7031136
  22.4184704   51.0944977   39.6880417
  23.7579880   50.3226814   40.1362877
  24.0885029   49.4022675   40.0133095
  24.6534843   50.7499390   39.8273926
  23.3807774   50.5575218   42.8755188
  23.2635822   50.5595093   41.8842087
  22.5964050   51.1007118   43.0932274
  23.8272629   54.9400635   36.8811684
  22.9869823   54.6940498   36.3073692
  23.8325901   55.9356613   36.5101204
  24.3724747   55.1047821   39.2986603
  23.5549240   54.6262779   39.5984612
  24.1396103   55.0323906   38.2990265
  21.9465065   54.0066376   47.1141205
  21.1243687   54.6061974   46.9300804
  21.8783627   54.1096916   48.1306992
  21.8223495   54.0062523   49.7258301
  21.0047569   54.4200668   50.1506958
  21.5073948   53.0180550   49.9352570
  21.0471935   51.6550064   43.5880013
  20.2481136   51.0282745   43.4970741
  21.1763973   51.4477463   44.5622063
  21.5237637   51.3785553   46.2443123
  21.9275570   52.3050270   46.5919304
  22.3444748   50.8957024   46.6598091
  23.7656517   50.2991638   47.1841888
  23.9463844   49.3056755   46.8853149
  24.6256924   50.6585579   46.7890930
  23.3155613   49.9771843   49.7492142
  23.4661674   50.0779190   48.7523956
  22.4506245   50.5872993   49.7526207
  23.9343414   55.1715050   43.8808937
  23.1093884   54.7663612   43.4235420
  23.7788773   56.1236229   43.5720177
  24.2441120   55.2787514   46.4959641
  23.4808846   54.6652069   46.7501831
  24.0532990   55.1842690   45.4812775
  22.1377659   53.7824364   53.9193993
  21.2426929   54.2693787   53.8076897
  22.1760693   53.7504196   54.9350090
  21.7463436   53.9645386   56.5623512
  20.9922886   54.3120537   57.0982018
  21.6963024   53.0134315   56.8968582
  21.2089443   51.4607201   50.3833656
  20.3468361   50.8998184   50.3168564
  21.2948456   51.3266525   51.3986549
  21.4599667   51.3957939   52.9872284
  21.7909470   52.3393974   53.3188286
  22.2638912   50.9380226   53.4728050
  23.4732323   50.0176888   54.0212593
  23.7942295   49.0664825   53.7761307
  24.3444386   50.4881783   53.8206863
  23.3560047   49.8015442   56.5553818
  23.3572578   49.9927826   55.5475044
  22.6045036   50.3919601   56.7829170
  24.0409966   54.9518433   50.7642670
  23.1947117   54.5717163   50.3662033
  23.8518181   55.9173622   50.4693108
  24.4273701   55.1048775   53.5083961
  23.5197067   54.6312866   53.7349358
  24.3238297   54.9212532   52.5269127
  22.2089710   53.4401627   61.1933594
  21.4187794   53.9649010   60.8343086
  22.9113216   54.0497093   60.8535919
  21.8795433   53.8649139    2.4690385
  21.7450047   52.9172783    2.7706575
  22.0053768   53.6411858    1.4986105
  21.3606300   51.3899460   57.3157578
  20.5351944   50.8044434   57.1138306
  21.2379284   51.2862015   58.3051033
  21.5455875   50.9603844   60.2205734
  21.8404255   51.8081894   60.6769028
  22.4030056   50.4260368   60.4308739
  23.7407932   49.6771011   60.7815361
  24.0464077   48.7634087   60.4211617
  24.5653820   50.1652222   60.4692688
  23.4229565   49.8117332    2.1846151
  23.8249702   48.9053650    2.4204326
  23.5616837   49.7241325    1.1940550
  23.9041367   55.3726387   57.4706688
  23.0977402   54.8695908   57.0421410
  23.6177044   56.2875214   57.1138306
  24.0572815   55.0991173   60.0835686
  24.0224247   55.2194366   59.0953369
  24.8777485   54.4948120   60.0524597
  22.1035824   62.1111488    6.9254050
  21.3453388   62.5360489    6.4240618
  21.8593445   61.1609001    6.5959630
  22.0847034    0.3835627    9.4599838
  22.1514950    0.5903840    8.4471779
  22.9580860    0.8198931    9.7108727
  21.9969940   59.3366318    3.0753582
  21.2089233   58.7272987    2.8176126
  22.7157536   58.7705002    2.7312381
  21.8754616   59.7487373    5.6934791
  21.0826683   59.1521416    5.8459020
  21.8910656   59.6693916    4.7014508
  23.8223057   58.1053505    6.8561811
  23.1326389   58.7406578    6.4819818
  24.6110935   58.5898361    6.4476089
  23.5493240   57.5961647    9.4225578
  23.5957737   57.9291954    8.4691772
  22.6472607   57.9900627    9.6136408
  24.2527828    1.9692385    3.1482029
  23.9941750    2.0100706    4.1480198
  23.4041271    1.4657941    2.8566298
  23.9793930    2.3010399    5.7371850
  23.3447227    1.6290470    6.2400541
  24.7850227    1.8073345    6.0811090
  22.0315304   61.9146652   13.5359440
  21.1348324   62.2648277   13.2585812
  21.9126587   61.0317383   13.0923443
  22.3135033    0.7111496   16.1490517
  21.4563332    1.2137892   16.2712364
  22.3058720    0.8246591   15.1043634
  21.3801193   59.0450554    9.9035473
  21.7016678   60.0007439    9.6477690
  21.3484516   59.2953033   10.8897467
  21.6240883   59.4613571   12.5282335
  20.9419556   58.8858604   12.9884672
  22.4239254   58.9180412   12.8002272
  23.7092018   58.0785599   13.2853117
  23.7562237   57.0972939   12.9834566
  24.6548462   58.2621346   13.0822821
  23.1582375   57.8481102   15.8694963
  23.2761860   57.8863564   14.8297195
  24.0299969   58.3445587   16.0697041
  24.2314644    1.6484752   10.1244736
  24.4051285    2.6152785    9.9655867
  24.0928535    1.7853115   11.1584692
  24.0841770    2.0489783   12.6860752
  23.2819157    1.5923892   13.1201763
  24.7364788    1.3066571   12.8970976
  22.3747234   61.8361053   20.3009319
  21.5878868   62.3115082   19.8283501
  22.1542912   60.9227791   19.9734936
  21.8288860    0.5885968   22.8228092
  22.0689392    0.5619637   21.8258533
  22.6898003    1.0798507   23.0901775
  21.2236290   59.4238281   16.7412338
  21.5845718   60.3185997   16.4620914
  22.0204620   58.8906898   16.3774300
  21.9203587   59.2734947   19.2424603
  21.0103550   58.8115311   19.5096836
  21.6275921   59.3767052   18.2307453
  24.1560287   58.0385361   19.9932137
  23.9459381   57.1528702   19.5596008
  23.3778152   58.5210419   19.5229549
  23.5800610   57.5396500   22.6894627
  23.6372967   57.8370438   21.7114067
  22.7416420   58.1342735   22.9052734
  24.6446934    2.1039553   16.7553806
  23.8247185    1.5432510   16.6892662
  24.6674385    2.1009350   17.7595768
  24.3503246    2.2230105   19.4204960
  23.7078705    1.5407091   19.8062973
  25.1874790    1.7766060   19.7372112
  22.1898823   61.6959267   26.8205185
  21.3225231   61.9973335   26.4138699
  22.1090794   60.7581482   26.4561729
  22.4152050    0.5593880   29.4528980
  21.5801506    1.0502393   29.6459179
  22.3484955    0.5754938   28.4482956
  21.5459232   59.1429138   23.3015137
  21.6133575   60.1561089   23.1814079
  21.7208385   59.2211227   24.3308659
  22.1867504   59.1805305   26.0031281
  21.4859505   58.5212402   26.4823704
  22.9752598   58.5845985   26.2878437
  24.2317276   57.5144691   26.6155624
  24.2752457   56.5409050   26.4367447
  25.1300182   57.7923813   26.2676563
  23.5561638   57.8811493   29.1257534
  23.8506508   57.8267822   28.1174412
  24.4263535   58.3538132   29.3932838
  24.0583096    1.7944980   23.6083374
  24.2731857    2.8207049   23.4364643
  24.1972389    1.9351733   24.6337242
  24.2417717    2.1048679   26.2689571
  23.4333839    1.5642248   26.4989529
  24.9360752    1.4235300   26.5056362
  22.3318844   61.7228279   33.5925293
  21.5341187   62.0543518   33.0698318
  22.3054905   60.7632141   33.2225037
  21.8969078    0.7011697   36.2342796
  22.1379642    0.5926831   35.2531052
  22.8529072    0.9928131   36.5178375
  21.5263271   59.3024712   30.0908356
  21.9568501   60.2373276   29.8605518
  22.3423615   58.7788734   29.7634792
  21.7941093   59.2464218   32.8477936
  20.9258595   58.8488350   33.1752930
  21.5482426   59.2288246   31.8572216
  24.0539131   57.9628410   33.4190788
  24.0044937   56.9868660   33.1577454
  23.1855030   58.2704315   33.0367432
  23.7321911   57.4915543   36.1637917
  23.7976494   57.7035789   35.1940880
  22.9784031   58.1567802   36.3446846
  24.6763573    1.9241579   30.1648636
  23.8868713    1.4346603   29.8107071
  24.3808517    1.9071162   31.1264648
  24.2973328    2.0895677   32.9634857
  23.5292511    1.4112363   33.1317291
  25.0082302    1.4238545   33.2270813
  22.1152439   61.6944199   40.5101776
  21.3264675   62.1097450   40.0429420
  22.0087891   60.7961082   40.0781212
  22.4352665    0.4817058   43.0913811
  21.5274506    0.9075822   43.2017632
  22.3566837    0.3780088   42.0696564
  21.6409969   59.2927208   36.7535858
  21.6334381   60.2783432   36.5644417
  21.8131199   59.4309959   37.7570915
  21.9848270   59.2126770   39.4625931
  21.2144051   58.5984650   39.7811165
  22.7219391   58.6784325   39.9023438
  24.2000809   57.5503731   40.4234200
  24.2492962   56.6507912   39.9691391
  25.1150169   57.8512840   40.1123657
  23.4778633   57.9502373   42.9113808
  23.7236004   57.8282661   41.9333496
  24.3535175   58.3734055   43.1669998
  24.2858791    1.6534275   37.0122032
  24.4777298    2.6760581   36.8614197
  24.2851448    1.7701796   38.0153885
  24.3107986    1.8610195   39.7762871
  23.4777508    1.4673756   40.1151161
  24.9314137    1.0649879   39.8511581
  22.4272575   61.8111801   47.2589531
  21.5208473   62.0939598   46.9235497
  22.3828068   60.8849335   46.8820763
  21.9935150    0.3573127   49.8823204
  22.2589741    0.4010063   48.8778648
  22.8370647    0.8527735   50.1559219
  21.4481888   59.3284340   43.9226837
  21.7577496   60.2562828   43.6381340
  22.2646828   58.8467216   43.5008850
  22.2953644   59.1951256   46.4432259
  21.3877544   58.9346428   46.8146896
  21.8927326   59.1693611   45.4704399
  24.2513523   57.7679329   47.3786087
  24.1893730   56.8867607   46.8870926
  23.4218140   58.2204132   46.9209099
  24.0892239   57.4998512   49.9824524
  24.1134624   57.5976715   48.9321671
  23.2658367   58.0534363   50.0734901
  24.6026344    1.8858294   43.8240471
  23.7866802    1.3399694   43.5841904
  24.3964767    1.9342750   44.8162766
  24.3644485    2.2752514   46.4888496
  23.6441174    1.6429621   46.9078140
  25.1292019    1.5859474   46.6592560
  22.0514565   61.7021561   54.0083885
  21.1569290   61.9872398   53.6499443
  21.9924507   60.7474785   53.6890831
  22.3083363    0.4455871   56.6275826
  21.4634171    0.9956709   56.7283707
  22.2918434    0.5282223   55.5911255
  21.7931137   58.9984360   50.5363045
  21.8250847   60.0154800   50.3380203
  21.8889656   59.0773201   51.5067711
  22.1108150   59.1694527   53.2205429
  21.4365349   58.5737267   53.6671066
  22.9162083   58.6164856   53.5284081
  24.1960411   57.7552109   54.1097794
  24.4765987   56.7827721   53.8433876
  25.0760956   58.1115112   53.7300529
  23.5830803   57.9002342   56.6105423
  23.8480968   57.9326897   55.6325302
  24.3872757   58.4571266   56.9626350
  24.2025032    1.7201278   50.5087585
  24.3541222    2.7331100   50.3272247
  24.1148186    1.8877033   51.5106430
  24.2055073    1.8742870   53.1482201
  23.4495182    1.3253636   53.4624519
  24.9460335    1.2407551   53.3635635
  21.8542900    0.3762505   60.5338173
  21.9574909    0.5287658   61.5170670
  22.7235165    0.8212234   60.3090477
  22.1444016   61.8836670    2.1343110
  21.3187447   62.3028221    2.5626326
  21.9857254   60.9596024    2.5351810
  21.4248276   59.2152786   57.3805275
  21.8107185   60.0805626   57.0108604
  22.1318512   58.6094666   57.0443153
  21.5284023   58.9670219   60.0712814
  21.7553577   59.9432755   60.2220955
  21.3342190   59.0717010   59.0492134
  23.9427776   57.8281136   60.7727356
  23.9103584   56.8568306   60.4275131
  23.0067101   58.0474091   60.5174713
  24.2263145   57.7971344    2.2383342
  24.2338295   56.7894020    2.3378782
  24.1664562   57.8034363    1.2473135
  24.5303593    1.8565909   57.3999901
  23.7410412    1.2758424   57.0640907
  24.2965393    1.7577682   58.3854446
  24.0909786    1.7431431   60.1057358
  24.1781769    2.6128154   60.5632515
  25.0757446    1.4687147   60.3201408
  26.4340935    8.2567759    6.5426645
  25.5525055    8.7850351    6.4843664
  26.4615326    8.3691921    7.5804486
  26.5829220    8.5752525    9.2232971
  25.7094193    8.9204693    9.6944504
  26.5642014    7.6872706    9.7117414
  26.5484505    5.9001460    2.9661679
  25.7862606    5.2494812    2.7771385
  26.5693684    5.8212304    3.9483352
  26.4086056    5.6769772    5.6012459
  25.5715637    5.2957602    6.0763922
  26.2819424    6.6157870    5.9990568
  28.5335217    4.2226996    6.1985931
  27.7186909    4.8718266    5.9198012
  28.4514713    4.4403152    7.1845622
  28.5891190    4.8114700    8.8696661
  27.8969650    5.2892914    9.4456539
  28.4316692    3.9162884    9.2207031
  28.9831142    9.8714809    2.8200705
  28.9473343    9.8022490    3.8447368
  28.0716438    9.4263353    2.7172024
  28.6733608    9.4252815    5.4688897
  27.8190956    8.9079456    5.6185455
  28.4057407   10.2534151    5.9821248
  26.4608765    8.3381634   13.0759325
  25.5639496    8.8029242   12.9113655
  26.4005527    8.5341196   14.0808678
  26.2904949    8.4919634   15.6623201
  25.5040188    8.6778030   16.2571716
  26.4815254    7.5756316   16.0560303
  26.5364113    6.0447807   10.3911419
  25.7528057    5.4185376   10.1984262
  26.5899963    5.8860846   11.3588285
  26.8872185    5.6827040   13.1060266
  25.9911232    5.3181930   13.3577881
  26.6970062    6.6497188   13.2639151
  28.9310074    4.0406222   13.2224960
  28.1087551    4.5993204   13.0193977
  28.8683872    4.0680237   14.2234974
  28.5508347    4.3239336   16.0266895
  27.8502083    5.0471096   16.2139111
  29.3174076    4.9281034   16.4194679
  28.9294796    9.6387453    9.9370937
  27.9959793    9.3035889    9.6988420
  28.7987690   10.5492821    9.5091105
  28.7938347    9.8285885   12.5641184
  27.9252892    9.2816782   12.6046820
  28.9039879    9.7336617   11.5569735
  26.4190311    8.1916847   20.1741600
  25.5826836    8.7512465   19.9765205
  26.3177204    8.2881536   21.2057114
  26.3654728    8.4275265   22.9091415
  25.5698776    8.7253981   23.4362278
  26.2793522    7.4715595   23.1985645
  26.7661400    6.0701642   16.7124462
  25.8671379    5.6279244   16.5853100
  26.7679749    6.0529752   17.7260685
  26.5690689    5.7372837   19.3434505
  25.7342243    5.4695673   19.8730526
  26.4577980    6.7670822   19.6183414
  28.6777191    4.2866683   20.0334034
  27.8421707    4.7696304   19.7979660
  28.6835976    4.5040994   21.0100040
  28.6776123    4.7439079   22.6660900
  27.8542767    5.1607122   23.1154823
  28.5170116    3.8560791   23.1084061
  28.5528984    9.5360651   16.6991730
  27.7449589    9.1478825   16.1663418
  28.3621387   10.4776716   16.3005104
  28.6889343    9.5780783   19.4461040
  27.8318462    9.0344219   19.5555134
  28.6285877    9.6334581   18.4452038
  26.8123665    8.3133812   27.1685314
  26.0351582    8.9184723   26.9582272
  26.8958206    8.6419764   28.1112366
  26.9109535    8.8671589   29.8065987
  26.0434895    9.1569977   30.2709923
  26.9321709    7.9627891   30.2123699
  26.4407120    5.8850207   23.8179340
  25.7817917    5.1479998   23.6520214
  26.4587345    5.7888074   24.8249054
  26.8924046    5.7683539   26.6159019
  25.9744778    5.4840245   26.9104691
  26.8303909    6.7372866   26.9019451
  28.8731689    4.1333642   26.7812920
  28.1174908    4.8024926   26.5557957
  28.8142300    4.2672477   27.7936745
  28.5978794    4.5837302   29.3507366
  27.8901291    5.2194452   29.7519741
  29.3707352    4.9929571   29.8560123
  28.5587234    9.5820236   23.7368622
  27.7593384    9.1542320   23.3075123
  28.3990784   10.4853106   23.3606205
  29.0780296    9.4050179   26.3162956
  28.1758957    8.9024963   26.4835644
  28.9101162    9.4393597   25.2749481
  26.7573376    8.6081200   33.7745590
  25.8872471    9.0920486   33.6427155
  26.6998062    8.6717758   34.7969856
  26.4831085    8.6598988   36.4128799
  25.5897541    8.8182926   36.9141350
  26.5959435    7.7061505   36.7002792
  26.9067173    6.1933208   30.6212730
  26.0879993    5.6439404   30.3949032
  26.8993530    6.0369215   31.5882568
  26.7169399    5.7832422   33.4253311
  25.8395615    5.4966950   33.8253555
  26.6132202    6.7683291   33.5571136
  28.7247963    4.1215539   33.4993896
  27.9095688    4.7281284   33.3222351
  28.6696606    4.2632618   34.5293655
  28.5209293    4.7489438   36.1189499
  27.7390976    5.2401280   36.5324554
  28.4156570    3.8736463   36.5813713
  29.3086014    9.7572403   30.3955631
  28.3688240    9.4444094   30.1154881
  29.0332451   10.7524691   30.2446423
  28.9692822   10.0986614   32.9884300
  28.2607346    9.4356070   33.1274414
  29.1958752    9.8970490   32.0441742
  26.6323185    7.9417467   40.8409233
  25.9059258    8.6053066   40.6558342
  26.7008305    8.1682301   41.8342819
  26.8175488    8.5480366   43.3875198
  26.0313416    8.8949146   43.8864059
  26.7162628    7.5671649   43.6284752
  26.5958366    6.1042380   37.2530289
  25.8142452    5.4582949   37.1086197
  26.6988831    5.8723078   38.2594337
  26.8531036    5.4328804   39.9938812
  25.9638348    5.1081471   40.3350754
  26.8185425    6.3324361   40.4579659
  29.0529652    3.9328771   40.4886818
  28.2007122    4.3636799   40.2347374
  28.9035988    4.0430655   41.5035172
  28.8483906    4.3095818   43.0632515
  28.0681896    4.9250774   43.2399559
  29.5668507    4.9283648   43.4353142
  28.7292442    9.8245125   37.1975136
  27.8783054    9.3682976   36.8552437
  28.3700771   10.7622042   37.0218697
  28.7526550    9.3531265   40.0052528
  27.9625187    8.7550125   40.0844040
  28.7329941    9.4157515   38.9790230
  26.9111691    8.3206778   47.2712517
  26.0733986    8.9260750   47.1452293
  26.8539181    8.3592091   48.2639198
  26.6616402    8.2331429   49.8585014
  25.7918587    8.4800940   50.2539825
  26.6520195    7.2575955   50.2128601
  26.8124523    5.8432269   43.9404488
  25.9993401    5.3697648   43.7555046
  26.9035435    5.7304759   44.9123459
  26.8819351    5.7236490   46.5792046
  26.0020218    5.4380598   47.0275993
  26.7908440    6.6961875   46.9163208
  28.9882717    4.1366177   47.0739594
  28.2188835    4.6987343   46.8062363
  28.9299755    4.3698206   48.0748825
  28.7150745    4.8040562   49.5966415
  28.0209942    5.3470078   50.0999756
  28.4469757    3.9384637   50.0667953
  29.0912819    9.8512745   43.9195251
  28.1646709    9.4708042   43.7708817
  28.7373314   10.8438015   43.7997246
  29.0512924    9.8998966   46.6217461
  28.3836288    9.1606770   46.8069382
  29.0419693    9.8799629   45.6364517
  26.8696804    8.3591042   54.0477028
  26.0372791    9.0185137   53.9740028
  26.8553734    8.4550352   55.0555153
  26.8576279    8.5595341   56.6378555
  26.0649071    8.8265514   57.2234764
  26.8485107    7.5819044   56.9212646
  26.7142906    5.8528113   51.0422859
  25.9266548    5.2161784   50.9235153
  26.7486553    5.7897882   52.0449104
  26.7809677    5.6450253   53.6628380
  25.9003639    5.3105836   53.9868622
  26.6121807    6.6125336   53.8402443
  28.9292965    4.3314114   53.8208542
  28.0427608    4.8358507   53.7610397
  28.9122696    4.2746253   54.8296967
  28.8645267    4.5957494   56.5068665
  28.2048645    5.3000889   56.7377853
  29.6845512    5.0681129   56.9514580
  28.8117218    9.5481796   50.8063126
  27.9999485    9.1283627   50.3733292
  28.6182880   10.4859047   50.6622772
  29.2198906    9.2596922   53.4378281
  28.3074093    8.9491501   53.7145271
  29.0135612    9.3203793   52.4387360
  26.9468307    8.0416594   61.1208076
  26.1570168    8.6795387   60.9511452
  26.9718056    8.1775246   62.1000252
  26.7340908    8.4143791    2.4684308
  26.6295738    7.4098921    2.7374277
  25.8001270    8.6640987    2.8078852
  26.7166615    6.0873947   57.4450951
  25.9151821    5.4581776   57.2412949
  26.8363094    5.7108431   58.4163361
  26.7975674    5.4882040   59.9850235
  25.8948326    5.1955051   60.3619194
  26.8076668    6.3945799   60.4178314
  28.8502274    4.3301344   60.9771118
  27.9866257    4.7363615   60.5971260
  28.8221073    3.4595575   60.4937363
  28.6785946    4.5389380    2.3467841
  27.8495159    5.1111751    2.4171078
  28.6972694    4.5111637    1.3230375
  29.0496178    9.7255783   57.4328957
  28.1736641    9.3491774   57.0858078
  28.7896633   10.7069082   57.2457123
  29.1148281    9.2701120   60.1591530
  28.2265148    8.8254967   60.3776245
  28.9723549    9.2944374   59.1710052
  26.3009930   16.1998558    7.0954018
  25.5047169   16.6415749    6.6430631
  26.1232700   15.2838173    6.6634741
  26.4600506   15.6236877    9.7321081
  25.5745277   16.1011810    9.9410582
  26.3388996   15.8012848    8.7337780
  25.7419357   13.4732199    3.2565370
  25.0707855   12.8427429    2.9167564
  26.5595207   12.9499950    2.9257197
  25.9570847   13.8411436    6.0648885
  25.0472908   13.4516859    6.2306113
  25.8662891   13.7284079    5.0330157
  27.9581203   12.0199594    6.3986354
  27.1877308   12.6455011    6.2103515
  28.6815643   12.6087046    6.0110846
  28.5760841   12.1021223    9.0255527
  28.3080292   12.0674210    7.9807382
  27.6466408   12.3394890    9.3174524
  28.4496269   17.1630440    3.6050556
  27.6953068   16.7564411    3.0504608
  28.3061733   18.1038456    3.2383175
  28.5351353   17.4663143    6.1985273
  27.7949047   16.9309330    6.5543489
  28.4011211   17.3005924    5.2307220
  26.5909309   15.7606516   13.7412071
  25.8495197   16.3803349   13.5791435
  26.5254402   15.9081116   14.7472248
  26.2446747   15.9186192   16.3449669
  25.3522301   16.3445702   16.6211147
  25.9182014   14.9806728   16.4626026
  26.0937977   12.9183178   10.1760159
  26.2605171   13.8919249   10.0621738
  26.1402397   12.9261112   11.1898642
  26.1073513   13.3217096   12.8457775
  26.1996212   14.2817936   13.2241039
  27.0314484   13.0470028   13.0312109
  28.6845398   12.3719769   13.3555880
  28.8477936   11.4112129   13.2040186
  29.5847225   12.7241850   13.0794344
  27.9204197   11.9471121   15.9584255
  28.1428776   12.2407341   14.9995832
  27.1340084   12.5517817   16.0518837
  28.7864017   16.9410458   10.0110855
  27.9338722   16.3409634    9.9713755
  28.7535763   16.9361954   11.0307503
  28.7740421   16.9585171   12.6281042
  28.0204029   16.4797726   13.1210423
  28.6678562   17.8381329   13.1295681
  26.4938793   15.7237644   20.3317795
  25.6449261   16.2036686   20.0872536
  26.3793488   15.8773251   21.3276138
  26.1232033   15.8728962   22.9718456
  25.3349323   16.3526344   23.3687878
  25.8288059   14.9327173   23.2051506
  25.6759777   13.3478699   16.7880325
  24.8286285   12.8030758   16.7626438
  25.7497826   13.3186817   17.8168793
  26.0048008   13.2724819   19.4102669
  26.2677155   14.1926737   19.8394070
  26.8627605   12.8315582   19.7044487
  28.2906418   12.2226076   20.2634678
  28.5728245   11.2563019   20.0506077
  29.0845318   12.6756392   19.8418140
  28.2162037   12.0943813   22.8838673
  28.1079082   12.2021894   21.8752155
  27.3062992   12.5419226   23.0806923
  28.6046906   16.8471432   17.2111683
  27.6869392   16.4775085   16.8246288
  28.4027729   17.7894993   16.9578724
  28.7047768   17.1755829   19.9036198
  27.8891087   16.6007633   20.0816536
  28.7445850   16.9257641   18.9222698
  26.8693085   15.5250149   27.2027588
  26.0313301   16.1143208   26.9887714
  26.8042145   15.8100710   28.2220001
  26.2170200   15.9476480   29.6598701
  25.3348789   16.2459793   30.0784492
  26.1037598   14.9910069   30.0405445
  25.8078289   13.3101149   23.7038956
  25.0433540   12.7116461   23.5056477
  25.8820343   13.1605225   24.7084560
  26.0573635   13.1324005   26.2416000
  26.4124279   14.0585928   26.5279827
  26.8361931   12.6478720   26.6501694
  28.2723522   11.9703856   27.2781811
  28.6956692   11.1082773   26.9141026
  29.0044632   12.5781193   26.9689236
  28.1819553   12.1666718   30.0338383
  28.0866470   12.2357864   29.0064812
  27.2820549   12.5849810   30.2532349
  28.2977467   17.0489235   23.9354820
  27.5068073   16.5327415   23.5354137
  28.1114006   17.9469814   23.4675598
  28.7975616   17.2394505   26.5727425
  28.0996037   16.4997578   26.7427139
  28.7102947   17.1711235   25.5674267
  26.5961208   16.2458324   33.9394493
  25.7554111   16.7191029   33.7049713
  26.3165894   16.0658703   34.9193230
  26.0330639   15.7949677   36.3631439
  25.2434654   16.1059265   36.9122238
  25.9501400   14.8243542   36.7102165
  25.7838402   13.4890356   30.6765728
  24.9685822   12.9226904   30.4649353
  25.6231308   13.5245991   31.6671772
  25.8312931   13.6494694   33.3592148
  26.2942867   14.4807615   33.5739136
  26.5930748   13.0454941   33.7402573
  27.9647350   12.4150114   34.1418724
  28.3109703   11.6021881   33.6098747
  28.7277508   12.9893522   33.8555031
  28.0043182   12.3751507   36.8134575
  27.9252167   12.4233341   35.8080444
  27.0735073   12.7823839   36.9578514
  28.4128227   17.2045784   30.5074062
  27.5641727   16.7769814   30.1458969
  28.1986809   18.1229095   30.1362972
  28.7409611   17.5459557   33.0717812
  27.8680592   17.0120392   33.3733864
  28.5108166   17.4125824   32.0899925
  26.7052498   15.6531029   40.6139946
  25.8147583   16.2023773   40.5105171
  26.5346794   15.6668606   41.6777039
  26.2231464   15.9447880   43.2395439
  25.4433765   16.5025406   43.6267700
  25.9170494   15.0614967   43.6145172
  25.6604805   13.3457031   37.4201775
  24.9098053   12.6630707   37.3850784
  25.8883343   13.1938200   38.4145164
  26.3130455   13.0955038   39.9651146
  26.4735260   14.0447407   40.3296165
  27.1622772   12.7242107   40.4200096
  28.3956833   11.9025631   41.0729752
  28.6635590   11.0022469   40.7307854
  29.1630192   12.3891659   40.6543159
  27.9926319   12.1630154   43.5821419
  27.9946651   12.0990696   42.5775108
  27.1742306   12.7388420   43.6612930
  28.4341545   17.0527515   37.2107010
  27.6177845   16.7414989   36.7498016
  28.2784691   18.0556068   37.0485229
  28.8017025   17.2088184   39.8424454
  28.0189228   16.5835686   39.9875145
  28.8641758   17.0884857   38.8340416
  26.8052025   16.0427437   47.3213539
  26.0314198   16.6898079   47.0696793
  26.5304031   15.9830723   48.2786064
  26.0692787   15.9432058   49.9080315
  25.2030125   16.3296814   50.3147812
  25.9018764   14.9882460   50.2068253
  25.7054501   13.5159988   44.1396141
  24.9247894   12.8607225   44.0397339
  25.7547665   13.4143229   45.1678467
  26.1818848   13.4031458   46.7434502
  26.4333916   14.3691368   46.9818764
  27.0966682   13.0477562   46.9619789
  28.4534340   12.2750216   47.7513809
  28.6466942   11.3573179   47.3546791
  29.3376408   12.6673431   47.3334274
  28.2341499   12.3788433   50.4096069
  28.2835903   12.4413776   49.4013519
  27.2890015   12.7833958   50.4658089
  28.2119350   17.3971596   44.2887115
  27.5062580   16.8664856   43.8173370
  27.9637127   18.2820969   43.8498573
  29.0372982   17.4543228   46.7559814
  28.2020931   16.9111176   47.0376892
  28.8175659   17.3803234   45.7723694
  26.8791256   15.5830603   54.1126251
  26.0176392   16.0715714   53.8918648
  26.8028965   15.7598810   55.1121750
  26.3190441   15.9264870   56.7453308
  25.4660797   16.2795792   57.1329460
  26.1866550   14.9666338   57.0853615
  25.8913097   13.4038162   50.8695869
  25.0966301   12.8596001   50.6959801
  25.8943996   13.3030586   51.8753204
  26.2852955   13.0323648   53.5545273
  26.6307640   13.9658661   53.8460655
  27.1323128   12.5791988   53.8783264
  28.5686741   11.9129066   54.2574959
  28.7824764   11.0198135   53.9067307
  29.4070015   12.3727074   53.9468613
  28.3027267   12.2722063   56.8726196
  28.3809719   12.2321548   55.8276024
  27.3672218   12.7182980   56.8665047
  28.2790871   17.0170479   50.9236946
  27.4242973   16.6490078   50.4978600
  28.0739250   17.9883194   50.6889725
  28.9006996   17.0946808   53.5240250
  28.1726551   16.4138393   53.8713226
  28.6860256   16.9337673   52.5950508
  27.0329266   15.8129559   60.8889236
  26.2372265   16.3846874   60.6502266
  26.8135014   15.7895670   61.9110184
  26.4281712   15.9216032    2.2826343
  25.5727539   16.4473686    2.5369823
  26.1371422   15.0987768    2.7375503
  25.9414654   13.3360996   57.3753319
  25.0752811   12.7899237   57.2622681
  25.9701824   13.2491560   58.3694611
  26.2849617   13.4690046   60.0244331
  26.6533508   14.3372850   60.3375244
  27.0885410   12.9027481   60.3154106
  28.2916069   11.9483671   60.9535103
  28.5915108   11.0745354   60.5432320
  29.1755505   12.4138937   60.8475266
  27.9012661   12.2507915    2.3712683
  28.2629948   11.3448954    2.5800147
  27.9529514   12.1728649    1.3611313
  28.6265373   17.0178547   57.8368149
  27.7728901   16.6442833   57.3915367
  28.4034615   17.9443588   57.5039749
  29.1157932   17.4014740   60.4073486
  28.2632351   16.7611866   60.5672646
  28.9983463   17.3280239   59.3615227
  26.3442497   23.6340809    6.7077346
  25.4901848   24.1050434    6.5294123
  26.2762852   23.5727673    7.6972456
  26.6259174   23.3601933    9.4687929
  25.8002110   23.8004799    9.8169909
  26.3317261   22.3988075    9.7506895
  25.6151333   20.9967442    3.2469316
  24.7082005   20.6087513    3.0718915
  25.6204777   20.9035339    4.2329168
  25.8086357   21.1405277    5.9955654
  26.0987873   22.1102562    6.1875610
  26.7063923   20.7433949    6.2268395
  28.0930500   20.1302490    6.7032723
  28.2440472   19.1848392    6.4812889
  28.0638351   19.9775085    7.7126193
  27.9814949   19.5383606    9.2252607
  28.2652740   18.5824738    9.4101048
  28.8774014   19.9407711    9.5987024
  28.4134197   24.7214241    3.1927013
  27.6333981   24.2096844    2.7701247
  28.1394196   25.6232109    2.8343461
  28.6112404   24.7728558    5.9295788
  27.7947445   24.2711315    6.1205339
  28.4992561   24.7741890    4.9064465
  26.4716759   23.4579983   13.6402245
  25.5886688   23.9666080   13.4322939
  26.3595524   23.4523964   14.6316700
  26.3246193   23.5468750   16.1917038
  25.4136105   23.9613323   16.4525414
  26.0817509   22.6160011   16.5000057
  25.7058887   20.8602600   10.0154161
  24.9997253   20.2390633    9.7050362
  26.4967957   20.2726784    9.7306376
  26.4726028   20.9332619   12.6815186
  26.6188946   21.8743896   12.9720573
  26.1942310   21.1602516   11.7464848
  28.4518433   19.4245148   13.6740179
  27.7108860   19.9859200   13.2368364
  29.2013054   19.9887428   13.2793293
  28.0426521   19.3783169   16.3242455
  28.2128429   19.4363003   15.3135557
  27.1784897   19.9149094   16.2899055
  28.6537933   25.0266685    9.8787241
  27.9289551   24.3287601    9.7168188
  28.5542889   24.9638367   10.8844042
  28.3878670   24.8314724   12.5706863
  27.6014404   24.3068619   12.9657917
  28.2228508   25.6731796   13.0747919
  26.4951420   23.2336941   20.3213253
  25.8267117   23.9066925   19.9643402
  26.3608475   23.4354057   21.2803268
  26.3177547   23.5976639   23.0424995
  25.3927116   23.9270401   23.3144436
  26.1624546   22.6632175   23.2578430
  25.6928825   20.9861183   16.7228756
  24.8709126   20.4448547   16.5842037
  25.6505280   20.9080200   17.7529793
  25.8043919   20.6650181   19.4336414
  26.0557232   21.6233578   19.7845840
  26.6969395   20.2736893   19.8627605
  28.0812817   19.7825718   20.4165344
  28.3648186   18.8067169   20.1862621
  28.9431114   20.1379032   20.0808620
  27.7928982   19.5347328   23.0538082
  27.8535519   19.6718769   22.0492535
  26.9800682   20.0720005   23.1915436
  28.3158913   24.8595600   17.3545017
  27.5414829   24.3600903   16.9070530
  28.1678104   25.7524853   16.8356819
  28.6451988   24.9098129   19.9361572
  27.8811626   24.3244247   20.1092930
  28.5815258   24.7807770   18.8863029
  26.5724087   23.3904133   26.9694309
  25.7636070   23.9433994   26.7452259
  26.4816093   23.4320354   27.9802914
  26.1294613   23.4827061   29.6404877
  25.2592068   23.8468647   30.0362320
  25.9718590   22.5394878   29.9970207
  25.5037041   21.0699482   23.5611610
  24.6300125   20.5683327   23.4076653
  25.4548054   20.9280186   24.5978565
  25.7302036   20.8304081   26.2820702
  26.1338329   21.7125664   26.5317822
  26.5602264   20.3051109   26.6169491
  28.0432358   19.7777576   27.0392265
  28.4959335   18.8546543   26.9422035
  28.9356823   20.2756462   26.7766647
  27.8331852   19.8861923   29.7641125
  27.7280006   19.9519787   28.7523937
  26.9620018   20.3098736   29.9805031
  28.4434566   24.7740917   24.0866566
  27.5903702   24.2889328   23.7196102
  28.1188679   25.7166862   23.7988167
  28.7588787   24.8701420   26.7521305
  27.9681892   24.2526360   26.9897118
  28.7563229   24.6362019   25.7768993
  26.5259418   23.5334949   33.8921165
  25.6913357   24.0593719   33.6712799
  26.3313923   23.5525322   34.9287605
  26.0617962   23.5080528   36.5106659
  25.2341442   23.8612213   36.9552155
  25.9025631   22.5240364   36.7828445
  25.6261940   21.1060066   30.4954376
  24.7678738   20.5919952   30.4260063
  25.6272717   21.2225227   31.4682560
  25.9286671   21.0420895   33.1837120
  26.2428608   21.9591064   33.5277176
  26.6273518   20.5579796   33.6852112
  28.1068859   19.8464737   34.1794548
  28.4215832   18.9607449   33.7337608
  28.9401379   20.3489285   33.9411659
  27.9356480   19.6109734   36.6587334
  27.9831619   19.6828918   35.6245880
  27.0577374   20.1565723   36.6934471
  28.1788445   24.8349705   30.6490173
  27.3505821   24.4208031   30.1743450
  28.0051403   25.7751026   30.3131332
  28.7591705   24.8852234   33.1702538
  27.9901390   24.2757149   33.3645134
  28.6001148   24.8488350   32.1389885
  26.6146965   23.5718994   40.4356689
  25.8139820   24.1229992   40.2672768
  26.5242538   23.5696278   41.4777031
  26.3554516   23.6999111   43.0853500
  25.4286575   24.0859585   43.4151802
  26.2284203   22.8184795   43.4899292
  25.6111660   20.9926739   37.1348228
  24.7245369   20.4997921   36.8932610
  25.4497089   20.9310894   38.1477013
  25.7456055   20.9574966   39.9018021
  25.9635563   21.9245968   40.0695190
  26.6489944   20.5945244   40.1869507
  28.0139275   19.8429203   40.5396957
  28.2671547   18.8893909   40.3044167
  28.9694138   20.1841755   40.4002876
  27.7034569   19.7244492   43.2134438
  27.6514053   19.8470612   42.2081642
  26.9215660   20.3108501   43.4223976
  28.1943035   24.8702755   37.4349060
  27.3993340   24.3825855   37.0192909
  27.9471664   25.7977753   37.0568886
  28.8554592   24.8311291   40.0103493
  27.9286880   24.2807522   40.0873718
  28.7847958   24.8414326   39.0069160
  26.7665730   23.5611038   47.3107452
  25.9220734   24.0415173   46.9855003
  26.5357513   23.5891647   48.2850914
  26.2183723   23.4530869   49.9361534
  25.3087616   23.7595577   50.2115669
  26.0694141   22.4905434   50.3049812
  25.7148972   21.2789631   44.0172462
  24.8685017   20.7725124   43.8002014
  25.6788464   21.1712494   45.0239525
  25.7688389   21.1018295   46.7879257
  26.2384129   21.9992561   47.0626526
  26.6294594   20.5725040   46.9486504
  28.0120525   19.8878689   47.3912163
  28.4000015   18.9911213   47.1754570
  28.9074841   20.3980999   47.1531754
  27.7345371   19.4517498   50.0849380
  27.6600723   19.5931721   49.0668221
  26.9152203   20.0862179   50.2579918
  28.4986935   24.8381119   44.0977478
  27.7263241   24.4239120   43.6470795
  28.2068710   25.7992306   43.9121208
  29.0780201   24.6860485   46.6232338
  28.1990833   24.1560574   46.8517532
  28.8654823   24.6370907   45.5987892
  26.7067928   23.1243782   54.2441902
  25.8894997   23.6345654   53.8798790
  26.4731407   23.3771400   55.2203064
  26.3873863   23.6619225   56.8805008
  25.5501080   24.0218334   57.3025398
  26.2121906   22.6729126   57.1115685
  25.7262764   21.0079460   50.8627548
  24.8649254   20.5119419   50.7527122
  25.7899952   20.8682575   51.8650322
  26.0994358   20.6584911   53.5190468
  26.3409519   21.6454887   53.6645699
  26.8891163   20.3275604   54.0962524
  28.4404144   19.5105553   54.4734344
  28.6602192   18.6329155   54.0025787
  29.1312828   20.0376377   53.9380493
  28.0827503   19.6220798   57.1165962
  28.2079010   19.6171074   56.1174240
  27.1701889   20.0783520   57.1493149
  28.3772736   24.6750889   50.8918686
  27.6208916   24.1650219   50.4842186
  28.0927792   25.5893993   50.4662819
  28.6464119   24.7455158   53.4816856
  27.9657421   24.0270805   53.7691917
  28.4411983   24.6434307   52.4937210
  26.9940796   23.3409519   60.8633041
  26.2037926   23.9200916   60.6586494
  26.8334427   23.2313156   61.8431435
  26.3227081   23.4717693    2.2473743
  25.5453815   24.0269012    2.6505547
  26.0250473   22.5561161    2.5999444
  25.8559055   21.0976696   57.5185966
  25.0600815   20.5159912   57.3161011
  25.8679638   20.9333725   58.5354729
  26.1827087   20.8963623   60.2150879
  26.5308857   21.8275681   60.4470978
  27.0338898   20.4131680   60.5088348
  28.4084625   19.8560085   61.1676025
  28.7147255   18.9342480   60.8992805
  29.2434235   20.3257389   60.8094559
  27.9939957   19.5868587    2.5467339
  27.1560764   20.1036472    2.6071475
  28.0856247   19.6455460    1.5217830
  28.7139664   24.6555595   57.6986465
  27.8387489   24.2575912   57.4102135
  28.5233593   25.5726471   57.3565521
  29.2559490   24.6298695   60.3215218
  28.3454380   24.0806503   60.4458466
  29.1365356   24.6215210   59.3015366
  26.3850174   31.1607437    6.3323007
  25.4321709   31.5920544    6.2677126
  26.3980503   31.3124447    7.3584762
  26.3205662   31.2548618    8.9944162
  25.5160923   31.7123909    9.4529352
  26.1077442   30.3256340    9.2887993
  25.7270355   28.6053925    2.8966522
  24.8434296   28.2034569    2.6851685
  25.5378494   28.6417789    3.8993771
  25.6233349   28.7284451    5.5386710
  25.9924812   29.6125641    5.8595128
  26.4756069   28.1959610    5.7353039
  27.8510704   27.4190617    6.2473664
  28.2382889   26.5023365    6.1202288
  27.8242130   27.3927517    7.2597141
  28.0366344   27.3738823    8.9161482
  28.2507286   26.4307289    9.2785320
  29.0033894   27.6908302    9.1641932
  28.2436047   32.1878204    3.4843316
  27.5939236   31.6410599    2.8808088
  28.0718536   33.0592651    3.0043790
  28.2876225   32.9341087    6.0079970
  27.4703045   32.3576851    6.2532816
  28.2175331   32.7125244    5.0270472
  26.1930847   31.2733517   13.1778402
  25.3411160   31.8311348   12.9830751
  26.0093880   31.2123394   14.1822958
  25.6734314   31.2230797   15.8147745
  24.8803616   31.6816864   16.2510376
  25.3935909   30.2617416   16.0053349
  25.8168011   28.8150272    9.5514612
  25.0695114   28.1627121    9.6033335
  26.5356884   28.2071609    9.2402315
  25.9926109   28.7261143   12.2622147
  26.1178455   29.7264481   12.4576941
  26.0247688   28.7845459   11.2607832
  28.0040493   27.4114246   13.3619232
  27.2569466   27.9190102   12.9301758
  28.7414589   27.9260311   12.9117556
  27.7714500   27.1772804   16.0586472
  27.8538532   27.2057610   15.0312662
  26.9514179   27.7589264   16.1375427
  28.5900555   32.4854355    9.7707796
  27.7538090   32.0425110    9.5722036
  28.4906158   32.5241852   10.7581301
  28.4438114   32.3208923   12.6290474
  27.5086060   31.9378643   12.7527676
  28.2675266   33.2404060   13.0133228
  26.4150257   31.0817204   20.1410599
  25.5732079   31.6591740   19.9268513
  26.2712154   31.1399803   21.1525669
  26.0081501   31.1796360   22.8809700
  25.1260052   31.5742722   23.1483917
  25.7867088   30.2291183   23.2427082
  25.4660645   28.6531525   16.5374031
  24.6467705   28.0566673   16.4164581
  25.5665665   28.4935207   17.5157700
  25.6970768   28.5557251   19.2780991
  25.9882336   29.5227680   19.4804592
  26.5137424   28.1518421   19.7153416
  27.7856922   27.3712063   20.5378380
  28.2056007   26.4422150   20.3709316
  28.6669750   27.8347874   20.2021923
  27.6781597   27.2265835   23.1816063
  27.6787128   27.3015976   22.1860199
  26.8412933   27.7507782   23.3599110
  28.0619526   32.1435547   16.7843208
  27.1326180   31.7698612   16.4760246
  27.8701820   33.0815659   16.4887829
  28.6448917   32.3358994   19.3979912
  27.8330631   31.6768360   19.6093426
  28.4588146   32.2304688   18.3857803
  26.4268913   31.2593784   26.9927883
  25.5958195   31.7444153   26.7128639
  26.2862186   31.3287716   27.9914398
  25.8529930   31.3181515   29.5809402
  25.0448170   31.7433968   30.0046959
  25.6405258   30.3495789   29.9346199
  25.4714737   28.7317581   23.7189751
  24.6395264   28.2010899   23.4944038
  25.4316730   28.5802536   24.7060375
  25.7437134   28.6277866   26.3826656
  25.9742870   29.5523396   26.7165623
  26.5064278   28.1505890   26.8467407
  27.7834415   27.3487606   27.2719879
  28.0804863   26.4145813   27.0724068
  28.6840172   27.7838459   27.0391388
  27.7700901   27.2564735   29.8976936
  27.6979065   27.2931671   28.8832989
  26.9530926   27.8965511   29.9898567
  28.1394405   32.1984177   23.8635368
  27.2822208   31.7715206   23.4514408
  27.9114437   33.1212387   23.4482765
  28.6714764   32.4394455   26.3971386
  27.8226452   31.8862286   26.6452694
  28.4835587   32.3202362   25.3356133
  26.4811916   30.9793739   33.8241615
  25.6677055   31.6011868   33.6955681
  26.3281422   31.0492210   34.8699722
  26.1592388   31.2017517   36.4091759
  25.2984161   31.7291489   36.6618538
  25.8155384   30.3164387   36.7552338
  25.4622631   28.7073288   30.3317299
  24.5722466   28.2330856   30.2003574
  25.5545082   28.5295143   31.3117294
  25.6770973   28.5063190   33.1224937
  25.9878616   29.4365597   33.2633934
  26.5677986   28.0646305   33.3984642
  28.0353222   27.4716663   33.8988342
  28.3872681   26.5767975   33.6380005
  28.8466473   27.9990406   33.5892372
  27.6656170   27.5005054   36.7364426
  27.7086639   27.4901772   35.7115326
  26.7984962   28.0671997   36.6955948
  28.1424313   32.3792953   30.6506653
  27.2691345   32.0558052   30.2084370
  27.9828110   33.3537331   30.3749542
  28.6450939   32.3642921   33.1581650
  27.8508434   31.7573071   33.3689613
  28.5100861   32.2639198   32.1377792
  26.6755314   31.1067085   40.5913658
  25.8486404   31.6346283   40.2707100
  26.4263096   31.1026268   41.5557556
  26.0572109   31.1049385   43.2245483
  25.2266960   31.5837116   43.5080643
  25.7440662   30.2045631   43.5630035
  25.3689823   28.7721691   37.1075745
  24.6138630   28.1492252   36.9424667
  25.4527283   28.6216564   38.0748405
  25.7522259   28.5722542   39.8570175
  26.1097279   29.4214897   40.2237930
  26.5795364   28.0147705   40.1631317
  27.9366093   27.3939419   40.7695847
  28.2704449   26.4582195   40.5295715
  28.7320194   27.8626690   40.3156891
  27.7500992   27.3754101   43.4421997
  27.6502380   27.3506031   42.4567604
  26.9155731   27.9271088   43.5986862
  28.3502045   32.3788910   37.3747482
  27.5204430   31.9440956   36.9849625
  28.0940704   33.3067169   37.0476952
  28.8120270   32.4210739   39.9503822
  28.0248699   31.8280487   40.2636032
  28.5804882   32.3575592   38.9509163
  26.5559616   30.7920799   47.1751823
  25.7293396   31.4194965   47.0458145
  26.3997498   30.7186890   48.1654167
  26.0380116   31.0754509   49.7451820
  25.2713013   31.5754147   50.1569366
  25.7712650   30.1550579   50.1888428
  25.2982426   28.7354679   44.0166855
  24.4242783   28.2145386   43.7678299
  25.2176819   28.5809841   45.0186310
  25.6546192   28.3122559   46.5348892
  26.1233425   29.2149315   46.7969284
  26.5034676   27.7891293   46.7172699
  28.0294189   27.1764030   47.3142967
  28.4301910   26.3075943   47.0530510
  28.8306007   27.7117538   46.9801750
  27.5685501   27.0325756   50.1173325
  27.6212616   27.1134968   49.1257973
  26.7922230   27.6172199   50.2904892
  28.3430557   32.3239670   43.9056969
  27.5347118   31.8222408   43.6172333
  27.9884605   33.2369614   43.6128807
  28.8396015   32.2424545   46.5929909
  27.9538059   31.7904377   46.7016945
  28.8083954   32.2373123   45.5762177
  26.7725658   30.8655014   54.0110207
  25.8743763   31.2555065   53.7462425
  26.6170826   30.9105530   55.0284042
  26.1059265   30.7706242   56.4976387
  25.3347225   31.2242050   56.9600258
  25.9223137   29.8293209   56.8663559
  25.4811649   28.6167278   50.7140274
  24.7594967   27.8980656   50.5398560
  25.5444603   28.4530907   51.7034531
  25.8646374   28.3461056   53.4028206
  26.1392097   29.3127899   53.5671349
  26.7756481   27.9654350   53.6904526
  28.0433846   27.2196083   54.2056313
  28.2191410   26.2582264   53.8342438
  28.9042587   27.5841885   53.8257713
  28.0289974   27.1516533   56.9375153
  28.0897045   27.2549248   55.9367714
  27.1395187   27.5787220   57.0549431
  28.3004761   32.1160431   50.6198349
  27.4127846   31.8014507   50.2253952
  28.1267796   33.1228867   50.3019753
  28.8688126   32.1938400   53.1995468
  28.0605621   31.6615047   53.5660210
  28.6208248   32.0283127   52.2233696
  26.6053696   30.7083473   60.5377121
  25.8633862   31.3868618   60.3691254
  26.6999722   30.9245090   61.4972839
  26.4640274   30.9164200    1.9435600
  25.5591278   31.3099995    2.2223072
  26.2101402   29.9863853    2.3143711
  25.5403519   28.4015446   57.3512115
  24.6748428   27.8443336   57.2631950
  25.6158180   28.2603493   58.3593063
  25.9788990   28.1902447   59.9748802
  26.2907505   29.1419525   60.1752243
  26.8953323   27.7872639   60.1662979
  28.2747154   27.2377968   60.7916679
  28.7221642   26.3737793   60.6400681
  29.1333084   27.8176975   60.6055107
  27.9338989   27.2636871    2.2635491
  27.1276436   27.7925510    2.4447172
  27.9263020   27.3851547    1.2380402
  28.1676502   32.0159912   57.5673523
  27.4082241   31.5350952   57.0842628
  28.0225792   32.9139862   57.0488892
  28.7575417   32.3706017   60.1962509
  28.0209007   31.6641159   60.3503609
  28.6926994   32.2653809   59.1730957
  26.1055889   38.8588715    6.3417382
  25.2297821   39.3775826    6.2791886
  26.2101097   38.9985123    7.3410740
  26.1631966   38.9694061    9.0587826
  25.4051228   39.4436378    9.5365419
  25.7587414   38.0176735    9.2641869
  25.5647526   36.1632996    2.9737356
  24.6660290   35.6833687    2.7826657
  25.3757286   36.1654129    3.9840701
  25.3349590   36.5043526    5.6018171
  25.6382236   37.4862251    5.8850985
  26.2757034   36.1589737    5.7558379
  27.7508450   35.5710373    6.3465171
  27.9906139   34.5827065    6.1584682
  27.6597004   35.4731827    7.3432336
  27.9453335   35.1637421    9.0383863
  28.3128872   34.2313805    9.2964878
  28.7954903   35.6259575    9.4302063
  28.3086720   40.0058060    3.2141933
  27.5746555   39.5210190    2.7554197
  28.0972214   40.9317589    2.8660636
  28.1554585   40.4112015    5.7906561
  27.3600292   39.7962074    5.9656591
  28.1717472   40.2501183    4.7759542
  26.4268227   38.7875023   13.2662144
  25.5813904   39.4006844   13.0549736
  26.1886387   38.7129402   14.2292938
  25.9788170   38.6515121   15.9713526
  25.1000957   38.9732933   16.2100220
  25.8214741   37.6780968   16.2274036
  25.4988346   36.3514709    9.7064810
  24.8112431   35.6776009    9.3338280
  26.2944927   35.7898064    9.4116707
  26.0016327   36.2652817   12.3115673
  26.1577187   37.2155495   12.5074854
  25.7341976   36.3272591   11.3636341
  27.8907604   34.7739449   13.4749165
  27.1213169   35.2855453   13.0701942
  28.6246891   35.3985176   13.1267967
  27.5985298   34.7049942   16.1850777
  27.5988483   34.7332458   15.2059097
  26.7404232   35.2573853   16.3112869
  28.4829006   40.0159454    9.8542852
  27.6272259   39.5364342    9.6968060
  28.5794945   39.8931732   10.8326473
  28.6050396   40.0036621   12.4996815
  27.8262634   39.5228882   12.8984776
  28.3667355   40.9199066   12.8735428
  26.3584042   38.6118660   20.1998920
  25.6098728   39.1377144   19.8116531
  26.0956669   38.7615433   21.1740131
  25.7200317   38.6710129   22.7401619
  24.9038906   39.0761108   23.2097893
  25.5296936   37.7176628   23.0534000
  25.3850632   36.2209320   16.7148590
  24.5337505   35.6695900   16.5284863
  25.3964500   36.0540848   17.6985855
  25.7091103   36.0996666   19.3868809
  25.9764767   36.9911385   19.7693329
  26.5874329   35.6673279   19.7297859
  27.9536018   34.7642517   20.1794529
  28.1275387   33.8082962   19.8595142
  28.7759342   35.1521492   19.8112221
  27.5830116   34.7682533   22.9248562
  27.5810204   34.8251495   21.8972378
  26.7816677   35.3731155   23.0731583
  28.2304192   39.8452797   16.7850170
  27.4056683   39.3547897   16.4652462
  27.8979454   40.8000565   16.5310860
  28.5827732   39.8048897   19.4331779
  27.7011948   39.3540154   19.6820660
  28.4071007   39.7445717   18.4236889
  26.3569317   38.4387741   27.0438633
  25.5755329   39.0478783   26.7441616
  26.2104225   38.6608696   28.0332661
  25.8960667   38.9417267   29.6325092
  25.0438728   39.2812309   29.9739914
  25.6983719   37.9511795   29.7880611
  25.3916779   36.1141090   23.6828327
  24.4957180   35.5812416   23.5781193
  25.3605881   36.0539207   24.7134666
  25.7492046   35.9248848   26.3430538
  26.0993786   36.8681946   26.6645699
  26.5617752   35.4837799   26.7831612
  28.0467739   34.8345375   27.3146210
  28.2460938   33.8501968   26.9971046
  28.8686924   35.1963692   26.8317699
  27.6780949   34.9248619   29.8669224
  27.7453957   34.9033089   28.8523350
  26.8735619   35.5992470   29.8463936
  28.0657158   39.7924538   23.7485428
  27.1749954   39.4270935   23.5089130
  27.8739834   40.7190170   23.3729668
  28.4425297   39.9841843   26.3941593
  27.6952915   39.3188896   26.5806656
  28.3857899   39.9042969   25.4040833
  26.8078899   38.4664688   33.6310120
  25.9886208   39.1021233   33.4941788
  26.6431522   38.4493599   34.6484795
  25.9809246   38.4563293   36.1202087
  25.1308784   38.8052597   36.5921898
  25.7784996   37.4740448   36.4098434
  25.5005913   36.4043350   30.1525383
  24.6854362   35.8324051   29.9782028
  25.5605774   36.2861328   31.1282463
  25.9670086   36.1510658   32.7607956
  26.3758087   37.0320358   33.1572838
  26.7705498   35.6024704   33.1163254
  27.9904118   34.8574104   33.8312378
  28.2523098   33.9478531   33.5061035
  28.8787498   35.3154411   33.5567627
  27.8381653   34.7872658   36.4410858
  27.8000870   34.9568558   35.4285660
  26.9479942   35.2473373   36.6052284
  28.2432175   40.0599403   30.4236813
  27.2578011   39.8267937   30.2416458
  28.0926533   41.0733109   30.1938076
  28.8537731   40.1457825   33.0214653
  28.1976833   39.4446030   33.2325897
  28.7862549   40.1522560   32.0172691
  26.4042625   38.3984337   40.3988152
  25.5650139   38.9759331   40.1796341
  26.3457718   38.5948944   41.4100380
  26.1751442   38.8246460   43.0340424
  25.3402348   39.2835274   43.3580132
  25.9195766   37.8986473   43.3269310
  25.4655323   35.8890038   36.9002876
  24.5764980   35.5161552   36.6758080
  25.3468132   35.8651009   37.9107628
  25.6759892   35.9550629   39.5817757
  26.0002766   36.8643417   39.8958969
  26.5173588   35.4550896   39.8147736
  27.9684315   34.9416351   40.4890060
  28.3626881   34.0155869   40.3561859
  28.8262978   35.4384918   40.2289810
  27.6600742   34.7825012   43.1127625
  27.7270927   34.8358421   42.1135025
  26.8131142   35.3097305   43.1680565
  27.9232483   39.9050941   37.2604370
  27.0549355   39.5534897   36.8789482
  27.7471733   40.8782005   36.9552231
  28.6145344   39.8209381   39.8564224
  27.8025932   39.3282738   40.1523514
  28.4051094   39.7140083   38.8544121
  26.6356316   38.4782867   46.9180946
  25.8603249   39.0755997   46.7562637
  26.6027145   38.4979668   47.9267387
  26.3405113   38.7333145   49.6442070
  25.4829292   39.1426811   49.8903275
  26.1555958   37.7862740   49.9759636
  25.4283180   36.2306557   43.7271805
  24.5829563   35.7135239   43.6486855
  25.5340729   36.0678024   44.7569351
  25.8510494   36.0104065   46.3382568
  26.1971951   36.9721146   46.4981308
  26.7239647   35.5759087   46.6230545
  28.1080112   34.8517265   47.1601562
  28.4642735   33.9512024   47.0350571
  28.9147339   35.3686028   46.7316895
  27.8994236   34.5420227   49.7576027
  27.7754726   34.7417526   48.7612991
  27.0686359   35.0658760   50.0542946
  28.3648891   39.9328918   43.9035263
  27.5424519   39.5305138   43.5046844
  28.1296234   40.8981094   43.7169609
  28.8110008   39.9199791   46.5351677
  28.0005646   39.3157616   46.6378593
  28.7849751   39.9131126   45.5360718
  26.3221798   38.1608124   53.7311974
  25.5759430   38.8092232   53.5421448
  26.2954121   38.2429848   54.7283249
  26.2405109   38.5967026   56.3438225
  25.4034176   38.9839554   56.7339058
  26.0296860   37.6447411   56.6247330
  25.8339214   36.0925140   50.4410629
  24.9731026   35.6123543   50.2113914
  25.7313576   35.9567261   51.4564819
  25.7496948   35.6251411   53.0207176
  25.9973621   36.5269699   53.4283981
  26.6342163   35.2063789   53.2313690
  28.1582546   34.6877670   53.7925987
  28.5922318   33.7588806   53.5185127
  28.9752769   35.1701660   53.4477425
  27.8897934   34.4372673   56.5469322
  28.0047283   34.6280823   55.5818748
  27.0606441   34.9938812   56.6952667
  28.2842579   39.9318390   51.0149651
  27.4843578   39.5483932   50.5169449
  28.0795574   40.8769989   50.6268921
  28.7503357   39.7847786   53.6344185
  28.0673943   39.1576805   53.8338280
  28.6237087   39.8547440   52.6315422
  26.5728703   38.5829163   60.7072639
  25.7912788   39.1896706   60.4490471
  26.5431767   38.7947693   61.6824417
  26.2445679   38.7019348    2.1855509
  25.3886223   39.1425362    2.4942243
  25.9575367   37.7582817    2.3723221
  25.6475773   36.0505638   57.0609856
  24.8017159   35.4481049   57.0136566
  25.6275139   36.1051788   58.1050835
  25.9113350   36.2219505   59.7647896
  26.1103706   37.1975861   60.0978432
  26.7334175   35.8623047   60.2255020
  27.9655991   34.9318314   60.7991104
  28.2157383   33.9735222   60.5795059
  28.8261337   35.2945786   60.3848152
  27.7422295   34.8253746    2.3251052
  26.8365707   35.3273544    2.3241453
  27.8664913   34.9457321    1.3297640
  28.2553902   39.7747841   57.5293922
  27.4391155   39.4207458   57.0499420
  28.1776505   40.7204857   57.1807632
  28.8609276   39.8122253   60.1137161
  27.9703827   39.3524017   60.2439384
  28.8112411   39.7836266   59.0517921
  26.1935177   46.7496147    6.4032946
  25.3360119   47.1715584    6.2028365
  26.1532040   46.7643929    7.4035902
  26.3663635   46.5065346    9.1037083
  25.4796429   46.7745361    9.5231123
  26.2616749   45.5223465    9.2826576
  25.6255932   43.8065834    2.7536712
  24.7837944   43.2382698    2.6286540
  25.4694233   43.9572334    3.7334447
  25.4456596   44.3025894    5.5221505
  25.7661514   45.2101746    5.7927861
  26.3063316   43.7930336    5.7880478
  27.6819916   43.0110779    6.2929273
  27.8245564   42.0004272    5.9809794
  27.8777542   42.8428421    7.2617412
  28.2310600   42.5829506    8.7767172
  28.2698421   41.6869011    9.2090006
  29.1326103   42.8932152    9.1571569
  28.2650051   47.1992302    3.0625162
  27.5029697   46.7715149    2.5986307
  28.0981941   48.1352921    2.6935821
  28.3976803   47.9163551    5.6239934
  27.5254383   47.3677635    5.9152570
  28.3946743   47.5778313    4.6953731
  26.3815231   46.3096046   12.9944239
  25.6059761   46.9083710   12.9452972
  26.4447041   46.2598381   14.0046186
  25.8162575   46.3241348   15.7176952
  24.9327621   46.6754036   15.9701786
  25.6564980   45.3859558   16.0578003
  25.8532333   43.8542671    9.6172171
  25.1072063   43.3403969    9.2811317
  26.6100826   43.3578796    9.1936426
  26.2748146   43.7274437   12.2409334
  26.2325993   44.7362862   12.4522429
  26.1613197   43.8563995   11.2283211
  28.0121670   42.4007950   13.6146936
  27.3025131   42.9098320   13.0696840
  28.7836494   42.9971581   13.2602882
  27.7319565   42.3764114   16.1958923
  27.7885551   42.4399605   15.1875486
  26.9113388   42.9612885   16.2852287
  28.6431522   47.8674774    9.6293859
  27.8749313   47.2563324    9.3559847
  28.4325218   47.8647804   10.6151896
  28.5854874   47.6731300   12.3429766
  27.7408257   47.1808167   12.5791054
  28.2991085   48.5815353   12.6572733
  26.2874775   46.0437584   20.1613140
  25.5270691   46.6084633   19.8069057
  26.1687317   46.2662964   21.1534386
  25.8995266   46.3849106   22.8520126
  24.9835758   46.7307129   23.1235275
  25.7185135   45.4126015   22.9878216
  25.3385372   43.8830490   16.7622166
  24.4434261   43.4367409   16.5912971
  25.4529533   43.5909576   17.7335567
  25.6969109   43.5813065   19.3818588
  25.9510136   44.5425835   19.6149082
  26.5190830   43.1451073   19.7523460
  28.0400143   42.4973869   20.3213310
  28.3965797   41.6489563   19.9749813
  28.8896027   43.0453224   20.1173077
  27.4583015   42.2858009   22.9694138
  27.5899982   42.4683037   21.9658375
  26.5909615   42.8157806   23.0267429
  27.8455696   47.7300453   16.7622814
  26.9906940   47.2788124   16.3474331
  27.6563339   48.6130257   16.3360271
  28.4965000   47.4627914   19.3971672
  27.7616959   46.8339272   19.5837002
  28.3246460   47.5190811   18.3872814
  26.4815388   46.1230659   26.6290607
  25.7156219   46.7581177   26.3938046
  26.3088894   46.2171707   27.6483612
  25.9137077   46.4566917   29.1973553
  25.0534420   46.8866920   29.5499973
  25.6988735   45.5203934   29.5792503
  25.2973766   43.7567101   23.4668083
  24.3986492   43.3039131   23.2708683
  25.2376671   43.6217270   24.5055695
  25.5435715   43.6367645   26.0885048
  25.8743458   44.5634384   26.2721291
  26.3824749   43.1938286   26.5450745
  27.7769852   42.5679054   27.0299206
  28.1270294   41.6267128   26.8354855
  28.6104450   43.0211372   26.6367493
  27.8334389   42.6189842   29.6684284
  27.7814121   42.6588364   28.6259518
  26.9417648   43.1904755   29.7935028
  28.1926346   47.5148315   23.4824905
  27.2763538   47.1092186   23.1990566
  27.9839058   48.4584122   23.1240902
  28.5789757   47.6286926   26.2205868
  27.7235947   46.9944420   26.3383198
  28.4638176   47.5816765   25.1935349
  26.5501118   46.0471535   33.3959808
  25.7891159   46.6525650   33.1663513
  26.4978352   46.2060242   34.4261971
  26.2695293   46.2245178   35.9912148
  25.4545975   46.7515030   36.3317337
  25.9569492   45.3644066   36.4648247
  25.4033737   43.8932152   30.1445675
  24.5341702   43.4519196   29.9311771
  25.3207073   43.8422203   31.1677723
  25.5295277   43.7096901   32.7609901
  25.8992043   44.6688042   32.9285088
  26.3628922   43.2711830   33.0444489
  27.8490791   42.5248108   33.6207619
  28.2375183   41.6206322   33.4432106
  28.6660118   43.0730438   33.4376678
  27.5792484   42.3121758   36.3041801
  27.5177765   42.3508530   35.3057289
  26.8411350   42.9334831   36.5190010
  28.1605721   47.3486748   30.2514839
  27.2541580   47.0502777   29.8277683
  28.0621548   48.3233604   29.9799290
  28.6925583   47.4923058   32.9145584
  27.8587036   46.9649963   33.1390228
  28.6110687   47.3737144   31.9255695
  26.6591835   46.3637314   40.4970932
  25.9479370   46.9467506   40.1191864
  26.3208942   46.3913994   41.4487267
  25.8209724   46.4533730   43.0132484
  25.0002460   47.0142479   43.2855873
  25.4702225   45.5659065   43.2860031
  25.5618877   43.9112282   37.1273499
  24.7151794   43.3764534   36.9396591
  25.4361954   43.8288231   38.1426964
  25.8944778   43.7473145   39.8400116
  26.3048344   44.5995789   40.1465874
  26.7264080   43.1525955   40.0530663
  28.1232510   42.4076118   40.6466980
  28.3612404   41.4468422   40.3810005
  28.9948235   42.7757263   40.2242661
  27.7308102   42.6422501   43.2758217
  27.8057060   42.5782356   42.2649040
  26.8770599   43.1708755   43.3401527
  28.2735462   47.4174194   37.2563095
  27.4592171   47.0324326   36.8247490
  28.1546822   48.3751755   36.8297844
  28.9854431   47.5689201   39.8157196
  28.1120300   47.0682297   40.0263176
  28.8634644   47.5021744   38.7918549
  26.4507542   46.3477669   47.3200188
  25.7589283   47.0316048   47.0359573
  26.2729778   46.4640160   48.2990303
  26.0485516   46.5057983   49.8961525
  25.1435127   46.7934303   50.2487946
  25.8989201   45.4880867   50.1044998
  25.2633667   43.9006157   43.6467209
  24.4606419   43.3385773   43.2768097
  25.1369610   43.5860023   44.5642052
  25.8595524   43.7530060   46.6156998
  26.0498123   44.7170067   46.7612267
  26.7392654   43.3876495   46.8530540
  28.3263149   42.4197197   47.4297791
  28.3950424   41.4883995   47.0107231
  29.1356125   42.7586823   46.9498863
  27.7653809   42.2775574   49.9957619
  27.8648338   42.3460579   48.9716797
  27.0016804   42.9320679   50.0060577
  27.9921112   47.5562134   44.0563316
  27.2175236   47.1038628   43.5744705
  27.9768887   48.3715324   43.4994164
  28.6674709   47.5513077   46.6158638
  27.8336086   47.0584412   46.9380341
  28.3873959   47.5094528   45.6222076
  26.5600529   46.3428383   53.8260155
  25.6876869   46.8230476   53.7081757
  26.5099716   46.2873688   54.8467636
  26.2653694   46.1723175   56.4423180
  25.4080620   46.6574478   56.7164421
  25.9902802   45.2736053   56.8286972
  25.6063213   43.9731789   50.4701500
  24.7951393   43.4429245   50.2944603
  25.7110004   43.7290573   51.4649773
  25.8136463   43.6934204   53.0897026
  26.0522156   44.6105766   53.4590416
  26.6335392   43.1897392   53.4747810
  27.8302479   42.3786354   54.0371361
  28.1621284   41.4796600   53.7765427
  28.6752853   42.8728981   53.7763977
  28.0311413   42.3242340   56.7423401
  27.9066467   42.4311028   55.6951904
  27.1614399   42.7846451   56.9667015
  28.3979645   47.6963387   50.7208481
  27.5210190   47.3186378   50.4393959
  28.2667809   48.6000061   50.3178749
  28.9165840   47.5080376   53.2330589
  28.0884819   46.9572220   53.4075546
  28.7407341   47.6067657   52.2058258
  26.6273308   45.7633324   60.3930855
  25.8191643   46.2833710   60.1488495
  26.4919300   45.8636894   61.4084969
  26.1944561   46.1629562    1.7254221
  25.4261265   46.6601334    2.2372656
  25.8521099   45.2546997    2.0162306
  25.7173882   43.7430000   57.1698227
  24.9608231   43.1444817   56.9259148
  25.6197281   43.6120300   58.1871796
  25.7929821   43.3872795   59.8357925
  26.1069698   44.3240013   60.0612640
  26.6703167   42.9171677   60.0495110
  28.0430832   42.2513313   60.7762070
  28.3582382   41.2940559   60.5556831
  28.8731613   42.6608200   60.3497849
  27.9057655   42.4630928    2.2014170
  27.0645466   43.0226707    2.3918488
  27.8181667   42.4703102    1.1775434
  28.4704056   47.4769363   57.5888977
  27.6844387   47.0848083   57.0696793
  28.2639961   48.4334946   57.3395958
  28.6900940   47.3669548   60.2063446
  27.8938999   46.7255363   60.2416763
  28.7307606   47.3433952   59.1831360
  25.8689461   53.9814110    5.8285294
  25.0959797   54.6548424    5.7886605
  25.9683952   53.9593315    6.8103013
  25.9195633   53.8793983    8.4808769
  25.2517242   54.2098427    9.1257572
  25.9241371   52.9035339    8.8306084
  25.7482090   51.1502762    2.4589851
  24.8536949   50.6815910    2.3696239
  25.5759716   51.3217125    3.4890361
  25.3878193   51.4844551    5.0017633
  25.6150532   52.4046593    5.3949575
  26.2229900   51.0458221    5.4271555
  27.6603336   50.4055367    5.8963413
  28.0175915   49.4407310    5.7576876
  27.5488091   50.2712555    6.8923259
  27.9015026   50.2423363    8.5529375
  28.1567459   49.2903061    8.9243975
  28.7214031   50.6410942    9.0189676
  27.9495087   55.4503975    2.6333845
  27.3167572   54.8512764    2.1620822
  28.7737312   54.8609200    2.4743586
  27.6471157   55.8366013    5.2645884
  26.9967117   55.0846291    5.4406829
  27.6645126   55.7797318    4.2466493
  26.3885612   54.1897316   12.9074163
  25.5257168   54.7816505   12.8732996
  26.2325840   53.9182777   13.8685226
  25.8319111   54.0350304   15.5240679
  25.0401077   54.4802513   16.0027313
  25.6570034   53.1113014   15.8534021
  25.7317924   51.4649467    9.5092554
  25.0167580   50.7723999    9.3833857
  26.4766941   50.9366875    9.0767336
  25.8559132   51.7587776   12.1450481
  26.0621738   52.7526550   12.3024406
  25.7418594   51.8389549   11.1591167
  27.6459694   50.1414185   13.1089735
  26.9533825   50.8354492   12.7366781
  28.4524784   50.7543983   12.9651852
  27.4754562   50.2880783   15.7920856
  27.5391693   50.4277191   14.7833710
  26.6009636   50.8229561   15.9130526
  27.9376411   55.3438187    9.5715361
  27.2111340   54.8783646    9.0709610
  27.8242569   56.2322807    9.1194315
  28.5420113   55.6552048   12.1569605
  27.7680950   55.0278702   12.3526115
  28.3037987   55.7253189   11.1662292
  26.2361183   54.0843849   19.5841064
  25.4057217   54.6628036   19.5560093
  26.2522888   54.0554695   20.6090641
  25.8875084   53.8193321   22.1675167
  25.0753441   54.1792946   22.6542339
  25.7013245   52.8794823   22.4240322
  25.1917381   51.5763969   16.2982788
  24.5008030   50.8336372   16.2789974
  25.2876053   51.5814857   17.3360767
  25.7069626   51.5715256   18.9367332
  26.0433807   52.4636040   19.2681656
  26.4315472   50.9992714   19.3945045
  27.6258621   50.0088196   19.9287415
  28.0602570   49.1486588   19.7176170
  28.3322563   50.6492043   19.6533985
  27.5353088   49.9082146   22.6036568
  27.4287758   49.9350319   21.6151810
  26.7164459   50.5684204   22.7887650
  27.9842129   55.4649353   16.4896889
  27.1784878   54.9817047   16.1138668
  27.6426506   56.3899727   16.3188667
  28.4793015   55.4607468   19.0759792
  27.6320686   54.9265976   19.2966175
  28.3213596   55.4337769   18.0438175
  26.2228355   53.5944672   26.7124825
  25.4778538   54.2571907   26.3983402
  26.0351429   53.8091888   27.6939945
  25.6636848   54.0580177   29.1916981
  24.8157539   54.4345398   29.5336475
  25.4846363   53.1126213   29.4400635
  25.4669399   51.3951035   23.2272110
  24.7058392   50.7924309   23.0003777
  25.3979836   51.3321877   24.2072868
  25.5534763   51.2375984   25.8848209
  25.9196720   52.1540375   26.2016735
  26.3691406   50.7260475   26.2365341
  27.8782806   50.1214714   26.7798939
  28.2511635   49.1370430   26.6240158
  28.7129097   50.5376625   26.4167099
  27.5308590   49.9451332   29.3900452
  27.5904713   50.0317574   28.3351421
  26.6111908   50.3723526   29.4532890
  27.6553898   55.3701324   23.5220165
  26.9166470   54.9933128   22.9525967
  27.7454929   56.2769470   23.0590916
  28.2756386   55.1431847   26.0959129
  27.6504612   54.4217033   26.3331871
  28.0017776   55.2802048   25.1526012
  26.1522179   53.8241882   33.0675278
  25.3414326   54.4146080   33.0106392
  26.2176590   53.8638802   34.0876007
  25.9863873   53.9518127   35.7286949
  25.1280842   54.3201294   36.1667900
  25.8236961   53.0307388   36.1843185
  25.2760258   51.4525146   29.9095726
  24.4435101   50.9652252   29.7029228
  25.2850094   51.3612633   30.8863926
  25.7452316   51.1577225   32.6101379
  25.9773865   52.1027222   32.7580643
  26.6014214   50.7482185   32.9492188
  27.9826813   50.0337601   33.5791245
  28.3327160   49.0877190   33.3496208
  28.7867508   50.5189018   33.1992264
  27.8227634   49.8244286   36.1784439
  27.7731628   49.8941345   35.1474266
  27.1106300   50.5270004   36.3369408
  27.9948826   55.2187042   30.0280952
  27.1000252   54.7827988   29.7193203
  27.8174210   56.0904274   29.6160717
  28.4187374   55.2489395   32.6166801
  27.5584984   54.6648636   32.6869278
  28.3517208   55.2614441   31.5504055
  26.4970779   53.8868332   40.1257896
  25.6540661   54.4411545   39.8237648
  26.2598915   54.1007500   41.1144066
  26.0391769   54.2753296   42.6849098
  25.2169590   54.5278893   43.2020760
  25.9774208   53.2470055   42.9286346
  25.7752438   51.4547806   36.7269325
  24.9125633   50.9963074   36.5741348
  25.7651005   51.3980484   37.7493706
  26.0732250   51.3408699   39.3363342
  26.3165569   52.2554474   39.6884842
  26.8733902   50.8786125   39.7231064
  28.1064034   50.0320702   40.3425980
  28.5678921   49.1195908   40.2269402
  28.8748245   50.5266991   39.8814812
  27.7841167   49.8915367   42.8896980
  27.7932682   49.9467392   41.8980713
  27.0573673   50.5656891   43.0365829
  28.1008739   55.1874008   36.9055214
  27.2682571   54.8780556   36.4872932
  28.0763645   56.1222878   36.4849243
  28.7304401   55.2927284   39.4852600
  27.9141541   54.7569809   39.6850777
  28.6346340   55.2723465   38.4725037
  26.5159359   53.8613281   47.0716400
  25.6778431   54.3682060   46.9027596
  26.4575920   53.8791428   48.0808411
  26.1496220   53.9395981   49.7343445
  25.2699394   54.2812309   50.1250534
  25.9275646   52.9363785   49.9872627
  25.9011040   51.7596207   43.4420013
  24.9690571   51.3615837   43.3283920
  25.9652500   51.6097183   44.4335823
  25.9371853   51.4481735   46.1373520
  26.1849194   52.3518639   46.5819893
  26.7998524   51.0112495   46.5727463
  27.9628639   50.2001610   47.2826118
  28.3268127   49.2820892   47.0405350
  28.7986984   50.7191238   46.8951683
  28.0639286   50.2925682   49.9044266
  27.8926640   50.4342575   48.9152565
  27.1648903   50.6964951   50.1830482
  28.1289024   55.3882446   43.9234810
  27.3539333   55.0239601   43.4132957
  28.0227623   56.3346825   43.6289520
  28.5822811   55.4864311   46.5211487
  27.7934780   54.8510056   46.7012863
  28.4590836   55.4115219   45.4880333
  26.6701107   53.8274231   54.1223145
  25.7923965   54.3291626   53.9873238
  26.7358074   53.9521523   55.1036720
  26.1109562   53.9662743   56.8583755
  25.3320007   54.4000893   57.2681732
  25.8180237   53.0069160   56.9504471
  25.5135727   51.2912712   50.5387878
  24.7122879   50.7082520   50.3798027
  25.5206661   51.1369400   51.5589752
  25.7975273   51.2908630   53.2419624
  26.2333755   52.1907883   53.4307747
  26.6134377   50.7876587   53.6284218
  28.0364017   49.9925270   54.1299286
  28.4020977   49.0854225   53.9039650
  28.8380890   50.5254822   53.7733345
  27.7481728   49.9962006   56.8161163
  27.7938156   50.0095825   55.7734947
  26.9153004   50.5757027   56.8884544
  28.1289062   55.4279671   50.7228546
  27.2932510   54.9579887   50.3398781
  27.9285221   56.3529663   50.3408852
  28.5561314   55.4902992   53.4056702
  27.8352108   54.7963867   53.6069374
  28.3962326   55.5132828   52.4346504
  26.4833298   53.6272316   60.3105278
  26.4781933   53.7610435   61.3360252
  27.3933296   54.0507774   60.1896057
  26.1854553   53.7205811    1.7090775
  25.4396172   54.1067390    2.1913550
  26.0151863   52.7426033    1.9617180
  25.4606533   51.4509201   57.1918068
  24.6768246   50.8761368   56.9850693
  25.4868793   51.1534042   58.1902504
  25.7378616   50.9999352   59.8726158
  25.9522667   51.9583244   60.1562691
  26.5877953   50.5865021   60.2167015
  27.9765415   49.8358650   60.6312599
  28.3109474   48.9049225   60.5402336
  28.7732277   50.3041573   60.2173920
  27.8160553   49.5317116    2.0577316
  26.9976616   50.0942574    2.1285043
  27.8700294   49.6503677    1.0220919
  28.3032265   55.5515747   57.5447731
  27.4633789   55.1236153   57.2692451
  28.1153526   56.4607697   57.1762238
  28.7057552   55.1677246   60.2813797
  28.7215710   55.4739075   59.3186188
  28.5491867   56.1371727   60.6352043
  26.1157417    0.8384131    6.5519743
  26.3141708    0.9259874    7.5067434
  27.0129604    1.1041305    6.2227993
  26.4581413   61.7845497    9.2421436
  25.5849743   62.1343079    9.6235914
  26.2465096   60.8189278    9.4589558
  25.9487801   59.6224442    3.0227885
  25.2545319   58.9232216    2.6937351
  26.7613964   59.0693398    2.6741149
  25.8785915   59.5750732    5.7321844
  25.8495636   60.5621223    5.9332509
  25.9235497   59.6537628    4.7422433
  28.2907200   58.3065796    6.0068007
  27.9267731   57.3528748    5.7633109
  27.4808483   58.7657967    5.6613445
  28.0941772   57.9101410    8.6368494
  28.2833691   58.0824890    7.6395240
  28.8341370   58.4461594    8.9985151
  28.6310253    1.8953978    3.1137242
  28.5870914    2.8734026    2.7921960
  27.8054237    1.6363004    2.5705745
  28.5352097    1.6265805    5.7250752
  28.5533581    2.6367879    5.9008718
  28.4948063    1.7260884    4.7076273
  26.1648731    0.2520516   12.8977928
  26.2202568    0.1791259   13.9090624
  27.0558815    0.6848419   12.7747669
  26.3267307    0.3138117   15.6542187
  25.7596703    1.0494370   16.0641861
  27.2358189    0.7436045   15.8701344
  25.8602257   59.1605949    9.7269220
  25.0760689   58.5675964    9.5855894
  26.5473862   58.6188087    9.3083563
  26.2010555   58.8823929   12.4407358
  26.0842056   59.8899651   12.6456137
  26.1301918   58.9844322   11.4327259
  28.3912354   57.8587952   13.6138334
  28.5064850   57.0112724   13.0206804
  27.5217476   58.1342850   13.1319199
  27.7638798   58.1453094   16.1289787
  28.0840988   58.1240273   15.1347084
  28.6230011   58.6400719   16.3986702
  28.3637447    2.3098752    9.9230728
  27.6543026    1.6215508    9.7332811
  29.1293182    1.7141186    9.5816851
  28.4017658    1.6185484   12.4443731
  28.6259155    2.5855026   12.7752609
  28.4523201    1.8926668   11.4639196
  26.6737976   61.9300995   19.9723606
  26.6560020   61.8184242   20.9762249
  26.6843510   60.9612389   19.7349834
  26.3149662   61.7705688   22.5994625
  25.4324188   62.1194572   22.9203949
  26.1181355   60.7773552   22.8379097
  25.3846779   59.2328796   16.4330788
  25.6577034   60.1367493   16.0949764
  26.2814713   58.7859993   16.3692951
  26.2903271   59.4150505   19.1031361
  25.5635700   58.8325577   19.5590267
  25.8525639   59.3768539   18.1965694
  28.5268879   58.1058998   19.9024410
  28.3545322   57.2450371   19.4176960
  27.7317276   58.6016388   19.5715065
  27.9237556   57.7848511   22.4887085
  28.2670555   57.8973198   21.5204506
  28.6856079   58.3291664   22.8625736
  28.5664883    1.6456087   16.3948765
  28.5021191    2.6513841   16.2209988
  28.6872082    1.7734411   17.4259167
  28.8934898    1.8502324   18.9954720
  28.8289204    2.8122578   19.2504883
  28.0031033    1.5639892   19.4667282
  26.3153458    0.0549736   26.6036205
  26.3954964    0.0906868   27.6318798
  27.1838303    0.5679741   26.4918079
  26.7056847    0.2738519   29.2496471
  26.0145283    0.8593414   29.7123585
  27.4862213    0.9024669   29.4732590
  25.7509460   59.2259102   23.2274475
  25.0030708   58.5874214   23.1048889
  26.4879570   58.6913300   22.7450619
  26.4589920   58.8003998   25.8783169
  26.3078156   59.7623024   26.2551327
  26.1185589   59.0613632   24.9668026
  28.8475437   57.7723656   26.1949100
  28.5894680   56.7933388   26.1375275
  27.8885899   58.1204834   26.0493908
  28.0552940   57.7628441   28.9399242
  28.4655991   57.8582535   28.0212574
  28.7552319   58.3632736   29.3863945
  28.3397350    2.1650724   23.5604630
  27.6243229    1.6060224   23.1682243
  29.1159344    1.6805948   23.1545544
  28.5270882    1.5925647   26.1858559
  28.6626511    2.5960076   26.4582157
  28.4799099    1.8356537   25.2098999
  26.3973141   61.6928444   33.2987366
  26.5836334   61.5876923   34.3215485
  26.5490799   60.7203369   33.1151581
  26.3879833   61.5282898   35.9695396
  25.5608006   62.0109673   36.2490425
  26.1242523   60.6195412   36.2865334
  25.9322834   59.0306740   29.9174271
  26.3371487   59.9119339   29.7223511
  26.7340851   58.5005722   29.5324135
  26.2986641   59.0924492   32.5489845
  25.3800182   58.7197418   32.8531647
  26.0330143   59.0928497   31.5581951
  28.4001045   57.8310738   33.5575714
  28.2862606   56.8781319   33.2143364
  27.6252079   58.2360916   33.0684700
  28.0619698   57.7334251   36.1907196
  28.2625275   57.8214302   35.1984863
  28.7421417   58.4468613   36.4702187
  28.5773468    1.9889172   29.8943424
  28.6457672    2.9796534   29.6855316
  28.7523060    2.0476017   30.8480549
  28.8544617    1.6474324   32.4577065
  28.8927937    2.5318580   32.9833221
  27.9234200    1.4077924   32.8319130
  26.2805119   61.2181511   40.0991325
  26.4720268   61.3317223   41.0941658
  27.1526852   61.6847115   39.8074760
  26.5766315    0.3044216   42.6932678
  25.9712086    0.9383799   43.2274590
  27.4479256    0.7547932   42.9658203
  25.8779411   58.9872780   36.9588661
  25.1630917   58.3651962   36.7728653
  26.6592140   58.3901482   36.6979828
  26.6103230   58.5952873   39.4277534
  26.3726120   59.5382118   39.7765770
  26.2678509   58.7894630   38.4908524
  28.9128265   57.9198723   40.4465065
  28.9707012   56.9918327   40.1276321
  28.0068855   58.1477699   40.0110588
  28.0438862   57.9239578   42.8845406
  28.4584866   58.0057335   41.9598045
  28.8325005   58.4922218   43.2862129
  28.3698368    2.1276910   36.9781914
  27.6474972    1.4906163   36.7007523
  29.1430511    1.5795424   36.6056976
  28.4512730    1.3995763   39.4934654
  28.7486591    2.3098359   39.8618126
  28.3944473    1.7153722   38.5288467
  26.3449802   61.8737984   47.0562134
  26.4387779   61.6624756   48.0610123
  26.3139153   60.9251099   46.8082123
  26.4875717   61.7581635   49.9021873
  25.6029587   62.1368446   50.2321014
  26.2612877   60.8066101   50.2293243
  25.8602257   59.0563240   43.6610184
  26.0516872   59.9487114   43.2323112
  26.6764336   58.5643044   43.3022614
  26.2001686   59.2606773   46.2829514
  25.4148159   58.8282433   46.6963272
  25.9149513   59.2302017   45.3310585
  28.4970798   58.0623856   47.2089729
  28.4334660   57.1335945   46.8541679
  27.6573677   58.4090767   46.7437019
  28.1878414   58.0467911   49.8659019
  28.3730373   57.9947853   48.8441849
  29.0369072   58.5683670   50.0834770
  28.7888584    1.5717497   43.7196007
  28.7226391    2.5502715   43.6266327
  28.7826900    1.5460223   44.7415161
  28.9215450    1.5021571   46.4639397
  29.0369282    2.4268608   46.7810593
  27.9925251    1.3540288   46.7382126
  26.3978481    0.3811226   53.7654572
  26.5109787    0.3775902   54.7976837
  27.2243004    0.9065590   53.5723991
  26.4566193    0.3620450   56.3793526
  25.8486023    1.0044581   56.8889160
  27.3023224    0.9164537   56.5214729
  25.9914684   59.3425941   50.6330223
  25.3563023   58.6006279   50.3788185
  26.8189526   58.8646278   50.2668037
  26.3947506   59.0030289   53.2844849
  26.4511166   59.9732819   53.5331993
  26.2533798   59.1465950   52.3050957
  28.7724724   58.0035591   54.1698608
  28.5995235   57.0351753   53.9176064
  27.8425598   58.2909126   53.7863617
  28.1448669   58.1930504   56.7895966
  28.5620193   58.1998253   55.8312645
  28.9022331   58.7460136   57.1850586
  28.4759960    2.3236251   50.7187424
  27.8226528    1.7006571   50.2402115
  29.3028927    1.8190054   50.4280167
  28.7027493    1.7627733   53.3038712
  28.8059292    2.7473330   53.5289345
  28.5907078    1.9565821   52.2994194
  26.4554615   61.9276390   60.5700302
  26.4666882   61.8808441   61.5615616
  26.2997246   60.9300995   60.4255867
  26.4366951   62.0797920    1.9906940
  25.5832253   62.5251122    2.2539024
  26.1835995   61.1782684    2.3798089
  25.7597790   59.2171669   57.3533096
  25.9130726   60.0560188   56.8274384
  26.6054115   58.7610207   57.1236572
  26.0782814   59.3453522   60.1162605
  25.2396259   58.8133240   60.2897987
  26.0082512   59.3329468   59.1309433
  28.1784916   57.7141266   60.7470741
  27.4103470   58.3860283   60.5779152
  28.9081326   58.3522186   60.4541550
  28.1494408   58.0830956    2.2856750
  28.0651684   57.0909805    2.5199766
  28.1229649   57.9758453    1.3067610
  28.5529308    2.0006084   57.0136795
  28.6298332    2.9864721   56.8752403
  28.6355534    2.0723367   58.0218124
  28.6844616    1.9988623   59.7618828
  27.9423428    1.4031566   60.1211395
  29.4409351    1.3547486   60.1035080
  30.6695156    8.2250862    6.8809290
  29.8734646    8.5297947    6.3172436
  30.7056751    7.3138952    6.5335398
  30.9427776    7.8894382    9.5764513
  30.1129951    8.4858952    9.6375275
  30.9942131    8.0403605    8.5639400
  30.8991184    5.4710979    3.4542396
  30.0526657    5.1646991    2.9969022
  30.8417892    6.4524131    3.1609652
  30.8400459    5.6344538    6.0203385
  30.0335102    5.0027065    6.0772605
  30.9532471    5.4884844    4.9834032
  33.2793579    4.6696720    6.7125115
  32.4115906    5.0339222    6.4282146
  33.2027512    3.7508674    6.2811232
  33.4295235    4.4210672    9.4432135
  33.4726982    4.6423059    8.4987030
  32.4745293    4.6755271    9.5926037
  32.9746437    9.2561979    3.6342096
  32.1527748    8.7712412    3.2350492
  32.7092209   10.1600895    3.2856960
  32.9883194    9.4963007    6.2893929
  32.0960655    9.1120224    6.5016932
  32.9846649    9.2470417    5.3294649
  30.7991447    8.1885223   13.7588825
  30.0299454    8.5761509   13.1968269
  30.7885342    7.2920132   13.3129692
  30.8091679    8.1969433   16.3136673
  29.8964767    8.6742516   16.4076767
  30.8018303    8.2704573   15.2860985
  31.0050945    5.3428140   10.0821218
  30.1204548    5.1055417    9.6350183
  31.0448933    6.2960362    9.7489491
  31.0205631    5.7394848   12.6562395
  30.2100983    5.1836419   12.8071871
  31.0948353    5.5963058   11.6516132
  33.1059685    4.5031710   13.8132772
  32.3132057    4.9367485   13.3238316
  32.9427681    3.5780292   13.3957148
  33.0646439    4.7583475   16.5105515
  33.1315956    4.6605139   15.4574318
  33.0450974    3.7841499   16.6607361
  33.2584648    9.1350784   10.0106707
  32.3314247    8.6818457    9.9260178
  33.1807137    9.2265568   11.0124607
  32.9694366    9.4266586   12.7260399
  32.1805992    9.0106459   13.2171097
  32.9261627   10.3311205   13.1763382
  30.8873882    8.4495907   20.5807114
  30.0342827    8.7428169   20.1703777
  30.9109268    7.5315375   20.2524796
  30.9472542    8.3637838   23.2191525
  30.0565453    8.8085766   23.3728619
  30.9329796    8.4796724   22.1821384
  30.6020641    5.6430893   17.0798512
  30.6632900    6.5834465   16.7489624
  31.5599098    5.3865814   16.7784786
  30.8066921    5.7974586   19.6894379
  30.0047703    5.1599383   19.8315220
  30.7053757    5.7249923   18.6537666
  33.0888290    4.8211141   20.5694027
  32.2457275    5.3189473   20.2510090
  32.8752365    3.9399371   20.1136265
  33.2068443    4.3471355   23.2050877
  33.3568802    4.4991198   22.2020226
  32.3151627    4.7888308   23.2906971
  32.9865952    9.4267874   17.3087330
  32.1248817    9.0323191   16.9340305
  32.8420067   10.3494949   16.9256649
  33.1067200    9.6874914   19.9202347
  32.1890259    9.3042278   20.0868397
  33.1103287    9.5193338   18.9276676
  31.0518608    8.2039356   27.4055386
  30.3067608    8.6135769   26.8964310
  31.0364952    7.2630749   27.0076885
  31.4585152    8.2712822   30.0214672
  30.5964165    8.8317995   30.1817780
  31.2761002    8.2389565   29.0197639
  30.9881172    5.7251625   23.6651115
  30.1257248    5.5020094   23.2095718
  31.0022583    6.7129235   23.4090786
  31.0258427    5.5940747   26.3531837
  30.1841831    4.9929419   26.4546089
  30.9615974    5.6294022   25.3415279
  33.2845345    4.5147786   27.0731583
  32.4023705    4.8771734   26.6724186
  33.0716324    3.5468433   26.7968388
  33.4569435    4.8651199   29.7355042
  33.2449303    4.6803484   28.7473030
  33.4437408    3.8565364   29.9672260
  33.0715981    9.5831423   24.4138889
  32.2693253    9.0917711   24.0345230
  32.8174896   10.5201616   24.0167389
  33.1641579    9.7225666   27.0395164
  32.3641624    9.1154222   27.0690327
  33.2282906    9.6825600   25.9957542
  30.9731159    8.4729729   34.0689392
  30.2929745    9.0980892   33.6686134
  30.7426071    7.6550474   33.5289345
  30.8863144    8.3123884   36.7094574
  30.0566788    8.8565874   36.8353043
  31.0252151    8.4312391   35.7217369
  31.0209293    5.5997424   30.3945217
  31.2375622    6.5922351   30.1732063
  31.9628258    5.2932272   30.1427612
  30.5828171    6.0704784   32.9248390
  29.8414192    5.4084601   33.1167145
  30.7225933    5.7881746   31.9491215
  32.7019043    4.9799585   34.3405609
  31.9586163    5.3324046   33.7925453
  32.7053070    4.0569057   33.8312988
  32.9922180    4.4320540   36.8437004
  32.9412193    4.7466068   35.8397522
  32.0360947    4.7219453   36.9844513
  33.1480751    9.7847347   31.1524487
  32.4589691    9.1759043   30.6369572
  32.7119713   10.6220217   30.7369747
  33.2381897    9.8010530   33.7501488
  32.4240456    9.2854385   34.0174179
  33.2259178    9.6558199   32.7632065
  31.1055794    8.4915562   40.9285049
  30.2298698    8.8521366   40.5644798
  31.0395603    7.5664458   40.4875298
  31.2432899    8.4797792   43.5505867
  30.3801899    9.0054274   43.6989632
  31.2237511    8.6003523   42.5564270
  30.6956463    5.6622086   37.2216415
  29.8144684    5.4483762   36.7225418
  30.7283459    6.6308956   36.9328575
  30.9798756    5.8212614   39.8558617
  30.3573017    5.0789232   40.1533623
  30.7332191    5.7038803   38.8588600
  33.1021919    4.3614473   40.7971573
  32.3730202    4.9703689   40.4822311
  32.9739418    3.6384883   40.0990982
  33.1154556    4.3728971   43.4677315
  33.1388130    4.2373023   42.4270096
  33.1998100    3.3913937   43.6589241
  33.0188217    9.4382381   37.6415825
  32.1550255    8.9924068   37.3028870
  32.6898346   10.3453007   37.3262901
  33.3765793    9.7652140   40.1897125
  32.5831947    9.1971264   40.4426613
  33.2675819    9.5968943   39.1796150
  31.3271770    8.4596539   47.5863953
  30.5648079    8.8983879   47.1292000
  31.2100163    7.5364494   47.2042618
  31.0200233    8.1628742   50.1756630
  30.2193508    8.6982994   50.4784126
  30.8651371    8.2956400   49.2114105
  30.7901020    5.8870759   44.0412102
  30.9854298    6.8085012   43.7658615
  31.6033821    5.4074030   43.7457047
  30.9146576    6.0060234   46.6856651
  30.1094418    5.3944139   46.8270760
  30.8788834    5.9588723   45.6788101
  33.0426140    4.5632572   47.7687340
  32.3098106    5.0733395   47.3624001
  32.9937935    3.7215934   47.1879883
  33.2560234    4.2601337   50.3661766
  33.1418076    4.4435339   49.3701782
  32.3516006    4.7197032   50.5669479
  33.1439590    9.9040356   44.7164955
  32.3925247    9.4282627   44.2343941
  32.9167747   10.8407755   44.4159126
  33.5474472    9.8713379   47.3541374
  32.7084274    9.2623844   47.5505943
  33.3848152    9.7969456   46.3490372
  31.3270950    8.1041336   54.4636078
  30.4917068    8.4894381   54.0539284
  31.2581577    7.1645503   54.0156784
  31.3172569    8.3654795   57.2336731
  30.3754959    8.8459673   57.1830177
  31.3024387    8.2029676   56.2101822
  31.0692768    5.6129274   50.6370583
  30.3049984    5.3789663   50.0459251
  30.9947186    6.6268578   50.4498329
  31.1632061    5.6408119   53.3897018
  30.2815990    5.1475978   53.4963455
  31.0968285    5.6061835   52.3687248
  33.2090683    4.4607611   54.5306549
  32.4378929    4.8437171   53.9969978
  33.1267815    3.5602808   54.0647812
  33.0726242    4.5947418   57.0979080
  33.1532440    4.7000008   56.1093903
  33.2245598    3.5617931   57.0984497
  33.0850410    9.5760212   51.1900215
  32.3900948    8.9595203   50.7496567
  32.8737564   10.4007950   50.6351700
  33.2365189    9.8934536   53.8135452
  32.5528984    9.1750250   54.0411682
  33.1899071    9.7583647   52.8097076
  31.3080654    8.4793243   61.2993240
  30.4771595    8.8270493   60.8502960
  31.1568241    7.5350351   60.9711456
  30.8556919    7.9667568    2.6154873
  30.1163521    8.6497879    2.6772890
  30.9492683    8.1296368    1.6074425
  30.8190022    5.8378434   57.8694534
  31.1840210    6.7695098   57.6654510
  31.7043686    5.3754516   57.5849991
  30.8551846    5.9555230   60.5455856
  30.1289349    5.2669516   60.7707062
  30.8242874    5.7834563   59.5637474
  33.2462997    4.5814090   60.9715767
  32.3231316    5.0373411   60.8983498
  33.2829361    4.7240205   61.9817238
  33.2084656    4.6375895    2.3844306
  32.3947105    4.9060459    2.9205253
  33.1166344    3.6226480    2.5994809
  33.4230804    9.6638975   58.1530647
  32.5372658    9.2039442   57.9052391
  33.0785637   10.5744171   57.9109344
  33.7114296    9.5917130   60.8084946
  32.8056679    9.1351967   61.0570183
  33.5501328    9.5230198   59.7938881
  30.5771675   15.8285646    6.6784887
  29.7498817   16.3973160    6.6164265
  30.7167301   15.9893475    7.6895027
  31.1064816   16.0293045    9.2921667
  30.2383213   16.4017792    9.6135321
  30.8939400   15.0504026    9.5478907
  30.3488503   13.4564285    2.9614193
  29.4239197   13.0576935    2.8198750
  30.2806129   13.5001383    3.9859536
  30.2764244   13.4091253    5.5769014
  30.4893627   14.3268518    5.8860965
  31.0316010   12.9343767    6.0307350
  32.4271851   12.1680355    6.6509485
  32.6829758   11.2177753    6.3919301
  32.3706474   11.9826431    7.6549888
  32.6570778   11.7894726    9.3197222
  32.8852463   10.7898836    9.4160604
  33.5533333   12.0985041    9.6292486
  32.8882904   17.5172310    3.2638004
  32.8240089   17.3596592    4.2877789
  32.0286865   16.9743271    3.0783949
  32.8181076   17.2466488    5.8930721
  31.9703751   16.7191715    6.0731516
  32.4856377   18.1168003    6.3184710
  31.1892757   15.9353018   13.1733103
  30.2845573   16.3367043   12.9365444
  30.9731827   15.8708200   14.1724749
  30.6793137   15.8428364   15.8252602
  29.9249420   16.2285271   16.3921356
  30.6161060   14.9055920   16.2002373
  30.6445770   13.4678802    9.9123573
  29.8678818   12.9015675    9.5631294
  31.3842163   12.8103456    9.6195641
  30.9313412   13.3372774   12.5873652
  31.1003571   14.3369970   12.7112894
  30.8853569   13.3941422   11.5675030
  32.9319725   11.8866205   13.5332060
  32.1979675   12.4132204   13.1164360
  33.6775703   12.4887476   13.1378717
  32.5570221   11.8317909   16.2663155
  32.7345276   11.9174976   15.2762804
  31.6963634   12.2309408   16.3430595
  33.1834183   17.0196209   10.4030352
  32.3782272   16.5460682   10.0067997
  32.8949890   17.9573135   10.0267963
  33.4402924   17.4257221   12.9767714
  32.5576019   16.8948078   13.1222153
  33.3920746   17.2834415   11.9346514
  31.0881367   15.9530411   20.0836220
  30.1595211   16.3674564   20.0086288
  31.1060715   15.9114637   21.0911350
  30.5684509   15.9950876   22.8052711
  29.7015686   16.2706642   23.2602634
  30.5646381   15.0646067   23.1776657
  30.1826153   13.3359289   16.7109394
  29.3852062   12.7888384   16.5225277
  30.1351700   13.1971388   17.7404804
  30.5106392   13.3161077   19.3952541
  30.8815250   14.2332630   19.5249901
  31.3393898   12.8780479   19.7908020
  32.7550011   12.2863703   20.5568485
  33.0543747   11.3437738   20.3448086
  33.5873871   12.6948614   20.1375675
  32.5119247   11.9008970   23.1656399
  32.5392990   12.0428963   22.1453247
  31.7189560   12.4789143   23.3695450
  32.9338303   17.1249237   16.7629375
  32.1408691   16.7374172   16.2751503
  32.7335358   18.1200352   16.5245209
  33.2274170   17.3834438   19.3878860
  32.4018364   16.8236179   19.5819836
  33.1363258   17.3024940   18.3770351
  31.0016499   15.7467871   27.0841179
  30.2603188   16.3840370   26.8249512
  30.9107227   16.0349960   28.0723152
  30.7896137   16.2858391   29.7102165
  29.8710346   16.7324982   29.9774189
  30.4835625   15.3884554   30.0063477
  30.3376369   13.4804525   23.6092567
  29.5021954   13.0080318   23.2903118
  30.2558060   13.2355671   24.5591335
  30.3447800   13.3295517   26.3426495
  30.6650333   14.3015165   26.5942211
  31.1126308   12.8857679   26.7910023
  32.4473953   12.1790762   27.4647560
  32.7283974   11.2015524   27.3121262
  33.3753242   12.5276184   27.1504631
  32.2028198   12.1090784   30.0585728
  32.1918831   12.1401434   29.0111256
  31.4770012   12.8459930   30.1838303
  32.7134476   17.1559868   23.8592644
  31.8528557   16.7072372   23.5308418
  32.4279938   18.0664635   23.5198460
  33.2399902   17.1771469   26.4168835
  32.4293518   16.6053448   26.5893764
  33.0342369   17.3030167   25.4287739
  30.9725418   16.2278385   33.6727219
  30.1472759   16.7783852   33.5798836
  30.8839550   16.1809998   34.6987228
  30.7404251   16.1486092   36.3275146
  29.8298149   16.5224838   36.6197281
  30.5606117   15.2561102   36.7491951
  30.2300415   13.7644911   30.6364250
  29.4249115   13.0824509   30.5540409
  30.1953640   13.7339830   31.6324406
  30.1861401   13.6453657   33.3053322
  30.4680367   14.5969048   33.5534935
  31.0264397   13.2158527   33.5991135
  32.3572998   12.3660908   34.1688690
  32.5632782   11.3827190   33.9958839
  33.2415047   12.6951122   33.8497124
  32.3019180   11.9802647   36.8079796
  32.2135086   12.0716219   35.7683296
  31.5092716   12.5716696   36.9662018
  33.0586777   17.3603268   30.6039810
  32.2074203   16.8545246   30.3492393
  32.7514877   18.2532520   30.2334747
  33.3329582   17.3990936   33.2791977
  32.4473495   16.9000206   33.3828430
  33.2478828   17.4025822   32.2242737
  30.9796925   16.0363750   40.7672462
  30.1117477   16.4943027   40.5131798
  30.8202915   16.1554337   41.7886772
  30.4908543   16.3375206   43.3475761
  29.6341419   16.7162628   43.7879372
  30.3616924   15.4179993   43.7338371
  30.1946335   13.6854534   37.3046684
  29.3243370   13.1047821   37.1999359
  30.1478996   13.7212276   38.3036079
  30.3708649   13.4276505   39.9711456
  30.6472244   14.3080473   40.3349152
  31.2596302   12.9628029   40.1938133
  32.5931168   12.3061075   40.9434814
  32.9619560   11.3727617   40.7487259
  33.4084320   12.7837181   40.5749931
  32.3232193   12.2600794   43.6732750
  32.2347870   12.1459465   42.6338196
  31.5562553   12.8513327   43.7752495
  33.0240517   17.1547470   37.2899933
  32.1803436   16.7055130   36.8865356
  32.7795410   18.0534801   36.9445114
  33.2579079   17.3460274   39.9741287
  32.4022903   16.7892971   40.2108536
  33.1493950   17.2473793   38.9448967
  31.2111568   16.0110397   47.3053551
  30.4208088   16.6506996   47.0423508
  31.0188217   16.1006012   48.3074036
  30.5017433   16.2290344   49.8573532
  29.6111794   16.5233421   50.3042908
  30.4222794   15.2884874   50.2718658
  30.1301804   13.8080988   44.0934410
  29.3420105   13.2165871   43.9353790
  30.2091732   13.5498600   45.0961609
  30.6032410   13.4719572   46.6583824
  30.8351955   14.4210138   46.9006538
  31.5110435   13.1007948   46.9870415
  32.7961311   12.3906403   47.5627975
  33.1811142   11.4015331   47.5752563
  33.7227478   12.7982979   47.3212013
  32.5138550   12.1497040   50.2100410
  32.4558411   12.3058958   49.2102165
  31.7055874   12.7381954   50.3939590
  32.7194176   17.3934231   44.1101265
  31.8486118   17.0047569   43.8121147
  32.4948425   18.3540077   43.8849640
  33.4614105   17.1995373   46.6385231
  32.5760994   16.6695652   46.8292351
  33.2024879   17.2718544   45.6419373
  31.2775421   15.9280806   54.2343521
  30.5157986   16.5539360   54.0675888
  31.1115589   15.8370419   55.2318840
  30.8209457   15.9545116   56.7813034
  29.9962730   16.4258919   57.1980858
  30.5659103   15.0519333   57.2069550
  30.4733524   13.6786995   50.8241653
  29.6452522   13.1373978   50.6157036
  30.3256283   13.5809689   51.8567543
  30.6430702   13.3873053   53.4870796
  30.9225712   14.3302126   53.7107239
  31.4829273   12.9859266   53.9526443
  32.7986946   12.3497753   54.7544518
  33.0673790   11.3927794   54.4396362
  33.6663437   12.7773438   54.4833679
  32.7204285   12.1171551   57.3638687
  32.7794418   12.2157469   56.3643456
  31.8161411   12.6271124   57.4119759
  32.7026062   17.3129311   51.0951118
  31.8466549   16.9385796   50.6389961
  32.5181503   18.2798691   50.7672424
  33.3471222   17.3634186   53.6225891
  32.5005608   16.7968254   53.8067474
  33.1764374   17.3094463   52.6213760
  31.0401058   15.7387018   61.0817642
  30.3420029   16.4837856   60.8643036
  31.1203041   15.9667883   62.0382271
  30.7388382   16.0758286    2.8059866
  29.8854752   16.3045845    3.2957792
  30.4960098   15.0714655    2.7739298
  30.4478168   13.4524212   57.6431808
  29.5921631   12.9847059   57.3345261
  30.2607956   13.2837172   58.6472168
  30.5526485   13.1560879   60.3258705
  30.7576962   14.1138420   60.6538162
  31.4374180   12.7914143   60.6485786
  32.8441467   12.0988855   61.2485771
  33.2697716   11.1726341   61.0191574
  33.6881905   12.5947247   60.9442482
  32.4321442   11.6432114    2.7875385
  31.6166496   12.2118607    2.9765449
  32.4593773   11.8676109    1.8104534
  32.8410492   17.2185421   57.9551201
  32.1141319   16.7775593   57.3499069
  32.7512550   18.1068058   57.4339752
  33.3536682   16.9547443   60.5310211
  32.5099373   16.4180946   60.6647873
  33.2077751   17.1134243   59.5380554
  30.8122616   23.7817516    7.0168500
  29.8733501   24.2072086    6.8143101
  30.5917664   22.9210033    6.4948444
  30.8138847   23.4250488    9.6176605
  30.0049877   24.0578938    9.7428503
  30.9049301   23.6298981    8.6094666
  30.1373463   21.2121716    3.3099682
  29.4532719   20.5446815    2.9885163
  30.9491501   20.6774750    2.9699285
  30.2830563   21.5140743    5.8715348
  29.4557800   21.0076332    6.0974574
  30.1970291   21.4301624    4.8733549
  32.3365326   19.7737331    6.6200566
  31.5500984   20.3316288    6.4147549
  33.0197983   20.3948555    6.1413555
  32.6226349   19.4341946    9.3030338
  32.5055618   19.5854359    8.3114061
  31.7574158   19.8954582    9.5233717
  33.0556335   24.8508167    3.1705439
  33.0025406   24.7480869    4.1858034
  32.2696304   24.2909985    2.9706144
  32.9570885   24.9030933    5.9218078
  32.0944023   24.6202641    6.3885236
  32.7770386   25.9153023    6.0591035
  30.7497444   23.6323605   13.2700205
  29.8671188   24.0712051   13.0210838
  30.6539421   23.7230568   14.2820139
  30.2780647   23.5138836   15.9280968
  29.5857449   23.9004707   16.5711269
  30.1572323   22.5415096   16.2348480
  30.3669319   20.6623459    9.9916134
  30.3993282   21.6306896    9.7878914
  30.3849449   20.7895451   11.0033932
  30.4331284   20.8827286   12.5981941
  30.5709553   21.8550282   12.7903748
  31.2658691   20.5560799   13.0500412
  32.7082024   19.9308224   13.6497889
  33.0836296   19.0206356   13.4137840
  33.5885162   20.4290562   13.3882990
  32.2538605   19.6047173   16.3177528
  32.3129120   19.8192863   15.3197870
  31.4268608   20.1344585   16.4722977
  33.0673561   24.6824265   10.0301352
  32.1315002   24.3030262    9.9002991
  32.8173790   25.5951157    9.6003628
  32.8620796   25.0992203   12.6278553
  32.0412903   24.5364246   12.7063522
  33.0526314   24.8946495   11.6596813
  30.9045658   23.6062698   20.3472805
  30.0481472   24.1756935   20.3047504
  30.8408260   23.5505543   21.3571281
  30.3777695   23.4727001   22.9101009
  29.5820580   23.9366531   23.3953800
  30.1712017   22.5627823   23.2624645
  30.0265121   21.0092392   16.8744297
  29.2332439   20.3777370   16.7723961
  29.9588490   21.0551910   17.8893089
  30.2773438   21.0101128   19.5905228
  30.5185509   21.9205055   19.9141731
  31.2006226   20.5940723   19.7619514
  32.6176949   19.7856483   20.3206539
  32.9564934   18.8732281   20.0048409
  33.4570961   20.2828255   19.9946671
  32.3327713   19.7363205   23.0658951
  32.2812920   19.7594204   22.0479889
  31.4573231   20.2462101   23.1821594
  32.5515938   24.5603352   16.8289604
  31.6941662   24.1686878   16.4315395
  32.3056297   25.5382156   16.5749073
  33.1507149   24.7213936   19.5023117
  32.2742653   24.3221912   19.8366241
  32.9746475   24.5948963   18.5429115
  31.0122967   23.5385914   27.2932377
  30.1195030   24.0412006   27.0818939
  30.8429222   23.5789108   28.3075352
  30.4372921   23.6382027   29.9264126
  29.5920868   24.0529213   30.3032513
  30.0955334   22.6987267   30.0018349
  29.9125919   20.9797497   23.8172054
  29.0889187   20.3757763   23.7190304
  29.8577175   21.0615501   24.8004169
  30.1860657   21.0756893   26.4939709
  30.5246849   22.0190830   26.8058472
  31.0356693   20.5851631   26.7845631
  32.4183846   19.7495289   27.2080574
  32.6894188   18.8015900   26.9243050
  33.2541466   20.1984234   26.8737640
  32.3201523   19.7760162   29.9042206
  32.3731651   19.8288536   28.9201107
  31.4593925   20.2897129   30.0303135
  32.5672379   24.8252754   23.8801994
  31.7352867   24.3958035   23.4637547
  32.3543587   25.7599545   23.6400604
  33.1456833   24.8906498   26.3968868
  32.3957863   24.2701626   26.7212982
  32.9282494   24.6978455   25.3798237
  30.9793472   23.5445309   34.1267357
  30.1970673   24.1131973   33.7772789
  30.8255215   23.7027798   35.0997353
  30.4783268   23.7363358   36.7209053
  29.5873222   24.1707573   36.9762878
  30.1675320   22.7929859   36.9012070
  29.9965305   21.1168518   30.5501118
  29.1404800   20.5480556   30.5194817
  30.0656376   21.0146008   31.5927811
  30.2385292   21.0807667   33.2798653
  30.5549412   22.0247784   33.4906158
  31.0805550   20.6322880   33.5823593
  32.5753174   19.8835583   33.9282494
  32.9065819   18.9306946   33.6049805
  33.4555168   20.2926025   33.7349472
  32.2695618   19.5900249   36.5541229
  32.2453613   19.7224121   35.5492630
  31.4865112   20.2361717   36.7565575
  32.6189194   24.7444763   30.8332233
  31.7575150   24.3317852   30.4165039
  32.3257217   25.6817780   30.5414143
  33.1099396   25.0586033   33.4228554
  32.4342117   24.3995628   33.7817650
  32.9126015   24.8062019   32.4274826
  31.0081940   23.4615421   40.5586166
  30.1207905   24.0164452   40.4534111
  30.9183731   23.4710484   41.5875626
  30.6271095   23.3761082   43.1013451
  29.7858448   23.8811359   43.4558296
  30.2863388   22.4474945   43.3546677
  30.1305618   21.1477718   37.2961159
  29.2601128   20.5719090   37.2566261
  30.2531128   21.0429020   38.2740669
  30.4244957   20.9625816   39.9125023
  30.7357044   21.9387302   40.1122932
  31.3494873   20.5725994   40.1160660
  32.6715775   19.8287945   40.5612831
  33.0098763   18.8752270   40.3151283
  33.5343132   20.2805119   40.3517265
  32.4240227   19.9584160   43.3155861
  32.4521713   19.9182892   42.3027153
  31.5193825   20.3638420   43.4208450
  32.8937645   24.7073307   37.3786354
  31.9706192   24.3770237   37.1099205
  32.6866302   25.6887264   37.2460022
  33.2405663   24.8446751   40.0503120
  32.4809647   24.2453690   40.3334045
  33.1273727   24.7521896   39.0585480
  31.1520615   23.2264194   47.5079956
  30.3195057   23.8277931   47.2679062
  31.0651131   23.3972855   48.5029526
  30.7504177   23.5286884   50.0810890
  29.8946133   23.9648495   50.3865089
  30.3822975   22.5721436   50.2232704
  29.9393997   20.9337006   43.8734436
  29.1521511   20.3164959   43.6853714
  29.8460178   20.8325367   44.9069061
  30.3375053   20.8968010   46.5060806
  30.8233261   21.7490559   46.8576050
  31.1301346   20.2946548   46.7848129
  32.4492035   19.5712624   47.4261971
  32.8877068   18.6647148   47.1877480
  33.2245674   20.0456734   46.9347420
  32.2484894   19.7501736   50.1756668
  32.3000259   19.7594185   49.1991997
  31.3405743   20.2559967   50.2378197
  32.8155022   24.6445312   43.9780121
  32.0528831   24.1410522   43.5503006
  32.5027847   25.5746002   43.7249680
  33.2033310   24.7511749   46.6194611
  32.4745064   24.0723610   46.8842278
  32.9952354   24.7438030   45.6164894
  30.9908695   23.5350609   53.7034378
  30.1184349   24.0753441   53.5834084
  30.9610825   23.5431309   54.7182922
  30.6402035   23.4303455   56.3607597
  29.8615398   23.8471508   56.8626060
  30.4659634   22.4937782   56.7891846
  29.8990555   21.0294590   50.6478043
  29.0544071   20.4993801   50.6174278
  30.0303745   20.9846458   51.6355934
  30.4203491   20.9702015   53.2665405
  30.7221775   21.9081078   53.4105186
  31.2955589   20.5723515   53.5943832
  32.6186447   19.8772049   54.1890182
  32.8803177   18.8745861   54.1725082
  33.4604416   20.1978836   53.7257385
  32.3966064   19.5921898   56.8776550
  32.3774757   19.7832108   55.8750648
  31.6020145   20.1658974   57.0662575
  32.9805679   24.7589664   50.9179649
  32.1038094   24.3030491   50.6048050
  32.7239761   25.7081738   50.6188087
  33.2994461   24.6664124   53.5258331
  32.4191399   24.1927929   53.5834503
  33.2809715   24.6403198   52.4925842
  31.3477364   23.3479843   61.1583977
  30.5342503   23.9381523   60.9241562
  31.2463379   23.4800930   62.1361885
  30.7415047   23.6329823    2.4854028
  29.9267712   24.1312447    2.7977998
  30.3891144   22.7067928    2.7639139
  30.2810726   21.0768280   57.6071815
  29.4849300   20.5159092   57.5810013
  30.4344940   21.0022984   58.6179352
  30.7401237   20.9462662   60.1868820
  30.9651756   21.8447208   60.6255569
  31.5964603   20.4876862   60.5779800
  32.8975067   19.6241245   61.1787491
  33.0869484   18.6944313   60.8531151
  33.7246895   20.0249653   60.7973557
  32.3637962   20.0120220    2.4722862
  32.5872688   19.0817318    2.7106190
  32.4583397   19.9178085    1.4739019
  32.6351624   24.5770187   57.5999832
  31.8862076   24.1028328   57.1593246
  32.4799042   25.5111923   57.2235413
  33.4692078   24.6542015   60.0589638
  32.6880417   24.0494881   60.3738480
  33.1403427   24.5986633   59.0575256
  30.5157986   31.5455036    6.6121840
  29.6443920   32.0339203    6.4180927
  30.2136402   30.6391678    6.2224021
  30.7104473   30.9644604    9.2338448
  29.8200703   31.4817505    9.3806419
  30.7074623   31.1717300    8.2309237
  30.0156631   28.5604382    3.1695275
  29.2610550   27.9072113    2.9837949
  30.7143612   27.9505863    2.7492547
  29.9279099   29.0285435    5.7175097
  29.0369148   28.6058884    5.9583220
  29.8590450   28.8161449    4.7300148
  32.1582489   27.5015793    6.3107266
  31.3878117   28.1032200    6.0020404
  32.8643951   28.1010838    5.9617686
  32.4653816   27.0521488    8.8990211
  32.3320084   27.0979633    7.8908453
  31.6112537   27.5665340    9.1136780
  32.7953339   32.4858665    3.1820505
  32.7783508   32.5849571    4.1842360
  31.9073601   32.0105057    3.0728149
  32.7723770   32.7693291    5.8786263
  31.9048939   32.2911339    6.1783953
  32.4877090   33.6762390    6.1678138
  30.6058006   31.0309467   13.3878689
  29.7447033   31.5276928   13.1748819
  30.6383457   31.2327385   14.3546085
  30.4064121   31.1679592   16.0060959
  29.4888592   31.5056992   16.2839622
  30.2318726   30.2257729   16.2602673
  30.2884007   28.4009418    9.7186670
  30.5025940   29.3852673    9.5136080
  30.2390652   28.5706272   10.7410831
  30.1646481   28.6118374   12.3902931
  30.4057732   29.5568867   12.7107201
  30.9225578   28.1684742   12.9024725
  32.3572197   27.5083961   13.7305031
  32.5546188   26.5903625   13.2863007
  33.2205811   27.9388065   13.3626881
  32.0343018   27.0502911   16.2591934
  32.1351547   27.3385067   15.2926378
  31.2956638   27.7159138   16.4623718
  32.7239075   32.2751083   10.2949495
  31.9794521   31.7054672    9.8606853
  32.5336075   33.0987320    9.6935577
  32.7291336   32.5999374   12.9336987
  31.9492493   31.9547977   12.9938173
  32.8313408   32.5119095   11.9255390
  30.7549553   30.9064598   20.3299294
  29.9663754   31.4866428   20.1084232
  30.7224598   31.0436325   21.3218212
  30.4248295   31.0363579   22.8654041
  29.5112057   31.4104004   23.2030182
  30.2368011   30.1186581   23.3623734
  29.9689674   28.6694336   16.9385262
  29.2116127   28.0475941   16.7415390
  29.8967495   28.6369209   17.9499130
  30.0090981   28.4666386   19.6533909
  30.3317871   29.4515553   19.7824898
  30.9174614   28.0805073   19.9256954
  32.4009132   27.5266666   20.4033604
  32.5840111   26.5827713   20.1290245
  33.1650276   27.8938370   19.8300629
  32.0690842   27.3234177   23.1577930
  32.0018692   27.5244350   22.1782284
  31.2536106   27.8879852   23.4161930
  32.7010117   32.3711929   16.8594093
  31.9213867   31.9418907   16.4066219
  32.4139175   33.3200302   16.6864491
  32.8960876   32.2799301   19.5727291
  32.0956192   31.6691971   19.7411652
  32.8761559   32.2135391   18.5608501
  30.8885307   31.1320038   27.1065712
  30.0217915   31.6746464   26.9417744
  30.7048740   31.1492062   28.1235123
  30.4030018   31.2580833   29.6524754
  29.5581169   31.6540833   30.0941257
  30.2649517   30.3278408   30.0020161
  29.9539204   28.6310120   23.9174423
  29.1054935   28.1399899   23.7353306
  29.9444485   28.5992088   24.9089546
  30.0797749   28.5667648   26.6659889
  30.4913425   29.4645748   26.8947811
  30.8361473   28.0196743   27.1001816
  32.4379997   27.3292007   27.3723297
  32.7750130   26.4168644   26.9789505
  33.1684875   27.8849773   26.8799114
  31.9830074   27.1304493   29.9375496
  32.1132050   27.1928883   28.9349842
  31.2338181   27.8267689   30.0040054
  32.4631844   32.4678726   23.8866196
  31.7910519   31.9609814   23.3699322
  32.2552071   33.3812675   23.5404625
  33.0498619   32.5227737   26.4510994
  32.2814941   31.8966541   26.7076988
  32.8107605   32.4942360   25.4516258
  30.8263969   31.1648941   33.8105049
  29.9536743   31.6600094   33.6848946
  30.6844749   31.1469173   34.8893471
  30.5723591   31.1116295   36.4519272
  29.7097988   31.5077038   36.7743759
  30.3825912   30.1753540   36.7930222
  29.9183064   28.6973133   30.4079952
  29.0786457   28.1529980   30.1764393
  29.8176136   28.6295948   31.4002724
  30.2843018   28.5738182   33.0811348
  30.4618645   29.5055237   33.4717102
  31.1746197   28.1396790   33.4513435
  32.4230232   27.5159149   34.1513672
  32.7423401   26.5639553   33.9684906
  33.2507591   27.9762154   33.7513123
  32.1801491   27.2180824   36.7549286
  32.1987991   27.3721275   35.7786293
  31.3806133   27.8009892   36.9403000
  32.7230759   32.4023628   30.4720364
  31.8395214   32.0015259   30.1558514
  32.5095749   33.3247566   30.1406765
  33.0293732   32.4643173   33.0895386
  32.1625633   31.8936710   33.2051086
  32.9319916   32.4458160   32.0685844
  31.0849514   31.0061665   40.4429970
  30.1715965   31.4945545   40.3468781
  31.0346260   31.0459290   41.4610291
  30.4875965   31.1732693   42.9875793
  29.6476784   31.6230011   43.3822212
  30.1934605   30.2406998   43.3307495
  30.0102177   28.7002716   37.3656654
  29.1203060   28.2547131   37.2708397
  30.0895386   28.6621418   38.3890762
  30.2487411   28.5410328   39.8932266
  30.6244164   29.4978561   40.1444130
  31.1838226   28.1153851   40.1294899
  32.5912247   27.4977703   40.6396942
  32.8853302   26.5475731   40.4622917
  33.5049744   27.9169388   40.3545685
  32.0224991   27.1049728   43.2570763
  31.9637814   27.2808399   42.2591171
  31.2787838   27.6991043   43.5172043
  32.7951736   32.4113197   37.0999260
  31.9220142   31.9458733   36.7924881
  32.4068146   33.3568497   36.9571304
  33.2404976   32.4340210   39.7360992
  32.4906578   31.7853374   39.9163017
  33.1533432   32.3518486   38.6887207
  30.9885197   31.0153446   47.2798576
  30.1582985   31.6125851   47.0538063
  30.8332939   31.0818882   48.2749176
  30.5760212   30.9685802   49.9440384
  29.6358948   31.3226204   50.1861496
  30.2169037   29.9877052   50.2130051
  29.9067459   28.7907009   43.9127388
  29.1059132   28.2104263   43.7749710
  29.9707737   28.6828365   44.9183693
  30.2812252   28.4628048   46.5298004
  30.5725231   29.3515949   46.8712692
  31.0818787   27.9668159   46.9729652
  32.3911247   27.1732407   47.4482613
  32.7456398   26.2420216   47.1884460
  33.2500114   27.6515751   47.1032372
  32.3211441   27.2592239   50.1355705
  32.3312836   27.1767311   49.1498260
  31.4148579   27.7190113   50.2207184
  32.6637154   32.3560143   44.0154953
  31.8705978   31.8721924   43.5851898
  32.2890739   33.2878494   43.7142982
  33.2355003   32.2954063   46.6174850
  32.4019623   31.7539673   46.8851814
  33.0012474   32.2239342   45.6041489
  31.0517082   30.7928944   53.8640900
  30.2559338   31.3892689   53.6037331
  30.8695526   30.9014511   54.8578453
  30.3875122   31.0508785   56.4542580
  29.5494194   31.3841724   56.8996353
  30.3119469   30.1043491   56.7823563
  29.8665218   28.5165920   50.6655693
  29.0400753   27.9369373   50.5948524
  29.9471722   28.4021721   51.6830292
  30.3337955   28.2645111   53.2647362
  30.6792316   29.1926670   53.4545670
  31.1532116   27.7402287   53.6030235
  32.5531273   27.2048607   54.2037811
  32.9899902   26.3122196   54.0269279
  33.3382645   27.7777939   53.9009628
  32.2506027   27.1386070   56.9443703
  32.3327751   27.2857380   55.9468346
  31.4277534   27.7372341   57.0868912
  32.8476830   32.1385651   50.5938454
  31.9073639   31.7986298   50.3267593
  32.6544952   33.0918045   50.3179779
  33.1467514   32.4970932   53.2839890
  32.4048729   31.8940887   53.6189499
  33.0278816   32.2665558   52.3087158
  30.9947929   30.9052143   61.0856133
  30.2869339   31.5857735   60.8050575
  30.9349422   31.1706429   62.0755119
  30.5163231   31.0845757    2.5419269
  29.6850758   31.3512707    3.0359471
  30.4448204   30.0848961    2.7530637
  30.1093731   28.6315613   57.5108261
  29.2986603   28.0135822   57.3544998
  30.1366901   28.5028725   58.5064583
  30.6310654   28.3870258   60.3230667
  30.8932858   29.2743778   60.6662560
  31.4788895   27.9101772   60.5762978
  32.8752594   27.0286713   61.0481491
  33.2050896   26.1488056   60.5794792
  33.6876297   27.5661030   60.6237793
  32.0236282   27.1916142    2.2820029
  32.4492188   26.3238182    2.5566833
  32.3288574   27.0802212    1.2854122
  32.4706726   32.2608261   57.5909576
  31.7205219   31.8169174   57.0484886
  32.3420258   33.2177429   57.1953926
  33.1763535   32.1178207   60.2300987
  32.3857689   31.5633755   60.5535355
  32.8477783   32.1927338   59.2585869
  30.4872608   39.4034843    6.9015565
  29.6707287   39.8530579    6.5112815
  30.2531376   38.4908829    6.4514532
  30.8342953   38.9740639    9.3382673
  29.9270992   39.4578896    9.5086374
  30.7613373   39.1455612    8.3243780
  29.9377403   36.2593880    3.2795866
  29.1318226   35.7095108    2.9869115
  30.6292171   35.6444740    2.8915842
  30.0633736   37.0487633    5.7693629
  29.2166958   36.5907402    6.0162992
  30.0396156   36.8234215    4.8027067
  32.1245880   35.4414597    6.4755373
  31.4165401   36.0813217    6.1402602
  32.9024658   35.8823853    5.9568429
  32.1853600   34.5582390    9.0003586
  32.1225548   34.9237709    8.0464067
  31.5034828   35.2096825    9.3726273
  32.8667221   39.8785362    2.9890406
  32.6855774   39.9126740    4.0040879
  31.9974537   39.4629784    2.7427931
  32.8297272   40.1878090    5.7650604
  31.9957333   39.9663353    6.2302794
  32.8491669   41.1424294    6.1031532
  30.9555168   38.8442764   13.1134682
  30.1012402   39.3812904   12.8402519
  30.7141151   38.8131294   14.0876303
  30.3070240   38.6771202   15.6990347
  29.4941330   39.1283722   16.1490860
  30.0857983   37.7537003   16.0911140
  30.2645741   36.3065414    9.8853598
  30.3849449   37.3067436    9.6660872
  30.2392673   36.4048538   10.8490782
  29.9592514   36.3949776   12.5763340
  30.2299557   37.3607903   12.7670403
  30.7829189   35.9789925   12.9829016
  32.2056007   35.1928253   13.5038519
  32.5409508   34.2207870   13.3642454
  33.0698357   35.6179047   13.1635265
  32.0359650   34.8785324   16.2216187
  31.9680462   34.9590187   15.2042618
  31.2487812   35.4876480   16.4120922
  33.1927299   39.8427658   10.1658716
  32.2636108   39.5065384    9.8767233
  32.9858284   40.7700691    9.8497705
  32.9588432   40.5109825   12.7054338
  32.1839676   39.8337936   12.7425556
  33.1015091   40.3624039   11.7033272
  30.8692665   38.6231575   20.0985813
  30.1295853   39.2613487   19.8095570
  30.5956936   38.6752281   21.0927887
  30.2535038   38.8431206   22.6924629
  29.3845425   39.2560081   23.0306339
  29.9749966   37.9030762   22.9229012
  29.8302612   36.2640266   16.6918106
  29.0290184   35.6884384   16.5433216
  29.8191395   36.2352409   17.6944580
  30.1536751   36.1784096   19.2629414
  30.3675365   37.1294060   19.5947151
  30.9285965   35.7433319   19.7799263
  32.1152306   34.7390633   20.2303886
  32.4554100   33.8000031   19.9105339
  32.9975853   35.1751709   20.0089989
  31.8623085   34.8710747   22.9344807
  31.7847557   35.0041275   21.9227047
  30.9881058   35.4126511   23.0901375
  32.3571281   40.0395050   16.8974686
  31.5336208   39.6855125   16.4475670
  32.2070122   40.9764786   16.5860233
  33.1005707   39.8698502   19.4602928
  32.2125282   39.3665924   19.6843281
  32.8869705   39.9258995   18.4877357
  30.6229515   38.6725159   26.8914051
  29.7986965   39.1627693   26.6347218
  30.5222626   38.8572617   27.8725662
  30.3483219   38.8147430   29.5739441
  29.4397564   39.2183647   29.8722267
  30.1798744   37.8858757   29.9703560
  29.7267818   36.3012695   23.3990479
  28.9226933   35.7064133   23.2296696
  29.7130184   36.2539864   24.4123402
  30.1061745   36.0915337   26.0624504
  30.3195362   37.0515976   26.3233032
  30.9964542   35.6966248   26.4308376
  32.2984772   35.0740471   27.0818157
  32.6508064   34.1280861   26.8766193
  33.1034164   35.5216141   26.7317657
  32.1743050   34.9151268   29.8511677
  32.1430550   34.9388008   28.8384743
  31.3008728   35.4406815   29.9451122
  32.3707314   39.9191513   23.7866707
  31.5087757   39.5320282   23.3251266
  32.1387291   40.8884430   23.5160294
  32.8255272   40.0608788   26.4033146
  31.9874191   39.4892578   26.5666561
  32.7681007   39.9628716   25.3969250
  30.9598713   38.6923409   33.7704086
  30.1879559   39.3025093   33.4992447
  30.7873383   38.7778740   34.7206726
  30.2382622   38.9783363   36.4803467
  29.2854805   39.2326202   36.8209381
  30.0341816   37.9773140   36.6967430
  29.9224892   36.3161163   30.4219685
  29.0607014   35.8266182   30.2080421
  29.8908920   36.1692352   31.4183254
  30.1498222   36.1982193   33.0974236
  30.5088825   37.0914154   33.4539299
  31.0135765   35.6991272   33.3588448
  32.3203239   34.8915596   33.8478355
  32.6321754   33.9869270   33.5013351
  33.1604462   35.3835411   33.4695930
  32.0040894   34.8311539   36.6019554
  32.0357361   34.7413063   35.5909920
  31.2506752   35.4721031   36.6476402
  32.5606956   39.8285904   30.5327377
  31.6533508   39.3903542   30.3529453
  32.2739296   40.7726440   30.2760544
  33.0107422   40.3343430   33.1531029
  32.2291832   39.7126389   33.3908081
  32.8932037   40.2109566   32.1427994
  30.9407997   38.5515785   40.3325996
  30.1240101   39.0701294   40.0379486
  30.8828888   38.7022705   41.3007088
  30.5880489   38.8630829   42.9383430
  29.7300644   39.2875900   43.3473473
  30.2654037   37.9232674   43.0700760
  29.8346996   36.4630470   37.2191086
  29.0597095   35.8453712   37.1159630
  30.0219860   36.1817055   38.1864510
  30.2531109   36.0272293   39.7582817
  30.6031647   36.9326553   40.0281906
  31.1107521   35.5517426   40.0752945
  32.4151192   34.8603630   40.6407280
  32.7648163   33.9416695   40.3779640
  33.2549515   35.3417397   40.3283577
  31.9471130   34.8131256   43.2761955
  32.0598488   34.9278336   42.2760620
  31.1093216   35.3987541   43.2921600
  32.6303711   39.8174667   37.1821785
  31.6717300   39.4901733   36.8532410
  32.4840012   40.7503738   36.8109665
  33.1411934   39.8320198   39.7118683
  32.3167572   39.2248497   39.8259430
  32.9013557   39.9813004   38.6911469
  30.8679638   38.5262451   47.4214783
  30.0860748   39.1566925   47.1707497
  30.7304382   38.6480598   48.3956566
  30.5384674   38.7757568   50.0580826
  29.6623898   39.1099205   50.4829330
  30.3767490   37.7815094   50.2525673
  29.8563480   36.3520699   43.5850983
  29.0495987   35.7514992   43.4765854
  29.9093723   36.2617378   44.6015778
  30.2350712   36.2188454   46.2118034
  30.5873928   37.1242294   46.5746117
  31.0301876   35.6913376   46.5453110
  32.4309387   34.8081512   47.2713356
  32.8359413   33.9288940   46.9248619
  33.3161087   35.3312950   47.0815811
  32.4391479   34.7409706   49.8532753
  32.3940582   34.7382240   48.8211403
  31.5905342   35.3057861   49.9494934
  32.6488609   39.8878860   44.2080078
  31.8061237   39.4852753   43.8091278
  32.4537773   40.8346100   43.8808060
  32.9413033   40.0777206   46.8910904
  32.1320419   39.3926315   47.0180779
  32.9368134   39.9579620   45.9127464
  31.0570831   38.4689598   53.8923416
  30.2080822   38.9919815   53.7469139
  30.9572220   38.5991440   54.9518089
  30.5533981   38.7500992   56.4806671
  29.6455002   39.1322632   56.7521095
  30.3060722   37.7901611   56.7471390
  30.1167412   36.0564003   50.2324448
  29.3548660   35.4574432   50.0124168
  30.0377483   35.9490738   51.2247162
  30.3531704   35.9336586   53.0050583
  30.5965195   36.8588257   53.2974510
  31.2061558   35.4780960   53.2485008
  32.6772881   35.0177078   54.0685806
  33.0138817   34.0912132   53.7009087
  33.5486794   35.4622841   53.8393555
  32.2139053   34.8069153   56.6418839
  32.3500137   34.9829597   55.6480179
  31.3570156   35.3095284   56.7421227
  32.8294563   39.8603935   50.8714485
  31.9577885   39.3939743   50.6345329
  32.5514946   40.7761383   50.6289291
  33.3644066   39.8235054   53.5027695
  32.5352058   39.2012482   53.5259705
  33.3677902   39.8345947   52.5106239
  31.0528164   38.3724785   61.0132828
  30.2624416   38.9422340   60.6577072
  30.8559437   38.5519028   62.0106926
  30.5963554   38.7195549    2.3963287
  29.7967148   39.2096710    2.7783515
  30.3153687   37.8248444    2.7309074
  30.0209904   36.1712303   57.1072121
  29.2504826   35.5280914   57.0019531
  30.0374336   36.1137238   58.1081810
  30.1945057   35.9627304   59.8688889
  30.4919147   36.8697472   60.2021637
  31.0010872   35.4781876   60.1033974
  32.5087547   34.6489754   60.9346161
  32.8213959   33.6815872   60.6656227
  33.3476181   35.0690117   60.5806847
  32.0199814   34.9631462    2.2514894
  32.3728790   34.0405884    2.4131131
  32.1003113   34.9080544    1.2380248
  32.5936623   39.8493042   57.8020592
  31.8353748   39.4022865   57.3307571
  32.3064041   40.7924728   57.6310387
  33.2578545   39.6393661   60.4032021
  32.4157219   39.1388588   60.6990318
  32.9466362   39.7036819   59.4490814
  30.6233997   46.8278542    6.7138810
  29.7551479   47.1990776    6.3786631
  30.4393597   45.8755836    6.4166584
  30.7541027   46.3839569    9.2864685
  29.8748703   46.8962936    9.4218121
  30.7246876   46.4949112    8.2890921
  30.0104694   43.6679878    3.3901181
  29.2172642   43.1654243    2.9377856
  30.6658401   42.9542084    3.2790158
  29.9210243   44.3866844    5.9659324
  29.0729847   43.8345985    6.1460543
  29.9152889   44.1779938    4.9521074
  32.2380219   42.8888206    6.5167608
  31.5425091   43.5550041    6.2378182
  32.9558372   43.3045616    5.8749199
  32.6206474   42.3249474    9.1511879
  32.4149208   42.5837250    8.1471214
  31.7384853   42.7863388    9.4467468
  32.7117386   47.4779167    2.9697263
  32.6802902   47.5958328    3.9358599
  31.9429569   46.8310204    2.8496876
  32.8858871   47.9447479    5.6453133
  32.0657578   47.4994278    6.0501423
  32.5204010   48.8812943    5.8984656
  30.7401237   46.3236504   13.2788095
  29.9265785   46.8141136   12.9023552
  30.4208641   46.4601059   14.2746944
  30.0084019   46.5024719   15.7178030
  29.1957035   46.8887978   16.2175636
  29.8091488   45.5321732   16.0275993
  30.4102993   43.8068314    9.8609276
  30.4386311   44.7757187    9.7283630
  30.3177128   43.7943993   10.8919010
  29.9518414   43.8503227   12.5695210
  30.2782955   44.7814751   12.8280859
  30.8263226   43.4147949   12.9327230
  32.3577499   42.9812660   13.3586903
  32.6007576   42.0102844   13.0943670
  33.2493896   43.3304634   13.0219965
  32.0083237   42.5286636   15.9709129
  32.0144958   42.6623840   14.9425259
  31.0950336   43.0356522   16.0765018
  32.8037834   47.6455040   10.3227463
  32.0225334   47.1184387    9.8593893
  32.5955887   48.4962997    9.7810097
  32.8644714   47.8644371   12.8571806
  32.1591911   47.1330490   13.0360918
  32.7818375   47.7974625   11.8327417
  30.8955765   46.2276001   19.9801865
  29.9638081   46.6034317   19.8496532
  30.8652096   46.3079720   21.0028229
  30.3089199   46.2463799   22.5233688
  29.4610634   46.7169724   22.8470592
  29.9546452   45.3186493   22.7515469
  29.9595871   43.8847313   16.7199821
  29.1369762   43.3381653   16.7135773
  30.0575638   43.8593674   17.7341213
  30.2557278   43.7278099   19.3457031
  30.5514927   44.6964302   19.5574932
  31.0389194   43.3256378   19.8269882
  32.3212204   42.3609505   20.5086460
  32.5756149   41.4661598   20.1551952
  33.0677071   42.8915672   19.9951992
  31.8814831   42.3583755   23.0390625
  31.9750938   42.3400574   22.0121536
  31.0214119   42.8447762   23.0017357
  32.3101883   47.7714653   16.5369263
  31.4174633   47.4255791   16.2323647
  32.3235626   48.6342697   16.0652351
  32.9271812   47.7065506   19.0093136
  32.1553917   47.0692749   19.2190514
  32.7398300   47.7251740   18.0184879
  30.7902412   46.2552948   26.6021976
  29.9347172   46.8153610   26.4513016
  30.6463680   46.2373238   27.6227551
  30.4991760   46.3551216   29.2874184
  29.6277237   46.8514175   29.6413097
  30.2010288   45.4832954   29.6983566
  29.5850086   43.8703232   23.3469791
  28.7086544   43.2969437   23.3615284
  29.7119102   43.7433205   24.3510399
  30.1118069   43.8103676   25.9685688
  30.4471645   44.7369347   26.0951824
  30.9446526   43.3592682   26.3203506
  32.1887436   42.5433731   27.0496655
  32.6076508   41.6158600   26.9895802
  33.0377998   43.0176353   26.7612000
  31.9923363   42.3744812   29.7977829
  31.9255638   42.4855537   28.7671394
  31.1931534   42.9507942   29.9583950
  32.3059120   47.6283989   23.6032276
  31.5636597   47.0795326   23.1345577
  32.0452614   48.4748802   23.0801010
  32.9050026   47.7343254   26.1847248
  32.1057167   47.0659943   26.3711643
  32.6663437   47.7670860   25.1651497
  30.9002552   46.3395996   33.7427063
  30.0243721   46.7870789   33.4761429
  30.6363297   46.2859154   34.7146034
  30.2914886   46.1709099   36.2624130
  29.4216118   46.5753632   36.5844917
  30.1579494   45.2858582   36.6588593
  29.9895344   44.0014534   30.3205109
  29.2292252   43.3988609   30.0621967
  29.7826767   44.0661926   31.2889500
  30.0196705   43.9616203   33.0238991
  30.3289108   44.9136696   33.1668358
  30.8604374   43.5176315   33.3393517
  32.2400551   42.7496643   33.8227425
  32.5727844   41.8365898   33.5112839
  33.0686874   43.2166634   33.4076614
  32.2466164   42.4899330   36.4982681
  32.1451569   42.6569595   35.5088081
  31.3807735   42.9816513   36.7059898
  32.6262093   47.4041252   30.4614811
  31.8024044   46.9896126   29.9314632
  32.4299011   48.3307495   30.1480598
  33.0717850   47.6755676   33.0300369
  32.2051048   47.1689072   33.2674255
  32.8883400   47.4838753   32.0053101
  30.8753567   46.0184402   40.7174835
  30.1162472   46.5593872   40.3290749
  30.6624870   46.3550415   41.6693230
  30.3509331   46.7275658   43.1721611
  29.5039883   47.0084534   43.6792984
  30.2365685   45.7450218   43.4310646
  29.8700409   43.6478767   37.1650391
  29.0622864   43.1187668   37.1346779
  30.0097599   43.6149368   38.2007904
  30.3020229   43.5851746   39.7567444
  30.5133057   44.5064735   40.1227646
  31.1584244   43.1711082   40.1438026
  32.4883118   42.3126488   40.6578751
  32.7468605   41.3660927   40.4237480
  33.3621140   42.7068024   40.2576942
  32.0700722   42.4678764   43.3845329
  32.0728340   42.5191383   42.3556252
  31.2591858   43.0385056   43.5033340
  32.3313370   47.4212532   37.4049606
  31.5078773   47.0201874   36.9544640
  32.1088181   48.3427887   36.9903717
  32.8285904   47.6140709   39.9771042
  32.0751991   46.9794464   40.1318054
  32.7284622   47.5761604   38.9399910
  30.8343449   46.0502243   47.2579613
  30.1026917   46.6863174   46.9948578
  30.7046413   46.1961937   48.2330208
  30.5951900   46.4835892   49.8386879
  29.8144703   47.0019875   50.2290001
  30.3684006   45.5951767   50.3167496
  30.0029087   44.1139641   43.8212166
  29.1058884   43.6828728   43.6804848
  30.0306034   43.7784157   44.8262901
  30.4208202   43.5269508   46.2874908
  30.6538563   44.4345131   46.7542877
  31.2500458   43.0823517   46.7384987
  32.4897461   42.5536346   47.5283051
  32.7000351   41.5925293   47.3105545
  33.3887825   42.9229469   47.1854553
  32.2107162   42.4398651   50.3465538
  32.1951294   42.4581795   49.3361168
  31.3693771   43.0376282   50.4590683
  32.6118317   47.7807045   44.1514015
  31.7716198   47.3355179   43.7417450
  32.4310112   48.6932259   43.7264137
  33.0476265   47.5599937   46.8167496
  32.1489792   47.0623550   46.9378052
  32.9363594   47.5926170   45.7825432
  30.8585854   45.8161354   54.0088425
  30.1534214   46.4604988   53.7448883
  30.7469044   45.9612694   55.0128746
  30.6151295   46.2496681   56.6378937
  29.8106003   46.6290207   57.1914062
  30.4113712   45.2945099   56.9299355
  30.0202236   43.8045464   50.7674599
  29.2035789   43.2293777   50.5715904
  29.9933262   43.5204391   51.7478523
  30.1702785   43.3314629   53.4165154
  30.5338249   44.2582321   53.7223854
  30.9550438   42.8092880   53.7206726
  32.5155602   42.0640221   54.4498634
  32.8707962   41.1738358   53.9889183
  33.3057632   42.6197929   54.0802193
  32.0836945   42.3072624   57.0945587
  32.0919952   42.2406540   56.0642014
  31.3596745   42.9831619   57.1791725
  32.7419243   47.7451210   50.8416328
  31.9587440   47.2616768   50.3438568
  32.4349670   48.6629791   50.5749969
  32.9114761   47.5014420   53.4592590
  32.2004128   46.8129311   53.6260223
  32.8652458   47.5172462   52.4400673
  30.9176655   45.9857788   60.8739014
  30.1136284   46.6093254   60.7603531
  30.8640785   45.9671021   61.8960075
  30.5603123   46.0426674    2.3089654
  29.6965866   46.5234985    2.5203991
  30.2441921   45.1778793    2.7056673
  29.9691505   43.9023209   57.4360619
  29.2514648   43.2281761   57.1555443
  29.9230595   43.7788048   58.4316292
  30.4584599   43.3802910   59.9884338
  30.6619816   44.2905235   60.3444595
  31.2728882   42.9267540   60.3814697
  32.5446892   42.2364464   61.1460342
  32.8131371   41.2901764   60.8683167
  33.3466492   42.7119827   60.7649422
  32.3061142   42.4002609    2.5656357
  32.5059357   41.3741035    2.7251062
  32.3313980   42.3501549    1.5375081
  32.6753235   47.5453262   57.5421791
  31.8752556   46.9940529   57.2092133
  32.1875954   48.4490891   57.4064827
  33.0763130   47.4052391   60.1454811
  32.3079948   46.8515282   60.3997612
  32.9039688   47.3319130   59.1188660
  29.7258987   54.6042976    6.4614825
  28.9406509   54.9850769    5.9913945
  29.6544571   53.6760445    6.0861602
  30.3669357   54.2707520    9.1235695
  29.4745846   54.7507477    9.3254166
  30.2177925   54.3611526    8.1150732
  29.6970787   51.3028679    3.0629542
  28.9408817   50.6834412    2.7039728
  30.4419785   50.6475754    2.7941458
  29.8953972   51.9413910    5.6029906
  29.0655365   51.3498001    5.8050489
  29.8568764   51.7472496    4.6196151
  31.9177895   50.4032135    6.1132278
  31.1597519   51.0472984    5.9644632
  32.6326675   51.0112915    5.6482315
  32.2637177   49.9987679    8.8832579
  32.0674248   50.0830421    7.8762026
  31.4261074   50.4836159    9.1264372
  32.4335327   55.3895378    2.9905224
  32.2994537   55.4133072    4.0130739
  31.5964298   54.8653145    2.7930961
  32.2076263   55.4868279    5.6870437
  31.2660847   55.3095093    5.9971294
  32.2456741   56.4395294    6.1139226
  30.6162529   54.1563950   13.0246181
  29.8651028   54.7858162   12.7814531
  30.4319134   54.2145119   14.0450420
  30.0656891   54.1667671   15.5528316
  29.1863880   54.5482025   15.9832649
  29.9125557   53.2498283   15.9620571
  30.0174122   51.4993706    9.7577353
  30.0293331   52.5110321    9.5543032
  29.9512234   51.6709518   10.7666607
  29.7817612   51.6453819   12.3874893
  30.1872406   52.5608559   12.6119413
  30.6427212   51.1558228   12.6370592
  32.0019493   50.4020615   13.0977230
  32.2007637   49.3800011   13.0942993
  32.8518829   50.6473923   12.6543341
  31.9589691   50.5120544   15.7985878
  31.8063755   50.7351685   14.7915478
  31.0924568   51.0076675   16.0645256
  32.7745438   55.0471954   10.0243158
  31.8515415   54.7811508    9.7099018
  32.6591682   56.0477524    9.8646240
  32.9862213   55.2530975   12.7092953
  32.1084824   54.7397079   12.8288755
  32.9187431   55.1188011   11.6633472
  30.5796127   54.0903854   19.9355183
  29.8253880   54.7336044   19.6749382
  30.3135281   54.1249924   20.9319477
  30.0388412   54.0595779   22.5585251
  29.2042885   54.3903198   23.0357170
  29.9221745   53.1219292   22.8578224
  29.5864391   51.7571678   16.4549675
  28.7668266   51.2353172   16.2683220
  29.6520348   51.5948067   17.4599762
  29.6217194   51.6128922   19.0956383
  30.1323605   52.4762878   19.4065609
  30.4116783   51.0124969   19.3713837
  31.7782936   50.2723312   19.6242676
  32.2074203   49.3947601   19.3558083
  32.6261520   50.8127327   19.4248447
  31.8274422   49.9494095   22.3461399
  31.8263779   50.0692406   21.3419781
  31.0180168   50.5083847   22.5371647
  32.2439346   55.2673607   16.6739483
  31.4767456   54.8350067   16.1992283
  31.9151287   56.2287674   16.4757805
  32.6811028   55.5385475   19.2136173
  31.8703308   55.0162621   19.5386677
  32.4620361   55.3920975   18.2029018
  30.5594654   53.8678398   26.8827858
  29.7534447   54.4064102   26.7162590
  30.5284462   53.9750595   27.9122753
  30.3021717   53.9679604   29.5318871
  29.3362083   54.4066505   29.7201538
  29.9833660   53.0470314   29.8196163
  29.6875458   51.4855690   23.2445774
  28.8484783   50.9826736   23.1843071
  29.7761497   51.3938293   24.2487316
  30.1038570   51.2669258   25.9111614
  30.3092518   52.1796227   26.3339920
  30.9611721   50.8691750   26.3590889
  32.1894035   50.2221069   27.0433979
  32.4354401   49.2686424   26.7852631
  32.9966774   50.6024704   26.5037003
  31.7574959   49.9193993   29.7221432
  31.7788467   49.9916496   28.7239761
  30.9283543   50.4720917   29.8700085
  32.4362259   55.1138992   23.4979782
  31.5578156   54.8029022   23.1403961
  32.4546127   55.9715385   23.0175190
  32.7777786   55.1436806   26.1612587
  31.9492722   54.6060944   26.3541622
  32.6936340   55.0617294   25.1492023
  30.6319485   53.8837700   33.3014832
  29.8083324   54.4216347   33.0631714
  30.5205193   54.0321121   34.3159714
  30.3943119   54.0911064   35.9522324
  29.5551205   54.4935684   36.3341217
  30.1654797   53.1268082   36.1637840
  29.6688461   51.4335175   30.0852795
  28.9084435   50.8174400   29.8887653
  29.6636276   51.4466934   31.0707588
  30.0541267   51.3232689   32.7573090
  30.3622704   52.3216286   32.9057770
  30.8488579   50.9117699   33.1611633
  32.2381248   50.1645546   33.7582169
  32.7658844   49.3117599   33.5680885
  32.9828873   50.7643242   33.3785362
  31.9305973   49.8551254   36.3933144
  31.9978752   49.8871040   35.3595543
  31.1216335   50.4229279   36.4285278
  32.6018066   55.3233070   30.2804298
  31.7992458   54.9207458   29.8797474
  32.4167633   56.2873497   29.9702396
  32.7076797   55.6120110   32.8719330
  31.9765701   54.9319992   32.9442368
  32.7062683   55.6007652   31.8526478
  30.7912102   53.8162003   40.1370544
  30.0484009   54.4231873   39.8651772
  30.6341076   53.8933601   41.1153526
  30.2857323   54.1083832   42.7283211
  29.5028667   54.6496811   43.0727959
  29.9714127   53.2379150   43.1629906
  29.7727299   51.6516228   36.7919350
  29.0776997   50.9407310   36.6848526
  29.9274559   51.5286636   37.7974281
  30.2096882   51.3552856   39.3133011
  30.4549160   52.3169212   39.6581268
  30.9857063   50.9568138   39.8266602
  32.2405510   50.1956444   40.4996071
  32.5287209   49.2255516   40.2769089
  33.0725784   50.6129875   40.1243477
  32.0442924   50.1386528   43.2180901
  32.0167923   50.0523186   42.1996841
  31.2046585   50.6836586   43.2860527
  32.5908890   55.0013504   37.0018082
  31.7429867   54.6940155   36.5210266
  32.5005722   55.9770813   36.8280296
  33.1112862   55.0811348   39.5868759
  32.2302055   54.5225906   39.7672005
  32.9777451   54.9801979   38.5729370
  30.6113930   54.0243530   47.2625961
  29.7774754   54.6481361   46.9545670
  30.4902668   54.1893501   48.2221947
  30.4200382   54.4505310   49.8895874
  29.6426220   54.8692703   50.4024811
  30.2525158   53.5193405   50.1692848
  29.7644825   51.6176643   43.7606583
  29.0639095   50.9317894   43.6417656
  29.8080368   51.5898094   44.7345924
  29.9843521   51.5829659   46.4527550
  30.2849922   52.4848633   46.7944336
  30.8138599   51.0621262   46.7105637
  32.1720467   50.1609116   47.2011032
  32.5975151   49.2613678   46.9668579
  33.0552788   50.6770058   46.9538307
  32.0356865   50.2337303   49.9709930
  31.9144821   50.2891808   48.9494362
  31.2753201   50.8875465   50.1401100
  32.3013611   55.4797363   44.0712547
  31.5066319   55.0396729   43.6194763
  32.1274414   56.4040070   43.6480942
  32.7834091   55.6225891   46.7262039
  31.9341011   55.0478058   46.8940277
  32.6704140   55.5606346   45.7108688
  30.6901302   53.8584824   53.9086037
  29.9530945   54.5043793   53.6668167
  30.6213512   53.9430962   54.9084129
  30.3886185   54.0958443   56.4791946
  29.6295147   54.5894814   56.9123688
  30.1183643   53.1877136   56.8695564
  30.0732040   51.8810883   50.6196976
  29.3042068   51.3061485   50.3524399
  29.9615326   51.6753922   51.6244698
  30.0738106   51.3467293   53.2424698
  30.2975025   52.2787247   53.5823784
  30.8989697   50.9083176   53.6299400
  32.2352905   49.9839363   54.2360687
  32.4832764   49.0647850   53.8859482
  33.0917320   50.4223709   53.8729782
  31.8297348   50.0841370   56.9455452
  31.8476238   50.0237122   55.9270096
  31.0378609   50.7667503   56.9479675
  32.7356949   55.4174461   50.9291039
  31.8945255   55.1422501   50.4656372
  32.7614136   56.3595886   50.5511818
  33.0098915   55.2813377   53.5461197
  32.2129211   54.6246948   53.6267052
  32.8381653   55.4094315   52.5545502
  30.6408997   53.6206551   61.0241356
  29.9111595   54.2338257   60.6641312
  31.3953800   54.2802887   60.6713753
  30.2002506   53.8329620    2.4102688
  30.0900059   52.8429298    2.6663485
  30.4079514   53.6440849    1.4271880
  29.7714558   51.6635208   57.3260536
  28.9208660   51.1072044   57.1956863
  29.8245182   51.4720383   58.3558044
  30.2169819   51.1611786   59.8732719
  30.4181194   51.9524727   60.4937172
  30.9798603   50.5941887   60.2368126
  32.2488518   49.8754883   60.8512955
  32.6249237   48.9570389   60.5667419
  33.0917625   50.4039078   60.5644684
  31.7628479   49.9259377    2.0972605
  32.0847626   49.0562515    2.3839066
  31.9339008   49.8411026    1.0939157
  32.5694580   55.2939377   57.2401314
  31.6990528   54.8019447   56.9709358
  32.2995987   56.1672707   56.8354263
  32.6537895   55.1524124   59.9079361
  32.6789932   55.1341019   58.8971596
  33.4429741   54.5331306   60.0180206
  30.8211174   62.0361862    6.7647491
  29.9097118   62.3828049    6.4639645
  30.6767082   61.0916290    6.3881249
  30.5045872    0.5780352    9.3281364
  30.7639484    0.7008190    8.3392391
  31.3755169    1.0722959    9.6309175
  30.2719364   59.4299126    3.0821378
  29.4853649   58.7997627    2.7976990
  31.0025921   58.8208351    2.7169054
  30.4657459   59.6463127    5.6759024
  29.5801945   59.1522026    5.8077226
  30.4071960   59.6674080    4.6801496
  32.2543793   58.0284538    6.7979546
  31.6110630   58.7862549    6.5260620
  33.0513077   58.4193878    6.3168540
  32.4609451   57.6124573    9.4008427
  32.2832718   57.7367554    8.3994484
  31.6370144   58.1157722    9.6906099
  33.1084442    2.0925956    3.0447299
  32.9596672    2.1027632    4.0472484
  32.2575493    1.5813972    2.7957668
  32.8929787    2.1738586    5.7098627
  32.1839905    1.5934641    6.1233740
  33.6857643    1.6313138    6.0341673
  30.7003555   61.7723427   13.4645634
  29.7719078   62.1537399   13.1945868
  30.5749245   60.9438972   12.8780355
  31.0342808    0.5552428   16.0604458
  30.1537514    1.0626671   16.2021999
  30.9733868    0.5957847   15.0265732
  30.2723637   59.2148781    9.7522259
  30.3910809   60.1951904    9.6298847
  30.2575226   59.2553406   10.7501593
  30.4965858   59.1859818   12.4612455
  29.8059406   58.5956459   12.8938313
  31.2891750   58.7131653   12.8802700
  32.4120598   57.7703590   13.4767513
  32.5520096   56.8028412   13.1294279
  33.3724670   58.0634308   13.3000708
  31.8289604   57.8222694   16.0438881
  31.9915295   57.8175850   15.0424271
  32.7015381   58.3256454   16.2646828
  32.7264519    1.7664096    9.9652271
  32.9396019    2.7363303    9.8374071
  32.6753311    1.8587476   10.9878588
  32.7709198    2.0353689   12.5926809
  32.0047836    1.4371703   12.9265661
  33.4941826    1.4189138   12.9152260
  31.1043301   61.8247910   20.0913086
  30.2990589   62.1917801   19.6058235
  30.9993649   60.8779106   19.6994305
  30.4998741    0.7044299   22.7894917
  30.8493290    0.6603257   21.8330994
  31.3749313    1.0687338   23.1557274
  29.8984814   59.4649811   16.8422470
  30.3132305   60.3624535   16.5810585
  30.6763153   58.9338188   16.4431553
  30.7570992   59.3183670   19.2511654
  29.9284878   58.8094368   19.6154461
  30.3585358   59.3756027   18.3199444
  32.9633942   58.0566635   19.9927082
  32.8969116   57.1792450   19.5017872
  32.0941200   58.4292526   19.5636330
  32.3373566   57.6861000   22.5752621
  32.6088028   57.8990364   21.6368484
  31.5021381   58.2183456   22.6215706
  33.1257477    2.0827942   16.7119274
  32.3800545    1.4079163   16.4958858
  32.9606705    2.0870409   17.6991692
  32.9810829    2.3656287   19.4248886
  32.3315887    1.6739274   19.7633419
  33.7926102    1.7410443   19.5245781
  30.9058380   61.7212715   26.9181499
  29.9794006   62.1118431   26.7151375
  30.7593727   60.8747520   26.3781128
  30.9633846    0.8083174   29.5129299
  30.0076790    1.1341243   29.5990620
  30.9088554    0.7303215   28.5037670
  30.0415916   59.2289276   23.0465221
  29.9736996   60.2353706   22.8934212
  30.3257885   59.3064041   24.0323944
  30.8456097   59.3513184   25.6423645
  30.0104618   58.6794205   25.8003349
  31.4794712   58.7463684   26.1101341
  32.6176376   57.7674789   26.8794079
  32.6797676   56.8162384   26.5507374
  33.5500450   58.0473785   26.5296230
  32.1706429   57.9362526   29.5228786
  32.2983894   57.8237495   28.5081806
  32.9358521   58.6016464   29.6787395
  32.8151321    1.7524621   23.5379868
  33.0339775    2.7726855   23.4350929
  32.8955460    1.8266772   24.5607719
  32.9817543    1.9157937   26.2404995
  32.2816658    1.2586806   26.6030312
  33.7631416    1.2738801   26.4237118
  31.1248779   61.7235374   33.2533836
  30.2924347   62.0378418   32.7573242
  30.9454517   60.7373924   33.1456757
  30.5959644    0.6099094   36.0591164
  30.9101963    0.5564457   35.1128807
  31.4932461    0.9858602   36.3960876
  29.9359379   59.2662048   30.1777668
  30.3288364   60.1736450   30.0511417
  30.7993946   58.7576981   29.9509544
  30.4970207   59.0831985   32.8465767
  29.7002068   58.4972649   33.1680298
  30.1476212   59.1955681   31.9352093
  32.7943726   58.0666389   33.7211037
  32.7468338   57.1179848   33.3383560
  31.8933544   58.3663406   33.3024673
  32.4295044   57.6347809   36.2719421
  32.5095520   57.8208885   35.2428322
  31.6378002   58.2270241   36.3802261
  33.1208038    2.2468286   30.2606163
  32.4050980    1.6919147   29.7992916
  32.7494049    2.1969619   31.1865215
  32.8963280    2.5394783   33.2558899
  32.2256165    1.7839038   33.2604523
  33.6862793    1.9504342   33.5244522
  30.7451057   61.9601822   40.5261497
  29.8669395   62.1962509   40.1014862
  30.7517490   60.9995728   40.0626221
  31.0836945    0.3136879   43.1915474
  30.1741428    0.7669475   43.3644104
  31.1098137    0.5708032   42.2107353
  30.1477299   59.3189430   36.8723030
  30.2062416   60.3038712   36.6766129
  30.1822376   59.4231644   37.8771667
  30.9116802   59.4496078   39.4762573
  30.2368317   58.8490143   39.9568291
  31.6925621   58.8702583   39.7780342
  32.8614426   57.6929626   40.3200455
  33.0872536   56.7096291   40.0607414
  33.7789421   58.0215912   40.0636597
  32.2735481   57.9373779   42.8686218
  32.4852333   57.8593407   41.8443794
  33.1978645   58.3408203   43.0509453
  32.8676949    1.7353528   36.9499474
  32.9216461    2.7641068   36.9722061
  33.0094261    1.6233262   37.9644623
  33.0461617    1.8081729   39.5428619
  32.2536240    1.3815473   39.9923248
  33.7273293    1.1238788   39.8865700
  31.2486401   61.6899567   47.3926315
  30.4818020   62.0309448   46.8273735
  31.1494770   60.7197800   47.1279640
  30.7099209    0.9014969   49.9752884
  30.7643871    0.7358890   48.9565163
  31.6844540    1.0703726   50.0987587
  30.1564579   59.1151123   43.8772926
  30.6694241   59.9897041   43.6128693
  30.9696140   58.5710754   43.4886742
  30.6840534   59.1961060   46.5985146
  29.7381649   58.8049126   46.8975639
  30.4129448   59.0491180   45.6160316
  32.9861870   58.1267014   47.5218391
  32.8555641   57.1685867   47.2067719
  32.1310005   58.4869690   47.1749802
  32.6476746   57.8629837   50.0868759
  32.7247772   57.9389801   49.0543480
  31.7809620   58.3937683   50.1192627
  33.4074936    1.6195467   43.8141518
  32.6417885    1.0055643   43.7645607
  33.3894653    1.8283341   44.7644997
  33.2765007    2.0427997   46.4470139
  32.6307335    1.4305915   46.8818703
  34.1135864    1.4645659   46.6972008
  30.9723072   61.8502235   54.2401619
  30.1217842   62.3283958   53.8526764
  30.8112087   61.0398445   53.6543198
  30.9613209    0.7643530   56.8427620
  30.0265255    1.1384766   56.9420853
  30.9403763    0.7167197   55.8036537
  30.4389267   59.5386429   50.4503365
  30.4729958   60.5575829   50.3543663
  30.5704155   59.5355453   51.4423752
  30.7848625   59.4099808   53.1247940
  30.0264320   58.9044571   53.5431175
  31.4932384   58.7730141   53.3816338
  32.9288712   57.9449921   54.0416412
  33.0801239   56.9548683   53.8750000
  33.8660927   58.2067871   53.7519798
  32.4310951   58.0540009   56.7015953
  32.6904144   58.0698853   55.7142754
  33.3239784   58.4741211   57.0154190
  33.2880745    1.6586884   50.6583862
  33.3638763    2.6261673   50.5214729
  33.2305489    1.6488532   51.6881180
  33.1213570    1.8805623   53.3593483
  32.4100990    1.3381203   53.8286095
  33.8961258    1.3396425   53.7444344
  30.7981186    0.5271555   60.8206787
  31.0882626    0.5915591   61.7906456
  31.6449509    1.0426996   60.5237427
  30.9928570   61.8954773    2.2640076
  30.1654263   62.3472061    2.5064101
  30.6523285   60.9254608    2.4996679
  30.3337364   59.5672760   57.4809570
  30.7237949   60.4809990   57.2164688
  31.1242924   59.0272942   57.1388512
  30.3873901   59.2775040   60.1254921
  30.5699329   60.2784119   60.4177132
  30.2407379   59.5552864   59.1464272
  32.6712570   57.7659111   60.7555695
  32.4587440   56.8565140   60.3804703
  31.8558979   58.2336006   60.3765793
  32.7143211   58.0283699    2.2870440
  32.6106110   57.0430679    2.5004871
  32.6341705   57.8721962    1.2729615
  33.4230156    1.8190261   57.5685425
  32.5674438    1.3817571   57.3006401
  33.1266823    1.9931439   58.5547943
  32.9847450    1.9788176   60.1507607
  33.2214775    2.9407592   60.4006577
  33.8823929    1.5995235   60.3840637
  35.3408890    8.0582304    6.6287427
  34.5180359    8.6964483    6.7009068
  35.5282974    8.0891027    7.6351428
  35.6286507    8.2841434    9.2641907
  34.7120628    8.7229156    9.5462799
  35.4411163    7.4688568    9.8588886
  35.4626160    5.9956126    2.8609657
  34.6176071    5.5060592    2.6451073
  35.3921852    5.7762427    3.8538055
  35.4219780    5.6692433    5.5441995
  34.7164764    5.2604733    6.1355863
  35.4025383    6.6011939    5.9715157
  37.6533318    4.2278132    6.3593678
  36.8458481    4.7688560    6.0427814
  37.5086403    4.3848662    7.3441162
  37.4586830    4.8413982    8.9988937
  36.6275826    5.2510023    9.4199963
  37.3008156    3.9285793    9.4466057
  37.8320808    9.8894472    3.3172731
  37.7391510    9.6771421    4.3401418
  36.9258423    9.3642025    3.1471934
  37.3618622    9.4495239    5.7928658
  36.6326180    8.9237785    6.2542939
  37.0548668   10.3395386    6.1820693
  35.3533325    8.4158907   13.2499332
  34.4242134    8.7457867   13.0256824
  35.3163300    8.6204014   14.2653751
  35.0439453    8.5924683   15.8208361
  34.3179703    8.8976612   16.4046898
  35.1514206    7.6807785   16.2854538
  35.4261208    5.8249130   10.3860798
  34.5873985    5.2543840   10.2173929
  35.4112320    5.7383475   11.4005184
  35.4761314    5.7175789   13.0929031
  34.5940552    5.5115910   13.5046530
  35.3760071    6.7235904   13.1547108
  37.5437889    4.0682225   13.5578680
  36.7989388    4.7422056   13.3975058
  37.4591713    4.0533352   14.5738811
  37.2488632    4.2936678   16.1716423
  36.5340767    4.9779139   16.4286575
  38.0019455    4.7868938   16.5482864
  37.7915230    9.4235821   10.1184359
  36.9059372    9.1029272    9.7150774
  37.6479721   10.3961582    9.7554655
  37.6616325    9.5895052   12.7824097
  36.7289200    9.1409245   12.7183819
  37.8524132    9.5453758   11.7944450
  35.3403664    8.3606071   20.6037464
  34.5331039    8.9207296   20.3769283
  35.2714806    8.4463320   21.5898151
  35.1568146    8.3889732   23.2611732
  34.3188667    8.6956120   23.7641888
  35.1132011    7.4366617   23.5852985
  35.2975388    6.0802112   16.9235706
  34.4101105    5.5769606   16.8171787
  35.3236465    6.0456753   17.9616032
  35.2784920    5.8685794   19.6317177
  34.4299927    5.4866748   20.0698547
  35.1464081    6.7865772   20.0157337
  37.4805641    4.3876224   20.2367973
  36.7099304    5.0336032   19.9854507
  37.5078735    4.6566744   21.2275753
  37.4259911    4.6177568   22.8737946
  36.5775681    5.0169926   23.2864094
  37.2585297    3.6632819   23.1643963
  37.3129463    9.5369101   16.9784908
  36.4564934    9.2806978   16.6033535
  37.2086563   10.5465870   16.7647915
  37.6837158    9.6094790   19.5995941
  36.8505898    9.0479765   19.8192997
  37.5416107    9.6605701   18.6072884
  35.2773705    8.2351561   27.4912262
  34.4245491    8.7448463   27.3001156
  35.3900452    8.5618229   28.4393959
  35.4850655    8.9733343   30.1718330
  34.5627823    9.2117729   30.5435467
  35.4936829    8.0250235   30.5225544
  35.2874565    5.8698001   23.9111691
  34.4392204    5.2560978   23.9114914
  35.3336449    5.8236661   24.9283257
  35.6775970    5.7895432   26.5284786
  34.7780304    5.4086099   26.8338795
  35.4867363    6.7071705   26.9521599
  37.8060951    4.1180782   26.8813896
  37.0348206    4.7550917   26.6803741
  37.8183594    4.2862453   27.8908062
  37.5761490    4.7860541   29.5042191
  36.9190636    5.3973937   29.9102745
  38.3965454    5.2425504   29.9233627
  37.4931679    9.6250839   23.8039894
  36.6798515    9.1063948   23.4440022
  37.0600815   10.5426979   23.6139889
  37.5619202    9.4227877   26.4954433
  36.6164589    9.0018110   26.5651894
  37.5397797    9.3814449   25.4659119
  35.3332825    8.1954288   33.8719711
  34.5005188    8.7685108   33.7555199
  35.3131027    8.2709408   34.8869858
  35.2240067    8.4315739   36.4944229
  34.4499931    8.7441807   37.0087395
  35.2069740    7.4728727   36.7919579
  35.5758286    6.3493114   30.7535591
  34.7442169    5.8154621   30.4109268
  35.5132294    5.9848804   31.6919003
  35.1856804    5.6557045   33.2882881
  34.3261299    5.4956875   33.7568817
  35.2286415    6.6600266   33.5903893
  37.4962769    4.2820783   33.5890923
  36.6310959    4.7390094   33.4580803
  37.5274048    4.4568000   34.6094513
  37.4037437    4.6481953   36.1846313
  36.5474129    5.0316439   36.6087875
  37.2706871    3.7305057   36.5450439
  37.8835487    9.9705887   30.4913788
  36.9951897    9.5442734   30.2474136
  37.5741119   10.9015703   30.2022667
  37.4863853    9.6241608   33.1485176
  36.6984138    9.0047741   33.2324181
  37.5994110    9.5829372   32.1294327
  35.1928368    8.0385656   40.8583107
  34.4493408    8.7173634   40.6728706
  35.1579170    8.2230291   41.8685913
  35.1841621    8.7654638   43.4127922
  34.4633789    9.2057848   43.9576759
  35.1288490    7.8450694   43.8197098
  35.2861748    5.7553654   37.3154068
  34.4484024    5.1523428   37.2204933
  35.3121567    5.6548715   38.3286018
  35.3628387    5.4754620   40.0004311
  34.4728050    5.1355433   40.3292694
  35.2334328    6.4176564   40.3769112
  37.4141083    3.9909828   40.6720123
  36.6028023    4.6029673   40.3639946
  37.2480545    4.1831303   41.6527901
  37.2981377    4.5309134   43.2953339
  36.5709076    5.1838050   43.5961876
  38.0894661    5.0962658   43.5515480
  37.3033066    9.6779528   37.4179573
  36.5183105    9.2882395   36.9203072
  37.0634575   10.6375275   37.2527733
  37.4333153    9.5339537   40.1155548
  36.6152611    9.0187836   40.1742935
  37.5093498    9.6308346   39.1184235
  35.5240097    8.1295242   47.6513214
  34.8131142    8.8842468   47.5669746
  35.5739212    8.2799282   48.6742134
  35.4394722    8.5319691   50.2977448
  34.5545807    8.8239727   50.6901321
  35.3738937    7.5646038   50.6744156
  35.1482391    6.1198645   44.0360832
  34.3589363    5.5326228   43.8182259
  35.1552696    5.9188638   45.0143700
  35.3404045    5.6135440   46.7360001
  34.4891968    5.3051801   47.1921806
  35.3422775    6.5473027   47.1297607
  37.5326653    4.1120944   47.1626930
  36.6995392    4.6181870   46.8749313
  37.4603081    4.4469471   48.1115685
  37.4245605    4.7730923   49.7492256
  36.6125755    5.1056061   50.2467232
  37.4294281    3.8665974   50.2793274
  37.6739388    9.8009195   43.8088799
  36.8195953    9.4123068   43.4178238
  37.3073921   10.7463341   43.7658081
  37.6310158    9.4137802   46.5842094
  36.8168182    8.8900652   46.8142281
  37.4568329    9.4918938   45.5764275
  35.5398483    8.5207539   54.1113205
  34.6801605    9.0287189   53.9780502
  35.4705315    8.5884285   55.1547432
  35.4365959    8.6747808   56.7435493
  34.6343689    9.0539932   57.2760048
  35.3452721    7.7366428   57.0740585
  35.2804947    5.8946524   51.0054512
  34.5071678    5.2120638   50.7602730
  35.2042618    5.8216062   51.9686470
  35.5826836    5.8125229   53.7041550
  34.7198944    5.6360869   54.2351456
  35.5878258    6.8056102   53.8440552
  37.5560074    4.2580323   54.0693092
  36.7075653    4.7707276   53.8750610
  37.4734802    4.3750792   55.1241302
  37.6038246    4.4472036   56.9032631
  36.8989372    5.0619416   57.2146072
  38.3356934    5.0167203   57.2889404
  37.8765602    9.7446928   50.7348213
  36.9504166    9.3606815   50.5467491
  37.5334778   10.7114410   50.5720825
  37.8386536    9.5549107   53.3865585
  36.9508095    9.0597830   53.4654083
  37.8451424    9.6245155   52.4004250
  35.8562546    8.1667328   61.3897629
  35.0149956    8.7210178   61.1897812
  35.8010559    8.3655415   62.4046059
  35.5314941    8.6125259    2.7611334
  35.4332733    7.6112905    2.9274075
  34.6667595    8.8967438    3.1536255
  35.4417000    5.9282546   57.6730118
  34.5228195    5.5556092   57.6341057
  35.5785179    5.7915769   58.7258301
  35.6425781    5.7331181   60.2715645
  34.7613907    5.4573960   60.6399803
  35.6712456    6.6280680   60.7711906
  37.8360519    4.4015274   60.9824753
  37.0350227    4.8093414   60.5834999
  37.6791878    3.4748251   60.5585785
  37.6933823    4.5822358    2.4434392
  36.8726349    5.2195673    2.4813285
  37.6459541    4.5312977    1.4194617
  37.8156471    9.5850143   57.4794044
  36.9932709    9.1812630   57.0795708
  37.5036926   10.5566282   57.4378815
  37.8629036    9.5441332   60.2490044
  37.0750313    8.9976664   60.5761795
  37.7127533    9.4104424   59.2689552
  35.0925255   16.0809174    7.0467272
  34.3313675   16.5184593    6.5720992
  34.9103851   15.1286993    6.6556931
  35.3738670   15.5750589    9.6135807
  34.6031914   16.0733871    9.9543657
  35.2282181   15.7944241    8.6224737
  34.5161400   13.3982496    3.3276110
  33.9295235   12.6379318    3.1793907
  35.3825989   12.9192686    3.0435340
  34.6035423   13.6640644    6.1243587
  33.7898865   13.1095552    6.3357220
  34.4516449   13.6542921    5.1208072
  36.7865982   12.0060596    6.6100707
  36.0566444   12.6711960    6.3412852
  37.5539246   12.6228161    6.3151031
  37.2814522   11.8327293    9.2273312
  37.0497856   11.9289970    8.2760763
  36.4208412   12.2491446    9.5793991
  37.3259277   17.1637917    3.4059432
  36.4341469   16.7161865    3.1438329
  37.0534668   18.0743160    3.0782499
  37.3159561   17.4763031    6.0397563
  36.4234657   16.9782372    6.1256862
  37.4030457   17.4503517    5.0654297
  35.4505081   15.8686476   13.6893072
  34.6695595   16.4601822   13.4855480
  35.4143410   15.9283581   14.6880789
  35.2860641   15.9589081   16.3515034
  34.4136314   16.3263130   16.7233410
  35.0327377   14.9546728   16.5450478
  35.0277252   13.0171032   10.0131397
  35.1822014   13.9808273    9.7793550
  35.0091743   13.2271166   11.0263357
  34.9213524   13.3658104   12.6853666
  35.1112976   14.3052073   13.0925245
  35.7892952   12.9619131   13.0407686
  37.2474022   12.3624477   13.6086054
  37.5818520   11.4461899   13.2771778
  38.1731682   12.8059978   13.3683691
  36.9348373   12.1359005   16.2789230
  37.0413742   12.2992077   15.2603893
  36.0321350   12.6066284   16.3083725
  37.5026512   17.0166550   10.2134819
  36.6693268   16.5030060    9.9972572
  37.3805008   17.0043678   11.2172594
  37.5350113   17.4071198   12.8361359
  36.7803688   16.9255562   13.2458410
  37.2590332   18.3624439   13.1467133
  35.4120216   15.8755217   20.2673702
  34.6090240   16.4108238   19.9803867
  35.1990089   15.9578619   21.2814846
  34.8888626   15.9890308   22.7391510
  34.0772324   16.4107933   23.1743736
  34.7114677   15.0833597   23.1900311
  34.5867538   13.4315920   16.8376446
  33.7397003   12.8509722   16.7485180
  34.6315536   13.3194122   17.8409538
  34.9562035   13.3292217   19.4707947
  35.1993446   14.2492266   19.8368225
  35.7310181   12.8658886   19.8822021
  37.1490479   12.0765171   20.6222610
  37.4616508   11.2114925   20.1395836
  37.9960442   12.5777225   20.3586960
  36.7599945   12.1738100   23.3295479
  36.7101097   12.2312250   22.3122997
  35.9604836   12.7408857   23.5180702
  37.4904861   17.1704674   17.2896347
  36.6193810   16.7565632   16.9149418
  37.2812653   18.0966053   16.9734097
  37.6326294   17.3141823   19.8841724
  36.8198090   16.7486095   20.1072998
  37.6817780   17.1102943   18.8965130
  35.3344345   15.6282654   27.0214691
  34.6396942   16.3467674   26.9214821
  35.2572289   15.6776781   28.0636749
  35.0389977   15.8798304   29.6564960
  34.2402039   16.2852020   30.0580521
  34.9456863   14.9688025   30.0310516
  34.4449463   13.6327600   23.7783394
  33.6818008   12.9542093   23.5328083
  34.3949699   13.3904886   24.7804546
  34.6920090   13.0545311   26.3078060
  34.9659233   14.0465508   26.6009388
  35.5371704   12.7057858   26.7780895
  37.0437508   12.1577082   27.2804527
  37.2569199   11.2129679   26.9492493
  37.9013023   12.5970488   26.9777851
  37.0700264   12.3520794   29.9198093
  37.0361671   12.3939552   28.8628864
  36.1357994   12.6638317   30.0244808
  37.0093231   17.1032581   23.9689846
  36.1638565   16.7559109   23.5276756
  36.9156761   18.0458775   23.5951710
  37.6099434   16.9524784   26.5458488
  36.7804375   16.3837681   26.7591991
  37.3574448   16.9858646   25.5479202
  35.5780106   16.0261421   33.7008553
  34.7731667   16.5972576   33.5836906
  35.4649582   15.9513130   34.7165756
  35.2403107   15.8493395   36.2967758
  34.4080124   16.3388786   36.7140656
  34.9478951   14.9222803   36.6049347
  34.5302963   13.3770618   30.5738049
  33.6519928   12.8580723   30.5161724
  34.5565567   13.3864155   31.5633335
  34.5923920   13.4463749   33.2569771
  34.9291115   14.4096069   33.4320068
  35.3973007   12.9957352   33.7054138
  36.8696022   12.2687798   34.2239761
  36.9951019   11.3601170   33.8452606
  37.7256851   12.6561537   33.8174438
  36.8365593   12.2626419   36.8758888
  36.8345833   12.3006086   35.8781319
  35.8899384   12.6850462   36.9632530
  37.3303452   17.1117058   30.5712147
  36.4680176   16.7089386   30.2169037
  37.0732841   18.0803280   30.3757610
  37.8241196   17.3759346   33.2154465
  36.9881897   16.8330154   33.4324799
  37.7129707   17.2316017   32.2013588
  35.5011253   16.1791229   40.7986145
  34.6792755   16.6815186   40.5295143
  35.3561287   16.3170452   41.7952919
  34.9705811   16.2953033   43.3364143
  34.0298843   16.6737938   43.5863800
  34.7071533   15.3488245   43.6784134
  34.5157242   13.4439001   37.3597031
  33.6908417   12.8806906   37.2521095
  34.4342461   13.5456028   38.3649178
  34.7123146   13.6632299   40.1116028
  35.0548439   14.5937300   40.3011208
  35.5268288   13.1853876   40.4704132
  36.7825050   12.2357473   40.8438377
  37.0658836   11.2834024   40.6686668
  37.6763039   12.6567373   40.5891953
  36.5477791   12.1640759   43.5371208
  36.4173927   12.2010126   42.5142937
  35.7595367   12.7728405   43.7651520
  37.1846924   17.0441208   37.5824509
  36.4256668   16.5697460   37.0812302
  36.8608551   17.9745636   37.2912521
  37.7062531   17.4345970   40.1284256
  36.8570938   16.9054775   40.3612404
  37.6033897   17.3378391   39.1401482
  35.6080971   15.9252186   47.4702835
  34.8048630   16.4665718   47.1072960
  35.3175430   16.0063057   48.4507103
  34.8175201   16.0533714   50.1059036
  34.0389252   16.5896034   50.4222450
  34.5638237   15.1631947   50.5316277
  34.4850807   13.8420238   44.1062279
  33.6728325   13.2242308   43.9800415
  34.5166245   13.6855898   45.0969505
  35.1036301   13.4344511   46.7288551
  35.4014931   14.3762407   47.0297775
  35.9519005   12.9825306   47.0669785
  37.1964798   12.1506977   47.5518456
  37.3571739   11.1944189   47.3114471
  38.1588097   12.4528761   47.2909470
  36.8885193   12.2271709   50.3099518
  36.7934990   12.2827311   49.3297348
  36.0621948   12.7141352   50.5967026
  37.2702904   17.0696774   44.5191727
  36.4482613   16.7421913   44.0316696
  37.0774574   18.0618725   44.2409134
  37.9948616   17.1625023   47.0118065
  37.1394958   16.6912975   47.3028374
  37.8641434   17.0718536   46.0062408
  35.4871178   15.9121609   54.2272873
  34.6941147   16.5116577   54.0101738
  35.3479614   15.9383984   55.2496338
  35.0826645   16.0867691   56.8678322
  34.2631493   16.4593658   57.3158188
  34.9825630   15.1296968   57.2622414
  34.6083527   13.5003910   51.0583038
  33.7886467   12.9248447   50.8799934
  34.6202240   13.3660059   52.0544319
  35.0707855   13.3114796   53.6921005
  35.3804970   14.2750216   53.8692131
  35.9010429   12.8813438   54.0337944
  37.3680763   12.0603132   54.6891975
  37.5967064   11.1741476   54.2658730
  38.1843033   12.5483007   54.2655106
  37.1227798   12.1326771   57.2798996
  37.0906334   12.0837460   56.2610283
  36.3569756   12.7620525   57.3502960
  37.0945587   17.0118694   50.9846382
  36.2522697   16.6187782   50.5928116
  36.9089737   17.9507980   50.6566429
  37.7280197   17.0632286   53.6078644
  36.8187714   16.6065407   53.7914276
  37.5742111   17.0498371   52.5731506
  35.6079865   15.7389936   61.2396774
  34.7971382   16.3811531   61.0183601
  35.4031448   15.7414799   62.2451820
  35.0193977   16.0033188    2.6534700
  34.1863556   16.5772743    2.8399694
  34.6828117   15.1244688    2.9514246
  34.9521484   13.5404100   57.7996445
  34.1240463   12.9611750   57.6182289
  34.9239616   13.4179583   58.8247261
  35.1371269   13.2400551   60.3813858
  35.4131432   14.1829109   60.7137566
  35.9843254   12.7886486   60.7404747
  37.3147697   12.0066319   61.3049660
  37.4642410   11.1004066   60.8953781
  38.2400436   12.3745003   61.0013695
  36.7489052   12.2297773    2.6082418
  37.1774368   11.3001871    2.8174477
  36.9668083   12.2021923    1.6316960
  37.1748962   17.2287006   57.9564400
  36.3182983   16.9839497   57.4691467
  37.1272850   18.2156982   57.6917343
  37.8181190   16.9676762   60.5129089
  36.9412918   16.4631481   60.7234688
  37.7286415   16.9596291   59.5138092
  35.2485962   23.6964035    6.3432221
  34.2903824   24.0743294    6.2530289
  35.2538109   23.7497082    7.3612986
  35.1725121   23.4116974    9.0907440
  34.3519630   23.8164673    9.5556040
  35.0971184   22.4940681    9.4220457
  34.5144653   21.4671783    2.9628625
  33.6327324   21.0165024    2.7931228
  34.4153900   21.4265423    3.9810271
  34.4478683   21.1935253    5.6568165
  34.7208748   22.1511230    5.9726710
  35.3165359   20.7542801    6.0360274
  36.6694374   20.0859718    6.7445760
  36.8834991   19.0891056    6.5301633
  36.7209244   19.8975563    7.7522812
  37.0076790   19.5470924    9.2553930
  37.2749329   18.6266861    9.5620518
  37.8523636   20.0067062    9.5883656
  37.4861183   24.9016132    3.2024093
  36.6675835   24.5009289    2.7620046
  37.2260475   25.8738861    2.9913430
  37.3569336   25.0638447    5.9062781
  36.5457535   24.4261723    6.0028548
  37.3520393   24.9060078    4.8909645
  35.1578712   23.8305798   13.3375340
  34.3141289   24.3570633   13.2236938
  35.1071014   23.8419571   14.3718605
  34.8302307   23.7621822   15.9109812
  33.9833794   24.1345387   16.3528423
  34.7296944   22.8294067   16.2063770
  34.7671318   20.9657745   10.0188961
  34.0410233   20.3119965    9.7141619
  35.5352478   20.3599815    9.8159752
  34.9368210   21.3167439   12.7806625
  35.0766792   22.3282375   12.9286995
  34.8496056   21.4616909   11.7747889
  36.8014297   19.7884464   13.7216053
  36.0919113   20.3625355   13.2537422
  37.5856552   20.3601875   13.4265699
  36.7927017   19.7420692   16.4674568
  36.8309746   19.7960072   15.4421797
  35.9045219   20.2269669   16.5089378
  37.3108368   24.7923355    9.7430248
  36.4797592   24.3578339    9.4742270
  37.2154961   24.7511559   10.7358179
  37.3087692   24.7297230   12.3195848
  36.4612885   24.3459892   12.7288189
  37.1092110   25.6592178   12.7104654
  35.3433990   23.5700436   20.2558174
  34.4732018   24.1064873   20.0121746
  35.1362343   23.6794186   21.2755642
  34.8873863   23.6331959   22.9458179
  34.0897369   24.0944118   23.3283234
  34.6415634   22.6967239   23.2293968
  34.3827209   21.2253227   16.7342033
  33.6215096   20.5784435   16.4723549
  34.3038750   21.0754623   17.7564945
  34.7393265   21.0114822   19.3573818
  35.0050774   21.9848309   19.6559410
  35.6277008   20.6117973   19.5784569
  36.9347000   19.8547535   20.2431831
  37.2485580   18.9415283   20.0431290
  37.8226242   20.3270912   20.0216732
  36.6087265   19.5925484   23.0709095
  36.6981087   19.8203106   22.0905113
  35.7935715   20.1428013   23.2291603
  36.8864899   24.8688450   17.0928364
  36.0675049   24.4685593   16.6247635
  36.7216339   25.7734146   16.7125607
  37.4898109   25.0747719   19.6551266
  36.7098846   24.4749050   19.9582996
  37.2919426   24.9406452   18.6598969
  35.2710724   23.3925381   26.9924488
  34.4992943   24.0284042   26.7397709
  35.1737976   23.6471386   27.9927444
  34.9164276   23.8683319   29.6324291
  34.1335869   24.2555885   30.1433582
  34.7389755   22.8948574   29.9935532
  34.4691124   21.1030464   23.7762070
  33.6090050   20.5553799   23.6538410
  34.4497719   21.0945740   24.7733707
  34.7185059   20.9069500   26.4013901
  35.0042610   21.8175888   26.7470055
  35.5548782   20.4192867   26.6743660
  36.7915039   19.4901867   27.1408901
  37.1615677   18.5883598   26.9135361
  37.6072426   20.0231762   26.8811626
  36.6738930   19.7357731   29.9146709
  36.7040825   19.7954063   28.9252090
  35.8873520   20.3178539   30.0958710
  37.0175552   24.9877129   24.0732727
  36.2510338   24.4224396   23.7289734
  36.8141861   25.8127995   23.5576611
  37.3981667   24.9320488   26.7091846
  36.5594292   24.2953300   26.7011662
  37.3679848   25.0133648   25.6987209
  35.5121689   23.6114235   33.8994827
  34.7017593   24.1613331   33.7193031
  35.4810028   23.6978016   34.9257355
  34.9882050   23.6013947   36.4247627
  34.1106987   24.0145359   36.7866478
  34.6844635   22.6266575   36.7020493
  34.5217323   21.3066349   30.4501228
  33.6971626   20.7393894   30.2899914
  34.5809097   21.1570263   31.4423885
  34.8751564   21.0405083   33.1384392
  35.0628281   21.9532433   33.4621468
  35.7659760   20.6559010   33.4416084
  37.0502777   19.9613876   33.9083710
  37.2659874   19.0983772   33.4650497
  37.9746780   20.3603344   33.7702560
  36.6781616   19.6511974   36.6415977
  36.7392654   19.6940784   35.6417122
  35.8346558   20.2238121   36.7404213
  37.0530510   25.1187057   30.8343887
  36.2588463   24.7569275   30.3447437
  36.9125710   26.0789185   30.5275421
  37.7544479   24.8081837   33.3386192
  36.8906784   24.2869511   33.5409355
  37.5035172   24.9438286   32.3632927
  35.5126877   23.3331223   40.5654221
  34.8059425   24.0456829   40.4083214
  35.3806343   23.3608360   41.5988312
  35.1043434   23.6088219   43.1386871
  34.2549934   23.9568615   43.5387268
  34.9741096   22.6311913   43.4858170
  34.4493637   21.0273685   37.0025482
  33.6098671   20.5044689   36.8766518
  34.5261154   20.8529377   38.0140038
  34.9231033   20.8342838   39.6025276
  35.1209450   21.8154087   39.8410301
  35.6752930   20.4769173   40.1789970
  36.9187279   19.8940830   40.9362946
  37.2616539   18.9486637   40.6746445
  37.7858658   20.3769302   40.5994987
  36.8275337   19.5825996   43.6601639
  36.7376404   19.5972652   42.6214714
  36.0430641   20.2265015   43.7898636
  37.0141907   24.8791752   37.4759140
  36.2158165   24.3879719   37.0851288
  36.7759514   25.7639389   37.0948982
  37.7141304   24.6201019   40.0058594
  36.9247818   23.9657764   40.2201767
  37.4792366   24.7051563   39.0305405
  35.4307137   23.2611065   47.3580627
  34.5803452   23.7651367   47.1000557
  35.2748604   23.3751793   48.3393059
  35.1630020   23.6012039   50.0193863
  34.2670784   23.9918747   50.2845764
  34.9142609   22.6540470   50.2503357
  34.6204529   21.1204815   43.9178429
  33.6934357   20.6584206   43.7705078
  34.6051216   20.9601879   44.9269104
  34.5922928   20.8454475   46.4770050
  34.9170265   21.7064171   46.8478928
  35.2780838   20.3463116   47.0968666
  36.7662239   19.7030563   47.5421715
  37.2263298   18.8408108   47.2423134
  37.5688744   20.2781258   47.2150269
  36.6316452   19.4968243   50.2127342
  36.6516190   19.4998245   49.2150917
  35.8332901   20.0923424   50.3273735
  37.0907440   24.7351093   44.3252754
  36.3624191   24.2983131   43.7405052
  36.7652473   25.6607895   44.1343079
  37.6261368   24.7587757   46.8356133
  36.9461098   24.0863781   47.1350937
  37.3922615   24.7281189   45.8434601
  35.4179420   23.3109245   54.2398415
  34.5350800   23.7730923   54.0786896
  35.3902626   23.4179745   55.2280998
  35.0123177   23.7033367   56.9100304
  34.1144867   24.0188141   57.2772331
  34.8729973   22.7511082   57.1949692
  34.4603004   21.0460663   50.6024323
  33.5990028   20.4584942   50.5570145
  34.4638405   21.0559120   51.6242332
  34.8469658   20.8413696   53.2633247
  35.0439072   21.8000526   53.6033897
  35.6694183   20.4168797   53.6673737
  37.0921249   19.7623863   54.3947258
  37.3455429   18.8096771   54.1925240
  37.9101906   20.2051468   53.9944305
  36.7847328   19.7356358   57.0951424
  36.7980042   19.7956867   56.0700836
  35.8999634   20.1944332   57.1837082
  37.3318062   24.6595764   50.9698639
  36.4713974   24.2445602   50.5926895
  37.0848274   25.6160622   50.7226601
  37.4211426   24.9471302   53.5771637
  36.6667938   24.2785015   53.7381439
  37.4836235   24.7817364   52.5662117
  35.6017914   23.3066311   60.7386894
  34.8458710   23.8942986   60.4053459
  35.5817604   23.5862045   61.7017632
  35.3494263   23.8973465    2.0294087
  34.5263634   24.3452530    2.3379455
  35.1869354   23.0116787    2.4578397
  34.5049820   21.1717625   57.5110168
  33.7026749   20.6299095   57.3866425
  34.6161194   21.0235519   58.5045204
  35.0623055   20.8729782   60.1293526
  35.3394852   21.8256893   60.2885590
  35.8172874   20.4276619   60.5899811
  37.1595764   19.6165981   61.2620087
  37.3039017   18.6903763   60.8760376
  38.0015450   20.0222378   60.8038635
  36.6407928   19.6809502    2.6594110
  35.8930664   20.3349648    2.7513494
  36.7464523   19.7305050    1.6612570
  37.3880196   24.7888317   57.5537529
  36.4577408   24.4877853   57.3151054
  37.1647873   25.7786140   57.4737816
  37.8918571   24.6589394   60.3073349
  37.0587730   24.1363297   60.4639664
  37.8794746   24.6416607   59.3012199
  34.9573479   31.1807919    6.5220976
  34.2423515   31.8678036    6.3689008
  34.9613419   31.2607880    7.5245180
  34.8954010   31.2976437    9.3147984
  34.0436859   31.7103195    9.7357435
  34.6990738   30.3771133    9.6802053
  34.2694931   28.7074547    2.6720378
  33.3919678   28.3198547    2.5187397
  34.2183151   28.7057037    3.6976810
  34.3066292   28.8810654    5.3974304
  34.5807228   29.7537785    5.8307157
  35.1180344   28.3766727    5.6724505
  36.6081924   27.5498390    6.2810426
  36.8825874   26.6171188    6.1000996
  36.6310577   27.5427055    7.2650709
  36.6456490   27.3528385    8.9979830
  37.0580330   26.4284687    9.1425514
  37.4565811   27.8295841    9.3977356
  37.0017815   32.2602844    3.2677588
  36.1805115   31.8478622    2.8446879
  36.8294067   33.1890640    2.8211315
  37.1640472   32.6115875    5.8727450
  36.3519325   31.9661255    6.0437775
  37.0738068   32.4879227    4.8426628
  35.1027336   31.4323063   13.3147030
  34.1930847   31.9097481   13.2432499
  34.9855461   31.2447147   14.2993774
  34.8164024   31.0448513   15.8786058
  33.9564781   31.4298687   16.2800941
  34.5578461   30.0697365   16.0723381
  34.5134163   28.6802673   10.0927896
  33.7258415   28.1514397    9.7539244
  35.2317696   28.0941639    9.6050291
  34.6538887   28.6512413   12.7777481
  34.9066086   29.6044922   13.0061951
  34.4467468   28.8552742   11.8149700
  36.7687531   27.1117706   13.3626604
  36.0401382   27.7011337   13.0490932
  37.5290489   27.6180935   12.9567728
  36.5020027   27.2821236   16.0292931
  36.6135254   27.3478947   15.0216436
  35.6708450   27.8242493   16.0659943
  37.4384270   32.2545929    9.8645811
  36.4480133   31.9684181    9.7883348
  37.4195976   32.3460770   10.8825397
  37.2932625   32.4929543   12.4727526
  36.3910217   32.1420212   12.8149729
  37.1939087   33.3999214   12.9187136
  35.1663704   31.0691700   20.2471962
  34.2567711   31.4919434   19.9941463
  35.0292397   31.2258720   21.2333107
  34.6808929   31.4233437   22.9118252
  33.8122673   31.7890968   23.2279644
  34.4868736   30.4593735   23.1996441
  34.2056198   28.5235920   16.4851265
  33.4596481   27.8453274   16.4346333
  34.3604469   28.4909439   17.4849224
  34.4717598   28.5722179   19.1374474
  34.6936264   29.4585018   19.5602665
  35.2629929   28.0719643   19.5396404
  36.7750549   27.5427647   20.3235741
  37.0812798   26.5917778   20.0607204
  37.6811523   27.9120598   19.9657936
  36.3700714   27.4517841   23.0263538
  36.3796539   27.5137253   22.0276489
  35.5366135   28.0040398   23.1575985
  36.9730186   32.3425941   16.9163990
  36.2080498   31.8445778   16.4879627
  36.6396103   33.2443428   16.6185741
  37.4390526   32.2857971   19.4821110
  36.5760307   31.8383274   19.5960445
  37.3656235   32.3380814   18.4501705
  35.4030266   31.2992592   26.9122772
  34.5238838   31.8605919   26.7931519
  35.2457085   31.3248463   27.9225807
  34.8259583   31.1955318   29.5902939
  33.9130707   31.5831966   29.8566799
  34.6461067   30.2620316   29.9217072
  34.1718216   28.8877029   23.5718327
  33.4244957   28.2421589   23.4421368
  34.1533470   28.8631382   24.5948315
  34.5322037   28.7851410   26.3532925
  34.8311653   29.7266426   26.4642086
  35.3516159   28.3374634   26.7031155
  36.7212791   27.5872345   27.1859570
  36.9873581   26.6050644   27.1765881
  37.5976181   27.8781548   26.7761860
  36.3588486   27.6209354   29.8249950
  36.3433113   27.6395187   28.8000546
  35.5031204   28.0621529   29.9527187
  36.7916946   32.5206528   23.7851887
  35.9239807   32.0750656   23.4433308
  36.5330200   33.4230690   23.4470158
  37.6701927   32.5598145   26.2409649
  36.8216057   32.0658493   26.5159359
  37.4203873   32.5733109   25.2448044
  35.2320251   31.1368885   33.7262840
  34.3668213   31.6671085   33.5722847
  35.1318283   31.1390877   34.7245903
  35.0683441   31.2348194   36.3820763
  34.2482681   31.7532063   36.6963272
  34.7406387   30.3428497   36.7723656
  34.0743980   28.8034058   30.4086437
  33.2486649   28.2360497   30.2598820
  34.1321297   28.6104221   31.4198456
  34.6560593   28.5757961   33.1088600
  35.0485954   29.4935760   33.3395844
  35.4831238   28.1040115   33.4289665
  36.9503441   27.4076424   33.9886017
  37.3150406   26.4411278   33.8627472
  37.8349342   27.8263226   33.6149063
  36.3622246   27.3289375   36.5746803
  36.5500755   27.4729004   35.6031723
  35.5967255   27.9740467   36.6419716
  36.9817505   32.4329529   30.6776505
  36.2153549   31.9036293   30.2402973
  36.6363525   33.3457718   30.3346596
  37.5896187   32.4436646   33.2579231
  36.7143478   31.9819794   33.4414139
  37.4899750   32.4405785   32.2437859
  35.4236908   30.9402733   40.5620232
  34.5913925   31.3626957   40.1880074
  35.2567749   31.1793480   41.5576019
  34.8576469   31.2324066   43.1256561
  34.0149384   31.6364079   43.4881020
  34.6134529   30.2731743   43.3230019
  34.3596115   28.8985081   37.2716637
  33.4575691   28.4234047   37.2317810
  34.4872169   28.7300377   38.2441635
  34.9367599   28.4525414   39.8353386
  35.2348328   29.3459091   40.2042503
  35.7621765   27.9538860   40.2211876
  37.0359840   27.2041588   40.8492279
  37.2924500   26.3555698   40.4072723
  37.9181061   27.6766853   40.6613655
  36.5369530   27.3237114   43.4537468
  36.6835136   27.2198277   42.4505768
  35.6734772   27.8296528   43.4131622
  37.3402100   32.4719696   37.3475113
  36.5352898   32.0860367   36.7953453
  37.0680084   33.4410629   37.1656380
  37.6107254   32.3536987   39.9891510
  36.8145103   31.7533531   40.1862946
  37.4227829   32.3755875   38.9900169
  35.4134712   30.8406639   47.1750107
  34.5507812   31.3945084   47.0307236
  35.3513412   30.9526711   48.2066307
  35.1826324   31.1574059   49.7735062
  34.2923317   31.5111523   50.1684380
  34.8931313   30.1729240   50.0147820
  34.1604195   28.7233696   43.6497765
  33.3803749   28.0797005   43.6179657
  34.2617683   28.7069778   44.6517944
  34.5168762   28.3902855   46.4248734
  34.8115387   29.3267879   46.7548752
  35.4383354   27.9477654   46.7376785
  36.8068008   27.3436642   47.4385986
  37.2370529   26.4426689   47.1746216
  37.6569061   27.8647785   47.2924309
  36.7680473   27.1159344   50.1655655
  36.7389183   27.1903439   49.1721535
  35.9185524   27.6851654   50.2614136
  37.0001335   32.2238464   44.2013359
  36.1491394   31.8303223   43.8068695
  36.7946014   33.1795273   43.9023476
  37.6607323   32.3803940   46.7159691
  36.9116287   31.7463703   46.9976578
  37.4688644   32.2530441   45.7122955
  35.3879356   30.9724598   54.0019150
  34.5767097   31.4969215   53.7226219
  35.2886810   31.1862164   55.0037880
  34.8026657   31.2359180   56.6004944
  33.8941841   31.6012325   56.9370461
  34.6240883   30.2930088   56.9134827
  34.5458069   28.6225033   50.6110229
  33.6703758   28.1182995   50.5057869
  34.5600891   28.6015682   51.6232109
  34.7686806   28.4954109   53.3310661
  35.0684090   29.4506397   53.5931549
  35.5575256   28.0884247   53.8072395
  36.8979149   27.4751892   54.4206848
  37.0665970   26.4790821   54.1533928
  37.7678757   27.7963142   54.0401382
  36.7155342   27.2952785   57.1742554
  36.7330780   27.3413982   56.1512299
  35.8100395   27.7721138   57.2415466
  37.2670517   32.2908554   50.9281654
  36.3918571   31.9470272   50.5117493
  37.1452103   33.2030449   50.5499191
  37.7495193   32.1159210   53.5404587
  36.8856163   31.5992546   53.7153549
  37.6121254   32.1487503   52.5627785
  35.6579247   30.8283672   60.7432137
  34.7814217   31.2514858   60.4189034
  35.4973793   31.1153774   61.7094460
  34.9064636   31.3351498    1.9995089
  34.1437340   31.8682899    2.4174347
  34.5181847   30.4327679    2.2624478
  34.4449883   28.6742725   57.5517120
  33.5713158   28.1437988   57.4206200
  34.5163574   28.4638996   58.5214157
  34.9457932   28.3071518   60.1028214
  35.3039818   29.1966152   60.3818741
  35.8157005   27.8113174   60.4101524
  37.0640945   27.2283020   61.0997353
  37.4183655   26.2929955   60.8433075
  37.9812965   27.6573753   60.9030457
  36.4887848   27.2338905    2.4437323
  35.6816063   27.8360081    2.5240035
  36.5496826   27.2778549    1.4393115
  37.1763611   32.1896439   57.4974594
  36.2265129   31.9105873   57.1489754
  37.0032501   33.1717148   57.4079361
  37.8870010   32.0611191   60.0277214
  37.0797462   31.5017986   60.2463760
  37.7493286   32.0126953   59.0279884
  35.0070877   38.6752319    6.3157587
  34.1846390   39.2578201    6.2155185
  35.0897522   38.6807747    7.3116417
  35.3409119   38.7025223    9.0814667
  34.5525475   39.1334038    9.5602608
  35.0341454   37.7544746    9.2536659
  34.3941345   36.2904587    2.6240683
  33.4545822   35.8571548    2.5662444
  34.3116417   36.2713661    3.6691177
  34.4405022   36.2823906    5.2576880
  34.6434708   37.2092285    5.6675248
  35.1673241   35.8333206    5.8188300
  36.4519234   35.1050720    6.6703086
  36.7530327   34.2050552    6.4265332
  36.4999962   34.9806061    7.6815257
  36.8090172   34.7454834    9.2277403
  37.2134209   33.7889557    9.3432512
  37.6064186   35.1993904    9.5548058
  37.1082611   40.0570374    3.0752702
  36.3685722   39.5662384    2.6212723
  36.8914413   41.0178070    2.6886044
  37.0629501   40.3483315    5.6494999
  36.2842560   39.7093620    5.7213774
  37.1241188   40.2255020    4.6421847
  34.9885597   38.8278008   13.3093338
  34.1773872   39.4555244   13.2524853
  34.9092903   38.7814522   14.3417015
  34.5529022   38.7884102   15.9889784
  33.6749344   39.1074257   16.3834305
  34.4757576   37.8047371   16.2891312
  34.4950638   36.1654663    9.6672068
  33.8021240   35.4953651    9.3721275
  35.3018723   35.5305862    9.4703388
  34.4831390   36.3120651   12.5082998
  34.5833092   37.3067245   12.6895332
  34.4902344   36.3620682   11.5071507
  36.6698227   34.9688492   13.6301832
  35.8794937   35.4871712   13.2380924
  37.3672447   35.5287209   13.1353951
  36.3828926   34.9116020   16.3332825
  36.4121323   34.8503304   15.3143072
  35.5527077   35.5286560   16.3151321
  37.6693153   40.0215073    9.7276735
  36.8857613   39.4798279    9.4845695
  37.5120201   39.9984894   10.7322655
  37.2546768   39.8404465   12.3097038
  36.4349976   39.3842468   12.7315435
  37.0763588   40.7279358   12.7582541
  35.1960106   38.5050697   20.1581516
  34.3954964   39.0924911   19.9003277
  34.9615288   38.5663567   21.1477776
  34.6194801   38.7390480   22.8653126
  33.7600746   39.1791039   23.2085114
  34.3807449   37.8289337   23.2788143
  34.1368370   36.3095703   16.8097305
  33.3251266   35.6894836   16.6714001
  34.1946297   36.1388931   17.8201332
  34.4414291   35.9877472   19.5948124
  34.7609787   36.9348602   19.8925381
  35.3723259   35.5731163   19.8873386
  36.7283401   34.9965134   20.3006802
  37.0259056   34.0947838   19.9795647
  37.5503464   35.4868050   19.9468536
  36.2613678   34.9636803   22.9736481
  36.1632538   35.0227547   21.9616261
  35.3824883   35.4509888   23.1485100
  36.8979111   39.7823410   16.8143158
  35.9759903   39.4425354   16.5596714
  36.7621384   40.7081680   16.4351921
  37.2932281   40.0537491   19.4776154
  36.5414696   39.4498634   19.6911526
  37.2393684   39.9675369   18.4667816
  34.9787865   38.6426125   27.0487556
  34.1723061   39.3085365   27.0034294
  35.0060730   38.7093353   28.0705357
  34.9946060   38.8858452   29.8117847
  34.0599442   39.2366028   30.1360226
  34.7596741   37.9113312   30.0514183
  34.0124664   36.2889290   23.5934772
  33.2418633   35.6594887   23.4234161
  34.0065575   36.1829262   24.6020241
  34.4850998   36.1784477   26.2998886
  34.7347946   37.1291924   26.6022091
  35.3640289   35.7965012   26.6711845
  36.6972389   34.8700600   27.1236095
  37.1078796   33.9991035   26.8152828
  37.5188713   35.3818512   26.8272381
  36.5145416   34.8774414   29.7558212
  36.4729576   34.8947487   28.7716141
  35.6879501   35.4153519   29.9736500
  36.8941078   40.0558968   23.7181625
  36.0170441   39.6983490   23.4106560
  36.7201729   41.0053177   23.3813572
  37.2282753   39.9249535   26.3210926
  36.3716507   39.3751984   26.4441948
  37.1117668   40.0280838   25.3040848
  35.0986443   38.8786316   33.5884056
  34.3131409   39.4788589   33.4596138
  34.9650688   38.7886963   34.5915298
  34.8553162   38.9265556   36.2472115
  33.9972458   39.3365784   36.6388245
  34.6019783   37.9858627   36.5328903
  34.3385811   36.3759155   30.3310051
  33.5421143   35.8383904   30.0748253
  34.1851540   36.2617073   31.3244801
  34.4688225   36.2111435   33.0816994
  34.8094139   37.1505852   33.2404175
  35.2839851   35.7587738   33.4578362
  36.7463150   34.8709183   34.0313644
  37.0651169   33.9894257   33.7025146
  37.5142441   35.4100685   33.6171265
  36.4453239   34.8870087   36.7008705
  36.5336838   34.8123245   35.7088394
  35.5443001   35.3338470   36.7073059
  37.2771988   39.8531876   30.5969734
  36.4414978   39.3252983   30.3603096
  36.8327599   40.7656746   30.2718639
  37.4369316   40.1250610   33.2290306
  36.5228729   39.6789703   33.3175545
  37.4315491   39.9652748   32.2187881
  35.3354912   38.5459785   40.3469353
  34.4838257   39.0401917   40.0931931
  35.1125603   38.5631027   41.3723450
  34.6455688   38.5736580   42.9489174
  33.9206581   38.9742126   43.5591698
  34.4986610   37.6252251   43.2675934
  34.1752052   36.1555367   37.0054016
  33.3111000   35.6419983   36.9381027
  34.2820816   36.0089493   38.0126877
  34.6666451   35.9771080   39.6725044
  34.9406776   36.9633255   39.9223061
  35.5398598   35.5881157   40.0487747
  36.8837929   34.9005814   40.7539520
  37.2855492   33.9816933   40.5802193
  37.7189674   35.4074745   40.4293213
  36.4896393   34.7960663   43.4531479
  36.4506454   34.8166389   42.4434738
  35.5699959   35.2557068   43.5593185
  37.0847626   40.0329361   37.3138390
  36.2166748   39.6585732   36.8849869
  36.8499298   41.0110092   37.0521507
  37.5666618   39.9505081   39.8476448
  36.7147827   39.4085808   40.0137825
  37.3902092   39.9973183   38.8166618
  35.3009300   38.8755417   47.2171173
  34.4668427   39.4636955   47.1168480
  35.2275887   38.8442116   48.2456284
  35.0047951   38.8196487   49.7874336
  34.0522346   39.1678429   50.0837059
  34.7353745   37.8296928   50.0954437
  34.0889397   36.1574516   43.8911972
  33.2427292   35.6593323   43.8098106
  34.0934525   36.2065048   44.9013481
  34.5541611   36.2605667   46.5661812
  34.8443146   37.1493073   46.8171577
  35.3699417   35.7430954   46.8707809
  36.7238922   35.0127182   47.3081779
  37.1624680   34.1366653   47.1083183
  37.5872498   35.5457954   47.0679474
  36.7797775   34.7645264   50.0785103
  36.7627144   34.9066696   49.0763969
  35.9405746   35.3618965   50.2002983
  36.8734474   39.9428291   43.9303093
  36.0769157   39.4886665   43.5633774
  36.6056900   40.8844986   43.6280479
  37.5006790   40.0756302   46.5847931
  36.6106758   39.6050072   46.7942162
  37.3708916   40.0098190   45.5895996
  35.5389977   38.5243874   54.3525391
  34.6677589   39.0094414   54.0518990
  35.3276596   38.5967369   55.3360367
  34.8838730   38.9084511   56.9438019
  33.9739227   39.2725563   57.2934990
  34.6146011   37.9121475   57.1020088
  34.5881500   36.2697639   50.5446053
  33.7826805   35.6554718   50.4267540
  34.7546654   36.0793037   51.5271072
  34.9779816   35.9972878   53.2005844
  35.3530350   36.7973442   53.6208382
  35.7533836   35.3716545   53.4711533
  37.1639709   34.7026596   54.2189178
  37.5578957   33.8030243   53.9108696
  38.0150414   35.1947174   53.8912086
  36.7480431   34.7874031   56.8216515
  36.8373795   34.7842140   55.8045464
  35.8696060   35.2508163   56.8668594
  36.8850250   40.0061378   51.0724983
  36.0960770   39.4778481   50.6139603
  36.5796318   40.9121132   50.7726250
  37.5257454   40.0042229   53.5140686
  36.7173462   39.4656982   53.8126793
  37.2866592   39.9449158   52.5332642
  35.6739197   38.2983971   60.7959785
  34.8095703   38.8829536   60.5807076
  35.5650139   38.5114174   61.7833939
  35.1234093   38.7750549    2.0154185
  34.2303276   39.1732063    2.3679574
  34.8255310   37.8200302    2.2088854
  34.5039024   36.2897606   57.2806511
  33.6523972   35.7662926   57.1219521
  34.5827065   36.1007156   58.2554893
  34.7351608   35.8033333   59.8929291
  35.1029091   36.6821480   60.2673225
  35.5071640   35.2337341   60.1917343
  36.9651375   34.5582161   60.7123070
  37.3970757   33.7030258   60.3961372
  37.7871437   35.1622238   60.5433311
  36.4741592   34.6315498    2.1140444
  35.6015015   35.1200523    2.2339687
  36.5085297   34.6984024    1.1050200
  36.9699593   40.1911850   57.9233208
  36.0842628   39.7829247   57.5771255
  36.8258972   41.1277161   57.4788208
  37.7853241   39.8209305   60.3838348
  36.9330254   39.2589951   60.6104279
  37.5539360   39.8285332   59.3869629
  34.9881744   46.4397926    6.3041272
  34.2347641   47.0336914    6.0135875
  34.9391861   46.6427917    7.2997851
  34.7583656   46.6263580    8.9777927
  34.0344276   46.9352875    9.5920200
  34.6600113   45.6498642    9.2335672
  34.4146004   44.0304184    2.6201131
  33.5351448   43.4768600    2.5748737
  34.4637299   43.9756432    3.6538808
  34.2971230   43.9671974    5.2632699
  34.5144920   44.8585358    5.6775646
  35.0570831   43.4723663    5.7029142
  36.4506226   42.8551369    6.5363755
  36.6645737   41.8732185    6.3466024
  36.5223389   42.7583084    7.5388589
  36.7976875   42.5018730    9.1214457
  37.1656189   41.5585213    9.2997036
  37.7035980   42.9367371    9.4434242
  37.0832329   47.5916557    2.9096837
  36.2568169   47.1397438    2.4706495
  36.8914757   48.5000763    2.4339695
  37.1203270   48.0548058    5.5322733
  36.3135567   47.4953842    5.7344608
  37.0511398   47.9163246    4.4878278
  34.9934578   46.3974876   13.1317530
  34.2031364   47.0743256   13.0420561
  34.7474823   46.2496834   14.1411200
  34.3432159   46.2562370   15.6338997
  33.4846077   46.6602249   15.9809752
  34.1440582   45.2982368   16.0216522
  34.6493073   44.0246658    9.6996593
  34.0019493   43.2938957    9.4804287
  35.4993820   43.4360352    9.5469437
  34.7703133   43.9005432   12.2959929
  34.9820175   44.8625259   12.5654583
  34.7912560   44.0264587   11.2925158
  36.7367821   42.3465271   13.3348837
  36.0222816   42.8766975   12.8728209
  37.4957237   43.0121765   13.1811008
  36.4500427   42.2861443   16.0000458
  36.5452881   42.3693810   15.0086708
  35.6353340   42.8719025   16.1152000
  37.1215973   47.7879829    9.6845284
  36.2810364   47.2159424    9.4030571
  36.9975281   47.6571426   10.6774263
  37.1573029   47.7556000   12.4855471
  36.3780632   47.1698532   12.8105288
  36.7956467   48.6173897   12.8065357
  34.8662529   46.1511459   19.9852600
  34.1616974   46.8191948   19.6877136
  34.7113571   46.2900887   20.9968433
  34.5129929   46.4131851   22.6030064
  33.6951904   46.8687744   22.9834137
  34.2778320   45.5102196   22.9951458
  34.2055817   43.8110085   16.6056786
  33.3625679   43.3017845   16.4252243
  34.1394653   43.6223717   17.6224098
  34.1564674   43.6438904   19.2211151
  34.4606476   44.5833473   19.5130806
  35.0051765   43.1871109   19.4845638
  36.4403954   42.5874939   20.1875000
  36.8945503   41.6756096   19.9674740
  37.2358704   43.1116486   19.8232536
  36.3029938   42.5135803   22.8541679
  36.3331680   42.4734497   21.8438683
  35.5360832   43.1480827   22.9315052
  36.5925827   47.3820877   16.5927906
  35.6611862   47.1212349   16.2181740
  36.5479431   48.3468208   16.2528591
  37.0136642   47.6151810   19.2275124
  36.3015747   46.9868927   19.5443268
  36.8692207   47.5341148   18.2536926
  35.1711464   46.2670708   26.7661781
  34.3874741   46.8290672   26.5427094
  35.0106964   46.4168549   27.7986069
  34.7497597   46.4392891   29.3290024
  33.8274994   46.7472610   29.8312187
  34.5574226   45.4891205   29.6251469
  34.0002594   44.0095215   23.5679874
  33.2220802   43.3740883   23.4939289
  34.1334801   43.8623123   24.5817013
  34.4221039   43.7582359   26.1969604
  34.7057190   44.6722679   26.4943790
  35.2678299   43.3126602   26.6336689
  36.5895386   42.6563873   27.2250195
  36.8827209   41.7278557   26.8764553
  37.4429436   43.1198120   26.8932400
  36.3781548   42.2688408   29.8594913
  36.3099709   42.5012283   28.8862820
  35.5645065   42.8437195   30.1203346
  36.6874352   47.4791679   23.5876999
  35.7821579   47.1347809   23.2121696
  36.5354576   48.4309616   23.2187672
  37.2869759   47.6067810   26.0839329
  36.5158539   47.0121803   26.3747482
  37.0449562   47.5150719   25.0765362
  35.1954994   46.3671608   33.7077065
  34.3512802   46.8765068   33.3861275
  34.9313660   46.4481964   34.6938324
  34.5631943   46.5490341   36.3178177
  33.7516365   46.8806267   36.7874603
  34.4450722   45.5718346   36.5831528
  34.2492752   43.9523849   30.3441200
  33.4361687   43.3364639   30.2181778
  34.1817703   43.8971558   31.3762531
  34.3930092   43.9647903   32.9200287
  34.6839676   44.8788109   33.2731056
  35.2512474   43.4663315   33.1596680
  36.6672897   42.7712936   33.5510178
  37.0673103   41.8604889   33.3627892
  37.5196075   43.2561684   33.3343430
  36.4133453   42.4752312   36.3916664
  36.4427605   42.6405869   35.3883553
  35.5826378   43.0707016   36.5379639
  36.8881569   47.5973930   30.3497066
  36.0591850   47.1205521   29.9814186
  36.5020294   48.5489731   30.1194229
  37.3070297   47.8765678   32.9675293
  36.5341492   47.2644272   33.2194138
  37.1666145   47.7905884   31.9520741
  35.1533089   46.2087669   40.4375610
  34.3126411   46.8007698   40.3432999
  35.1440353   46.2970276   41.4672279
  34.6879959   46.5253563   43.0196609
  33.8207359   46.8829613   43.4171066
  34.5266762   45.5746269   43.3877754
  34.3969193   44.0029716   37.1111794
  33.5957031   43.4807816   36.9317665
  34.4926834   43.7062950   38.0819626
  34.6721268   43.5764313   39.8096123
  34.8172417   44.5267220   40.0472946
  35.5704689   43.2809410   40.1561241
  36.9917946   42.4572105   40.6714516
  37.2453957   41.4801025   40.4116440
  37.8366661   42.8508873   40.3002396
  36.4317589   42.4320755   43.2012482
  36.5286865   42.4333992   42.1885910
  35.6173744   43.0266342   43.2297707
  36.8332062   47.6548004   37.3345642
  35.9621658   47.2456970   36.8977509
  36.6177635   48.6105804   37.0216446
  37.5263481   47.3184509   39.8790283
  36.6413269   46.8363762   40.0198288
  37.3629608   47.4593315   38.8672905
  35.3681488   46.3227348   47.3219414
  34.4617767   46.8045654   47.1448174
  35.1683426   46.3923111   48.3641548
  34.8610420   46.4468307   49.8543205
  33.9325562   46.7659760   50.1851997
  34.7511940   45.4793854   50.1634598
  34.2286682   44.0983963   43.8957214
  33.4144821   43.4929314   43.9344711
  34.4833641   43.9736824   44.8561745
  34.6996231   43.8022079   46.6144180
  34.9730949   44.7266235   46.8988228
  35.5476303   43.3478432   46.9332924
  36.7835274   42.4946289   47.4136276
  37.0084229   41.5390129   47.0703087
  37.6671219   42.8964195   47.1217194
  36.5810394   42.6361313   50.1880417
  36.5183449   42.5877838   49.1692009
  35.7457199   43.1717339   50.3082199
  36.8809090   47.6214333   44.1357155
  36.0469513   47.2150002   43.6899719
  36.7518654   48.5290375   43.6983376
  37.3342476   47.9885216   46.7042732
  36.5877380   47.3547707   47.0163841
  37.1715546   47.8528252   45.6988831
  35.2307205   46.1610107   53.9602699
  34.5157433   46.8149529   53.7356682
  35.1177483   46.2327805   55.0140495
  34.8044739   46.3056793   56.5325165
  34.0383873   46.8656349   56.8995895
  34.5128288   45.4448929   56.9960022
  34.3396950   44.0238571   50.7472878
  33.5316353   43.4335365   50.6318321
  34.3777962   43.7939453   51.7813644
  34.4434433   43.5778885   53.4176750
  34.8244286   44.5130081   53.6171989
  35.3239899   43.1148872   53.6789398
  36.7632103   42.5389671   54.1483002
  37.1611786   41.6453629   53.8853607
  37.5841484   43.0486755   53.8408394
  36.4272919   42.5539246   56.7364349
  36.3557396   42.5179596   55.7499619
  35.6038971   43.1303101   56.8947716
  37.0498810   47.5247765   50.7923851
  36.2098160   47.2049751   50.3299026
  36.8942032   48.5097313   50.6029053
  37.2927284   47.6706810   53.3120308
  36.4982109   46.9982185   53.4879227
  37.1737137   47.5746574   52.3096046
  35.2276077   46.0294342   60.6940727
  34.4334831   46.6555634   60.4319496
  35.1111488   46.2067757   61.7098236
  34.8746910   46.4673767    1.9321061
  33.9844208   46.7966461    2.2995746
  34.6926880   45.4687920    2.1994905
  34.2098351   43.7931175   57.4319839
  33.3938065   43.1916771   57.3918152
  34.3287163   43.7533455   58.4495049
  34.7055130   43.4969826   60.0390701
  34.9346886   44.4704742   60.3463440
  35.5678253   43.0637207   60.3977814
  36.8896408   42.3715897   60.8859787
  37.3724365   41.4977531   60.7060509
  37.6069183   42.9257660   60.4140434
  36.7126083   42.4554710    2.2120667
  35.8386154   42.9331207    2.2329059
  36.7849007   42.4256172    1.1798843
  37.0243149   47.4967346   57.4436646
  36.2828064   46.9711761   56.9776382
  36.6129227   48.4106522   57.1885605
  37.3867416   47.3518829   60.1023140
  36.5225105   46.8272972   60.2306213
  37.3312111   47.3760681   59.0973473
  34.4943657   54.2663574    5.7237878
  33.5941238   54.7644730    5.6729059
  34.5749321   54.2082405    6.7455120
  34.6605072   54.3301353    8.4241104
  33.8845024   54.6011810    9.0914278
  34.5931091   53.3650131    8.6720161
  34.0715828   51.3634758    2.3668504
  33.1533852   50.9825706    2.1674166
  33.8178101   51.4888039    3.3838134
  33.9719582   51.6873093    5.0705676
  34.2765121   52.6664238    5.2953782
  34.8998871   51.3099442    5.3748322
  36.3334045   50.6752129    6.0116515
  36.6298141   49.7507286    5.7209225
  36.4066696   50.4470711    7.0225139
  36.7825279   50.3958168    8.6244993
  37.0841866   49.4782486    8.9414644
  37.6329269   50.8618317    8.8996325
  36.6914062   55.5198669    2.7187266
  36.1007385   54.8551750    2.2456827
  37.5654678   54.9820557    2.5261853
  36.3716316   56.0685501    5.2926245
  35.6223373   55.3871078    5.4570675
  36.3860741   55.8720551    4.2693591
  35.1362991   53.8713646   13.1263189
  34.3215027   54.4486465   12.9306974
  34.9580688   53.9209518   14.1361065
  34.4800224   54.1092987   15.7014160
  33.6533165   54.4847755   16.0994453
  34.2885818   53.1278839   15.9485931
  34.4906845   51.8043098    9.2509727
  33.7808456   51.1263351    9.1148567
  35.2577477   51.2089310    8.8693342
  34.2548866   51.5382080   11.9831009
  34.5727196   52.4228058   12.3350983
  34.3547173   51.7422371   11.0097256
  36.3302994   50.1826286   13.0765276
  35.5470505   50.6521759   12.6562748
  37.0295830   50.8150864   12.6867733
  36.3322144   49.8442001   15.7324915
  36.3775902   49.9909515   14.7396822
  35.5672646   50.5057716   15.9184103
  36.5492134   55.6926918    9.7098255
  35.7987137   55.4195633    9.1127453
  36.4978333   56.6492882    9.3928862
  36.9466591   55.7439194   12.3792114
  36.2942314   54.9875908   12.5759354
  36.8520546   55.6798706   11.3640556
  34.8447914   54.0250473   19.6496048
  34.0188980   54.6706390   19.5946941
  34.7699890   53.9930191   20.6888924
  34.5162086   53.9201012   22.2473049
  33.7294044   54.2695045   22.7788563
  34.3812637   52.9811172   22.6241455
  34.3605385   51.5213928   16.4150677
  33.5369606   50.9880981   16.1917133
  34.2991867   51.3920670   17.4294167
  34.1181030   51.3236504   19.1453762
  34.4836197   52.2033310   19.5197296
  34.9737816   50.7928543   19.4351788
  36.4500961   50.1041260   20.0184841
  36.6905212   49.1988983   19.6184750
  37.2888870   50.5387726   19.6754684
  36.2692719   49.9063148   22.5857506
  36.4013062   50.0226288   21.6030636
  35.3939285   50.4279938   22.6141891
  36.5100327   55.5093231   16.7556763
  35.6533585   55.0680389   16.3550282
  36.3349800   56.4398422   16.4386749
  36.9790878   55.5247650   19.3657646
  36.1672859   54.8942146   19.4880219
  36.8519249   55.5082397   18.3479290
  34.8897705   53.5939445   26.5750198
  34.0537605   54.1898842   26.4260597
  34.7565498   53.7523994   27.6319866
  34.5851097   54.0141563   29.0979710
  33.7920418   54.5411263   29.4879761
  34.3504753   53.1958466   29.6565361
  34.0286751   51.3173523   23.1240215
  33.2558250   50.7282219   22.9355850
  34.0585785   51.1802979   24.1140919
  34.3815765   51.0709648   25.6986866
  34.5380630   52.0328140   26.0104198
  35.2541962   50.6944008   26.0695133
  36.6197624   50.1202240   26.8439522
  37.0262489   49.2108269   26.6317444
  37.4504585   50.6292229   26.5474491
  36.1665154   50.0358772   29.6089382
  36.2332726   50.0537338   28.5907249
  35.3717613   50.6660233   29.6611595
  36.5126114   55.1469574   23.4277725
  35.8065414   54.8204880   22.7928658
  36.4740372   56.1218605   23.0921345
  36.9739876   55.1258583   26.0590706
  36.2996483   54.3801003   26.2822933
  36.7712708   55.0680008   25.0621796
  34.9190140   54.0764313   33.3633652
  34.1182060   54.6169014   33.1899910
  34.8400764   54.0966721   34.4046783
  34.7259598   53.8151512   36.0540886
  33.8546028   54.2115593   36.4017792
  34.6041718   52.9389229   36.5641823
  33.8113251   51.5300102   30.1785240
  33.0140305   50.9368172   30.0398502
  33.8951416   51.4236450   31.1873932
  34.3373222   51.5129356   32.8849449
  34.6725311   52.4688072   33.0359268
  35.1254654   51.0574455   33.3372498
  36.4759712   50.1498718   33.8372688
  36.9228706   49.2788353   33.5608063
  37.1967621   50.7026176   33.4026642
  36.3366241   50.2026443   36.4532356
  36.3358192   50.1274643   35.4473763
  35.4337997   50.5968208   36.5275917
  36.3951759   55.4467888   30.3205929
  35.6461182   54.9746208   29.7927647
  36.3299332   56.3343391   29.8448048
  36.8399124   55.7606049   32.8566513
  36.0501900   55.0616837   33.0414276
  36.7064323   55.6789284   31.8284206
  35.1900826   53.8590012   40.4320221
  34.3525391   54.2856331   39.9924965
  34.9087982   53.9939079   41.3938599
  34.5224457   54.2526054   43.0372047
  33.7251205   54.7130051   43.4783173
  34.3078423   53.3252258   43.4149933
  34.1309471   51.4359055   37.0923843
  33.3140221   50.8857918   36.8455276
  34.1054726   51.2680855   38.0796776
  34.5146370   51.3239937   39.6947365
  34.8691940   52.2429581   39.9398384
  35.3646584   50.8499069   39.9142036
  36.6049042   49.9632530   40.4472275
  36.8736916   49.0610161   40.0842552
  37.4413986   50.4540443   40.0863724
  36.3451691   49.9221191   43.1068153
  36.3644829   49.8757362   42.0672073
  35.4563141   50.4263077   43.1197052
  36.8853760   55.1371460   37.2123566
  36.0947876   54.7314415   36.7435379
  36.7285881   56.0521622   36.8359528
  37.2929535   55.3045006   39.7553825
  36.4785652   54.8004150   39.9775925
  37.0974503   55.2919655   38.7285995
  35.0296822   54.0510597   47.2677002
  34.2281113   54.6049805   47.1722336
  35.0229492   53.9590530   48.3040581
  34.8296165   54.0419388   49.8786507
  33.9643021   54.4698372   50.2358894
  34.6136360   53.1115913   50.2055893
  34.2406731   51.5590668   43.6602364
  33.3733444   51.0526123   43.4076691
  34.0767136   51.4827652   44.6552353
  34.3709412   51.4058914   46.4909325
  34.5865059   52.3529320   46.7305527
  35.2084122   51.0186882   46.9429054
  36.5474586   50.3483810   47.5362663
  36.8413887   49.3791046   47.2809219
  37.3877831   50.7406616   47.1294022
  36.5874596   50.1291275   50.1773491
  36.4735947   50.1947136   49.1667290
  35.7493744   50.6889191   50.3616104
  36.7810593   55.3425789   43.7878685
  35.8944969   54.9982033   43.3919983
  36.6735611   56.3068924   43.5864105
  37.1772003   55.3941154   46.4412422
  36.3603477   54.8270111   46.7507248
  36.9836349   55.3256912   45.4625473
  35.2669411   53.8768463   54.0928993
  34.3889084   54.3762779   53.9969788
  35.2480888   53.8664246   55.1106987
  34.8917656   54.0641785   56.7774086
  34.1071320   54.6325493   56.9307976
  34.4996452   53.1862793   57.0614777
  34.2940559   51.4644089   50.6359901
  33.4523354   50.9430962   50.3795853
  34.1822128   51.3234978   51.6228256
  34.4266205   51.2531929   53.3029785
  34.7451744   52.1987915   53.5010681
  35.2865868   50.8387260   53.7467690
  36.6667404   50.1345139   54.1575394
  36.8776855   49.2299118   53.7025414
  37.4740181   50.6207085   53.8405609
  36.1822243   49.9022064   56.7360840
  36.1760139   49.9304047   55.6909599
  35.3733368   50.5192909   56.8068504
  36.9448013   55.2472763   50.8924141
  36.0904541   54.7946625   50.4766960
  36.8067398   56.1586075   50.5097466
  37.4826508   55.2652435   53.4406433
  36.6674156   54.7198563   53.6959000
  37.2336235   55.2427292   52.4311905
  35.0907822   53.6589546   60.4297714
  34.9751740   53.8032646   61.4448204
  35.9948196   54.1865273   60.4103127
  34.6229744   54.0594292    1.8393933
  33.9098587   54.5295525    2.3521142
  34.3909912   53.1445465    2.1586180
  34.0541077   51.5818520   57.3761253
  33.2792206   50.9245071   57.3304405
  34.0412254   51.6483040   58.4021683
  34.3859100   51.2355232   59.9485550
  34.6854439   52.2124863   60.1287422
  35.2825203   50.8492622   60.0652618
  36.7287827   50.0601807   60.5321159
  36.8984795   49.1046677   60.2765541
  37.6371956   50.4079742   60.2625771
  36.5680122   50.0453682    1.9884975
  35.6598778   50.4357986    2.0355330
  36.6452217   50.1439323    0.9624422
  37.0768051   55.3123474   57.7704315
  36.2063446   54.9147873   57.4174423
  36.8815918   56.2897911   57.4843063
  37.5183296   54.9303169   60.2576866
  37.3941879   55.0515251   59.2855873
  37.4768906   55.9057732   60.4943771
  35.1553421    0.7391875    6.5618219
  35.2516823    0.8439540    7.5205731
  36.1110458    0.9184271    6.3136621
  35.2433548    0.9559097    9.3970652
  34.3679848    1.3627930    9.5610476
  35.0133896    0.0392990    9.7814779
  34.5294838   59.7034035    3.2126749
  33.7975655   59.0429726    2.8468065
  35.3093452   59.1487923    2.9356325
  34.3039398   59.4391632    5.8053885
  34.5262756   60.4109726    6.0239940
  34.3507614   59.5809479    4.8040009
  36.9203072   58.6537666    6.1492839
  36.7756920   57.7405586    5.7225761
  35.9305611   58.9443932    6.0025544
  36.6960526   58.3018456    8.9306583
  36.9009438   58.4791603    7.9480648
  37.5678024   58.7066803    9.2710953
  37.5046921    2.0255337    3.2992852
  37.4776230    3.0094833    3.1031201
  36.6957169    1.7559053    2.7721117
  37.5669556    1.5972464    6.0077243
  37.5887337    2.5968966    6.1662054
  37.5002136    1.6787487    4.9946303
  34.9472160    0.5072738   13.2956457
  34.9872437    0.4522500   14.3120012
  35.7928658    1.0342594   13.1867752
  34.9696960    0.3453377   15.9864502
  34.3347816    1.1275007   16.2355804
  35.7898636    0.7996331   16.4070034
  34.4412270   59.5720291    9.9487190
  33.7366180   58.9713631    9.5494070
  35.2049026   58.9834290    9.6272869
  34.7373199   59.1223145   12.6258383
  34.7859993   60.1067123   12.9134178
  34.5656433   59.3045044   11.6753006
  37.1885452   58.1768837   13.5313597
  37.0842896   57.2678337   13.1289854
  36.3004723   58.5163841   13.1478167
  36.3388100   58.1333389   16.0873375
  36.7490082   58.1413422   15.1251211
  37.0793571   58.7013550   16.4979401
  37.3724785    2.3841975    9.9821644
  36.6058083    1.7479000    9.8093348
  38.0939140    1.6967971    9.7868834
  37.5005341    1.6428480   12.6535931
  37.5342751    2.5738750   13.0370150
  37.4192734    1.8636061   11.6846209
  35.0676041   62.0937843   19.8583031
  35.0667267   61.9899521   20.8457851
  35.1225510   61.0984154   19.6056747
  35.0154915   61.6711502   22.5666351
  34.2072334   62.1240959   22.9051991
  34.7523003   60.7305489   22.8874321
  33.9808426   59.1915245   16.6579094
  34.3500214   60.0892105   16.3319454
  34.7967644   58.6650505   16.3632908
  34.9746857   59.5041733   19.0919628
  34.2530479   59.0523262   19.6118927
  34.5448227   59.3496017   18.1779842
  36.9476433   58.1399078   20.2660484
  36.8606720   57.1852722   19.8973961
  36.2194748   58.5162659   19.6728172
  36.6270943   57.7423553   22.8021564
  36.8327103   58.0111427   21.8157902
  37.4962959   58.0641823   23.1564274
  37.1315536    1.6909187   16.6609058
  37.2801437    2.6579318   16.3895340
  37.4127541    1.7906859   17.6243744
  37.7199554    1.8645376   19.3119602
  37.6965981    2.7843962   19.7430305
  36.8140602    1.5621940   19.5930176
  35.0349770    0.2358323   26.7347088
  35.1669006    0.3361410   27.7097206
  35.9441032    0.6091058   26.4588165
  35.2898483    0.5087039   29.4035664
  34.5523682    1.0665443   29.8150101
  36.0382843    1.1502107   29.5823917
  34.3696404   59.2084846   23.4234085
  33.6662140   58.5218391   23.1545296
  35.1833076   58.6510620   23.2208233
  34.9651566   58.9317818   25.9879341
  34.9133148   59.8821640   26.3192711
  34.7540932   59.1313972   25.0318127
  37.0851173   57.6259995   27.0197296
  36.9939079   56.6759872   26.6056786
  36.2452202   57.9874992   26.5456905
  36.5012016   58.1391029   29.4825096
  36.8709831   57.9032288   28.5276146
  37.3636284   58.6292877   29.7278690
  37.0778046    1.9875292   23.3703079
  36.3397408    1.3745999   23.0986042
  37.8383789    1.3875681   23.1028385
  37.4157906    1.4997962   25.9930305
  37.5878525    2.4554458   26.3710632
  37.1494598    1.7919608   25.0451145
  35.2492065   62.2006111   33.6167564
  35.2239952   61.9546928   34.6154251
  35.1370125   61.2282982   33.3152771
  35.1861839   61.6315041   36.2746391
  34.3111267   62.0460892   36.5768471
  34.9687271   60.7026863   36.6514587
  34.2676773   59.5410004   30.2584667
  34.6720314   60.4126358   29.8901234
  35.0973969   58.9920654   30.0222797
  34.8761215   59.5299835   32.8120613
  34.1021194   58.9475746   33.1792183
  34.5274086   59.5260124   31.8412991
  37.1025963   58.3458939   33.7039452
  36.9800644   57.4290466   33.2847977
  36.2597008   58.7603722   33.3678894
  36.8142586   57.8238983   36.3214493
  37.0044975   58.0066071   35.3137093
  37.7012711   58.2558022   36.5770569
  37.3435936    2.1175404   29.9995880
  37.4078293    3.1162508   29.9661598
  37.4221687    2.0092204   31.0100002
  37.5530891    1.8251817   32.6231651
  37.4093285    2.7913818   32.9973602
  36.6727371    1.5055176   33.0671654
  35.1289406    0.1836788   40.2956467
  35.1242981    0.1679819   41.3143120
  36.0070610    0.7016504   40.1941757
  35.4179153    0.1836504   42.9187469
  34.6472511    0.8217323   43.1791878
  36.1801682    0.7388093   43.2716751
  34.5589638   59.1377373   37.1141167
  33.8451271   58.4267845   36.8410988
  35.3288765   58.6743813   36.6780396
  35.1598778   58.8437424   39.5900993
  35.2297707   59.8658218   39.6906853
  35.0076370   58.8998032   38.5694580
  37.4572754   57.8817024   40.7857704
  37.4299088   56.9422569   40.4490814
  36.5811806   58.1803055   40.3554764
  36.8759384   57.9845505   43.3058891
  37.1361198   58.0830383   42.3337631
  37.6233673   58.5724907   43.6788406
  37.2741394    1.9875743   37.0348511
  36.5551682    1.3762290   36.6543274
  38.0642281    1.4460073   36.7806015
  37.2112961    1.4914621   39.6615257
  37.3263092    2.4444652   39.9654465
  37.1351776    1.7285287   38.6591606
  35.6428185   62.0106430   47.1264877
  35.6677322   61.8290291   48.1348724
  35.6102982   61.0026817   46.8881569
  35.5746574   61.8440590   49.7458725
  34.6177979   62.2045326   50.0063972
  35.4098282   60.9576912   50.2232094
  34.5327492   59.0989113   43.7079849
  34.7757072   60.0015335   43.3817558
  35.4619942   58.7051620   43.7241096
  35.0822182   59.3366814   46.4654846
  34.1783333   58.8879395   46.7685509
  34.8255424   59.2747765   45.4574814
  37.2877350   57.8230743   47.4619942
  37.2102318   56.9228477   47.0169449
  36.4982147   58.2434616   47.0343590
  36.9200325   57.9031830   50.0496330
  37.1114922   57.8395348   49.0750160
  37.7818298   58.4199333   50.2877769
  37.5500298    1.7736766   43.7999763
  37.5404396    2.7743044   43.6340179
  37.6395416    1.8313565   44.7833786
  38.0437660    1.6751021   46.4507294
  37.7997360    2.6241207   46.7946358
  37.1020317    1.2912188   46.6682930
  35.3480377    0.3433411   54.0827065
  35.5306396    0.3282277   55.0795822
  36.1495934    0.9287703   53.8220139
  35.5145721    0.1958755   56.7698822
  34.7997475    0.9109204   57.0061035
  36.3074341    0.7696924   57.0008965
  34.9048615   59.4484024   50.7485313
  34.0399971   58.9315796   50.6766357
  35.5498619   58.7154694   50.5165939
  35.4609222   58.9423409   53.3536186
  35.3188095   59.8965988   53.6826515
  35.4524117   59.2595329   52.3819237
  37.8811951   57.7931519   54.1834793
  37.7095490   56.8468437   53.7711334
  36.9527397   58.1456070   54.0007401
  37.2099991   57.7343025   56.7952385
  37.5919991   57.6790886   55.8515282
  37.8744316   58.4284134   57.0979958
  37.4708252    2.1975884   50.6030655
  36.7498283    1.5638818   50.3078728
  38.2496948    1.6109619   50.2883682
  37.5545769    1.6167915   53.2920952
  37.4200134    2.6281717   53.4710503
  37.6059418    1.7141464   52.3080177
  35.3283424   61.7511253   60.5508118
  35.3404732   61.6373825   61.5441589
  35.2125473   60.7846718   60.3337059
  35.2507706   62.0330505    2.0964446
  34.4358978   62.5074387    2.4071960
  35.0554619   61.1941223    2.6451683
  34.8864632   58.9206657   57.5015602
  35.1105576   59.8789406   57.2284431
  35.7675781   58.5116768   57.1949234
  34.9390984   58.9907646   60.0886116
  34.1364594   58.5493355   60.4753151
  34.6851349   58.8783035   59.1244698
  37.2191200   57.6085014   60.8413162
  36.5335236   58.2591705   60.4629021
  38.0039215   58.2644234   60.5837898
  36.5124550   58.1389160    2.1355288
  36.4748192   57.1006851    2.3345768
  36.6576691   57.9742126    1.1291733
  37.6875725    1.7429532   57.2520065
  37.5950699    2.7613328   57.1031380
  37.5738525    1.8240663   58.2653008
  37.3366852    2.0156100   59.9117851
  36.5643387    1.3883293   60.0995827
  38.0612335    1.4168653   60.3239288
  39.4851723    8.3798227    6.9645329
  38.7477722    8.7497807    6.3989344
  39.4232826    7.4336224    6.5777450
  39.8339653    7.8624067    9.6028385
  38.9764442    8.4319496    9.8005981
  39.8024216    8.0205975    8.6200361
  39.8899765    5.6630526    3.5531011
  39.0316582    5.3111825    3.1040177
  39.8197632    6.5760460    3.0860438
  39.7675095    5.6494784    6.1126776
  38.9521103    5.0651579    6.1028194
  39.8306694    5.6998096    5.0889673
  42.0269928    4.7207370    7.1546879
  41.1441574    5.1336050    6.8280826
  41.8812294    3.8266304    6.6752644
  42.2171669    4.4313264    9.9086361
  42.1367188    4.5987940    8.9136887
  41.2005157    4.6803966   10.0801468
  41.8617058    9.3094816    3.8102067
  41.1397934    8.7380352    3.3841724
  41.5928650   10.1530972    3.2811196
  41.6800842    9.8056250    6.4048133
  40.8244362    9.2416887    6.6456437
  41.6244354    9.5448685    5.4130425
  39.6819229    8.3097019   13.9729223
  38.8467674    8.7513542   13.5838203
  39.4324913    7.3866420   13.6636190
  39.8299408    8.4051952   16.5708084
  38.9354286    8.8122663   16.7061653
  39.7465401    8.3905840   15.5319748
  39.7095222    5.2451987   10.1600761
  38.8332405    5.0527987    9.6701984
  39.7540550    6.2401357    9.8945923
  39.7779350    5.4020619   12.8430128
  39.0154800    4.8038383   13.0436344
  39.8458672    5.2301073   11.8261328
  42.0515976    4.3510160   13.7769613
  41.1448708    4.7026730   13.4845781
  41.9016876    3.4243462   13.3532467
  42.0924110    4.6861539   16.4182873
  42.0745659    4.5050249   15.4169121
  42.1027870    3.6892934   16.6714020
  42.0228615    9.1785440   10.3768940
  41.1348228    8.6570950   10.2376671
  41.9516716    9.1194372   11.3933973
  41.7804184    9.4291477   12.9720659
  40.9272537    9.0761175   13.4326591
  41.5921021   10.4083557   13.1760674
  39.8139877    8.2472363   20.4945660
  39.0379143    8.6945763   20.0564899
  39.6991348    7.3308406   20.0964088
  39.5652313    8.1312160   23.1355324
  38.7838554    8.7749023   23.2515030
  39.6061287    8.2197495   22.1561203
  39.6152229    5.7110381   17.0160694
  39.7525330    6.6555362   16.7404499
  40.5500603    5.3709016   16.7287025
  39.6549263    5.7386036   19.6159744
  38.7632675    5.2468395   19.7347775
  39.6602707    5.6043501   18.6073856
  41.9043579    4.5056643   20.7984943
  41.0461655    4.9172950   20.4637947
  41.8530006    3.6605914   20.2153072
  41.8728065    4.1010022   23.4441566
  41.9468002    4.2798624   22.4434586
  41.0520210    4.7356911   23.5207424
  41.8547783    9.6773043   17.7564926
  41.0605011    9.2007475   17.2651424
  41.6960144   10.5487204   17.2549133
  41.9660606    9.8591948   20.3020420
  41.1677933    9.2331800   20.4218197
  41.9077034    9.8289013   19.2579060
  39.6696510    8.1712055   27.4381313
  38.7999573    8.5449448   27.0791092
  39.6081886    7.2835107   26.9610958
  40.1102104    8.6339550   30.0140133
  39.2369995    9.1358671   30.1857586
  39.9358826    8.5280972   29.0178013
  39.7633591    5.6602426   23.6610966
  38.8506584    5.3447680   23.2645187
  39.6522675    6.6381683   23.3618011
  39.9622383    5.6288290   26.3218803
  39.1395149    5.0281048   26.3648643
  39.9336586    5.5983171   25.2678623
  42.0963020    4.5932274   27.5781307
  41.2717361    4.9363527   27.1098156
  42.0380898    3.6433728   27.1696434
  42.1753807    4.7620449   30.1981831
  42.1368904    4.7202325   29.2019997
  42.2801208    3.7300549   30.2908630
  41.6043739    9.4835949   24.3111897
  40.8937683    8.9919853   23.7880173
  41.4056854   10.3772001   23.9299545
  41.8873100    9.6159058   26.9962673
  41.0715790    9.0411196   27.2073174
  41.7424965    9.6361208   26.0011635
  39.8662796    8.4703827   34.0905533
  38.9689713    8.8067808   33.7225456
  39.7020798    7.5221310   33.7657967
  39.4803696    8.2168636   36.8525543
  38.5924721    8.8104095   36.9030228
  39.5342331    8.3783474   35.8153343
  39.7311897    5.9691720   30.4561615
  39.9177666    6.9604654   30.2750664
  40.6754570    5.6489439   30.3022099
  39.5877914    5.9819407   33.1180801
  38.9038773    5.2198830   33.2235413
  39.6167374    5.9401751   32.1129036
  41.8241005    4.9419351   34.3708115
  41.0211868    5.3083043   33.8782234
  41.9924507    4.1543884   33.7555313
  41.8012238    4.2940383   36.9949684
  41.8601646    4.5648336   36.0078506
  40.8980408    4.8548861   37.1257019
  42.1207123    9.8873634   31.4032116
  41.3640366    9.4211493   30.9447899
  41.9443512   10.7989893   30.9532070
  42.0526619    9.9735813   34.0291786
  41.2353783    9.3643923   34.1245613
  42.0484467    9.9202518   33.0034943
  39.7646751    8.3492537   40.8892632
  38.8900375    8.7108440   40.5342712
  39.6454010    7.4189715   40.5237999
  40.0359383    8.5189791   43.5983772
  39.1834450    9.1063461   43.7102394
  39.9818687    8.5351353   42.5923576
  39.6633720    5.6682506   37.3089600
  38.7987976    5.4243646   36.7566605
  39.5377426    6.6713843   37.1471748
  39.5142632    5.5647831   40.0210838
  38.7630463    4.9498396   40.2136650
  39.5228271    5.5363698   39.0345116
  41.9119873    4.6036739   40.7896690
  41.0086479    4.9531751   40.4269104
  41.7881546    3.6505878   40.3823853
  42.0074883    5.1091666   43.4829941
  41.9598770    5.0492277   42.4488335
  41.8604622    4.1106682   43.6306877
  41.6576767    9.6197519   37.7750893
  40.8043442    9.1995077   37.4570694
  41.3835411   10.5994797   37.5625343
  41.9725647    9.8662586   40.4520721
  41.2516518    9.1834841   40.6805763
  41.8177795    9.7586575   39.4408836
  39.8334312    8.2833309   47.4655113
  38.9211502    8.6220074   47.1406326
  39.7202072    7.3160772   47.1930351
  40.0319786    8.4471149   50.0821953
  39.1871834    9.0009289   50.1738434
  40.0256844    8.4064760   49.0708656
  39.4667892    5.8520398   44.1026192
  39.6951027    6.8408122   44.0096817
  40.4269943    5.5825334   43.8706322
  39.6465416    5.7109423   46.7500458
  38.9212952    5.0205536   46.9227371
  39.5413895    5.7319727   45.7380791
  41.9873772    4.8453150   47.6173439
  41.0656624    5.0531554   47.2709808
  42.0964775    3.9363472   47.1765251
  42.0440331    4.4913359   50.2754021
  41.9561958    4.5891438   49.2639008
  41.2168884    5.0355763   50.4826012
  42.1847115    9.9849567   44.5374069
  41.3814011    9.4563131   44.2269020
  41.8473663   10.8826933   44.2194519
  42.0785103    9.7981758   47.1989594
  41.1517181    9.3665962   47.2555275
  42.1412544    9.8041496   46.1930656
  40.2107048    8.2944717   54.3377953
  39.4435310    8.7755604   53.8577881
  39.9513245    7.3729010   54.0229378
  40.2385254    8.3444881   56.9902191
  39.3874130    8.8536596   57.0713043
  40.2216492    8.3929014   55.9205971
  39.7713051    5.8412404   50.6221275
  38.8654785    5.6565270   50.2072792
  39.7580833    6.8259511   50.5468445
  39.7550049    5.6739459   53.3232040
  38.9925346    5.0426087   53.4658356
  39.6633835    5.7523966   52.3330574
  42.0022011    4.6714382   54.5124664
  41.1791611    5.0767336   54.0359192
  41.9248352    3.7208104   54.1588173
  42.2947273    4.7887774   57.1411934
  42.2685204    4.6532164   56.1151085
  42.1900291    3.7750869   57.3411484
  42.1141357    9.5216074   51.2035408
  41.3038025    8.9975300   50.8240395
  41.8174210   10.4046421   50.8023720
  42.2406693    9.9876814   53.7817421
  41.5535278    9.2492628   54.0521088
  42.1639099    9.6765633   52.7931404
  40.1115189    8.6399908   61.1620178
  39.3053589    9.0995007   60.7040863
  39.8984489    7.7413526   60.7420044
  39.7787857    8.1000633    2.5769396
  39.0761261    8.8511362    2.6818671
  39.9297104    8.2750225    1.5532194
  39.8410912    5.7884226   57.7362900
  39.9135742    6.7535119   57.4457474
  40.7998657    5.5016875   57.4424515
  40.0063972    6.0483208   60.4079170
  39.2419968    5.4647508   60.7579346
  39.7714882    5.8826337   59.4268608
  42.2144737    4.7278752   61.1075478
  41.3971405    5.3064842   60.9308968
  42.1351395    4.7469897   62.0901375
  42.1878357    4.7030497    2.6236181
  41.3183975    5.0263023    3.0317125
  42.0893898    3.7102840    2.8463094
  42.2581711    9.6628551   58.2116814
  41.5804749    9.1783514   57.6714745
  41.9777489   10.6114531   57.8210564
  42.2915802    9.9993162   60.8217735
  41.4120293    9.4722738   60.9995880
  42.3042450    9.7657976   59.8333664
  39.4003448   15.9091473    6.7031360
  38.6130981   16.5013428    6.6412868
  39.5491142   15.9778061    7.6941533
  39.7565002   16.0010910    9.2862015
  38.8862419   16.3414764    9.7089014
  39.6228714   15.0370569    9.5649910
  39.0692902   13.4529877    3.2776062
  38.2198715   12.9349375    3.0917206
  39.0230484   13.4081984    4.2801247
  38.9283791   13.4090767    5.8887444
  39.1704178   14.3677320    6.1379151
  39.8200340   13.0089989    6.2347670
  41.3374176   12.3383150    6.8705149
  41.5769997   11.3630009    6.7429667
  41.2125473   12.2216806    7.8980303
  41.4324303   11.9215975    9.4591026
  41.6826019   10.9512835    9.6741428
  42.3576012   12.2971506    9.5811815
  41.8863258   17.1424408    3.1787169
  41.7914619   17.1061954    4.2194948
  40.9689713   16.6798763    3.0384457
  41.6312218   17.2190037    5.8467755
  40.7590828   16.7543983    6.0798130
  41.4210625   18.0969734    6.2967477
  39.6924782   15.9881201   13.1934652
  38.8643227   16.5644035   12.9632511
  39.5189056   16.0233765   14.2197905
  39.2164421   15.9999933   15.7147255
  38.4553719   16.4244995   16.2289009
  39.1882248   15.1413612   16.2700214
  39.2738991   13.4506721    9.9725084
  38.5903778   12.7284813    9.7531834
  40.0507622   12.8903971    9.7190647
  39.4290466   13.4160776   12.6300030
  39.6368446   14.4061146   12.8717699
  39.3915749   13.5894156   11.6287699
  41.3757706   11.9201002   13.6630936
  40.6646652   12.4685402   13.1840343
  42.1131058   12.6048660   13.4549923
  41.1438789   11.9926968   16.4132767
  41.1650276   11.8729372   15.4116096
  40.3740997   12.6591711   16.4064827
  41.8396111   17.3316669   10.2842836
  41.0340118   16.8609982    9.8369560
  41.6289597   18.2451267    9.9230804
  41.8584633   17.4705009   12.9878006
  41.0794029   16.8233490   13.0280333
  41.9300499   17.4575520   11.9715900
  39.9601631   16.0635281   20.5026588
  39.1082458   16.6260147   20.3754616
  39.7991409   16.0024109   21.5360241
  39.3955841   16.0331039   23.1164379
  38.5044403   16.3666782   23.4187965
  39.2570038   15.0755377   23.3897057
  39.0527954   13.7179337   17.0825367
  38.2314987   13.1819601   16.9595623
  39.0868340   13.7338619   18.0679913
  39.2755470   13.5199327   19.8056679
  39.6706581   14.4320431   19.9958153
  40.1212540   13.0416574   20.1727180
  41.3978767   12.4450464   20.7238827
  41.7538795   11.5026903   20.5324898
  42.2728958   12.8819809   20.3528824
  41.0406113   11.9313259   23.3020687
  40.9893303   12.1128855   22.3111458
  40.2335358   12.5716162   23.5149689
  41.1960068   17.2196026   16.9873180
  40.3677216   16.8518848   16.5116100
  40.9959908   18.1637363   16.7581158
  42.0266647   17.4948368   19.5532036
  41.2848892   16.8722363   19.9040642
  41.7121277   17.4224072   18.5758686
  39.9006424   15.8982601   27.3839817
  39.0378380   16.3106079   27.1280689
  39.8043976   16.0317116   28.4045677
  39.6796265   16.1360779   30.0166702
  38.7691040   16.5397034   30.2618828
  39.4882545   15.2009001   30.3336048
  39.0088348   13.4818830   23.8850975
  38.1264305   13.0496149   23.7079811
  39.0216675   13.3472281   24.8470097
  39.2223625   13.3736954   26.5953617
  39.5289116   14.3181992   26.9117527
  40.0982170   12.9410782   27.0143700
  41.4957809   12.3078661   27.5083904
  41.6699142   11.3499231   27.2206497
  42.2849655   12.6986313   27.0166779
  41.4326134   12.2059841   30.2973843
  41.3896179   12.3884888   29.2665005
  40.5620155   12.7187700   30.4779873
  41.6131058   17.2089882   24.0176640
  40.7218933   16.8551483   23.6186981
  41.4109497   18.2034283   23.7534142
  42.1794014   17.1876411   26.6321373
  41.3339882   16.6947632   26.8957272
  41.9910393   17.0733662   25.5999069
  40.0429955   16.1081467   34.0917931
  39.2498131   16.6555252   33.8703270
  39.9693451   16.1613102   35.0950890
  39.6258545   16.2119942   36.7853127
  38.7550545   16.6623573   37.0656242
  39.3313713   15.2986679   37.1646347
  39.2162743   13.6002302   30.6835480
  38.3789368   13.0761185   30.4144592
  39.0751610   13.6107922   31.6632652
  39.1839485   13.6797466   33.4778595
  39.5161171   14.5604410   33.9125862
  40.0676880   13.1478310   33.7915039
  41.4064903   12.4782372   34.5898972
  41.6737022   11.5114956   34.4403877
  42.2744331   12.8392744   34.1104164
  40.9441338   12.1470432   37.1979408
  41.0561943   12.4486303   36.2264557
  40.1027260   12.6623154   37.3612061
  41.8525505   17.2922649   30.9615040
  41.0494881   16.8399448   30.5462322
  41.5507431   18.2284241   30.6352787
  42.3142624   17.4043064   33.5804405
  41.4039116   16.9220734   33.7291451
  42.1824913   17.4111404   32.5696983
  39.9818726   16.1054688   40.6771126
  39.1696396   16.6316719   40.3920517
  39.8785744   16.2507172   41.6505737
  39.4910545   16.0967426   43.3341484
  38.7144508   16.5416718   43.8276634
  39.2092743   15.1543989   43.5827408
  38.8201561   13.8432045   37.6233330
  38.0230675   13.2366142   37.4291344
  38.7551308   13.7187729   38.6389656
  39.0791588   13.5167322   40.2155342
  39.4046555   14.4673567   40.4258499
  39.9620590   13.0919266   40.4578323
  41.2874756   12.3572311   41.0092392
  41.6117020   11.3774462   40.9171104
  42.1601791   12.8201122   40.7629509
  41.0761223   12.2749405   43.6595421
  41.0597763   12.4238529   42.6445847
  40.2084465   12.7594233   43.7940903
  41.8815765   17.2537289   37.5902023
  41.0381813   16.7621517   37.2993660
  41.6602402   18.1655254   37.2622108
  42.3162498   17.2972202   40.3380051
  41.5002098   16.7269726   40.4326439
  42.2836990   17.2793541   39.3244019
  40.1329842   15.7346554   47.6526527
  39.3132629   16.2719116   47.3909531
  40.0181313   15.8924713   48.6612244
  39.6138916   16.1309547   50.2540436
  38.7168770   16.4302025   50.5607224
  39.4276962   15.1066647   50.4156685
  38.7670975   13.6447315   44.0118217
  37.9220543   13.0855560   43.9299507
  38.8616180   13.4772272   45.0369797
  39.4069939   13.2770329   46.6035538
  39.6803589   14.1922369   46.9894295
  40.2316628   12.7966700   46.8977776
  41.6665344   12.2699690   47.7060280
  41.9343452   11.3241329   47.4656296
  42.5151939   12.6679239   47.3214188
  41.1352539   11.9640379   50.1563988
  41.2153053   12.1380558   49.1041794
  40.2802315   12.5069618   50.2316780
  41.8047256   17.3069782   44.1359062
  40.9478416   16.8997307   43.7721519
  41.5384712   18.2365780   43.9332504
  42.2143974   17.1897011   46.9514008
  41.4213715   16.5915852   47.1936340
  42.0607147   17.1503296   45.9359741
  39.8970642   15.8793926   54.3806725
  39.0748978   16.4315224   54.1413536
  39.8077240   16.0985489   55.3929749
  39.4466476   16.0693054   57.0179329
  38.5572548   16.3477440   57.3641548
  39.3887634   15.0830660   57.2526550
  39.0995369   13.6025620   50.7649269
  38.2718124   13.0358400   50.6523476
  39.1294136   13.5634422   51.7829056
  39.3527870   13.4585438   53.4968452
  39.6123276   14.4082623   53.7883835
  40.1753769   13.0417480   53.8822403
  41.5189705   12.3541708   54.6363411
  41.7723045   11.4206228   54.3157959
  42.3219528   12.8279104   54.2746429
  41.5111275   12.0693188   57.2547684
  41.5158997   12.1920195   56.2592430
  40.5987854   12.6005354   57.3884659
  41.7793884   17.2910213   51.1903458
  40.9182816   16.8286762   50.8337097
  41.4254303   18.1975269   50.8649368
  42.0782051   17.4903851   53.8887787
  41.3643303   16.8015137   54.0378456
  42.1053047   17.4032288   52.8836327
  40.0863953   15.7828541   61.2284546
  39.2293091   16.2615776   60.9904671
  39.9299850   15.8590698   62.2604179
  39.5676689   15.9292097    2.6242781
  38.6931419   16.2961655    2.9480827
  39.3736038   14.9398613    2.8606088
  39.3089790   13.5436125   57.8271294
  38.4575081   13.0570669   57.6706085
  39.3053169   13.3595028   58.8415794
  39.4857788   13.1735172   60.4806824
  39.6256561   14.1020460   60.7803497
  40.3492928   12.7908621   60.8628311
  41.7687111   12.3758326   61.7346230
  42.0462837   11.4359646   61.4649925
  42.6204872   12.7662878   61.2115135
  41.1902351   11.7650309    2.9814534
  40.4104767   12.3786840    3.1047428
  41.3652077   11.9938812    2.0172009
  41.5826530   17.2951851   58.0361290
  40.7224350   16.9140606   57.6618462
  41.3297005   18.2468929   57.7552528
  42.4050446   17.0426769   60.5858765
  41.5710602   16.5096970   60.8956833
  42.0893288   17.0847759   59.6172676
  39.3869705   23.9533882    7.1222892
  38.5449295   24.4412498    6.7961087
  39.1340332   23.0466347    6.7757740
  39.7192268   23.7016029    9.6525078
  38.8067474   24.0985031    9.8459997
  39.5629463   23.8109188    8.6443958
  38.8431320   21.0218029    3.6138668
  38.1176949   20.4230099    3.2130663
  39.6058769   20.4120388    3.2975128
  38.8703003   21.3769169    6.1747150
  37.9487457   20.9945221    6.3568945
  38.8365211   21.2330418    5.1802278
  40.9264336   19.6748390    6.7719646
  40.2233047   20.3707161    6.5454307
  41.6536064   20.2308121    6.3963704
  41.4712601   19.7902374    9.3303986
  41.1398010   19.7158051    8.3631268
  40.5963249   20.2631283    9.6348629
  41.8083534   24.7775745    3.3502328
  41.7858887   24.7270088    4.4054308
  41.0538101   24.1022739    3.3072145
  41.5328789   24.9007149    6.0911860
  40.6615562   24.5088730    6.4910231
  41.2272720   25.8584881    6.3207450
  39.5349388   23.7024708   13.4299583
  38.7547226   24.1732426   13.0439653
  39.2462921   23.8668518   14.4260521
  39.1046600   23.9369946   16.0314026
  38.2457848   24.3746109   16.3348770
  38.8836517   23.0281258   16.4533348
  39.2325325   20.9294090   10.1775808
  39.1992378   21.9024982    9.9900122
  39.1055336   21.0147247   11.2025986
  39.0858498   21.0953560   12.7850304
  39.2802658   22.0728207   12.9896145
  39.9549637   20.7657757   13.2144184
  41.3459969   19.9999847   13.7652836
  41.5440178   19.0327072   13.5200272
  42.2518730   20.3729038   13.4801121
  40.9363518   19.8492203   16.4258957
  41.1023979   20.0334511   15.4414463
  40.2050285   20.4937382   16.5764885
  41.8805199   25.0423622   10.4956770
  41.0561905   24.5333977   10.2651892
  41.6380653   25.8920250    9.9898624
  41.8789825   25.1984787   13.1106863
  41.0325356   24.6138401   13.1872692
  41.8892212   25.1568489   12.0925360
  39.6027031   23.7556610   20.5352669
  38.8397942   24.2944508   20.2154083
  39.4150391   23.8167133   21.5091953
  39.2190781   23.7346020   23.2515564
  38.3516121   24.1027699   23.6516247
  38.9575500   22.7548313   23.4320755
  38.8115273   21.5379963   17.0826950
  38.0151024   20.8964634   17.0743504
  38.9244194   21.5693493   18.0996571
  39.1743164   21.1338692   19.6808071
  39.4666939   22.0068569   20.0752258
  39.9303055   20.5700817   20.0394650
  41.2502518   19.7341995   20.6296959
  41.6350937   18.8167400   20.2911472
  42.0714455   20.2549152   20.2619514
  41.0053253   19.6552944   23.3737164
  41.0680771   19.8514824   22.3876133
  40.1615601   20.2536449   23.5022507
  41.2516518   24.9200649   17.1416111
  40.3822556   24.5298328   16.6993980
  40.9920082   25.8642788   16.9342136
  41.9109688   24.9475346   19.7733822
  41.0340996   24.4631634   20.0616035
  41.6566162   24.8997822   18.7816010
  39.5543137   23.4394932   27.1892929
  38.6998596   23.9722862   27.0662136
  39.6181908   23.5830631   28.2005558
  39.2394905   23.6424904   29.8408432
  38.3889160   23.9646893   30.2088127
  39.1373444   22.6522427   30.0791664
  38.7664032   20.9676418   23.8266335
  37.8936806   20.4847584   23.5841141
  38.7245522   20.7831516   24.8013248
  39.1028404   20.8335953   26.4994411
  39.4083786   21.8121166   26.6578808
  39.9528618   20.4262638   26.9118843
  41.4032135   19.7423344   27.3553410
  41.7148857   18.8902302   26.9450111
  42.1662865   20.2993641   26.9343586
  41.0653572   19.5983391   29.9988632
  41.1555710   19.6790237   29.0183468
  40.2227516   20.1551838   30.0588570
  41.5070686   24.8927174   23.9797726
  40.6726341   24.4116440   23.5813675
  41.1724815   25.8119965   23.7529526
  41.8714790   24.8969002   26.5715446
  41.0519447   24.3417206   26.8112831
  41.6560860   24.9976139   25.5987778
  39.9509926   23.4291630   34.0526848
  39.0772095   23.8380051   33.7097244
  39.7192879   23.5552902   35.0267944
  39.4144707   23.7225018   36.6475182
  38.5617599   24.0882359   37.0216522
  39.2854385   22.7679195   36.9967575
  38.8740120   21.1665916   30.5715332
  37.9889145   20.6244926   30.4798183
  38.9399834   21.0390015   31.5335331
  39.3721352   21.0681744   33.1953926
  39.7555351   22.0062809   33.3434982
  40.1793060   20.5932007   33.5979462
  41.4378166   19.8288383   34.3407784
  41.7678108   18.8816872   34.1122398
  42.3029709   20.2680054   34.0897484
  41.0109024   19.7706203   36.9580345
  41.0212746   19.7726383   35.9244614
  40.1593552   20.3454971   37.0202103
  41.3566780   24.8194504   30.9083347
  40.4944496   24.3927021   30.4351482
  41.1070023   25.7450981   30.7037525
  42.1444168   24.8527813   33.4854622
  41.3900795   24.3161774   33.8229065
  41.8142700   24.8897305   32.5193787
  40.0409775   23.6795425   40.8057022
  39.1147385   24.1219044   40.5858612
  39.8107224   23.6442146   41.8223000
  39.3116951   23.6229935   43.4090576
  38.4928703   24.0017529   43.8709335
  39.1868477   22.6751289   43.7677307
  38.8397942   21.2381821   37.3877792
  37.9929733   20.6639824   37.3113251
  38.8604164   21.2327576   38.4338799
  39.2538147   21.1744671   40.0447502
  39.6116714   22.0436497   40.4084167
  40.0778046   20.6388550   40.3479500
  41.4534760   19.8542500   41.0256195
  41.7274055   18.9576073   40.6929169
  42.3562622   20.3134632   40.7038841
  41.1817932   19.8636322   43.6581993
  41.1345291   19.9720039   42.6160011
  40.3439713   20.4189281   43.8308716
  41.6657486   25.0364914   37.7547379
  40.8412857   24.5601482   37.3570023
  41.4678764   25.9566345   37.4031448
  42.2983856   25.0411358   40.3268623
  41.4941864   24.4047165   40.4937744
  42.0958366   25.1132507   39.3299484
  39.9252396   23.4193268   47.4303055
  39.0809250   23.9157028   47.1796646
  39.7446861   23.3906250   48.4426994
  39.4629745   23.4176750   50.0069427
  38.6123810   23.8782463   50.3769264
  39.2388649   22.4805984   50.3628731
  38.8585320   21.1501732   44.2537117
  38.1086502   20.4989014   44.0455093
  38.7637749   21.0667686   45.2700233
  39.0716248   20.8670044   46.9071083
  39.5598946   21.7456989   47.0880966
  39.8844833   20.3086967   47.2234917
  41.3353271   19.6483765   47.6597900
  41.7419510   18.7680435   47.3543777
  42.1200562   20.2113247   47.2982140
  41.0901031   19.7762604   50.4082146
  41.1661797   19.9075680   49.3920364
  40.1723938   20.2231560   50.4697609
  41.6527176   24.7043648   44.2852325
  40.7527008   24.3411598   43.9846420
  41.4599113   25.6536541   43.9385071
  42.0310516   24.9561386   46.9021454
  41.2636566   24.3505135   47.2409477
  41.8227348   24.7910175   45.9280815
  39.7607613   23.5447884   54.2175827
  38.9246407   24.1151066   54.0878258
  39.7855949   23.6880188   55.2130356
  39.7100296   23.6634274   56.8241196
  38.8301010   24.1222801   57.0923424
  39.4804153   22.8207245   57.3241310
  38.7423592   20.9287910   50.8477020
  37.9352684   20.3554077   50.6783714
  38.7597580   20.8226643   51.8315163
  39.2812004   21.0683250   53.4735413
  39.5302238   22.0421524   53.7546959
  40.1504288   20.6774826   53.8549347
  41.4042740   19.9447212   54.4493675
  41.5871735   18.9466743   54.2975349
  42.3157539   20.2946815   54.1905975
  40.9604111   19.7222538   57.1012917
  41.0819817   19.7726803   56.1366997
  40.2297020   20.3997269   57.2099152
  41.6298866   24.5249043   50.9761887
  40.7335434   24.1705151   50.6278954
  41.4023476   25.4942245   50.8089676
  42.0459862   24.7391205   53.5830498
  41.1892815   24.2780800   53.7441292
  42.0753365   24.5653210   52.5550079
  39.9801598   23.1792679   61.1761818
  39.2080994   23.7961712   60.9886627
  39.9088707   23.2205009   62.1562386
  39.6206169   23.3661270    2.6635194
  38.7984924   23.8849220    2.7683783
  39.2775879   22.4855995    3.0361660
  38.9068718   21.3807926   57.9000511
  38.1415329   20.7063942   57.7549324
  39.0213165   21.0975704   58.8916321
  39.4451332   20.7176285   60.3772278
  39.6782837   21.6480179   60.6821556
  40.3162270   20.2816792   60.7471733
  41.6203041   19.5939503   61.2465782
  42.0557365   18.6966705   61.0938377
  42.4329185   20.1307049   60.8929062
  40.9064789   19.5845833    2.6636062
  41.1513596   18.6422176    2.8575854
  41.1426506   19.6017933    1.6759750
  41.9766159   24.6874046   57.9226608
  41.1724167   24.1956272   57.5413322
  41.6884689   25.6123123   57.5243797
  42.2522202   24.5465317   60.5106010
  41.4625702   23.9063416   60.6744766
  42.2024384   24.5575600   59.4962044
  39.2882347   31.3018398    6.7770557
  38.4917412   31.7954559    6.3235240
  39.0253525   30.4201984    6.2708120
  39.5102005   30.7971401    9.3050232
  38.6375999   31.3656902    9.4305801
  39.5119629   31.0673256    8.2843323
  38.6058273   28.6995659    2.9655445
  37.8452988   28.0641575    2.8305562
  39.3605919   27.9997711    2.7841668
  38.6484566   29.0967407    5.6368418
  37.8470879   28.5427208    5.8220239
  38.6424065   28.9138508    4.6247478
  40.7772827   27.5139675    6.5647583
  39.9594955   27.9873714    6.3223062
  41.4319267   28.0685825    6.0961080
  41.3671494   27.3635349    9.2771292
  41.0868988   27.4709225    8.2693853
  40.4403801   27.7387657    9.5769701
  41.6075363   32.5514221    3.3443925
  41.4552956   32.6501389    4.3404703
  40.7892570   31.9201126    3.2485955
  41.5665894   32.5478134    6.1162438
  40.7793083   32.0511742    6.4659772
  41.2848930   33.4731407    6.4352908
  39.3867073   31.0748253   13.2401733
  38.5038414   31.5908871   13.0057888
  39.2757874   31.2766056   14.2370481
  39.0813332   31.3516960   15.8597355
  38.2116699   31.6908245   16.2938805
  38.8758316   30.3872261   16.1813736
  38.9287033   28.4073162   10.0154495
  39.1529999   29.3628521    9.7274265
  38.9314194   28.5977020   10.9964504
  38.8935127   28.6428909   12.7237358
  39.0847130   29.5946255   12.9800262
  39.7225685   28.2518616   13.1824427
  41.2176361   27.6898327   13.7613001
  41.5078354   26.7691212   13.4867516
  42.0341530   28.1604633   13.4477682
  40.8469200   27.5087509   16.5270634
  40.9378967   27.6873531   15.5320969
  39.9298744   28.0129585   16.5773373
  41.5505486   32.3155594   10.3608532
  40.7883720   31.7916317    9.9498377
  41.3493805   33.1848755    9.8538561
  41.5269356   32.6243134   12.9898424
  40.6963959   32.0655975   13.0430555
  41.5424042   32.5660095   11.9486465
  39.6706047   31.0388527   20.3355331
  38.8120384   31.4948883   19.9698429
  39.4276123   31.0840092   21.2891731
  39.0246048   31.4160728   22.8672180
  38.2057800   31.7792969   23.3270836
  38.8779640   30.4683208   23.2592068
  38.5401230   28.9083729   16.7330437
  37.8014679   28.2679291   16.5313549
  38.5599022   28.7126522   17.7399063
  38.9573708   28.5200253   19.3934803
  39.2935562   29.4288177   19.7758064
  39.8140297   28.0275116   19.7570515
  41.1607018   27.3997154   20.4097672
  41.5117073   26.4731140   20.2231598
  42.0463943   27.8422470   20.1037903
  40.6583595   27.4029560   23.1226578
  40.7274971   27.4447956   22.1012878
  39.8653870   28.0269547   23.2194157
  41.2118225   32.4397430   16.9513969
  40.3347092   32.0358696   16.5510826
  41.0589447   33.3621216   16.5555210
  41.8149185   32.5213623   19.5726471
  40.9752312   31.9348373   19.7766685
  41.6484032   32.4647598   18.5620918
  39.7097664   31.0764408   26.9992447
  38.9427414   31.6737366   26.7221336
  39.6551628   31.2604485   28.0046368
  39.2453957   31.4273434   29.5762463
  38.4296532   31.8886890   29.9713364
  39.0082436   30.5005779   29.9750977
  38.5856705   28.9076023   23.6783695
  37.7100563   28.3699989   23.5692863
  38.5964470   28.8460102   24.6773930
  39.0377846   28.5195599   26.2707558
  39.3490410   29.4223576   26.6367378
  39.8569298   28.0344830   26.5411377
  41.2972679   27.3785381   27.2531128
  41.6294823   26.4188099   27.1074619
  42.1172028   27.8174763   26.8411198
  41.0032387   27.3789787   29.8041573
  41.0752449   27.4774342   28.8066311
  40.1725578   27.9712009   29.8970680
  41.3931313   32.4518280   23.5382080
  40.5093765   32.0805893   23.1772900
  41.1945648   33.4171181   23.2972279
  41.9467087   32.4570084   26.2190495
  41.2669449   31.7982464   26.5319405
  41.6398926   32.5113907   25.2586117
  39.8742409   31.0478916   33.6818962
  39.0148697   31.5962715   33.5066528
  39.6742058   31.0453472   34.7186279
  39.3068123   30.9885616   36.2549133
  38.4748993   31.4163342   36.6364594
  39.1175232   30.0945473   36.7133675
  38.8061028   28.9304352   30.3811836
  37.9633026   28.3895874   30.2706432
  38.8879967   28.7632542   31.3844757
  39.2152252   28.3772526   33.0552254
  39.5635948   29.3055515   33.2750397
  40.0743484   27.9328232   33.5133591
  41.3303566   27.2935047   34.1330147
  41.8141441   26.4109020   33.9461861
  42.1302376   27.8592339   33.7965889
  41.0465698   27.3614998   36.7169418
  40.9738960   27.2798347   35.7108307
  40.1450119   27.7606888   36.8962936
  41.4415169   32.5914726   30.5868187
  40.5920029   32.1790314   30.1908989
  41.2243958   33.4723206   30.1277695
  42.0387306   32.5124512   33.2313805
  41.2719994   31.8985786   33.4524307
  41.8502274   32.5385971   32.2113190
  39.7339935   30.9867058   40.8156090
  38.9532661   31.5768452   40.5838852
  39.6224747   30.9825153   41.8275871
  39.3509712   31.0421009   43.4257050
  38.4711838   31.4141521   43.6401291
  39.1246910   30.0957088   43.7551041
  38.6805191   28.5711594   37.3918877
  37.7540588   28.1571541   37.3238182
  38.7633553   28.5385818   38.3799591
  39.1444321   28.5818100   40.0146561
  39.4201012   29.5363655   40.2778168
  40.0500221   28.1609344   40.2805061
  41.3858452   27.4766846   40.8400383
  41.7304459   26.5078735   40.7128677
  42.2597961   27.9126930   40.5587502
  41.1934280   27.1738510   43.4861450
  41.0486679   27.3205032   42.5116844
  40.3912849   27.7035923   43.7906837
  41.4860268   32.0884781   37.2762070
  40.6726723   31.6510506   36.8601570
  41.1834030   33.0530052   37.0250206
  41.9016647   32.2305336   40.0068741
  40.9838448   31.7747784   40.2295074
  41.7992287   32.1276855   39.0024986
  39.8954697   31.0576630   47.3267021
  39.0768394   31.6903763   47.1036339
  39.6921997   31.2163143   48.3328857
  39.5760918   31.0971680   49.9794540
  38.8015823   31.5601006   50.4258347
  39.2807579   30.1287823   50.2276993
  38.9596825   28.3903408   44.1372719
  38.0852623   28.0078239   43.9040146
  38.9387970   28.2372818   45.1338425
  39.0929909   28.5592003   46.7329941
  39.3841553   29.5511761   46.8109398
  39.9118423   28.2000694   47.2538109
  41.3942986   27.5215797   47.6674538
  41.6118355   26.5774136   47.3148956
  42.2547264   27.9264812   47.2642288
  41.2040215   27.1714630   50.2871094
  41.2692795   27.2497234   49.2925148
  40.3371239   27.6710854   50.3587036
  41.3878365   32.3942146   44.4133682
  40.5445290   31.9400253   44.0517540
  41.1345634   33.2958717   44.1371269
  41.9896545   32.5769348   46.9320869
  41.2241058   31.8508301   46.9923363
  41.9309158   32.5067368   45.8877563
  40.0656738   30.7985687   53.9394951
  39.2474556   31.2885246   53.6312408
  39.7762794   30.8535976   54.9410782
  39.2438240   30.9237919   56.3474541
  38.3606644   31.2596436   56.7960854
  39.2031822   30.0337696   56.8870926
  39.0025635   28.6115150   50.5816154
  38.1342087   28.0883636   50.4337082
  38.9592552   28.4744072   51.5819473
  39.2614059   28.2892017   53.1718750
  39.6437798   29.2406998   53.3815842
  39.9977264   27.8181171   53.6493988
  41.4304466   27.2021255   54.4163170
  41.7176933   26.2725067   54.0402298
  42.2613831   27.6978245   53.9947205
  41.0974197   27.0428333   57.0253525
  41.1477776   26.9916878   55.9948769
  40.3182831   27.6330605   57.0178528
  41.7520638   32.2984390   50.7245903
  40.8954544   31.8603134   50.4197960
  41.4748955   33.2187195   50.4296455
  42.2696533   32.2199135   53.4387856
  41.5408401   31.5813637   53.6300888
  42.0983887   32.2354774   52.4269371
  40.0204887   30.7465191   61.2656212
  39.2225685   31.3735714   61.0698128
  39.8568497   30.7152729   62.2555962
  39.4491920   31.1540585    2.8474083
  38.5520287   31.5995846    2.9015863
  39.0888138   30.2059250    2.9308946
  38.9195213   28.7104893   57.5829163
  38.0618019   28.1720238   57.5520058
  39.0356445   28.6506252   58.5605774
  39.3626137   28.2433701   60.3037720
  39.6060333   29.1426029   60.6666374
  40.2442322   27.7935886   60.5002213
  41.5335808   27.0145760   61.1679230
  41.8417854   26.1012211   60.8809280
  42.3168373   27.5024185   60.7635651
  40.7243996   27.1119862    2.6146040
  41.1815147   26.2768269    2.9358060
  40.9160004   26.9663639    1.6250281
  41.3238258   31.8735409   57.6191330
  40.4814758   31.6072826   57.0932732
  41.2578239   32.8520660   57.3563995
  42.1196709   31.9706287   60.2124176
  41.3630943   31.3649006   60.5505562
  41.8977432   31.8648701   59.2243805
  39.2132721   39.0799103    6.6147723
  38.3819962   39.5565414    6.2357144
  38.8795013   38.1429253    6.1982298
  39.7983894   38.6850204    9.1747322
  38.9565887   39.2544556    9.3675556
  39.6467247   38.7754631    8.1731110
  38.5399704   36.0708351    3.2493904
  37.8034592   35.5417747    2.7808726
  39.2919159   35.5497055    2.8106937
  38.4108353   36.7230377    5.8333526
  37.6623230   36.1378670    6.1545100
  38.4344711   36.4300995    4.9037066
  40.6794853   35.0998688    6.6496277
  39.9332581   35.7395096    6.4632201
  41.3566513   35.4973869    6.0380497
  41.2432938   34.6832809    9.2264481
  41.0453224   34.8833580    8.2429066
  40.4868164   35.3272705    9.5510368
  41.4653969   40.0154076    3.1642525
  41.4045525   40.1279869    4.1742821
  40.7362137   39.3465538    3.0679088
  41.5113602   40.2149887    5.8707333
  40.6849060   39.7805443    6.2757683
  41.3038483   41.1381836    6.1903272
  39.5781326   38.8212128   13.1631107
  38.7294312   39.2865715   12.8970842
  39.3544350   38.7286720   14.1592989
  39.0508347   38.5237465   15.6781740
  38.2406502   38.9972954   16.1691856
  38.8277588   37.6433296   16.2131767
  39.1677589   36.1348000    9.8973064
  39.4303360   37.1078262    9.7047901
  38.8319778   36.3240814   10.8163471
  38.6462746   36.4540939   12.4901209
  39.0062218   37.3813438   12.6610651
  39.5467758   36.0087624   12.7154255
  41.0093155   35.3319435   13.2869005
  41.3455353   34.3642654   13.3183098
  41.9489517   35.6860733   13.0535631
  40.7639771   34.9250793   16.0447845
  40.5961838   35.2080612   15.1009378
  39.9138718   35.4506378   16.3845520
  41.6880035   40.1736259   10.3072462
  40.9313927   39.6126747    9.9523201
  41.3594170   41.0479355    9.8763466
  41.7312126   40.4091568   12.9348497
  40.9584961   39.6867104   13.0438719
  41.7076149   40.2712402   11.9237967
  39.5190773   38.7931595   19.9667320
  38.6467819   39.3830376   19.8116112
  39.4057083   38.8348808   20.9675694
  38.9660873   38.8340225   22.6164494
  38.0936623   39.2072983   22.9983234
  38.7547035   37.8798943   22.8527927
  38.5586433   36.2205200   16.8647804
  37.6928940   35.6268845   16.8447170
  38.5446243   36.2933006   17.8610840
  38.8709068   36.2846642   19.3883801
  39.1230278   37.2525635   19.6453953
  39.6560516   35.8307076   19.7771034
  40.9911423   34.9847412   20.5011234
  41.3217278   34.1042213   20.1568642
  41.7859993   35.5291595   20.1570225
  40.7663574   35.0101013   23.1306953
  40.7888680   35.0113029   22.1404552
  39.8409729   35.4090462   23.1984386
  41.2758369   39.9344559   16.6329594
  40.5300217   39.4363937   16.1882191
  40.9611969   40.8469849   16.4115829
  41.5975571   40.3470840   19.3424225
  40.8374901   39.7176971   19.5558224
  41.4925003   40.2057877   18.3237762
  39.4006691   38.5753670   26.8088150
  38.6159477   39.2089005   26.6499691
  39.3193932   38.5963440   27.8082905
  39.4159775   38.8624763   29.4327641
  38.5534973   39.2480927   29.8284359
  39.1637573   37.9190598   29.8149967
  38.3959846   36.3956718   23.4920521
  37.6497116   35.7527847   23.2976074
  38.4321289   36.1759262   24.5045509
  38.7974510   35.9447403   26.0435333
  39.0377045   36.8776474   26.2492771
  39.6699867   35.5668411   26.3932133
  41.0051231   34.9816246   27.0162563
  41.3726425   34.0477219   26.7711697
  41.9291077   35.4283409   26.7134628
  40.7020645   34.9128647   29.7549477
  40.7527390   35.0897102   28.7805901
  39.8857498   35.4044991   29.9575176
  41.2260628   39.8880196   23.7062950
  40.3988266   39.4964180   23.2931862
  40.9683189   40.8582726   23.5764332
  41.6510124   39.8964996   26.3932018
  40.8953590   39.2878990   26.6140308
  41.5449486   39.8536377   25.3846264
  39.5695992   38.6535606   33.7834778
  38.8504448   39.3379135   33.5928459
  39.4396362   38.6056595   34.7599182
  39.1872597   38.6888351   36.4146843
  38.4200630   39.2152634   36.7314644
  38.8558006   37.7723732   36.6164169
  38.5559692   36.5204124   30.3598804
  37.7945824   35.8549843   30.2777214
  38.6391220   36.3687096   31.3751640
  38.9058762   36.1124687   33.0124550
  39.2820320   36.9903908   33.3113441
  39.6715546   35.5497589   33.3969727
  41.1208153   34.9655533   34.0002098
  41.4873810   34.0424767   33.7927666
  42.0086594   35.4270859   33.7148743
  40.8879433   34.6656609   36.6512985
  40.9293671   34.8828964   35.6252861
  40.0467949   35.1353226   36.8034134
  41.4316559   40.0989304   30.4485035
  40.6410751   39.6620407   29.9450111
  41.1309776   41.0494423   30.2383308
  41.7667694   40.0544510   33.0787582
  40.9474678   39.5178642   33.3053741
  41.6111107   39.9541473   32.0838509
  39.6957436   38.4925690   40.6566124
  38.9594154   39.1508255   40.3738403
  39.4863434   38.5588531   41.6537590
  39.1680603   38.8184204   43.2000656
  38.2980766   39.1896057   43.4987030
  38.9390106   37.8612709   43.4919624
  38.5930748   36.1896706   37.1945801
  37.6760368   35.7240334   37.1848488
  38.6716957   36.0560875   38.2223091
  39.0791092   36.0104637   39.8120384
  39.3333855   36.9218254   40.0956001
  39.9769783   35.5570488   40.0406990
  41.3087158   34.8642693   40.7983437
  41.5825195   33.9558334   40.5594215
  42.1538353   35.3394852   40.4248199
  40.9434090   34.9185295   43.4407463
  41.0497589   35.0178986   42.4702072
  40.0847282   35.4047661   43.5355034
  41.2564430   39.8578911   37.4342461
  40.3954086   39.3637390   37.1368790
  40.9433098   40.7324371   37.0851250
  41.9435081   40.0264015   40.0204468
  41.2149544   39.3065529   40.2529755
  41.6652794   40.0563736   39.0357742
  39.7498283   38.6768074   47.4324722
  38.9146538   39.2300949   47.1780396
  39.5383644   38.7817421   48.4349709
  39.0701370   38.9426155   49.9665184
  38.2141418   39.2431259   50.4400368
  38.9898720   37.9683228   50.1881599
  38.6984634   36.3189011   43.9661598
  37.8344498   35.8171539   43.8629189
  38.7388535   36.3430519   44.9528160
  38.9089203   36.2102394   46.6270218
  39.1732674   37.1460724   47.0381508
  39.7242317   35.7891617   46.9940910
  41.1701851   35.0131760   47.6477623
  41.4095612   34.1004829   47.3602371
  41.9923515   35.4490013   47.1904068
  40.8479309   34.7117691   50.2315750
  40.9566994   34.9428406   49.2094765
  40.0152588   35.2333221   50.3487206
  41.3530121   39.9502525   44.2777481
  40.4908142   39.5627708   43.8946877
  41.1149559   40.9014931   44.0325508
  41.9176521   40.1465607   46.8818398
  41.1461220   39.5311317   47.1668472
  41.6956520   40.0830765   45.9066696
  39.7080421   38.5700684   54.1553955
  38.9236832   39.2190857   53.8813019
  39.4669113   38.6912842   55.1633224
  39.1062813   38.6618958   56.7176323
  38.2942772   39.0526314   57.1874352
  38.9071312   37.7160187   56.9457588
  38.7833710   36.4296417   50.6911430
  38.0213432   35.7933311   50.6264687
  38.9891434   36.2624626   51.6438751
  39.2478943   35.9549866   53.2388916
  39.5961723   36.8704987   53.5597458
  40.0623093   35.4657555   53.6295509
  41.2778893   34.6353798   54.2756653
  41.5612564   33.6883774   54.0563850
  42.1216164   35.1002007   54.0252686
  41.0691071   34.3501167   56.9920387
  41.0315285   34.5197830   55.9958496
  40.2661629   34.8959541   57.2198029
  41.2916107   39.9326591   50.9744415
  40.4114342   39.5658379   50.6904755
  41.1186562   40.8530769   50.5365486
  41.9387550   39.9650459   53.5284882
  41.1367912   39.3707199   53.7312965
  41.7315254   39.9918785   52.5139847
  39.9033508   38.4012871   61.2328949
  39.1696587   39.0161476   60.8915482
  39.7510986   38.5693169   62.2221298
  39.3040962   38.6544266    2.5656796
  38.4953423   39.2567139    2.8315654
  38.8898964   37.7908936    2.7927971
  38.9942589   36.0630074   57.4829254
  38.0932617   35.5870323   57.2768135
  38.8096504   36.0951157   58.4656563
  39.1265335   36.0191078   60.2027893
  39.3975601   36.9447708   60.5992737
  39.9956169   35.5642242   60.4808388
  41.3105698   34.5049591   60.9904633
  41.5424881   33.5864449   60.6187515
  42.1581192   34.9302063   60.6762924
  40.6158218   34.8335724    2.3030515
  40.9779968   33.9724159    2.6405501
  40.7812653   34.6404457    1.3055003
  41.4626312   39.8321457   57.3455582
  40.5989723   39.5038185   56.9715385
  41.3004684   40.8271637   57.0503540
  41.8207283   39.7642784   60.0397568
  41.0717430   39.2029991   60.4169731
  41.4415741   39.7416458   59.0976295
  39.2194901   46.8220139    6.7299123
  38.4058380   47.2664566    6.2924628
  38.9682846   45.9119682    6.3269248
  39.3302155   46.5272522    9.3145485
  38.4555054   47.0218430    9.4393206
  39.3644142   46.7046471    8.2893639
  38.6681633   43.8655434    3.3241007
  37.8933067   43.3676949    2.8701475
  39.3652229   43.3295670    2.8373401
  38.6720963   44.2950821    5.9257488
  37.7887497   43.8723831    6.1611910
  38.6218109   44.0448723    4.9183793
  40.8356247   42.7766075    6.5152397
  40.0478477   43.3615074    6.3538198
  41.4732361   43.3178558    5.9504681
  40.9544182   42.4426270    9.1600084
  40.8721008   42.5585022    8.1269512
  40.1396141   43.0463409    9.3356638
  41.7438240   47.7428894    2.9531441
  41.4891014   47.9320793    3.9316585
  40.8669319   47.1717529    2.8113952
  41.1617050   48.1416702    5.5563884
  40.3926010   47.6341705    5.9685917
  40.8579788   49.0711441    5.8765597
  39.4406242   46.4628448   12.9095850
  38.6574478   47.0485458   12.6410580
  39.2086258   46.3271446   13.8606300
  38.8183365   46.4139404   15.6215782
  37.9322014   46.7959518   15.9672213
  38.5449181   45.4469337   15.9277191
  38.9243126   43.9525642    9.8983774
  39.1503639   44.9389687    9.6979923
  38.8761864   44.0746384   10.8862057
  38.7610931   43.9197159   12.6173420
  39.1503334   44.8445053   12.7006063
  39.5859680   43.4335327   12.8811502
  41.0443459   42.8978844   13.5270348
  41.3702545   41.9370384   13.3338709
  41.9686623   43.2800560   13.2016325
  40.4061890   42.3793335   16.0971222
  40.4480934   42.6367645   15.1216049
  39.6157379   42.9263496   16.3380966
  41.5563812   47.8138695   10.1147346
  40.6970139   47.3255424    9.8366470
  41.2237053   48.7110367    9.6787062
  41.5599899   48.0847778   12.7609024
  40.7129898   47.5448647   12.8738766
  41.5146027   47.9765587   11.7335014
  39.3529396   46.5171432   19.8426723
  38.5175934   46.9139137   19.4535618
  38.9968758   46.4646759   20.8056870
  38.7438812   46.3960876   22.4578629
  37.9191284   46.7298431   22.9481087
  38.6813240   45.4307060   22.7915459
  38.4191895   43.9559135   16.7779999
  37.7501831   43.2146797   16.6358719
  38.3636246   43.9897766   17.7624111
  38.6480484   43.8414917   19.4115944
  38.9531288   44.8059502   19.5934715
  39.4607925   43.4365273   19.8856125
  40.8474655   42.6409645   20.4987774
  41.2077866   41.8252411   20.0023270
  41.4989281   43.2822304   20.0387554
  40.6361732   42.4353638   23.1499100
  40.7061005   42.5981331   22.1418114
  39.7775345   42.9253922   23.2846451
  40.8394737   47.7206039   16.6441517
  40.0433044   47.2767868   16.1963539
  40.6703568   48.6342049   16.2033501
  41.6919708   47.7250366   19.2881260
  40.8000793   47.2100410   19.5071030
  41.4606552   47.7962952   18.3212967
  39.5954590   46.3577576   26.7250175
  38.7103729   46.8020782   26.4731121
  39.4629440   46.4053345   27.6959267
  39.0198174   46.4049072   29.3649960
  38.1877747   46.8361626   29.8071899
  38.8499489   45.4949532   29.6850510
  38.4954376   44.0712585   23.4943008
  37.6518555   43.5673485   23.3966179
  38.5244026   43.9641724   24.4983444
  38.8338394   43.7891197   26.1251392
  39.2546844   44.7044907   26.3144054
  39.6548004   43.2678642   26.4665947
  40.9972725   42.4208183   27.0916595
  41.3552170   41.5072174   26.8344231
  41.8088531   42.9202614   26.7411900
  40.7708511   42.6014137   29.7913570
  40.6330566   42.5131836   28.7815762
  39.8922844   43.0082436   29.9848919
  40.9245415   47.5685692   23.3652821
  40.0653000   47.1589279   22.9871330
  40.6604538   48.5130806   23.1252098
  41.6947098   47.9348068   25.8603840
  40.8764572   47.3868332   26.1695080
  41.4336510   47.7665329   24.8464031
  39.5266075   46.5205841   33.6237259
  38.7032509   47.0642891   33.3941154
  39.3920822   46.4949265   34.5957718
  38.9305267   46.4464417   36.0611572
  38.0627213   46.8311119   36.4853935
  38.7223511   45.5111465   36.4070930
  38.5017471   43.9545517   30.2136669
  37.7088089   43.3276215   30.1955509
  38.5574455   44.0293655   31.2209034
  38.8683815   44.0578270   32.8662109
  39.1960831   44.9936218   33.1096077
  39.6465111   43.5829926   33.2904205
  40.9238586   42.6322670   33.8257790
  41.3680191   41.7553406   33.6282539
  41.7247086   43.2049217   33.4606133
  40.4377174   42.3318367   36.4662590
  40.4564476   42.3805504   35.4809914
  39.6525536   42.9519653   36.5749359
  41.0409317   47.7665977   30.3275909
  40.2749367   47.2548256   29.8871117
  40.7371140   48.6844788   30.0160313
  41.8081284   47.7377968   32.9740295
  40.9346008   47.2545967   33.1999817
  41.5870934   47.8090668   31.9999237
  39.7709885   46.0604897   40.5696831
  38.9585876   46.6222191   40.1988525
  39.5095825   46.1860428   41.5254402
  38.9964027   46.5706367   43.0308495
  38.1517677   46.9489517   43.4165001
  38.7919083   45.6186485   43.2809982
  38.4344559   44.0982819   37.0314064
  37.6454887   43.4589500   36.9219246
  38.5453491   43.9127617   38.0188942
  39.0632973   43.6782646   39.6133690
  39.4213638   44.6253815   39.8648987
  39.8548775   43.2225227   40.0479660
  41.2150383   42.5603294   40.8302307
  41.4854546   41.6258812   40.6006966
  42.0389175   43.0115318   40.4970779
  40.8351746   42.5718384   43.4974899
  40.8655968   42.6830978   42.4935188
  39.9440308   43.0867920   43.6069527
  40.9194565   47.6944504   37.3494644
  40.1435852   47.2207832   36.8603516
  40.6482697   48.6201096   36.9283981
  41.8178101   47.5248489   39.8136635
  41.1114769   46.8539429   40.1270714
  41.4128876   47.6570854   38.8836784
  39.4802399   46.2761536   47.1917763
  38.6727905   46.9189148   47.0701256
  39.4935646   46.3384819   48.1882477
  39.2132225   46.2976608   49.7549744
  38.3707199   46.6567230   50.2041473
  39.0843773   45.3535690   50.1124954
  38.6107025   44.0289764   43.7988663
  37.8250046   43.4367905   43.6668930
  38.6378593   43.9698982   44.8115273
  38.9241409   43.7135429   46.4907303
  39.1976509   44.6325836   46.7758026
  39.7673645   43.3025665   46.9548035
  41.0873566   42.6672516   47.4628296
  41.4615898   41.7959213   47.1322784
  41.9188499   43.2193413   47.1490021
  41.0075073   42.4043655   50.1231728
  40.9709816   42.4965897   49.1081009
  40.1562042   42.9487381   50.2973442
  41.4086075   47.5820580   43.9490318
  40.5599098   47.2134018   43.5218735
  41.2178383   48.5814552   43.6529160
  41.7520103   47.6400757   46.5430641
  41.0155792   47.0169258   46.7877846
  41.5725594   47.6091652   45.5410461
  39.4660492   46.3030663   53.9266205
  38.6155853   46.8336067   53.6866798
  39.3700981   46.4582977   54.9370499
  39.2356873   46.3863411   56.5212669
  38.4238853   46.8410645   56.9427910
  38.9366684   45.4465027   56.6936646
  38.8409157   43.7874947   50.6292229
  37.9401131   43.3767471   50.4495163
  38.7522926   43.7383537   51.6350632
  38.9604645   43.7128944   53.2463188
  39.2229195   44.6394348   53.5641022
  39.8223686   43.2434387   53.4487267
  41.2427330   42.4218712   53.9593010
  41.5764580   41.4536591   53.8371124
  42.0771217   42.8537254   53.6795387
  40.9118080   42.3742065   56.6250267
  40.8712387   42.3945541   55.5735741
  40.0846443   42.9928589   56.7405510
  41.3430862   47.5816078   51.0948944
  40.5384789   47.1398544   50.7277985
  41.1338882   48.5031319   50.6966286
  41.7647400   47.5279617   53.6603622
  40.8310471   47.0557518   53.7585793
  41.6754646   47.5538368   52.6568527
  39.5690994   46.0149193   60.9570160
  38.7569580   46.5203438   60.7100182
  39.4584541   46.2001381   61.9672470
  39.4179535   46.3577118    2.4997022
  38.4933624   46.8139610    2.6771984
  39.0475769   45.4472618    2.8277202
  38.6837311   43.8504105   57.1152802
  37.8306999   43.3164787   56.9607353
  38.7267113   43.6709099   58.0848503
  39.0239525   43.4951057   59.8671875
  39.3370743   44.3791580   60.3176117
  39.8456764   43.0081444   60.2578201
  41.1166306   42.2744827   61.0166588
  41.4488716   41.3614159   60.6731415
  41.9637299   42.7524376   60.7496567
  40.6412621   42.4777565    2.3141642
  40.9913292   41.5661354    2.5789571
  40.7587776   42.3601418    1.3068484
  41.1595383   47.3736916   57.7810326
  40.3243065   47.0068054   57.3027954
  40.9327354   48.3540154   57.4207230
  41.9421425   47.2047272   60.4140625
  41.0763474   46.6723061   60.6898079
  41.6483269   47.2501602   59.4442139
  38.7652397   55.0083008    6.2628989
  37.8899307   55.3447151    5.8830972
  38.6022987   54.0358849    5.9494820
  38.8235703   54.4991417    9.0292110
  37.9410057   54.9327774    9.3649664
  38.7553368   54.8612709    8.0964403
  38.5690994   51.4942513    3.0200379
  37.8354149   50.9557076    2.6338875
  39.3305168   50.8967438    2.7074900
  38.4135513   52.4160271    5.5569434
  37.5999603   51.8411217    5.7778144
  38.5506630   52.0442352    4.6318560
  40.6819458   50.7142372    6.3354120
  39.9892387   51.4103355    6.0637894
  41.4723625   51.1935539    5.9359379
  40.9469109   50.0964813    8.9912434
  40.8529854   50.2900009    7.9599471
  40.2159691   50.7692070    9.2075424
  41.5386848   55.3279572    2.9540515
  41.4543228   55.4197998    3.9601068
  40.6931686   54.7716675    2.8257968
  41.2114372   55.5303574    5.6045737
  40.2586594   55.3489799    5.9611516
  41.1661682   56.5285263    5.9278045
  39.0930405   54.2587357   13.2821503
  38.3645554   54.9527779   13.0662251
  38.9545555   54.3166237   14.2774048
  38.6595917   54.2447777   15.9861345
  37.7714195   54.6203232   16.3408623
  38.4369774   53.2786064   16.2382736
  38.9784851   51.7069664    9.4895754
  39.0931244   52.6794510    9.2557449
  38.8741646   51.8394775   10.4860802
  38.5013123   51.8729897   12.2022114
  38.6640167   52.7985229   12.5248718
  39.3699074   51.4960403   12.5710545
  40.7457428   50.6244431   12.9631758
  41.0697289   49.6551590   12.9440403
  41.6639557   50.9829254   12.7882395
  40.4569817   50.2595482   15.6718740
  40.5711174   50.5784225   14.7407141
  39.6299553   50.7293015   15.8797016
  41.1095505   55.2300186   10.0920830
  40.2541199   54.9554825    9.6036263
  41.0592537   56.2344208    9.7336388
  41.5052834   55.3261528   12.6866798
  40.6330910   54.8568649   12.9049377
  41.3016701   55.3031578   11.6972475
  39.0331688   53.6422424   19.7794476
  38.2971344   54.3113060   19.6239300
  39.0124664   53.7839279   20.7939224
  38.8765221   54.1868896   22.4082947
  38.0289650   54.6173325   22.8576641
  38.5873299   53.2486610   22.7238827
  38.2540359   51.7013283   16.5877438
  37.5031090   51.0546951   16.3226337
  38.4023438   51.3265190   17.5068417
  38.7434082   51.0697899   19.1984081
  38.8986015   52.0326691   19.4933491
  39.5558205   50.7270775   19.6576538
  41.0743179   50.1882286   20.2863274
  41.3619308   49.3010902   19.8758755
  41.8644409   50.6941566   19.8413334
  40.4746323   50.1066895   22.8661900
  40.5662537   50.1810074   21.8383389
  39.6543846   50.7205772   22.8987885
  41.0630722   55.0336609   16.6308460
  40.0969276   54.7387352   16.3452911
  40.9331741   55.9894333   16.3677387
  41.2543182   55.2489243   19.2171993
  40.5403175   54.5401306   19.3527946
  41.1702499   55.2478409   18.1917877
  39.3947601   54.2875481   26.8120213
  38.5103951   54.6763382   26.5038853
  39.0979271   54.2686806   27.7955551
  38.6607780   54.3766556   29.3571014
  37.7940178   54.8301315   29.7052650
  38.4317818   53.4801102   29.6820889
  38.2451859   51.7655411   23.4026470
  37.4084129   51.1660805   23.2935219
  38.3166428   51.6401863   24.3981857
  38.6223526   51.7437134   26.0398579
  38.9075241   52.6822510   26.3009605
  39.4962082   51.3043442   26.2723656
  40.8592796   50.3295975   26.7934608
  41.2224922   49.4657021   26.4158821
  41.7252159   50.8484764   26.5526772
  40.6452255   50.3895340   29.4770794
  40.6889343   50.3996010   28.4637203
  39.7880325   50.8647079   29.5914555
  40.9395142   55.0196190   23.6459255
  40.1035690   54.7222176   23.1276131
  40.9808807   55.9492912   23.2717209
  41.5589638   55.5613632   26.2081528
  40.7090607   55.0113525   26.5175705
  41.3641548   55.3568077   25.2000351
  38.9929008   54.1998482   33.3549652
  38.2218552   54.8170547   33.2727699
  39.0102501   54.1751022   34.3535080
  38.9490852   54.1929741   35.9563408
  38.2066422   54.6947060   36.4723282
  38.7387848   53.2843781   36.3849907
  38.3785133   51.6287842   30.0992470
  37.5193672   51.0360870   30.0219421
  38.3822250   51.5917168   31.1265335
  38.4557343   51.5180283   32.7529755
  38.7142410   52.4895401   32.9984932
  39.3333511   51.1404915   33.0193214
  40.8413658   50.4238091   33.5809441
  41.3100471   49.5615730   33.4482765
  41.6106186   51.0237274   33.2631607
  40.4688835   50.1115646   36.2825050
  40.6300011   50.2589607   35.3439064
  39.7161789   50.7733383   36.3972397
  40.8881874   55.6154518   30.2896461
  40.0523605   55.1688156   29.9111500
  40.6329727   56.5623169   30.1103115
  41.1572227   55.6898956   32.8660355
  40.5280151   54.9893150   33.0802460
  41.1216927   55.5945206   31.8519592
  39.4881592   53.8840218   40.2501030
  38.6841736   54.4359131   39.9962616
  39.2214890   53.8899155   41.2783165
  38.7343445   53.9520378   42.7386513
  37.9023094   54.4375229   43.1671791
  38.5228958   53.0308456   43.1280632
  38.3883553   51.8429756   36.9362373
  37.6010895   51.1920395   36.9323425
  38.5780449   51.6164665   37.9218140
  38.7753944   51.2556801   39.5754776
  39.1145744   52.1698723   39.8783569
  39.5181732   50.7604942   40.0745468
  40.8763504   49.9317970   40.6038895
  41.2895088   48.9839478   40.4652290
  41.6792068   50.3829918   40.1712799
  40.8395348   50.0891190   43.2283173
  40.8610992   50.0982971   42.2038841
  39.9526482   50.4913597   43.3362885
  41.1328468   55.0954704   37.1723900
  40.2260437   54.8557968   36.7980537
  41.1358833   56.0757408   36.8285027
  41.5877686   55.3251419   39.7429657
  40.7722511   54.7449684   39.9345169
  41.4407272   55.2527466   38.7166519
  39.3241768   54.0164680   47.0871849
  38.5061874   54.5815315   46.8474655
  39.1061935   53.9981918   48.0769920
  38.8627586   54.0933685   49.6272888
  38.0353928   54.5090790   50.1055679
  38.7801285   53.2115631   50.1447639
  38.3736954   51.5275726   43.6640892
  37.5399437   50.9401207   43.6694756
  38.4632263   51.5300751   44.6874657
  38.6798553   51.4196701   46.3169975
  38.9591103   52.3515396   46.6174736
  39.4916039   50.9518967   46.6986313
  40.8882637   50.1093330   47.2925072
  41.3774796   49.2770348   47.0356102
  41.5849228   50.7414589   46.8715515
  40.9622917   50.0292664   50.0018806
  40.7848206   49.9484138   48.9906807
  40.1469421   50.6695442   50.1174889
  40.9807167   55.1271248   43.8287506
  40.1788368   54.6818237   43.4240875
  40.7169304   56.0345192   43.5888138
  41.5625420   55.3773994   46.3826027
  40.7631721   54.8865929   46.6477203
  41.4603996   55.2347069   45.3721809
  39.7162590   53.7723465   54.0802078
  38.9690552   54.4003754   53.8139229
  39.6037941   53.9079018   55.0964699
  39.2165642   54.0187798   56.6814537
  38.3749084   54.4135780   57.1211815
  38.9620247   53.0437927   56.9001045
  38.8415718   51.5992775   50.6998825
  38.0489464   50.9905930   50.5466003
  38.8682365   51.4362907   51.6960487
  38.9591026   51.3124924   53.3293037
  39.2592506   52.2280502   53.6522179
  39.6551437   50.7879257   53.8244553
  41.0003700   50.0172119   54.4341774
  41.3329353   49.1038361   54.1727219
  41.7804260   50.5120392   53.9606285
  40.7466049   49.8840790   57.0031853
  40.7881432   49.8947792   55.9773178
  39.8448868   50.3487625   57.0547676
  41.0704689   54.9352989   50.9396057
  40.2558632   54.6915970   50.3819199
  41.1011963   55.9303589   50.7161789
  42.0293159   55.0642509   53.4847717
  41.1931267   54.4963570   53.7252808
  41.8166962   54.9915810   52.4486275
  39.4621811   53.4274826   61.1509056
  38.7274399   53.9743919   60.6715393
  40.1693840   54.0821381   60.9743652
  38.9549522   54.1300964    2.3765154
  38.8574982   53.1922760    2.7213850
  39.1455536   53.8180580    1.4246683
  38.6010590   51.3701324   57.1479759
  37.7944489   50.8385963   56.7967072
  38.4888191   51.2585182   58.1005096
  39.0592537   50.9966850   59.8672371
  39.2849655   51.8616562   60.3967934
  39.8869705   50.5031929   60.1808586
  41.2778778   49.7643547   60.8096924
  41.5892677   48.7987556   60.6600418
  42.0958939   50.1918182   60.4102364
  40.7061157   50.1243134    2.1242194
  41.1513214   49.3024597    2.3990054
  40.8811684   50.0112991    1.1300313
  41.3313103   55.3044357   57.4607658
  40.5199738   54.8926506   57.0117073
  41.1154747   56.2640724   57.2139130
  41.5088387   54.9650040   60.2707596
  41.5005493   54.9233742   59.2542686
  42.3963318   54.5268517   60.3686981
  39.9025116   61.9022484    6.8229799
  38.9370117   62.2231750    6.6019335
  39.7649193   61.0436249    6.2940745
  39.5315361    0.7984338    9.5084705
  39.7944717    0.7033844    8.5661774
  40.4688644    1.1192873    9.8375149
  38.8134422   59.5018120    2.9655659
  37.9686623   59.1113396    2.6502821
  39.4744568   58.8523827    2.6115479
  39.2440033   59.6369629    5.5155358
  38.3246155   59.2659340    5.7811279
  39.0472107   59.5174789    4.5012841
  41.2412033   57.9963379    6.4166622
  40.5843506   58.6926956    6.1226687
  42.0383911   58.5780220    6.2801142
  41.0985298   57.6469460    9.1430454
  41.0924225   57.8527870    8.1470251
  40.3929634   58.3705750    9.3891573
  41.8849945    2.1905603    3.2946060
  41.8520851    2.1357074    4.2975078
  41.0594902    1.6680191    3.1276286
  41.7864456    2.3311141    6.0204039
  41.0502510    1.7116466    6.3390627
  42.5440216    1.7344577    6.4156804
  39.5535126   61.5750275   13.7230091
  38.7360001   61.9747467   13.2856073
  39.5604553   60.7379723   13.1239777
  39.5742645    0.4938339   16.4223595
  38.5997849    0.8362896   16.3803329
  39.6793404    0.4669650   15.3763866
  38.9428978   59.3095055    9.8518667
  39.1911201   60.2793999    9.7041426
  39.0761528   59.3594818   10.8638601
  39.4423180   59.2031097   12.4538307
  38.7012100   58.7645149   12.9636402
  40.1937790   58.6377220   12.9284859
  41.3624344   57.9084167   13.7523756
  41.4116898   56.9715996   13.4107132
  42.2142563   58.1914520   13.2771101
  40.6340218   57.7911110   16.3032799
  40.8609734   57.9731369   15.3034849
  41.4440269   58.2643585   16.6493149
  42.0224724    1.7125742   10.1137428
  42.1821899    2.7364354    9.9784718
  41.9264145    1.8380959   11.1206512
  41.6540565    1.7717910   12.8186684
  40.8475761    1.3178407   13.1972151
  42.3518066    1.0574833   13.0592632
  39.8474236   61.7953415   20.3063374
  39.0208855   62.2206039   19.8321629
  39.4969597   60.8552399   20.0669823
  39.4370804    0.3129747   23.0356846
  39.6348228    0.4067114   22.0632572
  40.2932739    0.6921098   23.3790741
  38.5025101   59.3418236   17.0450001
  38.9073181   60.2370148   16.8329372
  39.2485199   58.7758942   16.7029133
  39.2367935   59.3567810   19.5874958
  38.4112625   58.8705368   19.9749794
  38.9233513   59.3291473   18.6207619
  41.3755112   57.8809738   20.1187496
  41.1205177   56.9895592   19.7643776
  40.5541801   58.3761292   19.7903824
  41.1274719   57.6481667   22.8521976
  41.1694489   57.7376747   21.8484058
  40.2983322   58.2278366   22.9782448
  41.8631096    2.0408525   16.9412594
  40.9962502    1.4595286   16.8865395
  41.8593025    2.0973406   17.9461441
  41.8828850    2.0976477   19.6357231
  41.2026978    1.4192123   19.9861412
  42.6867104    1.5718032   19.9574413
  39.7496719   61.7362213   26.8141823
  38.8367081   62.0461311   26.4594307
  39.5039864   60.7312126   26.6491604
  39.7751122    0.8011599   29.6205196
  38.9239960    1.3702214   29.6554146
  39.7518196    0.7780374   28.6032124
  38.8880157   58.9209061   23.5127010
  39.0312271   59.9077988   23.2580471
  38.9299126   59.1458702   24.5399342
  39.1234283   59.1145439   26.2273502
  38.4615555   58.4637489   26.5982075
  39.9601822   58.6717567   26.6217613
  41.3361588   57.9831657   27.1628990
  41.4324303   57.0592728   26.7131939
  42.2419090   58.2939606   26.8308525
  40.8102608   58.2930260   29.7395382
  41.0789299   58.1931610   28.7549000
  41.7155800   58.7310944   29.9989300
  41.8082314    1.5287586   23.8435822
  41.7696953    2.5604377   23.6043358
  41.7423630    1.6716809   24.8412971
  41.9256859    2.0624783   26.4994068
  41.2101936    1.3916010   26.8357258
  42.6976814    1.4497637   26.6296177
  39.8784142    0.9788284   33.6866493
  39.0145378    1.3062592   33.2335739
  39.6664276    0.0137253   33.3852921
  39.4415703    0.5728781   36.3656311
  39.7300415    0.7770513   35.3930931
  40.3189240    0.8948249   36.7798805
  38.5982285   59.5401878   30.2829876
  38.9465408   60.4611053   30.0824509
  39.4683533   59.0442047   30.0424099
  39.3253326   59.5965233   32.8050995
  38.4681129   59.1370239   33.1426315
  39.0092087   59.5667686   31.8599339
  41.5887909   58.2621574   33.6101837
  41.2985344   57.3363037   33.3210602
  40.7686462   58.7088470   33.2460556
  41.3115807   57.5328064   36.3666306
  41.3866310   57.8080635   35.4053421
  40.6270180   58.1899681   36.6733017
  42.0876617    1.8775750   30.3643742
  41.2537117    1.3423125   30.1589546
  41.9545860    1.9725342   31.3308811
  42.0433540    2.3924046   33.0737000
  41.2469940    1.8152777   33.3880424
  42.7310486    1.8236678   33.5130424
  39.5013008   61.9509048   40.8314514
  38.6501579   62.2719650   40.4025307
  39.4129066   60.9946594   40.4947319
  39.8992577    0.7287672   43.4594269
  38.9792786    1.1702306   43.5618095
  39.8269234    0.6253921   42.4692497
  39.1434898   59.1778412   37.0442352
  39.3010826   60.1418228   36.8364906
  39.2210884   59.2677689   38.0667419
  39.3875618   59.4899826   39.8864670
  38.6865921   58.8866310   40.3394737
  40.1543922   58.8517990   40.0829506
  41.4040337   57.8136520   40.5020142
  41.5608215   56.8383179   40.2583084
  42.3570862   58.1170158   40.2526550
  40.8670006   57.9707642   43.2512016
  41.0296745   57.9216461   42.2841034
  41.8223648   58.3577347   43.4913521
  41.8470116    1.6022433   37.2131844
  41.8672829    2.6239274   37.0997581
  41.8100128    1.7165735   38.2401772
  41.6551476    1.9671962   39.8105583
  40.9193420    1.5501056   40.3228378
  42.3565369    1.3409098   40.0518112
  40.1932640   61.8938179   47.4828873
  39.3702431   62.3220062   47.0405960
  39.9670181   60.9492722   47.2895699
  39.6412354    0.4986278   50.1635323
  39.8258095    0.5966313   49.1975441
  40.4313622    0.9103960   50.5291824
  38.8548355   59.4440041   44.1899529
  39.2538567   60.3639183   44.0630875
  39.6197166   58.9064598   43.8246498
  39.4376640   59.2771187   46.8266220
  38.6759644   58.7255478   47.2361374
  39.0070496   59.3308830   45.8949890
  41.7532768   57.9254456   47.4940453
  41.6381683   57.0721893   46.9972649
  40.9308090   58.3638153   47.1050148
  41.4691887   57.5714645   50.0883141
  41.5379601   57.6326637   49.0642624
  40.6240196   58.1159668   50.1592026
  41.8637810    2.3683996   43.7821846
  41.0614586    1.8203825   43.6502190
  41.8773232    2.3053517   44.8093147
  42.0453300    2.3420281   46.4095459
  41.3560905    1.7407666   46.7699280
  42.8613510    1.8590205   46.6703682
  39.9071732   61.7400093   54.2308159
  39.0323868   62.0912476   53.8723259
  39.8560524   60.8643379   53.7026443
  39.9736710    0.5369345   56.8800507
  39.1394768    1.0761948   56.9132881
  40.0838432    0.5990856   55.8818703
  39.2591896   59.1351852   50.5793419
  39.4561386   60.1076546   50.3803482
  39.5023270   59.2368584   51.5692749
  39.9418106   59.1872711   53.1412163
  39.2007751   58.7549095   53.6491051
  40.6909599   58.6543388   53.5582657
  41.8950119   57.5907707   54.2978172
  41.9855270   56.6377373   53.9883041
  42.7172737   57.9137268   53.8117790
  41.2288208   57.8623657   56.7765961
  41.5159225   57.8176155   55.8111992
  42.0853691   58.3607140   57.0731354
  41.8108406    1.9700098   50.9385567
  42.0694542    2.8995667   50.6948586
  41.8751221    2.0464525   51.9203224
  42.0809975    2.0532401   53.5629158
  41.2487068    1.5891817   53.9395599
  42.6781616    1.3007234   53.7263222
  39.5264816    0.7025489   60.8068619
  39.6918564    0.6822226   61.8080711
  40.3695793    1.2397327   60.6227264
  39.7302475   62.0641708    2.4521751
  38.9216309   62.5214653    2.7732491
  39.4912605   61.1439323    2.7064672
  39.1718292   59.3292580   57.6403465
  39.5067711   60.2597466   57.3019485
  39.9840508   58.8235626   57.3705788
  39.2548256   59.3086052   60.3577309
  39.3146744   60.2704430   60.5544395
  39.2897110   59.3491364   59.3459511
  41.4062119   57.8208427   60.9621391
  41.1474342   56.8937607   60.6735420
  40.5056877   58.2268295   60.7177696
  41.2085953   58.1749344    2.4170098
  41.3156509   57.2088470    2.5991654
  41.3372078   58.1469269    1.4252284
  41.9217796    2.1381691   57.7232742
  41.2040291    1.4881792   57.4907494
  41.7647400    2.0621755   58.7450447
  41.7562714    2.0922937   60.3707428
  41.8868370    3.0221772   60.7385139
  42.7548714    1.8272188   60.4445877
  43.8892708    8.2224350    6.6367879
  43.1352310    8.8726149    6.5711012
  44.0556831    8.3793163    7.6195741
  44.2682457    8.4411926    9.2429037
  43.3645897    8.7004585    9.6956062
  44.2989388    7.5431361    9.7431889
  44.3615570    6.0301723    3.0081306
  43.4633522    5.5136847    2.8047087
  44.2090454    5.9417353    4.0170307
  44.0584335    5.7765217    5.6743202
  43.3367081    5.3545380    6.2098083
  43.8102379    6.7404609    5.9284759
  46.3692627    4.3625417    6.3119206
  45.5507965    4.8625603    6.0245152
  46.2433281    4.3848219    7.2950869
  46.3213768    4.6486912    9.0390835
  45.5837669    5.1666737    9.4670973
  46.0964355    3.7568533    9.4417725
  46.3600388    9.9859734    3.1286612
  46.2686005    9.7325153    4.1545568
  45.5549011    9.4557829    2.8746958
  46.0254784    9.4197044    5.6231241
  45.2289619    8.9071093    5.9698873
  45.7401276   10.3206091    5.9273424
  44.0864296    8.3361797   13.6209097
  43.1773949    8.8112040   13.4284201
  44.0193634    8.4305916   14.6306295
  43.9694862    8.6166573   16.2677002
  43.3054123    8.9171591   16.9329052
  44.0181732    7.6350193   16.5961494
  44.2885551    5.9730811   10.3207703
  43.4562340    5.3889413   10.1399250
  44.3684540    5.6497278   11.3034000
  44.4010201    5.7315645   12.9792013
  43.5203514    5.3212543   13.2807961
  44.1477394    6.6483498   13.2167358
  46.1625557    4.0289354   13.5401039
  45.3820076    4.6568384   13.4081020
  46.1863022    4.0927262   14.5554953
  46.1186104    4.4348469   16.3215599
  45.5122719    5.2064157   16.5700016
  46.9381371    4.8542986   16.7569618
  46.2916908    9.6271925   10.4188929
  45.5023842    9.1877232    9.9013224
  46.2013168   10.5415077    9.9469137
  46.2042389    9.7610149   13.0540037
  45.3499908    9.2247915   13.1575661
  46.2065887    9.6857271   12.0485172
  44.1098061    8.3939247   20.6564922
  43.3755264    9.0387611   20.5284309
  44.0645638    8.3253756   21.6664257
  43.8615646    8.3007202   23.3859463
  43.0453033    8.5934067   23.8194904
  43.8364029    7.3538957   23.7166290
  44.2022362    6.1119647   17.0484505
  43.4700890    5.4849973   16.7928772
  44.0729866    6.0103226   18.0333614
  44.0661583    5.6914887   19.7762909
  43.2183762    5.3408017   20.2399902
  44.0065269    6.6132154   20.2205868
  46.1976280    4.1126227   20.2178535
  45.4082260    4.7482209   19.9745007
  46.1694260    4.3655424   21.2216091
  46.0288658    4.6599970   22.7725258
  45.2634087    5.0789042   23.2895832
  45.8948364    3.7193587   23.1406212
  46.1240921    9.6255417   17.3265610
  45.3525696    9.2739029   16.7107773
  45.9888344   10.5806847   16.9811897
  46.4105568    9.5686884   19.8327179
  45.5479355    9.0518303   19.9540653
  46.4385414    9.5376749   18.8080177
  44.3048630    8.4160585   27.4241543
  43.4233475    8.8764448   27.2298698
  44.2903938    8.6437702   28.4261227
  44.4037819    8.6371975   30.0573444
  43.7074623    8.9141312   30.6971874
  44.4139099    7.6347995   30.2727108
  44.0322533    5.5980310   24.0489883
  43.2125473    5.0114355   23.9803619
  44.0863838    5.5651040   25.0329914
  44.3781738    5.8028874   26.7288036
  43.5361328    5.5896492   27.2515812
  44.4611206    6.7454610   27.0521259
  46.5196381    4.4111414   26.9638901
  45.7471695    5.0062032   26.7669125
  46.3819618    4.4057827   27.9599247
  46.4430161    4.4822669   29.6863441
  45.8445702    5.1753082   30.0552273
  47.3002167    4.8748593   30.1236553
  46.1342812    9.7030687   23.9332714
  45.2683105    9.2375364   23.7139320
  45.7807617   10.6459284   23.7752209
  46.4860916    9.6922016   26.5729561
  45.6137810    9.2182903   26.7944050
  46.3874702    9.6339931   25.5769215
  44.2929268    8.5539627   34.0837212
  43.6386566    9.3260765   34.0062294
  44.2675896    8.5276556   35.1054764
  44.0079498    8.5360270   36.7989197
  43.1620560    8.8852053   37.1916122
  43.8824501    7.5944328   37.1667976
  44.3502464    6.0661817   30.7314320
  43.5005569    5.4717364   30.5622025
  44.3211937    5.8487782   31.7186203
  44.2302437    5.8441281   33.4726601
  43.3889198    5.6605864   34.0584488
  44.2447319    6.8255196   33.6356125
  46.3025322    4.3317070   33.7441101
  45.4344788    4.8698053   33.5788269
  46.1268845    4.3967681   34.7411308
  45.7886124    4.5998998   36.4021149
  45.0221138    5.0316944   36.9041710
  45.6680565    3.6907518   36.8145065
  46.8066635    9.6904392   30.2350407
  45.8580780    9.3014660   30.0980949
  46.4984245   10.6384430   30.1297016
  46.5172272    9.8462353   33.1130409
  45.7177582    9.3336353   33.3364906
  46.4928131    9.7042503   32.1199341
  44.2729683    8.4990320   40.6878967
  43.4477501    9.1259174   40.6171303
  44.3871880    8.6247015   41.7132759
  44.2590179    8.6679363   43.3719864
  43.5375099    9.0803490   43.9109993
  44.1943817    7.7132134   43.7677612
  43.7592850    6.0083075   37.5146332
  43.0077858    5.3181300   37.3660545
  43.8552170    5.8130417   38.4883766
  44.3292274    5.8328953   40.1773376
  43.5126915    5.4857278   40.5868797
  44.2476082    6.7835274   40.5032578
  46.1453629    3.9514642   40.6529999
  45.4319878    4.6719060   40.4923439
  46.2630081    4.1121774   41.6274071
  46.3804245    4.4666004   43.3180428
  45.7222786    5.2180676   43.5892525
  47.1594582    4.9076638   43.7453880
  46.2828636    9.7199621   37.1935921
  45.3986359    9.3131828   36.9616394
  46.0072403   10.6943674   37.1483574
  46.6732635    9.5087204   39.8084984
  45.7902794    9.0723991   39.9116325
  46.6528854    9.5355492   38.8087616
  44.4654999    8.3535967   47.5707207
  43.6024971    8.8262568   47.4894142
  44.4796906    8.3928509   48.5775490
  44.2816353    8.4974766   50.2024117
  43.3971024    8.9382896   50.6117706
  44.0677490    7.5820961   50.6054001
  44.4135284    6.1289840   44.0625000
  43.4972610    5.6635966   43.9067192
  44.3771172    5.9564190   45.0776939
  44.3107414    5.8076363   46.7278748
  43.3848267    5.5458999   47.1315804
  44.2544594    6.7542830   47.0929260
  46.4276810    4.2385077   47.1872520
  45.7092209    4.8780255   46.9326744
  46.4557152    4.4568634   48.2021942
  46.4081879    4.5769176   49.7649841
  45.5697441    4.9661093   50.1570168
  46.2635536    3.6569726   50.1943359
  46.6589584    9.6470594   43.8706436
  45.7429123    9.3251057   43.5463943
  46.4292641   10.6466351   43.7436485
  46.6797676    9.7272615   46.5733795
  45.7996292    9.2588730   46.8089600
  46.6455956    9.5495510   45.5931244
  44.3840408    8.4895811   54.2258339
  43.6231041    9.1043005   54.0196953
  44.3838501    8.7192631   55.2198563
  44.3421516    8.9180422   56.8045158
  43.5740089    9.2273970   57.3857422
  44.3270187    7.9780283   57.1691742
  44.2089005    5.7896209   50.9738770
  43.3920441    5.2575893   50.8314209
  44.1786880    5.6965370   51.9818573
  44.2294579    5.8274083   53.6967812
  43.3668060    5.6041660   54.1388664
  44.3013535    6.7944403   53.9622879
  46.4131470    4.2303004   54.1012459
  45.5413208    4.7037034   54.0562553
  46.5189514    4.3658171   55.1193657
  46.5228462    4.7174211   56.7574806
  45.8355408    5.4519472   57.0156670
  47.2451591    5.1400409   57.3058853
  46.4858589    9.7767134   50.9066811
  45.6444435    9.2820454   50.6048126
  46.1384354   10.7080555   50.6530762
  46.7943039    9.5901432   53.5046577
  45.9150620    9.1297064   53.7000198
  46.7118378    9.6014280   52.5127716
  44.2719803    8.2366514   61.2413368
  43.5099487    8.9058819   61.0603905
  44.3634949    8.4191093   62.2146873
  44.1975288    8.6187382    2.6818371
  44.1723099    7.6343164    2.8425140
  43.3319321    8.8557625    3.2098815
  44.5074158    6.3556180   57.5331879
  43.6721382    5.8482718   57.3439941
  44.4768181    6.2303262   58.5429688
  44.3437004    5.8275223   60.1335297
  43.5963821    5.3250957   60.5198402
  44.2037277    6.6908932   60.6560516
  46.4753990    4.6179218   60.9628220
  45.6515732    5.0970821   60.5367393
  46.2870293    3.7631567   60.4520683
  46.5211449    4.5691690    2.3399372
  45.6341896    5.0763273    2.5259681
  46.4858398    4.7611656    1.3393615
  46.6816750    9.6692314   57.5163765
  45.6970634    9.4630785   57.1519432
  46.4812775   10.7024298   57.4577942
  46.5946007    9.2849865   60.2549248
  45.6966705    8.9102917   60.4028473
  46.6264076    9.4244623   59.2979050
  43.6254845   16.1454315    7.1729441
  42.8613472   16.5730209    6.6530457
  43.4883385   15.2005291    6.7779140
  44.0200005   15.8973875    9.8761616
  43.2551384   16.5102501   10.0933008
  43.9263153   15.9996691    8.8642931
  43.3375168   13.4261026    3.5616813
  42.5627708   12.8836613    3.2094233
  44.0590096   12.8810854    3.0791187
  43.5230064   13.7519007    6.1306410
  42.6967583   13.2415104    6.4014482
  43.3504868   13.6498671    5.1095381
  45.3373795   11.8891592    6.4173717
  44.7396202   12.6850309    6.3154316
  46.1504555   12.3731337    6.0978837
  45.8637276   11.8999262    9.0576105
  45.6100235   11.8346214    8.0697050
  45.0190926   12.3737745    9.3536358
  46.0013924   17.0023384    3.9458084
  45.2792397   16.4907303    3.4017344
  45.7516136   17.8736687    3.4995735
  45.8540535   17.4629459    6.6338348
  45.0515022   16.8966103    6.9192052
  45.8061981   17.2174816    5.6573997
  43.8897781   15.8818512   13.6774626
  43.0382690   16.4677982   13.5384283
  43.8487854   16.0078869   14.7197666
  43.5943489   16.1229401   16.2562237
  42.7354088   16.4583664   16.6674767
  43.5468025   15.1941595   16.6890812
  43.7708015   13.1428776   10.0347023
  43.8404655   14.1478052    9.8884048
  43.5776711   13.2318697   11.0240822
  43.4239540   13.4219227   12.9288521
  43.6901627   14.3888273   13.1127357
  44.3286819   13.0876322   13.1854000
  45.9113960   12.3485327   13.8519726
  45.9720421   11.3718681   13.6121082
  46.6976089   12.7053909   13.3667727
  45.7364655   12.1331139   16.4819336
  45.7868385   12.3908443   15.5009279
  44.8351898   12.5814867   16.6327190
  46.4482002   17.1855640   10.3584757
  45.6752129   16.5552139   10.2210102
  46.3597183   17.2456512   11.3670206
  46.0811882   17.3875618   13.0350561
  45.2146606   16.9007092   13.2842617
  45.8614349   18.2275677   13.5360031
  44.1623688   16.0687828   20.2752686
  43.3268242   16.6092968   19.9988499
  43.9562950   16.1291447   21.2487717
  43.6880188   16.1527328   22.9846821
  42.8582878   16.5165520   23.4418545
  43.4440079   15.1873941   23.1119671
  43.4623222   13.4629412   16.9824791
  42.6127319   12.9269485   16.8380527
  43.3951874   13.4022684   18.0334702
  43.5624771   13.4753103   19.6932468
  43.8804970   14.3944588   19.9354630
  44.3516502   12.9542131   20.0799923
  45.6363297   12.2240143   20.6487160
  45.9007568   11.2889938   20.3605461
  46.5147285   12.6455450   20.3193207
  45.5000687   12.2782526   23.4025116
  45.5218582   12.1908445   22.3553638
  44.6167908   12.8245001   23.3915291
  45.9925232   17.1621513   16.9197769
  45.1056137   16.8325157   16.6321049
  45.7452583   18.1856060   16.8411751
  46.5269470   17.1250439   19.6053448
  45.6515541   16.6700153   19.8826618
  46.3087730   17.0635681   18.6069927
  44.2748756   15.7397547   27.1855545
  43.4777336   16.3607788   27.0427589
  44.2575569   15.8455992   28.2059956
  43.9237671   16.1713123   29.8500328
  43.0925331   16.6024323   30.2793121
  43.7797089   15.2647305   30.2687073
  43.1391754   13.5647535   23.5823307
  42.4248238   12.8253012   23.5143013
  43.2632446   13.4653502   24.5776119
  43.6669960   13.2589169   26.3000221
  43.9734688   14.1685324   26.6153316
  44.5400848   12.8291187   26.5862713
  45.8685493   12.1603117   27.4662476
  46.1179848   11.2517071   27.1001072
  46.7152939   12.6182652   27.1114197
  45.9011307   12.0687227   30.0673161
  45.7126160   12.0898895   29.0650520
  45.0730438   12.6344023   30.3173676
  45.9960175   17.1137810   23.9838543
  45.1709518   16.7823238   23.4949856
  45.8230896   18.0805473   23.6946030
  46.2751198   17.4503860   26.6490860
  45.6264725   16.7243938   26.9121494
  46.0855141   17.3333950   25.6467171
  44.4237747   15.9301243   34.1871147
  43.6022797   16.5345879   33.9897118
  44.2794762   15.9537992   35.2013245
  43.8697548   15.7584381   36.7435417
  43.0730591   16.2724075   37.1252213
  43.6709747   14.9019852   37.2736359
  43.7166786   13.6678247   30.8505516
  42.8180695   13.1519957   30.7312584
  43.7273788   13.6488724   31.8425598
  43.6603165   13.3960266   33.6287308
  44.0695419   14.3196182   33.8146095
  44.4302406   12.8678923   33.9947777
  45.8194733   12.1398630   34.4308472
  46.0360260   11.2974386   33.9082756
  46.6240234   12.6272926   34.0738792
  45.5821953   12.3826427   37.1745605
  45.3808823   12.2550735   36.1883659
  44.7124863   12.8313036   37.3920746
  46.2385559   17.4008904   30.6373653
  45.4631081   16.8617992   30.3178577
  45.8853188   18.3232384   30.3943825
  46.5367203   17.5278358   33.3638763
  45.7450104   16.9369659   33.5177765
  46.5623741   17.4013958   32.3525848
  44.5574646   15.8627214   40.7761688
  43.8234749   16.4905014   40.5103149
  44.3900986   15.9738560   41.8224831
  44.0971413   16.0864639   43.3482666
  43.2210693   16.4713345   43.7198334
  43.8727608   15.1221838   43.6266327
  43.2594719   13.4182091   37.9163857
  42.4137077   12.9256859   37.6678162
  43.1482887   13.3362255   38.8979263
  43.6925697   13.2352934   40.4936256
  44.1316566   14.1025448   40.5671120
  44.5503540   12.6598339   40.7102966
  45.9467392   11.9971676   40.8575668
  46.3466148   11.1760359   40.4428978
  46.6341324   12.6628180   40.5558701
  45.9912224   12.2948427   43.6051369
  45.9730568   12.2684355   42.6027679
  45.0701866   12.7857752   43.7040634
  46.1150818   17.0613041   37.4007492
  45.2314186   16.8414783   36.9461250
  46.0144234   18.0523777   37.2872887
  46.5786743   17.3043385   40.0223808
  45.7747688   16.7299843   40.2565880
  46.4493561   17.2321777   39.0332870
  44.4158974   15.5585203   47.6189423
  43.6641235   16.1322460   47.3105049
  44.2725563   15.7110472   48.6151848
  43.9408684   15.9798307   50.1774750
  43.0740204   16.4754829   50.4831619
  43.6054115   15.0884485   50.5978012
  43.6344261   13.5517883   44.0965843
  42.8181381   13.1197033   43.7619019
  43.5231972   13.3373203   45.1245232
  43.8343468   13.2305021   46.7557030
  44.1763268   14.1418247   47.1356697
  44.6247902   12.7220602   47.1240997
  46.0095062   12.0569315   47.8737831
  46.4027023   11.1993666   47.4725151
  46.8684998   12.6108847   47.6324158
  45.7168884   12.2398891   50.4521141
  45.6914253   12.1856871   49.4415855
  44.8297882   12.6908569   50.5388489
  46.1137085   17.2221260   44.5050583
  45.3662682   16.7783108   44.0469513
  45.9649925   18.1546135   44.0763855
  46.6083832   17.1413269   47.0395737
  45.8124619   16.6037388   47.3086281
  46.4327927   17.1149330   46.0356827
  44.2500458   16.0611229   54.6870270
  43.4611359   16.7241058   54.5430031
  44.1631966   16.1596260   55.7152557
  44.1014786   16.1952248   57.4574966
  43.2407608   16.5150604   57.8221054
  43.9971504   15.2048016   57.6486588
  43.1932716   13.4903708   50.9319572
  42.3834915   12.9681835   50.7585602
  43.2400589   13.4435291   51.9071426
  43.7174568   13.5871944   53.7153320
  44.0216217   14.4374275   54.1579971
  44.5799675   13.0501919   53.9430809
  45.9374123   12.2064247   54.4640007
  46.3507080   11.3009701   54.1377144
  46.7892227   12.7721739   54.2091255
  45.8559799   12.1272278   57.1832047
  45.7797318   12.2212067   56.1683960
  44.9198112   12.4937830   57.3500481
  46.0305252   17.2016926   51.2359200
  45.2712593   16.6995716   50.8066826
  45.7567406   18.0945797   50.8448830
  46.4695854   17.3959084   53.8493690
  45.6468887   16.8490639   54.1378174
  46.2385406   17.2075157   52.8711052
  44.7818413   15.7656689   61.2134705
  43.8911362   16.3025169   60.9970093
  44.6318665   15.8238659   62.1928864
  44.1423225   15.8200436    2.5388811
  43.2894325   16.3026295    2.6871505
  43.8620338   14.8876352    2.8624701
  43.6623917   13.5299978   57.8880844
  42.8263855   12.9627686   57.6956787
  43.7105865   13.3361244   58.8890152
  43.9603920   13.2788725   60.5411911
  44.3749504   14.1835690   60.7356491
  44.8261909   12.7559776   60.6653786
  46.2722054   11.8224297   61.1280670
  46.5093994   10.9342241   60.7813530
  47.1406021   12.2994432   60.8734741
  45.4156342   12.3248301    2.3206968
  45.8287697   11.4787951    2.7014112
  45.7878571   12.1952419    1.3834487
  46.3090096   17.3874493   58.2491226
  45.4781494   16.8637962   57.9352570
  46.0007477   18.2446518   57.8796349
  46.8596191   17.2833576   60.8099976
  46.0287552   16.7145596   60.8898010
  46.7192574   17.4000816   59.7749062
  43.8482552   23.7524509    6.6645494
  42.9340935   24.1941509    6.4889812
  43.8057251   23.8265419    7.6524911
  43.8625641   23.7223701    9.3123093
  43.1162415   24.2083473    9.8170204
  43.6671333   22.7904396    9.6971092
  43.0995712   20.9827499    3.2020245
  42.2027588   20.5360432    3.0732956
  43.0263290   20.9914894    4.2289600
  43.0855141   21.2653275    5.8741922
  43.3785744   22.1956215    6.2126651
  43.9919319   20.8587627    6.2278070
  45.3355370   19.9989948    6.8097234
  45.5081635   18.9798145    6.6777992
  45.4178658   19.9027138    7.8093095
  45.4843445   19.5916386    9.5068941
  45.7262192   18.6519852    9.7846289
  46.4042816   20.0104465    9.7401381
  45.8952866   24.6543407    3.4405293
  45.1702003   24.2332916    2.9271631
  45.6992035   25.6135216    3.1310387
  46.0496483   25.1735535    6.0328259
  45.1801872   24.6605015    6.2657456
  45.9450150   25.0564194    5.0449886
  44.0159492   23.7851048   13.7286119
  43.2327919   24.4036770   13.4978666
  43.7552910   23.7050304   14.7244215
  43.4210358   23.6763210   16.2167187
  42.5273438   24.0173492   16.6345673
  43.2999611   22.7324200   16.5713940
  43.4884148   21.3377419   10.1619911
  42.7320328   20.7453270    9.8584347
  44.2245598   20.7634163    9.7841787
  43.5139236   21.2514076   12.9431448
  43.7165565   22.1999187   13.1468821
  43.4733467   21.3677616   11.9336920
  45.5435562   19.9101620   13.8443270
  44.7371712   20.3814163   13.3673277
  46.1999893   20.4598904   13.2999725
  45.4038658   19.8000755   16.4672279
  45.3675156   19.9527493   15.4343462
  44.5449829   20.3423214   16.6085472
  46.1777039   24.9997597    9.9734325
  45.2890129   24.4732056    9.8094769
  46.1216316   24.9008427   11.0002918
  46.1281509   25.0390472   12.6517105
  45.3347244   24.6058636   13.1320391
  46.0189667   25.9636784   13.0210142
  44.0377846   23.4474182   20.1760445
  43.2884636   24.1494865   19.9535637
  43.8347511   23.5369492   21.1737480
  43.5519447   23.6307926   22.7613258
  42.7833366   24.0825672   23.2257347
  43.3652725   22.7094517   23.0861912
  43.2277222   21.1073647   17.0292187
  42.4185257   20.4926186   16.8987274
  43.3034439   21.0322361   17.9924278
  43.3851891   20.9296703   19.6770802
  43.7333031   21.8382854   19.9753361
  44.1892776   20.3990211   19.9097233
  45.7397346   19.6197948   20.4256306
  46.2158241   18.8046055   20.0425262
  46.4982834   20.2395096   20.1207676
  45.3836708   19.5003147   23.1346569
  45.4090271   19.5752087   22.1016655
  44.6068306   20.1252384   23.1727962
  45.5445518   24.9469395   17.2397766
  44.6874161   24.5069122   16.9256001
  45.3659325   25.8557644   16.8118000
  46.2427292   24.8854828   19.7684612
  45.4967461   24.2597885   19.9580917
  46.0030022   24.9816341   18.7760754
  44.0275230   23.5877876   27.3456078
  43.1879082   24.1067486   27.0542202
  44.0041847   23.7705727   28.3247871
  43.6243019   23.8906212   29.9642105
  42.6931992   24.2484341   30.2587414
  43.4115219   22.9275417   30.1322689
  43.1838608   21.1552658   23.6883583
  42.3394203   20.5987053   23.7413006
  43.2524719   21.1789570   24.7064342
  43.3425560   21.1695404   26.3054047
  43.6719971   22.0702114   26.7004223
  44.1561356   20.6329098   26.6456413
  45.5146637   19.9884758   27.3503456
  45.8082962   19.0472374   27.1144218
  46.3212547   20.4460869   27.0475006
  45.5455666   19.9983273   30.0150299
  45.4500694   19.9644127   28.9929085
  44.6694794   20.5332184   30.1308784
  45.7840309   24.5715313   23.9972630
  44.9706001   24.2535152   23.4951725
  45.6766930   25.5346966   23.6291714
  46.3655052   24.7770882   26.5872803
  45.5179558   24.2411423   26.8804283
  46.1099052   24.6230850   25.5793991
  44.3670845   23.5933800   33.9552917
  43.5062447   24.1211910   33.6665154
  44.2726402   23.8163853   34.9146271
  43.9088364   23.8389721   36.7406960
  43.1280441   24.2054596   37.1610565
  43.7092171   22.8727512   36.9107361
  43.2338829   21.4313049   30.6336975
  42.4832954   20.7754345   30.5408096
  43.4908943   21.2689381   31.5899105
  43.7318268   21.0688324   33.3307762
  43.9429283   22.0527992   33.5308228
  44.6090202   20.7207108   33.6610107
  46.0761414   19.9998417   34.2268715
  46.4761009   19.0846462   33.8686485
  46.7763557   20.5376930   33.7497978
  45.4254189   19.7033558   36.9944000
  45.4717751   19.7493420   35.9971924
  44.6149445   20.2863770   37.0849533
  45.8499527   25.0608959   30.9308167
  45.0063362   24.6223965   30.4710541
  45.6088371   25.9888439   30.6011162
  46.5808220   24.9426479   33.3666191
  45.7192383   24.4364452   33.6011467
  46.3568039   24.9631653   32.3702888
  44.4671478   23.6177521   40.8745651
  43.7042732   24.3157806   40.7730408
  44.2738419   23.5353127   41.8692513
  43.9045830   23.5744991   43.4499435
  43.0325584   23.9413967   43.8083496
  43.8450851   22.6690102   43.9467545
  43.1224899   21.2270641   37.3875008
  42.3165321   20.6178131   37.2966690
  43.1111031   21.2486458   38.3910179
  43.4858971   21.0875797   40.1778336
  43.8973541   21.9906483   40.3365669
  44.3417473   20.5508156   40.3152008
  45.6992989   19.7861938   40.6704636
  46.0759239   18.8987179   40.4139900
  46.5510216   20.2856655   40.5033531
  45.6592751   19.7711010   43.4397583
  45.4933624   19.9338322   42.4560280
  44.8626404   20.3055630   43.7585831
  46.2013245   25.1381569   37.5126915
  45.3625450   24.7419662   37.2739601
  45.9920120   26.0666885   37.1678734
  46.6123962   25.0565205   40.1620750
  45.8721313   24.4044666   40.3484535
  46.4560776   25.1407967   39.1728058
  44.1777840   23.4192200   47.2840996
  43.4530067   24.1066532   47.0648460
  44.0887871   23.5867100   48.2971001
  43.8044128   23.5016537   49.8843231
  42.9290695   23.8240108   50.3203964
  43.6583786   22.5314198   50.2957878
  43.4910126   21.0921192   44.2146072
  42.6423454   20.5200481   44.0824356
  43.4077415   21.1510887   45.2389412
  43.4482651   20.9501839   46.8051071
  43.7621040   21.8976250   47.0371323
  44.3554993   20.5428162   47.0889778
  45.7097816   19.6743793   47.5258369
  46.1014709   18.7274113   47.3684082
  46.5761566   20.1497498   47.3194733
  45.4944725   19.6300793   50.2027969
  45.4967232   19.7290001   49.1892624
  44.7726974   20.2829247   50.3717003
  45.9714241   24.9879208   44.4574699
  45.2650223   24.4096336   44.0194626
  45.7520790   25.8177567   43.9163246
  46.3961563   24.7273979   47.0149117
  45.5377922   24.1312943   46.9561157
  46.2393303   24.9986210   46.0014954
  44.3707542   23.5844440   54.1812096
  43.5074005   24.0857449   53.9318352
  44.1400452   23.4880772   55.1589508
  44.0816917   23.3379040   56.8163681
  43.2805061   23.8488636   57.1280327
  43.7871857   22.4282589   57.1834488
  43.3583374   21.1125298   50.9049683
  42.5115280   20.5698662   50.8412285
  43.4896812   20.9690495   51.9015846
  43.6929932   21.0363789   53.5480042
  43.9788971   21.9660873   53.7887955
  44.5185089   20.6221905   53.9598236
  45.8928757   19.9540138   54.4894791
  46.2024002   19.0264187   54.2090225
  46.7604027   20.4120827   54.1560745
  45.7349243   19.8073330   57.2561684
  45.6984596   19.8498573   56.2453079
  44.8666344   20.3046131   57.4228859
  45.9347687   24.5757027   51.2122383
  45.2025375   24.2187424   50.5705452
  45.7319031   25.5601177   50.9238853
  46.5858955   24.8224163   53.7714806
  45.6906548   24.3173847   53.9771156
  46.3678398   24.7806244   52.7309189
  44.6102715   23.1926842   60.9958801
  43.8357697   23.7777557   60.7359962
  44.4148331   23.3210449   62.0431137
  43.9094734   23.5096722    2.1373146
  43.0843811   23.9805794    2.4970210
  43.7136993   22.6062717    2.4884291
  43.3737411   20.9574585   57.7532463
  42.5728149   20.4026775   57.5879974
  43.3954926   20.7894230   58.7593422
  43.7356949   20.8029995   60.3431053
  44.1345673   21.7757988   60.4781647
  44.5938263   20.3976955   60.7572403
  45.8655739   19.6887856   61.4221840
  46.2703857   18.7728577   61.2214890
  46.7438965   20.1696053   61.1926270
  45.2663498   19.3673592    2.7428989
  44.4426765   19.9163666    2.9214535
  45.3439560   19.4903069    1.7536999
  46.2165184   24.6709538   57.8253136
  45.4601898   24.1733170   57.3994331
  45.8163338   25.6028709   57.6527100
  46.6963692   24.7257519   60.4338036
  45.9386520   24.0409870   60.6699486
  46.6040688   24.5833149   59.4495544
  43.8017349   31.1540718    6.5937586
  43.0436592   31.8358307    6.3453207
  43.6772423   31.2797604    7.6065311
  43.8541107   31.4725266    9.3397293
  43.0628548   31.7903748    9.9342928
  43.6749611   30.4909344    9.5333872
  42.9421730   28.7176762    2.9882166
  42.0134850   28.2609348    2.9695244
  42.9767418   28.7441273    3.9984384
  43.0227318   28.8169346    5.6330023
  43.2722282   29.7591934    5.9635425
  43.9561539   28.4397240    5.8489008
  45.3947792   27.8314762    6.4358377
  45.6750259   26.8464737    6.2697253
  45.4249496   27.6906471    7.4317937
  45.5280914   27.4410629    9.1084814
  45.7442932   26.4736900    9.2953701
  46.4481926   27.7968941    9.4122944
  45.6966553   32.3966217    3.3829072
  44.8347015   32.1307983    2.8763599
  45.4889183   33.3960419    3.1229291
  45.8772240   32.5946426    6.0393534
  45.1033211   31.9743214    6.1953373
  45.8958435   32.4301147    5.0374556
  43.9107552   31.5754261   13.4981108
  43.0271225   32.0449905   13.2809820
  43.7380028   31.4938011   14.4737864
  43.5447693   31.3640385   16.2105904
  42.6159439   31.7144108   16.4645386
  43.3386154   30.4097595   16.4867172
  43.4202271   28.9048538   10.0131721
  42.6381569   28.3386765    9.7083941
  44.1192856   28.3151436    9.5517435
  43.4664040   28.9027786   12.6721087
  43.6936378   29.8551807   12.7714920
  43.4281921   28.8822117   11.6558571
  45.5725403   27.5516071   13.6549139
  44.8695793   28.1414013   13.2612543
  46.3626518   28.0743256   13.2345972
  45.2687187   27.4666901   16.3579788
  45.3358917   27.6026096   15.3465738
  44.4341736   28.0564060   16.5041924
  46.1569710   32.6152878    9.8849182
  45.2397728   32.2030830    9.6859570
  46.1031570   32.5472260   10.8711052
  46.2465248   32.5608330   12.5928059
  45.3508530   32.1370201   12.9637775
  45.9328918   33.4693260   12.9493370
  44.0431175   31.1584339   20.2145214
  43.1897278   31.6591473   19.9520206
  43.9059753   31.2921391   21.1975098
  43.5394897   31.2890587   22.7751656
  42.6604385   31.7256050   23.0354900
  43.2241096   30.3584347   23.0152874
  43.0021858   28.9099350   16.9689560
  42.1583710   28.3509331   16.8636665
  43.0329437   28.7823353   17.9838562
  43.4983978   28.6134720   19.6072083
  43.7793236   29.5771885   19.8726578
  44.3637543   28.1877232   19.9709873
  45.7453537   27.4219456   20.4706764
  46.0589790   26.5114384   20.2355118
  46.5465240   27.9147129   20.0380878
  45.2511749   27.0418110   23.0599651
  45.3623810   27.3215427   22.0832348
  44.4551201   27.6828671   23.1838188
  45.8763275   32.5104637   16.9886818
  44.9336205   32.1393776   16.7233276
  45.6269073   33.4602814   16.7804832
  46.1186600   32.6193428   19.6515789
  45.3050995   32.0566902   19.9129963
  46.0304298   32.4512672   18.6532650
  44.1271515   31.1275730   27.0850258
  43.3510208   31.6537590   26.7036991
  43.9054604   31.2420387   28.0515251
  43.6325645   31.2844791   29.7802467
  42.8112793   31.6583157   30.1417179
  43.4247818   30.3212471   30.0400753
  43.1456223   28.6804924   23.4919872
  42.2460861   28.2694225   23.3484058
  43.0504417   28.7032509   24.5066299
  43.4746399   28.5834675   26.3413181
  43.7891693   29.4448242   26.7597275
  44.3330841   28.0705738   26.6163998
  45.6229095   27.3981037   27.3094482
  45.9451752   26.4484692   27.1683807
  46.4856796   27.8264236   26.9227238
  45.4591026   27.6169205   29.9528065
  45.5225449   27.6327477   28.9276581
  44.5583458   28.0902729   29.9650440
  45.7500954   32.4218445   23.8602295
  44.8967552   32.0740395   23.4771805
  45.5404701   33.3814964   23.6238670
  46.4046326   32.3972740   26.3677578
  45.5638618   31.8122940   26.6290379
  46.1506615   32.3860092   25.3971882
  44.2048836   31.2522926   33.9649887
  43.2982635   31.7084503   33.7680359
  44.0532761   31.2608604   34.9554405
  43.8762932   31.2798767   36.6053352
  42.9795189   31.6291656   36.9288330
  43.6995583   30.2905712   36.8594894
  43.1887169   28.7934837   30.5310764
  42.3402748   28.2402802   30.3361378
  43.1638947   28.7144356   31.5332832
  43.4474182   28.7026749   33.2080765
  43.7860870   29.6146431   33.4696655
  44.3182564   28.2125454   33.4415436
  45.8658371   27.5713310   34.0048332
  46.2060356   26.6743088   33.7142296
  46.7306519   28.0625305   33.6971741
  45.4423409   27.5425625   36.6945648
  45.5467529   27.6779575   35.6691742
  44.6143456   28.0998077   36.7631836
  45.9088020   32.4382896   30.6216660
  44.9514656   32.1002045   30.3937969
  45.6235428   33.4233856   30.3869400
  46.2246475   32.6695404   33.3099976
  45.3950119   32.0732384   33.5539818
  46.0907211   32.5439301   32.3037949
  44.2729988   31.2856865   40.7764091
  43.4061317   31.6953888   40.4142075
  43.9027748   31.2864532   41.7497826
  43.4801331   31.2170010   43.3097000
  42.7766838   31.6862011   43.8165131
  43.2581062   30.2732677   43.5658989
  43.1544380   28.8568954   37.1728592
  42.3013458   28.3147640   37.0186806
  43.1479568   28.6980267   38.1981049
  43.5739517   28.6899910   39.8212852
  43.8591194   29.6232605   40.1297989
  44.4144363   28.2262154   40.1401138
  45.7318802   27.5016460   40.6408424
  46.0225449   26.5137329   40.4479713
  46.5975647   27.9022026   40.3598595
  45.5506859   27.3879204   43.2775917
  45.5309982   27.6542225   42.2879982
  44.7067146   27.8844013   43.5171394
  45.9598961   32.4482422   37.6431007
  45.1448097   31.9805145   37.2196121
  45.5958366   33.3671722   37.3624153
  46.4959373   32.6531372   40.2559242
  45.6712456   32.1645851   40.5323410
  46.3431129   32.4760971   39.2668190
  44.2993317   31.1949329   47.4487534
  43.4246826   31.7483253   47.3315277
  44.1603279   31.1409111   48.4517174
  44.0672989   31.2493916   50.1700134
  43.1082344   31.5916138   50.3771744
  43.8892632   30.3508053   50.5750237
  43.3822365   28.7355785   44.1403465
  42.5380020   28.1781502   44.0687447
  43.4976044   28.6558723   45.1625595
  43.7311516   28.5772724   46.7783318
  44.0618973   29.5062923   47.0630836
  44.5490379   28.1014442   47.2021179
  45.8191185   27.2993202   47.8550339
  46.0196877   26.3237839   47.5294075
  46.7084999   27.6379147   47.4542465
  45.7229538   27.3041153   50.5837173
  45.7570229   27.3551483   49.5926933
  44.8714066   27.8447590   50.6820793
  45.8556404   32.3169937   44.1690216
  44.9643974   32.0532227   43.7922325
  45.6948318   33.3348656   43.9984436
  46.5209045   32.6156921   46.7503395
  45.6636276   32.1696892   47.0749817
  46.3322868   32.3971367   45.7719498
  44.3754501   31.0440578   54.3221703
  43.4986572   31.5616264   54.0171661
  44.0644951   31.0740337   55.2883415
  43.7129517   31.0671043   56.8766594
  42.8238792   31.4796848   57.2306557
  43.4544792   30.1319771   57.1881561
  43.4794693   28.6974354   51.0501862
  42.6342316   28.2561588   50.8215981
  43.4182701   28.5674992   52.0320549
  43.7023010   28.4232349   53.6326942
  44.1405907   29.3039055   53.8432617
  44.4491959   27.8615208   53.9905090
  45.9109612   27.2572231   54.7031784
  46.2713242   26.3809814   54.2932396
  46.7334290   27.8180408   54.4598465
  45.4190559   27.2010975   57.3680191
  45.5590019   27.3072872   56.3633041
  44.5844879   27.7492199   57.4391060
  46.1690903   32.4897079   51.1358070
  45.3814812   31.9953098   50.7211189
  45.8192520   33.4013138   50.8989410
  46.5945129   32.4202919   53.7375832
  45.7205353   31.9131546   53.8711815
  46.5059700   32.3792610   52.7266273
  44.3281822   30.9391994   60.9612541
  43.4668617   31.3828297   60.6342621
  44.0601807   31.0572834   61.9163666
  43.5814819   31.1877804    2.1865373
  42.8947525   31.7056141    2.6506732
  43.2885780   30.2676792    2.5116956
  43.0494576   28.6440048   57.7852859
  42.2389526   28.0182858   57.6924095
  43.1896172   28.4489880   58.7588387
  43.7104874   28.3010483   60.3937073
  44.0124321   29.1915245   60.7379990
  44.5150604   27.7668056   60.7031212
  45.9111061   27.3001480   61.3788185
  46.2156487   26.3931751   61.1731415
  46.7742004   27.8188210   61.2871704
  45.2637596   27.2167397    2.6820030
  44.3743210   27.6568108    2.7630863
  45.4129410   27.4618301    1.7149119
  45.9842606   32.1703796   57.8984222
  45.1366768   31.8156776   57.4578247
  45.8571358   33.1255875   57.5279312
  46.5773582   32.2695694   60.5251083
  45.7841225   31.7123890   60.8074379
  46.3894234   32.1551399   59.5103149
  43.5794945   38.5722618    6.5777159
  42.8233376   39.2396736    6.4629302
  43.7728195   38.7682800    7.5390458
  43.6688347   38.9892464    9.2017498
  42.8162537   39.4154663    9.6213875
  43.4115143   38.0438728    9.5309820
  42.9318466   36.4039574    2.8064034
  41.9978943   36.0713158    2.6752987
  42.9048042   36.2499886    3.8208547
  43.0118408   36.1504326    5.4847512
  43.2646828   37.0386314    5.9791069
  43.9366798   35.7249870    5.7720118
  45.3004837   35.2256927    6.5226760
  45.5634193   34.2450905    6.4061651
  45.3921051   35.1848984    7.5483375
  45.4796028   35.1555862    9.1987848
  45.6912804   34.2337761    9.4975271
  46.3677406   35.5663910    9.3839912
  45.6335754   39.7153969    3.2518916
  44.9456482   39.2934532    2.6365798
  45.5178299   40.6387367    2.8521235
  45.5119705   40.3292465    5.8925214
  44.7099266   39.7449455    6.0590301
  45.5605392   40.1156654    4.8731308
  43.8227119   38.9053230   13.4406109
  43.0948944   39.6270943   13.4061480
  43.7590408   38.8210030   14.4676123
  43.6178360   38.7579193   16.0517159
  42.6555099   39.1403999   16.2325916
  43.3810425   37.8785439   16.4247055
  43.3409348   36.4409714    9.9250774
  42.6918297   35.7576218    9.6216745
  44.1722527   35.9557457    9.5948467
  43.4468346   36.4168816   12.6261806
  43.6663322   37.3586121   12.9253645
  43.3370590   36.6474075   11.6537609
  45.5091858   35.0602417   13.4221144
  44.6974640   35.4740486   12.9824200
  46.2364388   35.5806503   12.9500399
  45.1849709   34.9275665   16.1203461
  45.2607384   35.0178490   15.1126719
  44.2638664   35.3881454   16.1868229
  45.7321320   40.5155144    9.9174986
  44.9423180   39.8928223    9.7925186
  45.8025703   40.3262367   10.9422255
  45.9631119   40.2459335   12.5116892
  45.0969772   39.8716774   12.9125233
  45.8613586   41.1401672   12.9701872
  43.7234688   38.9077682   20.1196060
  42.9433670   39.4609604   19.8161240
  43.5351105   38.9708099   21.1077061
  43.5188980   38.9976311   22.7946815
  42.6503181   39.3300133   23.2612495
  43.3470802   38.0371971   23.1079197
  42.8639107   36.3026199   16.7774582
  42.0841331   35.7116890   16.6104813
  42.7849884   36.2998199   17.7884331
  43.0529823   36.3493156   19.4591866
  43.3727417   37.3112068   19.7356167
  43.8963737   35.9123611   19.8657169
  45.3223686   35.2304802   20.5047836
  45.6356163   34.3113861   20.2438602
  46.1306572   35.6871490   20.1363678
  45.3144531   35.0233078   23.0889072
  45.3156548   35.1146774   22.0677605
  44.4890327   35.5691643   23.2082825
  45.5559921   40.1944504   17.1523209
  44.8421783   39.6598701   16.7035294
  45.2472687   41.1029053   16.8428135
  46.0116920   40.1742210   19.7910500
  45.1765442   39.6153831   19.9974041
  45.7853508   40.2438812   18.7948513
  43.9209480   38.6455269   26.8730469
  43.0411148   39.1392365   26.7320671
  43.9092331   38.8083191   27.8979931
  43.6509819   38.9050064   29.6033344
  42.7767563   39.3313141   29.9116383
  43.3936691   38.0021324   30.0555325
  43.0141335   36.5184555   23.5521469
  42.1856117   35.9492455   23.4457245
  43.0379448   36.3184929   24.6265259
  43.3348770   36.0555191   26.1519356
  43.6572113   37.0135536   26.3783474
  44.1128731   35.5937958   26.6153393
  45.5131035   34.7269554   27.1839561
  45.8537560   33.7912979   26.8886108
  46.2381821   35.1827049   26.6245098
  45.2678337   34.9839821   29.8025494
  45.1938858   34.9374313   28.7841625
  44.3555107   35.3976784   29.9279022
  45.6086845   40.2705383   23.6916275
  44.7399940   39.9005241   23.2601051
  45.4113693   41.2225189   23.3516178
  46.1001740   40.1615067   26.2457790
  45.2274971   39.6337585   26.4550552
  45.8840408   40.2343712   25.2635593
  43.9770889   38.6901321   33.7042503
  43.2003784   39.2742233   33.4512596
  43.7758102   38.8172150   34.7106323
  43.4215660   38.9295197   36.2724571
  42.5501442   39.2854080   36.7094727
  43.3071556   37.9920197   36.6930428
  42.9688606   36.4485893   30.5359020
  42.1853485   35.9006310   30.3070202
  42.9175186   36.3503532   31.5300846
  43.2861099   36.1924973   33.1850243
  43.6911469   37.1138382   33.3400764
  44.1342850   35.7059250   33.5091438
  45.4824982   35.0735397   34.0962219
  45.8104591   34.1655045   33.7365227
  46.2851143   35.5616798   33.7535934
  45.2654839   34.9141502   36.7705727
  45.3137856   35.0063095   35.7357407
  44.4340248   35.4853249   36.8268661
  45.8007545   40.3284531   30.5934067
  45.0592575   39.8511467   30.1006451
  45.4452019   41.2685699   30.3077450
  46.1777992   40.0851822   33.1982231
  45.3938828   39.4740753   33.3996048
  46.0715523   40.0810814   32.1840210
  44.1068954   38.7501945   40.5452080
  43.2972908   39.3101692   40.3166313
  44.0157738   38.7646866   41.5325241
  43.5919800   38.8920364   43.1890526
  42.7624702   39.2896729   43.6344643
  43.3883972   37.9365845   43.4097214
  43.0669403   36.3915558   37.2232933
  42.3445244   35.7548599   37.0602837
  43.0880966   36.3069649   38.2117805
  43.5668602   36.0036125   39.9519691
  43.7828598   36.9690132   40.0995522
  44.4113693   35.6317711   40.3660011
  45.8726006   35.2176857   41.0446777
  46.1227341   34.2282753   40.8377914
  46.7196617   35.5777626   40.6121941
  45.4472389   34.9129410   43.6300201
  45.4634972   34.9494209   42.6071587
  44.6193619   35.4813042   43.7262497
  45.6747932   40.1542053   37.0756340
  44.7122459   39.7680893   36.9128609
  45.4078674   41.1172752   36.8567734
  46.1991615   40.0785980   39.7494926
  45.4120140   39.4260406   39.9926147
  45.9961586   40.0138741   38.7600861
  44.0218773   38.5423393   47.4410934
  43.1844139   39.1170731   47.2861862
  44.0324059   38.6881714   48.4466362
  43.7326851   38.7725258   50.0390472
  42.7738571   39.1385345   50.2472610
  43.5393486   37.8891182   50.4338036
  43.2224884   36.3341713   43.9701157
  42.3596954   35.8755913   43.7612381
  43.1379967   36.2914925   44.9808731
  43.3754272   36.0573082   46.6651802
  43.6918488   36.9724426   46.9574203
  44.2253304   35.5823669   46.9475403
  45.6374092   35.0696678   47.5487366
  45.9204178   34.1855392   47.1516228
  46.4489746   35.5774460   47.2474480
  45.3548508   34.9470634   50.2470856
  45.3056183   34.8991280   49.2699928
  44.5148926   35.5168381   50.3834038
  45.7376328   40.0568352   44.4164467
  44.9028549   39.5907211   44.1394958
  45.5304031   40.9458160   43.9558220
  46.1837769   40.1246109   47.1171112
  45.4080620   39.4378128   47.2241898
  46.0768280   40.1320763   46.0958900
  44.1766243   38.6103592   54.1685028
  43.3236084   39.1068459   53.8696327
  43.9577751   38.6816483   55.1652260
  43.6960716   38.5769958   56.8025818
  42.7772522   38.8638611   57.0993233
  43.5372925   37.6015511   56.9371300
  42.9304962   36.3387299   50.9837799
  42.0996437   35.7888947   50.8379440
  43.0762482   36.0779381   51.9794731
  43.4479523   36.1319313   53.6755486
  43.8645515   37.0640297   53.8406296
  44.3050041   35.6417732   53.9773483
  45.7737808   34.9843407   54.3473701
  46.1596489   34.1067047   53.9796295
  46.5963440   35.5123787   54.0126762
  45.6270447   34.6063843   56.9842262
  45.6998749   34.7364120   55.9333992
  44.7733955   35.1435776   56.9950867
  45.8613052   40.2024345   51.0995522
  45.1264458   39.7213097   50.5535889
  45.6068840   41.1394539   50.7637482
  46.4817047   39.9667511   53.6367989
  45.7434502   39.2637749   53.8336945
  46.2438850   40.0797653   52.6715660
  44.1819801   38.5215836   60.4923325
  43.3365250   39.0287437   60.2831039
  44.0263023   38.5960808   61.5142593
  43.6049957   38.8327065    1.8143423
  42.8577538   39.3546028    2.1911426
  43.4001503   37.9424591    2.2766523
  43.2130356   35.8989754   57.4646111
  42.4598389   35.2819405   57.3200989
  43.1716728   35.9025116   58.4750290
  43.6164474   35.6989975   60.1303444
  43.9049377   36.6031265   60.3472328
  44.4621468   35.2499733   60.5058403
  45.8413277   34.8633499   61.0985641
  46.2111740   33.9106445   60.9281998
  46.7551689   35.2942009   60.8480644
  45.2077751   34.8968201    2.4100590
  44.3614388   35.3667946    2.4477272
  45.3921051   34.9759064    1.4352193
  45.9730301   39.8979454   57.4423561
  45.0982018   39.4995537   57.1057396
  45.7380791   40.8437119   57.1071625
  46.4214249   39.8232880   60.0872879
  45.5282898   39.2930756   60.2001915
  46.3556023   39.8722954   59.0704689
  43.3200111   46.5135384    6.2657852
  42.5808868   47.0928764    5.9835534
  43.2497864   46.6703224    7.2644744
  43.4686127   46.6226158    8.8354778
  42.6591301   47.0166893    9.3510218
  43.3294258   45.7014732    9.2043066
  42.9791718   43.8225174    2.6329503
  42.0561409   43.3361969    2.5140877
  42.9110603   43.8644295    3.6415129
  43.0325432   44.0977478    5.2990270
  43.2638512   45.0451317    5.6435118
  43.9232063   43.7214928    5.6423321
  45.3586693   43.1398659    6.3547287
  45.4466476   42.1753273    6.1172504
  45.3031197   43.0167618    7.3519940
  45.2791557   42.9348145    9.0157509
  45.5371590   42.0199165    9.3933115
  46.1750259   43.3216057    9.1638422
  45.8411064   47.4854889    3.2596154
  45.0213509   47.0057411    2.8221242
  45.5907516   48.3971062    2.8591061
  45.5610085   48.0120964    5.8626823
  44.7955513   47.3829918    6.0128803
  45.6512566   47.7517395    4.8658013
  43.5845108   46.5147438   13.3158340
  42.8016624   47.1497765   13.1550045
  43.3799629   46.4930687   14.3393154
  43.0903015   46.5201149   15.9570990
  42.1744423   46.9189262   16.2467346
  42.8429680   45.5676384   16.3132248
  43.0440674   44.0271683    9.8881874
  42.3815079   43.3303528    9.5101242
  43.8562965   43.5728760    9.5253220
  43.2663460   43.9852066   12.5243511
  43.4046364   44.9440308   12.7446699
  43.1076164   44.1494598   11.5048313
  45.4346352   42.7494469   13.3919115
  44.5877190   43.2064247   13.0815334
  46.1047592   43.3519287   12.9714479
  45.0490608   42.6594582   16.1257706
  45.0713043   42.6467896   15.1288805
  44.2351837   43.2294579   16.2306328
  45.7475014   47.8313293    9.7172918
  44.8133659   47.4471283    9.5447102
  45.6861267   47.7192764   10.7437973
  45.8080330   47.5575790   12.3555622
  45.0111542   47.1174889   12.8339672
  45.5878029   48.4863663   12.6098270
  43.7805862   46.1968117   20.0169411
  43.0507507   46.8666306   19.7874851
  43.6080513   46.3412971   21.0244122
  43.2178993   46.5185394   22.5410881
  42.3887634   46.9619560   22.8642807
  43.0634880   45.6236763   22.9432373
  42.5856819   43.9075584   16.6203232
  41.7597618   43.3876076   16.4060612
  42.5930595   43.8559456   17.6156960
  42.9009209   43.7679558   19.2517166
  43.2509613   44.6743011   19.5649242
  43.7458534   43.2713928   19.5269928
  45.1901588   42.7433739   20.0983982
  45.5512619   41.7686539   20.1003838
  46.0719109   43.1398773   19.8207951
  44.9488678   42.7573929   22.8261585
  44.8230743   42.8764801   21.8197060
  44.0759850   43.2793579   23.0451984
  45.4560585   47.6081924   16.6902733
  44.5303879   47.1837997   16.4363956
  45.1962929   48.5091667   16.3885078
  45.9790802   47.6677094   19.2912540
  45.1733398   47.0986710   19.5563278
  45.7793808   47.6025505   18.3032818
  43.6992455   46.3944054   26.6629124
  42.8653603   46.9064598   26.3372250
  43.4152603   46.4857979   27.6576290
  43.1672554   46.8784180   29.1970615
  42.3497238   47.3154030   29.5969028
  43.0020103   46.0026245   29.6310596
  42.7159843   44.0558205   23.5006561
  41.8595581   43.5372734   23.4468727
  42.8177376   43.8633995   24.5105934
  43.1580124   43.7475510   26.1563988
  43.4427910   44.6635818   26.3043976
  44.0008965   43.3015633   26.5515995
  45.2866516   42.6532669   27.1529350
  45.7342911   41.7601700   26.9073124
  46.1168480   43.1946983   26.9889507
  44.9333725   42.7738953   29.8425789
  44.8577728   42.7815475   28.8290558
  44.1191864   43.3493690   29.9939041
  45.5441513   47.6246490   23.7552357
  44.7954407   47.2777557   23.1780682
  45.4810028   48.5622635   23.3905067
  45.8645477   47.9105339   26.3215542
  45.0549812   47.2824173   26.4597054
  45.7816429   47.7911568   25.2796078
  43.8652000   46.3450165   33.8660355
  43.0576401   46.9148788   33.5524216
  43.6340179   46.3862152   34.8529053
  43.1581535   46.4009171   36.4992065
  42.3170853   46.8793983   36.7731972
  42.9024124   45.5056305   36.8553391
  42.7513809   44.4354439   30.2668171
  41.9411125   43.8589859   30.0882664
  42.7953987   44.2785530   31.2509556
  43.1354332   43.9628372   32.8971748
  43.4297104   44.8838806   33.2049255
  43.9732552   43.4966354   33.2425690
  45.2225952   42.5933952   33.8082848
  45.5787392   41.7020531   33.5856323
  46.1242485   43.0551224   33.5351524
  45.0615044   42.6601372   36.4246635
  44.9519196   42.6916466   35.4283752
  44.2469940   43.2186470   36.6441574
  45.5316658   47.7048645   30.3369751
  44.7151108   47.3782768   29.8356991
  45.2771454   48.6950989   30.1951065
  45.9682274   47.8599930   32.9982185
  45.2809525   47.1532402   33.1786804
  45.9947624   47.7742348   32.0050011
  43.9774818   46.2445984   40.4940338
  43.1568336   46.8399734   40.2534599
  43.7923927   46.2559052   41.4688644
  43.5965691   46.4296799   43.0967140
  42.7229080   46.8719063   43.4434929
  43.3170204   45.5337715   43.4644394
  42.6486626   43.7578354   37.1459236
  41.8784294   43.1543884   36.9515457
  42.7145309   43.5056915   38.1307793
  43.3483620   43.7719421   39.7766190
  43.6255798   44.7155571   39.9944839
  44.2080116   43.3559570   40.1395721
  45.6954346   42.6696548   40.5317001
  45.9855232   41.7634735   40.1536636
  46.4987144   43.2000198   40.2741928
  45.3353310   42.3401146   43.2790031
  45.3033867   42.4574623   42.2960434
  44.4906845   42.8619156   43.5047073
  45.5135002   47.6019859   37.0531425
  44.6217117   47.2448807   36.8266106
  45.3788986   48.5527039   36.7665405
  46.1173782   47.7291489   39.7088089
  45.2862663   47.2200775   40.0101089
  45.9297981   47.4894104   38.7045059
  43.9899254   46.4279404   47.2314720
  43.1054268   46.8886642   46.9773865
  43.8178825   46.4961739   48.2257347
  43.5339050   46.6307182   49.8274155
  42.7562332   47.0659866   50.3444977
  43.2309685   45.6927567   50.0800285
  43.1514435   43.8171425   43.9387665
  42.2360458   43.3230476   43.8675690
  43.1442337   43.7128601   44.9511337
  43.2830849   43.8269806   46.6191673
  43.6298027   44.7529488   46.7752419
  44.1456528   43.3879509   46.9828415
  45.5190964   42.7817612   47.4580460
  45.8133011   41.8250847   47.4270363
  46.3985634   43.1369972   46.9978065
  45.3255768   42.5377960   50.0827827
  45.2281494   42.6331863   49.0649719
  44.5694466   43.1720963   50.2826767
  45.5946121   47.6857529   44.0342979
  44.8091812   47.1992950   43.6117249
  45.2761955   48.5963669   43.6793861
  46.2921791   47.5118179   46.6361732
  45.3427887   47.1185265   46.8278389
  46.0886345   47.5742722   45.6344032
  44.0276947   46.2027092   54.2534599
  43.2229805   46.7889442   54.0211601
  43.7979164   46.2035065   55.2571831
  43.3943672   46.2482719   56.8998833
  42.5142746   46.5992699   57.2981110
  43.1858406   45.2740974   57.0983086
  43.0089073   44.0723724   50.6104088
  42.2439919   43.3782921   50.4227219
  43.0445595   43.8438606   51.6109848
  43.6625175   43.6537514   53.2086334
  43.9523087   44.5368500   53.5892372
  44.4372635   43.0901489   53.6026459
  45.7330666   42.4941673   54.2833099
  46.0591431   41.5322952   54.0967331
  46.6040421   42.9345932   53.8932953
  45.4521637   42.4782524   56.9505577
  45.3750267   42.5227432   55.9049873
  44.6405067   43.0481071   57.0646172
  45.8327942   47.6368752   50.8295135
  44.9675865   47.2575111   50.4624367
  45.6133308   48.6049576   50.5564804
  46.4175797   47.2331009   53.4405975
  45.5723991   46.7421989   53.6772346
  46.1042633   47.3150139   52.4695854
  44.1794815   45.8298111   60.7459259
  43.3407288   46.4040260   60.6458626
  44.1551628   45.9315796   61.7701073
  43.8564758   46.3386269    2.2113545
  43.0304031   46.8970413    2.4489961
  43.4090767   45.4641228    2.5019128
  43.0739594   43.6539345   57.4776611
  42.1829033   43.1939659   57.2167130
  43.0135040   43.4739151   58.4492149
  43.4228516   43.3227119   60.2348938
  43.7725563   44.2645531   60.4212265
  44.2421837   42.8502388   60.5445671
  45.8142242   42.3240395   60.9544373
  46.1997681   41.4259605   60.6498985
  46.5979118   42.8644791   60.6101608
  45.3793869   42.2073860    2.3242769
  44.5386467   42.7768974    2.4076960
  45.4045296   42.2394714    1.2859383
  45.6056709   47.4132118   57.7834702
  44.8341675   46.9468384   57.4033203
  45.3320351   48.3352928   57.5382233
  46.2828712   47.2136383   60.3661652
  45.4108543   46.6507492   60.5080681
  46.1184006   47.2192955   59.3512306
  43.4024429   54.1707993    6.1538477
  42.5532761   54.7641068    5.9746432
  43.3918533   54.3648834    7.1222601
  43.2730408   54.3974876    8.7839966
  42.4876671   54.7488594    9.3128328
  43.1978951   53.4495964    9.1479778
  42.9758072   51.6419449    2.5363317
  42.0977020   51.1707726    2.4924376
  42.9941063   51.6595802    3.5752022
  42.8909149   51.7382927    5.2315187
  43.0701866   52.6541595    5.5543056
  43.7384682   51.3390465    5.6483946
  45.0291557   50.5986862    6.3702016
  45.2868271   49.6643295    6.1946492
  45.0541344   50.5563278    7.3906083
  45.2985039   50.3816071    9.0170393
  45.5844193   49.5042343    9.3806791
  46.1606522   50.8455734    9.2158060
  45.6322098   55.4667892    3.2835176
  44.9379807   54.9407425    2.7498279
  46.4241524   54.9975471    2.9282734
  45.5889435   55.6577225    5.9373274
  44.7902641   54.9594231    6.0527487
  45.5868263   55.5593529    4.9224815
  43.8598900   54.0892029   13.0908918
  42.9681015   54.5790367   12.9641600
  43.7248650   54.0315056   14.1121330
  43.3365479   54.0075722   15.8100729
  42.4327927   54.3736877   16.1109753
  43.0321884   53.0233154   15.8870411
  43.0947571   51.8306351    9.5500336
  42.3736267   51.1698418    9.4010935
  43.8637505   51.2515602    9.3433514
  43.2052536   51.5845451   12.2436037
  43.5853081   52.4519730   12.5785408
  43.1055527   51.8821030   11.2674885
  45.4179649   50.1488419   12.9829140
  44.6782913   50.6886635   12.5853004
  46.1116486   50.9060783   12.8695030
  45.0462990   50.1455536   15.7329502
  45.1851883   50.1414871   14.7513103
  44.2176514   50.7066193   15.7705278
  45.4152718   55.5819511    9.9576550
  44.5876579   55.2085228    9.4935513
  45.3432121   56.5029793    9.4703856
  45.9332237   55.6253929   12.5666428
  45.1412239   54.9876060   12.6913013
  45.8040848   55.6748428   11.5497017
  43.5885658   54.0940666   19.8809986
  42.7124138   54.5215454   19.6736946
  43.4861832   54.1187363   20.8782787
  43.0649986   54.0626106   22.4566307
  42.2112656   54.3573494   22.9398079
  42.9915657   53.1019630   22.7526283
  42.8361320   51.4576340   16.4708767
  41.8710251   51.1490974   16.5039425
  42.9615135   51.3699837   17.4835911
  43.2296524   51.3797951   19.0801449
  43.5206146   52.2442589   19.4970665
  44.0624924   50.8539886   19.3446198
  45.4302597   50.2793007   20.0750866
  45.7866821   49.3646889   19.8471088
  46.2950706   50.7477379   19.7994881
  45.2192116   49.9851494   22.7682877
  45.2587395   50.0775299   21.7730465
  44.3433838   50.5358772   22.8503342
  45.2889748   55.3297348   17.0876713
  44.4870529   54.9001312   16.6700058
  45.1704788   56.2473946   16.6957340
  45.7086487   55.5231247   19.5961666
  44.8543777   54.9367180   19.6879864
  45.6761322   55.4788361   18.5742989
  43.6887398   54.0422440   26.5981121
  42.8723335   54.6368103   26.3763027
  43.4749489   54.1887054   27.6443920
  42.8458366   54.3949547   29.0156918
  42.0546036   54.8077087   29.5368977
  42.7036095   53.4713364   29.4523163
  42.8784027   51.4299164   23.2659435
  41.9826355   51.0002861   23.1935329
  42.9045868   51.3694649   24.3125248
  43.1077461   51.5130005   25.9019337
  43.5157700   52.4246368   26.1008930
  43.8209915   51.0121841   26.4653282
  45.0888519   50.2848740   27.1400223
  45.4010887   49.3125114   26.9253616
  46.0077972   50.6672935   26.8562565
  44.9017029   50.3557510   29.8083019
  44.9133415   50.3729324   28.7762451
  43.9960632   50.8235703   29.8661308
  45.1909065   55.1307983   23.4602489
  44.3350563   54.7666130   23.0978317
  45.0719795   56.0638885   23.1298542
  45.8749580   55.4686661   25.9943810
  44.9886322   54.9681740   26.2245159
  45.6621819   55.4416504   25.0020485
  43.3539391   54.3094139   33.7783546
  42.5453835   54.8609848   33.6039619
  43.2542038   54.2905235   34.7913589
  43.3190956   54.0575027   36.3552818
  42.4262161   54.3801270   36.7464409
  43.2353210   53.0784569   36.5790367
  42.6711006   51.9696426   30.1475582
  41.8088684   51.4468384   29.9974461
  42.6916885   51.8629875   31.1501198
  42.9476128   51.8653107   32.8346176
  43.1953659   52.7802010   33.2519150
  43.7063332   51.3865204   33.3047829
  45.1181679   50.4351311   33.7855186
  45.2885551   49.5409737   33.4177284
  45.9800911   50.8497314   33.4284515
  45.2122879   50.1846275   36.4919357
  45.1299477   50.2863693   35.4807739
  44.3463211   50.6650200   36.6985664
  45.1700745   55.3926964   30.3578453
  44.4042473   55.1577110   29.7675095
  45.1702538   56.3886871   30.1063118
  45.6463585   55.2924423   32.8593140
  44.8166275   54.8039551   33.1250954
  45.4129791   55.3044930   31.8637352
  43.5935936   53.7139740   40.2801018
  42.8111610   54.3532562   40.0619926
  43.4301529   53.8383446   41.2898941
  43.3000717   54.1548080   42.8467789
  42.5112076   54.5941696   43.2706909
  43.0469818   53.2023087   43.1796379
  42.8374100   51.3734093   36.9623680
  41.9832153   50.8589745   36.7913666
  42.8381119   51.3101120   37.9605713
  43.0256538   51.1805878   39.6472168
  43.3288002   52.0828590   39.9193115
  43.8847466   50.7255554   39.9993095
  45.3638420   50.1457977   40.4199791
  45.8313217   49.2450142   40.2207260
  46.1779861   50.7200775   40.1385880
  44.9200516   50.2118340   43.1108437
  45.0517387   50.2799759   42.1167679
  44.0806770   50.7653503   43.1647873
  45.5546265   55.1500549   37.4973984
  44.7436371   54.7699013   37.0301170
  45.5019112   56.0412521   37.0418243
  45.8026314   55.1613274   40.1481781
  44.9662094   54.5456963   40.2174835
  45.7536507   55.2226295   39.1410561
  43.8220100   53.9438324   47.1887093
  43.0200157   54.5425148   46.9938202
  43.6709404   53.9006195   48.1742897
  43.3184662   53.9832268   49.7873878
  42.4958038   54.3459892   50.3107796
  43.1346397   53.0071945   50.0612640
  42.7421913   51.7501793   43.6999931
  41.9320717   51.1584740   43.6702156
  42.8411713   51.6368332   44.7111320
  43.0213928   51.4687233   46.3653336
  43.3453827   52.3702698   46.6991920
  43.7553558   50.9488907   46.8380814
  45.2360573   50.0697021   47.2657089
  45.7069664   49.2070007   47.0652351
  45.9706993   50.6377449   46.8629570
  45.3253708   50.0631943   49.9700241
  45.1858635   49.9641342   48.9840355
  44.4447327   50.6109123   50.1261253
  45.5235291   55.2370453   44.0030060
  44.7049522   54.9252853   43.4796257
  45.4154968   56.2188606   43.7781792
  45.8726196   55.6676483   46.6688690
  45.1472549   55.0355873   46.9678688
  45.7689323   55.4542770   45.6686440
  44.0473022   53.4808235   53.9989891
  43.2661476   54.1715622   53.8918610
  43.9518967   53.5086555   55.0012054
  43.5791321   54.0713196   56.6572647
  42.7148895   54.4807739   56.8432503
  43.2953491   53.1223526   56.8526115
  43.1206398   51.3841019   50.6100349
  42.2772598   50.8129196   50.4918594
  43.1312561   51.2704849   51.6355743
  43.2161827   50.9877510   53.2107887
  43.6614647   51.8742943   53.4115677
  43.9939919   50.4694252   53.6383514
  45.4232712   49.6524429   54.2750130
  45.8633423   48.7670670   54.0869942
  46.2437325   50.1910820   53.9682121
  45.0335426   50.0131645   56.8954468
  45.1076851   49.9053268   55.8929367
  44.1906700   50.5512581   56.9125671
  45.5601540   55.2167740   50.9018669
  44.7711220   54.8385735   50.4498711
  45.5720749   56.1259041   50.5125504
  45.9848709   55.2010994   53.6004105
  45.2292404   54.5497284   53.7359810
  45.8491173   55.3391838   52.6213875
  43.8943100   53.5883789   60.5937424
  43.9372597   53.8251343   61.5574036
  44.7282562   54.1372795   60.3645592
  43.7540512   54.1433525    1.8892940
  42.9155121   54.6141167    2.1751475
  43.4860954   53.2218399    2.1026802
  42.7984085   51.4320374   57.2439232
  41.9239578   50.9186363   57.1188393
  42.7863998   51.3112679   58.2879143
  43.2720985   51.1137428   59.8358154
  43.4735184   52.0643349   60.1752968
  44.0744553   50.7048378   60.2660675
  45.5514030   49.8647919   60.8940353
  45.9012222   48.9552994   60.6535225
  46.2970657   50.3661613   60.4328041
  45.1645432   49.9175415    2.2794294
  44.2643967   50.2929192    2.2129698
  45.3374138   49.9759483    1.2398937
  45.6716576   55.3071022   57.6225624
  44.8258362   54.9320908   57.1665840
  45.5663261   56.2550354   57.3223534
  46.0538864   55.2262688   60.2457695
  45.9695358   55.3192062   59.2384911
  45.7372742   56.1713867   60.4549370
  43.9853630    0.8426572    6.5305567
  44.2308884    0.8738720    7.5336370
  44.9197426    1.1546853    6.2224908
  44.1647034   61.7714767    9.1592150
  43.3308411   62.1776924    9.6192827
  43.8133659   60.7863884    9.3168211
  43.2116241   59.8128853    3.2977257
  42.4032135   59.3327866    2.9257197
  43.8454399   59.0489616    3.0415852
  43.4007835   59.5225410    5.8897595
  43.5254173   60.4772911    6.1045318
  43.4607124   59.6248207    4.8860254
  45.9995422   58.2231865    6.1947861
  45.9806099   57.1887207    6.0756550
  45.0420189   58.3716164    6.0389833
  45.5757942   58.0712509    8.8802109
  45.7647209   58.3410187    7.9519820
  46.3872986   58.5233650    9.3229961
  46.4851227    1.9770474    3.1693742
  46.3907089    2.8712907    2.7589121
  45.6441116    1.5606892    2.8859568
  46.4110451    1.7303194    5.8749270
  46.4479599    2.7353630    5.9323339
  46.5375252    1.7527736    4.8142943
  43.6656570    0.0945862   13.4397354
  43.8217239    0.2105881   14.4256687
  44.5264359    0.6158450   13.1646709
  43.8040199    0.4182324   16.0608578
  43.1102409    1.0717826   16.3334522
  44.6279068    0.9232348   16.3569565
  43.2384186   59.2903976    9.7827330
  42.5506210   58.5943718    9.6250381
  43.9885559   58.8069267    9.3373051
  43.5825195   58.8736916   12.5522528
  43.4799614   59.8259544   12.9288874
  43.6239357   59.2292099   11.5795078
  45.9083290   57.9942627   13.5940037
  45.9320717   57.0663109   13.1833363
  45.0557938   58.2948380   13.1316233
  45.2567673   57.9296112   16.1830673
  45.5225105   57.9347725   15.2212162
  46.0226402   58.5399704   16.5054646
  46.0141373    2.1309819   10.1321735
  45.3718948    1.4700656    9.7668800
  46.8615685    1.7067579    9.8020315
  45.7885208    1.5019795   12.7932539
  45.9323425    2.4709339   13.1260424
  45.9151993    1.7170535   11.8173256
  43.9782982   61.8101692   20.2616806
  43.9030380   61.7624321   21.2913513
  44.0053673   60.7804184   20.1682167
  43.9542885   61.5078278   23.0137119
  43.1314468   61.9555321   23.3945103
  43.6314774   60.5823441   23.3531914
  42.9955139   59.1442032   16.9978409
  43.3066978   60.0451813   16.6867027
  43.7642403   58.6139908   16.5537109
  43.7883453   59.0902634   19.6120605
  42.9078751   58.7037849   19.9690456
  43.4792213   59.1885338   18.6565266
  46.1041832   58.0394516   20.2386608
  45.9523354   57.0923958   19.9256477
  45.2051277   58.4059258   19.9238796
  45.4728088   57.7572327   22.7425327
  45.7231712   57.8115463   21.7707520
  46.3266029   58.1978683   23.0955124
  46.0910759    1.8357289   16.7610207
  46.1378098    2.8609951   16.6519756
  46.2887764    1.8701553   17.7484169
  46.3855476    1.6519370   19.4149284
  46.2534637    2.5809057   19.7916603
  45.4338837    1.3657988   19.5915928
  43.9135933    0.3291257   26.8469830
  44.0527649    0.2428035   27.8428707
  44.8213234    0.8471906   26.6983318
  44.0630836    0.3515511   29.4644775
  43.3479271    0.9596290   29.7272682
  44.8435745    0.9041326   29.8984623
  43.3498573   58.9745026   23.7559719
  42.5627861   58.4733696   23.4500313
  44.0459862   58.3899612   23.3147392
  43.6912537   58.9959984   26.4012089
  43.6817703   60.0225677   26.5162621
  43.6366119   59.0309944   25.4107037
  46.0511208   58.0779457   27.2599239
  46.0715370   57.2140312   26.7463799
  45.1273880   58.3875885   26.9159641
  45.3405228   57.9176521   29.7124386
  45.6253052   57.9128761   28.7250099
  46.1541710   58.5407715   29.9487247
  45.7964897    2.1315184   23.5948868
  45.1319160    1.3905920   23.2861900
  46.6169090    1.5667106   23.3536911
  46.2465401    1.8197336   26.2897396
  46.3644066    2.7941570   26.5284767
  46.0243607    2.0531721   25.2859592
  43.9247818   61.9915123   33.9821167
  43.8917885   61.7097282   34.9813843
  43.9808617   60.9917450   33.6706963
  44.1094666   61.4218407   36.6322594
  43.1926765   61.7902374   36.9401932
  43.9884872   60.4949417   37.0349884
  43.1506882   59.2560768   30.2894783
  43.6564255   60.1020813   30.0203705
  43.9788895   58.6456223   30.0237598
  43.7662582   59.4377785   32.9134903
  42.8827057   58.9703331   33.2260666
  43.4410782   59.4685707   31.9418583
  45.9776344   57.9004364   33.8248177
  45.8661842   56.9989586   33.4599724
  45.1966705   58.3476906   33.3484879
  45.5758171   57.6852684   36.4556656
  45.8021584   57.8318825   35.5214157
  46.3520050   58.2497368   36.8254242
  46.0818214    1.8224994   30.1943874
  46.2503738    2.8034000   30.0595455
  46.1890221    1.8292263   31.2008610
  46.2587852    1.8552672   32.8601608
  46.3001709    2.7682219   33.2296638
  45.3227615    1.6002592   33.0881195
  43.6921120    0.2286319   40.2632065
  43.7666245    0.2369411   41.3016472
  44.6072655    0.6503645   40.1855583
  43.8608665    0.5652733   42.9142914
  43.2308998    1.2444003   43.3183365
  44.6939545    1.0626858   43.1452370
  43.4771919   58.9357109   37.4360313
  42.7786293   58.3434830   36.9737701
  44.2742767   58.4410782   37.0077858
  43.8859940   58.8623276   39.9759178
  43.7865982   59.8624535   40.1357422
  43.6701431   58.9460831   38.9678879
  46.2185783   57.8273811   40.7416382
  46.0699692   56.8613586   40.5353432
  45.3508339   58.1560555   40.2661362
  45.6345139   57.8852234   43.2485695
  45.8212852   58.0337715   42.2523766
  46.3964195   58.4712486   43.5703583
  45.7630730    2.0375218   37.3033867
  45.1250458    1.2814785   36.9748535
  46.5937500    1.6121155   36.9224625
  46.0431747    1.4445027   39.8153229
  46.0926971    2.4439034   40.1158104
  45.8869324    1.7375039   38.8560715
  44.1666412   62.1242981   47.1910553
  44.1149673   62.0205307   48.2026558
  44.1960831   61.1317863   46.9858246
  44.0029793   61.8369751   49.8434448
  43.1852531   62.3206635   50.2639694
  43.7345467   60.9295197   50.2484398
  43.3205605   59.1785431   43.8070183
  43.6073723   60.1078568   43.4797401
  44.1895752   58.7203522   43.5473747
  43.9917068   59.3723412   46.5100708
  43.1989250   58.8016281   46.8200188
  43.8476601   59.2026024   45.5553207
  46.1803207   58.2187347   47.5095940
  46.0809212   57.3345871   47.0571289
  45.3807983   58.6755867   47.1313248
  45.5816765   57.7531395   50.0456123
  45.7952805   57.8258514   49.0854912
  46.4391136   58.1987839   50.3889580
  46.3545456    1.8421468   43.6436081
  46.3824081    2.8375454   43.4699287
  46.4492950    1.9462848   44.6385956
  46.6159325    1.7727201   46.2753677
  46.6421928    2.6904070   46.7367821
  45.7542000    1.4372903   46.6191216
  43.9654961    0.2177563   54.0961494
  44.0586052    0.2829018   55.1352654
  44.7639351    0.8215116   53.9349976
  44.0422020    0.5415319   56.7888947
  43.3361244    1.1679561   57.1310196
  44.8353043    1.0642278   57.0929680
  43.5158386   59.3398323   50.7143707
  42.8058701   58.6696396   50.4475822
  44.3115997   58.7310829   50.3817139
  44.0624695   58.8622513   53.2309952
  44.0892296   59.8535423   53.5089226
  43.8700066   59.0488777   52.2568703
  46.0621529   57.8029709   54.6719971
  45.9896698   56.8452644   54.2997742
  45.2618752   58.1511230   54.1408577
  45.6751823   57.9662857   57.2486725
  45.9038162   57.9870110   56.2344475
  46.4566231   58.5157700   57.5288620
  46.0177040    2.0913081   50.8565674
  45.3110237    1.4807153   50.4467392
  46.8036728    1.5521435   50.5588341
  46.1233406    1.6472991   53.4815598
  46.1979294    2.6586547   53.6444397
  45.9504509    1.7393394   52.4958992
  44.1349373   62.0686417   60.9795761
  44.2387581   61.9547768   62.0093880
  43.9570236   61.1381111   60.8013611
  44.0686111    0.9728279    2.4941258
  43.2779427    1.5181122    2.7139571
  43.6620827    0.0853615    2.8270457
  43.4174805   59.2039871   57.5888367
  43.6531868   60.1390724   57.2531013
  44.3253479   58.7927818   57.3863945
  43.4904099   59.4505005   60.2079086
  42.6675987   58.8654060   60.4461212
  43.3063316   59.4273071   59.1925125
  45.3693352   57.6741180   61.0194435
  44.6543312   58.3160057   60.6975937
  46.1171532   58.3832626   60.9194069
  44.9120178   57.9157448    2.4227204
  45.1607475   57.0241699    2.7865419
  44.9553795   57.6805611    1.4538515
  46.0779495    2.0801799   57.4040222
  46.2245903    3.0764325   57.2425919
  46.1008415    2.1669042   58.4489403
  46.2810631    2.0753026   59.9792252
  45.5227280    1.5348631   60.4697952
  46.9925346    1.6244690   60.5391388
  48.3376617    8.5258884    6.8864231
  47.5589142    8.7394485    6.2801991
  48.4735374    7.6034617    6.6355300
  48.2658463    8.0751657    9.7158241
  47.5606003    8.7465763   10.0172911
  48.2093582    8.3204250    8.7506447
  48.5907135    5.7055135    3.5156922
  47.8045578    5.3057852    3.0971174
  48.4109688    6.6734557    3.3443398
  48.5927849    5.8817139    6.1406374
  47.7241325    5.3939252    6.2536173
  48.5480118    5.7732153    5.1063337
  50.7044525    4.8768072    7.2561979
  49.8001862    5.1603851    6.8118525
  50.6009254    3.8969903    6.9189825
  50.8924141    4.3353992    9.8512650
  50.8627472    4.5679116    8.8910599
  49.9116287    4.6881933   10.0064135
  50.7158432    9.3933659    3.9299862
  49.8619919    8.9291029    3.6490366
  50.3907280   10.3089590    3.5243349
  50.4433708    9.9920940    6.5912929
  49.6103058    9.4541836    6.8173490
  50.4976158    9.7426186    5.6291356
  48.1165047    8.2268143   14.0810013
  47.4082413    8.7541952   13.5070972
  47.9886055    7.3643451   13.5128832
  48.4237747    8.4094801   16.7473488
  47.5110550    8.8261070   16.9923744
  48.2175827    8.4046144   15.7408924
  48.5076027    5.4944963   10.2796774
  47.7806129    5.1719837    9.6187649
  48.4040260    6.4808984   10.0401592
  48.1481171    5.8596683   12.8534842
  47.4154091    5.1782050   12.9787884
  48.2832375    5.6834764   11.8811255
  50.5016594    4.8461657   13.8072577
  49.6042290    5.2141523   13.5068493
  50.3717041    3.9592075   13.3626490
  50.7085953    5.0394835   16.4230118
  50.6254768    4.9445400   15.4055643
  50.6974792    4.0835152   16.6148739
  50.5429153    9.2468843   10.5003881
  49.7199707    8.7445211   10.2597609
  50.3543968    9.2797089   11.5066557
  50.3650742    9.4112024   13.2888412
  49.5024529    9.1575222   13.7483120
  50.2279854   10.4220104   13.4129391
  48.6605721    8.3916578   20.6053829
  47.8220215    8.8479824   20.3378277
  48.4202995    7.4634442   20.3439789
  48.4821053    8.4289751   23.3422432
  47.5836487    8.8595486   23.3960819
  48.5377884    8.4572048   22.3325500
  48.2642212    5.8200040   17.2271652
  48.1778488    6.7821689   16.9737473
  49.1987000    5.6870222   16.8485985
  48.2390785    5.8059902   19.8784695
  47.4098206    5.1860237   19.8467941
  48.2543488    5.9370809   18.8586121
  50.6624374    4.9652524   20.6766891
  49.7140083    5.2459464   20.4556847
  50.5653229    4.0459027   20.2939415
  50.9054375    4.5737829   23.4316921
  50.8590088    4.8513708   22.4368515
  50.0213127    4.9816866   23.6774483
  50.7163773    9.5258036   17.5571117
  49.8389778    9.0833387   17.1808929
  50.4625092   10.4220810   17.1849499
  50.8413391    9.7057209   20.1721668
  49.9959030    9.2103519   20.3770523
  50.7675323    9.5493765   19.1539822
  48.7710381    8.4045792   27.3908100
  47.8736992    8.7179298   27.0782127
  48.7117233    7.5393462   26.8817654
  49.0085831    8.2414808   30.1078758
  48.1261940    8.7742987   30.1669788
  49.0017319    8.3596277   29.0600739
  48.3936577    5.6957555   23.7472439
  47.5426140    5.3758678   23.3432693
  48.4090919    6.6035209   23.4044762
  48.6973839    5.9319258   26.3271751
  47.9303284    5.3423448   26.6298466
  48.5827980    5.7039919   25.3645058
  50.9520645    4.8584852   27.3793564
  50.1480408    5.2622929   26.9288063
  50.8216896    3.9137485   26.9711933
  50.9690247    4.8684225   30.1236610
  50.9783745    4.8780079   29.0981274
  50.9233856    3.8580477   30.1854343
  50.6891289    9.5478544   24.2308903
  49.8349075    9.1817350   23.8196354
  50.5748520   10.4990196   23.9212742
  50.7910919   10.0299807   26.8351116
  49.9890327    9.4006901   27.1145554
  50.6753006    9.8454714   25.8495617
  48.7943649    8.6960278   34.0643845
  48.0195084    9.1323500   33.5839844
  48.5856705    7.7387052   33.7330589
  48.2259254    8.1234379   36.6906624
  47.4174576    8.7413902   36.8530998
  48.4493599    8.4656982   35.7836685
  48.5642128    5.7634864   30.7720394
  48.8315277    6.7477188   30.5504303
  49.4860992    5.4275966   30.5507431
  48.3530807    6.0754113   33.5053253
  47.6068840    5.3761964   33.6109924
  48.3466377    5.9752159   32.5012512
  50.7315407    4.9475808   34.3745422
  49.8442497    5.3650279   34.1356812
  50.6077499    4.1231956   33.8011780
  50.7437477    4.4413586   36.9640999
  50.7426033    4.6055660   35.9522514
  49.8213081    4.8002996   37.1199150
  50.9008675    9.8083344   31.1479053
  50.1668282    9.2958422   30.7328682
  50.5183144   10.7267761   30.8731194
  51.0923576    9.9294996   33.8457985
  50.2170105    9.4165916   33.9865952
  51.0909424    9.8458786   32.8400269
  48.6991730    8.0618534   40.9179039
  47.9319534    8.5558081   40.4275551
  48.4233971    7.1563797   40.5069389
  48.9694901    8.2271786   43.5469666
  48.1177673    8.7824469   43.6838379
  48.8133621    8.2042303   42.5008965
  48.2020302    5.5204463   37.2111664
  47.2836494    5.3228116   36.8216400
  48.2074547    6.4928432   36.9748802
  48.1825752    5.6197381   39.8115921
  47.5302200    4.8955836   39.9721680
  48.2094536    5.4754238   38.7669754
  50.4604721    4.6790500   41.0785561
  49.6252441    5.0229573   40.6878548
  50.4058037    3.7327919   40.6599274
  51.0198021    4.6141567   43.6367683
  50.9070587    4.6792364   42.6639366
  50.9213448    3.6289828   43.7516861
  50.4146576    9.2084112   37.9578209
  49.5603333    8.8060369   37.6303177
  50.2096596   10.1335878   37.5517845
  50.6970596    9.7892475   40.6088715
  49.9431496    9.1091356   40.8613930
  50.6579704    9.5279417   39.6327019
  48.8407288    8.5649490   47.6980362
  47.9595108    8.9068069   47.3236809
  48.7531433    7.5919180   47.3414497
  48.6001129    8.2538939   50.3926125
  47.7461128    8.8853445   50.3543625
  48.7605858    8.3226662   49.3784256
  48.6693497    5.6404510   44.4187698
  48.8577766    6.5519748   43.9565659
  49.5105362    5.2194252   44.0039864
  48.4459076    5.9625201   46.9664040
  47.7557068    5.2855334   46.9971886
  48.5263901    5.9772706   45.9167862
  50.8355026    4.8484297   47.8562965
  50.0041351    5.2431374   47.4693527
  50.7539291    3.9172027   47.4930267
  50.8870316    4.3015423   50.4303894
  50.8911896    4.4798584   49.4356117
  50.0250435    4.8389115   50.6213608
  50.8248291    9.5868826   44.9011269
  50.1323204    9.1105232   44.4248085
  50.5456047   10.5191374   44.5637131
  51.1844749    9.6242886   47.4908981
  50.2269325    9.2215862   47.6231155
  51.0962105    9.6013098   46.4380493
  48.8153191    8.2696953   54.5863762
  48.1450386    8.8538227   54.1184158
  48.5668640    7.4093409   54.1096649
  48.8322678    8.1537848   57.2035408
  47.9862595    8.7560740   57.2526131
  48.7918625    8.2141037   56.1554871
  48.5358315    5.6167297   50.9011497
  47.7052307    5.2644944   50.3860321
  48.3169861    6.5974197   50.7341118
  48.6050491    5.7042303   53.5650826
  47.8022995    5.0835519   53.6814575
  48.6336098    5.6495466   52.5495110
  50.7679062    4.5193172   54.5044212
  50.0196114    5.1025701   54.1750984
  50.5170898    3.6619172   54.0738258
  50.8443069    4.5149183   57.1794510
  50.9405861    4.3839655   56.1952095
  50.8162346    3.6124964   57.4645615
  50.7079887    9.3947887   51.3849792
  49.8914528    8.9285860   51.0077286
  50.4954033   10.3085499   50.9856148
  51.0860901    9.6983032   53.9654846
  50.3073463    9.1628389   54.3244247
  50.9136772    9.4674501   52.9940605
  48.8432808    8.5861473   61.5191269
  47.9289665    8.7767811   61.0545921
  48.7982903    7.5837593   61.3713188
  48.4744492    8.3521767    2.9352834
  47.6946945    9.0233927    2.9440036
  48.6468124    8.5193567    1.9428254
  48.6449509    5.7274637   58.1804962
  48.6921043    6.6505418   57.7408028
  49.5354881    5.3947554   57.8105621
  48.7754326    6.0347295   60.8798332
  47.9021339    5.4642034   60.9289742
  48.8701591    5.8657856   59.8723259
  51.0847969    4.6892800    0.2256933
  50.2268753    5.1993380    0.0491939
  50.9867744    4.7034383    1.2232119
  50.8790855    4.6334591    2.9554560
  50.0222626    4.9937706    3.3215322
  50.7495117    3.6454673    3.1782382
  50.7571831    9.5529766   58.1875267
  50.0133057    8.9885855   57.7590599
  50.4847069   10.4350138   57.7985535
  51.0652008    9.7594023   60.8019295
  50.1491432    9.3073168   61.0894470
  50.8467026    9.6644926   59.8293037
  48.1507072   16.1499062    6.8457308
  47.2707596   16.6365566    6.7530370
  48.2460136   16.2369595    7.8178248
  48.5704689   15.9955292    9.4388609
  47.6899147   16.4143562    9.8052130
  48.2744141   15.0595627    9.7028551
  47.6964264   13.4364338    3.3356712
  46.7512398   13.3157034    3.0049453
  47.4878426   13.4034662    4.3175821
  47.5935440   13.4726753    6.0322270
  47.7608032   14.4023666    6.3670998
  48.4915466   13.1252041    6.3946953
  49.8970451   12.5876551    6.9252973
  50.1477203   11.5797253    6.7452044
  50.0294266   12.4311523    7.9368329
  50.1420670   12.0570679    9.4851017
  50.4635582   11.1855183    9.8398552
  50.9979858   12.5882301    9.7364674
  50.6197853   17.1001682    3.3568811
  50.6624641   17.1127262    4.3797827
  49.6719437   16.7011509    3.3193743
  50.3920212   17.4446735    6.0346065
  49.4885674   17.0429077    6.2886968
  50.0962219   18.4097767    6.2442064
  48.3748512   16.0334721   13.2709198
  47.5660553   16.6443806   13.1740370
  48.4081535   16.0616989   14.2825098
  48.2387199   16.0898170   15.9582872
  47.3885002   16.4269791   16.2952976
  48.1931496   15.1290531   16.2411366
  47.7666054   13.5016956    9.9670563
  46.9963570   12.9629049    9.5593958
  48.4726028   12.9417324    9.6538391
  48.0940323   13.4504843   12.6182203
  48.1759071   14.4525709   12.7768183
  48.0313416   13.5329399   11.5843058
  50.1253204   12.0254335   13.7047958
  49.4402275   12.5538483   13.1803656
  50.9190102   12.5553465   13.3822260
  49.8467712   11.8143473   16.4522438
  49.7849388   11.8231335   15.4479218
  49.0933266   12.5159054   16.6289787
  50.7674179   17.2936783   10.2684431
  49.9739037   16.7811317    9.9691153
  50.5382385   18.1811638    9.7900324
  50.6384315   17.4861412   12.9029322
  49.7538223   16.9631519   12.9460182
  50.7719002   17.3374805   11.8921738
  48.6408615   15.8692732   20.4539890
  47.8219299   16.3930779   20.1585140
  48.4215813   15.9777136   21.4339542
  48.2708473   16.0455723   23.0004730
  47.3572998   16.3406696   23.3510857
  48.2110176   15.0422277   23.2642918
  47.8977280   13.5382662   17.0605736
  47.0288544   13.0833569   16.8526707
  47.8433456   13.4972181   18.0644722
  47.8692207   13.3461676   19.7674065
  48.1346054   14.2807789   19.9938297
  48.7911034   12.9333086   20.1061440
  50.2202568   12.3824444   20.7328568
  50.4622192   11.4125614   20.5254726
  50.9545822   12.8026028   20.2306004
  49.9484482   11.9924393   23.3972492
  50.0077858   12.2736206   22.4508400
  49.1072121   12.4647760   23.6354065
  50.3167343   17.0812740   17.3351078
  49.5500412   16.6832161   16.8023396
  50.1421661   18.0258541   16.9057178
  50.6501656   17.4945545   20.0387173
  49.9383621   16.8215256   20.3142452
  50.5327950   17.3510761   19.0343742
  48.5202522   15.9482946   27.1255150
  47.7432518   16.5734882   26.9518833
  48.5034027   16.0926113   28.1471920
  48.3632393   16.1066227   29.7604160
  47.5334549   16.5834599   30.0729275
  48.1605339   15.2085133   30.2161446
  47.8137436   13.6040926   23.8817635
  46.8940277   13.1262150   23.7815571
  47.7474251   13.5901384   24.9012489
  47.9547386   13.4925308   26.4577599
  48.1711807   14.4700193   26.6454735
  48.7860413   13.1414194   26.9357910
  50.2018929   12.5543690   27.5107384
  50.4523964   11.6118507   27.2309494
  51.0374870   12.9879055   27.2439022
  49.9933586   12.2629290   30.3424587
  49.7990761   12.2784500   29.3363361
  49.2018585   12.8960848   30.5630245
  50.5210342   17.0566750   23.8721714
  49.6693764   16.6344624   23.5539951
  50.2294540   18.0132179   23.6135788
  50.9165993   17.1226521   26.5963230
  50.0270691   16.5843792   26.6197605
  50.9828682   17.0471878   25.5696945
  48.6997452   15.9295034   34.1095238
  47.9698296   16.4652309   33.7920609
  48.6047707   16.1288338   35.0987663
  48.4793243   15.9028406   36.7298889
  47.5936470   16.2203751   37.0984688
  48.3784180   14.9487534   37.0322571
  47.8480110   13.7285242   30.8985863
  47.1220779   13.0539303   30.6171474
  47.7129211   13.5909300   31.9023037
  47.9885597   13.3897905   33.6146278
  48.3257332   14.3214207   33.9649391
  48.8289795   12.9129629   33.9545326
  50.3053055   12.3836098   34.5443993
  50.7662888   11.5025311   34.2804337
  51.0872688   12.9363976   34.1317253
  50.0705833   11.7744961   37.0946693
  50.1381531   11.9582348   36.0954552
  49.2149315   12.2944050   37.1940079
  50.5389099   17.3480549   30.7971401
  49.7353897   16.8485317   30.4032478
  50.2270317   18.2652130   30.4259510
  50.9391937   17.3543625   33.4126930
  50.1481209   16.7275524   33.5723763
  50.8692513   17.3366508   32.4056664
  48.6442375   15.9888153   41.0445099
  47.8527565   16.5010376   40.7050934
  48.4426041   16.1325645   42.0450134
  48.4630623   16.2196426   43.7443810
  47.5619774   16.4885540   44.1171761
  48.3808823   15.2516870   44.0673714
  47.9898109   13.4478827   37.5836601
  47.0784607   12.9473162   37.4859085
  47.9588966   13.4088058   38.6003036
  48.0507851   13.4763479   40.2351189
  48.2637329   14.4491577   40.5884323
  48.8711624   13.0834036   40.6714783
  50.3492966   12.4143209   41.2992363
  50.5030708   11.4528284   40.9946022
  51.1704826   12.7702789   40.7664909
  50.1383018   11.9800482   43.8934326
  50.2839279   12.1398087   42.8920174
  49.4096375   12.6235790   44.0042801
  50.3692093   17.2711411   37.8590851
  49.5573463   16.8005333   37.4107323
  50.2664032   18.1132355   37.3400536
  51.0096054   17.3643665   40.5195389
  50.1844368   16.7618237   40.8004761
  50.7731247   17.3669491   39.5513878
  48.9697800   16.1413364   47.7911339
  48.0734749   16.5224361   47.5096855
  48.7563782   16.1395168   48.7700539
  48.2659416   16.1551628   50.3916626
  47.4055977   16.5969505   50.6548080
  48.0215874   15.1971493   50.6134300
  48.0351830   13.7104445   44.6470528
  47.2378769   13.1092300   44.3466187
  47.9249268   13.4954014   45.6394806
  48.1327858   13.3979692   47.2605705
  48.4319344   14.3285713   47.5379868
  49.0384483   12.9532614   47.4932327
  50.4564209   12.3517504   47.8779221
  50.8199959   11.4050026   47.7838821
  51.2864342   12.8351974   47.6223946
  50.0406837   11.9211903   50.5115013
  50.0316429   12.1576777   49.5113907
  49.2545433   12.4427824   50.7642136
  50.7222137   17.2749252   44.5317726
  49.8897018   16.8472824   44.1978111
  50.5806313   18.1704769   44.1152534
  51.3699989   17.2548523   47.1077919
  50.4841270   16.7893429   47.3809280
  51.1117249   17.2300510   46.1007957
  48.7477417   15.9798574   54.3085289
  47.9942780   16.6266518   53.9781494
  48.5201988   16.0900192   55.2657776
  48.3979874   16.1573143   57.0531578
  47.5904999   16.5955658   57.5420723
  48.2224503   15.2043734   57.3865318
  47.9092674   13.6381388   51.0816345
  47.0782394   13.0126076   50.8529243
  47.8020744   13.4377947   52.0541534
  48.1080818   13.3059187   53.7377815
  48.3289185   14.2512331   54.0745087
  49.0191040   12.9219351   53.9833870
  50.3631401   12.1510286   54.5914497
  50.7119598   11.2661438   54.2495003
  51.1917610   12.6947460   54.3210640
  49.9160423   11.9820509   57.3302345
  50.0082092   11.9504023   56.3299789
  49.1047516   12.4814682   57.3667526
  50.5082092   17.2923889   51.4132080
  49.6316872   16.9110641   51.1086617
  50.3161392   18.2355270   51.0381126
  50.8917694   17.4660110   53.9963799
  50.1348000   16.8018284   54.1753807
  50.7408867   17.4442024   52.9780197
  48.9741936   15.8736191    0.3670311
  48.1413193   16.3665581    0.0953789
  48.7759056   15.9472637    1.3546143
  48.2871780   15.9694281    3.1109045
  47.4595222   16.3446274    3.5738416
  48.0441895   15.0006466    3.2574186
  47.9055977   13.6988297   57.8903160
  47.1118622   13.1245995   57.8261757
  48.0905266   13.6265478   58.8879890
  48.3178215   13.3506956   60.6043282
  48.5937576   14.2128334   60.9344215
  49.1172905   12.8093424   60.9964066
  50.4822807   12.2182121    0.3635239
  50.7029572   11.2611141    0.0703755
  51.3523979   12.5856647    0.1276147
  50.0761795   11.8243504    2.9376774
  49.2932320   12.4339590    3.0609798
  50.1471176   11.9489098    1.9233698
  50.6232605   17.1660423   58.1538658
  49.7028122   16.8688889   57.7821960
  50.4656982   18.1239033   57.7819710
  51.2065392   16.9918518   60.6977005
  50.3769493   16.5113487   60.9777222
  50.9646187   17.0527096   59.6932755
  48.1623497   23.9659672    7.1909022
  47.3504181   24.4584866    6.8122244
  47.8353195   23.0820923    6.8158751
  48.2299385   23.5319042    9.7311153
  47.4445419   24.1742229    9.8928843
  48.1783638   23.6444607    8.7064819
  47.3228645   21.0270214    3.5965164
  46.5980110   20.3516541    3.3568859
  48.0897331   20.4714794    3.2510107
  47.3026657   21.6864471    6.1978350
  46.4666023   21.1124306    6.3383245
  47.3231583   21.5211487    5.1797166
  49.4267578   19.9917679    6.8463430
  48.6490364   20.5798092    6.6728153
  50.1027985   20.5526752    6.3062000
  50.0002975   19.6161823    9.4043589
  49.8795547   19.7873039    8.4077969
  49.0774765   19.9559097    9.6597538
  50.4448509   24.8423500    3.4294698
  50.4496002   25.0097332    4.4078741
  49.5975914   24.3977795    3.3291533
  50.3444672   25.0563221    6.2031894
  49.5696220   24.5528412    6.6125855
  49.9698715   25.9742050    6.5037160
  48.2649765   23.6599197   13.3992214
  47.5129585   24.2970695   13.1364231
  47.9971771   23.7132263   14.3989325
  47.7217407   23.7125168   15.9288464
  46.9279366   24.0280075   16.5058975
  47.7128181   22.7794914   16.3030243
  47.7444954   20.9337521   10.0627880
  47.8527718   21.9370785    9.8976011
  47.7245064   20.9901867   11.0596972
  47.8654289   21.0374718   12.6831102
  48.1193275   21.9830761   12.9148531
  48.6675415   20.6376839   13.2066975
  50.0675087   20.0098820   13.7203016
  50.2726479   19.1498795   13.2199459
  50.9604721   20.4166126   13.5639067
  49.7543945   19.4567928   16.3120632
  49.8113937   19.7807312   15.3128510
  48.9153595   20.0314426   16.4539299
  50.4223557   24.7666245   10.3122234
  49.5639915   24.2661324   10.0975971
  50.1646004   25.6387043    9.8967628
  50.7185822   25.0645657   12.9922915
  49.8326721   24.6174412   13.1373453
  50.6687775   24.9852562   11.9718199
  48.5074310   23.5351505   20.2295780
  47.6585999   24.1029587   20.0617504
  48.3443184   23.4566765   21.2378139
  47.9516029   23.5228157   22.7407532
  47.1276741   23.8841267   23.2223206
  47.7637711   22.5738430   23.1038208
  47.6201668   21.0858803   16.8339462
  46.7089653   20.6976738   16.6739826
  47.6087112   20.9639263   17.8357449
  47.7863960   21.0720310   19.5320244
  48.1528435   21.9867706   19.6355972
  48.6026421   20.6064873   19.9125957
  49.9814682   20.0609894   20.6339493
  50.2619743   19.1424351   20.4380112
  50.7501755   20.4921951   20.1581497
  49.7270050   19.7298336   23.2889881
  49.8228874   19.9471397   22.2981987
  48.8196411   20.1832657   23.3666172
  50.0540466   24.9785862   16.9921703
  49.1632957   24.6596737   16.5588913
  49.9544754   25.9282551   16.6251717
  50.5209579   25.0788670   19.5577335
  49.8160973   24.3904266   19.8299408
  50.2931633   24.9708290   18.5645657
  48.4393883   23.4390640   27.3391895
  47.6002350   24.0023460   27.1265774
  48.4129333   23.5942745   28.3274307
  48.0835114   24.0192299   30.0143776
  47.1699944   24.3366489   30.3906193
  47.8996620   23.0642242   30.2109394
  47.4086418   21.2223587   23.8452473
  46.6221695   20.5337925   23.7734642
  47.5054932   21.1190929   24.8555431
  47.8166847   20.9468956   26.5384216
  48.1551857   21.8617115   26.8256187
  48.6659546   20.4621696   26.7932262
  50.0645256   19.6383057   27.2609673
  50.4058151   18.7130623   27.0280991
  50.9049835   20.1303043   27.1034908
  49.8422623   19.8478184   29.8955746
  49.7973824   19.7349377   28.8722305
  49.0458145   20.4403114   29.9715328
  50.1080475   24.7143211   23.9624577
  49.3074036   24.2854424   23.4846134
  49.9706917   25.6406021   23.6835690
  50.6953430   24.5857925   26.5594101
  49.8159981   24.0855846   26.7620239
  50.5040131   24.6229954   25.5398769
  48.7860260   23.7149277   33.8818016
  47.8967781   24.2008648   33.6269379
  48.5871277   23.7007084   34.9060402
  48.2027092   23.6330547   36.4756317
  47.4364204   24.0677032   36.9687080
  47.9973755   22.7098980   36.8081055
  47.7257996   21.4491539   30.3946266
  46.9146080   20.8374386   30.2735672
  47.7906990   21.2106819   31.3842850
  48.1978035   21.1311016   32.9882088
  48.4979401   22.0698681   33.2225151
  48.8856354   20.6488914   33.4983826
  50.1638832   19.8763504   34.2723579
  50.4997826   18.9340210   34.0052414
  51.0341263   20.2787361   33.8828163
  49.8607368   19.7460079   36.8094826
  49.8551216   19.8815842   35.7799339
  49.0790634   20.3258400   36.9960938
  50.4626198   24.9038467   30.6800365
  49.5406761   24.5438499   30.4152927
  50.2841225   25.8458996   30.3436909
  50.8450012   25.0990047   33.3153839
  50.0099487   24.5292740   33.4955597
  50.7695541   24.9576511   32.3156586
  48.7730408   23.5897217   40.8454819
  47.9716568   24.2126961   40.5961533
  48.7426376   23.8115311   41.8426018
  48.2046394   23.9065380   43.5084953
  47.3776283   24.3317738   43.8736000
  47.9206276   22.9565983   43.7542229
  47.7243576   21.2314682   37.5663681
  46.9026337   20.6630192   37.5204811
  47.8416138   21.1635666   38.5651398
  48.0708351   21.1164665   40.1375542
  48.4105301   22.0347385   40.4458923
  48.8407059   20.6032257   40.5697670
  50.1610451   19.9243317   41.0734558
  50.4845505   18.9913235   40.8827896
  51.0232239   20.3565903   40.6737938
  49.8673782   19.7918911   43.7106400
  49.8560524   19.8328972   42.6597557
  49.1655731   20.4997025   43.7882881
  50.2682686   25.0112076   37.5736542
  49.4932060   24.5626602   37.0991554
  50.0876198   25.9156895   37.2225342
  50.9982491   24.8796558   40.1055717
  50.1585236   24.3528690   40.3479462
  50.7428474   24.9552193   39.1151161
  48.5580521   23.4072247   47.6286278
  47.7160988   23.9883690   47.3661308
  48.4221802   23.5845337   48.6185722
  48.2638588   23.6822472   50.2901917
  47.4627876   23.9733505   50.7765083
  48.0592957   22.6757393   50.3926430
  47.7023735   21.4508858   44.2478905
  46.9444809   20.8629551   44.0167923
  47.8116760   21.1207352   45.1787834
  47.9466858   20.9387684   46.8589897
  48.1657104   21.8549080   47.2345276
  48.7546959   20.4611855   47.1283913
  50.4027672   19.8033028   47.5593491
  50.7836533   18.8841572   47.4299812
  51.2522621   20.3211479   47.2636070
  49.9537544   19.7648201   50.2457695
  50.0819778   19.8181458   49.2463837
  49.0956535   20.2359600   50.2913971
  50.4164505   24.9760952   44.4462509
  49.5341606   24.5502377   44.2338066
  50.1228943   25.9241238   44.1764069
  50.8476677   24.7380219   47.0427132
  50.0627785   24.1431751   47.2697296
  50.6446381   24.7698212   46.0459328
  48.8296890   23.6210251   54.1991959
  47.9521255   24.1859951   54.0858231
  48.6508560   23.5256367   55.2077103
  48.3828011   23.5280304   56.7677536
  47.4997101   23.8933067   57.1904182
  48.2290649   22.5828857   57.1240768
  47.6871147   21.0685863   50.8277397
  46.9506989   20.4219379   50.7249603
  47.7918358   20.9711189   51.8524704
  48.1035156   21.0668793   53.4752579
  48.5021706   21.9590168   53.6836586
  48.8681183   20.5565434   53.9108963
  50.1777000   19.9315624   54.5790100
  50.4621315   18.9633484   54.3243637
  51.1236534   20.2702732   54.2767792
  50.0422363   19.6568909   57.3221169
  49.9410667   19.9306717   56.3546295
  49.2051239   20.1565285   57.6288605
  50.4682808   24.7975006   51.1402817
  49.5590134   24.3793049   50.8151283
  50.2311401   25.7352695   50.8233223
  50.9111862   25.0835629   53.5876045
  50.1007118   24.4649467   53.7942543
  50.8228378   24.9430408   52.5876770
  48.7863693   23.3660202   61.3363762
  48.0073776   23.9867802   61.0126915
  48.6204567   23.4918480   62.2818413
  48.2415733   23.4626446    2.6888859
  47.3009338   23.8724213    2.8441188
  47.8533974   22.5418606    3.0724082
  47.9299393   21.1546211   57.9044037
  47.0955620   20.6547585   57.6776886
  47.9329529   21.0254345   58.9009781
  48.1239319   20.8013096   60.5418587
  48.3472748   21.7489700   60.8522758
  48.9384995   20.3637104   60.8940010
  50.3533821   19.4172077   61.3294220
  50.7750702   18.4975510   61.0521469
  51.1859322   19.9100456   60.9546890
  49.6003075   19.6704388    2.6320114
  49.8678284   18.7094707    2.8100951
  49.7293663   19.6320686    1.6159291
  50.5302010   24.6812935   57.8442116
  49.6844482   24.2737122   57.4151726
  50.2888107   25.6458244   57.5572586
  51.0176582   24.5516682   60.5455856
  50.1904411   24.0206070   60.8061562
  50.8804855   24.4962711   59.5342064
  48.1451912   31.7092152    7.0512638
  47.2502975   32.0654068    6.6430655
  48.0116196   30.7865353    6.6114564
  48.3031921   31.2066803    9.6294241
  47.4685936   31.7972183    9.7580233
  48.2205162   31.3371487    8.5792484
  47.3454247   28.7986221    3.4537091
  46.6097946   28.1464214    3.3070202
  48.1053886   28.2034969    3.1269538
  47.5505371   29.4175720    5.9624982
  46.6587067   28.9311085    6.1570330
  47.4372826   29.3070889    4.9438028
  49.4498901   27.5659828    6.6938305
  48.7207603   28.1982498    6.4025393
  50.2109032   28.2079353    6.3612561
  50.1540375   27.3635502    9.3159389
  49.8790817   27.3599739    8.3508892
  49.3868256   27.8496342    9.6712666
  50.1955986   32.4225540    3.1577468
  50.1476250   32.3687668    4.1742654
  49.4461060   31.7660637    2.9878595
  50.1989632   32.6567459    5.7791524
  49.3970490   32.2969398    6.3491163
  49.9853172   33.6269722    5.9681106
  48.3993416   31.2140808   13.3273706
  47.5802574   31.7172718   13.0482645
  48.2216797   31.3739071   14.3500404
  48.0388641   31.4651623   15.9974747
  47.2061234   31.9625244   16.2588539
  47.8438263   30.6224174   16.5364723
  47.9034424   28.5649948   10.0607100
  48.0775566   29.5157681    9.8656445
  47.8067818   28.6061916   11.0673313
  47.8068924   28.7609291   12.7345867
  48.0954552   29.7099533   12.9453926
  48.6097145   28.3140526   13.1442175
  50.2303009   27.7207680   13.5434771
  50.4884834   26.8022823   13.3437309
  51.1411591   28.1351681   13.2504635
  49.8602142   27.5600967   16.2530327
  49.9968529   27.7501755   15.2576408
  49.0702667   28.1857338   16.3701439
  50.5201416   32.5638847   10.3559628
  49.6347046   32.1263237   10.1066904
  50.3157425   33.4266510    9.8539190
  50.5004120   32.8863754   12.9866915
  49.7515297   32.2041130   13.0442238
  50.6041336   32.7743454   11.9352932
  48.3527031   31.3350754   20.1815262
  47.4754219   31.8002796   19.9384956
  48.1453934   31.2925034   21.1696739
  47.9050598   31.0961094   22.9142361
  47.0818367   31.5184612   23.3259373
  47.7536659   30.1630516   23.3071976
  47.5592728   29.0220566   16.9660473
  46.6656685   28.5832367   16.8612690
  47.5842133   28.8983631   17.9735546
  47.8249931   28.7023869   19.6028938
  48.1390495   29.6409492   19.7645283
  48.6625557   28.2915440   20.0669537
  50.1366806   27.6788826   20.5026703
  50.3202972   26.7433205   20.1463413
  50.9725647   28.1044579   20.1485806
  49.6663399   27.3320293   23.1093616
  49.8071365   27.5297794   22.0818939
  48.7864990   27.7380753   23.1354885
  50.1002960   32.5160828   17.1718655
  49.2938118   32.0292854   16.6629410
  49.8244019   33.4155121   16.7383900
  50.6216774   32.6688766   19.7360325
  49.7617722   32.1363564   19.8647499
  50.5153618   32.7174568   18.7199516
  48.4617767   30.8804722   26.9038162
  47.6623192   31.5157242   26.7194824
  48.4179268   31.0478363   27.8822861
  47.9853745   31.3052044   29.4273968
  47.2042236   31.7862530   29.8556080
  47.7867241   30.4021130   29.8007336
  47.3625908   28.5774269   23.7400665
  46.6729012   27.9069805   23.5289917
  47.3839684   28.5112877   24.7499657
  47.8298950   28.4132652   26.4241581
  48.1390762   29.3115025   26.6880836
  48.6805458   27.9193916   26.6489468
  50.0948410   27.1688538   27.2127628
  50.4253082   26.3003521   26.8366528
  50.9352036   27.6943951   26.9521942
  50.0227356   27.4792271   29.8460655
  49.8518410   27.3870335   28.8512363
  49.1487122   28.0019970   30.0325871
  50.0767479   32.4055862   23.7617912
  49.2716560   31.9822063   23.3804817
  49.8761406   33.3770599   23.5229416
  50.5557938   32.3641586   26.3460140
  49.7972527   31.6907959   26.5356388
  50.3706512   32.3188896   25.3076954
  48.5214996   31.2999420   33.7727127
  47.7654533   31.9244709   33.5120850
  48.3769798   31.4821281   34.8055077
  48.1140938   31.5982189   36.4051399
  47.2945175   32.0912933   36.8614082
  48.0238953   30.7531204   36.8931541
  47.8004608   28.8415222   30.4324589
  46.8789482   28.4432144   30.3464108
  47.8466072   28.6882648   31.4442959
  48.0447578   28.8536892   33.0830765
  48.2761574   29.8106689   33.3441391
  48.8883667   28.4755802   33.5600662
  50.1502113   27.7209396   34.0384369
  50.4834938   26.7802143   33.8402786
  50.9025497   28.1842117   33.5203819
  49.8397446   27.4351597   36.7032394
  50.0682030   27.6124210   35.7364273
  49.0219994   27.9550285   36.7580986
  50.1724319   32.3960457   30.5613499
  49.3471413   31.9633846   30.2021828
  49.9592285   33.3621368   30.2125187
  50.8267136   32.4990768   33.1655807
  49.9761124   32.0327377   33.4379158
  50.6520424   32.4702950   32.1867256
  48.6525650   31.1933460   40.7529716
  47.9062042   31.8642464   40.5661316
  48.5465660   31.3125839   41.7945480
  48.2675018   31.3580952   43.3074799
  47.3435173   31.6434765   43.6243515
  48.1166344   30.3902378   43.5727577
  47.7536201   29.1735668   37.4338303
  46.8733330   28.6789627   37.2883492
  47.8073082   29.0389481   38.3988953
  48.0478821   28.6109524   40.0051651
  48.2984314   29.5111141   40.3281822
  48.8333549   28.1078377   40.3808594
  50.1538925   27.2389374   40.9975243
  50.6516075   26.3870068   40.8046570
  50.9063187   27.8461418   40.6695328
  49.8520279   27.3864384   43.6528969
  49.8521843   27.3087139   42.6552582
  48.9978371   27.8526039   43.7746696
  50.2856369   32.7239265   37.5338402
  49.4600639   32.3182869   37.1917953
  50.0686188   33.6485100   37.2529869
  50.8113022   32.6847534   40.1163597
  50.0398979   32.0428009   40.3004074
  50.6267853   32.6969185   39.0974007
  48.6255302   30.8827019   47.2881927
  47.8512077   31.5118618   47.0969963
  48.5618935   30.9970322   48.2637062
  48.3885307   31.2939091   49.9796867
  47.6150703   31.7400780   50.4216194
  48.1161804   30.3678017   50.2010803
  47.6493645   28.8127728   44.0960884
  46.9038620   28.2133617   43.8597260
  47.5538063   28.6772461   45.1070099
  47.9959221   28.3282890   46.7216034
  48.2077599   29.2996101   46.9691429
  48.8316612   27.9231815   47.0899925
  50.2852173   27.3544178   47.8176155
  50.5253830   26.4367676   47.4083595
  51.1153107   27.7943478   47.4265480
  50.0378494   27.2142754   50.3985901
  50.0024796   27.2245827   49.3723907
  49.2955475   27.8955822   50.4970436
  50.4394035   32.6433563   44.3766251
  49.6455879   32.2391129   43.9049759
  50.0836945   33.5815926   44.3579445
  50.7862358   32.4407883   46.9164429
  49.9046516   31.9731483   46.9778175
  50.7753487   32.4772720   45.9208336
  48.7616005   31.1584759   54.3596649
  47.9006538   31.7107067   54.1295128
  48.5732803   31.1581707   55.3267555
  48.2857513   31.1626263   57.0169983
  47.4059601   31.5554256   57.3801918
  48.1246262   30.2492409   57.3762016
  47.9548340   28.7950096   51.0055809
  47.1116486   28.2389355   50.8324814
  47.9265442   28.7224846   52.0153656
  47.9916000   28.6564941   53.8367348
  48.4108543   29.5573120   54.0306892
  48.7875328   28.1012154   54.0757027
  50.1820183   27.3714275   54.5940056
  50.4958839   26.4546890   54.2842102
  51.0072327   27.8499374   54.2326927
  49.9534454   27.2800541   57.2454453
  49.9005089   27.3610592   56.2383194
  49.1267090   27.8519611   57.4072685
  50.6254692   32.4950180   50.9432335
  49.8111954   31.9679909   50.6489182
  50.2032700   33.3906555   50.6725578
  50.9842224   32.3493347   53.6551247
  50.1470757   31.8766308   53.8886108
  50.9754753   32.1827240   52.6704903
  48.9740791   31.3002720   61.2485237
  48.0535812   31.6506577   60.9647408
  48.6783104   31.2080898   62.2544098
  47.9196396   31.1397533    2.4250555
  47.0848999   31.6313305    2.6851873
  47.6654472   30.2490807    2.8473840
  47.7083359   28.6354733   58.0126343
  46.8235359   28.1564369   57.9015961
  47.7826271   28.6202278   58.9974136
  48.2001228   28.7143040   60.6811562
  48.5339394   29.6145496   60.9524384
  48.9949150   28.1499767   60.9902573
  50.3467484   27.1659107   61.4137192
  50.4897308   26.2374840   61.0580750
  51.1198235   27.5954342   60.9714813
  49.5343704   27.3466167    2.6764462
  49.7933121   26.4030914    2.9169137
  49.8579597   27.2536469    1.6948732
  50.5477219   32.3969727   57.8386116
  49.6890526   31.8904819   57.5717545
  50.2097931   33.2654800   57.3745804
  51.1880913   32.5175896   60.4793549
  50.3238335   32.0092659   60.7520714
  50.9686737   32.4724388   59.5026245
  47.9550476   39.4704781    6.4757123
  47.1305656   39.9524307    6.1240988
  47.6460075   38.5424614    6.2133336
  47.8290100   39.1373940    9.1682596
  46.9854279   39.6513290    9.4424801
  47.7720451   39.3748283    8.2014380
  47.2993240   36.1691322    3.4066634
  46.5973625   35.6531258    2.9460120
  48.0997162   35.6895828    3.0351689
  47.3695450   36.8513870    5.8700151
  46.5107613   36.3602371    6.1415749
  47.2497025   36.5929756    4.8737693
  49.5457153   35.1213303    6.3796878
  48.7780418   35.7654343    6.1680741
  50.2544403   35.7409630    6.0605693
  49.8883896   34.8180008    9.0490961
  49.6673431   34.8156929    8.0493088
  49.1760101   35.5035210    9.2454023
  50.2856407   40.2049789    2.9308529
  50.1460381   40.3316116    3.8992403
  49.4700089   39.6588707    2.7565105
  50.3278236   40.4577827    5.7181516
  49.4095726   40.0975952    6.0438104
  50.1634293   41.3899460    5.9355302
  47.9429474   38.7035980   13.3190870
  47.1355782   39.2321320   12.9686604
  47.6214371   38.7055435   14.2663164
  47.5152779   38.9562759   15.9053869
  46.7567978   39.3363991   16.4638405
  47.4645424   38.0276642   16.3343048
  47.9373245   36.5245857    9.4921188
  48.0078926   37.5209732    9.2492580
  47.9381943   36.6487198   10.4773855
  47.7158356   36.2469177   12.3195028
  47.8244476   37.1531372   12.7188549
  48.3458290   35.7535019   12.8617439
  49.9162865   35.4246254   13.5501556
  50.1750412   34.4426308   13.4359579
  50.7930603   35.7932587   13.1770344
  49.4131851   34.9668694   16.2000961
  49.4587097   35.0731277   15.1984119
  48.6175919   35.5894852   16.3022404
  49.9835510   40.1751099   10.2024403
  49.1333961   39.7847557    9.7612734
  49.9282265   41.0701904    9.7431526
  49.9916077   40.3061371   12.8566484
  49.2398033   39.6234932   13.0195131
  49.9679413   40.2199287   11.8579559
  48.3658295   38.6376724   20.2123127
  47.5874977   39.2892265   20.0385876
  48.3397675   38.7486153   21.2554092
  47.9994507   39.1149216   22.9557056
  47.1899338   39.5617943   23.3204632
  47.7051125   38.1759033   23.2052746
  47.2537308   36.4867783   16.7515240
  46.4840355   35.8397484   16.5839233
  47.2504997   36.4321327   17.7608624
  47.5059700   36.2464485   19.4707355
  47.8869247   37.1597290   19.7239666
  48.3111725   35.7269058   19.8057308
  49.7560272   35.1494331   20.3888645
  50.2006416   34.2313843   20.1893921
  50.6147118   35.6507950   20.0932903
  49.7228661   35.1076927   23.1869793
  49.6481552   35.0987473   22.1706009
  48.9324989   35.7098007   23.3116970
  49.8680191   39.9844933   16.7916451
  48.9853706   39.6260948   16.3913708
  49.6896439   40.9437218   16.4874001
  50.3287315   40.1995697   19.3688488
  49.5362625   39.5670776   19.5539742
  50.3051262   40.0919456   18.3557320
  48.0876007   38.5623741   27.0704937
  47.4073334   39.2963715   26.8429203
  48.0290413   38.6949234   28.0672035
  47.8275909   39.0289345   29.6482944
  47.0184059   39.4936066   30.0917377
  47.5928345   38.1212463   30.0196552
  47.4720154   36.6547623   23.5675755
  46.6986389   36.0243454   23.4028988
  47.5094566   36.5496826   24.5618286
  47.6242638   35.9830437   26.2503395
  47.7659302   36.8619156   26.7075024
  48.4589157   35.5495491   26.6551056
  49.8340073   34.8276405   27.1630039
  50.0267334   33.8992119   26.7834263
  50.6363182   35.2681274   26.7530937
  49.7031975   34.9152870   29.8223076
  49.7554359   34.9989204   28.8212719
  48.8264542   35.4576492   29.8833408
  50.2193222   40.1430397   23.9205875
  49.4230423   39.6546898   23.5469379
  49.9679718   41.0573463   23.5961037
  50.2371712   40.2531700   26.5902176
  49.5312538   39.5323257   26.6276188
  50.2805557   40.2057953   25.5505390
  48.3088493   38.6630478   33.9212799
  47.5099907   39.2713165   33.6583748
  48.0864067   38.7403831   34.9517403
  47.8843727   38.9827347   36.4232712
  47.0438614   39.4792786   36.7339172
  47.6313057   38.0881577   36.8003807
  47.4156189   36.3225365   30.5382347
  46.5324097   35.8737717   30.2829151
  47.2905502   36.1705627   31.5313301
  47.5554657   36.2105751   33.2758942
  47.7734299   37.1488304   33.6117668
  48.4577751   35.8449783   33.4279900
  49.9109955   35.1161346   33.9454079
  50.2158127   34.2169838   33.6218071
  50.7453041   35.6207771   33.6810188
  49.5511551   35.1731453   36.6157761
  49.5001297   35.2940140   35.6029015
  48.7411346   35.7883492   36.7813187
  49.9586182   40.2357521   30.8250542
  49.1874924   39.8774261   30.2955208
  49.8585396   41.1763115   30.4403915
  50.4260139   40.1337509   33.3973770
  49.6603279   39.4701576   33.5844040
  50.2201157   40.1721191   32.3742676
  48.4535713   38.9413071   40.5379982
  47.6075134   39.3996201   40.1392784
  48.1811028   39.1120377   41.5029831
  47.9265862   39.0888329   43.2469940
  47.0692062   39.5267830   43.6555634
  47.6024590   38.1509819   43.5519829
  47.3374557   36.6523552   37.3172112
  46.4570351   36.1562119   37.2864075
  47.5063896   36.4453163   38.3238602
  48.0378952   36.4264259   39.8085747
  48.2472229   37.3631287   39.9796906
  48.8201981   36.0537109   40.3372383
  50.0615730   35.1562195   41.0979881
  50.4589043   34.2727623   40.8275986
  50.8953896   35.7076302   40.7432289
  49.7981033   35.1951904   43.7806816
  49.8209267   35.1152267   42.7956848
  48.9459534   35.7398682   43.8060074
  49.9802170   40.2144356   37.4993553
  49.1948624   39.7209206   37.0748253
  49.7329636   41.1156502   37.1657791
  50.6531181   40.3368149   40.0127106
  49.8693390   39.7902527   40.2957039
  50.4654388   40.2437820   39.0289345
  48.3950157   38.6766930   47.6179733
  47.5656013   39.2555428   47.3763504
  48.3251343   38.8772049   48.5975075
  48.1650276   39.1569672   50.2008934
  47.3155670   39.6390839   50.5416298
  47.9031525   38.2659035   50.5395813
  47.5681190   36.5103493   44.1356010
  46.7712975   35.9047585   43.9416389
  47.5254669   36.4288445   45.1514282
  47.7710075   36.2833061   46.7068634
  48.0167542   37.2007103   47.0804176
  48.6321602   35.8637466   46.9303284
  50.0546989   34.9817314   47.5863266
  50.4043999   34.0627136   47.4504013
  50.8811607   35.5042915   47.2892914
  49.9145851   35.0604706   50.2512779
  49.8321114   35.1380196   49.2422333
  49.1107483   35.5989647   50.4998131
  50.1440620   40.1367950   44.3052597
  49.3218002   39.8334465   43.8696861
  50.1221275   41.0997353   43.9460564
  50.6166573   40.2636223   46.8996353
  49.9105263   39.6182594   47.1666069
  50.4263573   40.1800041   45.9061012
  48.7658348   38.5575676   54.3624382
  47.9233017   39.0761909   54.0888519
  48.5390129   38.6233788   55.3547325
  48.2683449   38.7008781   56.9368629
  47.3369865   39.1570206   57.1584320
  47.9721947   37.8003578   57.2967148
  47.6336403   36.5261917   50.8694725
  46.8991470   35.8727989   50.6176834
  47.5898170   36.4116631   51.8342476
  48.0586624   36.0872002   53.5045090
  48.4351768   36.9659958   53.8960152
  48.9688148   35.6021576   53.7042656
  50.2658997   34.9134102   54.1012917
  50.5847664   33.9729958   53.9384422
  51.1519356   35.3672256   53.9409485
  49.8829269   34.7490540   56.7664528
  49.8772316   34.7903442   55.7434387
  49.0977478   35.4050484   56.8774529
  50.4210510   40.2922974   51.2375870
  49.5711594   39.8677979   50.8639526
  50.2184944   41.2145195   50.8740349
  50.9258347   40.0535316   53.8501129
  50.1760139   39.3893890   53.9206276
  50.8440285   40.1397820   52.8189583
  48.5816002   38.5514450   61.2856636
  47.7535133   38.9828529   60.8518143
  48.2348518   38.6036453   62.2147255
  48.0193481   38.7920456    2.7680609
  47.1382790   39.1556892    3.0053871
  47.9306145   37.8854256    3.2216666
  47.7910805   36.1068306   57.6328506
  46.9562492   35.5306396   57.4569817
  47.7701912   35.9614983   58.6469917
  48.0589981   36.0074272   60.3717194
  48.4482040   36.8757362   60.7724800
  48.9150848   35.5040054   60.5690727
  50.2956619   34.8918762   61.0946465
  50.6186981   33.9902573   60.7447968
  51.2121162   35.3524895   60.8206825
  49.4331894   34.9473610    2.3850498
  49.6741486   33.9746628    2.6010880
  49.5642548   34.8869019    1.4242957
  50.4750214   39.8825226   57.6566887
  49.6820030   39.4300575   57.2710419
  50.2385368   40.8005676   57.3180313
  50.8796997   39.7698174   60.3491096
  50.0945549   39.2744637   60.6954498
  50.6220741   39.7055855   59.3328781
  47.8406487   47.0832520    6.8358493
  46.9227715   47.4905472    6.5927453
  47.6981201   46.2188721    6.3489122
  48.0341148   46.4650650    9.3995876
  47.2489929   47.0542183    9.6289892
  48.0005913   46.6634293    8.4383144
  47.2421799   43.9819412    3.1262536
  46.5039291   43.3815460    2.8029101
  47.9937057   43.4214554    2.7960274
  47.5141525   44.7015915    5.6565289
  46.6534653   44.2938919    6.0374708
  47.4149818   44.4417534    4.6991124
  49.6576920   43.0099144    6.3436880
  49.0133972   43.7622108    6.0628281
  50.4540100   43.4531059    5.8617859
  49.8639641   42.6644020    9.0381985
  49.7725868   42.9486885    8.0471878
  48.9801331   43.1689339    9.3061504
  50.3162346   47.6798553    3.2578547
  50.2576790   47.7246780    4.2595797
  49.4630623   47.1151619    3.1679046
  50.2074013   47.9942665    5.9518843
  49.2840576   47.6812286    6.2577295
  50.0325241   48.9790039    6.1664934
  48.2435722   46.7584381   13.1699162
  47.3476410   47.1118050   12.9353142
  48.1556244   46.7263069   14.1696787
  47.6458359   46.6081543   15.7610474
  46.7333031   46.9205399   16.0766621
  47.4737740   45.6445007   16.0105724
  47.7022820   43.9157982    9.6504087
  47.8542480   44.9272652    9.6410036
  47.7038727   43.8322449   10.6659489
  47.6171036   44.0313873   12.3730555
  47.9864922   44.9388657   12.6302156
  48.3367004   43.5138397   12.8033428
  49.8328857   42.8733292   13.4941235
  49.9552345   41.9374313   13.1536942
  50.7424202   43.2054596   13.3103189
  49.4154396   42.6071510   16.1521282
  49.4318771   42.7264824   15.1607161
  48.6137886   43.1638680   16.3541603
  50.1911011   47.7361259   10.2155094
  49.3155670   47.2924385    9.9123383
  49.9526978   48.6597977    9.8294630
  50.2170105   48.3215561   12.7695150
  49.4116707   47.6754112   12.8838634
  50.2264938   48.0440369   11.7295008
  48.1912537   46.3509560   19.9643211
  47.3828659   46.9297905   19.8225689
  48.1137772   46.3528481   20.9689350
  47.8183174   46.5219612   22.7207565
  46.9502869   46.8551712   23.1311035
  47.6482277   45.5235634   22.9768486
  47.1885834   44.1309357   16.5730877
  46.4165077   43.4735451   16.5618763
  47.2483826   44.1785011   17.6097050
  47.5398293   43.8521996   19.1965313
  47.9313736   44.7914963   19.5232105
  48.3729134   43.3826981   19.5045662
  49.7887230   42.7222443   20.1503372
  50.0611191   41.7929306   19.9040356
  50.6100464   43.1901131   19.7768440
  49.5494461   42.6061592   22.8718204
  49.4592133   42.6515503   21.8547707
  48.7573357   43.1769829   23.0807095
  49.5982513   47.7149086   17.0709686
  48.8226089   47.2700768   16.5506973
  49.3512650   48.6501312   16.7430325
  50.3540115   47.8248520   19.5684090
  49.5368690   47.2553635   19.7586555
  50.1559715   47.7967644   18.5543194
  48.1107368   46.5403976   26.9500217
  47.3342667   47.1029854   26.6735954
  48.0479240   46.6683464   27.9011288
  47.7523689   46.4940605   29.6398811
  46.7926712   46.8437958   29.8129234
  47.4648628   45.5369644   29.9351768
  47.3301964   43.9547539   23.5806675
  46.4382744   43.6109276   23.3068485
  47.2874985   43.8120689   24.5492229
  47.4957962   43.9859886   26.4339600
  47.8366928   44.9442863   26.5318718
  48.3360977   43.5534058   26.8394432
  49.6007195   42.7689857   27.3608036
  49.7019272   41.7791672   27.1497688
  50.5225105   43.0444984   27.0511932
  49.5844688   42.8100395   30.0792809
  49.6680298   42.8570328   29.0697784
  48.6773338   43.2440910   30.1470490
  49.9746513   47.6406784   23.7432404
  49.1047897   47.2283363   23.3073311
  49.6895638   48.6037560   23.4955559
  50.4525375   47.8682632   26.3356915
  49.6339340   47.3077393   26.5825996
  50.3586807   47.6785927   25.3043671
  48.0617447   46.2960281   33.7626648
  47.3616142   46.9483070   33.5699692
  48.0630112   46.4982300   34.7880363
  47.9322853   46.7781601   36.3039589
  47.0447807   47.1330566   36.6002998
  47.6933022   45.7894745   36.5082817
  47.2380028   43.9666595   30.5425587
  46.3694534   43.4936333   30.4049339
  47.1556625   44.0360527   31.5339928
  47.3958626   43.8023186   33.2461662
  47.7248726   44.7584648   33.3758888
  48.3097076   43.3648605   33.4920731
  49.7478943   42.7340965   33.9017906
  50.0717316   41.7975693   33.7387466
  50.6193886   43.1582260   33.5987511
  49.5120964   42.6099129   36.4735031
  49.4985275   42.7162437   35.4972458
  48.6681404   43.2218094   36.5999756
  50.0176697   47.7703094   30.5219879
  49.1819382   47.2841644   30.1772461
  49.7610664   48.6738853   30.2335262
  50.2962303   47.7607079   33.1904144
  49.4242973   47.2290421   33.3660126
  50.2137871   47.7508545   32.1747780
  48.5132828   46.6306000   40.4926300
  47.6980171   47.1255112   40.1508522
  48.2945213   46.7269783   41.4906273
  47.8599663   46.6651764   42.9956627
  47.0190506   46.9187241   43.5016594
  47.7115211   45.6674614   43.1956062
  47.3099022   44.2497101   37.0154381
  46.4462547   43.7676620   36.9057961
  47.3770638   44.1287613   38.0182953
  47.7542000   44.1608353   39.6910934
  48.0781822   45.0600090   40.0331039
  48.5619507   43.6499405   40.0366249
  49.8789711   42.9127693   40.7231216
  50.2393723   42.0574036   40.3392410
  50.6494217   43.5049248   40.3903923
  49.7519379   42.7808495   43.3741112
  49.7965622   42.7611771   42.3455963
  48.9250641   43.3349991   43.4263229
  50.1470566   47.8481750   37.2204247
  49.2672386   47.4738197   36.7825432
  49.9233170   48.8203735   36.9935646
  50.6620102   47.8605423   39.7888794
  49.7750778   47.3721657   40.0641327
  50.4909592   47.7405930   38.7928696
  48.5344048   46.2248344   47.2730865
  47.6345901   46.6836243   47.0174942
  48.3732529   46.4005814   48.2512703
  48.1509323   46.6320686   49.8762894
  47.2096405   46.9541969   50.1684074
  47.9576950   45.6377144   50.1336632
  47.4471550   44.1581841   43.6562881
  46.6036263   43.5575905   43.5509148
  47.3826027   44.0257378   44.6998787
  47.6821976   43.8407288   46.3920212
  48.1359444   44.7308922   46.7377625
  48.4577980   43.2788315   46.7287254
  49.8576660   42.7356071   47.5028877
  50.1715508   41.8438873   47.2110825
  50.6851463   43.2609062   47.2661934
  49.4995956   42.5007401   50.1911736
  49.4509392   42.6653862   49.1803551
  48.7030640   43.0548096   50.3844566
  50.0398483   47.6719322   44.2647133
  49.2316551   47.2488632   43.9384460
  49.8693314   48.5864792   43.8637352
  50.6333504   47.8562660   46.8657074
  49.8249283   47.2551765   47.1097755
  50.3607025   47.8661499   45.8677025
  48.4573631   45.8983879   54.3102417
  47.6368141   46.4836655   53.9979286
  48.3090096   46.2212524   55.2785378
  47.9228210   46.4744530   56.8606300
  47.0564384   46.7582779   57.2598114
  47.8210106   45.5049934   57.0366173
  47.3799706   44.1966057   50.6825752
  46.5512276   43.6472816   50.5509872
  47.4490395   44.0097618   51.6990089
  47.7562637   43.5866280   53.1931496
  48.1161003   44.3876457   53.7094688
  48.6125755   43.0389175   53.4468803
  49.9147720   42.5148201   54.1430817
  50.3292923   41.6055870   54.1800957
  50.8358803   42.9742317   54.0298691
  49.7247162   42.2888603   56.7925415
  49.6155243   42.3996429   55.7913818
  48.9219055   42.8410149   57.0290565
  50.1891632   47.5324020   51.2980270
  49.3659973   47.0834236   50.8969803
  50.0570869   48.4325714   50.8605042
  50.4578514   47.6231041   53.9033661
  49.8694992   46.8327179   54.0073357
  50.3553543   47.6784973   52.8917313
  48.5330734   45.9593964   61.3040886
  47.7205505   46.4968796   61.0020409
  48.4283447   46.1455460   62.2793159
  48.1314392   46.3534355    2.6668527
  47.2583160   46.7770615    2.9486382
  47.8328514   45.4009056    2.9740887
  47.6444969   43.8925209   57.4932289
  46.7937431   43.4073830   57.3396149
  47.6773567   43.7981720   58.5226898
  48.0198708   43.5122261   60.1696434
  48.2722321   44.4200859   60.5757980
  48.8640175   43.0615005   60.5920029
  50.1800652   42.3585052   61.0213585
  50.3705635   41.3926506   60.7207222
  51.0574951   42.7088623   60.6753654
  49.6094475   42.7648087    2.3295112
  49.9179840   41.8045235    2.4703708
  49.7346764   42.6733322    1.2931908
  50.1665077   47.6678200   57.7713814
  49.3471947   47.2172012   57.3680687
  49.8553200   48.6192207   57.5774841
  50.6190834   47.3712616   60.4099846
  49.7914810   46.8038406   60.7137260
  50.3828239   47.3000450   59.4439468
  47.8656998   54.4613419    6.9428835
  47.0444908   54.9221611    6.5705075
  47.6300316   53.5640450    6.4962010
  47.7780151   54.3960648    9.5563927
  46.8561096   54.7105904    9.7097511
  47.7900581   54.4327698    8.5376825
  47.1748505   51.4363174    3.4289863
  46.4000740   50.8587570    3.0251992
  47.8796844   50.7815018    3.0791910
  47.1962013   52.1569405    5.9429340
  46.3161354   51.6878548    6.1601739
  47.1479530   51.9929237    4.9486814
  49.4583740   50.5238190    6.4977355
  48.6298866   51.1085396    6.2588763
  50.1734200   51.0932617    6.0978069
  49.6860733   50.2304382    9.2230177
  49.6455498   50.3742599    8.2117958
  48.7911987   50.7054291    9.3859596
  50.2984657   55.0693016    3.0834515
  50.0310898   55.2153053    4.0505118
  49.4096451   54.6634750    2.8057547
  49.9630928   55.5413895    5.8142958
  49.1563835   55.1693916    6.2772079
  49.7493858   56.5056953    5.9270673
  48.0839386   54.3106804   13.1218681
  47.2537537   54.8966904   12.8742437
  47.8264084   54.3464775   14.1246195
  47.4836121   54.3830795   15.7734518
  46.6710396   54.7218056   16.3260574
  47.3075066   53.4058952   16.0368576
  47.4793663   51.6977043    9.9461803
  47.7198715   52.6505737    9.8330774
  47.4103088   51.7030220   10.9565954
  47.4670105   51.8767815   12.6165562
  47.6463165   52.8895073   12.7286777
  48.2905045   51.5756531   13.1250191
  49.7568588   50.8041420   13.5434542
  49.8710976   49.9578056   13.0248089
  50.6607056   51.1662483   13.2908058
  49.3209572   50.2506866   16.0238800
  49.4617348   50.4126205   15.0155468
  48.5525475   50.9303436   16.0635109
  50.1710892   55.3999290    9.9508286
  49.2330513   55.1181526    9.6647902
  50.0762253   56.3624306    9.6326475
  50.4009552   55.4998856   12.5664034
  49.4943047   54.9431992   12.6924076
  50.3580551   55.3932610   11.5438032
  47.9747849   54.1145592   20.1944294
  47.1159668   54.6791954   20.1033840
  47.8519821   54.1013298   21.2594566
  47.5642052   54.1327820   22.8851051
  46.6727295   54.5744972   23.2322388
  47.3252678   53.2046432   23.2003574
  47.1869316   51.8283958   16.5321865
  46.4542351   51.1302910   16.4041996
  47.1437073   51.9006386   17.5066814
  47.5787773   51.7293205   19.2381592
  47.8497887   52.6921959   19.5170460
  48.4230690   51.2865067   19.6063118
  49.7256241   50.3813896   20.3506393
  49.9492569   49.4575615   20.0864124
  50.5712624   50.8170013   19.9332180
  49.3999634   50.0783997   23.0329647
  49.4066620   50.2625389   22.0411167
  48.5312843   50.5454521   23.1976547
  49.6353569   55.5064354   16.8064194
  48.7948189   55.1131783   16.3740196
  49.5203934   56.4373055   16.4972401
  50.0724068   55.4231796   19.4144650
  49.2385483   54.8804741   19.6557999
  49.8864708   55.3644333   18.3965054
  47.7834320   53.8037376   26.7947044
  47.1220131   54.5098038   26.4799652
  47.7231674   53.9866371   27.7744522
  47.4383469   54.2983208   29.4128532
  46.5300636   54.6223030   29.7788963
  47.2841644   53.3497849   29.7037754
  47.1810150   51.5703697   23.6562347
  46.4805031   50.8461685   23.4235039
  47.1444817   51.4210205   24.6532993
  47.3370667   51.2677307   26.2192516
  47.5469360   52.2292709   26.4429607
  48.2207298   50.8953171   26.5375519
  49.6738853   50.3875198   27.1479206
  50.0219917   49.4550438   26.9771137
  50.4860992   50.8298035   26.6994667
  49.4481201   50.1983414   29.7640495
  49.3988647   50.3567352   28.7504673
  48.6222649   50.8032494   29.9344807
  49.8511047   55.1658936   23.6618996
  48.9197655   54.8116035   23.3982067
  49.7038879   56.1035805   23.2866669
  50.1070404   55.2749367   26.3269482
  49.2862549   54.6663475   26.4998493
  50.0432549   55.2791710   25.3166599
  47.9390984   54.1029968   33.3999863
  47.0945206   54.6128387   33.1934547
  47.8148460   54.1201096   34.3957481
  47.5254440   54.1929092   36.0831871
  46.7695465   54.5702629   36.6669960
  47.4727402   53.2505722   36.4831924
  47.2059898   51.7349586   30.2342529
  46.2736511   51.3457489   30.1114769
  47.1961403   51.5938759   31.2551861
  47.4249763   51.5176239   32.8638458
  47.7800789   52.4488029   33.0648689
  48.2296982   51.0390625   33.2253799
  49.4808617   50.3255081   33.8253632
  49.9161224   49.4720383   33.4528008
  50.2589569   50.9046669   33.5999298
  49.5332909   50.3065643   36.5272522
  49.4584618   50.2104225   35.5141335
  48.7339821   50.9305305   36.6027031
  49.5512848   55.5514297   30.3569889
  48.7780952   55.0820885   29.9096680
  49.3514748   56.4990883   29.9636421
  49.9431610   55.7797623   33.0733147
  49.1829414   55.0851250   33.1950912
  49.8830605   55.7000504   32.0597000
  48.0742950   54.0203209   40.5598412
  47.2006035   54.5228958   40.4052773
  48.0038261   54.0613441   41.5806007
  47.8390694   54.0555878   43.1768532
  46.9225159   54.4157372   43.4687004
  47.5972366   53.0950928   43.3532448
  47.2968445   51.7352829   37.0778770
  46.4667091   51.1603317   36.9439087
  47.2223625   51.7371025   38.1173096
  47.4346237   51.6582985   39.6940994
  47.7094002   52.5662613   40.0719490
  48.2624092   51.1959343   39.9776764
  49.7615547   50.3258018   40.5247612
  50.1591225   49.4366035   40.2434044
  50.5886192   50.8259621   40.2648354
  49.5081596   50.0894127   43.1427917
  49.5836372   50.2708282   42.1502876
  48.5953064   50.5686188   43.2265434
  49.6644211   55.3831520   37.2751923
  48.8201332   55.1403160   36.7771759
  49.6691246   56.3417397   36.9762306
  50.2450066   55.3573341   39.8805084
  49.4764938   54.6603394   40.1727562
  50.0343781   55.2705231   38.9069023
  48.1040268   54.0804482   47.3956871
  47.3432083   54.7391167   47.3507767
  47.9931374   53.9157066   48.4083633
  47.8759079   54.0221901   50.0202332
  47.0105782   54.3732567   50.3951073
  47.6972961   53.0742989   50.3799706
  47.2719574   51.4267731   43.7371559
  46.3735275   51.0282402   43.6028900
  47.2487717   51.3964310   44.7531700
  47.4224892   51.5321312   46.4837914
  47.7138138   52.4330521   46.7034912
  48.2260704   51.0532722   46.9636192
  49.5122490   50.3068237   47.4787827
  49.9844017   49.4097824   47.2937431
  50.2799301   50.8456841   47.1661530
  49.6343422   49.9939919   50.1820793
  49.3550034   49.9910698   49.2053833
  48.8457603   50.5409355   50.4913101
  49.8397789   55.3007774   44.3289375
  49.0128479   54.8636894   43.9064751
  49.6966400   56.1923637   43.9050713
  50.1364670   55.6491089   46.8821373
  49.3814430   55.0011635   47.0880585
  50.0733414   55.4964600   45.8559265
  48.1118965   53.7229958   54.1613922
  47.3074036   54.2790680   53.8598251
  47.9944305   53.8750954   55.1711578
  47.8669548   54.1568108   56.7694206
  46.9501572   54.4783974   57.0869942
  47.6391563   53.1961021   57.0524750
  47.4759331   51.5181999   50.7753639
  46.7469025   50.8760033   50.4047966
  47.2614059   51.2627296   51.7646141
  47.5292053   51.1869392   53.5720291
  47.8273087   52.1338387   53.8699455
  48.4501572   50.8123665   53.8854408
  49.8265038   50.2510300   54.3244820
  50.0405693   49.2761345   54.1306229
  50.7417336   50.5455055   54.0053940
  49.4065971   50.1868019   56.9395828
  49.5329247   50.2978706   55.9444427
  48.5849075   50.6986008   57.0498390
  50.0778313   55.1081085   51.3203316
  49.2865524   54.7717514   50.8089218
  50.0075302   56.0551376   50.9667549
  50.4250793   55.1799927   54.0400009
  49.6336555   54.5707893   54.2270355
  50.2439995   55.1891861   53.0121384
  47.9697876   53.5749741   61.1702728
  47.2306633   54.1937218   60.8335686
  48.7303925   54.2201805   60.8793297
  47.8575706   53.8992043    2.5852809
  47.5762901   52.9786797    2.9652963
  47.8602028   53.5430908    1.5985634
  47.1192856   51.6447372   57.3071976
  46.3280411   51.0104065   57.2389832
  47.2768898   51.4341240   58.2896690
  47.5774536   51.1962395   59.9007454
  47.5668335   51.9877586   60.4885063
  48.4185028   50.7409897   60.2836571
  49.7783127   49.9651413   60.9575424
  50.2547417   49.0798950   60.8031998
  50.5578537   50.5236359   60.6595230
  49.2272720   50.0932579    2.3231339
  49.6650429   49.1881676    2.4577374
  49.2606392   50.0476227    1.3013808
  49.9223480   55.5086479   57.6545868
  49.1638489   54.9926224   57.1890945
  49.5557442   56.4298592   57.4937363
  49.9057579   55.2384033   60.4118614
  49.8744431   55.2948875   59.3914680
  50.7559471   54.6713905   60.4321251
  48.6573639   61.7060127    6.7863107
  47.8077850   62.1590767    6.5284076
  48.4372215   60.8739548    6.1736655
  48.2772026    0.6504943    9.4834204
  48.5477219    0.5463894    8.5515032
  49.1938744    0.9493058    9.8662357
  47.1198463   59.4688606    2.5513034
  46.3074875   58.9318962    2.5603046
  47.2371826   59.5065155    1.5456834
  47.9207382   59.7239914    5.1645098
  47.1691666   59.1690521    5.5213952
  47.7557831   59.5136757    4.1801801
  49.7664948   58.2504807    6.4160886
  49.1328239   58.8472137    5.8657694
  50.5775757   58.8189659    6.1858449
  49.8802567   57.8550682    9.0634403
  49.8104820   57.9515190    8.0275707
  49.0995140   58.4441185    9.2797461
  50.6927261    1.9816065    3.5444238
  50.4931488    2.0251818    4.5155039
  49.9002876    1.4599046    3.2484398
  50.5177422    2.3107853    6.3004489
  49.8755455    1.6180222    6.5513177
  51.3259201    1.7207749    6.3480039
  48.2019005   61.9560165   13.5698814
  47.2578011   62.2626610   13.3083477
  48.1540108   61.0681801   13.1194038
  48.4229317    0.5269504   16.2043037
  47.5988197    1.0549109   16.3628635
  48.4780083    0.6340599   15.2063608
  47.7228928   59.2437363    9.9594231
  47.8754845   60.2122993    9.7923603
  47.8860016   59.2891998   10.9770393
  47.9283714   59.3707466   12.5637598
  47.1775780   58.7500153   12.9330225
  48.7089043   58.8529930   12.9308891
  50.2125053   57.9922523   13.5688925
  50.4359055   57.0670776   13.1328888
  51.0445862   58.4137573   13.1547937
  49.6017075   58.1534271   16.1158447
  49.9706879   58.1049995   15.1609659
  50.4264793   58.5590553   16.5518837
  50.6836281    1.7224150   10.2203541
  50.8666382    2.6994200   10.0570364
  50.5083504    1.8684199   11.2501078
  50.2674904    2.2424741   12.8053474
  49.5388832    1.6834042   13.1795025
  51.0244255    1.6596975   13.1301451
  48.7030182   61.9399338   20.4086647
  47.7856483   62.1390228   19.9797115
  48.6613541   60.9447212   20.1422615
  48.2661514    0.7577575   23.0390491
  48.3835106    0.7674339   22.0450230
  49.2176781    0.9870692   23.2648945
  47.3975677   59.3801270   16.9985218
  47.7345428   60.3117409   16.7082882
  48.1796379   58.8980827   16.6340694
  48.1887932   59.4768944   19.5490074
  47.4659882   58.9068642   19.9783535
  47.7736778   59.4671555   18.6565399
  50.2620773   58.0402374   20.4396477
  50.0840073   57.1317101   20.0164852
  49.5445061   58.5516510   19.9430828
  49.9315376   57.8494644   22.9696178
  50.1062889   58.0071716   21.9957752
  49.0175285   58.3328819   23.0195007
  50.6277390    2.2167745   16.8774376
  49.8737488    1.5639720   16.7966499
  50.6731148    2.2527857   17.8583393
  50.8014336    2.4558907   19.6738567
  50.1318893    1.7800685   20.0306931
  51.6079292    1.8795549   19.8410149
  48.5944710   62.0164528   27.0459919
  47.6650314   62.3119087   26.7506275
  48.4829903   61.0887566   26.6114655
  48.6027527    0.8304878   29.6986256
  47.6724396    1.1807638   29.7662735
  48.6829796    0.9374071   28.6872807
  47.5160370   59.4163666   23.5401249
  47.7273483   60.3933601   23.3435993
  47.6557808   59.4652405   24.4923973
  48.0915642   59.5144196   26.2302017
  47.4019699   59.0930672   26.8233185
  48.8715134   58.9672813   26.5497169
  50.0254860   57.8702507   27.0331421
  50.0925140   56.8970108   26.7735291
  50.9778557   58.1141968   26.7921085
  49.5297432   58.1795998   29.5896320
  49.7383728   57.9515572   28.6526928
  50.4416237   58.5544319   29.8413353
  50.6545525    1.9361635   23.7647400
  50.7927132    2.8826327   23.5145950
  50.6762276    2.0528226   24.7633648
  50.6353531    2.3844244   26.4377975
  49.7343979    1.8895205   26.6808758
  51.1784859    1.5255644   26.6436310
  48.4416809   61.9613266   33.7109756
  47.5863228   62.4282875   33.3051186
  48.2145538   61.0400162   33.3658142
  47.9710464    0.7594534   36.5587769
  48.2241211    0.8317735   35.5983696
  48.8632011    1.0272906   36.9256363
  47.3444862   59.5457001   30.2147865
  47.6805229   60.4545517   30.1061649
  48.1926231   59.0885162   29.8971386
  47.9939766   59.4646683   32.9165421
  47.2446404   58.9027748   33.3172150
  47.6545486   59.3656883   31.9433136
  50.0972557   58.2696190   33.9920158
  49.9716034   57.3355179   33.6786842
  49.3423653   58.6745071   33.4998207
  49.8182869   57.9855843   36.5879517
  49.9040031   58.1622047   35.5884743
  48.9602699   58.4996758   36.6682472
  50.8456955    2.1996069   30.4313755
  50.0274162    1.6305965   30.3337784
  50.8442459    2.1443686   31.4691334
  50.5057068    2.4998884   33.2652321
  49.7947617    1.8282233   33.3979416
  51.2729988    1.8301057   33.4780655
  48.3953819   61.8337212   40.6491127
  47.4357147   62.1168365   40.4436836
  48.2969780   60.9102516   40.2749863
  48.6209793    0.5697532   43.3448219
  47.6654587    1.0088927   43.3326912
  48.6822968    0.6623291   42.3371468
  47.4142265   59.4009399   37.2865372
  47.4761124   60.3704491   37.0738564
  47.7318115   59.4843063   38.2408066
  48.2648811   59.2753983   39.7662086
  47.4924278   58.7486038   40.1816483
  48.9872932   58.7589111   40.2191048
  50.3805542   57.8452797   40.9148521
  50.4155006   56.9145317   40.5977402
  51.3151436   58.1311340   40.7224579
  49.9795952   57.8740616   43.4713593
  50.1982231   58.0352898   42.4878616
  50.7902336   58.3703651   43.8233566
  50.4826584    1.7995543   37.3550949
  50.6813545    2.7792361   37.0693359
  50.5047226    2.0131288   38.3360634
  50.4114342    2.1670127   40.0835342
  49.6385269    1.5263187   40.2712593
  51.1614609    1.5795056   40.4299355
  48.6468353   61.8681183   47.5217857
  47.9677010   62.2900467   46.8966522
  48.5873146   60.9340935   47.1929893
  48.1703224    0.6213682   50.1397133
  48.4015999    0.7093400   49.1565437
  49.0426292    1.0134029   50.4718361
  47.8847122   59.2899437   43.9970169
  48.2072792   60.2115097   43.8679619
  48.7194328   58.8143501   43.6660995
  48.3585205   59.4449272   46.5732956
  47.5048218   58.9607353   46.8498077
  48.2345200   59.2813034   45.6141129
  50.4199600   58.1990852   47.6614075
  50.3282433   57.2657585   47.2737236
  49.5792160   58.5992432   47.2442398
  50.0721512   57.6624107   50.3371315
  50.1474686   57.8834839   49.3289223
  49.1855850   58.0950317   50.4494171
  50.7588997    1.9984698   44.1748772
  50.0231781    1.3471746   43.9803886
  50.5677910    2.1219244   45.1309319
  50.7661629    2.2182052   46.8607254
  50.0724945    1.5420620   47.0850105
  51.5763283    1.6531336   47.1899414
  48.3340721   61.8000145   54.5029030
  47.4879036   62.3414192   54.2131042
  48.0820198   61.0209160   53.9028206
  48.4153633    0.6043211   57.1862183
  47.5690689    1.1467032   57.2689896
  48.3914375    0.5292723   56.1852646
  47.7795715   59.1108780   50.8556023
  47.7862091   60.0775528   50.5942459
  47.9124146   59.2964325   51.8446922
  47.9833565   59.3374062   53.5479774
  47.3231506   58.7653122   54.0505981
  48.8081551   58.8952179   53.8955040
  50.0839615   57.8209801   54.6701622
  50.2077751   56.8916359   54.3944740
  51.0101128   58.1583977   54.3361855
  49.5720749   58.2972603   57.1463928
  49.7068214   58.0730667   56.1698990
  50.5450172   58.5854721   57.3051605
  50.5463181    1.7054240   50.9659691
  50.7007103    2.6912889   50.7107086
  50.4488983    1.9088757   51.9658737
  50.4614716    1.9011691   53.6772079
  49.7798271    1.3874577   54.1871910
  51.2308617    1.2780631   53.7637329
  48.4690933    0.7274469   61.1830902
  48.6422615    0.8238251   62.1700859
  49.3109131    1.1117797   60.8583755
  48.6078148   61.8185806    2.7706165
  47.7693405   62.3569908    2.8481631
  48.1969986   60.9028168    2.9423459
  47.6324272   59.6463394   58.4059029
  47.9091911   60.4930038   57.9134521
  48.4293900   59.0870018   58.0090408
  47.2280884   59.5641785   60.9883881
  47.8042297   60.4233322   61.0229874
  47.3324165   59.5556870   59.9400101
  50.0603676   57.9073601   61.0380669
  50.0963516   56.9315376   60.7119484
  49.0870476   58.0623589   60.8107414
  51.1830406   57.6462822    2.4450145
  50.9469643   56.7246895    2.7306166
  50.6839790   57.6647415    1.5823289
  50.8562965    1.8525120   57.9782829
  49.9708595    1.4219885   57.6755714
  50.5667648    2.0316076   58.9088440
  50.7337799    2.0623009   60.6494293
  50.9539490    2.9664881   61.0122108
  51.6852570    1.7045072   60.6550865
  52.6213455    8.3410797    6.9749527
  51.7649536    8.8896360    6.8848047
  52.6302452    8.3668633    7.9808607
  52.9245605    8.3379383    9.6209726
  52.0558968    8.6265440   10.0716305
  52.8369904    7.3565593    9.8523006
  52.9350471    6.2996383    3.3417499
  52.1955261    5.6061602    3.2041419
  52.8832283    6.2250280    4.3824701
  52.8383255    5.9210453    6.0141859
  52.1427536    5.5008731    6.6213756
  52.7662811    6.8437800    6.3875561
  54.7779732    4.1668954    6.5718212
  54.0429344    4.8298330    6.3070941
  54.7990761    4.4894776    7.5221629
  55.0372200    4.6970954    9.2318459
  54.2570686    5.0609255    9.6842737
  55.0799294    3.7548354    9.5537329
  55.2677383    9.9149151    3.5331507
  55.2003975    9.6761427    4.4858456
  54.3862991    9.5386391    3.2330275
  54.9409561    9.5427628    6.1630383
  54.0636368    9.1186485    6.3963213
  54.6928864   10.4774609    6.4981856
  52.5965462    8.1806555   13.5080299
  51.6973991    8.6681585   13.4714880
  52.7681503    8.4027309   14.4834576
  52.8996544    8.5445690   16.2181854
  52.0649605    8.7351446   16.7722855
  53.0317345    7.6290598   16.5868950
  52.9804077    5.8219333   10.5452185
  52.1507301    5.2754178   10.4147663
  52.9580727    5.8567109   11.5684958
  53.0422859    5.6499033   13.2093897
  52.0753403    5.4264870   13.4587231
  52.8784752    6.6677547   13.3527079
  55.1443443    4.1719084   13.4928713
  54.2948112    4.7539668   13.3447113
  55.1576309    4.3223586   14.4845076
  55.2182846    4.4886055   16.1538334
  54.4788055    5.1032038   16.4963226
  55.9827766    5.0123081   16.5850868
  55.2621803    9.4464874   10.1173658
  54.3695374    9.0349112    9.8529673
  55.0223122   10.3685331    9.7613277
  54.9060287    9.5352678   12.7601757
  54.0291252    9.1366081   12.8373156
  55.0315704    9.5458136   11.7719793
  53.1903915    8.4311733   20.5214252
  52.3443222    9.0020008   20.4057579
  53.1438446    8.4650993   21.5348377
  52.8343010    8.6015720   23.0714188
  52.0409698    9.0313473   23.5142021
  52.8484955    7.7435155   23.6247997
  53.0690689    6.0610633   17.2657032
  52.1092453    5.7597194   17.0023880
  53.0246964    5.9057026   18.2252216
  53.1961060    5.7183304   20.0046043
  52.2418289    5.6073599   20.3290348
  53.2465057    6.7331862   20.2519722
  55.0608978    3.9449718   20.3451538
  54.2744827    4.6109247   20.2069416
  55.1385155    4.1593704   21.3436966
  55.2568207    4.4939165   22.9350243
  54.4972763    5.0685587   23.2860317
  55.0785713    3.6733124   23.5024910
  55.2941780    9.6952934   16.9456425
  54.4627304    9.3316727   16.5558224
  55.0978661   10.6619120   16.7023106
  55.2141495    9.9093418   19.7420177
  54.4468002    9.2953110   20.0152569
  55.2075233    9.6620188   18.7314663
  53.0103149    8.6299572   27.1512222
  52.2259216    9.2813177   27.0211544
  53.0247078    8.8083210   28.1711349
  53.0146332    8.8092251   29.7712860
  52.2207756    9.0312872   30.3458385
  53.0433960    7.8149037   30.0929298
  53.2927551    5.7842441   24.0677471
  52.4215927    5.2711487   24.0411015
  53.3814659    5.8898754   25.0416965
  53.3946342    6.0367656   26.6781578
  52.4840240    5.7783208   27.0220585
  53.3172722    7.0083709   26.8638382
  55.3281021    4.2775578   27.0284119
  54.5449142    4.8926611   26.7863216
  55.1270866    4.3507009   28.0185280
  54.8459435    4.6977963   29.8114738
  54.2441635    5.4673524   30.1806641
  55.6853676    5.1161103   30.2699070
  55.1701393    9.6421728   23.8027287
  54.2754478    9.2960224   23.4197483
  54.8608513   10.6096392   23.6196117
  55.1768456    9.9434252   26.4814739
  54.2822456    9.4492702   26.6768436
  55.1413040    9.6418962   25.4930725
  53.3155785    8.4431057   34.2844238
  52.4706841    9.0217905   34.1825104
  53.2372971    8.4027529   35.2981873
  52.8376083    8.3974371   36.9398537
  51.9014854    8.5830030   37.3128433
  52.7946663    7.3916898   37.1399269
  53.0101357    6.3780012   30.8529587
  52.1817703    5.7775950   30.6751213
  53.0057030    6.1688905   31.8527298
  53.1169205    5.8677573   33.5156059
  52.2348938    5.5953879   33.9106598
  53.2345467    6.7644882   33.8992462
  55.1401596    4.2313800   34.0530357
  54.2983589    4.8350992   33.8763695
  55.1372185    4.4349389   35.0557518
  55.1889801    4.5810776   36.6653023
  54.3862762    5.1164036   36.9347687
  54.9658852    3.7535424   37.1098709
  55.1325340    9.9792500   30.8137093
  54.3020325    9.6129761   30.3977146
  54.9952736   10.9398985   30.5071678
  55.5410767    9.8301907   33.4428329
  54.6578331    9.3332710   33.5384216
  55.4537239    9.9868851   32.4285660
  52.9167976    8.1701279   40.9684715
  52.1243858    8.8524208   40.9264221
  53.0270157    8.3031006   41.9605446
  53.0326080    8.4676800   43.5637207
  52.3245888    8.8687553   44.1792679
  53.0738258    7.5990534   44.0054703
  53.0226364    5.7461510   37.5252266
  52.1665421    5.1637983   37.4208641
  53.0667648    5.5664692   38.5365067
  52.9178467    5.6481271   40.2492409
  51.9893570    5.4599133   40.5860519
  52.8946304    6.6359801   40.4477806
  55.1264229    4.1673994   40.7473984
  54.2700958    4.7224751   40.6790543
  55.1700363    4.2455497   41.7847290
  55.2014885    4.5021148   43.4639244
  54.4915199    5.1346478   43.8482666
  56.0024605    5.0002332   43.8591042
  55.0387459    9.8368826   37.5599251
  54.1345444    9.4822893   37.2043381
  54.8034859   10.8134451   37.2490349
  55.1853905    9.3143940   40.1663857
  54.3897667    8.7545233   40.3770332
  55.0921860    9.3338137   39.1877480
  53.4188080    8.2143650   47.7889404
  52.5198784    8.7440453   47.7107162
  53.3549461    8.2307634   48.8335228
  52.9722023    8.4501896   50.3763924
  52.1511765    8.7999916   50.7830162
  52.8895645    7.5164056   50.7756615
  53.2256622    5.9565816   44.4100380
  52.4184113    5.3999968   44.2526360
  53.2471504    5.8531389   45.4205093
  53.1989250    5.7173958   46.9658852
  52.3139725    5.5310888   47.4109917
  53.3418427    6.6605144   47.3023491
  55.3083801    4.0668712   47.4766502
  54.4645538    4.5764575   47.3089752
  55.2789383    4.1769252   48.5114479
  55.0872726    4.4848042   50.0785866
  54.4369431    4.9343100   50.6363525
  54.9471436    3.5649443   50.4833832
  55.2922935    9.6065741   44.3833160
  54.4507446    9.2160215   43.8780365
  55.0519104   10.5327339   44.0389137
  55.5930672    9.5089979   47.0244980
  54.6947327    9.0260248   47.2138214
  55.4803200    9.5510035   46.0228081
  53.2330360    8.1219912   54.3246613
  52.3452377    8.6556139   54.1831093
  53.1674614    8.2781200   55.3569527
  53.0909958    8.6004114   56.9268761
  52.3217125    8.9476919   57.4485321
  53.0860596    7.6457944   57.2822380
  52.9009018    5.7942362   51.3262520
  52.1680756    5.1130614   51.0159874
  52.8957291    5.5466847   52.2743988
  53.2394714    5.4231100   54.0605469
  52.3402824    5.1537528   54.4654465
  53.1105766    6.4234257   54.1509018
  55.3756027    3.9504945   54.2220154
  54.4805870    4.4743547   54.1333961
  55.4181557    4.0576429   55.2376366
  55.2789879    4.5212626   56.7566833
  54.5511246    5.1861019   57.0128441
  55.9727440    4.9897695   57.3726044
  54.9787140    9.7429819   51.0927582
  54.1844864    9.2343464   50.7046280
  54.5844574   10.6745996   50.9253731
  55.4157143    9.5019894   53.7423744
  54.5274658    8.9886980   53.8569832
  55.3143387    9.5135632   52.7446442
  53.3361664    8.4569349   61.2833900
  52.5072250    8.9868116   61.0780792
  53.2242432    8.6629314   62.3189888
  52.9483147    8.8535404    2.6722374
  52.9468079    7.8296123    2.9441617
  52.1327896    9.0660706    3.2046564
  53.1860352    6.0644383   57.5981865
  52.3314133    5.5769582   57.4859467
  53.1660118    6.0076013   58.6032104
  53.0814972    5.9473386   60.2026749
  52.2791595    5.5777826   60.7241707
  53.1286392    6.8276362   60.6896973
  55.3100853    4.6701365   61.0367088
  54.4571342    4.9457402   60.6089630
  55.3638077    3.7541652   60.5944519
  54.9662361    4.6116982    2.4508648
  54.2234459    5.2550240    2.6248605
  55.0034485    4.7259693    1.4284551
  55.4199715    9.5808697   57.7444534
  54.5489426    9.2245207   57.3418922
  55.1496658   10.5543385   57.6072006
  55.7137260    9.6039591   60.4387550
  54.9131775    9.0572796   60.6075745
  55.6877708    9.5853395   59.4184875
  52.5170708   16.3060379    7.3321819
  51.6161423   16.7071381    6.9951019
  52.3981171   15.4454365    6.8353405
  52.9655418   15.8474865    9.9513941
  52.1763763   16.4701385   10.1639271
  52.8473663   16.0069389    8.9261856
  52.0368576   13.4701014    3.6141162
  51.3599777   12.8259239    3.3551733
  52.8382759   12.9129162    3.2643013
  52.2209549   13.8840218    6.1569757
  51.3609962   13.4224844    6.4444466
  52.0225830   13.8374662    5.1400580
  54.3584900   12.2002811    6.5668855
  53.6077118   12.8478127    6.2572680
  55.0994148   12.8442640    6.3422852
  54.5824356   11.9043894    9.3131590
  54.3682747   11.9696684    8.3044567
  53.7303391   12.3826075    9.5858679
  55.0295410   17.0991516    3.8010311
  54.1628647   16.6562042    3.4369211
  54.7789764   18.0191879    3.5005059
  54.7389793   17.5928345    6.4825850
  53.8875694   17.1345272    6.7365274
  54.7578735   17.3093739    5.5160470
  52.6192360   15.8424940   13.8699255
  51.8224678   16.4061737   13.6672373
  52.5092087   15.8896370   14.8736725
  52.5045776   15.9862375   16.4837646
  51.6259842   16.3518486   16.9510155
  52.2114868   15.0320826   16.6129303
  52.4224968   13.2203474   10.2886372
  52.6907158   14.2256985   10.2357407
  52.2868843   13.2166786   11.3063307
  52.2875786   13.2875290   12.9028301
  52.5716057   14.2273350   13.2301226
  53.1233253   12.8166618   13.2603712
  54.5748253   12.1295958   13.7325468
  54.8194542   11.1856308   13.4492712
  55.4738503   12.5267839   13.3972540
  54.4024773   12.2236595   16.3976784
  54.3862152   12.2094202   15.3956842
  53.4737930   12.5492210   16.5397682
  54.9812012   17.4098244   10.7437801
  54.2054405   16.7688522   10.6142359
  54.9112625   17.4343338   11.7266359
  54.8949814   17.0976200   13.3547621
  53.9505272   16.6808014   13.5800152
  54.6122971   18.0284195   13.7005625
  52.7362976   15.7999086   20.2222748
  51.9625854   16.4463673   20.0835629
  52.7466927   15.9056444   21.2339115
  52.7889709   15.8508396   22.9161339
  51.9736290   16.2952232   23.3180962
  52.5687523   14.9156303   23.2612000
  51.9481926   13.4124079   16.8017960
  51.1897736   12.7571869   16.7310715
  52.0592690   13.3596678   17.8173237
  52.3444481   13.2777081   19.4534321
  52.5696335   14.2358570   19.6500912
  53.1093292   12.9131546   20.0069313
  54.4841728   12.3023367   20.6122780
  54.7526779   11.3163519   20.2995472
  55.3764153   12.6787624   20.2866611
  54.4192238   12.3135090   23.3959122
  54.4089165   12.3963184   22.3718433
  53.5331764   12.6904192   23.5632496
  54.8951683   17.0097866   16.9646835
  53.9502678   16.6823845   16.7230129
  54.6961594   18.0051918   16.8183270
  55.0535507   17.1513462   19.6585560
  54.1780853   16.6171322   19.7146015
  55.1333008   17.0917149   18.6627159
  53.2074547   16.0831356   27.3550186
  52.3590355   16.6252117   27.1297493
  53.0163002   16.1349850   28.4008026
  52.7941742   16.1325417   29.9841862
  51.9133072   16.5105286   30.2843075
  52.6146393   15.1803837   30.2911415
  52.0409203   13.4940882   23.9901123
  51.1759872   12.9459934   23.8827267
  52.0206070   13.5023413   24.9853497
  52.5166016   13.5900145   26.7154694
  52.8639832   14.5284262   26.9456158
  53.4480019   13.1770792   26.8906670
  54.9612579   12.4727755   27.3991394
  55.1094055   11.5406036   26.9953156
  55.7772408   12.8935022   26.9772205
  54.6305466   12.4353142   30.1359520
  54.7131081   12.7070217   29.1653843
  53.7216339   12.8307905   30.2752914
  54.6507339   17.2355938   24.0834465
  53.9261169   16.6970520   23.5947342
  54.4209404   18.0929585   23.6282902
  55.3226433   17.3945618   26.5632305
  54.5238571   16.8703213   26.9290352
  55.0351868   17.3352680   25.5983200
  53.0749016   15.8476191   34.2075462
  52.3657112   16.5486584   33.9585953
  52.9039574   15.9578562   35.2189903
  52.6094551   16.1226654   36.7941666
  51.7672577   16.5718193   37.2101822
  52.3911667   15.1808014   37.0990295
  52.1772575   13.7004538   30.8509426
  51.3736687   13.1163464   30.6375141
  52.1785240   13.4774771   31.8315849
  52.5179367   13.4104948   33.4664040
  52.7699280   14.3758297   33.8095970
  53.4848900   13.0736084   33.6000099
  54.8674622   12.4823933   33.9872131
  55.2753563   11.5757618   33.7233467
  55.7170677   12.9842091   33.6872978
  54.4398499   12.3181572   36.7338371
  54.6278191   12.5389681   35.7474594
  53.5245628   12.7532129   36.7677078
  54.8779907   17.2386074   31.1440430
  54.0639839   16.7508163   30.6908665
  54.6933861   18.1420460   30.7299042
  55.2206039   17.3684177   33.7235794
  54.4953918   16.6709976   33.9398842
  55.0565987   17.2982025   32.7113762
  53.2127419   15.8339138   40.9881668
  52.4382896   16.4567337   40.7891235
  53.1006546   15.8688717   42.0033035
  52.9337311   15.9185705   43.7107506
  52.0713043   16.3507347   43.9928856
  52.6948357   14.9819784   43.9745789
  52.1046562   13.5300560   37.4093857
  51.3119316   12.8906803   37.3125153
  52.1681404   13.4126930   38.4113045
  52.5352211   13.3709898   40.0610657
  52.9151459   14.2872906   40.3083038
  53.3228416   12.8426495   40.4996147
  54.7518654   12.0775614   40.8719559
  54.8943253   11.1245394   40.6656570
  55.6861839   12.4056988   40.6508636
  54.8053780   12.0558939   43.6020966
  54.7386208   12.0813065   42.5738487
  53.9970818   12.6084604   43.8239098
  54.8348999   17.0586910   37.7776756
  54.0062714   16.6691360   37.3088303
  54.5866585   17.9937248   37.5764236
  55.3884125   17.3075466   40.3800507
  54.6230278   16.7116756   40.7147255
  55.2228966   17.1319523   39.4213562
  53.4105988   15.8849745   47.8933487
  52.6328506   16.5185452   47.6144600
  53.2405243   15.9234171   48.8988495
  52.7044563   16.0751724   50.4164429
  51.8883247   16.5178528   50.7911377
  52.4147415   15.1423693   50.7135429
  52.4917603   13.3091545   44.4179459
  51.5591774   12.8864708   44.3568077
  52.5082626   13.2674875   45.4399910
  52.7610970   13.3636589   47.1787567
  53.1290665   14.2312593   47.4739227
  53.6260414   12.8347425   47.3954239
  54.9542313   12.0615883   47.8863487
  55.2638435   11.1343546   47.6200905
  55.7728424   12.5563221   47.5304642
  54.5328674   12.4097919   50.5239716
  54.5889015   12.3558750   49.5006943
  53.6311455   12.7826538   50.5610085
  55.0694466   17.1641388   44.4349213
  54.2313995   16.6487694   44.1382217
  54.7529793   18.0380516   44.0603333
  55.4708099   17.4182072   47.0043106
  54.6973267   16.8462543   47.3892174
  55.2010841   17.2142735   46.0199890
  52.9952545   15.8082609   54.5182686
  52.1488914   16.3798523   54.3844604
  52.9741745   15.8307953   55.4990845
  52.6785240   15.9214602   57.2068443
  51.8558083   16.3197479   57.6617928
  52.4723701   14.9830847   57.4618797
  52.1504288   13.5837011   51.1081467
  51.4613991   12.8256454   51.0490189
  52.2729721   13.4353561   52.1449738
  52.6480637   13.2580414   53.8070030
  52.8389854   14.1954193   54.1271515
  53.5040817   12.8366747   54.0757141
  54.9490891   11.9744949   54.5766029
  55.3398399   11.0739985   54.2743530
  55.7910805   12.5082235   54.3203392
  54.5433693   12.0772705   57.2798195
  54.5280457   12.1170769   56.2554703
  53.7021446   12.5985432   57.3867149
  54.9731979   17.3335342   51.2528839
  54.0393753   16.9881134   51.0390587
  54.7791367   18.2929249   50.9688835
  55.1154747   17.3970299   53.9352989
  54.3383942   16.8161087   54.0018501
  55.0929756   17.4361305   52.9113235
  53.5249443   15.7644844   61.5072784
  52.6327057   16.2056770   61.2214508
  53.3435478   15.8694105   62.4868126
  52.8653831   15.8809776    2.9211140
  51.9264145   16.3927574    2.9921002
  52.4401627   15.0005550    3.1832469
  52.2166443   13.3461838   57.8593063
  51.3512421   12.8332996   57.8605270
  52.4223747   13.2883244   58.8403358
  52.8501358   13.3440018   60.5203171
  53.1371574   14.2902966   60.7882652
  53.7327271   12.9431124   60.8895721
  55.1003113   12.1028280   61.3466682
  55.4471741   11.1638708   61.1470337
  56.0118065   12.5247107   61.1844749
  54.2363052   12.2314672    2.8077464
  54.7141190   11.3348207    3.0865731
  54.4516411   12.0809212    1.8239665
  54.7974701   17.4130878   58.0882721
  54.0487709   16.8804836   57.6835594
  54.4632454   18.3075733   57.7356567
  55.6069221   17.4028130   60.6064148
  54.8653755   16.8355579   60.9894524
  55.2107620   17.4182739   59.6678810
  52.4627571   23.5928917    6.8268332
  51.6957817   24.2469425    6.7009182
  52.5821419   23.8248405    7.8268852
  52.8040123   23.5762062    9.5802670
  51.9286270   24.0365582    9.7898550
  52.5924149   22.6856060    9.9731426
  51.9675293   20.7260323    3.2755063
  50.9939804   20.4017353    3.0824258
  51.7982788   20.8105469    4.2817497
  51.7244339   21.1495647    5.8108897
  51.9636879   22.1081276    6.0889297
  52.5878258   20.7550030    6.1945648
  54.0824051   20.2637730    6.8929563
  54.2881508   19.2874393    6.6988401
  53.9683151   20.1074524    7.8908725
  54.0924606   19.5813065    9.4934101
  54.5294075   18.7772522    9.9447432
  54.8667755   20.2501850    9.7466469
  54.6261024   24.8358688    3.6087728
  53.8462372   24.3369312    3.2675095
  54.4085007   25.7214050    3.1428442
  54.6361313   25.0247097    6.1647573
  53.8971977   24.3289776    6.2890100
  54.6316261   24.9937153    5.1816840
  52.9271469   23.6021614   13.6459656
  52.0895195   24.2163773   13.4238939
  52.7271156   23.6422348   14.6444769
  52.3738174   23.6863384   16.1828079
  51.5053368   24.0736599   16.5910835
  52.0470810   22.6966400   16.3979378
  52.0120468   21.0970879   10.4135704
  51.2245102   20.5675678   10.0602379
  52.7393036   20.5223961   10.0116415
  52.4104309   21.0540924   13.0474653
  52.4548607   22.0511589   13.2077532
  52.2079353   21.1602192   12.0447102
  54.3986969   19.6516590   14.0940247
  53.6015930   20.2379131   13.7311821
  55.1086388   20.1669998   13.5840359
  53.9613838   19.3887043   16.6918354
  54.0765915   19.5195312   15.6609173
  53.1526451   20.0188274   16.7773438
  54.8957291   25.1123199   10.0933065
  54.1129913   24.5040131    9.8578806
  54.8488159   24.9380207   11.0772438
  55.1257858   24.7572823   12.8155813
  54.3077927   24.2811222   13.1860218
  54.7790642   25.6548290   13.1818037
  52.9357681   23.6265907   20.1729012
  52.1512222   24.2547722   20.0179119
  52.8398743   23.6766109   21.2064419
  52.3722420   23.6586819   22.8649082
  51.4616241   23.8957424   23.2741451
  52.3010674   22.6808605   23.2020035
  51.8326225   21.2044315   16.8535194
  51.1188126   20.4992981   16.7628365
  51.9025269   21.1109047   17.8633080
  52.3098907   21.1510925   19.4597092
  52.6753349   22.0873909   19.6082516
  53.0967064   20.6702938   19.8769855
  54.4564247   19.7034340   20.5522747
  54.6456871   18.7579002   20.2745590
  55.3518066   20.0686417   20.2350979
  54.2851257   19.7585697   23.1276550
  54.2581863   19.8293324   22.1337776
  53.3987999   20.1819344   23.2933006
  54.4613342   24.9883938   17.1642609
  53.6337318   24.5700417   16.8633480
  54.2420425   25.9063568   16.7691574
  55.0499573   25.0792446   19.7110367
  54.2181053   24.5017548   19.9037724
  54.9486313   24.9854164   18.7087822
  53.0466118   23.4927101   27.1064796
  52.1781425   23.9791641   26.9142227
  52.8921280   23.5482121   28.1264858
  52.5646324   23.6056957   29.7678814
  51.7579422   24.0847492   30.0821419
  52.3292999   22.6893806   30.1635456
  52.0118904   21.1139812   23.8535213
  51.1568336   20.5636368   23.7537804
  52.0907898   21.0388203   24.8440323
  52.4626884   20.9132042   26.4467182
  52.6594238   21.8864269   26.7358398
  53.3371925   20.5511017   26.8281441
  54.7421799   19.9116898   27.3515320
  55.0494347   18.9983387   26.9997597
  55.4792671   20.4453678   26.9395924
  54.3627701   19.6267509   30.0279064
  54.3782425   19.8253059   29.0190620
  53.5706100   20.2202435   30.2076015
  54.4850426   25.0958595   23.7680798
  53.6326447   24.6922836   23.4206944
  54.2971687   26.0313396   23.4720955
  55.1548767   25.0288448   26.4076328
  54.3606262   24.4561577   26.6773510
  54.9653397   25.0387173   25.3961906
  52.9150543   23.5999565   33.9486618
  52.1827583   24.2442322   33.7146416
  52.7815666   23.6249695   34.9504204
  52.4049072   23.6870728   36.4909363
  51.5803719   24.1053123   36.9155579
  52.2418137   22.7615108   36.8850937
  52.2154160   21.0579166   30.6389732
  51.3786964   20.6250267   30.4301834
  52.1605797   21.1096210   31.6427650
  52.2356834   21.0617638   33.3143311
  52.5473442   21.9763241   33.5668488
  53.1043892   20.6067581   33.6446342
  54.3776169   19.8733368   34.3236618
  54.7815056   18.9538574   34.1275406
  55.2293968   20.3755760   34.0324821
  54.1547241   19.5685062   36.9496994
  54.2195282   19.7657528   35.9316940
  53.2717133   19.9430275   37.1212730
  54.7669487   24.8808727   30.8149624
  53.9305191   24.4289989   30.4169216
  54.6038170   25.7625675   30.4140415
  55.1258926   25.0468502   33.4607697
  54.3655052   24.4480267   33.6535110
  55.0985374   25.0197926   32.4578133
  53.1337242   23.6021004   40.7847481
  52.2976418   24.1445522   40.5337677
  52.9408226   23.7446079   41.7892265
  52.7251892   23.8034248   43.4571228
  51.8253136   24.1592751   43.8607025
  52.5311165   22.8296127   43.6651611
  51.9517250   21.1920509   37.4003639
  51.1501503   20.6697807   37.2303200
  51.9755974   21.0848885   38.4201698
  52.3772964   21.1486454   40.1294975
  52.7268562   22.0970497   40.3930473
  53.2284508   20.6752510   40.4781799
  54.5381660   19.9343529   40.8851204
  54.8466301   19.0030689   40.7099838
  55.3813820   20.4207897   40.6309395
  54.2396851   19.5420971   43.4712982
  54.2968445   19.6488895   42.4815598
  53.4580307   20.1416988   43.6118126
  54.6977158   24.9492664   37.3726273
  53.8924599   24.4858036   36.9815903
  54.3928871   25.8874359   37.1464005
  55.3321381   24.9684925   40.0878525
  54.5013885   24.3539009   40.3522530
  55.1636848   24.8969707   39.1075249
  53.1208572   23.5212879   47.4739876
  52.2439079   24.0412350   47.2888680
  52.9930382   23.5642815   48.4729462
  52.5869255   23.6849136   50.0575600
  51.7390175   24.1382809   50.5104294
  52.3288918   22.7742958   50.4413948
  52.2343903   21.1937828   44.1157074
  51.4479065   20.5524921   44.0404129
  52.2859154   21.0489159   45.1696358
  52.6335373   20.9993610   46.7123413
  52.9314117   21.9418125   46.9428253
  53.4490356   20.5193958   47.1431198
  54.7432404   19.8665657   47.7499542
  55.0608635   18.9730949   47.4226418
  55.5829849   20.3486500   47.4447861
  54.4449883   19.7958717   50.4344635
  54.4155235   19.9330883   49.4363174
  53.5458794   20.3010445   50.5678253
  55.0112572   24.9081726   44.3808174
  54.1124001   24.5025845   44.1146049
  54.7141037   25.8467484   44.0837135
  55.3805084   24.9096584   47.0291061
  54.5629539   24.3035469   47.1237640
  55.3232155   24.9392452   46.0003128
  53.0107307   23.5368099   54.2597198
  52.3396225   24.2333202   54.0669022
  53.0283165   23.6853275   55.2716293
  52.7750282   23.5401688   56.8864365
  51.9454002   23.9480820   57.2934952
  52.6440277   22.6268463   57.3149719
  52.0449371   21.2098274   50.9873390
  51.2917099   20.5911388   50.7641525
  51.9580956   21.0743752   51.9869156
  52.4097633   21.0061760   53.6931801
  52.6425209   21.9718609   53.9592247
  53.2907867   20.6430035   53.9254494
  54.6562233   19.8914413   54.5281258
  54.9578819   18.9342098   54.2856407
  55.5400734   20.2880535   54.2819672
  54.0573578   19.6944542   57.0779762
  54.1613960   19.7423134   56.0794220
  53.2737312   20.2984886   57.1985664
  54.7055473   24.9084282   51.2901077
  53.8846474   24.4707642   50.8206062
  54.5713463   25.7870216   50.8428993
  55.2385635   24.8885040   53.8790474
  54.4170570   24.2933254   54.0358505
  55.1244926   24.8957634   52.8702087
  53.2247658   23.2877789   61.2348442
  52.4311867   23.8929043   60.9795570
  53.0450897   23.2804794   62.2389908
  52.4837074   23.3658791    2.5793090
  51.6422577   23.8535767    2.8833449
  52.1613312   22.4555206    2.8560429
  52.1367378   21.2578545   58.0068169
  51.3382339   20.6446819   57.8134270
  52.2647438   20.9508820   58.9641037
  52.4855194   20.7823486   60.5470085
  52.7515450   21.7443008   60.7322502
  53.3088303   20.3659554   60.9247398
  54.7248726   19.6694489   61.4219666
  55.1564560   18.7663155   61.2051163
  55.4837456   20.2346420   61.1113243
  54.3626785   19.5605888    2.8771753
  53.4815750   20.0088768    3.0561943
  54.3504486   19.7241077    1.8932050
  54.8510628   24.7668839   58.0032730
  54.0236855   24.3233528   57.6095734
  54.6074486   25.6783142   57.6042862
  55.3137894   24.8348198   60.6651917
  54.5220184   24.1353378   60.7603836
  55.2121201   24.8518753   59.6418343
  52.4706268   31.2918377    6.6420150
  51.6736526   31.8853264    6.4195547
  52.5063477   31.4679375    7.6205096
  52.7956505   31.5500965    9.3054953
  51.9476662   31.8445663    9.7822495
  52.7098198   30.5760574    9.5703974
  51.8403091   28.7505322    3.1968975
  50.9109154   28.3798828    2.9534347
  51.6267509   28.7783966    4.1904602
  51.6151619   28.8799801    5.7917609
  51.8988953   29.8211460    6.1078281
  52.4597626   28.4269485    6.1159821
  53.8039665   27.7066517    6.5172024
  53.9672203   26.7379990    6.3128085
  54.0351143   27.6140442    7.5113268
  54.4214821   27.5194473    9.1521540
  54.5883827   26.5912304    9.4425821
  55.2691040   27.9007149    9.5242233
  54.7568169   32.3061523    3.2602291
  53.9135246   31.9182968    2.7702379
  54.5186234   33.2646103    2.8781784
  54.5995445   32.7740822    6.0162163
  53.8843994   32.1380463    6.2936063
  54.5344467   32.6311150    5.0180445
  52.6624107   31.4967136   13.7163382
  51.8030090   31.9558468   13.5173473
  52.5858841   31.5724621   14.7691708
  52.3473282   31.3929214   16.3084679
  51.4510384   31.8107071   16.6455479
  52.0934448   30.4468365   16.5555935
  52.2588692   28.9620495   10.0156612
  51.5455704   28.3048458    9.7184124
  53.0238762   28.3887424    9.6825867
  52.4816132   28.9610023   12.7357130
  52.6248169   29.9305592   13.0299387
  52.3290215   29.1722546   11.7561398
  54.3645210   27.2514992   13.5947599
  53.6583557   27.8826790   13.1813993
  55.1284599   27.7867718   13.2825232
  54.0780678   27.5337353   16.2593880
  53.9930305   27.5461502   15.2591410
  53.3703690   28.2136765   16.4698257
  54.8910789   33.0384560    9.7458344
  54.0830421   32.4335022    9.5671759
  54.7229805   33.0297890   10.7480392
  54.6133385   32.7049866   12.3612843
  53.8200989   32.2354851   12.7290277
  54.3744431   33.5923157   12.8101339
  52.9478531   31.3868332   20.3493690
  52.0915604   31.8723927   20.0169773
  52.5503044   31.3533554   21.3143196
  52.2602158   31.2861328   22.8584595
  51.4460640   31.7447453   23.2706146
  52.0800514   30.4036674   23.2740021
  51.8923149   29.0255165   17.0330563
  51.0791740   28.3856316   16.9495926
  51.9220734   28.9390793   18.0517139
  52.3419838   28.8741608   19.5806427
  52.6169624   29.7602768   19.9979973
  53.2170830   28.3935795   19.8231163
  54.4939041   27.6254978   20.4060326
  54.8825722   26.7160759   20.2012367
  55.3264809   28.1540146   20.0369492
  54.2143402   27.5946007   23.1045742
  54.0816879   27.6847782   22.1088562
  53.4422340   28.1731529   23.3859291
  54.4581871   32.5208969   17.2927170
  53.6287231   32.0990639   16.8393650
  54.2136879   33.4651642   17.0384331
  55.1369667   32.7216110   19.8353958
  54.2596092   32.1295242   19.9809837
  54.9607620   32.7495461   18.8188229
  52.8869591   31.3354454   27.0653267
  51.9584198   31.7059631   26.8990116
  52.7717743   31.4273529   28.1014156
  52.4758720   31.5288773   29.6924381
  51.5201607   31.7854900   29.9715309
  52.3973618   30.5684757   29.9327564
  51.9086151   28.8107662   23.7788486
  51.0297546   28.3738499   23.5619946
  51.8571434   28.7415810   24.7874298
  52.3043251   28.6735287   26.4111729
  52.5864754   29.5803280   26.7413845
  53.1952820   28.2365875   26.6641655
  54.6608391   27.4957104   27.2450809
  55.0446053   26.6168766   26.9558678
  55.3853798   28.0765018   26.8839626
  54.3780632   27.3326492   29.8863182
  54.4009819   27.3457432   28.8663788
  53.5774231   27.9650726   29.9280796
  54.6119156   32.3598709   23.7392235
  53.7244263   32.0079994   23.3674774
  54.4135857   33.3276558   23.4944000
  54.9915123   32.7582207   26.3365479
  54.1148605   32.1845894   26.5442638
  54.8356476   32.6714401   25.3199005
  53.0021782   31.3007336   34.0639915
  52.1825180   31.8454990   33.7484589
  52.6748238   31.3180065   35.0250702
  52.3689766   31.4573917   36.6008644
  51.5385780   31.8568516   37.0539474
  52.1524048   30.4944897   36.8601608
  52.2559471   28.9587517   30.2147846
  51.3967438   28.3821220   30.1801128
  52.2018814   28.9841022   31.2394810
  52.2995415   28.9203682   32.8922272
  52.6433220   29.7636337   33.3343353
  53.0675926   28.3228912   33.3259964
  54.3257904   27.6764183   33.9786797
  54.6563377   26.7560310   33.7924614
  55.2533340   28.1230030   33.7700386
  54.1219482   27.4636021   36.6534119
  54.0778694   27.5734024   35.6241798
  53.3231621   28.0042057   36.8466263
  54.4969826   32.6965408   31.0111370
  53.7567329   32.3039665   30.4739208
  54.2846336   33.6802521   30.6827068
  55.1018372   32.7845421   33.5299187
  54.3219337   32.1402359   33.6901245
  54.8329315   32.7918167   32.4816933
  52.8851318   31.1665230   40.6372757
  52.1121407   31.8169823   40.5457840
  52.9815445   31.3013191   41.6324997
  52.6822739   31.5045490   43.3281822
  51.8813591   31.9618416   43.7482262
  52.4710121   30.5692177   43.6538429
  51.9051628   28.9251366   37.4007530
  51.0960312   28.2820110   37.3120613
  52.0245056   28.7722111   38.4275475
  52.2750359   28.6433468   40.0452118
  52.5547523   29.6022167   40.2362556
  53.1183014   28.2487011   40.4885979
  54.5334167   27.4588528   41.0397835
  54.7566071   26.5542850   40.7493744
  55.3579521   27.9068565   40.6270905
  54.1211052   27.4032631   43.6312218
  54.1887665   27.4088516   42.5786896
  53.2890053   27.9838371   43.6591759
  54.5867577   32.7146301   37.3642616
  53.7338295   32.2150307   37.0103149
  54.3419838   33.5699997   36.8881760
  54.9819374   32.7076607   39.9257889
  54.2913322   32.0283089   40.1522789
  54.8457413   32.6582375   38.9372902
  52.9487152   31.0960083   47.4461937
  52.1016808   31.6051502   47.3335495
  52.9090843   31.1186771   48.4894447
  52.6994171   31.1615810   50.0749092
  51.7998276   31.6074791   50.3786507
  52.4181366   30.2443275   50.4206123
  52.0322571   28.9015160   43.9829712
  51.2536621   28.2833023   43.8814507
  52.0609360   28.8400517   45.0172005
  52.3059921   28.5763054   46.5765839
  52.5886459   29.4808655   47.0604630
  53.0567169   28.0472088   46.9866600
  54.3945389   27.4425468   47.7051888
  54.7519913   26.5419216   47.5164413
  55.1880798   27.9467869   47.2213745
  54.4212799   27.4467258   50.3519554
  54.1981926   27.5002346   49.3444176
  53.5919685   27.9843025   50.6192818
  54.7557907   32.5509262   44.4368134
  53.8783531   32.1870728   43.9591713
  54.6050491   33.5146523   44.1170578
  54.9601898   32.7153435   46.9725914
  54.2735710   31.9607487   47.0793495
  54.9021759   32.6322975   45.9337654
  53.3070946   31.1036987   54.4368591
  52.4154663   31.5082436   54.2525711
  53.2317123   31.2182121   55.4857788
  52.7675438   31.3700409   56.9583321
  51.9275742   31.8146286   57.3163147
  52.4072151   30.4427929   57.2516060
  52.1369057   28.7989540   51.0521660
  51.4246063   28.1613197   50.7703018
  52.1228218   28.6267738   52.0302467
  52.3252411   28.6036186   53.6237373
  52.6791725   29.4800892   53.9911270
  53.1659660   28.0565300   53.8835983
  54.5509605   27.5080128   54.3744011
  54.8897209   26.5427971   54.1954079
  55.4416924   27.9652004   54.2173347
  54.2327156   27.1970615   57.1068382
  54.2826424   27.3963852   56.0980072
  53.4841690   27.8577881   57.2915840
  54.5977097   32.6100693   51.1517067
  53.8144417   32.1275826   50.6834412
  54.2507248   33.5314484   50.8587952
  55.4751587   32.6270638   53.5938492
  54.6645470   32.0556755   53.8660088
  55.1645851   32.6645775   52.6000519
  53.2308960   30.9710217   61.2222328
  52.5306931   31.5799580   60.8669548
  53.0528603   31.1962547   62.2002373
  52.5206566   31.3702183    2.3784809
  51.6629906   31.8091450    2.6840260
  52.2308578   30.4419670    2.6390722
  52.1988449   28.8876228   57.7546043
  51.4959412   28.2244434   57.6768913
  52.3308449   28.8404770   58.7606544
  52.3846092   28.5516567   60.3742142
  52.6991196   29.4611263   60.7331467
  53.2717209   28.0581245   60.6540108
  54.5866432   27.3207645   61.0905380
  54.8683090   26.3544655   60.9636040
  55.5177536   27.6803398   60.8463478
  54.0079956   27.1634769    2.4701035
  53.1902809   27.7042637    2.6092019
  54.0974197   27.3199558    1.4860198
  54.8728371   32.4752312   58.1518974
  54.0869370   32.0553856   57.6452942
  54.6360779   33.4411583   57.8306541
  55.5205383   32.3226318   60.6916618
  54.7531662   31.7096252   60.9133186
  55.2850876   32.3355141   59.6760483
  52.3307571   38.8816795    6.4778781
  51.5152512   39.4392357    6.2432470
  52.1492081   38.8450699    7.4676037
  52.1427536   39.0958824    9.1582851
  51.3472519   39.5443840    9.6030149
  51.9506073   38.1537743    9.5502253
  51.8283310   36.2253761    2.8664906
  51.0403214   35.6815186    2.5448420
  51.6659470   36.1093674    3.8521907
  51.9022369   36.3585548    5.5128102
  52.1122208   37.3326530    5.8174591
  52.8411064   36.0515709    5.8029113
  54.2785835   35.4068108    6.4111295
  54.4425240   34.4015656    6.3344960
  54.2236633   35.4212112    7.4312372
  54.1228333   35.4174309    9.0748606
  54.5688400   34.4729309    9.2986841
  54.8990631   35.8770523    9.5338106
  54.6213112   40.0389824    3.5349562
  53.8210945   39.5887604    3.0401244
  54.3913116   40.9489975    3.1764472
  54.4181595   40.4001274    6.1178331
  53.6231117   39.7798538    6.3310652
  54.3732414   40.1958809    5.1194863
  52.3089638   39.1363945   13.4531326
  51.4401169   39.6817055   13.3579159
  52.1594810   39.0904465   14.4823751
  52.1743279   38.9411049   16.0892067
  51.2447281   39.2399101   16.3617191
  52.0650444   37.9745598   16.3860683
  51.8796997   36.5520134    9.9298916
  51.1908569   35.8622246    9.6856995
  52.6289520   36.1084099    9.4601440
  52.1969528   36.5148201   12.6146297
  52.2495079   37.4799385   12.8810883
  52.1899910   36.6651878   11.6011658
  54.1846161   34.9866447   13.5191221
  53.4080048   35.5365524   13.1455507
  54.9319153   35.6422577   13.1888962
  53.8553352   34.9606209   16.3177795
  53.9604263   34.8986130   15.3208256
  53.0256729   35.5358849   16.3260307
  54.5340729   40.1658363    9.8333597
  53.6372643   39.7155876    9.6015568
  54.3613243   40.1961327   10.8339214
  54.4267006   40.2943001   12.5953789
  53.6374207   39.8001328   13.0342894
  54.2178040   41.1678619   13.0043879
  52.6123810   38.8939857   20.0952549
  51.7825241   39.4907455   19.8852596
  52.4746132   38.9219894   21.0982018
  52.2907600   38.8808556   22.7602806
  51.4801521   39.2906418   23.2367153
  52.1988411   37.9540710   23.1598377
  51.6095200   36.4625778   17.0630856
  50.7615395   35.8873520   16.9544888
  51.6147728   36.3358116   18.0668945
  52.0262070   36.3405418   19.7248974
  52.3694725   37.2952957   19.7921143
  52.8807869   35.9345055   20.0422211
  54.3158760   35.2796822   20.4535351
  54.7018585   34.3498192   20.2284565
  55.0864525   35.7959404   20.0680141
  54.1080742   35.0004272   23.2095299
  54.1907501   35.1722069   22.2108059
  53.2622719   35.5141487   23.3303738
  54.4333153   40.1174011   16.8399906
  53.5041962   39.7246742   16.5580139
  54.2012138   41.0574837   16.5364838
  54.7256775   40.2964821   19.5799923
  53.8982773   39.7014313   19.7591057
  54.5985489   40.2144775   18.5609455
  52.4821281   38.8213615   27.2563877
  51.7324944   39.4577980   27.0286140
  52.2678833   38.8959923   28.2627678
  52.0924225   39.0841331   29.7688351
  51.3145103   39.4972725   30.3028698
  51.9886856   38.1589584   30.1452312
  51.9239655   36.5221863   23.7692909
  51.1125374   35.9623795   23.6227169
  51.9021454   36.4977493   24.7881660
  52.1450195   36.1087227   26.3767281
  52.3667831   36.9803009   26.7485237
  52.9940224   35.6342621   26.7030582
  54.4425697   35.1902122   27.3407879
  54.7813683   34.2850723   27.0646420
  55.2077560   35.6880951   26.9118443
  54.0548859   35.1043739   29.9428425
  54.0621338   35.0774269   28.9144745
  53.1882401   35.6181984   30.0003948
  54.3103790   40.0312691   23.9549923
  53.5830269   39.5523911   23.4889336
  54.1334114   40.9709358   23.5673847
  54.6451340   40.1965828   26.5325432
  53.8282471   39.6219177   26.7905178
  54.4656029   40.1344414   25.5559349
  52.7933540   39.1044922   33.9240341
  51.9486885   39.5283508   33.6192780
  52.6086159   39.1251755   34.9001579
  52.3497696   39.0920753   36.5995827
  51.4756546   39.5359993   36.9783401
  52.0358124   38.1245804   36.8760986
  51.7852592   36.5304108   30.4713593
  51.0214081   35.8894463   30.3261414
  51.8862915   36.3509712   31.4742432
  52.1155396   36.5980530   33.2544479
  52.3389893   37.5260315   33.5888748
  52.9437904   36.1292610   33.5418358
  54.3257980   35.2810020   34.0576897
  54.6710815   34.3085899   33.9911995
  55.1113281   35.6934509   33.5376167
  53.9683228   35.2178726   36.6415024
  54.0302429   35.2693710   35.6237373
  53.2813759   35.9461174   36.7434006
  54.4047356   40.0314598   30.4214439
  53.5204544   39.7192307   30.0383511
  54.1014061   41.0297737   30.3167648
  55.0135231   40.1612358   32.9477921
  54.1419296   39.7080574   33.2157135
  54.7999306   40.0636024   31.9639759
  52.7581062   38.8290253   40.6041145
  51.9687157   39.4755592   40.3622131
  52.5318413   38.8625755   41.5832558
  52.3654404   39.0067482   43.2694397
  51.5202904   39.3589935   43.6689034
  52.2710762   38.0517807   43.5851707
  51.6733665   36.7149353   37.3923569
  50.9585304   36.0356903   37.1723785
  51.7888908   36.4620285   38.3603477
  52.0403481   36.3925934   40.0396919
  52.4824257   37.3544769   40.1003723
  52.9720001   35.9488182   40.2170792
  54.3429489   35.2885666   40.6503868
  54.5961914   34.4298515   40.2695961
  55.1874504   35.8063126   40.3501892
  54.2864037   35.0547676   43.4781036
  54.1205673   35.0768814   42.4711304
  53.4413910   35.5797768   43.7104187
  54.5873947   40.0830688   37.6623688
  53.6439209   39.7776108   37.3500481
  54.4357300   41.0013466   37.2194328
  54.8635330   40.4004707   40.1945686
  54.0860100   39.7862625   40.3239708
  54.9085388   40.2958488   39.1959076
  52.8530998   38.9188881   47.4041443
  52.0428391   39.4938622   47.1291122
  52.7495155   39.0786057   48.4076004
  52.4832420   39.1873360   49.9679337
  51.6714096   39.6372757   50.4256783
  52.2683029   38.2755890   50.4042358
  52.0979309   36.3903236   44.1442223
  51.2106552   35.8789558   44.1038017
  52.1719093   36.3199501   45.1621895
  52.1662331   36.3362885   46.8109894
  52.4531174   37.2863426   47.0488625
  52.9464645   35.8895836   47.3074608
  54.4336929   35.2474289   47.7342377
  54.7077179   34.2995644   47.4644547
  55.2919426   35.6530533   47.4319000
  54.0463409   35.1693382   50.3571739
  54.1784859   35.2887917   49.3569221
  53.1722603   35.6627502   50.3935509
  54.3577156   40.2376480   44.2966423
  53.6001778   39.7061043   43.8232727
  54.1041946   41.1336517   43.9508553
  55.0215683   40.2646446   46.8513870
  54.1965866   39.7174950   47.0886688
  54.8062820   40.2391243   45.8290024
  53.1969910   38.5497742   54.4620476
  52.3957901   39.1488457   54.3924179
  53.1545639   38.4954491   55.4997826
  52.6765251   38.6231232   57.0216331
  51.9160118   39.0785789   57.4604301
  52.3602524   37.6433220   57.2508926
  51.8421364   36.8677597   50.9922752
  51.1632652   36.1695862   50.7056541
  51.7912407   36.6475067   51.9714127
  52.5690804   36.0609131   53.7026672
  52.8290863   36.9842491   54.0157890
  53.3548889   35.5984993   54.1748390
  54.8604698   34.9518814   54.8249130
  55.1432877   34.1555786   54.2546501
  55.5787582   35.5660706   54.4445496
  54.4957504   34.9349823   57.4329224
  54.4824295   34.9456253   56.3922539
  53.6212425   35.4198799   57.5067940
  54.6706238   40.0434723   51.3258553
  53.8625793   39.7185860   50.8329849
  54.5898895   41.0152168   51.0021477
  55.2588806   40.1027870   53.8349800
  54.4607239   39.4718437   54.0765724
  55.0295258   40.0487251   52.8344116
  53.1235466   38.5685272   61.0474777
  52.2559357   39.0720139   60.7980232
  52.9610062   38.6756134   62.0363197
  52.5099258   38.8516808    2.3162470
  51.6086731   39.3313637    2.5599306
  52.1872978   37.9618835    2.6337402
  52.0362625   36.0410919   57.6462364
  51.2013130   35.5476494   57.4899178
  52.0491867   35.9632225   58.6519928
  52.4655151   35.9286804   60.2594414
  52.8028526   36.8402939   60.5437927
  53.3403168   35.4088173   60.4383774
  54.7053604   34.8668633   61.0294724
  55.0735359   33.9908066   60.7666931
  55.5499954   35.4210052   60.7625771
  54.0800285   34.7974510    2.3530350
  53.2282524   35.3281555    2.4352903
  54.2008286   34.8879890    1.3833923
  54.8620682   39.8742256   57.6976891
  53.9781876   39.3945007   57.4707527
  54.5018311   40.8050461   57.5192223
  55.2942390   40.0424118   60.3912506
  54.4859886   39.4808273   60.6087341
  55.3132858   39.8323860   59.4330444
  52.3127747   46.5457726    6.5185609
  51.5075035   47.1489830    6.3123937
  52.3462105   46.7124901    7.4979858
  52.3767433   46.6942406    9.2925434
  51.4973907   47.0535545    9.7093973
  52.1616707   45.7322273    9.5794239
  51.8743134   43.9991226    2.7325742
  50.9239159   43.6541824    2.6882024
  51.9900093   43.8547478    3.7548223
  51.9141731   44.1521416    5.4005842
  52.0399361   45.0522919    5.7984867
  52.7771645   43.7494202    5.7561202
  54.1475143   43.0564423    6.3133922
  54.3115044   42.0327797    6.1767383
  53.9528542   43.0042114    7.2864170
  53.9230881   42.6209793    8.9671116
  54.2465591   41.7105827    9.2163267
  54.7775345   43.0994377    9.3498678
  54.6775665   47.6607208    3.3665237
  53.8888130   47.1787529    2.9050353
  54.4332085   48.5430984    2.9605153
  54.4179153   48.1758919    5.9944520
  53.6314163   47.5303802    6.1080356
  54.5437355   48.0088081    5.0176377
  52.3182793   46.7572784   13.4017744
  51.4689026   47.2381210   13.1916056
  52.0799751   46.6407280   14.4405241
  51.8663483   46.7371788   16.0517597
  50.9890976   47.1162376   16.4748631
  51.6552429   45.7540627   16.3226337
  51.9389801   44.2006531    9.7587242
  51.1798401   43.5101891    9.5795946
  52.6694870   43.5464325    9.4881830
  52.0895119   44.1659355   12.5936346
  52.2017975   45.1206589   12.8320608
  51.9293747   44.3365746   11.5703497
  54.0654984   42.7304878   13.6420279
  53.2928581   43.3100357   13.2782574
  54.7922173   43.3435211   13.2914696
  53.8652763   42.5995445   16.2396126
  53.9304199   42.6281204   15.2439175
  53.0117798   43.1654587   16.2384186
  54.5000725   48.0813255    9.9338140
  53.6840019   47.4714279    9.9428444
  54.5188217   48.1093445   10.9928160
  54.5145569   47.8988228   12.6159611
  53.6254272   47.4858932   12.9944973
  54.3027153   48.8092041   13.0029087
  52.7134819   46.4806786   19.9680786
  51.8389091   46.9817581   19.7978592
  52.5305481   46.3564262   20.9939499
  52.1725960   46.3298721   22.5780754
  51.3402557   46.8185883   22.9219933
  52.0147438   45.4881744   23.1207962
  51.5021896   44.1806755   16.6410809
  50.6462440   43.6668930   16.5274410
  51.5507431   44.0282326   17.6633091
  51.8300323   44.0285912   19.1808262
  52.1055489   44.9848366   19.4809704
  52.6311417   43.6224632   19.6474400
  53.9909630   42.8442879   20.2041283
  54.3566856   41.9026527   20.0066814
  54.7888603   43.3724174   19.9783611
  53.8452797   42.4666100   22.9807167
  53.7349548   42.5693817   21.9713383
  53.1214485   43.1124344   23.2592354
  54.1289711   47.6923141   16.9445133
  53.3024025   47.3049660   16.5660210
  53.9744797   48.5991707   16.5666161
  54.8084068   48.0294914   19.4158783
  53.9840202   47.5023766   19.6988049
  54.6611786   47.8491974   18.4184494
  52.5154228   46.3444519   27.1459484
  51.8172073   46.9872208   26.8995590
  52.5164909   46.5509453   28.1203899
  52.4087486   46.7640533   29.6998272
  51.5658226   47.1408234   30.1227436
  52.1872597   45.8083305   30.0633335
  51.7609177   43.9715004   23.7257614
  50.8893204   43.5434532   23.4816856
  51.7329445   43.6963654   24.6954365
  51.8996658   43.7283287   26.5338993
  52.1338997   44.6821556   26.6989765
  52.8028717   43.3835602   26.8729496
  54.3748894   42.7469559   27.3835659
  54.5227242   41.8092918   27.0537548
  55.2252884   43.1555824   27.0400810
  53.8413658   42.5498314   29.9716167
  54.0143890   42.6776581   28.9755497
  53.0615921   43.1737595   29.9983692
  54.2754364   47.7341652   23.6699085
  53.4677086   47.3492050   23.2761669
  54.0645180   48.7207069   23.4449539
  54.7007332   47.7239952   26.3364239
  53.9135895   47.0970306   26.5979652
  54.4564629   47.7315292   25.3680840
  52.5338898   46.3385239   33.6222992
  51.6533813   46.8511963   33.5134430
  52.5162239   46.4982948   34.6475296
  52.2667236   46.5462036   36.2201462
  51.4981461   46.9777260   36.7092438
  52.0219727   45.5655441   36.4702682
  51.7838631   44.3028259   30.5646706
  50.9472542   43.7228546   30.4857750
  51.8768349   44.1521149   31.5904293
  52.1438446   43.7719002   33.1034050
  52.4101601   44.7493362   33.3093147
  53.0162315   43.3865662   33.4182510
  54.4870338   42.6471710   33.9247665
  54.7253304   41.7231293   33.6311874
  55.2698212   43.1307487   33.4892387
  53.9550400   42.4536629   36.5951462
  54.1392899   42.6153297   35.5888214
  53.1236458   42.9833450   36.5662689
  54.5787048   47.7706985   30.7472744
  53.7492065   47.3496933   30.3620510
  54.3478127   48.7276039   30.4962769
  54.6583824   47.9908218   33.3005676
  53.9168167   47.3215332   33.4196472
  54.6198769   47.9697342   32.2786140
  52.8051682   46.6421700   40.6159897
  52.0241737   47.2219124   40.3424263
  52.5026169   46.5756531   41.5949364
  52.2363930   46.6900215   43.1958618
  51.3455887   47.0850372   43.5678825
  52.0303078   45.7606049   43.5935059
  51.8422165   44.0346947   37.0098534
  51.0259933   43.4509926   36.8086319
  51.7098236   44.0162506   38.0127831
  51.9878578   44.1523895   39.8443680
  52.2574425   45.0883560   40.1989441
  52.8918152   43.7150574   40.1384354
  54.1975708   42.9227676   40.8498421
  54.5177727   41.9562111   40.6734734
  55.0396919   43.3147774   40.5411377
  53.7358017   42.7285385   43.4768639
  53.7329369   42.6508484   42.4804764
  53.1114502   43.5071144   43.5736504
  54.3157578   47.8621826   37.3344460
  53.5490150   47.3757820   36.8247566
  54.0150185   48.7952118   37.0448074
  54.9337349   48.0862350   39.9241257
  54.0873489   47.5331802   40.1024704
  54.7647209   48.0619926   38.8942947
  52.7437172   46.3113289   47.3392639
  51.9791489   46.9354935   47.1096153
  52.5583496   46.3444748   48.3590355
  52.3981819   46.4480858   50.0428009
  51.5108833   46.6933403   50.4876785
  52.3821030   45.4626427   50.3306503
  51.6229324   44.4421272   44.1236153
  50.8541527   43.7494431   44.0274582
  51.7617188   44.2479706   45.1037979
  52.1130295   43.8293800   46.7132339
  52.4504814   44.7546272   47.0213547
  52.8666649   43.3352318   47.1609077
  54.3541489   42.6844482   47.7401962
  54.6745224   41.8238525   47.2811470
  55.0481567   43.2712364   47.2765198
  54.2809792   42.4640160   50.2811966
  54.2822838   42.5713158   49.2353554
  53.4027634   42.9639931   50.3592186
  54.3950691   48.0032654   44.1155396
  53.6293106   47.5368614   43.6476822
  54.1241302   48.9081573   43.8513603
  54.8474579   47.8739433   46.8028870
  54.0730286   47.1742439   46.9255142
  54.7429199   47.8863411   45.7997208
  52.9309235   46.2240334   54.1274452
  52.0975685   46.8049202   54.0175323
  52.9045715   46.2723541   55.1533585
  52.3634033   46.5736732   56.7615814
  51.4865799   46.9058037   57.1182098
  52.2835464   45.6432991   57.1127625
  51.9925842   43.8425140   50.6858788
  51.1767502   43.3049164   50.4983444
  51.8752327   43.7914925   51.7023773
  52.2979469   43.7425919   53.3698349
  52.4853058   44.7032013   53.6399689
  53.1339989   43.3481369   53.7326927
  54.5215683   42.6242676   54.2339096
  54.8549080   41.6820030   54.0862961
  55.4458580   43.0207291   53.9251480
  54.0069351   42.3220139   56.8808823
  54.0543404   42.4117470   55.8943062
  53.2650757   42.9754753   57.0417023
  54.6321297   47.6341286   50.7464714
  53.7705956   47.2331619   50.3389053
  54.3999596   48.6091347   50.3989830
  54.9752235   47.7751884   53.4621696
  54.1979141   47.0946770   53.6127968
  54.8496323   47.7837105   52.4542503
  52.9281349   46.0065575   60.8221741
  52.0768890   46.5224113   60.5207787
  52.7395592   46.2331352   61.8020058
  52.5500107   46.5492477    2.2185452
  51.6620216   46.9787827    2.5476792
  52.2673874   45.5936203    2.4166298
  51.9062042   43.8452492   57.4549866
  51.0540924   43.2983437   57.2897415
  51.9566727   43.5994225   58.4081268
  52.5090141   43.3302879   60.0856438
  52.7926712   44.2736320   60.2736969
  53.3378372   42.9316101   60.5379753
  54.8577805   42.5522919   61.1105347
  55.0976982   41.5778885   60.9181747
  55.6731415   42.9205894   60.5997734
  54.2347527   42.5871964    2.4850364
  53.2993279   43.0827789    2.4583640
  54.3584747   42.6336861    1.4850113
  54.3568001   47.7556953   58.0188446
  53.5867081   47.4175415   57.4667625
  54.2063522   48.7353134   57.7696075
  55.0799561   47.5007210   60.5392075
  54.3372307   46.7782059   60.6878319
  54.8574104   47.5414009   59.5198746
  52.2930794   54.3690300    6.2296023
  51.3706360   54.8737488    6.1105266
  52.1810989   54.3937950    7.2656031
  52.1777954   54.2252083    8.8575191
  51.3916588   54.6455383    9.3188295
  52.1140175   53.3181381    9.3324184
  51.5328407   51.4251251    2.8763945
  50.5654869   51.1841698    2.6904671
  51.4025688   51.5291405    3.8540890
  51.5816460   51.8257446    5.6503177
  51.9371414   52.7876053    5.8444099
  52.4070892   51.3620186    6.0204349
  53.9505959   50.7676277    6.4503689
  54.3158646   49.8518982    6.2259526
  53.8779449   50.5520668    7.4436111
  53.7780457   50.4207916    9.0301132
  53.9865913   49.4869080    9.2998838
  54.7159767   50.7784805    9.3493242
  54.4209824   55.4839478    3.0646968
  53.7009392   54.8862152    2.7307963
  55.2056618   54.9417038    2.7435541
  54.1376915   56.0693970    5.5489497
  53.4338608   55.3441696    5.7978115
  54.1855888   55.7483406    4.5452385
  52.6059685   54.3516998   13.3244219
  51.6921082   54.8107796   13.1246414
  52.4828453   54.4002342   14.3393307
  51.9128189   54.3681450   15.9773922
  51.0279694   54.7324333   16.2736759
  51.7027588   53.4068985   16.1887589
  51.7274971   51.8249702    9.9525871
  50.9593658   51.1920776    9.6806631
  52.4224396   51.2328835    9.5163965
  51.9218369   51.8127632   12.5955334
  52.2554321   52.7680283   12.7442274
  51.7933655   51.9247017   11.5864763
  54.1134567   50.4226608   13.3879261
  53.2317619   50.8690872   13.1170998
  54.7438965   51.0519829   13.0163984
  53.8091469   50.3732910   16.0537758
  53.9412537   50.3172226   15.0800476
  52.9250183   50.8625603   16.0474472
  54.2916565   55.4460297    9.7320471
  53.4518776   55.0427818    9.3378210
  54.0845642   56.4075241    9.4151535
  54.5399170   55.7435989   12.2701693
  53.7733002   55.1646996   12.5244503
  54.4544067   55.5824127   11.2525864
  52.3297081   54.0693130   19.9538841
  51.4890022   54.6030693   19.7337189
  52.1877823   54.1101189   20.9869385
  52.0192795   54.1040230   22.5201778
  51.1834526   54.4294319   23.0015755
  51.9218559   53.1318054   22.8513832
  51.4578438   51.7015457   16.5462341
  50.7049217   51.0186768   16.5297031
  51.5346489   51.6912575   17.5786648
  51.8043900   51.5605049   19.2993946
  52.0277176   52.4965401   19.5816593
  52.6220894   51.1044197   19.6713009
  54.0811462   50.4995346   20.2486820
  54.4316521   49.5745392   20.0254326
  54.8322945   51.0267830   19.8326225
  53.7347488   50.1130486   22.9484787
  53.8871040   50.2911301   21.9653168
  52.9301643   50.6868401   23.0454006
  53.9576302   55.6525269   17.0034885
  53.2453041   55.1526756   16.5279484
  53.8272972   56.5284538   16.5957050
  54.5027847   55.5139503   19.4952755
  53.7282982   54.8226318   19.6208076
  54.3573303   55.5439758   18.4627876
  52.3261681   54.0947418   26.9794426
  51.4583359   54.5640411   26.7736168
  52.1876984   54.1033630   27.9787865
  51.9147339   54.3063812   29.6483974
  51.0281410   54.6554451   29.9676380
  51.8418770   53.3532028   29.9393177
  51.6450996   51.6116371   23.4459534
  50.8239174   50.9990692   23.4126358
  51.7414207   51.5683250   24.4833679
  51.8582306   51.4337654   26.0736923
  52.1395149   52.3119049   26.4908752
  52.6536026   50.9239845   26.4886932
  53.9875870   50.0633278   27.2008591
  54.2729645   49.1746559   26.7886372
  54.8041916   50.5891762   26.9389153
  53.9245987   50.2252274   29.8922768
  53.8813858   50.1752357   28.8865051
  53.1144447   50.8200073   29.9669533
  54.0012817   55.3545227   23.8949909
  53.2514381   54.9903564   23.3501434
  54.0090866   56.2622185   23.3974571
  54.5357132   55.5438461   26.4153137
  53.7011909   55.0776138   26.7322693
  54.3203964   55.3266678   25.4008427
  51.9501877   54.2232056   33.8416290
  51.1466713   54.7905273   33.6363945
  51.9426308   54.3248978   34.8248940
  52.0542603   54.4488258   36.5400085
  51.1635208   54.7832565   36.8884583
  51.8416481   53.4926300   36.8147240
  51.6036072   51.7039909   30.3988495
  50.7995644   51.1543579   30.1612549
  51.4706879   51.6216164   31.4038925
  51.6515045   51.6654053   33.0902557
  51.7734032   52.6133614   33.4423866
  52.5856247   51.3722000   33.4090805
  53.8891563   50.4795227   33.8372383
  54.1303558   49.5180168   33.6344719
  54.7246017   50.8779068   33.3973923
  53.8598442   50.4330254   36.5456581
  53.8632507   50.3989258   35.5508766
  53.0210075   50.9900322   36.6354790
  54.2468796   55.3404541   30.5068684
  53.3497238   54.9546585   30.1793842
  54.1165237   56.2587090   30.1379089
  54.3810997   55.4379272   33.3454628
  53.5012665   54.9536743   33.5302963
  54.3070412   55.4919014   32.3600807
  52.5998116   54.0238190   40.3705254
  51.7270432   54.5563545   40.2054405
  52.4863548   54.0793610   41.3762436
  51.9336853   54.0709915   42.9121819
  51.0507965   54.3809700   43.2933464
  51.8262939   53.0907860   43.2578888
  51.5949821   51.8863564   37.0992355
  50.8102646   51.2409782   36.9790115
  51.6433067   51.6855125   38.1231804
  51.9197617   51.5361099   39.6426811
  52.2740822   52.4785004   39.9134369
  52.7641449   51.0806770   39.9736938
  54.1396828   50.4777832   40.6375809
  54.5010185   49.5235214   40.4536972
  54.9775848   50.9204674   40.1388855
  53.9841843   50.4884033   43.3101501
  53.9270706   50.5718346   42.2884789
  53.1112061   50.9599762   43.4562340
  54.4712143   55.2737312   37.1411438
  53.5592117   54.8727341   36.8619957
  54.2746849   56.1987610   36.8253059
  54.7265129   55.6946259   39.8192406
  54.0077171   55.0229225   40.0389481
  54.6101265   55.5630188   38.8281097
  52.3217087   54.2565269   47.3462143
  51.5191154   54.8525925   47.3047295
  52.1696129   54.1584206   48.3937874
  51.9550018   54.0090942   49.9075966
  51.1339455   54.3238716   50.4521446
  51.8333397   53.0132217   50.1954575
  51.5748940   51.7180023   43.9949493
  50.9176025   50.9875832   43.8097649
  51.4028053   51.7214203   44.9991798
  51.6759033   51.6991425   46.7841148
  51.9448700   52.6434784   47.0517387
  52.5261917   51.2599754   47.0383186
  53.9807739   50.5306129   47.4428749
  54.2307892   49.5893784   47.1786880
  54.8710861   50.9356651   47.1838493
  53.8418961   50.1336632   50.0707169
  53.7953720   50.3373985   49.1014633
  53.0326004   50.7510185   50.3069229
  54.0039978   55.3090782   44.0730019
  53.1790199   54.9204979   43.6756401
  53.9150200   56.2503586   43.7435379
  54.4124489   55.7612114   46.6298561
  53.6355247   55.1757698   46.8847427
  54.3559189   55.5230598   45.6721725
  52.5524178   53.6754265   54.3232994
  51.6877327   54.2322540   54.1857681
  52.5633583   53.8309746   55.3522911
  52.2244415   54.1574402   56.9576187
  51.3763809   54.5977211   57.2064629
  51.9546509   53.2108307   57.2683105
  51.7439537   51.4708138   50.7265282
  51.0156822   50.8105049   50.5177078
  51.7239952   51.4095001   51.7227325
  52.0101585   51.2981224   53.3772125
  52.0870972   52.2603188   53.7585144
  52.8605080   50.9614105   53.7773323
  54.2742577   50.4062386   54.5206261
  54.4743729   49.5168648   54.1345100
  55.0499954   50.8954239   54.0733147
  53.9576035   50.2939796   57.1400871
  54.1365280   50.3539772   56.1397285
  53.1017113   50.8537560   57.1273079
  54.2809067   55.0875664   50.9041138
  53.5099373   54.7525520   50.3941917
  54.3229179   56.0338211   50.5587044
  54.6433144   55.1905212   53.5124664
  53.8266296   54.6084137   53.7627602
  54.5710449   55.0816116   52.5200233
  52.3368874   53.9950256   60.8848801
  52.3247871   53.9997940   61.8396873
  53.2722778   54.3649406   60.7455101
  52.5200577   53.8744316    2.3342280
  51.6472168   54.3478889    2.6339607
  52.2056160   52.9642220    2.5959718
  51.5799179   51.7037926   57.7154121
  50.7088394   51.2349167   57.5991058
  51.6480370   51.5715790   58.7054100
  51.8664207   51.3976250   60.3375511
  52.1551628   52.3305473   60.6006470
  52.7496376   50.9365959   60.5495605
  54.1100731   49.9655228   60.9583321
  54.4590721   49.0121155   60.7919273
  54.9730492   50.3890533   60.6365318
  54.0020561   50.1307716    2.4116852
  53.1008987   50.5250816    2.5310037
  53.9799042   50.2062874    1.3823234
  54.2984581   55.4171753   57.8474998
  53.4296570   55.0732422   57.3963356
  54.1505318   56.3775101   57.5444641
  54.8437614   55.2158775   60.4035988
  54.7106743   55.3000755   59.4030571
  54.7191696   56.2302704   60.6201515
  52.6311607    0.6655033    6.6940045
  52.6828384    0.5153267    7.7033792
  53.6518517    0.7548711    6.5941477
  52.8807259   61.7021408    9.3486052
  52.1086960   62.1819954    9.7593536
  52.5053711   60.7575302    9.6214828
  52.6663437   59.6069107    3.3065741
  52.0804214   58.8316383    3.0144906
  53.5518990   59.1880798    3.1307867
  51.9623146   59.6186714    5.8275676
  52.1925430   60.5724297    6.0799065
  52.2780037   59.6883316    4.8391900
  54.3381042   58.4777870    6.5160451
  54.2088509   57.5149040    6.1288390
  53.4573555   58.7817497    6.1265116
  54.1345100   57.9921913    9.1087103
  54.3061295   58.3244400    8.1867495
  55.0686569   58.2242775    9.4946365
  54.8910332    2.0709796    3.3363152
  55.0315971    2.9867048    2.9853802
  54.1321220    1.7661936    2.8459272
  55.0709610    1.6608101    6.1526871
  54.9513741    2.7143953    6.2503562
  54.9676971    1.7697994    5.0944533
  52.3700485    0.5928899   13.2664328
  52.5122261    0.4552987   14.2747812
  53.2787285    0.9443898   13.0700359
  52.7655907    0.4099786   15.8797636
  52.1195641    1.1503011   16.1330471
  53.5929565    1.0082881   16.1077385
  52.0303230   59.3096008    9.9757385
  51.3379135   58.6335907    9.6343718
  52.8284454   58.8149490    9.5866957
  52.4660339   59.1312485   12.5965805
  52.3899002   60.1418877   12.7880764
  52.3764534   59.2189903   11.5957632
  54.7789307   58.0555305   13.4296761
  54.6561699   57.1572418   13.0581341
  53.8340225   58.4176369   13.0617447
  54.4451141   58.2584152   16.1130219
  54.6966515   58.3530388   15.1249199
  55.3909111   58.4783859   16.4586010
  55.0524025    2.0549843   10.1454048
  54.2923508    1.4640197    9.8012810
  55.7759132    1.3458549    9.9449205
  54.7990875    1.5941757   12.8138695
  54.9493828    2.5644009   13.1040945
  55.0662346    1.8268961   11.8519726
  52.9168968   61.9579773   20.0130081
  52.8241959   61.8648529   21.0246181
  52.7651405   60.9720802   19.8231754
  52.8899193   61.6919594   22.7504978
  52.0427589   62.1713028   23.0402775
  52.6419830   60.7738991   23.0741119
  52.0585022   59.2814407   16.8479137
  52.2394562   60.1980400   16.4321766
  52.8594933   58.8065338   16.4871998
  52.4626694   59.3789749   19.4262257
  51.6257248   58.8301353   19.6816235
  52.2703362   59.2959747   18.4149036
  54.7055130   58.1645203   20.2670536
  54.5744362   57.2340164   19.8815556
  53.8442650   58.5645180   19.8718452
  54.1913338   57.7755051   22.8453884
  54.5415192   57.9907837   21.8914433
  55.0317574   58.1520691   23.3069572
  54.9877434    1.9670322   16.4770374
  55.2341003    2.9177861   16.2862244
  55.1609573    2.0128198   17.4666576
  55.3162575    1.6940222   19.1696358
  55.0368080    2.5947704   19.5873871
  54.4106674    1.2916009   19.2809715
  52.7519531    0.1934527   26.6677761
  52.7887383    0.3473637   27.6717510
  53.6772346    0.6155062   26.5259304
  52.7815781    0.7074874   29.2715359
  52.1371078    1.3354845   29.6930580
  53.6473923    1.1787441   29.6178913
  52.0403366   59.3138123   23.6200962
  51.1855812   58.7930222   23.4371872
  52.6938553   58.6141891   23.3819580
  52.3830376   58.8962936   26.2339878
  52.5104141   59.8799324   26.5130463
  52.2288284   59.1527901   25.2581844
  54.7668724   58.1124687   27.1300735
  54.7322769   57.1871414   26.6552944
  53.8594322   58.4074745   26.6543999
  54.2683182   58.0189781   29.7161942
  54.5953636   58.0343781   28.7373810
  55.0697708   58.5479584   30.0425701
  54.9805946    1.8760737   23.7188377
  54.2025223    1.3551116   23.3126755
  55.6683350    1.2168595   23.4163208
  54.9739151    1.5409722   26.3397064
  55.1729546    2.4699166   26.5811520
  54.9177551    1.6467381   25.3411522
  52.5499039   62.0193100   33.8315125
  52.5624313   61.8230171   34.8347893
  52.4867859   61.0493736   33.5565872
  52.8043823   61.6531868   36.5769463
  51.9850769   62.0967140   36.9464912
  52.5965271   60.7166786   36.8759804
  51.8757133   59.4919853   30.3838787
  52.1677132   60.3770142   29.9594994
  52.6532516   58.9399300   30.0629692
  52.3676872   59.3854332   32.9955025
  51.4576988   59.0275803   33.3222847
  52.0814362   59.3889122   32.0176277
  54.6336594   58.2026978   33.8317223
  54.4741478   57.2302437   33.5993919
  53.7752304   58.5627937   33.4434738
  54.2471581   57.8844490   36.4088669
  54.4442139   58.1121063   35.4253387
  55.0213203   58.4796562   36.7520981
  55.0230484    1.9749210   30.1037331
  55.0592995    2.9595776   29.8603649
  54.9993629    2.1427693   31.1010456
  54.9329643    1.9373082   32.7923737
  55.0285149    2.8153715   33.3267021
  54.1610909    1.6129482   33.3636627
  52.4984245    0.4462614   40.5789566
  52.6076813    0.4234783   41.5912132
  53.3796387    0.8484970   40.4181252
  52.7486496    0.4254093   43.1835365
  52.1132965    1.1419559   43.5805702
  53.6020775    0.9099724   43.4322548
  52.1305695   59.0598984   37.3771820
  51.3640976   58.4800568   37.0388451
  52.8860817   58.4088593   36.9716530
  52.5579643   59.0807114   39.8859482
  52.3875160   60.0877838   39.9900589
  52.4563828   59.0839958   38.8731461
  54.7714653   58.1681824   40.9201889
  54.7019119   57.2264099   40.5350876
  53.9261665   58.4912682   40.3931313
  54.4823647   57.9694405   43.5272827
  54.6757126   58.2332573   42.5713577
  55.3568535   58.3403397   43.8948174
  54.8309212    1.9538159   37.3567657
  54.1400948    1.3279504   36.8823090
  55.6229553    1.3802936   37.0725632
  54.9012718    1.5784956   40.0289421
  54.9474297    2.5530190   40.3016357
  54.8552399    1.8237138   39.0209160
  52.9562111   62.0205345   47.5122566
  52.9583015   61.8906021   48.4920387
  52.8992500   61.0306206   47.2802010
  52.8515892   61.7268448   50.3293915
  51.9298134   62.1301308   50.5468750
  52.6742668   60.8289032   50.7122078
  52.2228813   59.2519951   44.2484283
  52.4329605   60.1543159   43.8622856
  53.0731926   58.8033028   43.9835548
  52.6250153   59.3987083   46.8298874
  51.8237610   58.9148293   47.2036324
  52.3213844   59.2966957   45.8539352
  54.8638649   58.1480942   47.6315956
  54.7514114   57.2391548   47.1322441
  54.0573311   58.5723343   47.2478561
  54.5217590   57.7151337   50.2369041
  54.6825294   57.9185753   49.2344856
  55.3323898   58.3020058   50.5275269
  54.9616203    1.8433014   44.0900993
  55.0745735    2.7991481   43.8984299
  55.2601433    1.8495513   45.0459137
  55.4229927    1.5059029   46.7276192
  55.5079651    2.4508233   47.1276245
  54.4738121    1.3322231   47.0780029
  52.5488014    0.2484350   54.1753120
  52.6463051    0.2237804   55.1735954
  53.5091019    0.5817807   53.9980507
  52.7711258    0.4333510   56.8539200
  52.0859795    1.0452385   57.2976532
  53.5587730    1.0417039   57.0890732
  52.4528465   58.9712029   51.3602180
  51.7130241   58.3967857   50.9495888
  53.2058868   58.3490982   51.0631714
  52.4582405   58.7648544   53.9024200
  52.4015808   59.7847366   54.0297775
  52.4655571   58.8423805   52.8684998
  54.8059006   57.7851028   54.5335388
  54.6947479   56.8943863   54.0534172
  53.8686066   58.1109352   54.2755089
  54.6006279   57.9468460   57.1148071
  54.7510376   57.9351616   56.1023445
  55.4754715   58.3419876   57.3700409
  55.1504745    1.9722893   51.0637856
  54.4048729    1.3874776   50.6545334
  55.9326019    1.3852068   50.8442459
  55.0070610    1.3475513   53.6813545
  54.9680367    2.2887688   54.0978661
  55.0417900    1.6435839   52.7395515
  53.1628113   62.0823250   60.6715584
  53.0401001   61.9887314   61.6699638
  52.8856544   61.1246338   60.4389000
  52.6501503   62.0309486    2.1578481
  51.8637276   62.3663445    2.7329743
  52.5773582   61.0540543    2.4333208
  52.2512627   59.1179390   57.6491051
  52.5553207   60.0734787   57.4219818
  53.1291962   58.6725655   57.3567047
  52.4424858   59.5089035   60.2406998
  51.5941048   59.0669594   60.5566559
  52.2684708   59.2829704   59.2483177
  54.4702568   57.8257866   60.9886169
  53.7400589   58.4598122   60.6698685
  55.2523232   58.4891624   60.8791161
  54.8126068   58.0726357    2.4537308
  54.5751839   57.1259041    2.7470300
  54.7371979   57.8925171    1.4508363
  54.8069992    1.9278885   57.4282150
  55.0191307    2.8703599   57.1445274
  55.0162468    2.0816586   58.4223328
  55.2936516    2.2766876   60.0010605
  54.4912186    1.6859790   60.2617340
  55.9643364    1.5404409   60.2218018
  57.2980614    8.5542660    6.7729640
  56.3454514    8.8620834    6.5205035
  57.1282310    7.5482254    6.6116028
  57.4959183    8.1961555    9.4425058
  56.6435318    8.7320595    9.6610746
  57.4996796    8.4025240    8.4772816
  57.1292686    5.4962926    3.7797248
  56.3849792    5.1520743    3.2682922
  57.0519409    6.4879003    3.5067835
  56.9263611    5.8639531    6.3946671
  56.1840096    5.1617379    6.3598070
  57.0978737    5.7826657    5.3827782
  59.2997475    4.6048670    7.1369786
  58.4246216    5.0410757    6.8704891
  59.1474724    3.7263486    6.6766796
  59.6623688    4.1739783    9.7445240
  59.6633110    4.3314028    8.7256203
  58.7827072    4.7097182    9.8536034
  59.3658409    9.3019629    3.8942125
  58.5302811    8.8096056    3.5846508
  58.9146919   10.2238531    3.7668025
  59.5781021    9.8443604    6.5443201
  58.6856270    9.4261427    6.6631799
  59.5830383    9.7698307    5.5528793
  56.9518814    8.1482220   14.0372391
  56.2394028    8.4750900   13.4021950
  57.0373611    7.2431645   13.5967083
  57.5400887    8.5150213   16.6148148
  56.6397400    8.9690084   16.6891823
  57.4894905    8.4567490   15.5964069
  57.4348335    5.6442375   10.1039925
  56.5450821    5.5328732    9.6095448
  57.4990578    6.6450224    9.8514519
  57.1479645    5.7122788   12.8799238
  56.3929558    5.0411396   13.0095167
  57.2111244    5.5799379   11.8893299
  59.2849693    4.6716967   14.0440788
  58.4353294    5.0503712   13.6118050
  59.1464233    3.7259917   13.5826120
  59.3100281    4.5759926   16.5760002
  59.3956909    4.5845718   15.5498638
  59.3622932    3.5690598   16.6318378
  59.5086823    9.7232981   10.5668354
  58.7477989    9.0856628   10.3676481
  59.4503059    9.5555992   11.5897703
  59.2218895    9.4767618   13.2535620
  58.3194733    9.1375628   13.4727087
  59.0592232   10.3970623   13.6887445
  57.3247528    8.5791864   20.5179768
  56.5383339    9.1131287   20.2178192
  56.9750328    7.6604767   20.2035580
  57.3843651    8.2045755   23.1637592
  56.5515022    8.7031698   23.4088154
  57.3816681    8.4100952   22.1582546
  57.0792313    5.8909044   17.3032284
  57.2391281    6.8479357   16.9954300
  57.9980164    5.5131865   17.0411625
  56.6821175    6.1030970   19.8778687
  55.9813194    5.3335452   19.9987373
  56.7760544    5.9763789   18.8955517
  59.1001892    4.7238984   20.5996189
  58.1786613    5.0638967   20.3675117
  59.0681343    3.8700886   20.0748196
  59.5973244    4.1694241   23.2339878
  59.4837646    4.3370914   22.2571812
  58.7686462    4.7751799   23.4722328
  59.5815544    9.7499247   17.8197708
  58.7425842    9.3611975   17.3965225
  59.3955078   10.6649857   17.3816261
  59.7267494    9.8096018   20.4034500
  58.8609200    9.2465830   20.4850826
  59.7024765    9.7393961   19.3553581
  57.0999184    8.3942051   27.7682533
  56.3922005    8.8412113   27.2550850
  57.1740494    7.5677009   27.2130718
  57.2820587    8.4291468   30.3185234
  56.4831085    9.0596094   30.4152050
  57.2505608    8.3940525   29.3146400
  57.5400543    5.5440526   23.7300835
  56.6618004    5.2564459   23.2816906
  57.5006447    6.5017171   23.4056396
  57.2484398    6.0763655   26.3082962
  56.4753494    5.4325428   26.4436893
  57.3571014    5.8540587   25.3430119
  59.4447784    4.9035664   27.4935150
  58.6045570    5.2607217   27.0848541
  59.3274117    3.9725764   27.1646805
  59.5593262    4.9233618   30.2235756
  59.4362526    4.9580088   29.2212353
  59.5427322    3.9102545   30.2792263
  58.9575157    9.5370121   24.8607235
  58.2779503    9.0522881   24.2855949
  58.9670029   10.3997393   24.3716240
  59.2663536   10.0037365   27.3338413
  58.4904823    9.4617290   27.6414604
  59.1182251    9.7135019   26.3348484
  57.5407639    8.4198761   34.4962959
  56.7389259    8.8534431   34.0477219
  57.3838882    7.4597125   34.2170601
  57.3136635    8.5807228   37.2136230
  56.4954605    9.1038342   37.2863464
  57.3150558    8.5456772   36.2091141
  57.0531044    5.6705661   30.9369678
  57.1623802    6.6562653   30.5809021
  58.0226669    5.4136167   30.6560078
  57.1003227    5.8403878   33.6833954
  56.3254051    5.1489148   33.7351723
  57.0799408    5.7970490   32.6477165
  59.2153053    4.7942457   34.8214607
  58.3362579    5.1881819   34.3564453
  59.1063232    3.9547021   34.2182465
  59.7383614    4.6470652   37.4025269
  59.6732521    4.6938219   36.3862610
  58.8249016    5.0728307   37.5515366
  59.3871040    9.7730322   31.2898273
  58.5536156    9.3428221   30.8918686
  59.1591263   10.7010202   30.9282742
  59.5552177   10.0637541   34.0271606
  58.7217598    9.4937296   34.1832657
  59.4447479    9.9963207   32.9941673
  57.5653152    8.4993296   41.1300468
  56.6590309    8.9073095   40.8576736
  57.3299408    7.5976686   40.7821960
  57.6499519    8.4570084   43.8194389
  56.8102684    8.8356180   44.0556870
  57.6026688    8.5670691   42.8049088
  57.2992744    5.8149853   37.7387543
  56.5119247    5.4539428   37.2159462
  57.2362785    6.7806702   37.4543266
  57.2362900    5.9091420   40.4197350
  56.5028572    5.2674012   40.5049553
  57.3534470    5.8349323   39.3937645
  59.6081314    4.9225130   41.1929932
  58.7288132    5.2952356   40.8748169
  59.5117455    3.9986517   40.7809677
  59.8479080    4.6548872   43.9621544
  59.7550354    4.8059530   43.0003967
  59.7793007    3.6307943   43.9347115
  59.4448204    9.8308287   38.2268639
  58.6039200    9.3603106   37.9087868
  59.2499886   10.7086153   37.7578087
  59.7799644    9.9579859   40.8400230
  58.8924904    9.4311504   41.0086479
  59.6715012    9.9500227   39.8124352
  57.7884369    8.4021854   48.0751572
  57.0153465    8.7610302   47.5320969
  57.6885605    7.4653521   47.7856407
  57.1468544    8.2524157   50.7727470
  56.3052177    8.8473501   50.7831421
  57.2829056    8.3610620   49.7924614
  57.3133965    5.8917885   44.3359413
  57.4794655    6.8654695   44.1573601
  58.2549057    5.5647249   44.2565346
  57.3424339    5.7362275   47.0947380
  56.5924416    5.0404754   47.1910324
  57.3100510    5.6634645   46.0526619
  59.4638252    4.6968942   48.3774338
  58.6426773    5.0860481   47.9048157
  59.4500694    3.8444595   47.7715874
  59.7280235    4.3232813   50.9680672
  59.6553841    4.4581265   49.9499893
  58.8364525    4.8035240   51.1276817
  59.4116135    9.9912033   45.1581688
  58.7040367    9.4454613   44.6514206
  59.3701820   10.8297691   44.5464859
  59.8822670   10.0558758   47.7632751
  59.0935555    9.4465246   47.9600983
  59.6847115   10.0249748   46.7732544
  57.6133842    8.4231968   54.7728195
  56.7832947    8.8823233   54.3941193
  57.4702377    7.5530276   54.3383598
  57.7158661    8.2624264   57.3994408
  56.7983131    8.6872807   57.5708618
  57.6878662    8.3790569   56.4107628
  57.4070549    5.5579791   51.1086006
  56.5913124    5.2257452   50.6618233
  57.1464882    6.5606437   50.9883957
  57.2125053    5.8402300   53.7886505
  56.4486885    5.1856298   53.9506874
  57.3441467    5.6247602   52.8262672
  59.3283844    4.6757274   54.9672585
  58.5289917    5.0772195   54.5196342
  59.2294083    3.7498298   54.5992622
  59.5600739    4.4395218   57.6372223
  59.5380783    4.5229626   56.6350365
  59.6627693    3.4291530   57.6340981
  59.4366646    9.6473036   51.7493935
  58.6644516    9.1461706   51.3379822
  59.2771378   10.5158186   51.1965179
  59.6823425   10.0002804   54.3110046
  58.9223175    9.3598652   54.5016327
  59.5770111    9.8755407   53.2455254
  57.7175217    8.5756273    0.6246185
  56.9805260    8.9426632    0.0276260
  57.6626434    7.6350946    0.2080765
  57.0513115    7.9798489    3.1232066
  56.4105148    8.7605753    3.2506857
  57.2963905    8.2479076    2.1899652
  57.2910423    5.7227526   58.0631142
  57.6174927    6.6673226   57.7560577
  58.1760330    5.2474017   57.8779182
  57.4555702    6.2035365   60.8721352
  56.6600494    5.5945492   61.0309219
  57.4061089    6.1203885   59.8816414
  59.6816902    4.7246146    0.4794731
  58.8726349    5.3240805    0.2862511
  59.5927582    4.7978511    1.4928627
  59.5151100    4.5931387    3.1162944
  58.6292915    4.7947893    3.5566478
  59.4339600    3.5732167    3.2627127
  59.3782349    9.7712879   58.8916893
  58.7192383    9.2257824   58.3206024
  59.1709251   10.6251202   58.3219528
  59.7727966   10.1026602   61.4436913
  58.9652405    9.4599562   61.6173019
  59.5793304   10.0590754   60.4005699
  57.0282936   16.3722858    6.9915047
  56.1464424   16.8800030    6.8885207
  57.0214920   16.3513451    7.9984465
  57.0037308   16.1579437    9.5875082
  56.2835655   16.6353722   10.1329212
  56.8429565   15.2332964    9.9512177
  56.4959488   13.4292383    3.5303719
  55.5939674   13.0753345    3.3549826
  56.3985939   13.5905428    4.5189462
  56.3990898   13.7750769    6.0742040
  56.6948547   14.6616659    6.4619904
  57.3095970   13.3200684    6.2057528
  58.7544861   12.7377491    6.6048250
  59.1635666   11.8338537    6.4267702
  58.6939964   12.5682793    7.6201153
  58.7515488   12.2135897    9.2412052
  59.0459671   11.2715130    9.4384613
  59.5457420   12.6646452    9.6983089
  59.1761436   17.3308697    3.1704996
  59.0618515   17.4269810    4.1838045
  58.3077011   16.8799648    3.0197470
  59.0692406   17.6875820    5.8618517
  58.3209686   17.1435432    6.2923274
  58.7520370   18.5592327    6.2625422
  57.2632713   15.9109325   13.3989992
  56.3897591   16.4524879   13.3271599
  57.2075348   15.9018192   14.4611111
  57.1439285   16.0499458   16.0136414
  56.2137947   16.4101753   16.3299198
  57.0494156   15.1112280   16.4452381
  56.5935478   13.5302496   10.2258825
  55.8547096   12.8732710   10.0356283
  57.3446007   12.9998465    9.7970047
  56.7746964   13.4217520   12.9044628
  57.0233307   14.4060001   13.0901899
  56.7337151   13.5492449   11.8967161
  58.7358818   11.9989586   14.0377941
  58.0121574   12.6084805   13.6798687
  59.5173683   12.4445820   13.5582609
  58.9015198   12.1117039   16.7143192
  58.7347145   12.0319214   15.7305412
  58.1096573   12.7045956   16.9106541
  59.3248100   17.4868603   10.1384439
  58.4992332   17.0218563    9.8647938
  59.0052795   18.4398518    9.9831944
  59.3603897   17.5125713   12.9011812
  58.5475807   16.9530373   13.0542955
  59.3889198   17.5016022   11.8939791
  57.4384766   15.9794598   20.4448738
  56.5932274   16.4762726   20.1874199
  57.2546387   16.0538940   21.4455986
  56.9849892   16.0761318   23.0711193
  56.0607033   16.3384457   23.3949623
  56.8850403   15.0784607   23.2794991
  56.6898575   13.6046782   17.1143036
  55.9040909   13.0690994   16.7712822
  56.5848579   13.4146776   18.0829544
  56.8084793   13.3587341   19.7665920
  57.0576744   14.2968149   20.0064526
  57.6746559   12.9708958   20.0885487
  59.1385727   12.4582767   20.9575996
  59.3445473   11.4979277   20.6356583
  59.9875221   12.8654747   20.5971470
  58.9422493   11.8500357   23.5207882
  58.8214188   12.0133419   22.5225677
  58.1535759   12.4107885   23.8121109
  59.2633324   17.1957073   17.1228771
  58.5107040   16.6762886   16.6977062
  58.9313278   18.1159000   16.8736115
  59.5173645   17.4820385   19.7995090
  58.7595863   16.8686028   20.0804253
  59.3387680   17.3107586   18.8252716
  57.3822174   15.9642830   27.2466106
  56.6204758   16.5682240   26.9604778
  57.2160835   16.0916996   28.2372074
  56.9836540   16.3432465   29.8398018
  56.2126274   16.7068748   30.3321075
  56.8438911   15.4056025   30.1723652
  56.8047066   13.4565859   23.7271309
  55.8883514   13.0447845   23.5450230
  56.7485123   13.4054966   24.7324829
  57.1213799   13.5119429   26.3748970
  57.2775650   14.4424715   26.7356911
  58.0197449   13.1283588   26.7735043
  59.3135071   12.6818323   27.6109276
  59.4529266   11.7216730   27.4585037
  60.2383842   12.9902649   27.2643166
  58.9336891   12.1949596   30.2517338
  58.9370384   12.4317513   29.2220516
  58.0805817   12.7504101   30.4039555
  59.1192284   17.1829166   24.0143757
  58.2605324   16.7610455   23.6529732
  58.8115044   18.1305294   23.7307568
  59.4695816   17.6141510   26.5225468
  58.6603432   17.0373306   26.7427216
  59.4057846   17.4046669   25.5112591
  57.4230423   16.1318779   34.1202164
  56.5823860   16.7305202   33.9610519
  57.3566856   16.1909809   35.1104927
  57.0226212   16.1573486   36.6990204
  56.1348991   16.5131989   37.1449203
  56.7850304   15.1931581   36.9358635
  56.8636589   13.7367792   30.7873154
  56.0532188   13.2132215   30.6963711
  56.9993057   13.6744347   31.7892780
  57.2098351   13.6202574   33.3086510
  57.2541389   14.5660400   33.5758362
  58.0363045   13.3339710   33.8032990
  59.4560928   12.6607590   34.4572906
  59.5969009   11.6716413   34.2758331
  60.3532753   12.9571056   34.0995255
  59.0165825   12.1300020   37.0280304
  59.0674820   12.2961550   36.0547028
  58.2014961   12.7025948   37.2235107
  59.0853271   17.4922104   30.7836933
  58.2626572   17.0465889   30.3912163
  58.8920517   18.4192677   30.4162598
  59.4978447   17.6008339   33.3598671
  58.6302834   17.0471172   33.5595207
  59.3302650   17.5551548   32.3403244
  57.4979973   15.8256311   40.8445892
  56.6880989   16.4014568   40.7211113
  57.5467682   15.9755049   41.8556290
  57.4152374   16.0130272   43.5253410
  56.5397491   16.3794556   43.8397598
  57.2902908   15.0774221   43.9386749
  56.7884598   13.5726910   37.5199699
  55.8471069   13.1984444   37.5173454
  56.9014587   13.5599136   38.5452499
  57.0966301   13.2946062   40.1076279
  57.1888962   14.2692499   40.3462601
  58.0091248   13.0450716   40.4216423
  59.4149780   12.5318203   41.0466423
  59.5854836   11.5340338   40.9390526
  60.2352905   12.8804550   40.6554108
  59.2989388   12.2572613   43.7336807
  59.1869431   12.3927498   42.7247200
  58.3653717   12.6349239   43.9687386
  59.2435036   17.4660530   37.7321701
  58.3629570   17.0813446   37.4122162
  59.0350914   18.4037113   37.4242134
  59.6390991   17.4747581   40.4325523
  58.8889313   16.8204727   40.6629715
  59.4331055   17.4330673   39.4095116
  57.7930412   16.1460228   47.4506569
  56.9302864   16.6545029   47.1860542
  57.5450554   16.1961002   48.4571877
  56.9665337   16.0615005   50.0111122
  56.1907883   16.4937401   50.5010262
  56.8202019   15.1177816   50.3592567
  56.9856720   13.4053097   44.3766899
  56.1178017   12.8904438   44.1606064
  56.8751068   13.3596601   45.3954353
  57.1544914   13.5212135   47.1245079
  57.4098663   14.4943714   47.2022820
  58.0131035   13.1571407   47.5325966
  59.4453468   12.7022295   47.9788628
  59.7613869   11.7457628   47.7366180
  60.3567810   13.1040955   47.6866875
  58.7766533   11.9755650   50.4957314
  58.7860336   12.2005453   49.5330887
  58.0931244   12.6883793   50.7484245
  59.5269470   17.2729549   44.4467010
  58.6983566   16.8362656   44.0075874
  59.2371445   18.1986904   44.1630363
  60.0395355   17.4522762   46.9999542
  59.3031311   16.8159504   47.1293831
  59.9297714   17.4739723   45.9717979
  57.3755264   15.9318275   54.4736328
  56.5364838   16.4881744   54.2458344
  57.2505341   16.0218639   55.4850273
  56.9920921   16.1104698   57.0781364
  56.3092422   16.6053696   57.5906792
  56.8912582   15.2496014   57.5590782
  56.7940407   13.5923500   51.2178078
  55.8949013   13.1572800   51.0956001
  56.8209000   13.5217199   52.2167511
  57.1377296   13.3696423   53.7964363
  57.2771568   14.3068085   54.1680756
  58.0786324   13.0371408   54.1225700
  59.4170227   12.5964279   54.8554001
  59.5572472   11.5856571   54.6561089
  60.3410797   12.8694410   54.5679016
  59.0767403   12.0380421   57.4785271
  59.0640526   12.2693176   56.4880219
  58.3466148   12.7079124   57.7232056
  59.1854057   17.2074375   51.2516098
  58.3405533   16.8542042   50.8873177
  59.0695114   18.1434002   50.8996468
  59.6013451   17.3567104   53.8885117
  58.7840919   16.8340893   54.1982803
  59.4239006   17.2601051   52.9224358
  57.7256241   15.9653950   61.3709145
  56.9172516   16.5404015   61.0819397
  57.3517990   15.9511929   62.3680573
  57.0105934   15.8478346    2.6504412
  56.1916161   16.1909637    3.1628661
  56.7708244   14.8634558    2.9943070
  57.0437088   13.5414085   58.1607056
  56.2192001   13.0249691   58.0926933
  57.1220093   13.5026913   59.1676025
  57.4564095   13.3930836   60.7775917
  57.5453835   14.3867073   61.0547485
  58.3257217   13.1507702   61.2712593
  59.6813240   12.6454973    0.8888729
  59.8635330   11.6518860    0.6405239
  60.5447845   12.9663496    0.3965310
  58.8851929   11.9019718    3.3827770
  58.0010071   12.4561653    3.4380777
  59.0740051   12.2331266    2.4458094
  59.2558060   17.0133781   57.9794540
  58.3305435   16.7019882   57.5184097
  58.9765396   17.9781570   57.9204636
  59.8102226   17.2952518   60.7509499
  58.9163170   16.7213421   60.8679504
  59.7780876   17.2028790   59.7639503
  56.8828583   24.1115913    7.1418743
  55.9720268   24.5124779    6.7926645
  56.6775932   23.1802864    6.7709556
  56.9732819   23.5376148    9.6424885
  56.1471825   24.1750202    9.7108078
  57.0591927   23.7794209    8.6502733
  56.3505173   21.1538467    3.7439480
  55.6652031   20.5042553    3.4621892
  57.1574402   20.6164360    3.4503467
  56.3522949   21.7026749    6.2787638
  55.5054855   21.2109718    6.5221596
  56.2758408   21.4912682    5.2731209
  58.4362602   20.1362839    6.9268117
  57.7549324   20.8131332    6.5738559
  59.2382278   20.6783066    6.6483607
  58.4497986   19.9002972    9.6944160
  58.4520302   19.8538437    8.6815071
  57.5292015   20.3107681    9.7808456
  59.3282928   24.4517059    3.5883198
  59.2438354   24.7154751    4.5711317
  58.3637657   24.1371822    3.5164387
  59.0402222   25.1182175    6.0897484
  58.2399635   24.7124653    6.5678520
  58.8173828   26.0621834    6.3866754
  57.3877106   23.5479794   13.5931282
  56.5890884   24.0156059   13.2215080
  57.0056953   23.5581665   14.5947075
  56.5859795   23.7669182   16.0909233
  55.7859497   24.2091980   16.4410706
  56.3559303   22.8243141   16.4170170
  56.0792160   21.0957050   10.2710218
  56.3876076   22.0908375   10.1328583
  56.1136017   21.1761703   11.2930727
  56.5670166   21.0405102   12.9534693
  57.0673714   21.9332428   13.2004232
  57.2654610   20.4414749   13.3463249
  58.7597542   19.8613567   14.0033684
  59.0525627   18.9447346   13.6078825
  59.4907417   20.3872509   13.5205212
  58.5237236   19.8354015   16.7015877
  58.5660248   19.9616299   15.6748381
  57.7154465   20.3996143   16.8233814
  59.2785606   24.7622204   10.5119104
  58.4218254   24.2880383   10.2998619
  59.0043335   25.6323318   10.0583591
  59.4712067   25.2330132   13.0120335
  58.6816177   24.6471081   13.2443647
  59.3688393   25.0265350   12.0181713
  57.2736015   23.6876678   20.2222633
  56.4923744   24.2759323   19.9786873
  57.0322533   23.7030716   21.2312298
  56.7129669   23.7346401   22.8137360
  55.9212151   24.1709251   23.3272896
  56.5206184   22.8005714   23.1289196
  56.0347519   21.1476460   17.1169987
  55.3060455   20.4498081   17.0093822
  56.1121712   21.0995045   18.1084270
  56.6668472   20.9944897   19.6485500
  56.9393501   21.9402142   19.9014530
  57.5500565   20.5723839   19.9748936
  58.9426460   19.9726391   20.5295029
  59.2488747   19.0883732   20.1447220
  59.7316971   20.5273151   20.2157001
  58.6131783   19.7481480   23.2494659
  58.6485596   19.9532433   22.2536011
  57.7520180   20.3168030   23.4076443
  58.8556404   24.8983135   16.9027214
  57.9716644   24.5105724   16.5468311
  58.6443520   25.8609352   16.6577606
  59.3888741   25.1592922   19.4700069
  58.5973892   24.5957909   19.8506222
  59.1316452   24.9306679   18.4859715
  57.3492317   23.7863274   27.2415218
  56.4614296   24.2096310   27.0248432
  57.2072067   23.7305107   28.2144451
  56.9491692   23.6515865   29.9106541
  56.0312881   24.0113945   30.2035637
  56.7594452   22.6986103   30.1752281
  56.5088539   21.1511955   23.5851212
  55.6730080   20.5566139   23.5415173
  56.5002289   21.2250557   24.6208782
  56.7957306   21.2540550   26.2791634
  57.0707817   22.1474953   26.6101818
  57.6407471   20.7782917   26.6234303
  58.8879395   20.0829926   27.2085152
  59.1428108   19.0945930   26.9720726
  59.7767067   20.4475994   26.8456078
  58.6538048   20.0108261   29.9545937
  58.5609779   20.1261501   28.9587650
  57.7975349   20.4693832   30.2527790
  58.9110947   24.8441086   23.7661858
  58.0984612   24.4880142   23.3313599
  58.7883186   25.8058567   23.4764194
  59.4542351   25.1663036   26.4071369
  58.6423988   24.5568676   26.6480083
  59.2900696   25.0360394   25.3952675
  57.3502655   23.8079720   34.0664330
  56.4739456   24.3277664   33.9533882
  57.3277397   23.8264885   35.0900421
  57.0135689   23.7624054   36.7225418
  56.1069984   24.1031075   37.0572433
  56.7768936   22.7518311   36.8472519
  56.3221893   21.2434101   30.8222809
  55.5461197   20.6047764   30.7381573
  56.2846298   21.2648945   31.8324871
  56.6038742   21.1983452   33.6407166
  56.9338684   22.1550293   33.8468666
  57.4965515   20.8238697   34.0001907
  58.9016991   20.1128693   34.2739372
  59.1597862   19.1456394   33.9605255
  59.7029495   20.5208645   33.8025703
  58.5874443   19.9854851   37.0075035
  58.6992569   20.1496277   36.0330658
  57.7293091   20.4871731   37.1611214
  59.2155800   25.0500317   30.7931290
  58.3289680   24.6106815   30.4694500
  58.9573898   25.9724274   30.3841305
  59.5832672   25.1097641   33.4106865
  58.8024559   24.4960251   33.5786476
  59.5077057   25.1061745   32.4055405
  57.4979553   23.6613026   40.8237267
  56.7608452   24.2721958   40.5302811
  57.3663635   23.7694550   41.8487663
  57.0754700   23.5367928   43.4482803
  56.2944832   24.0487003   43.8378067
  56.6922722   22.6325760   43.7247658
  56.2953682   21.2945938   37.4088707
  55.3501892   20.8104095   37.3572311
  56.3379478   21.2546368   38.3641319
  56.7779694   21.2199554   40.0897789
  57.1245842   22.1550083   40.3562775
  57.6896973   20.8006744   40.3545685
  59.1061325   20.1196804   40.8466682
  59.3798599   19.1961670   40.6829948
  59.9787521   20.5755692   40.5245056
  58.6563911   19.8337708   43.5312538
  58.6593819   19.9119930   42.5299873
  57.7027054   20.2559032   43.6461296
  59.1479607   25.0170422   37.6915855
  58.2851677   24.5571499   37.3300133
  58.8997688   25.9316940   37.3334427
  59.7112274   25.0727425   40.2665749
  58.9329910   24.4276657   40.4122314
  59.5888367   25.0567284   39.2382965
  57.6952782   23.8094463   47.7416077
  56.8095207   24.2463360   47.5101051
  57.4801178   23.6771107   48.6819458
  56.9446640   23.6930885   50.2945404
  56.0526466   23.9646816   50.6641197
  56.9311752   22.7446766   50.6777000
  56.3722420   21.0801678   44.1659927
  55.5412827   20.5948086   43.9447746
  56.3073845   20.9684525   45.1776466
  56.8882446   21.2266808   46.9009094
  57.2423668   22.1086674   47.1654472
  57.7546997   20.6834831   47.1239510
  59.1572227   19.9423733   47.6932068
  59.5173416   19.0120564   47.5141182
  59.9435577   20.4161224   47.3398361
  58.9239120   19.6846695   50.4127541
  58.9588661   19.8192368   49.4237976
  58.0325928   20.1017017   50.5919991
  59.2122269   24.8864288   44.4746857
  58.3633423   24.3879681   44.1613884
  58.9064293   25.7779255   44.1197014
  59.6781654   25.2618427   47.0610886
  58.8688431   24.7594185   47.3364334
  59.5243263   25.0773067   46.0588036
  57.4762726   23.4690475   54.3781242
  56.6370583   24.0510960   54.2086411
  57.3863182   23.5121841   55.3617020
  57.0454979   23.6197777   57.0289650
  56.1657066   24.0120258   57.4268150
  56.8578796   22.7021332   57.4650574
  56.7224922   21.0435677   51.0969124
  55.8966713   20.4696064   50.8818016
  56.5791969   21.0506420   52.0948982
  56.9414558   21.0783939   53.7567215
  57.0713730   22.0654240   53.9886665
  57.7833862   20.7122631   54.1981316
  59.1793671   20.0359116   54.8631172
  59.4372063   19.0994396   54.6254616
  60.0130539   20.4548759   54.3588982
  58.6786919   19.6221180   57.5050125
  58.8134804   19.8116913   56.5173225
  57.8674049   20.1816082   57.5749702
  59.1243896   24.8515339   51.2730408
  58.2491837   24.5212669   50.7963524
  58.9714127   25.8146286   50.9834213
  59.7077446   25.0132236   53.9083519
  58.9033432   24.3851318   54.0805969
  59.6615562   24.8992844   52.9132309
  57.5225754   23.6417885    0.4236614
  56.7097588   24.1146431    0.0865314
  57.3023834   23.7669830    1.4253383
  56.9079132   23.6733589    2.9587195
  56.0454521   24.0797653    3.2682474
  56.6783142   22.7476444    3.2796843
  56.3216553   21.2032795   57.9672928
  55.6145210   20.6096439   57.6577148
  56.2435913   21.0882072   58.9686584
  56.9489975   21.2265320   60.7046547
  57.1650238   22.1504059   61.1490631
  57.8437080   20.8580933   60.9324951
  59.2389145   19.9584541   61.2226067
  59.5236092   18.9689465   61.1629829
  60.0930443   20.2998600   60.8917847
  58.6582184   19.8987885    2.7225804
  58.7074051   19.8682976    1.7133466
  58.7503395   18.8935452    2.8595381
  59.0668907   24.8735523   58.1153603
  58.2956047   24.4355335   57.6817894
  58.8775063   25.7617664   57.7104683
  59.5898628   24.9603519   60.6875610
  58.7902832   24.4132671   60.9841423
  59.3635559   24.8859234   59.6832466
  56.7343063   31.4772758    6.9853497
  55.8923798   31.9272652    6.5751147
  56.5219917   30.5651226    6.5507445
  56.8645401   31.2177467    9.5872946
  56.0461578   31.8527222    9.6698637
  56.7929115   31.2052612    8.5695953
  56.3421097   28.5053291    3.4524195
  55.6475754   27.9330730    3.0136521
  57.1347313   27.9327621    3.1448126
  56.2823143   29.0349770    5.9852319
  55.3264503   28.6862602    6.0716152
  56.3692017   28.7487411    4.9802361
  58.4459229   27.5218105    6.8866630
  57.6964912   28.1241531    6.5709958
  59.1967316   28.1431904    6.5034347
  58.6256561   27.0947170    9.5392323
  58.4701157   27.3301983    8.5571861
  57.8378258   27.6267967    9.8880320
  59.2340431   32.3622818    3.4105015
  59.1542778   32.4291000    4.4018955
  58.3605156   31.8297462    3.2858627
  58.9163628   32.8716393    6.1108212
  58.1110268   32.4048195    6.4966197
  58.5014839   33.7820625    6.3160725
  56.8317032   31.4833546   13.1952715
  55.9810791   31.9587116   12.8423281
  56.5693932   31.5915585   14.1661921
  56.4581108   31.5771084   15.8091097
  55.8212013   31.8951759   16.5120697
  56.4734879   30.6207676   16.1160393
  56.5500946   28.7105541   10.1072664
  56.6899986   29.6870022    9.9097881
  56.4423790   28.7667446   11.1033745
  56.3944168   28.8696613   12.7582417
  56.6474152   29.8440933   12.9325838
  57.2358170   28.5196362   13.1712236
  58.7078476   27.7146072   13.7144995
  59.0706825   26.7671432   13.4371176
  59.5725403   28.1791630   13.4151382
  58.5534248   27.5104752   16.4665413
  58.6242981   27.7280102   15.4865732
  57.8297615   28.2067394   16.6326561
  59.1095238   32.4209862   10.3652363
  58.2135239   31.9392700   10.1490879
  58.8262825   33.3482285    9.9720821
  59.0383987   33.0355988   12.9964886
  58.1859245   32.4920197   13.1108379
  59.1225891   32.8183517   11.9896278
  57.3934288   31.2059326   20.1017056
  56.5014610   31.6967602   19.9134808
  57.2418442   31.3088150   21.1308193
  56.8346672   31.3580494   22.6700535
  55.9362450   31.6635113   22.9856396
  56.7192802   30.4037895   23.0494919
  56.3132057   29.0730247   16.8377762
  55.5703316   28.4883957   16.6149044
  56.2582664   28.9999371   17.8492432
  56.6980133   28.7974415   19.4400253
  57.1068115   29.7073364   19.6311970
  57.5636902   28.3148594   19.7357121
  58.9312592   27.6505260   20.3439007
  59.2998734   26.7356358   20.0052052
  59.7442284   28.1512699   20.0821476
  58.6693497   27.3500118   22.9323959
  58.5762825   27.6269741   21.9277248
  57.7913933   27.7718239   23.1487923
  58.5876884   32.6058846   16.8916111
  57.7786713   32.2354851   16.4527473
  58.5009003   33.5527687   16.5185108
  59.3306198   32.7852592   19.3472652
  58.6136398   32.0368805   19.5812874
  59.0425453   32.7360306   18.3923531
  57.0920982   31.3179569   27.0363026
  56.2668953   31.8535881   26.7356567
  56.8674431   31.4264679   28.0520782
  56.7038040   31.5485058   29.7153187
  55.9154129   31.9022999   30.2399197
  56.5990448   30.5902100   30.0254230
  56.6135025   28.8321838   23.5778275
  55.7287216   28.3274860   23.4689217
  56.5473824   28.8995800   24.5775185
  56.7073174   28.8732567   26.2974243
  56.9409180   29.8288193   26.5919724
  57.5662689   28.4973698   26.6370277
  58.9505920   27.7812309   27.2527828
  59.3056412   26.8721828   26.9523792
  59.7017708   28.3440323   26.8304062
  58.5560112   27.5323868   29.8820210
  58.6609802   27.7643509   28.9070816
  57.6903992   28.0609779   29.9898930
  58.7625999   32.7452507   23.8967876
  58.0636139   32.3035355   23.2722778
  58.5966988   33.6941376   23.5765705
  59.2401733   32.8497620   26.6186943
  58.3913918   32.2964859   26.7465477
  59.1819000   32.8497543   25.5833302
  57.2098846   31.2452621   33.7864494
  56.3904877   31.8223190   33.6053619
  57.0086632   31.2506733   34.8353157
  56.7567520   31.3904591   36.3374786
  55.9332428   31.7681580   36.7415161
  56.6659584   30.4523125   36.6842346
  56.3272629   29.0444317   30.5304680
  55.5503960   28.4338989   30.3242397
  56.3361473   28.8442669   31.5305328
  56.7329330   28.5818081   33.2417221
  57.1022186   29.5073566   33.4840126
  57.5847435   28.1079426   33.5607719
  59.0955429   27.7282524   34.1489792
  59.2645187   26.7708588   33.9352951
  59.8365326   28.1343575   33.6015434
  58.5885277   27.4794998   36.8344421
  58.7441101   27.6401424   35.8722382
  57.6624451   27.8505497   36.9221420
  58.9586563   32.8713303   30.5607929
  58.1333694   32.4269791   30.1596127
  58.7458458   33.8152466   30.1446686
  59.3377457   32.7616005   33.2079277
  58.5042725   32.1786613   33.4493980
  59.1442070   32.7025719   32.2110977
  57.2180328   31.5927238   40.5551910
  56.3608093   32.1172180   40.3929443
  57.1210289   31.6078587   41.5522537
  56.7655830   31.3801670   43.1730347
  55.9824295   31.7857456   43.7273483
  56.6382103   30.4269104   43.5009804
  56.3182945   28.8732281   37.3492699
  55.4398308   28.3422775   37.1629181
  56.2507248   28.8020840   38.3380547
  56.5914154   28.8151150   40.1928749
  56.8020020   29.7984657   40.3334389
  57.4570580   28.4769878   40.4919815
  58.9466438   27.6291275   40.9997673
  59.2241173   26.7231426   40.7925644
  59.8305893   28.0893631   40.6647530
  58.4729500   27.3201237   43.6073914
  58.4903679   27.4424839   42.6213036
  57.7117691   27.9629326   43.7399521
  58.8786621   32.7267342   37.3471107
  58.0890274   32.3813667   36.8651619
  58.6650925   33.7263832   37.1582642
  59.2789307   33.0568008   39.9397812
  58.4657669   32.4830704   40.1962357
  59.1674118   32.8798752   38.9684944
  57.0678978   31.3217392   47.4937820
  56.2241974   31.8780155   47.4466934
  57.0956993   31.3737278   48.5502090
  56.8383102   31.3840351   50.0039024
  56.0259476   31.6628971   50.6274452
  56.7810631   30.4059887   50.3566437
  56.3581581   28.8292942   44.1084862
  55.4822273   28.3402996   43.9841690
  56.3530464   28.7369213   45.1431694
  56.5397148   28.7172909   46.7711983
  56.8262100   29.6395054   47.1229095
  57.3983269   28.2719517   47.1401634
  58.8053398   27.8122044   47.6473885
  59.0955009   26.8900948   47.4828415
  59.6843872   28.2373257   47.3286514
  58.5994949   27.3162365   50.4067001
  58.6334610   27.4778538   49.3930664
  57.8092918   27.9327984   50.5551376
  58.7908783   32.7095451   44.2109451
  58.0215149   32.2995071   43.6761208
  58.6061172   33.6839180   44.0524750
  59.3691902   32.4660759   46.7525635
  58.5660133   31.8836632   46.9801025
  59.2000923   32.5065460   45.7327690
  57.5767326   31.2976265   54.2038345
  56.7489700   31.9084301   53.8798218
  57.1684685   31.2476425   55.1533966
  56.7653084   31.1857758   56.7733917
  56.0517120   31.6890984   57.3279305
  56.5897484   30.2952957   57.1782761
  56.5417938   28.9193687   51.0508537
  55.7335587   28.2783833   50.9052544
  56.5404053   28.7317085   52.0777092
  56.8041534   28.7173615   53.6814880
  57.1901703   29.6663799   53.8481712
  57.6602135   28.2749176   54.0169563
  59.0987053   27.5753746   54.5457191
  59.3013039   26.6591835   54.2231522
  59.9965668   27.9690933   54.2092514
  58.6065636   27.3152714   57.1697044
  58.7095833   27.4210720   56.1756783
  57.8270569   27.9175606   57.3053436
  59.0172386   32.7008247   51.0804710
  58.1389313   32.2408066   50.7840462
  58.7620239   33.6327667   50.7608681
  59.7662048   32.7480240   53.6631889
  59.1276627   32.0483170   53.9727745
  59.5677490   32.6447296   52.6595306
  57.5376282   30.8569336   61.3806839
  56.8270760   31.5911465   61.1518784
  57.3818283   30.8922310   62.3882790
  57.0606537   31.0012379    2.7625761
  56.1820869   31.5054626    2.9692187
  56.6969032   30.1063995    3.0050812
  56.4334946   28.7232227   57.8189468
  55.6794090   28.0943127   57.5258598
  56.4930077   28.4304752   58.7664566
  56.9684410   28.3606548   60.5706100
  57.1978798   29.2723846   60.9736748
  57.8507309   27.9397335   60.8853416
  59.3657608   27.4854889   61.3589439
  59.5913658   26.4843922   61.1236229
  60.1707230   27.8566647   60.9731445
  58.4622688   27.1325321    2.6646795
  58.7294235   27.0931244    1.7005835
  58.7772522   26.2704029    2.9690223
  58.9566002   32.3114243   57.8018188
  58.1592445   31.9420223   57.3495979
  58.8612404   33.2641068   57.4646111
  59.5404167   32.4763031   60.4246902
  58.8467216   31.8433914   60.7725716
  59.3119736   32.3151703   59.4337921
  56.7585869   39.3086243    6.7867670
  55.8806343   39.7084236    6.5163274
  56.5979576   38.4194107    6.3155560
  56.6993904   38.8965759    9.4342022
  55.8458214   39.4759560    9.6038713
  56.7415924   39.1480293    8.4619112
  56.1559525   36.3591805    3.1650414
  55.4056320   35.7286949    2.8751142
  56.9314728   35.7443962    3.0184624
  56.3412819   36.8873367    5.7458878
  55.5587616   36.2905998    6.0313282
  56.2989502   36.5757675    4.7827725
  58.5128059   35.5137634    6.8441248
  57.7929382   36.1074791    6.4297781
  59.2733650   35.8763084    6.2772379
  58.6707916   34.8643074    9.3774471
  58.6310120   35.1262589    8.3804121
  57.8281326   35.3827591    9.6001463
  59.4140434   39.8013496    3.2472880
  59.2856483   39.9985123    4.2286010
  58.5523605   39.2633858    3.1006517
  58.9831505   40.5576019    5.9476843
  58.1018982   40.1877480    6.2873864
  58.7313995   41.5287170    6.1255341
  56.8068771   39.1043472   13.1110220
  55.8942146   39.4743271   12.8812075
  56.6773682   39.1292305   14.1349382
  56.4419632   38.8879662   15.6663446
  55.6191597   39.2421303   16.1629715
  56.3721657   37.9488411   16.1264610
  56.5162125   36.2726517    9.9791269
  56.6727829   37.2908058    9.8044109
  56.3491440   36.3958740   10.9667292
  56.2259331   36.4894180   12.6458817
  56.4752960   37.4747658   12.8036356
  57.0324593   36.1201096   13.0830536
  58.4608154   35.5357895   13.5413961
  58.7378693   34.5693932   13.3820629
  59.2954636   35.9403725   13.1364460
  58.4525681   35.2547607   16.2543144
  58.4650269   35.3323135   15.2419004
  57.5753479   35.6957550   16.3825989
  58.9251518   40.1213951   10.2181454
  58.0447159   39.6597862    9.9567785
  58.7010612   40.9769173    9.8206129
  59.0148315   40.5450668   12.8012066
  58.1666527   39.9710236   12.9841547
  58.9644814   40.3724632   11.8108559
  57.0127640   39.2186928   20.1087646
  56.1084938   39.6769333   19.8607464
  56.7934914   39.2504005   21.1118317
  56.5377464   39.2691689   22.6588497
  55.7172813   39.6112061   23.1581306
  56.4284744   38.2839813   22.8838329
  56.0933952   36.5258026   16.8230362
  55.3193855   35.8987465   16.7150002
  56.1083450   36.4883575   17.8570423
  56.5426331   36.5158844   19.4946957
  56.8286438   37.4144173   19.7706985
  57.3222847   35.9961853   19.9037457
  58.5998230   35.1334496   20.3354969
  58.8742561   34.2567482   19.9489517
  59.5051308   35.5683060   20.1511536
  58.3379250   35.2905884   22.9416485
  58.4195671   35.2615166   21.9522209
  57.4963074   35.8190346   23.0618935
  58.5069618   40.2161484   16.6031799
  57.6199112   39.8578644   16.3056164
  58.3282433   41.1748009   16.3945484
  59.0973396   40.5949097   19.2290726
  58.2783508   40.0496216   19.5389576
  58.9145966   40.4445534   18.2506676
  56.9920387   39.0890694   26.9235020
  56.1422997   39.5490723   26.8087406
  57.0042419   39.2670174   27.9576473
  56.7400932   39.2623482   29.5626640
  55.7919350   39.5035019   29.9200764
  56.6157150   38.2499046   29.7848377
  56.1052284   36.7840500   23.6059475
  55.3684578   36.1071701   23.5625057
  56.1527443   36.7172050   24.6560783
  56.4640388   36.6403923   26.2849941
  56.7268906   37.5891075   26.5457802
  57.3809929   36.2181664   26.6390667
  58.7072105   35.5615807   26.9547272
  58.8971329   34.5669212   26.8670750
  59.5232506   35.8190842   26.4055805
  58.6127815   35.3904533   29.6433830
  58.6449394   35.6064148   28.6410084
  57.6892128   35.7730370   29.7561417
  58.7672997   40.1294365   23.7574196
  57.8987007   39.7710724   23.4565411
  58.6396370   41.0616684   23.3267593
  59.3353539   40.2761230   26.3506718
  58.4717369   39.7836800   26.6357841
  59.1641922   40.2035332   25.3407650
  57.2720299   39.1742859   33.6478539
  56.4719582   39.7823257   33.3508453
  56.9935875   39.2466354   34.6363716
  56.7984772   39.2095222   36.2913666
  56.0113525   39.5854683   36.8567352
  56.5743408   38.2671318   36.5809822
  56.2496338   36.6856422   30.2046070
  55.4246521   36.1164627   30.1673336
  56.4357224   36.5449371   31.2071533
  56.6091805   36.5207939   32.8852043
  56.7912178   37.4563484   33.2908249
  57.4821892   36.1288795   33.2646103
  58.8080368   35.2503548   33.9282036
  58.9477768   34.3308144   33.5956116
  59.7292938   35.5727768   33.6284561
  58.3367500   35.2694206   36.6065025
  58.3557777   35.1940842   35.6113243
  57.4293785   35.7466316   36.6992683
  59.0789337   40.1728096   30.5137653
  58.1625710   39.8812218   30.1210117
  58.8808784   41.1559715   30.3572235
  59.3969612   40.7578087   33.0244865
  58.5910187   40.1505394   33.2079010
  59.4861183   40.4522858   32.0294495
  57.0125351   39.0785789   40.7326088
  56.2045250   39.7161865   40.6464195
  57.0431900   39.1750298   41.7396889
  56.7327003   39.2276192   43.3588371
  55.8424950   39.5212212   43.7689781
  56.6325378   38.2441101   43.6939049
  56.1266785   36.7741966   37.1996078
  55.3798218   36.1385345   37.0290642
  56.1449547   36.6334000   38.2255325
  56.4772301   36.5989037   39.8894920
  56.7619781   37.5380592   40.1249084
  57.3159676   36.1263924   40.2468109
  58.8149376   35.5227814   40.8211098
  59.0731735   34.5915108   40.4834557
  59.6203270   35.9589386   40.3716087
  58.6169090   35.4148636   43.5276833
  58.6180573   35.5022507   42.4982300
  57.7397499   35.9089279   43.6678200
  58.8979034   40.4338989   37.4405479
  58.1301384   39.9937172   36.9740105
  58.6992607   41.3766861   37.0758667
  59.2360535   40.5853844   40.0382423
  58.4167480   39.9736938   40.2140999
  59.1628113   40.5491867   39.0185089
  57.2808304   38.9280548   47.6055527
  56.4685478   39.4472733   47.3644829
  57.0657883   38.9483528   48.5955276
  56.7599945   39.0406799   50.0945091
  55.9826698   39.4489479   50.5796700
  56.6152420   38.0812607   50.4424858
  56.3676529   36.7089767   44.1201019
  55.5205460   36.1600952   44.0403786
  56.4580803   36.5104790   45.1636810
  56.7451706   36.4168816   46.7726479
  57.0873337   37.3449821   47.1234436
  57.5637131   35.9082413   47.1302223
  58.8255882   35.0376015   47.6108322
  59.0275078   34.1158180   47.2276955
  59.7084770   35.4180870   47.2929192
  58.6314316   35.2089081   50.3127403
  58.6501656   35.0753326   49.3305092
  57.7876472   35.7532082   50.3200874
  59.0007820   40.4184189   44.2891502
  58.1187973   39.9812393   43.9454880
  58.7025719   41.3462067   43.9818954
  59.4679337   40.5302010   46.8899651
  58.6810303   39.9716759   47.1426010
  59.3011284   40.4721947   45.8735847
  57.5692062   38.8854332   54.2303581
  56.6750755   39.3565941   54.0868759
  57.4743690   38.8783836   55.2595596
  57.0528221   38.7029839   56.7961044
  56.1431465   39.1289139   57.0648117
  56.8342476   37.8615341   57.2551689
  56.2921371   36.5465736   50.9515114
  55.4185104   36.0457687   50.9160309
  56.4720993   36.3776398   51.9137993
  56.7327461   36.3690796   53.6034241
  57.1476173   37.3013229   53.6990967
  57.5816650   35.8959007   53.8917580
  59.0215302   35.2882195   54.4524498
  59.3118744   34.3624687   54.2156525
  59.9085693   35.7241135   54.1641808
  58.5420914   34.8780861   57.0551949
  58.6166191   35.0928116   56.0557518
  57.6784248   35.3960152   57.2092056
  59.0287552   40.1179237   50.9599304
  58.2083473   39.7299995   50.5090332
  58.8119049   41.0849190   50.7476120
  59.6268997   40.2840271   53.5200081
  58.8430672   39.7402687   53.8245163
  59.4658012   40.0779076   52.5104027
  57.5750084   38.8362007   61.3502922
  56.7017708   39.2993393   61.0992851
  57.3993988   38.9048233   62.3379898
  57.0100136   38.8369484    2.7356932
  56.2044411   39.3844757    3.1531713
  56.6111336   37.9652596    2.9547682
  56.5894203   36.3852882   57.9509201
  55.7449532   35.8735428   57.9107704
  56.8008842   36.2668152   58.9280052
  56.9706764   36.3250389   60.5682220
  57.1778374   37.2421989   60.9333115
  57.7639961   35.8745003   60.9733734
  59.1300316   34.9872665   61.3491974
  59.3290939   34.0158272   61.0209389
  59.9692078   35.3442039   60.9217949
  58.3228607   34.7090912    2.6520467
  58.5087166   34.6105957    1.6362110
  58.7578735   33.8338165    2.8751192
  59.1987343   39.9683075   57.8668251
  58.3726730   39.5126991   57.4564400
  58.8950920   40.8925133   57.5042000
  59.7427177   39.9521408   60.4606514
  59.0214005   39.3478622   60.8570442
  59.3469276   39.9072189   59.5243607
  56.7212448   46.9893456    6.9770532
  55.8662224   47.4440384    6.6009669
  56.5061760   46.0847626    6.5289989
  56.6434975   46.5890236    9.5543079
  55.7951584   47.1871185    9.5467491
  56.8045120   46.7021675    8.5372105
  56.3398476   43.9420052    3.3374553
  55.5312881   43.3947296    3.0026772
  57.0383224   43.2845573    3.0563581
  56.2249832   44.6569748    5.8446755
  55.3915176   44.1056404    6.0116653
  56.2924919   44.4260941    4.8376865
  58.0989799   42.9978752    6.6276960
  57.3615189   43.6537971    6.2978487
  58.8421516   43.5647583    6.2564483
  58.3398819   42.5947418    9.2563334
  58.2283516   42.6918869    8.2498999
  57.4968605   43.0624313    9.4996128
  59.1370964   47.8646812    3.4529266
  58.9771118   47.9164543    4.4426365
  58.2643166   47.3978348    3.2265222
  58.8995209   48.2091331    6.2041640
  57.9975548   47.8619461    6.5354156
  58.7169800   49.1790199    6.4591637
  56.6733589   46.5885544   13.4463701
  55.8290215   47.0351677   13.1458435
  56.5160599   46.6370392   14.4046326
  56.2918129   46.4599419   16.0652218
  55.4107971   46.8620110   16.3964481
  56.1646957   45.5517540   16.4758759
  56.0909729   43.8875885    9.8917103
  56.3353004   44.8982430    9.8175697
  56.1155128   43.8887558   10.9043341
  56.1293449   44.2112427   12.5346956
  56.4549026   45.1604614   12.7875557
  56.9694633   43.7738838   12.8719864
  58.3981400   43.0231361   13.5183525
  58.6490097   42.0972824   13.1915064
  59.2867317   43.4439735   13.2535162
  58.2785683   42.8110123   16.1540165
  58.2446442   42.8883629   15.1325502
  57.4542465   43.3743629   16.2800484
  59.0490036   47.7086945   10.3430710
  58.1946983   47.2125587   10.2919207
  58.6711693   48.5730286    9.8969097
  58.9320946   48.2080154   12.9542513
  58.1012001   47.6565170   13.1955366
  58.8732796   48.0097580   11.9422512
  57.0309944   46.7214584   20.0879421
  56.2835121   47.3265953   19.7498646
  56.7804985   46.7185555   21.0614319
  56.5031357   46.4404449   22.7557926
  55.6244049   46.8301010   23.1020107
  56.3267136   45.4864883   22.9989719
  55.9914665   43.9910927   16.9495182
  55.1802368   43.3661804   16.8276958
  56.0321274   43.8788795   17.9723186
  56.2436066   44.0678253   19.5935974
  56.6711426   44.9688301   19.8352833
  56.9617348   43.4983368   19.9992733
  58.4804306   42.8702507   20.2984467
  58.8202362   42.0432701   19.8361187
  59.3670120   43.4201164   20.0700550
  58.3300056   42.5454330   22.8545723
  58.3679962   42.6707535   21.8239040
  57.4192276   42.9884834   22.9486198
  58.4001236   47.8461952   16.9025402
  57.5506248   47.3744659   16.6044445
  58.0498581   48.7640343   16.5759468
  59.1003075   48.3792801   19.3618584
  58.3409767   47.7562103   19.6236153
  58.9364624   48.2707329   18.3601360
  57.0955315   46.5764809   26.8286648
  56.2206688   47.0050354   26.6134853
  57.0621452   46.8310547   27.7973175
  56.6636429   46.6378555   29.5014362
  55.8683205   47.0124092   30.0543804
  56.4754601   45.6836853   29.7429008
  56.0172310   43.9372520   23.4396095
  55.1962395   43.3612518   23.3246498
  55.9767227   44.0296669   24.4297466
  56.4526711   44.0421944   26.1962337
  56.6645164   45.0084839   26.4996452
  57.3357658   43.6854744   26.4592113
  58.7742043   42.9314690   27.0437889
  59.2251015   42.0419731   26.7934780
  59.5485611   43.4890366   26.6821899
  58.5185242   42.8102798   29.8454533
  58.5990372   42.8474045   28.8465672
  57.5969925   43.3533745   29.8395252
  58.6177750   47.7353897   23.6016998
  57.7552528   47.2918282   23.2479572
  58.3971214   48.6383667   23.2099705
  59.2820015   48.0663567   26.1522961
  58.4667130   47.4554253   26.3436871
  59.2413635   47.9579544   25.1322155
  56.8127365   46.4483948   33.8615761
  56.0507584   47.0837593   33.6753082
  56.7483101   46.5236015   34.8981972
  56.4986687   46.6259346   36.4458122
  55.6214752   47.0121689   36.7853012
  56.2601891   45.6834450   36.7291260
  56.1034012   44.0198822   30.2069550
  55.2799911   43.4290390   30.1327267
  56.1283646   43.9689484   31.2370472
  56.4850044   44.0042839   32.7922134
  56.6066513   44.9413757   33.1763229
  57.3059006   43.6312943   33.2491531
  58.7525253   43.0995216   33.9827652
  59.0827942   42.1914024   33.6244850
  59.6046753   43.5849724   33.6468239
  58.3704491   42.9203110   36.5424080
  58.4068260   43.0388641   35.5408287
  57.5344505   43.4403839   36.6669312
  58.8574791   47.6197090   30.8038654
  57.9843025   47.2724762   30.4390392
  58.7826538   48.5028648   30.3251457
  59.0409088   47.9053345   33.3768501
  58.1894798   47.3214035   33.4696770
  59.0453339   47.7490082   32.3278809
  56.8922272   46.4436302   40.4857979
  56.0967636   47.0321312   40.2342682
  56.7216682   46.4908905   41.4716988
  56.5736580   46.6211510   43.1557541
  55.7926903   47.1310158   43.5215187
  56.2763443   45.7287903   43.5306740
  55.9918060   44.0766869   37.2434311
  55.1864281   43.4536705   37.0690575
  55.9693298   43.9625168   38.2289124
  56.4154854   43.8713951   39.9940720
  56.6571770   44.8633804   40.0658569
  57.2924538   43.5747795   40.4250374
  58.7532043   43.2662621   40.9462776
  59.0964661   42.3179474   40.7308197
  59.6116371   43.7301407   40.5207024
  58.2689705   42.8660545   43.4698105
  58.3567543   43.0934181   42.4871216
  57.3752060   43.2780037   43.6238403
  58.8348999   47.5456772   37.2445259
  57.9086723   47.2390518   36.9902916
  58.6846428   48.5066338   36.9250832
  59.0210190   47.9454803   39.9329567
  58.2633743   47.3394165   40.1663132
  58.9587860   47.7897186   38.9151039
  57.0350342   46.5151558   47.3015556
  56.2049408   47.0802765   47.2501030
  57.0039940   46.4102097   48.3409309
  56.9411697   46.3981285   49.9190865
  56.0767326   46.7402954   50.3286285
  56.7765427   45.4310608   50.2142944
  55.9374237   44.0668945   43.9257393
  55.1046371   43.4919853   43.8601341
  55.9753075   44.0458832   44.9398270
  56.3852882   44.0649986   46.5358963
  56.7640076   44.9761658   46.7898865
  57.2146454   43.5676613   46.9005241
  58.6790810   43.1102715   47.5177155
  58.9708595   42.1745148   47.2707176
  59.4876823   43.5622215   47.0765648
  58.5741196   42.7012901   50.2181664
  58.5632286   42.8297882   49.2105141
  57.6903000   43.1767273   50.3930893
  58.7859344   47.6674194   44.2448158
  57.9342194   47.2546082   43.8697701
  58.5887871   48.6415062   43.9236107
  59.2168846   47.8944588   46.7672462
  58.3446655   47.3075371   46.8720741
  59.1550751   47.8590088   45.7598038
  57.1219635   46.3362770   54.2912827
  56.3094711   46.8738937   53.9787407
  56.8792763   46.5247154   55.2881660
  56.6282616   46.7466240   56.8934975
  55.7740517   47.2526588   57.2026672
  56.3214226   45.8645363   57.1806679
  56.3527336   43.9902382   50.8058472
  55.5658379   43.4223824   50.6299095
  56.4406700   43.8303642   51.7743034
  56.8833160   43.7874603   53.4359741
  57.0623779   44.7107430   53.8278809
  57.6799583   43.3381157   53.8832245
  59.0047073   42.7060127   54.5708389
  59.2565918   41.8245430   54.1355438
  59.7664375   43.2336464   54.1448631
  58.6123428   42.5702209   57.1594162
  58.6516418   42.7076263   56.1485329
  57.7073059   43.0289192   57.2475433
  58.8641739   47.6295547   51.2866020
  58.1062012   47.2008667   50.7470627
  58.7137794   48.5463943   50.8682785
  59.0883446   48.0606384   53.8688736
  58.4260483   47.3134689   54.0535583
  59.0530167   47.8966637   52.8324547
  57.3520699   46.0424843   61.2605820
  56.5296860   46.5656357   60.9432602
  57.1186943   46.1259117   62.2129478
  56.9473724   46.5778465    2.7235911
  56.0257950   46.9797935    3.0527282
  56.6917229   45.6409607    3.0246799
  56.2260857   43.9015198   57.4700279
  55.3937836   43.3886948   57.3143387
  56.3285828   43.7021027   58.4674110
  57.0728836   43.6611900   60.0466003
  57.2458344   44.5317802   60.4697533
  57.9571457   43.2185783   60.3799820
  59.2224312   42.5025406   61.0237846
  59.5269394   41.6350288   60.6339798
  60.0278740   43.0388031   60.7429047
  58.4591599   42.3422203    2.5329671
  58.6451416   42.3799782    1.5317843
  58.8311920   41.4119034    2.6783209
  58.8384705   47.6059837   58.1372452
  57.9760132   47.2968483   57.6864243
  58.7095490   48.5795326   57.8294907
  59.4183922   47.7293472   60.7874069
  58.7186050   47.0805779   61.1082268
  59.1758308   47.6959534   59.8076401
  56.3773918   54.9030533    6.8636909
  55.5007668   55.2348404    6.5084844
  56.2674637   53.9428139    6.4576678
  56.5502548   54.2175369    9.3428812
  55.5677986   54.5662422    9.4435577
  56.5441780   54.5294876    8.3361359
  55.9398842   51.6379852    3.4693632
  55.1655350   51.1067734    3.1449809
  56.6275101   51.0091896    3.1257102
  56.0669708   52.4204903    5.9732790
  55.1654129   51.9621353    6.1477666
  56.0636177   52.1892433    4.9842329
  58.2168159   50.7537117    6.7738767
  57.5380859   51.4566650    6.5360723
  59.0051613   51.1636772    6.3002501
  58.0374069   49.9281120    9.3734941
  57.9873810   50.2023697    8.4094763
  57.2536964   50.5524597    9.6602831
  58.9480324   55.3587227    3.2250967
  58.9319077   55.3377609    4.2502909
  58.1272392   54.8031616    3.0560398
  58.8386612   55.4258118    5.9324918
  57.8810081   55.2159119    6.2706089
  58.8494949   56.3784599    6.3695588
  56.7046967   54.5032425   13.3982935
  55.9105835   54.9930687   13.0067978
  56.4417725   54.6078072   14.3566780
  56.1990547   54.5505409   15.9914255
  55.3038254   54.8984222   16.3530617
  56.0778999   53.6386757   16.3846397
  56.0398598   51.5870895    9.8215914
  56.4006081   52.5320282    9.6458788
  55.9445457   51.7718315   10.8368492
  56.2774467   52.0142784   12.3473310
  56.5106087   52.8776016   12.8613195
  57.0940361   51.5201721   12.7765541
  58.2233391   50.7681656   13.5050011
  58.4491501   49.7833633   13.2916861
  59.0833817   51.1550064   13.1064453
  57.9587440   50.3912468   16.1285057
  58.0231514   50.5994263   15.1423225
  57.2184029   51.0570717   16.3195858
  58.8846970   55.1975784   10.0947485
  58.0232010   54.8420067    9.7256994
  58.7759476   56.1486092    9.7694540
  58.9384995   55.6281853   12.7256918
  58.0758476   55.1646004   12.9639339
  58.8614807   55.4628181   11.7380981
  56.8266182   54.4842110   20.2394905
  55.9881401   55.0275688   20.0190487
  56.6179771   54.3997421   21.2538090
  56.3794327   54.0412483   22.7873802
  55.5664101   54.4551353   23.1873989
  56.1844711   53.0888672   23.0983963
  55.7890739   51.9818306   16.6917706
  55.0143585   51.3839760   16.4481621
  55.6243935   51.9253006   17.6866684
  56.0248604   52.1526794   19.3778305
  56.3716850   53.1153374   19.5396175
  56.8386841   51.6926308   19.7737675
  58.3191147   50.8439293   20.1739616
  58.6655998   49.9511414   19.8555565
  59.0553818   51.3850632   19.7898521
  57.8869438   50.0801544   22.7096634
  58.0497246   50.3591232   21.7644444
  57.1443405   50.7144814   22.9434433
  58.6712189   55.4044876   16.8879700
  57.7970810   55.2199860   16.4248810
  58.7622757   56.3524857   16.6344299
  58.9068184   55.8640747   19.4741611
  58.1081848   55.2368584   19.7355862
  58.8487663   55.6298485   18.4762688
  56.7089348   54.0420151   26.9882641
  55.9049339   54.6219406   26.8029575
  56.6772156   54.1781845   27.9948673
  56.4634933   54.1295090   29.6098461
  55.6675453   54.5536461   30.0749817
  56.2683258   53.1941948   29.9787560
  55.8314819   51.6640549   23.5012016
  54.9979095   51.1237755   23.4075851
  55.9271622   51.5014687   24.5371227
  56.2000542   51.4870415   26.1362038
  56.3279610   52.4083672   26.4437733
  57.0454369   51.0805016   26.4957733
  58.4200172   50.4687462   27.0994549
  58.9125938   49.5971298   26.7159672
  59.1518402   51.0748215   26.6861210
  58.3487816   50.0242844   29.6309319
  58.3280296   50.1566925   28.6270676
  57.4057274   50.4834824   29.7701664
  58.7322350   55.2165070   23.6841068
  57.8821678   54.8370361   23.2777882
  58.6094742   56.1603470   23.3418312
  58.7198524   55.7583771   26.3028164
  57.9799309   55.0385590   26.4451790
  58.7171555   55.6607742   25.3181667
  56.7192383   54.1434631   33.6958046
  55.8179626   54.6914139   33.6291389
  56.6981812   54.1858864   34.7191238
  56.6438866   54.1525154   36.3827019
  55.7514420   54.4608574   36.7628784
  56.4664001   53.1694336   36.5039673
  56.1823883   51.4863129   30.3080330
  55.2744560   51.0229607   30.1896515
  56.1954765   51.3745956   31.3297119
  56.2598534   51.5289574   33.0711250
  56.5183182   52.4562798   33.3636971
  57.0466995   51.0537491   33.5356636
  58.5060883   50.4260216   33.9558144
  58.7115517   49.5023308   33.5713539
  59.2558746   50.9069252   33.4792137
  58.3109436   49.9813461   36.5355072
  58.2804794   50.1839752   35.5238876
  57.4731369   50.5706253   36.7245216
  58.6521950   55.4613495   30.3721142
  57.7848854   55.0767136   29.9534264
  58.6084290   56.3741302   30.0510960
  58.6166039   55.8631172   33.0213699
  57.8999710   55.1542091   33.1463852
  58.7209282   55.6415062   32.0220604
  56.5646095   53.9911194   40.5470238
  55.9385414   54.7569962   40.3317032
  56.5192642   54.1577682   41.5513535
  56.2396622   54.2715683   43.0798111
  55.3436813   54.6536140   43.3667450
  56.1928558   53.4051895   43.5849838
  56.1901207   51.5677032   36.8528824
  55.2866249   51.0963211   36.7074928
  56.1170120   51.5173073   37.8632545
  56.2769432   51.5716248   39.5515175
  56.4241104   52.4858932   39.9296036
  57.1278763   51.1605453   39.9548492
  58.2609901   50.4334679   40.7341728
  58.6156502   49.5256729   40.4450912
  59.1155930   50.9010162   40.3555717
  58.2966156   50.2802429   43.4312325
  58.1990929   50.4298019   42.4533081
  57.5510025   50.8759689   43.7485352
  58.6534424   55.5944443   37.4258347
  57.9148636   55.0349960   36.9291153
  58.3988266   56.4454918   36.8533783
  58.6893158   55.7785072   40.1250839
  57.9162560   55.1335526   40.1425896
  58.7781334   55.8046341   39.1465950
  56.6993828   54.3645210   47.3439560
  55.9256973   54.9832230   47.2707787
  56.5578346   54.2145996   48.3257408
  56.5575600   54.0522919   50.0273361
  55.7312355   54.4124756   50.4296913
  56.4442444   53.0945396   50.3817749
  56.1162376   51.8038254   44.2529678
  55.3717232   51.1792183   44.0676384
  56.0421104   51.7817879   45.2542915
  56.2501411   51.6772308   46.8690491
  56.6081009   52.6002083   47.1061974
  57.1257324   51.1829300   47.1226120
  58.4654465   50.3473663   47.4682808
  58.7364235   49.3893852   47.1730118
  59.1838837   50.8433609   47.0045891
  58.4064674   50.1295776   50.1549797
  58.3398170   50.1676979   49.1472435
  57.4519958   50.4883690   50.2868996
  58.5491486   55.3066063   44.0329895
  57.7338638   55.0521240   43.5228806
  58.6047020   56.2606964   43.6863327
  59.0144386   55.4958878   46.8326378
  58.1244354   54.9575005   46.9723549
  58.8970490   55.4254990   45.8107567
  56.8920631   54.1769562   54.2780342
  55.9560509   54.5841980   54.0965767
  56.7824898   54.2118912   55.2621727
  56.6318245   54.3034821   57.0940704
  55.7024956   54.6209831   57.4068489
  56.5118523   53.3360634   57.3784332
  56.1946869   51.4562607   50.7008095
  55.3742714   50.8559723   50.5954781
  56.2072449   51.5074196   51.6989365
  56.3481140   51.5775490   53.3835068
  56.5276718   52.5439911   53.6858826
  57.1347046   51.1991539   53.9306335
  58.4562378   50.5969086   54.6046791
  58.7242508   49.6879654   54.2710838
  59.2365112   51.0655670   54.1152916
  58.3367653   50.0704498   57.2923546
  58.4395409   50.2786865   56.2791595
  57.5227318   50.6946640   57.3848763
  58.9218826   55.2491341   51.1015930
  58.1271935   54.9197197   50.5821495
  58.8283958   56.2202415   50.8014755
  59.1015587   55.4965477   53.6944008
  58.2280121   55.0622444   53.8976021
  59.1162758   55.2601318   52.7009125
  56.8919449   53.6865044   61.1664467
  56.1112595   54.2533226   60.8544235
  57.6140327   54.2801971   60.8553772
  56.6929245   54.0019493    2.5760164
  56.4968681   53.0711594    2.9275556
  56.7298279   53.6996536    1.6053218
  56.1711197   51.7340050   57.8401871
  55.2668762   51.2934532   57.6373405
  56.1932373   51.4089394   58.7770462
  56.3475037   51.1969337   60.4377823
  56.6108475   52.1377869   60.8056488
  57.2525673   50.7741547   60.7098160
  58.7051773   50.2597809   61.2798309
  59.0417976   49.2923050   61.0870361
  59.4495697   50.6855164   60.7696686
  58.1295738   50.3159065    2.6277518
  58.2385063   50.2111092    1.6079943
  58.5393677   49.4411011    2.8391495
  59.1481972   55.2605705   57.4583244
  58.2570877   54.8922997   57.1878548
  58.9864426   56.2293510   57.3211327
  58.8940697   55.2962837   60.1299133
  59.0518913   55.2973671   59.1330910
  59.7435532   54.8418961   60.3878136
  57.3265152   61.9493752    7.1058102
  56.3951836   62.3014641    6.7409582
  57.1668816   61.0103302    6.7208710
  57.1953888    0.2867854    9.6671610
  57.2803459    0.4166889    8.6628981
  58.0995026    0.6741985    9.9090061
  56.7663040   59.5154343    3.6141610
  55.9468155   59.0009689    3.2923107
  57.4467125   58.8689117    3.2909093
  56.7104836   59.6101646    6.2850704
  55.7734337   59.1826935    6.4805036
  56.5486565   59.6584473    5.2798357
  58.6893692   57.8771706    6.8395286
  57.9616508   58.5372238    6.5353909
  59.4714890   58.4413376    6.4773898
  58.8745193   57.7971725    9.5064535
  58.9563484   57.8441277    8.4893665
  59.7736931   58.2511635    9.7143860
  59.3742943    1.9101248    3.4101753
  59.1111984    1.9176421    4.4096069
  58.4916992    1.4870368    3.1429057
  59.2039528    2.1681514    6.0023422
  58.5692978    1.5322982    6.4832778
  60.0536804    1.6804762    6.2121115
  57.2374649   61.4182854   13.4278049
  56.3574333   61.7291298   13.1458254
  57.2072067   60.4621239   13.0714912
  57.3527718    0.2251388   16.1488266
  56.4331322    0.6382983   16.1691685
  57.3414230    0.1118308   15.1201096
  56.4449196   59.0210800   10.0763550
  56.7520828   59.9712334    9.9897165
  57.3700066   58.6178360    9.8977251
  57.0829887   58.8394279   12.6858625
  56.1583824   58.4941292   13.0958023
  56.7106438   58.7677383   11.7231121
  59.4611626   58.0991096   13.4770708
  59.3220406   57.1366882   13.1080046
  58.5115929   58.3708725   13.1907415
  59.0437775   57.8644409   16.0368690
  59.3221512   57.9678650   15.0622435
  59.8118973   58.4827232   16.3701401
  59.4116249    1.5254759   10.3148222
  59.3945694    2.5167274   10.0715837
  59.4050865    1.7059616   11.3278809
  59.1940460    2.1254914   13.0015373
  58.6275063    1.3501987   13.2879486
  60.1152039    1.6697196   13.0895224
  57.3303833   61.7243805   20.4100323
  56.5195236   62.1171494   19.9401836
  57.2341690   60.7863960   20.0121536
  57.1212387    0.2302188   23.0419159
  57.1532516    0.3149964   22.0221786
  57.9984856    0.6630294   23.2136250
  56.8514252   58.9935989   16.9218216
  57.1874733   59.9429893   16.6925049
  57.7142487   58.5279274   16.5368042
  56.9719048   59.2461891   19.4872742
  56.0625000   58.8774872   19.7458916
  56.8733482   59.0786362   18.4766159
  59.3467445   58.2704620   20.3180885
  59.1682930   57.3762169   19.8926277
  58.4754906   58.6584969   19.9145851
  58.7563820   57.8181114   22.9138699
  59.0835609   58.0807915   21.9503479
  59.5913963   58.1758347   23.3360558
  59.4689445    1.8374392   16.7448044
  58.6943016    1.2570003   16.5889473
  59.3666496    1.9189249   17.7256756
  59.2007141    2.1646554   19.3916721
  58.5471001    1.5501230   19.8548508
  60.0085831    1.7844459   19.8784256
  57.3175316   61.8036575   27.3337879
  56.4403915   62.1641464   26.9526348
  57.2209358   60.8949203   26.9715157
  57.1613503    0.5155984   29.9543209
  56.2328415    0.9830182   30.0054588
  57.2326202    0.6282942   28.9440308
  56.4063568   59.0078583   23.8310299
  56.6133270   59.9843369   23.6301632
  57.2063217   58.6322441   23.3748226
  57.0503464   59.2642517   26.4716339
  56.1794319   58.8098869   26.9008179
  56.7255325   59.0250702   25.5378094
  59.4060440   58.1429672   27.0599079
  59.0880585   57.1902466   26.8440380
  58.5551987   58.5847893   26.7555294
  58.8808746   57.9250946   29.6376591
  59.2177582   58.0839043   28.6878471
  59.6476746   58.4670334   30.0620499
  59.3117561    1.6317307   23.9134884
  59.4392166    2.5971127   23.6205311
  59.1592140    1.8631340   24.8936100
  59.0814857    2.3884072   26.5579796
  58.4572105    1.6595227   26.8921776
  59.9223251    1.8756231   26.7602806
  57.2576294   61.8661156   33.8054237
  56.3519669   62.1443901   33.3714218
  57.2094688   60.9209633   33.4630547
  57.2345543    0.4935460   36.5157280
  57.2463417    0.5838863   35.5219612
  57.9902763    1.0898074   36.7314262
  56.6132698   59.2188187   30.3747673
  56.9789772   60.1286469   30.2983418
  57.4350243   58.7211685   30.1174812
  56.8332710   59.3674545   33.0631447
  56.0071716   58.8883629   33.4126434
  56.5315552   59.2896500   32.0778732
  59.1106911   58.3335915   33.8097420
  58.8745613   57.3614769   33.5601387
  58.1892738   58.6687851   33.5537720
  58.6446457   58.0188370   36.4450645
  58.8533821   58.2055168   35.4892082
  59.4743614   58.3487091   36.8662910
  59.2350807    2.2995713   30.6412334
  58.3586922    1.7346119   30.5207386
  59.0853500    2.3753624   31.6446781
  59.0945930    2.5181470   33.3647118
  58.3962173    1.8120650   33.6571045
  59.8971367    1.9342208   33.5897522
  57.1525803   61.8050041   41.0003510
  56.2819214   62.1514854   40.5976677
  57.0059738   60.8666840   40.7271729
  57.4076233    0.5146654   43.5922318
  56.5238037    0.9909850   43.6865768
  57.3525810    0.4786323   42.5704613
  56.4821243   59.2208633   37.3736610
  56.6780739   60.1555252   37.0350571
  57.2268982   58.7543144   36.9114380
  56.9821358   59.2913742   40.0283241
  56.1371269   58.8803978   40.3647537
  56.8027687   59.1583214   39.0516090
  59.5194283   58.3854561   40.7377701
  59.1575851   57.4662819   40.5732613
  58.6794014   58.8801537   40.4176826
  58.8932610   58.0111923   43.4512482
  59.2055855   58.1220703   42.4982567
  59.7349472   58.3085136   43.9035034
  59.3546944    1.9168770   37.5707016
  59.5876122    2.9370737   37.5093765
  59.3008270    1.9544082   38.5733147
  59.3443756    2.2378473   40.3693924
  58.7202225    1.6515131   40.8890457
  60.1951065    1.7063732   40.5437622
  57.7865067   61.6878586   47.7071609
  56.8995018   61.9836082   47.2593002
  57.6380310   60.7069740   47.4231911
  57.2578049    0.3858423   50.3675079
  57.6180077    0.3610342   49.4148483
  58.1121445    0.8170761   50.7620506
  56.7153969   59.2776070   44.3795509
  56.9743118   60.1966782   44.0906487
  57.5471878   58.8032646   44.0196648
  57.1018944   59.0901985   47.0063210
  56.1706161   58.7589226   47.3374443
  56.8182449   59.1331024   46.0426826
  59.3613281   58.0342903   47.6968918
  59.1116638   57.1098595   47.3557472
  58.4534798   58.4523849   47.4720497
  58.9019432   57.8284607   50.2919273
  59.2003326   57.8901176   49.3330650
  59.7088394   58.2839203   50.6717911
  59.6204948    1.9182507   44.2853088
  58.8416595    1.2925180   44.1394234
  59.4697342    2.0637140   45.2517128
  59.3419342    2.4647946   46.9442291
  58.6930389    1.7954879   47.2753944
  60.1519814    1.8822749   47.1243362
  57.4220428   61.4840546   54.5157776
  56.5872955   61.8188324   54.0311394
  57.2682610   60.5106087   54.1845398
  57.3468513    0.7052295   57.1834450
  56.4322319    1.1485176   57.1871376
  57.4351845    0.7308934   56.1652794
  56.5455399   59.1022339   51.0397263
  56.8288460   60.1053391   50.8347969
  57.4107285   58.6982841   50.7031250
  57.0479431   58.9933052   53.7546768
  56.1685219   58.6002159   54.1177292
  56.8090096   58.9276810   52.7944756
  59.4266815   58.1213875   54.3223381
  59.2033730   57.1656227   54.1429825
  58.4891930   58.4567795   54.1401939
  59.1412811   57.9631615   57.0015373
  59.4401627   58.1161079   56.0370598
  59.9046211   58.4756050   57.4149246
  59.3249130    1.6774999   51.2641449
  59.4463272    2.7063098   51.1199875
  59.2785530    1.8181877   52.2885742
  59.3221397    2.2133410   53.9386215
  58.6369934    1.5661262   54.2068901
  60.1179771    1.6778549   54.1854858
  57.2460670    0.6950322   61.1462708
  57.2687454    0.6104988   62.1593781
  58.0598412    1.2835946   61.0706100
  57.1353798   62.0093002    2.5941916
  56.2934341   62.5156059    2.7694330
  56.8555641   61.1470871    2.9650242
  56.8909492   59.3579559   57.8070221
  57.2389793   60.2772598   57.4645042
  57.6215591   58.7980347   57.4532776
  56.6504974   59.3652344   60.4879875
  56.9731712   60.3198586   60.6313248
  56.6732292   59.4347878   59.4876976
  58.9802132   57.9872475   61.1072731
  58.0938034   58.3137627   60.7928123
  58.8179703   57.0286674   60.8112488
  58.8676987   58.0309258    2.6107175
  58.8445358   56.9936295    2.7491934
  58.8755760   57.9905968    1.6078187
  59.7658768    1.7630548   58.0653877
  58.9340286    1.2266353   57.9055748
  59.6519127    1.8636431   59.0686646
  59.4869461    2.0485978   60.6855278
  59.5954285    2.9136500   61.1039734
  60.3046455    1.5637076   60.9628029
  61.5869026    8.1638126    7.0675912
  60.8311119    8.8562469    6.9031868
  61.6622353    8.3696012    8.0743408
  61.7369347    8.5215836    9.7535782
  60.8987083    8.9857721   10.1110678
  61.5934677    7.6517129   10.2464046
  61.8624763    5.6648655    3.6246135
  61.0036240    5.1622348    3.4284506
  61.7797203    5.5420580    4.6291046
  61.6538849    5.6212058    6.4330869
  60.7449760    5.3051209    6.7870922
  61.5538445    6.5878682    6.7210813
   2.5620151    4.2612815    6.9861512
   1.7077470    4.8449016    6.8109698
   2.4197178    4.3263612    7.9924898
   2.4248357    4.4985456    9.5852289
   3.2429011    5.0908866    9.7562838
   1.7325106    5.1282659    9.9666634
   2.9414263    9.2090521    3.3791890
   2.8907337    9.2450457    4.3860912
   2.0358908    8.7578058    3.2748125
   2.6047115    9.2621546    6.0434237
   1.8449188    8.6863604    6.3210287
   3.3562114    8.5703201    6.2951779
  61.4239883    8.1714420   14.0167751
  60.5945244    8.7049389   13.9028540
  61.4826508    8.2407427   15.0238228
  61.5483513    8.4776659   16.6228123
  60.7739449    8.8672285   17.1432972
  61.4022713    7.5243278   16.8999367
  61.6787224    5.8421063   10.6685028
  60.9245224    5.2081203   10.5045242
  61.6757126    5.7530298   11.6788206
  61.7551918    5.6770167   13.2965946
  60.8276405    5.3865108   13.5353651
  61.5795479    6.6746268   13.5253077
   2.6306553    4.2600603   13.7578516
   1.7766594    4.8067346   13.5545120
   2.5323749    4.3227038   14.7420082
   2.1409247    4.5516381   16.3912754
   2.9572735    5.1126733   16.6006680
   1.5001233    5.1774616   16.8717308
   2.7236743    9.6547012   10.1451387
   1.8890387    9.1104488    9.9703054
   2.6069741    9.5393667   11.1878958
   2.3080051    9.2500525   12.7305880
   1.5391791    8.7902470   13.2632160
   2.0452905   10.1887293   13.0846634
  61.4816399    8.2359066   21.3285198
  60.8230095    8.9633389   21.0818462
  61.5356407    8.5291357   22.3244743
  61.5117188    8.5676823   23.9634991
  60.6815605    8.8205109   24.4184303
  61.4429932    7.5920396   24.0009480
  61.3849945    5.9908643   17.4986324
  60.6287422    5.4464669   17.1684647
  61.3146744    5.8735590   18.4803791
  61.3629608    5.9383750   20.1646557
  60.4629669    5.5871224   20.5025043
  61.3372574    6.7921762   20.6973381
   2.2462988    4.3761334   20.2462196
   1.4122125    4.8688622   20.0443935
   2.0927498    4.3651896   21.2714138
   2.4467351    4.1560960   22.9327374
   3.2938395    4.7297425   23.0395699
   1.8887185    4.8650203   23.4508953
   2.6358624    9.8452740   17.2426910
   1.8007551    9.3472261   17.0597668
   2.6989408    9.6910934   18.2237225
   2.3408089    9.1707373   19.8498917
   1.5198752    8.8158360   20.3197746
   2.1641846   10.1400347   20.0505371
  61.4399300    8.4541521   27.6445026
  60.6861305    9.1639566   27.6450481
  61.5629387    8.4600515   28.6466904
  61.5810966    8.6785975   30.2961082
  60.8297615    9.1922913   30.7423439
  61.4460945    7.8216882   30.8612213
  61.8481255    5.7418594   24.1158733
  61.0186958    5.2056751   23.8978024
  61.7310295    5.6786251   25.0936031
  61.7150116    5.9698615   26.7495766
  60.8582077    5.6393642   27.1760406
  61.6132240    6.9336491   27.0603313
   2.5544066    4.3167334   27.4766903
   1.8109978    4.9477186   27.1609097
   2.3364692    4.4914927   28.4642220
   2.3458252    4.5610857   30.3349171
   3.1846716    5.0674844   30.5832958
   1.7094563    5.2399898   30.8033543
   2.6840229    9.7479506   23.9253788
   1.7279738    9.3589087   23.9576969
   2.7955041    9.6945009   24.9149189
   2.4461584    9.6379528   26.5966167
   1.5899431    9.3081245   26.9628639
   2.4564362   10.4896603   27.0800476
  61.5425148    8.4709797   34.5807915
  60.7624626    9.1209497   34.5100441
  61.6173058    8.5639896   35.5862694
  61.6508675    8.7022257   37.1700134
  60.8275528    9.0819263   37.6147995
  61.5321732    7.7554379   37.5361748
  61.7370529    6.1706882   31.3738880
  60.8828735    5.7283278   31.0515060
  61.6275673    5.9720855   32.3413429
  61.4503021    5.8679972   33.9527969
  60.5719414    5.6512971   34.4181595
  61.5153046    6.8509393   34.2553329
   2.6761622    4.5988197   34.2885895
   1.8286499    5.0374217   34.0252419
   2.4886236    4.4978085   35.2492676
   2.3832324    4.5504460   36.9926071
   3.2272520    5.0943785   37.1016502
   1.7868707    5.2425385   37.3803024
   2.7876039    9.4970369   30.6694622
   1.8292756    9.0850277   30.5980206
   2.8201895    9.2475271   31.6855659
   2.5221539    9.1112032   33.2065811
   1.6421822    8.8443136   33.6687469
   2.4980235   10.1047821   33.5393791
  61.7938080    8.3838835   41.5008698
  61.0033569    8.9752197   41.1930580
  61.6118355    8.5061121   42.4817123
  61.3725433    8.5810738   44.0591354
  60.6868401    9.0452576   44.5969887
  61.3265152    7.6993370   44.4782181
  61.7613525    6.1856713   38.1064453
  61.0044899    5.5262532   37.9740906
  61.9257584    5.9886384   39.0923080
  61.9869881    5.9034762   40.7644615
  61.0128250    5.6458998   41.0588913
  61.8975220    6.8642626   41.1072121
   2.5979614    4.0539899   40.8930779
   1.8265537    4.7635441   40.7980881
   2.5083380    4.0078406   41.8864975
   2.3800168    4.5040579   43.5019035
   3.2131410    5.0684032   43.6436844
   1.7722328    5.2090569   43.9848785
   2.6857898    9.8791790   37.6104393
   1.7965046    9.4460430   37.4988365
   2.6952991    9.6646233   38.6451492
   2.6546321    9.3364553   40.2128220
   1.8378848    9.0096292   40.7902069
   2.5026269   10.2951307   40.5207214
  61.9953575    8.4775620   48.4218369
  61.2141304    9.1050577   48.2354431
  61.8154602    8.4283657   49.4249191
  61.6137352    8.3904018   51.0291367
  60.8405075    8.8063240   51.4562798
  61.6167107    7.4739423   51.4377937
  61.8653412    6.0657287   44.8638878
  61.0818481    5.4272213   44.5850143
  61.7321205    5.9461837   45.8195953
  61.7406311    6.0204763   47.5385323
  60.8733826    5.7689614   47.9690094
  61.8014565    6.9714289   47.9234428
   2.5705981    4.2141762   47.8415604
   1.8368659    4.9483957   47.7920074
   2.5353279    4.1332469   48.8297157
   2.4987562    4.2330666   50.5472298
   3.2429755    4.8528671   50.7346916
   1.7672850    4.7970800   50.9236794
   2.7240889    9.2873230   44.2596169
   1.7537997    9.0001154   44.2605629
   2.7330575    9.3176374   45.2978935
   2.6778083    9.3509655   46.9486427
   1.8574635    8.9694290   47.4738922
   2.6059852   10.2723284   47.4149399
  61.7029572    8.3217125   54.8967247
  60.9798203    9.0237675   54.6665649
  61.5629005    8.5162401   55.9141235
  61.3135338    8.6447268   57.4326515
  60.6438370    9.0402613   58.0450935
  61.3341217    7.6957107   57.8411827
  61.8264961    5.7207475   51.7522087
  61.0048637    5.2164631   51.5612984
  61.7667580    5.6328268   52.7383347
  61.6718979    5.6447787   54.2990417
  60.7743034    5.3576531   54.6518898
  61.6258240    6.6034613   54.6735306
   2.7175398    4.4099903   54.8036880
   1.8030595    4.8683772   54.6321373
   2.6118040    4.4078240   55.7949791
   2.3232245    4.4331884   57.3846703
   3.1554084    4.9748683   57.5014496
   1.6619663    5.1416426   57.6394043
   2.8659468    9.2240992   51.1672478
   1.9293923    8.8738718   51.1638603
   2.9203038    9.1876936   52.2125359
   2.8122561    9.0697842   53.7760162
   1.8941417    8.7846746   54.1323433
   2.7205181   10.0283947   54.0993652
  61.7035561    8.2482567    0.4209793
  61.0849838    9.0253010    0.3514127
  61.8011780    8.2488575    1.3979222
  61.7105827    8.2974396    3.0894785
  61.6591949    7.3428793    3.3963020
  60.7684593    8.5392303    3.3355849
  61.5311813    6.1570463   58.1299667
  60.7431221    5.4970803   58.0897255
  61.6887169    5.9766445   59.1283951
  61.8654633    5.7362413   60.6689491
  61.0301094    5.3557944   61.1221352
  61.7058258    6.6886449   61.0326576
   3.0078943    4.6975608   60.9816818
   2.0571861    4.9702368   60.6910400
   2.8735158    3.7111428   60.6853981
   2.7751625    4.3399959    2.3962095
   1.9928461    4.9475522    2.5852032
   2.7558897    4.4826498    1.3859341
   2.7451353    9.2113161   57.9735336
   1.7603452    8.9849596   57.8440361
   2.6972332    9.0711555   58.9702911
   2.7517419    9.0835161   60.6322289
   1.8497322    8.8204269   61.0566368
   2.5412877   10.1013374   60.8376045
  61.2213058   16.4548225    6.5453067
  60.4224358   17.0966225    6.2837958
  60.8299942   15.7137928    5.9384933
  61.4660454   15.8557577    9.2359886
  60.6217918   16.3789291    9.4683657
  61.4420853   16.0388451    8.2256393
  61.5456619   12.0946064    4.6072526
  60.8063469   11.7935486    4.0092182
  62.2946701   11.8623466    3.8954864
  60.4064255   14.3766651    5.1602473
  59.6200142   13.9159441    5.6284347
  60.8971901   13.5004520    4.9929104
   1.9269239   11.7857294    6.7653251
   1.2268418   11.9004669    6.0546980
   2.1106646   10.8059664    6.5040298
   2.0104318   12.0912523    9.4178267
   2.2594686   11.1415558    9.6464291
   1.8966777   11.9241066    8.4216366
   2.1736951   17.3224850    3.6464560
   2.8594952   16.7151070    3.1785965
   1.3859915   16.7378902    3.2850671
   2.3921614   17.6774235    6.3279638
   1.4796661   17.2479763    6.4847536
   2.2920156   17.5761032    5.2874899
  61.3796120   15.8496799   13.4354734
  60.6396637   16.5145378   13.2405643
  61.3591881   16.0533638   14.4392729
  61.3737450   16.0986385   16.1001396
  60.5585861   16.5674171   16.5287399
  61.1570740   15.1771927   16.4648666
  61.0457039   13.4045372   10.2782526
  61.2570038   14.2787046    9.8659353
  61.9376221   12.9594269    9.9847240
  60.8021049   13.1380987   12.9232893
  60.9050484   14.1270533   12.9980879
  60.9196968   13.0799103   11.9072456
   1.7609797   11.5997410   13.7902241
   2.4374526   12.3129988   13.4126692
   0.9332479   12.0649605   13.5684166
   2.0212841   12.3107452   16.2668419
   2.3941379   11.3992605   16.5770264
   1.7632562   11.9924049   15.3581200
   2.1048281   17.1952114   10.5540791
   1.2675821   16.7974987   10.1602001
   1.9077326   18.1644001   10.1918497
   2.3584380   17.6307640   13.1433287
   1.5957198   16.9881134   13.3080730
   2.3153765   17.5258331   12.0968218
  61.6674156   16.0902214   20.3071938
  60.8580208   16.6722717   20.1298084
  61.5427704   16.1145039   21.3281174
  61.3138390   15.9953413   22.9120369
  60.4963036   16.3583202   23.3706760
  61.2746735   15.0780115   23.2857018
  61.1165047   13.7235079   17.2062912
  60.4937706   13.0688791   16.8002453
  61.9667702   13.2830505   16.8854351
   0.1863230   13.5418510   19.7820778
   0.2695856   14.5262976   20.0239735
   0.0461335   13.7130098   18.8041878
   1.9944317   11.7531919   20.2944012
   2.7615108   12.4009180   19.9999104
   1.2721417   12.3869534   20.1015625
   2.0244501   12.1632605   22.9788151
   2.3216136   11.2393560   23.3305511
   2.0170026   11.8637333   22.0201378
   2.3145690   17.3920574   17.0468750
   1.5034237   16.9220448   16.7130070
   1.9591312   18.3307152   16.7523804
   2.5833645   17.4016895   19.7556705
   1.8185606   16.7752857   19.9407253
   2.4509430   17.4336510   18.7636776
  61.6228142   16.2589111   27.1213837
  60.8427811   16.8892307   26.9145088
  61.4158974   16.2076912   28.1259174
  61.1918602   16.1263866   29.7255630
  60.3425026   16.5186424   30.1544361
  61.0843010   15.2239752   30.1419334
  61.1735191   13.5268621   24.0692425
  60.4092064   12.9245062   23.8372288
  61.9193153   12.9523544   23.6855049
   0.4131983   13.6132774   26.6276913
   0.5514404   14.6000061   26.7439098
   0.2753629   13.6693888   25.6235580
   2.3918092   12.0693645   27.6608391
   3.0729249   12.6732883   27.1500435
   1.6008649   12.6520271   27.3404388
   1.8836364   11.9390860   30.3040485
   2.2568412   10.9867039   30.4137077
   2.0603752   11.9297924   29.2492466
   2.1574936   17.2010727   23.7930794
   1.3268963   16.6776333   23.4302235
   1.9201263   18.0621872   23.3319664
   2.6155725   17.4927158   26.4070625
   1.7392131   17.0651798   26.7149982
   2.4464459   17.2632065   25.4162292
  61.6723099   16.1602364   33.7606964
  60.8568306   16.7959938   33.5943565
  61.4694138   16.1618385   34.7447586
  61.2212830   16.2424908   36.4025192
  60.4841270   16.6501217   36.9538116
  61.1064720   15.3156233   36.7428627
  61.0681915   13.6418438   30.6560726
  60.2725639   12.9656334   30.4997387
  61.7669296   12.9800863   30.3032761
   0.6457176   13.5819893   33.2433777
   0.7002144   14.6089439   33.4682198
   0.3521118   13.7384901   32.3038139
   2.3844190   11.6570740   34.0157242
   3.1679907   12.2829151   33.7479630
   1.6838449   12.3832979   33.6740685
   1.9349904   12.2335682   36.6093712
   2.2828898   11.4064608   37.0890465
   2.1587338   11.8774586   35.6807404
   2.2253881   17.1544361   30.6837730
   1.3621062   16.7497845   30.2270718
   2.0858889   18.1016884   30.3446159
   2.6079154   17.4392815   33.2708054
   1.7699513   16.9183388   33.5214882
   2.3895893   17.4025784   32.2585564
  61.9715996   16.1916313   40.7262726
  61.0774956   16.6928272   40.7309685
  61.9191399   16.0779724   41.7313728
  61.6124763   15.8667994   43.3145599
  60.8047371   16.2420845   43.8043594
  61.5789299   14.9673100   43.8251610
  61.1536217   13.7344103   37.5331230
  60.4280205   13.0387268   37.4163437
  61.9053764   13.1510658   37.2012558
   0.3266229   13.5621738   40.1197205
   0.5287216   14.5290890   40.2979393
   0.1463471   13.6883011   39.1155281
   2.4075379   11.9092846   40.9871407
   3.2175431   12.4672766   40.7150269
   1.7246048   12.5767965   40.6923065
   2.2564094   11.8776941   43.6814766
   2.5442889   10.9010458   43.7830582
   2.3190522   11.8373957   42.6642380
   2.2655048   17.3914471   37.2269707
   1.4447584   16.9273148   36.8731804
   2.0880852   18.2736320   36.7748260
   2.7167900   17.6850700   39.9001846
   2.0087552   16.9459572   40.1025772
   2.5686352   17.6504307   38.8711128
   0.9114851   16.1033001   47.8401451
   0.1671513   16.7326069   47.5310860
   0.5330825   16.0597687   48.7990303
  61.3457222   15.9256010   50.4150696
  60.5352707   16.3349953   50.8829117
  61.1403694   14.9808407   50.6723137
  61.4930916   13.5555592   44.4414253
  60.6655388   13.1025152   44.0865707
  62.1568527   12.8567648   44.1163139
   0.6502990   13.5365982   47.1476402
   0.8055595   14.5433006   47.3690567
   0.5146655   13.7137318   46.1735916
   2.5174668   11.8266182   47.8045502
   3.2216763   12.5634480   47.5427246
   1.7481366   12.4481382   47.6322250
   2.1857641   11.8395681   50.4286003
   2.4338975   10.8923502   50.5807495
   2.2084639   11.8119802   49.4056931
   2.4991350   17.1628361   44.1746521
   1.6496181   16.6834755   43.9206581
   2.2230091   18.0473175   43.8252563
   2.8926158   17.5315456   46.8211823
   2.1715117   16.8600655   47.1394157
   2.7325468   17.3012371   45.8332024
  62.0497856   16.1626148   54.4045143
  61.1014938   16.5817623   54.2022057
  61.7940254   15.9980879   55.3650322
  61.4740982   15.8874397   56.8752975
  60.6692314   16.2275543   57.3079491
  61.4632912   14.9610262   57.2983246
  61.1043854   13.3162098   51.3210182
  60.3746948   12.6662874   51.0918770
  61.8290558   12.7274361   50.9505806
   0.5303832   13.4705000   53.8808098
   0.7167227   14.4423485   54.0168839
   0.3168053   13.5717716   52.8725624
   2.5569019   11.7099066   54.4276085
   3.3165879   12.3067303   54.0260468
   1.8344598   12.3890104   54.2506447
   2.2430823   11.7234468   57.0991631
   2.5305955   10.7864971   57.3355675
   2.4829271   11.6678171   56.1035156
   2.3579845   17.2220230   51.1154709
   1.4190820   16.8319016   50.9419670
   2.1122708   18.1028118   50.6451836
   2.9732177   17.4709148   53.6924210
   2.0781507   17.0537491   53.9060898
   2.8145766   17.3923893   52.6866837
  61.9874573   16.0765285    0.2438504
  61.0706558   16.5902882    0.0774813
  61.7739372   15.8875351    1.2129754
  61.3222389   15.9189482    2.8246987
  60.4881134   16.5414505    2.8998694
  60.9347458   15.1861668    3.3524146
  61.4876709   13.4960842   57.8794670
  60.7097397   12.8614140   57.7082405
  62.1840630   12.7818823   57.6030464
   0.3822328   13.4355879   60.5739746
   0.6246288   14.4054794   60.7382202
   0.2859869   13.5541229   59.5794182
   2.2507472   11.6485386   61.3051071
   2.9705534   12.3197031   61.0345879
   1.4875809   12.1768236   60.8946838
   2.1991544   11.6875391    2.8288343
   2.5046186   10.7442894    2.9304676
   2.2096448   11.7195253    1.8735163
   2.2822042   17.1631432   57.9869118
   1.4273072   16.7686882   57.5191994
   2.0600471   18.0957737   57.6378021
   2.6940756   17.6383629   60.5499382
   1.9090302   17.0731335   60.8530350
   2.5092230   17.5875568   59.5640106
  61.3336143   23.7145252    6.5260944
  60.4340019   24.1210346    6.4580431
  61.4107857   23.7519245    7.5341883
  61.2852859   23.7119408    9.1227665
  60.5564766   24.1040974    9.7045689
  61.0916023   22.7573090    9.4656525
  60.9679871   20.9047184    3.5369568
  60.7875977   20.8811512    4.5535607
  60.0390778   20.5569458    3.2711384
  60.7084694   21.2463036    6.1651816
  61.0618591   22.2349281    6.2411127
  61.5314674   20.8476944    6.5446358
   1.9423168   20.1638050    7.0906935
   2.1517284   19.1834316    6.7831812
   1.8667407   19.9567795    8.0694809
   1.7792565   19.7235699    9.7062254
   2.5488882   20.3977451    9.8947592
   1.0481602   20.3824081    9.9810085
   1.9269111   25.0648632    3.2282221
   2.7698004   24.5416012    2.9121323
   1.2908025   24.3469772    2.8675699
   2.0732260   25.4137459    5.8566041
   1.2981533   24.7803898    6.0186548
   2.0074487   25.2621536    4.8341403
  61.6540146   23.7116089   13.5301838
  60.9354324   24.4079514   13.3391685
  61.3897705   23.7114391   14.5406971
  60.9541664   23.6930447   15.9929094
  60.1368675   24.1038475   16.3529415
  60.8138542   22.7797337   16.4178600
  60.7581329   21.2089844   10.1824818
  59.8487244   20.6811543   10.1465530
  60.7638245   21.1792164   11.1894217
  60.8735046   21.2200699   12.8709974
  61.1837807   22.1925163   12.9846163
  61.7786064   20.8491955   13.1901484
   1.9277405   20.2603283   13.7482615
   2.0068259   19.2418385   13.5241995
   1.7461079   20.0835114   14.7520504
   1.4848160   19.7533073   16.2332745
   2.1878881   20.3998795   16.4995422
   0.7210377   20.3041706   16.5644321
   2.1630754   24.9378815   10.1250830
   1.2843943   24.5945263    9.7042971
   2.0470858   25.8866177    9.8047056
   2.4414270   25.3839130   12.7893095
   1.6418067   24.8023682   12.9727440
   2.4930260   25.2158298   11.8138580
  61.5577469   23.8677044   19.9546280
  60.7081566   24.4818268   19.8329544
  61.3922958   23.8963299   21.0182438
  60.9864502   23.8902473   22.5285149
  60.1216049   24.2307587   22.9721680
  60.8802948   22.9599419   22.9339638
  60.7055321   21.3097878   17.0877876
  59.9197807   20.6839752   16.9645996
  60.7788200   21.1508980   18.1023636
   0.0102425   21.1671391   19.6711464
   0.2816048   22.1670799   19.7772007
   0.9205971   20.8393669   19.9961586
   2.3371992   20.0688820   20.2831402
   2.3787389   19.0538864   20.0563946
   2.1151154   19.9434433   21.2634716
   1.7711887   19.7163582   22.9266510
   2.4928906   20.3845730   23.2759724
   1.0190409   20.3836594   23.2764606
   1.9827957   25.0664940   16.7790089
   1.0339544   24.7033634   16.6447735
   1.8436309   25.9348564   16.2656250
   2.3538444   25.3303432   19.4222279
   1.5493000   24.6914387   19.6438904
   2.2135715   25.2591839   18.4111347
  61.6434975   23.8748455   27.0802650
  60.7819328   24.4397316   26.9488697
  61.4686394   23.7840500   28.0960560
  61.2239075   23.7025566   29.6152763
  60.4612160   24.1137238   30.1921940
  61.0775414   22.7757339   29.9818878
  60.8137131   21.5008526   23.5780029
  60.0995941   20.7415810   23.4617958
  60.8377571   21.4075375   24.5852661
   0.0087554   21.2861671   26.2688713
   0.1891871   22.2333832   26.5780334
   0.8442396   20.8826828   26.6581440
   2.2640643   20.0943527   26.9955444
   2.4466684   19.1308956   26.7142067
   2.1431758   19.8913422   27.9744358
   1.9163762   19.8757992   29.7764225
   2.5709391   20.5419426   30.0981178
   1.0999739   20.4098358   30.0169735
   1.8886542   25.0851116   23.6295586
   1.1066942   24.6337185   23.2025375
   1.6665511   26.0161438   23.2169514
   2.5489297   25.2625923   26.3118973
   1.7406886   24.6958389   26.5780125
   2.2793217   25.2098866   25.3379974
  61.7826691   23.5910282   33.8264160
  60.9507980   24.1347179   33.7035522
  61.7524147   23.6914692   34.8602982
  61.2951355   23.9153271   36.4027748
  60.4615211   24.3424606   36.8925743
  61.1158752   23.0010490   36.7958755
  60.9584846   21.1285191   30.4427948
  60.0932617   20.6565571   30.1669598
  60.8342514   20.9567318   31.4243507
  61.0767250   21.0202103   33.1118698
  61.3094368   21.9681301   33.3965721
  61.9813538   20.6329231   33.2804680
   2.2586460   20.0730839   33.6549950
   2.3922758   19.0963402   33.5755157
   1.9802486   20.0480556   34.6302795
   1.6976616   19.8939037   36.2537880
   2.4470117   20.4340439   36.7091980
   0.9622691   20.5219612   36.5897102
   2.1037698   25.0295296   30.5300350
   1.2469770   24.5733643   30.1822166
   1.8751224   25.9303665   30.0525455
   2.6448417   25.1092758   33.2106895
   1.8388064   24.4874439   33.4156113
   2.5405545   25.0460567   32.2471504
  62.0980301   24.0011463   40.7821159
  61.1403427   24.4447975   40.5979462
  61.8102608   23.9243622   41.7925377
  61.1484718   23.7427807   43.2023392
  60.3196754   24.0601864   43.6187096
  61.0467377   22.7752724   43.4302254
  60.7755928   21.4916782   37.4340324
  59.9729958   20.8559628   37.4006157
  60.8692360   21.4547672   38.4532471
   0.1121431   21.4482250   40.0118217
   0.4714902   22.3666115   40.2872162
   0.9890561   20.9673004   40.2409439
   2.3146706   20.1945152   40.7919235
   2.5567610   19.2497120   40.5066261
   2.1443861   19.9216080   41.7575760
   1.8679885   19.5274811   43.3405609
   2.5814834   20.1231842   43.7363663
   1.1117253   20.1288948   43.5659142
   2.0985851   25.1730423   37.4694023
   1.2499793   24.7411079   37.0823898
   1.9005811   26.0739288   37.0585976
   2.9285159   25.2892857   39.9265938
   2.1075091   24.7073669   40.2318954
   2.6150575   25.2975903   38.9611778
  61.5156403   23.4410896   47.6211815
  60.7744865   24.1406097   47.3896751
  61.3806305   23.5940571   48.6268044
  61.2801933   23.8224144   50.2373352
  60.3825722   24.0884991   50.6674538
  61.1683502   22.8331051   50.5259705
  60.9407921   21.1649914   43.9265137
  60.0549431   20.6791019   43.9125710
  61.0225601   21.0907440   44.9636002
   0.1095553   21.0146885   46.5225830
   0.3139159   21.9479637   46.9152489
   0.9449192   20.5721664   46.8659248
   2.3002186   20.0908718   47.7032356
   2.4600756   19.1438122   47.4138870
   2.0863531   19.8820629   48.6551323
   1.7943420   19.6490974   50.3109703
   2.5623903   20.2670288   50.5639458
   1.0546314   20.2889347   50.5325966
   1.9973123   24.9739113   44.2952805
   1.1935101   24.5297623   43.7638779
   1.8559797   25.8721924   43.8447800
   2.1584182   25.2162552   47.0363121
   1.4284413   24.4461117   47.1095619
   2.0997934   25.1480808   45.9766884
  61.8843765   23.5048046   54.7150383
  61.0865669   24.1186008   54.5768242
  61.7929077   23.6013145   55.7529144
  61.2848740   23.6846561   57.3328094
  60.3761253   23.9977875   57.5999260
  61.2015839   22.7258282   57.5644646
  60.9460030   21.3913765   51.1222343
  60.2285271   20.7024689   50.9277496
  60.9727516   21.2729816   52.1139069
   0.0790908   21.1733494   53.7791367
   0.2792165   22.1309834   54.1747589
   1.0511187   20.8774891   53.9199638
   2.5514662   20.0553112   54.3776894
   2.8708820   19.0940895   54.1717415
   2.1997697   19.8198280   55.2756119
   1.7351816   19.5205555   56.9521904
   2.5259869   20.1432915   57.1593742
   1.0485057   20.1078815   57.3203773
   2.2130415   25.0214214   51.0131149
   1.3494674   24.5476246   50.6499710
   1.9569374   25.9077320   50.6536751
   2.5716615   24.9183502   53.5577393
   1.8029540   24.3502750   53.7747154
   2.4558382   24.8766327   52.5427742
  61.9384804   23.6068802   61.1465378
  61.0813065   24.1145973   60.9228745
  61.6161232   23.5204887   62.1312828
  61.3659058   23.2968693    2.3865449
  60.6001053   23.7585125    2.8658721
  61.1873589   22.4034252    2.9087577
  60.9076309   21.0789413   57.8619766
  60.1541634   20.3979053   57.7972870
  60.9717407   21.0757008   58.8638115
   0.2148120   21.1500893   60.3610687
   0.5183674   22.1099243   60.6020546
   1.1308720   20.7183075   60.5737457
   2.5389762   20.2118607   61.1114616
   2.7135062   19.2249413   60.9299126
   2.3970723   20.1069164   62.1205025
   2.0017514   19.7665710    2.4592006
   1.9795341   18.8475723    2.8347573
   1.1782603   20.1143665    2.9229777
   2.3450005   24.7006340   58.0895348
   1.4434568   24.2821369   57.8620987
   2.1365287   25.6051807   57.6874809
   2.6043899   25.3310204   60.6110153
   1.9044712   24.6379929   60.8803711
   2.5335636   25.0665283   59.6032753
  61.1230049   31.4458160    6.2772141
  60.3130302   32.0612030    6.2378383
  61.1986809   31.4761314    7.2947822
  60.9949760   31.2682304    8.8831882
  60.2294807   31.5980320    9.5233908
  61.0277214   30.3178902    9.2987680
  60.6340179   28.7214165    3.2309880
  60.5224762   28.7035828    4.2252760
  59.7682343   28.2289715    3.0309873
  60.4650726   28.9250202    5.9765286
  60.6586037   29.9354782    6.0348229
  61.3855934   28.6608276    6.3027835
   1.6531193   28.0009403    6.4983211
   1.8314945   27.0642986    6.1143432
   1.6614774   27.6924133    7.4649239
   1.6871798   27.5079727    9.1373253
   2.3898034   28.1383381    9.4360962
   0.9009881   28.0720654    9.4459305
   1.8595872   32.6818810    3.2566357
   2.6634851   32.1433296    2.9255049
   1.1684194   32.0445557    2.8690989
   1.9490453   32.9234390    5.8985491
   1.1791912   32.2415848    6.0426898
   1.8777874   32.8294373    4.8745599
  61.3418961   31.5812397   13.5153885
  60.5338783   32.2165298   13.3414440
  61.2839661   31.6452599   14.5158815
  60.9837112   31.5902805   16.1865005
  60.1048431   31.9041996   16.5874672
  60.8919754   30.6316528   16.5497246
  60.8030014   28.7840385    9.9990082
  60.0309029   28.1596661    9.8817711
  60.6536064   28.9163990   10.9959726
  60.8028793   29.1327553   12.6734686
  61.0853920   30.0811157   12.9164486
  61.7119865   28.6864929   12.9113264
   2.1084142   28.0811119   13.2686825
   2.3725953   27.1430588   13.0189819
   1.8082794   27.7899246   14.2281151
   1.6606736   27.5217781   15.8380575
   2.4226615   28.1462688   16.0684776
   0.9303109   28.0254784   16.2919579
   1.8468233   32.6055832   10.0557261
   1.0842775   32.2224655    9.4947453
   1.7313955   33.5532684    9.7063055
   2.1480153   32.9624519   12.6650915
   1.4772869   32.3247757   13.0507545
   1.9773935   32.7521706   11.6992607
  61.6513062   31.5916004   19.9871674
  60.7755814   31.9812050   19.6661949
  61.3810425   31.6965580   20.9888630
  60.8883286   31.5491066   22.4927540
  60.1500740   31.9888134   23.0402679
  60.7691650   30.6134434   22.8658886
  60.8751678   28.8873711   16.8993568
  60.0571861   28.3257027   16.7822533
  60.9150848   28.8642349   17.9009647
  61.0969925   28.9597359   19.4695263
  61.3262444   29.9131737   19.7137947
  62.0366211   28.5938015   19.5739403
   2.2500727   28.0022564   20.0877934
   2.3020813   27.0190754   19.7669506
   1.9076315   27.7343006   21.0244122
   1.4800923   27.5784531   22.5886211
   2.2921021   28.1241074   23.0068817
   0.8100279   28.2739010   22.9031582
   1.9767272   32.6653938   16.7681408
   1.0794265   32.1969299   16.5759926
   1.7510985   33.5611343   16.3752689
   2.4499946   32.9823837   19.4265766
   1.5737913   32.4669342   19.6685257
   2.3239264   32.7625084   18.4475536
  61.6501007   31.7577515   27.1294880
  60.7631836   32.2056770   26.9985943
  61.5126991   31.6148243   28.1184120
  61.0748711   31.5131302   29.7131042
  60.2094917   31.9222393   30.0851154
  60.7785034   30.5478897   29.9132442
  60.6257439   29.1618443   23.5711975
  59.8093987   28.5424919   23.4549770
  60.6224976   29.1134109   24.5980740
  61.0238419   29.1802654   26.1925640
  61.2765236   30.1530476   26.4063377
  61.9644661   28.8663540   26.4604149
   2.1848345   27.8290634   26.9526443
   2.3417802   26.8308964   26.6526527
   1.8851684   27.6147881   27.8739910
   1.5768714   27.3679161   29.4063892
   2.3304591   27.8242130   29.8867188
   0.8432949   27.9977932   29.6330624
   2.0294924   32.5385666   23.4513988
   1.1609049   32.2268333   23.0675697
   1.8919960   33.5113068   23.2242661
   2.4390752   33.0668335   26.0355263
   1.6406565   32.5752029   26.3766632
   2.3373067   32.8297348   25.0530701
  61.5046921   31.3399067   33.8463821
  60.6085396   31.8804226   33.6342697
  61.3987694   31.4914303   34.8300209
  61.1580620   31.5852966   36.4482079
  60.3461571   31.9647503   36.8902779
  61.0652351   30.6908474   36.8697662
  60.6362457   28.9944286   30.3367100
  59.8602295   28.3003349   30.3276730
  60.7371712   28.9749947   31.3067188
  61.2390747   28.7550926   32.9208450
  61.4000053   29.6821823   33.2418137
  62.1413269   28.3612251   33.1819077
   2.3558893   27.6952648   33.9947052
   2.6144865   26.7679825   33.8396988
   2.0253997   27.5474930   34.9547768
   1.6002662   27.6648655   36.5153694
   2.3203473   28.2975254   36.8349037
   0.8021496   28.1445312   36.9403648
   2.0480399   32.6640968   30.7463703
   1.2256801   32.1341705   30.5259647
   1.8295934   33.4960823   30.2383842
   2.5155606   32.5180473   33.3100777
   1.6186032   32.0243149   33.4716339
   2.3115003   32.5022354   32.2778358
  61.4134903   31.5959740   40.5317230
  60.6002388   32.1255569   40.2782211
  61.1545982   31.5758152   41.5143166
  60.9517555   31.5130291   43.1902657
  60.1403084   31.8850060   43.6940422
  60.7139893   30.5553570   43.4396629
  60.7773552   29.0819607   37.4049263
  59.9251404   28.5419636   37.2736320
  60.7205582   29.0337563   38.4154663
  61.0518532   29.0227051   40.0430183
  61.3096771   30.0272713   40.0909119
  62.0305557   28.7397060   40.3056297
   2.2260797   27.8250885   40.6875687
   2.5417242   26.8733082   40.4675980
   2.1527634   27.6380672   41.6879158
   1.6062541   27.4018478   43.2885666
   2.3560202   27.9917336   43.7334785
   0.8407367   27.9926414   43.5867767
   2.2503304   32.5673409   37.2463150
   1.3365332   32.1800957   36.9049721
   2.0135112   33.5333176   36.8813400
   2.4100366   33.0967445   39.9090576
   1.5988123   32.6123695   40.2165489
   2.3193588   32.8642311   38.9120941
  61.7537918   31.4882183   47.2542191
  60.8481636   31.9343166   47.0136490
  61.5234947   31.4715595   48.2708855
  61.0263901   31.5479279   49.7826881
  60.2929459   31.9419956   50.3302879
  60.8576698   30.6014919   50.1967163
  60.6329308   28.9591980   44.1874275
  59.8081894   28.3950176   44.1146278
  60.7229309   28.9161549   45.1910667
  60.9025764   29.0024166   46.7465363
  61.3683205   29.8772659   46.8511200
  61.7646980   28.4588375   46.9766846
   1.9715350   27.8166180   47.4742088
   2.0145149   26.8014393   47.2971230
   1.7258370   27.7089539   48.4374695
   1.5487347   27.4426899   50.0570412
   2.2887526   28.0266857   50.3993607
   0.7655305   28.0081997   50.3615608
   2.0436025   32.7402344   44.1139183
   1.1280068   32.3963432   43.7867584
   1.9109285   33.6457825   43.6489868
   2.4911625   33.0448570   46.7095032
   1.7259969   32.3827477   46.9674873
   2.3959615   32.8837585   45.6969109
  61.8129158   31.2979012   54.1443062
  61.0729523   31.9762115   53.8514137
  61.5432701   31.3590412   55.1283112
  61.2827759   31.2318134   56.6634216
  60.4659386   31.5857849   57.1490364
  61.1295967   30.2787018   57.0148506
  60.6683006   29.0770397   50.8387451
  59.8629761   28.4839993   50.7386436
  60.7641716   28.9793911   51.8486404
   0.0350687   28.8016663   53.4971848
   0.3667043   29.7491722   53.8301544
   0.9406443   28.3920193   53.6345749
   2.4544823   27.5350742   54.2707863
   2.6183608   26.5428143   54.0008354
   2.2571814   27.3150406   55.2320061
   2.0044584   27.1704063   56.9955559
   2.7078781   27.8633041   57.2145844
   1.2144175   27.8131371   57.0442581
   2.0028267   32.4384880   50.6465759
   1.0963864   32.1128349   50.3145790
   1.8278937   33.4146957   50.3716698
   2.5209863   32.8090706   53.3155899
   1.7860994   32.1788025   53.6293335
   2.4309640   32.5895958   52.3299675
  61.8278656   31.1480103   60.9367905
  60.9635201   31.6175900   60.7764397
  61.7013474   31.0917263   61.9465714
  61.2202568   31.0694981    2.2242553
  60.4543877   31.5369072    2.6593540
  60.9876022   30.1582203    2.5710735
  61.0029259   28.7529984   57.5200272
  60.2188377   28.1372833   57.4944420
  61.1410103   28.6823902   58.5291557
   0.3239498   28.6599731   60.1183586
   0.4629298   29.6589603   60.3616714
   1.2693684   28.4014912   60.4097176
   2.6861148   28.0131207   61.1120605
   2.6986988   27.0035114   60.9648361
   2.4067190   27.9272404   62.0797386
   1.8265063   27.6386833    2.3655307
   1.7124405   26.7587891    2.8279567
   0.9554703   28.0385780    2.7284932
   2.1193776   32.6407623   57.6610527
   1.3227017   32.1456261   57.3281517
   1.9329215   33.5293465   57.2125092
   2.4354548   32.9381332   60.2537689
   1.7218666   32.2683487   60.4925385
   2.2566664   32.8652267   59.2549591
  61.1029739   39.1324310    6.1292319
  60.3114700   39.7524796    6.0493054
  60.9569664   38.9972458    7.1500854
  60.8501778   38.8992119    8.7789545
  60.1499290   39.2780533    9.3707314
  60.7908325   37.9290161    9.1154337
  60.4993362   36.3078728    2.9709570
  60.5227089   36.4958496    3.9783859
  59.6887512   35.7595253    2.9401963
  60.5938072   36.5932465    5.6532354
  60.7792473   37.5586433    5.8364649
  61.4732246   36.2552528    6.0487957
   1.7017202   35.5463791    6.5906758
   1.7777102   34.5361061    6.2944579
   1.6827905   35.3068314    7.5702205
   1.4914088   35.1111526    9.2412491
   2.2020159   35.8113632    9.4633636
   0.7310364   35.6926994    9.5393229
   1.8431174   40.5322876    2.6787791
   2.6832016   40.0635681    2.4340737
   1.2452788   39.7518272    2.4259195
   2.1413817   40.5249214    5.3558922
   1.3336937   39.8932648    5.5703087
   1.8957945   40.5416489    4.3676600
  61.3322182   39.2543716   13.2466431
  60.4829788   39.7680397   13.0732431
  61.1726646   39.1958466   14.2721920
  60.7447433   39.0140495   15.9048033
  59.8713722   39.3817101   16.1447544
  60.5372276   38.0628853   16.2579041
  60.6125031   36.5771484    9.8587379
  59.9115219   35.8532829    9.6675682
  60.3597794   36.5596848   10.8574810
  60.6032257   36.6911201   12.5111551
  60.7300949   37.6581421   12.7862930
  61.5305023   36.3691368   12.7508612
   1.8475537   35.5653954   13.1716604
   1.9533718   34.5896301   12.8993664
   1.6711311   35.3728142   14.1437492
   1.4316275   35.1263466   15.8053894
   2.2806261   35.6997261   15.9780703
   0.8131287   35.7101440   16.3204460
   1.7585272   40.4429207    9.7879829
   1.0149559   39.9198723    9.3705187
   1.4760325   41.3099480    9.2976685
   2.2538142   40.4874802   12.3713064
   1.4375342   39.9011917   12.5588293
   2.1665740   40.4588928   11.3654976
  61.2531891   39.1128540   19.9656639
  60.5034142   39.6781235   19.6906986
  61.1864815   39.2735672   20.9423199
  60.9147186   39.2659454   22.5934277
  60.0932808   39.6862450   22.9767570
  60.7410889   38.2964249   22.8831291
  60.6275558   36.5110512   17.0155144
  59.8198166   35.9819794   16.7653961
  60.5918961   36.3180275   18.0201645
  60.8145790   36.3516769   19.6688385
  60.9609261   37.2987862   19.9502640
  61.7810478   36.0880852   19.7586823
   2.0720639   35.5028038   20.0186272
   2.3286173   34.5368614   19.8223133
   1.9950428   35.3075676   21.0369434
   1.5882504   35.1938057   22.7091484
   2.1944318   35.8559647   23.1491985
   0.7430077   35.7102814   22.7934380
   1.6511805   40.3550568   16.7348900
   0.8161234   39.8269997   16.4899044
   1.4312220   41.1561050   16.1426563
   2.1949995   40.5025406   19.2981701
   1.3826534   40.0160027   19.5474815
   2.0099986   40.4546280   18.2877655
  61.6039276   38.8364029   26.8851738
  60.8072243   39.4017487   26.6870728
  61.4833717   38.8832626   27.9198933
  61.2112541   38.8775024   29.5157490
  60.3504791   39.2631111   29.9387131
  61.0765305   37.9666519   29.9481983
  60.5559006   36.8044167   23.3164635
  59.6303444   36.3179512   23.4309845
  60.7702675   36.6522713   24.3117657
  61.0067177   36.3568687   25.8410664
  61.1801453   37.2244225   26.3874512
  61.9352722   35.9884377   26.1331158
   2.0311053   35.5792618   26.8926506
   2.3653519   34.7407837   26.5243587
   1.7714859   35.2543373   27.7795200
   1.6453778   34.9401054   29.4383507
   2.3441637   35.6301689   29.7268486
   0.8925207   35.4601631   29.7926273
   1.8409283   40.3845177   23.6425076
   1.0406778   39.9471359   23.2523594
   1.6176881   41.2925720   23.2574043
   2.4408133   40.5120239   26.1508999
   1.7116438   39.8307381   26.3645821
   2.2322586   40.4702187   25.0930290
  61.3214531   39.0288696   33.4954109
  60.5604553   39.6735535   33.2509575
  61.1688538   39.0839462   34.5185280
  60.9100456   39.1539345   36.0803185
  60.0934296   39.5670509   36.5174866
  60.7686081   38.2242241   36.4164963
  60.8776779   36.4702377   30.5911674
  60.0252151   36.0164413   30.3053951
  60.8834419   36.2435417   31.5526447
  61.2123795   36.2667961   33.2067680
  61.3256874   37.3033295   33.2459755
  62.1258125   36.0355225   33.3703995
   2.2763951   35.1990166   34.0328598
   2.4300041   34.2225723   33.7471237
   1.8654007   35.0033302   34.9339905
   1.4057612   34.9489670   36.4983559
   2.0902107   35.6794624   36.6418915
   0.6076205   35.5221214   36.7620583
   2.0515423   40.0851746   30.3826313
   1.1729550   39.7087593   29.9876881
   1.8701645   41.0224075   29.9701824
   2.2779126   40.4155426   32.9633675
   1.5215454   39.7181587   33.1697807
   2.2070041   40.2183151   31.9148483
  61.4431839   39.0497780   40.7403488
  60.6315308   39.6030579   40.4929848
  61.2845802   39.1296387   41.7505493
  61.1194153   39.0677452   43.2818947
  60.2979889   39.4587021   43.7145309
  60.9502831   38.1023293   43.5587044
  60.6161652   36.6022987   37.1209717
  59.7177582   36.1842957   36.9988937
  60.6580544   36.4998665   38.1410065
  61.1098595   36.6127853   39.7591972
  61.3071022   37.5700989   40.1012688
  62.0847664   36.2889175   39.9652939
   2.1419580   35.6929932   40.4786491
   2.4462571   34.7933311   40.1867867
   1.9019879   35.4638672   41.4165878
   1.8147918   35.2727089   43.0910301
   2.6223850   35.8478165   43.3358154
   1.1317267   35.9066353   43.4925423
   1.8390191   40.3942871   37.1670837
   1.0539316   39.9749756   36.7291603
   1.6796099   41.3715935   36.8183517
   2.4113204   40.3736687   39.7895355
   1.5936481   39.8406525   40.0911255
   2.2023950   40.3706245   38.7949562
  61.5123482   38.8308258   47.4191208
  60.7611809   39.4848862   47.2526436
  61.5211945   38.9756584   48.4285812
  61.3321304   39.1145058   49.9890327
  60.4789963   39.3696709   50.4037399
  61.2622375   38.1281242   50.2063866
  60.9660492   36.5193138   44.1079178
  60.0763168   36.1182442   43.8695374
  60.8298950   36.3924141   45.1336861
  60.9924011   36.3620987   46.7101669
  61.1521645   37.3330612   47.0330963
  61.9451752   36.0716553   46.9554558
   2.0594289   35.4928856   47.5982971
   2.2010195   34.5405502   47.2445297
   2.0327966   35.2331123   48.5812492
   1.6418562   35.0344582   50.1958389
   2.4276590   35.5482292   50.4462852
   0.9393032   35.6992645   50.4423065
   2.0327911   40.2829819   44.0125923
   1.1253253   39.8610077   43.7524261
   1.7976835   41.1845436   43.5848808
   2.1910667   40.4834328   46.6848526
   1.4535161   39.8602486   46.9891739
   2.1398864   40.1942253   45.7320099
  61.7810173   38.9662094   54.1763458
  60.9356880   39.4862938   53.8804626
  61.5610046   39.0594597   55.1940956
  61.4918709   38.9824295   56.9427910
  60.6409378   39.3597794   57.3069229
  61.2459145   38.0191727   57.1410942
  60.7456627   36.6566048   50.8635864
  59.8522797   36.1701736   50.7660294
  60.7670097   36.5843773   51.8652153
   0.0970802   36.4570732   53.4582329
   0.3546028   37.3574409   53.8357620
   1.0401802   36.1063194   53.4235344
   2.4397607   35.3714447   54.0023956
   2.5887268   34.3930969   53.6871338
   2.0275216   35.0996933   54.8873558
   1.5402482   34.9802704   56.4381981
   2.2741411   35.6469460   56.6883240
   0.8048111   35.6204567   56.7481575
   2.1349354   40.4911957   51.0539513
   1.2545167   40.0748367   50.6761322
   1.9870062   41.3855896   50.5584488
   2.6988463   40.4202156   53.6936989
   1.9286216   39.7949905   53.9512253
   2.4453888   40.4268723   52.6875839
  62.0219650   38.7471695   60.7609978
  61.1316032   39.2456779   60.5839310
  61.7824211   38.5672874   61.7608948
  61.3105354   38.6312790    1.9924387
  60.5767212   39.0982132    2.5524707
  61.0081177   37.6898384    2.2989883
  60.7972679   36.3462410   57.5572777
  60.0092964   35.7659187   57.4040680
  60.7944794   36.3287430   58.5619354
   0.1064616   36.1178093   60.2524643
   0.2925871   37.1040916   60.4066010
   1.0959648   35.8733177   60.4604187
   2.6249754   35.4161072   61.0801315
   2.5914938   34.3881378   60.8557549
   2.3768446   35.3017349   62.0685883
   1.8583026   35.3485260    2.4102917
   1.8072882   34.4271889    2.8172653
   0.8885960   35.5769882    2.6515551
   2.2174282   40.4534607   57.8140869
   1.4092660   39.9046249   57.5073929
   1.8469783   41.2968788   57.2917671
   2.3548598   40.7546043   60.4117851
   1.7558191   39.9313049   60.6048126
   2.2953024   40.5882530   59.4057961
  61.1802521   46.7707672    6.1120086
  60.2822266   47.2973557    6.0972266
  61.1339607   46.5733795    7.0797439
  60.7284164   46.3333931    8.8098783
  60.0958443   46.8428230    9.4237843
  60.5394516   45.3988609    9.1995926
  60.6248970   43.9875603    3.0932243
  60.3534279   44.0299339    4.0745654
  59.8562775   43.4493637    2.7782776
  60.3046379   44.2950249    5.6728559
  60.7228470   45.2005920    5.7570629
  61.1573448   43.8218536    5.9759598
   1.3799760   43.1187897    6.1027355
   1.6701192   42.1518478    5.8980794
   1.3883662   42.9626312    7.1130199
   1.3247762   42.8861771    8.6938801
   2.0981870   43.5032234    8.9322138
   0.6586959   43.3289452    9.3522348
   1.8149182   48.3774757    2.7324529
   2.5365515   47.8188019    2.3406646
   1.0847788   47.6332474    2.6796589
   1.9675947   48.2949333    5.3829842
   1.2414207   47.6579399    5.6325779
   1.7771312   48.3084106    4.3716602
  61.1242332   46.8783836   13.5255299
  60.3743896   47.5497894   13.3960352
  61.0876503   46.9613228   14.5474567
  60.6722298   46.8321342   16.2891006
  59.7251625   47.2073479   16.5626354
  60.4914131   45.8817673   16.5026226
  60.5926399   43.9524727   10.0679502
  59.7442589   43.4251137   10.0828962
  60.5838699   44.0684128   11.0717888
  60.5547714   44.3473892   12.7388735
  60.7271004   45.3137360   13.0415592
  61.4526520   44.0038567   13.0285788
   1.7888676   43.1341019   13.0969591
   2.0721903   42.1994858   12.8648911
   1.6664509   42.9433212   14.0575876
   1.1639647   42.9542274   15.6344242
   1.8931184   43.6250038   15.8085537
   0.4293420   43.4507599   16.1843643
   1.7106032   47.9865608    9.2020969
   0.9032918   47.3947411    9.0948267
   1.6674249   48.0246964   10.2136364
   1.6289886   48.0264282   11.8980932
   0.9342653   47.5736198   12.5007610
   1.6235564   48.9036560   12.3435612
  61.2473755   46.9443703   20.0247326
  60.3973541   47.5235672   19.8343487
  61.0727234   46.8771362   21.0261021
  60.7763786   46.5987778   22.5934067
  59.9748573   46.9934196   23.0639343
  60.6778374   45.6366196   22.7890511
  60.3536453   44.2395134   16.7588634
  59.5016899   43.6978989   16.5042076
  60.3143272   44.0738640   17.7639141
  60.6788025   44.2739410   19.6149139
  60.9133492   45.2561378   19.6083508
  61.6410446   43.9568138   19.6997147
   1.8008800   43.1606026   19.9878864
   2.0212159   42.2024956   19.7060680
   1.6106417   42.8992729   20.9656582
   1.4332174   42.7325783   22.5369568
   2.1124270   43.4684181   22.7232647
   0.6292169   43.2473183   22.8622189
   1.6912830   48.1998367   16.2460461
   0.8161188   47.6917191   16.2827339
   1.8581941   48.1191826   17.2828732
   1.7623944   48.3990860   18.7892361
   1.0432930   47.8837357   19.2974720
   1.5750030   49.2891197   19.2068653
  61.2805023   46.5278854   26.9453220
  60.5224838   47.1704369   26.7094326
  61.1028442   46.5917854   27.9654694
  60.9734001   46.4927254   29.6274681
  60.1387100   46.7785683   30.1286087
  60.9725113   45.5234413   29.8731461
  60.4734612   44.1060753   23.4669094
  59.7625351   43.4034500   23.3175945
  60.4595528   44.0858727   24.4571342
  60.9493217   44.0376358   26.0172558
  61.2009468   44.9547234   26.4253902
  61.8803596   43.6597900   26.1252365
   2.0520287   43.1754837   26.6795788
   2.3273621   42.1542244   26.5524483
   1.9183068   43.0905075   27.6712666
   1.8105348   42.5439224   29.3548660
   2.4537094   43.3402176   29.4315205
   0.9767864   43.0910950   29.6766739
   1.5990084   48.2095184   22.9265766
   0.8532202   47.5556221   22.7696781
   1.5966341   48.0797844   23.9527779
   1.7092618   48.0642548   25.5990257
   1.1470926   47.5128632   26.2155895
   1.4764100   48.9444885   25.9976788
  61.6052933   46.7511330   33.6711464
  60.6544762   46.9691620   33.5449371
  61.5666466   46.8740234   34.6905861
  61.1548462   46.8466644   36.3061485
  60.2845268   47.1423874   36.7727776
  60.9639511   45.8594551   36.5233078
  60.9538651   43.9054260   30.2787590
  60.0072098   43.4906578   30.3054123
  61.0073395   43.9731026   31.3172817
  60.9576149   44.2023163   32.9068375
  61.2300148   45.0905418   33.2554092
  61.8528061   43.7399483   33.1344414
   1.9177070   42.9784164   33.4072647
   2.0439453   41.9686279   33.1780167
   1.8580158   42.8343124   34.3808556
   1.5140340   42.8273163   36.1816788
   2.2607093   43.5195236   36.2368469
   0.8152021   43.4171486   36.6284866
   1.6132665   48.2821693   29.5483894
   0.8355125   47.6401520   29.6532326
   1.8226521   48.2499886   30.5620270
   1.9054539   48.2257767   32.1568375
   1.2959665   47.6511078   32.7736549
   1.6296779   49.0845146   32.5475769
  61.4990005   46.9263763   40.4267845
  60.5683556   47.3860245   40.3238907
  61.3029366   46.7177925   41.4283752
  60.9471359   46.5618401   43.0081978
  60.1701164   46.9200363   43.5213547
  60.8051376   45.5783195   43.2874565
  60.6970558   44.2404556   37.2789459
  59.8650169   43.7094421   37.1102943
  60.5928879   44.2177048   38.2969894
  60.9470100   44.2762756   39.8991928
  61.3351364   45.1819954   40.0965576
  61.8165779   43.7495766   39.9787903
   2.1010036   43.0985794   40.4316711
   2.3311114   42.1399002   40.2111206
   1.8673072   42.9072914   41.4272079
   1.4921365   42.6933098   43.0000496
   2.2135911   43.3724594   43.1893044
   0.7326621   43.2905006   43.3247566
   2.0543337   48.4059448   36.5027161
   1.1551942   47.9086227   36.4943504
   2.1985931   48.2505150   37.5218735
   2.1151376   48.2632294   39.0914688
   1.3223466   47.8377953   39.5873451
   1.8905588   49.1878433   39.3912582
  61.4371529   46.6125221   47.5457993
  60.6621361   47.2383499   47.3323746
  61.3254128   46.6458511   48.5642471
  61.1591415   46.8191681   50.1717033
  60.3117523   47.1407242   50.6244240
  60.9887962   45.8482666   50.4038620
  60.7169380   44.1197815   43.8784828
  59.8277473   43.6426544   43.7228928
  60.6122932   44.0999680   44.9214973
  60.8669357   44.1292343   46.5037231
  61.1798363   44.9944000   46.8969307
  61.7572861   43.6400490   46.7882805
   2.0465188   43.0982437   47.0748901
   2.1182036   42.0605240   46.9287109
   1.9737378   42.9373703   48.0796013
   1.8318745   42.9024086   49.6662025
   2.5990720   43.4770088   49.9850464
   1.0850525   43.4891167   49.9518242
   1.6459274   48.2478638   43.4311829
   0.8182806   47.6498032   43.3985023
   1.7247181   48.1560631   44.4431000
   1.8637884   48.0013847   46.0325241
   1.2322314   47.5060425   46.7028580
   1.7518840   48.9186516   46.4869957
  61.3709679   46.6890907   54.4816246
  60.5885696   47.2436295   54.1612434
  61.1043854   46.6968079   55.4484749
  61.0296211   46.7252121   57.0681992
  60.1710129   46.9566612   57.5947533
  60.9684601   45.7258568   57.2369308
  60.8400154   44.1352959   50.8273964
  60.1189117   43.4816246   50.6437836
  60.9280663   43.9998360   51.7866516
  61.1419563   44.0109215   53.5295753
  61.3406868   44.9563828   53.8942184
  62.0155373   43.6154900   53.8118668
   2.4007404   43.0864449   54.2171669
   2.5406334   42.0948334   54.0697365
   2.0467465   42.9488564   55.1687355
   1.5025671   42.6840515   56.6866798
   2.2866199   43.2648735   56.8880119
   0.8418489   43.3306541   57.0850792
   2.1201050   48.1976547   50.4882088
   1.2569727   47.6438828   50.3728027
   2.1333947   48.0937119   51.4934425
   2.0708003   48.0583992   53.1650772
   1.4096802   47.5842247   53.7592964
   1.8992983   48.9831238   53.5533562
  61.7202263   46.5498428   61.2854385
  60.9061317   47.0889397   61.0447731
  61.4930077   46.4137077   62.2758713
  61.2583199   46.5166702    2.5776181
  60.3449936   46.8583908    2.9017909
  61.1070366   45.5788651    2.9183707
  60.7000198   44.1720047   57.6550980
  59.9546356   43.4820213   57.5930405
  60.8022728   44.1952858   58.6468964
  61.2012329   44.1059227   60.2344322
  61.2898064   45.0330505   60.6635284
  62.1494026   43.8615723   60.5076981
   2.4288001   43.3497238   60.8723412
   2.5331366   42.3217697   60.6975975
   2.3089571   43.2707863   61.8890839
   1.9661505   43.0576057    2.2981257
   1.9223697   42.0550385    2.5328941
   1.0561706   43.2441406    2.6227219
   1.9386832   48.1803665   57.2858429
   1.0833602   47.6495399   57.1858864
   1.9681948   48.0565567   58.2917709
   2.2379804   48.1311150   59.8965797
   1.5800855   47.7546997   60.5274391
   2.1304522   49.0954742   60.1480141
  61.1155128   54.2514572    6.2503080
  60.2056618   54.6750946    6.1785073
  61.0110741   54.1451378    7.2548709
  60.8926888   54.0103607    8.9065342
  60.1383324   54.4084129    9.4696617
  60.7310181   53.0761414    9.1898956
  60.2777824   51.8665619    2.9482872
  60.3851204   51.6869125    3.9544861
  59.3625450   51.4643745    2.8767784
  60.5646477   51.7037048    5.5771871
  60.7844810   52.6632042    5.8332787
  61.4334183   51.2503777    5.6877613
   1.7587413   50.8585548    6.0785737
   1.8331437   49.8225060    6.0130334
   1.8335091   50.8277435    7.1386619
   1.7413883   50.5888786    8.7553663
   1.7953240   49.6284370    9.0244932
   0.7841870   50.7524185    9.0909328
   2.2326593   55.6008911    2.7109439
   2.2021036   55.3532867    3.6979361
   1.2997319   55.2250748    2.5552988
   2.2448206   55.2226677    5.3684020
   1.3699951   54.8138885    5.6757760
   1.9846171   56.1415443    5.8157191
  61.2057571   54.2061272   13.2337008
  60.3669510   54.8070679   13.1129675
  61.1137123   54.1980362   14.2657442
  60.6911201   54.0032692   15.8527975
  59.8809624   54.4124947   16.3679218
  60.5115318   53.0544586   16.0879421
  60.4481316   51.4082222    9.7795887
  59.6395073   50.8094597    9.6950111
  60.3691826   51.5022507   10.8187447
  60.4014854   51.7626305   12.3703356
  60.7783051   52.6847687   12.6274681
  61.2810669   51.2870102   12.5148087
   1.4969181   50.6228485   13.0018444
   2.4326148   51.0478439   12.8035183
   1.5950462   50.7165298   13.9936390
   1.7030591   50.8136673   15.6116819
   1.6955487   49.8303719   15.8650360
   0.7412083   51.0033607   15.9805717
   2.1050825   55.2884483    9.4073534
   1.2255386   54.7941704    9.1744041
   1.8904097   55.2386322   10.4244633
   2.0816345   55.2609406   12.0991430
   1.2718358   54.8687172   12.6347256
   2.0102248   56.1447029   12.5663042
  61.2467842   54.5574455   20.1318455
  60.4328651   55.1567802   20.0477924
  61.1164055   54.3152046   21.1029987
  60.9176979   53.8956680   22.7509251
  60.2322197   54.3863678   23.3089161
  60.8024864   52.9672737   23.1274338
  60.4353218   51.2927246   16.4624176
  59.4854126   50.9698334   16.4860096
  60.4399986   51.5286484   17.4780006
  60.4780846   52.1791420   18.9956474
  60.7449646   53.0772362   19.3755493
  61.2533607   51.6573792   19.3535728
   1.3770723   50.8344345   19.7391262
   2.2187726   51.3110771   19.4448490
   1.4485655   51.0172806   20.7060261
   1.5214190   50.8977013   22.3278732
   1.5687001   49.9342690   22.5523319
   0.5422500   50.9951439   22.6404114
   1.6936195   55.5019684   16.0867329
   0.8927896   54.8372078   16.0512009
   1.7203056   55.4619980   17.1300316
   1.9872950   55.4086075   18.6862259
   1.1942577   55.0260811   19.2343578
   1.9695909   56.3194580   19.1739025
  61.1227379   54.3544579   26.8094349
  60.3250351   55.0196266   26.6796780
  60.9726295   54.3231049   27.8164539
  60.8832397   54.1835899   29.4215832
  60.0615997   54.5447960   29.8370857
  60.7136726   53.2130356   29.6958008
  60.2930870   51.2035103   23.4817200
  59.4735146   50.7233582   23.2494431
  60.2044945   51.2615242   24.4815884
  60.3737373   51.8673668   26.1248226
  60.6866264   52.7363319   26.3854294
  61.2471428   51.3614807   26.2678394
   1.3192202   50.6319351   26.3995304
   2.1755371   51.0669937   26.0888138
   1.5539764   50.8216858   27.3876781
   1.7320825   50.8606911   28.9645405
   1.7054583   49.8683624   29.2231083
   0.8723069   51.0904274   29.4073982
   2.1127963   55.1480942   22.7841969
   1.2339516   54.6502113   22.6819649
   2.1238666   55.0943756   23.7838860
   1.9902498   55.2639809   25.5560684
   1.2118856   54.8329124   26.0006657
   1.9471548   56.1754951   25.9826202
  60.9595146   54.6536903   33.6145401
  60.0184212   55.1252556   33.5037346
  60.8785439   54.5337486   34.6022491
  60.7250671   54.1902771   36.3587761
  59.9858360   54.5875320   36.8946381
  60.5272064   53.2251434   36.6001511
  60.6650200   51.5308723   30.0391083
  59.8178177   50.9879990   29.9671421
  60.6001816   51.6296959   31.0677605
  60.3675995   52.0145035   32.7672997
  60.6530228   52.8986053   33.1507454
  61.1923141   51.4940872   33.0511475
   1.3341817   50.6843452   33.3317451
   2.2562037   51.1258125   33.1246529
   1.4313959   50.8367538   34.3394966
   1.7184609   50.9742050   36.0050354
   1.8685617   49.9730568   36.1467361
   0.9400314   51.0416870   36.6368141
   1.7883565   55.6615486   30.0026665
   0.9954841   55.0556374   29.8073654
   1.8831455   55.3868675   30.9658203
   2.0028584   55.1669350   32.6001167
   1.0616721   54.9489136   32.9104156
   1.9101933   56.1671906   32.9187393
  60.8160706   54.3217468   40.4400406
  60.0117798   54.9632034   40.4084511
  60.8695641   54.2948189   41.4721413
  60.8977127   54.1790276   43.1718864
  60.0727043   54.5119667   43.6718597
  60.6673660   53.2011299   43.3410645
  60.4766960   51.5433464   37.1091080
  59.6817055   50.8747139   36.9800491
  60.3170624   51.6442833   38.1047363
  60.2456245   51.7581596   39.7705116
  60.4901276   52.6793251   40.1150208
  61.1744270   51.3547096   39.9746017
   1.4619381   50.8695488   40.1835442
   2.3779507   51.2611618   39.9660378
   1.6541147   50.8096428   41.1804962
   1.7436056   50.8563499   42.8528061
   1.6412954   49.8585663   43.1234665
   0.7331310   51.0589027   42.9736061
   1.8389109   55.3527565   36.6843719
   0.8835282   54.9639702   36.6268692
   1.8837802   55.1900673   37.6915321
   1.9304178   55.0748062   39.4361725
   1.0064260   54.8232536   39.8525620
   1.9684520   55.9662132   39.8689766
  61.1231232   53.9364815   47.4616547
  60.3170204   54.5975342   47.3492889
  61.1272392   54.0618401   48.4737663
  61.1627998   53.9896812   50.2385521
  60.3999748   54.3386116   50.7603607
  61.1257553   53.0364265   50.4726639
  60.5087318   51.6690140   43.6094017
  59.6506233   51.0602112   43.5532570
  60.5015526   51.6568527   44.6283188
  60.5677528   51.6010246   46.2312660
  60.8033600   52.4744911   46.7329025
  61.3605156   51.1001320   46.5410538
   1.6666242   50.4260063   47.0525284
   2.4986291   50.9316025   46.6916313
   1.8839183   50.5812149   48.0400200
   2.0760484   50.7333260   49.6774178
   2.0457883   49.7684479   49.9492950
   1.1846912   50.9964447   50.0784683
   1.9834129   55.4072342   43.4217415
   1.0155660   54.9962578   43.3903084
   2.0904875   55.1931877   44.4099121
   1.9540359   55.0187378   46.0250092
   1.1572405   54.6886520   46.5381279
   1.9524962   55.9380989   46.4084549
  61.3561287   54.0812836   54.0614662
  60.5346870   54.6887169   54.1259117
  61.4921303   54.0508041   55.0868988
  61.3541527   53.8323441   56.6372032
  60.5606041   54.2725258   57.0853806
  61.2566872   52.9249306   57.0795250
  60.8318520   51.2936630   50.7695808
  59.9165192   50.9005432   50.5498352
  60.6383667   51.3245697   51.7733192
  60.6503601   51.4981003   53.4984207
  60.9346848   52.4537735   53.6969414
  61.5696182   51.0847397   53.7004967
   1.8246931   50.6196404   54.0704689
   2.7060447   50.9837379   53.7482719
   2.0111151   50.7234612   55.0564804
   2.2044706   50.7319412   56.7580338
   2.1270535   49.6966896   56.9593201
   1.2259856   50.9137878   57.1450500
   2.1870651   55.3328362   50.4509659
   1.3353924   54.7959938   50.3431740
   2.2157164   55.2695351   51.4532166
   2.2470067   55.1844864   53.0698700
   1.3195040   54.8383865   53.3793716
   2.1737077   56.0545044   53.5040970
   0.0508728   54.0804253   60.8626099
   0.0715752   54.1462250   61.8371391
   0.8084984   54.7334709   60.6266518
  61.2491226   54.2929878    2.2228446
  60.4648056   54.7649384    2.6930203
  60.8866463   53.3471985    2.4426618
  60.8957558   51.3142662   57.6413231
  60.0458412   50.7709160   57.5627213
  60.8188591   51.4052849   58.6576080
  60.7334366   51.6319466   60.2017784
  60.9332314   52.6448059   60.3681946
  61.6707001   51.3744698   60.5051384
   1.9211668   50.7521896   60.7614746
   2.8190675   51.2159615   60.6559067
   1.8771076   50.9620667   61.7529449
   1.4846141   50.9265518    2.0677824
   1.4965403   49.9147987    2.3539126
   0.5987711   51.1568222    2.3313928
   2.4028745   55.2960472   57.4464302
   3.2599306   54.8121147   57.2553062
   1.7984999   54.6122169   56.9921188
   1.9661576   55.7818794   60.0483551
   2.8404646   55.3526611   60.3076401
   2.0989089   55.6690369   59.0203133
   0.1209923    0.7087048    6.5100050
   0.1957949    0.4605820    7.4717402
   1.1259730    0.9310073    6.3702583
  61.5661659    0.2442566    9.1166754
  60.8829803    0.7961073    9.6094904
  62.3680573    0.8193607    9.4473352
  61.0038033   59.6056061    3.1538346
  60.2196884   58.9770775    2.9543297
  61.7533035   59.0906982    2.7513340
  60.8161926   59.2945595    5.9106436
  60.9810905   60.2832222    6.0906177
  60.7086945   59.4256516    4.9050746
   1.6257017   57.6147003    6.2813587
   2.2582386   58.3689613    5.9602909
   0.7867927   58.1983604    6.0738964
   2.2937322   57.8648300    8.8169365
   2.4546936   56.8587837    8.9806309
   2.0809834   57.7241898    7.8419127
   2.7483053    1.9318421    3.5844092
   2.7609391    2.8393774    3.1662629
   1.9341636    1.6186638    3.0645013
   2.5123055    1.6672099    6.2506557
   2.5534468    2.5964336    6.5647230
   2.4539337    1.8311647    5.2598948
   0.2889183   61.8861275   13.0883408
   0.2237613   61.6864433   14.1128817
   0.3460143   60.8480568   12.8737249
  61.4066048    0.3997475   15.6810474
  60.6501923    0.9995035   15.9897289
  62.1404724    0.9681557   16.1082230
  61.2240181   58.9303093    9.8233604
  61.4595528   59.8948860    9.6179819
  62.1142387   58.5387115    9.4210320
  61.5498505   59.3518105   12.4824505
  60.7816658   58.8777046   12.9266081
  61.2757301   59.0640564   11.5279589
   2.3283620   57.7860947   13.1623755
   3.1305153   58.3284683   12.8584471
   1.6489884   58.5251045   12.8914690
   2.2570019   58.0455780   15.7698517
   2.0166769   57.0358543   15.8776684
   2.3832335   57.9301376   14.7722645
   2.3373301    1.8919048    9.9206209
   2.3638453    2.9022326    9.8598766
   2.5030966    1.8990425   10.9243822
   2.6571257    1.9097944   12.6458626
   2.5676236    2.7667484   13.1989889
   1.7661806    1.5158732   12.9002686
   0.2801456   62.2029877   20.3191986
   0.3050406   61.9145737   21.3203964
   0.2441697   61.1939888   20.0543556
  61.2066536    0.0798076   22.8446636
  60.4577141    0.5736070   23.3297920
  61.9572830    0.6553048   23.1884041
  61.2267876   59.1784935   16.9068050
  61.2754784   60.0417976   16.3599033
  62.0564384   58.7878838   16.5067654
  61.4509506   59.5881386   19.5603657
  60.5669708   59.1549568   19.8675861
  61.2720375   59.3406067   18.5680046
   2.0940514   57.7073326   20.0457649
   2.8797669   58.3045959   19.8317776
   1.3834386   58.4445305   19.8426075
   2.2125177   57.7742538   22.6809082
   2.2333014   56.7227554   22.7653790
   2.1662662   57.7006950   21.6300163
   2.0261855    1.8993230   16.6569099
   1.9790549    2.9220757   16.4814014
   2.1142578    2.0358782   17.6621590
   2.5832100    2.0171556   19.2238178
   2.6067948    2.9303975   19.6943550
   1.6885433    1.7506019   19.6956749
  61.3012123    1.0362854   27.1572914
  61.1993065    0.8191338   28.1731815
  61.3460121    0.0573273   26.8920555
  61.1377487    0.5651689   29.6885128
  60.4187355    1.1827906   30.0525436
  61.9195328    1.1009685   30.0138950
  61.1993942   58.8016434   23.7694969
  61.2395248   59.6764488   23.2635956
  62.0286980   58.4127922   23.3303299
  61.4608688   59.7210312   26.3321896
  60.7370644   59.0571060   26.6166859
  61.3778496   59.5285225   25.3232059
   2.1564131   57.7696953   26.6981964
   2.9958925   58.2921524   26.3439884
   1.5157031   58.5312920   26.5068417
   1.8381625   58.1915817   29.2509232
   1.7507395   57.2223930   29.5914688
   1.8781140   57.9422264   28.2628098
   1.9253860    1.6147066   23.7236748
   2.0859158    2.5872083   23.4625759
   2.1524434    1.6858450   24.6639614
   2.4927025    1.8416704   26.3573360
   2.6260190    2.7277782   26.8592167
   1.5856080    1.6234390   26.7633095
  61.1642685    0.9984104   33.9699631
  61.2240219    0.6886681   34.9786568
  61.1053658    0.0138091   33.6634445
  61.2182655    0.3786073   36.4575729
  60.4597092    0.9460477   36.8620148
  61.9608192    1.0115163   36.7202454
  60.9445686   59.3854103   30.5337505
  61.0400467   60.3327866   30.1940308
  61.7305870   59.0026360   30.0193863
  61.3220100   59.6479874   33.1797638
  60.4576645   59.1070366   33.3986511
  61.1161385   59.5035591   32.1509171
   1.9971037   57.8168755   33.5245209
   2.8270051   58.3357735   33.2887955
   1.3631406   58.5898209   33.4296341
   1.8601582   57.9950027   36.1516342
   1.9113669   56.9675522   36.3344536
   1.9261186   57.8242760   35.1239128
   2.0192964    1.9822713   30.5086117
   2.1698668    2.9778142   30.4233608
   2.1277342    1.8916752   31.4762840
   2.3147001    1.8970922   33.2037582
   2.3049943    2.7521992   33.6754684
   1.3425138    1.6055281   33.4604950
   0.3624379   62.0803299   40.6448174
   0.2973484   61.8238678   41.6437569
   0.4143637   61.0939293   40.3995361
  61.4933434    0.3708335   43.1906700
  60.7853775    0.8862132   43.6286163
  62.3034706    0.8406018   43.5628433
  60.9893951   59.0924454   37.2664108
  61.1768379   59.9902382   36.8340912
  61.8111572   58.6414032   36.8359566
  61.6798744   59.5102196   39.8368683
  60.7745476   59.0840302   40.1484756
  61.3886604   59.5049477   38.8256950
   2.4564686   57.6281204   40.3059731
   3.2404675   58.1982689   39.9807091
   1.7740793   58.4050484   40.1012764
   2.1772187   57.9926414   42.9349060
   2.1777451   57.0149345   43.1623230
   2.2805150   57.8422585   41.9474258
   2.0232306    1.9612844   37.1135483
   2.2066104    2.9590359   37.1369858
   2.2734718    1.8330647   38.1128006
   2.7033534    1.7763085   39.6841965
   2.6739271    2.7022586   40.1772881
   1.7931137    1.4750172   39.9927750
  61.3195763   62.0300446   47.5095177
  61.2305412   61.8077126   48.5073509
  61.4133530   61.0620003   47.2421227
  61.2941971    0.3686689   50.1022186
  60.5978584    0.9830602   50.5553398
  62.0972824    0.8905321   50.5214844
   0.0653984   59.0545273   44.3167381
   0.2309144   59.9306602   43.8060951
   0.8369017   58.5495300   43.8338051
  61.4213066   59.4536018   46.9942017
  60.6304512   58.8992271   47.2995262
  61.3949585   59.1556015   46.0442924
   2.2165084   57.4357719   47.0678368
   3.0148852   58.0173912   46.8566475
   1.5652230   58.1889114   47.0847282
   2.0075979   57.9453049   49.7317924
   2.0088241   57.0273933   50.1186943
   2.2328422   57.7292709   48.8135071
   2.4027543    1.7628881   44.0549126
   2.3940701    2.7724907   43.9195175
   2.4508626    1.8398057   45.0952721
   2.5022957    1.7710893   46.6678123
   2.5182199    2.7192748   47.0663795
   1.5938752    1.5511802   47.0300140
   0.3526815   61.9297028   54.2745781
   0.5238948   61.6454086   55.2087784
   0.4333803   60.9910126   53.8796387
  61.7133827    0.2907458   56.9165039
  60.9763184    0.8253053   57.3780174
  62.4789963    0.8034157   57.2840462
  61.1651726   59.0059242   51.0931015
  61.2513657   59.9619026   50.7416649
  62.0232887   58.7152138   50.6135597
  61.6694908   59.3075027   53.6715431
  60.7497330   58.9131165   53.9335823
  61.4518204   59.2180595   52.6935692
   2.4016573   57.6383018   54.3132515
   3.1928418   58.0928268   53.9063416
   1.7433127   58.3475761   54.0615196
   2.3081524   57.8760338   57.0389214
   2.2859552   56.8623505   57.2035217
   2.4444342   57.7220802   56.0316887
   2.2090704    1.6708894   50.9255981
   2.2938912    2.6813006   50.7668915
   2.4501288    1.7605584   51.9245834
   2.7235856    2.0004821   53.5517845
   2.5771856    2.8490975   54.1119843
   1.8845962    1.5395083   53.8672256
   0.5389148   61.8769646   61.2265892
   0.4373961   61.7877769   62.2410278
   0.3746376   60.8763008   61.0806961
  61.6857033    0.8938539    2.6136179
  60.8303947    1.3966715    2.8996160
  61.3750267    0.0222876    2.9937549
  61.2251625   59.1459541   57.9111710
  61.4785538   60.0196991   57.4441757
  62.0553703   58.6482887   57.6152496
  61.1433105   59.3221092   60.5575066
  61.0237770   59.2155457   59.5689125
  60.2577591   58.8339424   60.8223190
   2.2480700   58.1533165   61.1122894
   2.0099006   57.2275200   60.7916946
   1.3409990   58.5444412   60.7327995
   2.1260366   58.2961617    2.4935589
   2.1830845   57.3250313    2.6199226
   2.1334207   58.2554474    1.4708831
   2.5791297    1.8681145   57.6232033
   2.3271415    2.8182244   57.3989296
   2.6604962    2.0596597   58.6363754
   2.5577180    2.1877289   60.2179260
   3.3693256    1.6695904   60.4710617
   1.8468486    1.5533935   60.5622711
  61.2438774   61.2438774   61.2438774   90.0000000   90.0000000   90.0000000