24192
3.799876 7.909495 6.872892
3.827679 7.925714 7.829551
4.592854 8.372066 6.601882
3.799876 7.909495 9.543593
3.753727 7.009691 9.866787
3.000000 8.322622 9.868795
3.799876 5.248728 3.325202
3.772074 5.232510 4.281861
3.006898 4.786158 3.054192
3.799876 5.248728 5.995903
3.753727 6.148532 6.319097
3.000000 4.835602 6.321105
6.080534 3.918344 6.872892
5.280658 4.331471 6.547690
6.034385 3.018540 6.549698
6.080534 3.918344 9.543593
6.080534 3.887258 8.586898
6.080534 3.000000 9.813547
6.080534 9.239879 3.325202
5.323584 8.750716 3.002746
6.837484 8.750716 3.002746
6.080534 9.239879 5.995903
6.080534 9.270966 5.039208
6.080534 10.158224 6.265857
3.799876 7.909495 13.968272
3.772074 7.925714 14.924930
3.006898 8.372066 13.697261
3.799876 7.909495 16.638973
3.753727 7.009691 16.962167
3.000000 8.322622 16.964175
3.799876 5.248728 10.420582
4.592854 4.786158 10.149571
3.827679 5.232510 11.377240
3.799876 5.248728 13.091283
3.753727 6.148532 13.414477
3.000000 4.835602 13.416485
6.080534 3.918344 13.968272
5.280658 4.331471 13.643070
6.034385 3.018540 13.645077
6.080534 3.918344 16.638973
6.080534 3.887258 15.682278
6.080534 3.000000 16.908927
6.080534 9.239879 10.420582
5.287556 8.777309 10.149571
6.052732 9.223661 11.377240
6.080534 9.239879 13.091283
5.280658 8.826753 13.416485
6.034385 10.139683 13.414477
3.799876 7.909495 21.063651
3.772074 7.925714 22.020310
3.006898 8.372066 20.792641
3.799876 7.909495 23.734352
3.753727 7.009691 24.057547
3.000000 8.322622 24.059554
3.799876 5.248728 17.515962
4.592854 4.786158 17.244951
3.827679 5.232510 18.472620
3.799876 5.248728 20.186662
3.753727 6.148532 20.509857
3.000000 4.835602 20.511865
6.080534 3.918344 21.063651
5.280658 4.331471 20.738449
6.034385 3.018540 20.740457
6.080534 3.918344 23.734352
6.080534 3.887258 22.777657
6.080534 3.000000 24.004307
6.080534 9.239879 17.515962
5.287556 8.777309 17.244951
6.052732 9.223661 18.472620
6.080534 9.239879 20.186662
5.280658 8.826753 20.511865
6.034385 10.139683 20.509857
3.799876 7.909495 28.159031
3.772074 7.925714 29.115690
3.006898 8.372066 27.888021
3.799876 7.909495 30.829732
3.753727 7.009691 31.152926
3.000000 8.322622 31.154934
3.799876 5.248728 24.611341
4.592854 4.786158 24.340331
3.827679 5.232510 25.568000
3.799876 5.248728 27.282042
3.753727 6.148532 27.605237
3.000000 4.835602 27.607244
6.080534 3.918344 28.159031
5.280658 4.331471 27.833829
6.034385 3.018540 27.835837
6.080534 3.918344 30.829732
6.080534 3.887258 29.873037
6.080534 3.000000 31.099687
6.080534 9.239879 24.611341
5.287556 8.777309 24.340331
6.052732 9.223661 25.568000
6.080534 9.239879 27.282042
5.280658 8.826753 27.607244
6.034385 10.139683 27.605237
3.799876 7.909495 35.254411
3.772074 7.925714 36.211070
3.006898 8.372066 34.983400
3.799876 7.909495 37.925112
3.753727 7.009691 38.248306
3.000000 8.322622 38.250314
3.799876 5.248728 31.706721
4.592854 4.786158 31.435711
3.827679 5.232510 32.663380
3.799876 5.248728 34.377422
3.753727 6.148532 34.700616
3.000000 4.835602 34.702624
6.080534 3.918344 35.254411
5.280658 4.331471 34.929209
6.034385 3.018540 34.931217
6.080534 3.918344 37.925112
6.080534 3.887258 36.968417
6.080534 3.000000 38.195066
6.080534 9.239879 31.706721
5.287556 8.777309 31.435711
6.052732 9.223661 32.663380
6.080534 9.239879 34.377422
5.280658 8.826753 34.702624
6.034385 10.139683 34.700616
3.799876 7.909495 42.349791
3.772074 7.925714 43.306449
3.006898 8.372066 42.078780
3.799876 7.909495 45.020492
3.753727 7.009691 45.343686
3.000000 8.322622 45.345694
3.799876 5.248728 38.802101
4.592854 4.786158 38.531090
3.827679 5.232510 39.758759
3.799876 5.248728 41.472802
3.753727 6.148532 41.795996
3.000000 4.835602 41.798004
6.080534 3.918344 42.349791
5.280658 4.331471 42.024589
6.034385 3.018540 42.026596
6.080534 3.918344 45.020492
6.080534 3.887258 44.063796
6.080534 3.000000 45.290446
6.080534 9.239879 38.802101
5.287556 8.777309 38.531090
6.052732 9.223661 39.758759
6.080534 9.239879 41.472802
5.280658 8.826753 41.798004
6.034385 10.139683 41.795996
3.799876 7.909495 49.445170
3.772074 7.925714 50.401829
3.006898 8.372066 49.174160
3.799876 7.909495 52.115871
3.753727 7.009691 52.439066
3.000000 8.322622 52.441073
3.799876 5.248728 45.897480
4.592854 4.786158 45.626470
3.827679 5.232510 46.854139
3.799876 5.248728 48.568181
3.753727 6.148532 48.891376
3.000000 4.835602 48.893383
6.080534 3.918344 49.445170
5.280658 4.331471 49.119968
6.034385 3.018540 49.121976
6.080534 3.918344 52.115871
6.080534 3.887258 51.159176
6.080534 3.000000 52.385826
6.080534 9.239879 45.897480
5.287556 8.777309 45.626470
6.052732 9.223661 46.854139
6.080534 9.239879 48.568181
5.280658 8.826753 48.893383
6.034385 10.139683 48.891376
3.799876 7.909495 56.540550
3.772074 7.925714 57.497209
3.006898 8.372066 56.269540
3.799876 7.909495 59.211251
3.753727 7.009691 59.534445
3.000000 8.322622 59.536453
3.799876 5.248728 52.992860
4.592854 4.786158 52.721850
3.827679 5.232510 53.949519
3.799876 5.248728 55.663561
3.753727 6.148532 55.986756
3.000000 4.835602 55.988763
6.080534 3.918344 56.540550
5.280658 4.331471 56.215348
6.034385 3.018540 56.217356
6.080534 3.918344 59.211251
6.080534 3.887258 58.254556
6.080534 3.000000 59.481206
6.080534 9.239879 52.992860
5.287556 8.777309 52.721850
6.052732 9.223661 53.949519
6.080534 9.239879 55.663561
5.280658 8.826753 55.988763
6.034385 10.139683 55.986756
3.799876 7.909495 63.635930
3.772074 7.925714 64.592589
3.006898 8.372066 63.364919
3.799876 7.909495 66.306631
3.753727 7.009691 66.629825
3.000000 8.322622 66.631833
3.799876 5.248728 60.088240
4.592854 4.786158 59.817230
3.827679 5.232510 61.044899
3.799876 5.248728 62.758941
3.753727 6.148532 63.082135
3.000000 4.835602 63.084143
6.080534 3.918344 63.635930
5.280658 4.331471 63.310728
6.034385 3.018540 63.312735
6.080534 3.918344 66.306631
5.287556 4.380915 66.577641
6.052732 3.934562 65.349972
6.080534 9.239879 60.088240
5.287556 8.777309 59.817230
6.052732 9.223661 61.044899
6.080534 9.239879 62.758941
5.280658 8.826753 63.084143
6.034385 10.139683 63.082135
3.799876 15.891798 6.872892
3.772074 15.908016 7.829551
3.006898 16.354368 6.601882
3.799876 15.891798 9.543593
3.753727 14.991994 9.866787
3.000000 16.304924 9.868795
3.799876 13.231030 3.325202
3.772074 13.214812 4.281861
3.006898 12.768460 3.054192
3.799876 13.231030 5.995903
3.753727 14.130834 6.319097
3.000000 12.817904 6.321105
6.080534 11.900647 6.872892
5.287556 12.363217 6.601882
6.052732 11.916865 7.829551
6.080534 11.900647 9.543593
6.126683 11.000842 9.866787
6.880410 12.313773 9.868795
6.080534 17.222181 3.325202
6.080534 17.253268 4.281897
6.080534 18.140526 3.055248
6.080534 17.222181 5.995903
5.280658 16.809055 6.321105
6.034385 18.121986 6.319097
3.799876 15.891798 13.968272
3.772074 15.908016 14.924930
3.006898 16.354368 13.697261
3.799876 15.891798 16.638973
3.753727 14.991994 16.962167
3.000000 16.304924 16.964175
3.799876 13.231030 10.420582
4.556827 12.741868 10.098126
3.042926 12.741868 10.098126
3.799876 13.231030 13.091283
3.799876 14.149375 13.361237
3.799876 13.262117 12.134588
6.080534 11.900647 13.968272
5.287556 12.363217 13.697261
6.052732 11.916865 14.924930
6.080534 11.900647 16.638973
6.126683 11.000842 16.962167
6.880410 12.313773 16.964175
6.080534 17.222181 10.420582
5.287556 16.759611 10.149571
6.052732 17.205963 11.377240
6.080534 17.222181 13.091283
5.280658 16.809055 13.416485
6.034385 18.121986 13.414477
3.799876 15.891798 21.063651
3.772074 15.908016 22.020310
3.006898 16.354368 20.792641
3.799876 15.891798 23.734352
3.753727 14.991994 24.057547
3.000000 16.304924 24.059554
3.799876 13.231030 17.515962
4.556827 12.741868 17.193506
3.042926 12.741868 17.193506
3.799876 13.231030 20.186662
3.799876 14.149375 20.456617
3.799876 13.262117 19.229967
6.080534 11.900647 21.063651
5.287556 12.363217 20.792641
6.052732 11.916865 22.020310
6.080534 11.900647 23.734352
6.126683 11.000842 24.057547
6.880410 12.313773 24.059554
6.080534 17.222181 17.515962
5.287556 16.759611 17.244951
6.052732 17.205963 18.472620
6.080534 17.222181 20.186662
5.280658 16.809055 20.511865
6.034385 18.121986 20.509857
3.799876 15.891798 28.159031
3.772074 15.908016 29.115690
3.006898 16.354368 27.888021
3.799876 15.891798 30.829732
3.753727 14.991994 31.152926
3.000000 16.304924 31.154934
3.799876 13.231030 24.611341
4.556827 12.741868 24.288885
3.042926 12.741868 24.288885
3.799876 13.231030 27.282042
3.799876 14.149375 27.551997
3.799876 13.262117 26.325347
6.080534 11.900647 28.159031
5.287556 12.363217 27.888021
6.052732 11.916865 29.115690
6.080534 11.900647 30.829732
6.126683 11.000842 31.152926
6.880410 12.313773 31.154934
6.080534 17.222181 24.611341
5.287556 16.759611 24.340331
6.052732 17.205963 25.568000
6.080534 17.222181 27.282042
5.280658 16.809055 27.607244
6.034385 18.121986 27.605237
3.799876 15.891798 35.254411
3.772074 15.908016 36.211070
3.006898 16.354368 34.983400
3.799876 15.891798 37.925112
3.753727 14.991994 38.248306
3.000000 16.304924 38.250314
3.799876 13.231030 31.706721
4.556827 12.741868 31.384265
3.042926 12.741868 31.384265
3.799876 13.231030 34.377422
3.799876 14.149375 34.647376
3.799876 13.262117 33.420727
6.080534 11.900647 35.254411
5.287556 12.363217 34.983400
6.052732 11.916865 36.211070
6.080534 11.900647 37.925112
6.126683 11.000842 38.248306
6.880410 12.313773 38.250314
6.080534 17.222181 31.706721
5.287556 16.759611 31.435711
6.052732 17.205963 32.663380
6.080534 17.222181 34.377422
5.280658 16.809055 34.702624
6.034385 18.121986 34.700616
3.799876 15.891798 42.349791
3.772074 15.908016 43.306449
3.006898 16.354368 42.078780
3.799876 15.891798 45.020492
3.753727 14.991994 45.343686
3.000000 16.304924 45.345694
3.799876 13.231030 38.802101
4.556827 12.741868 38.479645
3.042926 12.741868 38.479645
3.799876 13.231030 41.472802
3.799876 14.149375 41.742756
3.799876 13.262117 40.516107
6.080534 11.900647 42.349791
5.287556 12.363217 42.078780
6.052732 11.916865 43.306449
6.080534 11.900647 45.020492
6.126683 11.000842 45.343686
6.880410 12.313773 45.345694
6.080534 17.222181 38.802101
5.287556 16.759611 38.531090
6.052732 17.205963 39.758759
6.080534 17.222181 41.472802
5.280658 16.809055 41.798004
6.034385 18.121986 41.795996
3.799876 15.891798 49.445170
3.772074 15.908016 50.401829
3.006898 16.354368 49.174160
3.799876 15.891798 52.115871
3.753727 14.991994 52.439066
3.000000 16.304924 52.441073
3.799876 13.231030 45.897480
4.556827 12.741868 45.575024
3.042926 12.741868 45.575024
3.799876 13.231030 48.568181
3.799876 14.149375 48.838136
3.799876 13.262117 47.611486
6.080534 11.900647 49.445170
5.287556 12.363217 49.174160
6.052732 11.916865 50.401829
6.080534 11.900647 52.115871
6.126683 11.000842 52.439066
6.880410 12.313773 52.441073
6.080534 17.222181 45.897480
5.287556 16.759611 45.626470
6.052732 17.205963 46.854139
6.080534 17.222181 48.568181
5.280658 16.809055 48.893383
6.034385 18.121986 48.891376
3.799876 15.891798 56.540550
3.772074 15.908016 57.497209
3.006898 16.354368 56.269540
3.799876 15.891798 59.211251
3.753727 14.991994 59.534445
3.000000 16.304924 59.536453
3.799876 13.231030 52.992860
4.556827 12.741868 52.670404
3.042926 12.741868 52.670404
3.799876 13.231030 55.663561
3.799876 14.149375 55.933516
3.799876 13.262117 54.706866
6.080534 11.900647 56.540550
5.287556 12.363217 56.269540
6.052732 11.916865 57.497209
6.080534 11.900647 59.211251
6.126683 11.000842 59.534445
6.880410 12.313773 59.536453
6.080534 17.222181 52.992860
5.287556 16.759611 52.721850
6.052732 17.205963 53.949519
6.080534 17.222181 55.663561
5.280658 16.809055 55.988763
6.034385 18.121986 55.986756
3.799876 15.891798 63.635930
3.772074 15.908016 64.592589
3.006898 16.354368 63.364919
3.799876 15.891798 66.306631
3.846025 14.991994 66.629825
4.599752 16.304924 66.631833
3.799876 13.231030 60.088240
4.556827 12.741868 59.765784
3.042926 12.741868 59.765784
3.799876 13.231030 62.758941
3.799876 14.149375 63.028895
3.799876 13.262117 61.802246
6.080534 11.900647 63.635930
5.287556 12.363217 63.364919
6.052732 11.916865 64.592589
6.080534 11.900647 66.306631
6.034385 11.000842 66.629825
5.280658 12.313773 66.631833
6.080534 17.222181 60.088240
5.287556 16.759611 59.817230
6.052732 17.205963 61.044899
6.080534 17.222181 62.758941
5.280658 16.809055 63.084143
6.034385 18.121986 63.082135
3.799876 23.874100 6.872892
3.772074 23.890318 7.829551
3.006898 24.336670 6.601882
3.799876 23.874100 9.543593
3.753727 22.974296 9.866787
3.000000 24.287226 9.868795
3.799876 21.213332 3.325202
3.772074 21.197114 4.281861
3.006898 20.750762 3.054192
3.799876 21.213332 5.995903
3.753727 22.113137 6.319097
3.000000 20.800206 6.321105
6.080534 19.882949 6.872892
5.287556 20.345519 6.601882
6.052732 19.899167 7.829551
6.080534 19.882949 9.543593
6.126683 18.983145 9.866787
6.880410 20.296075 9.868795
6.080534 25.204484 3.325202
6.080534 25.235570 4.281897
6.080534 26.122828 3.055248
6.080534 25.204484 5.995903
5.280658 24.791357 6.321105
6.034385 26.104288 6.319097
3.799876 23.874100 13.968272
3.772074 23.890318 14.924930
3.006898 24.336670 13.697261
3.799876 23.874100 16.638973
3.753727 22.974296 16.962167
3.000000 24.287226 16.964175
3.799876 21.213332 10.420582
4.592854 20.750762 10.149571
3.827679 21.197114 11.377240
3.799876 21.213332 13.091283
3.753727 22.113137 13.414477
3.000000 20.800206 13.416485
6.080534 19.882949 13.968272
5.287556 20.345519 13.697261
6.052732 19.899167 14.924930
6.080534 19.882949 16.638973
6.126683 18.983145 16.962167
6.880410 20.296075 16.964175
6.080534 25.204484 10.420582
5.287556 24.741913 10.149571
6.052732 25.188266 11.377240
6.080534 25.204484 13.091283
5.280658 24.791357 13.416485
6.034385 26.104288 13.414477
3.799876 23.874100 21.063651
3.772074 23.890318 22.020310
3.006898 24.336670 20.792641
3.799876 23.874100 23.734352
3.753727 22.974296 24.057547
3.000000 24.287226 24.059554
3.799876 21.213332 17.515962
4.592854 20.750762 17.244951
3.827679 21.197114 18.472620
3.799876 21.213332 20.186662
3.753727 22.113137 20.509857
3.000000 20.800206 20.511865
6.080534 19.882949 21.063651
5.287556 20.345519 20.792641
6.052732 19.899167 22.020310
6.080534 19.882949 23.734352
6.126683 18.983145 24.057547
6.880410 20.296075 24.059554
6.080534 25.204484 17.515962
5.287556 24.741913 17.244951
6.052732 25.188266 18.472620
6.080534 25.204484 20.186662
5.280658 24.791357 20.511865
6.034385 26.104288 20.509857
3.799876 23.874100 28.159031
3.772074 23.890318 29.115690
3.006898 24.336670 27.888021
3.799876 23.874100 30.829732
3.753727 22.974296 31.152926
3.000000 24.287226 31.154934
3.799876 21.213332 24.611341
4.592854 20.750762 24.340331
3.827679 21.197114 25.568000
3.799876 21.213332 27.282042
3.753727 22.113137 27.605237
3.000000 20.800206 27.607244
6.080534 19.882949 28.159031
5.287556 20.345519 27.888021
6.052732 19.899167 29.115690
6.080534 19.882949 30.829732
6.126683 18.983145 31.152926
6.880410 20.296075 31.154934
6.080534 25.204484 24.611341
5.287556 24.741913 24.340331
6.052732 25.188266 25.568000
6.080534 25.204484 27.282042
5.280658 24.791357 27.607244
6.034385 26.104288 27.605237
3.799876 23.874100 35.254411
3.772074 23.890318 36.211070
3.006898 24.336670 34.983400
3.799876 23.874100 37.925112
3.753727 22.974296 38.248306
3.000000 24.287226 38.250314
3.799876 21.213332 31.706721
4.592854 20.750762 31.435711
3.827679 21.197114 32.663380
3.799876 21.213332 34.377422
3.753727 22.113137 34.700616
3.000000 20.800206 34.702624
6.080534 19.882949 35.254411
5.287556 20.345519 34.983400
6.052732 19.899167 36.211070
6.080534 19.882949 37.925112
6.126683 18.983145 38.248306
6.880410 20.296075 38.250314
6.080534 25.204484 31.706721
5.287556 24.741913 31.435711
6.052732 25.188266 32.663380
6.080534 25.204484 34.377422
5.280658 24.791357 34.702624
6.034385 26.104288 34.700616
3.799876 23.874100 42.349791
3.772074 23.890318 43.306449
3.006898 24.336670 42.078780
3.799876 23.874100 45.020492
3.753727 22.974296 45.343686
3.000000 24.287226 45.345694
3.799876 21.213332 38.802101
4.592854 20.750762 38.531090
3.827679 21.197114 39.758759
3.799876 21.213332 41.472802
3.753727 22.113137 41.795996
3.000000 20.800206 41.798004
6.080534 19.882949 42.349791
5.287556 20.345519 42.078780
6.052732 19.899167 43.306449
6.080534 19.882949 45.020492
6.126683 18.983145 45.343686
6.880410 20.296075 45.345694
6.080534 25.204484 38.802101
5.287556 24.741913 38.531090
6.052732 25.188266 39.758759
6.080534 25.204484 41.472802
5.280658 24.791357 41.798004
6.034385 26.104288 41.795996
3.799876 23.874100 49.445170
3.772074 23.890318 50.401829
3.006898 24.336670 49.174160
3.799876 23.874100 52.115871
3.753727 22.974296 52.439066
3.000000 24.287226 52.441073
3.799876 21.213332 45.897480
4.592854 20.750762 45.626470
3.827679 21.197114 46.854139
3.799876 21.213332 48.568181
3.753727 22.113137 48.891376
3.000000 20.800206 48.893383
6.080534 19.882949 49.445170
5.287556 20.345519 49.174160
6.052732 19.899167 50.401829
6.080534 19.882949 52.115871
6.126683 18.983145 52.439066
6.880410 20.296075 52.441073
6.080534 25.204484 45.897480
5.287556 24.741913 45.626470
6.052732 25.188266 46.854139
6.080534 25.204484 48.568181
5.280658 24.791357 48.893383
6.034385 26.104288 48.891376
3.799876 23.874100 56.540550
3.772074 23.890318 57.497209
3.006898 24.336670 56.269540
3.799876 23.874100 59.211251
3.753727 22.974296 59.534445
3.000000 24.287226 59.536453
3.799876 21.213332 52.992860
4.592854 20.750762 52.721850
3.827679 21.197114 53.949519
3.799876 21.213332 55.663561
3.753727 22.113137 55.986756
3.000000 20.800206 55.988763
6.080534 19.882949 56.540550
5.287556 20.345519 56.269540
6.052732 19.899167 57.497209
6.080534 19.882949 59.211251
6.126683 18.983145 59.534445
6.880410 20.296075 59.536453
6.080534 25.204484 52.992860
5.287556 24.741913 52.721850
6.052732 25.188266 53.949519
6.080534 25.204484 55.663561
5.280658 24.791357 55.988763
6.034385 26.104288 55.986756
3.799876 23.874100 63.635930
3.772074 23.890318 64.592589
3.006898 24.336670 63.364919
3.799876 23.874100 66.306631
3.846025 22.974296 66.629825
4.599752 24.287226 66.631833
3.799876 21.213332 60.088240
4.592854 20.750762 59.817230
3.827679 21.197114 61.044899
3.799876 21.213332 62.758941
3.753727 22.113137 63.082135
3.000000 20.800206 63.084143
6.080534 19.882949 63.635930
5.323584 20.372111 63.313474
6.837484 20.372111 63.313474
6.080534 19.882949 66.306631
5.287556 20.345519 66.577641
6.052732 19.899167 65.349972
6.080534 25.204484 60.088240
5.287556 24.741913 59.817230
6.052732 25.188266 61.044899
6.080534 25.204484 62.758941
5.280658 24.791357 63.084143
6.034385 26.104288 63.082135
3.799876 31.856402 6.872892
3.772074 31.872620 7.829551
3.006898 32.318972 6.601882
3.799876 31.856402 9.543593
3.753727 30.956598 9.866787
3.000000 32.269529 9.868795
3.799876 29.195635 3.325202
3.772074 29.179417 4.281861
3.006898 28.733064 3.054192
3.799876 29.195635 5.995903
3.753727 30.095439 6.319097
3.000000 28.782508 6.321105
6.080534 27.865251 6.872892
5.287556 28.327821 6.601882
6.052732 27.881469 7.829551
6.080534 27.865251 9.543593
6.126683 26.965447 9.866787
6.880410 28.278378 9.868795
6.080534 33.186786 3.325202
6.080534 33.217873 4.281897
6.080534 34.105130 3.055248
6.080534 33.186786 5.995903
5.280658 32.773659 6.321105
6.034385 34.086590 6.319097
3.799876 31.856402 13.968272
3.772074 31.872620 14.924930
3.006898 32.318972 13.697261
3.799876 31.856402 16.638973
3.753727 30.956598 16.962167
3.000000 32.269529 16.964175
3.799876 29.195635 10.420582
4.592854 28.733064 10.149571
3.827679 29.179417 11.377240
3.799876 29.195635 13.091283
3.753727 30.095439 13.414477
3.000000 28.782508 13.416485
6.080534 27.865251 13.968272
5.287556 28.327821 13.697261
6.052732 27.881469 14.924930
6.080534 27.865251 16.638973
6.126683 26.965447 16.962167
6.880410 28.278378 16.964175
6.080534 33.186786 10.420582
5.287556 32.724215 10.149571
6.052732 33.170568 11.377240
6.080534 33.186786 13.091283
5.280658 32.773659 13.416485
6.034385 34.086590 13.414477
3.799876 31.856402 21.063651
3.772074 31.872620 22.020310
3.006898 32.318972 20.792641
3.799876 31.856402 23.734352
3.753727 30.956598 24.057547
3.000000 32.269529 24.059554
3.799876 29.195635 17.515962
4.592854 28.733064 17.244951
3.827679 29.179417 18.472620
3.799876 29.195635 20.186662
3.753727 30.095439 20.509857
3.000000 28.782508 20.511865
6.080534 27.865251 21.063651
5.287556 28.327821 20.792641
6.052732 27.881469 22.020310
6.080534 27.865251 23.734352
6.126683 26.965447 24.057547
6.880410 28.278378 24.059554
6.080534 33.186786 17.515962
5.287556 32.724215 17.244951
6.052732 33.170568 18.472620
6.080534 33.186786 20.186662
5.280658 32.773659 20.511865
6.034385 34.086590 20.509857
3.799876 31.856402 28.159031
3.772074 31.872620 29.115690
3.006898 32.318972 27.888021
3.799876 31.856402 30.829732
3.753727 30.956598 31.152926
3.000000 32.269529 31.154934
3.799876 29.195635 24.611341
4.592854 28.733064 24.340331
3.827679 29.179417 25.568000
3.799876 29.195635 27.282042
3.753727 30.095439 27.605237
3.000000 28.782508 27.607244
6.080534 27.865251 28.159031
5.287556 28.327821 27.888021
6.052732 27.881469 29.115690
6.080534 27.865251 30.829732
6.126683 26.965447 31.152926
6.880410 28.278378 31.154934
6.080534 33.186786 24.611341
5.287556 32.724215 24.340331
6.052732 33.170568 25.568000
6.080534 33.186786 27.282042
5.280658 32.773659 27.607244
6.034385 34.086590 27.605237
3.799876 31.856402 35.254411
3.772074 31.872620 36.211070
3.006898 32.318972 34.983400
3.799876 31.856402 37.925112
3.753727 30.956598 38.248306
3.000000 32.269529 38.250314
3.799876 29.195635 31.706721
4.592854 28.733064 31.435711
3.827679 29.179417 32.663380
3.799876 29.195635 34.377422
3.753727 30.095439 34.700616
3.000000 28.782508 34.702624
6.080534 27.865251 35.254411
5.287556 28.327821 34.983400
6.052732 27.881469 36.211070
6.080534 27.865251 37.925112
6.126683 26.965447 38.248306
6.880410 28.278378 38.250314
6.080534 33.186786 31.706721
5.287556 32.724215 31.435711
6.052732 33.170568 32.663380
6.080534 33.186786 34.377422
5.280658 32.773659 34.702624
6.034385 34.086590 34.700616
3.799876 31.856402 42.349791
3.772074 31.872620 43.306449
3.006898 32.318972 42.078780
3.799876 31.856402 45.020492
3.753727 30.956598 45.343686
3.000000 32.269529 45.345694
3.799876 29.195635 38.802101
4.592854 28.733064 38.531090
3.827679 29.179417 39.758759
3.799876 29.195635 41.472802
3.753727 30.095439 41.795996
3.000000 28.782508 41.798004
6.080534 27.865251 42.349791
5.287556 28.327821 42.078780
6.052732 27.881469 43.306449
6.080534 27.865251 45.020492
6.126683 26.965447 45.343686
6.880410 28.278378 45.345694
6.080534 33.186786 38.802101
5.287556 32.724215 38.531090
6.052732 33.170568 39.758759
6.080534 33.186786 41.472802
5.280658 32.773659 41.798004
6.034385 34.086590 41.795996
3.799876 31.856402 49.445170
3.772074 31.872620 50.401829
3.006898 32.318972 49.174160
3.799876 31.856402 52.115871
3.753727 30.956598 52.439066
3.000000 32.269529 52.441073
3.799876 29.195635 45.897480
4.592854 28.733064 45.626470
3.827679 29.179417 46.854139
3.799876 29.195635 48.568181
3.753727 30.095439 48.891376
3.000000 28.782508 48.893383
6.080534 27.865251 49.445170
5.287556 28.327821 49.174160
6.052732 27.881469 50.401829
6.080534 27.865251 52.115871
6.126683 26.965447 52.439066
6.880410 28.278378 52.441073
6.080534 33.186786 45.897480
5.287556 32.724215 45.626470
6.052732 33.170568 46.854139
6.080534 33.186786 48.568181
5.280658 32.773659 48.893383
6.034385 34.086590 48.891376
3.799876 31.856402 56.540550
3.772074 31.872620 57.497209
3.006898 32.318972 56.269540
3.799876 31.856402 59.211251
3.753727 30.956598 59.534445
3.000000 32.269529 59.536453
3.799876 29.195635 52.992860
4.592854 28.733064 52.721850
3.827679 29.179417 53.949519
3.799876 29.195635 55.663561
3.753727 30.095439 55.986756
3.000000 28.782508 55.988763
6.080534 27.865251 56.540550
5.287556 28.327821 56.269540
6.052732 27.881469 57.497209
6.080534 27.865251 59.211251
6.126683 26.965447 59.534445
6.880410 28.278378 59.536453
6.080534 33.186786 52.992860
5.287556 32.724215 52.721850
6.052732 33.170568 53.949519
6.080534 33.186786 55.663561
5.280658 32.773659 55.988763
6.034385 34.086590 55.986756
3.799876 31.856402 63.635930
3.772074 31.872620 64.592589
3.006898 32.318972 63.364919
3.799876 31.856402 66.306631
3.846025 30.956598 66.629825
4.599752 32.269529 66.631833
3.799876 29.195635 60.088240
4.592854 28.733064 59.817230
3.827679 29.179417 61.044899
3.799876 29.195635 62.758941
3.753727 30.095439 63.082135
3.000000 28.782508 63.084143
6.080534 27.865251 63.635930
5.323584 28.354414 63.313474
6.837484 28.354414 63.313474
6.080534 27.865251 66.306631
5.287556 28.327821 66.577641
6.052732 27.881469 65.349972
6.080534 33.186786 60.088240
5.287556 32.724215 59.817230
6.052732 33.170568 61.044899
6.080534 33.186786 62.758941
5.280658 32.773659 63.084143
6.034385 34.086590 63.082135
3.799876 39.838704 6.872892
3.772074 39.854922 7.829551
3.006898 40.301275 6.601882
3.799876 39.838704 9.543593
3.753727 38.938900 9.866787
3.000000 40.251831 9.868795
3.799876 37.177937 3.325202
3.772074 37.161719 4.281861
3.006898 36.715367 3.054192
3.799876 37.177937 5.995903
3.753727 38.077741 6.319097
3.000000 36.764810 6.321105
6.080534 35.847553 6.872892
5.287556 36.310124 6.601882
6.052732 35.863771 7.829551
6.080534 35.847553 9.543593
6.126683 34.947749 9.866787
6.880410 36.260680 9.868795
6.080534 41.169088 3.325202
6.080534 41.200175 4.281897
6.080534 42.087432 3.055248
6.080534 41.169088 5.995903
5.280658 40.755961 6.321105
6.034385 42.068892 6.319097
3.799876 39.838704 13.968272
3.772074 39.854922 14.924930
3.006898 40.301275 13.697261
3.799876 39.838704 16.638973
3.753727 38.938900 16.962167
3.000000 40.251831 16.964175
3.799876 37.177937 10.420582
4.592854 36.715367 10.149571
3.827679 37.161719 11.377240
3.799876 37.177937 13.091283
3.753727 38.077741 13.414477
3.000000 36.764810 13.416485
6.080534 35.847553 13.968272
5.287556 36.310124 13.697261
6.052732 35.863771 14.924930
6.080534 35.847553 16.638973
6.126683 34.947749 16.962167
6.880410 36.260680 16.964175
6.080534 41.169088 10.420582
5.287556 40.706518 10.149571
6.052732 41.152870 11.377240
6.080534 41.169088 13.091283
5.280658 40.755961 13.416485
6.034385 42.068892 13.414477
3.799876 39.838704 21.063651
3.772074 39.854922 22.020310
3.006898 40.301275 20.792641
3.799876 39.838704 23.734352
3.753727 38.938900 24.057547
3.000000 40.251831 24.059554
3.799876 37.177937 17.515962
4.592854 36.715367 17.244951
3.827679 37.161719 18.472620
3.799876 37.177937 20.186662
3.753727 38.077741 20.509857
3.000000 36.764810 20.511865
6.080534 35.847553 21.063651
5.287556 36.310124 20.792641
6.052732 35.863771 22.020310
6.080534 35.847553 23.734352
6.126683 34.947749 24.057547
6.880410 36.260680 24.059554
6.080534 41.169088 17.515962
5.287556 40.706518 17.244951
6.052732 41.152870 18.472620
6.080534 41.169088 20.186662
5.280658 40.755961 20.511865
6.034385 42.068892 20.509857
3.799876 39.838704 28.159031
3.772074 39.854922 29.115690
3.006898 40.301275 27.888021
3.799876 39.838704 30.829732
3.753727 38.938900 31.152926
3.000000 40.251831 31.154934
3.799876 37.177937 24.611341
4.592854 36.715367 24.340331
3.827679 37.161719 25.568000
3.799876 37.177937 27.282042
3.753727 38.077741 27.605237
3.000000 36.764810 27.607244
6.080534 35.847553 28.159031
5.287556 36.310124 27.888021
6.052732 35.863771 29.115690
6.080534 35.847553 30.829732
6.126683 34.947749 31.152926
6.880410 36.260680 31.154934
6.080534 41.169088 24.611341
5.287556 40.706518 24.340331
6.052732 41.152870 25.568000
6.080534 41.169088 27.282042
5.280658 40.755961 27.607244
6.034385 42.068892 27.605237
3.799876 39.838704 35.254411
3.772074 39.854922 36.211070
3.006898 40.301275 34.983400
3.799876 39.838704 37.925112
3.753727 38.938900 38.248306
3.000000 40.251831 38.250314
3.799876 37.177937 31.706721
4.592854 36.715367 31.435711
3.827679 37.161719 32.663380
3.799876 37.177937 34.377422
3.753727 38.077741 34.700616
3.000000 36.764810 34.702624
6.080534 35.847553 35.254411
5.287556 36.310124 34.983400
6.052732 35.863771 36.211070
6.080534 35.847553 37.925112
6.126683 34.947749 38.248306
6.880410 36.260680 38.250314
6.080534 41.169088 31.706721
5.287556 40.706518 31.435711
6.052732 41.152870 32.663380
6.080534 41.169088 34.377422
5.280658 40.755961 34.702624
6.034385 42.068892 34.700616
3.799876 39.838704 42.349791
3.772074 39.854922 43.306449
3.006898 40.301275 42.078780
3.799876 39.838704 45.020492
3.753727 38.938900 45.343686
3.000000 40.251831 45.345694
3.799876 37.177937 38.802101
4.592854 36.715367 38.531090
3.827679 37.161719 39.758759
3.799876 37.177937 41.472802
3.753727 38.077741 41.795996
3.000000 36.764810 41.798004
6.080534 35.847553 42.349791
5.287556 36.310124 42.078780
6.052732 35.863771 43.306449
6.080534 35.847553 45.020492
6.126683 34.947749 45.343686
6.880410 36.260680 45.345694
6.080534 41.169088 38.802101
5.287556 40.706518 38.531090
6.052732 41.152870 39.758759
6.080534 41.169088 41.472802
5.280658 40.755961 41.798004
6.034385 42.068892 41.795996
3.799876 39.838704 49.445170
3.772074 39.854922 50.401829
3.006898 40.301275 49.174160
3.799876 39.838704 52.115871
3.753727 38.938900 52.439066
3.000000 40.251831 52.441073
3.799876 37.177937 45.897480
4.592854 36.715367 45.626470
3.827679 37.161719 46.854139
3.799876 37.177937 48.568181
3.753727 38.077741 48.891376
3.000000 36.764810 48.893383
6.080534 35.847553 49.445170
5.287556 36.310124 49.174160
6.052732 35.863771 50.401829
6.080534 35.847553 52.115871
6.126683 34.947749 52.439066
6.880410 36.260680 52.441073
6.080534 41.169088 45.897480
5.287556 40.706518 45.626470
6.052732 41.152870 46.854139
6.080534 41.169088 48.568181
5.280658 40.755961 48.893383
6.034385 42.068892 48.891376
3.799876 39.838704 56.540550
3.772074 39.854922 57.497209
3.006898 40.301275 56.269540
3.799876 39.838704 59.211251
3.753727 38.938900 59.534445
3.000000 40.251831 59.536453
3.799876 37.177937 52.992860
4.592854 36.715367 52.721850
3.827679 37.161719 53.949519
3.799876 37.177937 55.663561
3.753727 38.077741 55.986756
3.000000 36.764810 55.988763
6.080534 35.847553 56.540550
5.287556 36.310124 56.269540
6.052732 35.863771 57.497209
6.080534 35.847553 59.211251
6.126683 34.947749 59.534445
6.880410 36.260680 59.536453
6.080534 41.169088 52.992860
5.287556 40.706518 52.721850
6.052732 41.152870 53.949519
6.080534 41.169088 55.663561
5.280658 40.755961 55.988763
6.034385 42.068892 55.986756
3.799876 39.838704 63.635930
3.772074 39.854922 64.592589
3.006898 40.301275 63.364919
3.799876 39.838704 66.306631
3.846025 38.938900 66.629825
4.599752 40.251831 66.631833
3.799876 37.177937 60.088240
4.592854 36.715367 59.817230
3.827679 37.161719 61.044899
3.799876 37.177937 62.758941
3.753727 38.077741 63.082135
3.000000 36.764810 63.084143
6.080534 35.847553 63.635930
5.323584 36.336716 63.313474
6.837484 36.336716 63.313474
6.080534 35.847553 66.306631
5.287556 36.310124 66.577641
6.052732 35.863771 65.349972
6.080534 41.169088 60.088240
5.287556 40.706518 59.817230
6.052732 41.152870 61.044899
6.080534 41.169088 62.758941
5.280658 40.755961 63.084143
6.034385 42.068892 63.082135
3.799876 47.821007 6.872892
3.772074 47.837225 7.829551
3.006898 48.283577 6.601882
3.799876 47.821007 9.543593
3.753727 46.921202 9.866787
3.000000 48.234133 9.868795
3.799876 45.160239 3.325202
3.772074 45.144021 4.281861
3.006898 44.697669 3.054192
3.799876 45.160239 5.995903
3.753727 46.060043 6.319097
3.000000 44.747113 6.321105
6.080534 43.829855 6.872892
5.287556 44.292426 6.601882
6.052732 43.846073 7.829551
6.080534 43.829855 9.543593
6.126683 42.930051 9.866787
6.880410 44.242982 9.868795
6.080534 49.151390 3.325202
6.080534 49.182477 4.281897
6.080534 50.069735 3.055248
6.080534 49.151390 5.995903
5.280658 48.738264 6.321105
6.034385 50.051194 6.319097
3.799876 47.821007 13.968272
3.772074 47.837225 14.924930
3.006898 48.283577 13.697261
3.799876 47.821007 16.638973
3.753727 46.921202 16.962167
3.000000 48.234133 16.964175
3.799876 45.160239 10.420582
4.592854 44.697669 10.149571
3.827679 45.144021 11.377240
3.799876 45.160239 13.091283
3.753727 46.060043 13.414477
3.000000 44.747113 13.416485
6.080534 43.829855 13.968272
5.287556 44.292426 13.697261
6.052732 43.846073 14.924930
6.080534 43.829855 16.638973
6.126683 42.930051 16.962167
6.880410 44.242982 16.964175
6.080534 49.151390 10.420582
5.280658 48.738264 10.095380
6.034385 50.051194 10.097387
6.080534 49.151390 13.091283
5.287556 48.688820 13.362293
6.052732 49.135172 12.134624
3.799876 47.821007 21.063651
3.772074 47.837225 22.020310
3.006898 48.283577 20.792641
3.799876 47.821007 23.734352
3.753727 46.921202 24.057547
3.000000 48.234133 24.059554
3.799876 45.160239 17.515962
4.592854 44.697669 17.244951
3.827679 45.144021 18.472620
3.799876 45.160239 20.186662
3.753727 46.060043 20.509857
3.000000 44.747113 20.511865
6.080534 43.829855 21.063651
5.287556 44.292426 20.792641
6.052732 43.846073 22.020310
6.080534 43.829855 23.734352
6.126683 42.930051 24.057547
6.880410 44.242982 24.059554
6.080534 49.151390 17.515962
5.280658 48.738264 17.190759
6.034385 50.051194 17.192767
6.080534 49.151390 20.186662
5.287556 48.688820 20.457673
6.052732 49.135172 19.230004
3.799876 47.821007 28.159031
3.772074 47.837225 29.115690
3.006898 48.283577 27.888021
3.799876 47.821007 30.829732
3.753727 46.921202 31.152926
3.000000 48.234133 31.154934
3.799876 45.160239 24.611341
4.592854 44.697669 24.340331
3.827679 45.144021 25.568000
3.799876 45.160239 27.282042
3.753727 46.060043 27.605237
3.000000 44.747113 27.607244
6.080534 43.829855 28.159031
5.287556 44.292426 27.888021
6.052732 43.846073 29.115690
6.080534 43.829855 30.829732
6.126683 42.930051 31.152926
6.880410 44.242982 31.154934
6.080534 49.151390 24.611341
5.280658 48.738264 24.286139
6.034385 50.051194 24.288147
6.080534 49.151390 27.282042
5.287556 48.688820 27.553053
6.052732 49.135172 26.325384
3.799876 47.821007 35.254411
3.772074 47.837225 36.211070
3.006898 48.283577 34.983400
3.799876 47.821007 37.925112
3.753727 46.921202 38.248306
3.000000 48.234133 38.250314
3.799876 45.160239 31.706721
4.592854 44.697669 31.435711
3.827679 45.144021 32.663380
3.799876 45.160239 34.377422
3.753727 46.060043 34.700616
3.000000 44.747113 34.702624
6.080534 43.829855 35.254411
5.287556 44.292426 34.983400
6.052732 43.846073 36.211070
6.080534 43.829855 37.925112
6.126683 42.930051 38.248306
6.880410 44.242982 38.250314
6.080534 49.151390 31.706721
5.280658 48.738264 31.381519
6.034385 50.051194 31.383527
6.080534 49.151390 34.377422
5.287556 48.688820 34.648432
6.052732 49.135172 33.420763
3.799876 47.821007 42.349791
3.772074 47.837225 43.306449
3.006898 48.283577 42.078780
3.799876 47.821007 45.020492
3.753727 46.921202 45.343686
3.000000 48.234133 45.345694
3.799876 45.160239 38.802101
4.592854 44.697669 38.531090
3.827679 45.144021 39.758759
3.799876 45.160239 41.472802
3.753727 46.060043 41.795996
3.000000 44.747113 41.798004
6.080534 43.829855 42.349791
5.287556 44.292426 42.078780
6.052732 43.846073 43.306449
6.080534 43.829855 45.020492
6.126683 42.930051 45.343686
6.880410 44.242982 45.345694
6.080534 49.151390 38.802101
5.280658 48.738264 38.476899
6.034385 50.051194 38.478906
6.080534 49.151390 41.472802
5.287556 48.688820 41.743812
6.052732 49.135172 40.516143
3.799876 47.821007 49.445170
3.772074 47.837225 50.401829
3.006898 48.283577 49.174160
3.799876 47.821007 52.115871
3.753727 46.921202 52.439066
3.000000 48.234133 52.441073
3.799876 45.160239 45.897480
4.592854 44.697669 45.626470
3.827679 45.144021 46.854139
3.799876 45.160239 48.568181
3.753727 46.060043 48.891376
3.000000 44.747113 48.893383
6.080534 43.829855 49.445170
5.287556 44.292426 49.174160
6.052732 43.846073 50.401829
6.080534 43.829855 52.115871
6.126683 42.930051 52.439066
6.880410 44.242982 52.441073
6.080534 49.151390 45.897480
5.280658 48.738264 45.572278
6.034385 50.051194 45.574286
6.080534 49.151390 48.568181
5.287556 48.688820 48.839192
6.052732 49.135172 47.611523
3.799876 47.821007 56.540550
3.772074 47.837225 57.497209
3.006898 48.283577 56.269540
3.799876 47.821007 59.211251
3.753727 46.921202 59.534445
3.000000 48.234133 59.536453
3.799876 45.160239 52.992860
4.592854 44.697669 52.721850
3.827679 45.144021 53.949519
3.799876 45.160239 55.663561
3.753727 46.060043 55.986756
3.000000 44.747113 55.988763
6.080534 43.829855 56.540550
5.287556 44.292426 56.269540
6.052732 43.846073 57.497209
6.080534 43.829855 59.211251
6.126683 42.930051 59.534445
6.880410 44.242982 59.536453
6.080534 49.151390 52.992860
5.280658 48.738264 52.667658
6.034385 50.051194 52.669666
6.080534 49.151390 55.663561
5.287556 48.688820 55.934572
6.052732 49.135172 54.706902
3.799876 47.821007 63.635930
3.772074 47.837225 64.592589
3.006898 48.283577 63.364919
3.799876 47.821007 66.306631
3.846025 46.921202 66.629825
4.599752 48.234133 66.631833
3.799876 45.160239 60.088240
4.592854 44.697669 59.817230
3.827679 45.144021 61.044899
3.799876 45.160239 62.758941
3.753727 46.060043 63.082135
3.000000 44.747113 63.084143
6.080534 43.829855 63.635930
5.323584 44.319018 63.313474
6.837484 44.319018 63.313474
6.080534 43.829855 66.306631
5.287556 44.292426 66.577641
6.052732 43.846073 65.349972
6.080534 49.151390 60.088240
5.280658 48.738264 59.763038
6.034385 50.051194 59.765046
6.080534 49.151390 62.758941
5.287556 48.688820 63.029951
6.052732 49.135172 61.802282
3.799876 55.803309 6.872892
3.753727 54.903505 6.549698
3.000000 56.216435 6.547690
3.799876 55.803309 9.543593
3.772074 55.819527 8.586934
3.006898 56.265879 9.814603
3.799876 53.142541 3.325202
3.753727 54.042345 3.002008
3.000000 52.729415 3.000000
3.799876 53.142541 5.995903
3.772074 53.126323 5.039244
3.006898 52.679971 6.266913
6.080534 51.812158 6.872892
5.323584 52.301320 6.550436
6.837484 52.301320 6.550436
6.080534 51.812158 9.543593
6.052732 51.828376 8.586934
5.287556 52.274728 9.814603
6.080534 57.133692 3.325202
6.080534 57.164779 4.281897
6.080534 58.052037 3.055248
6.080534 57.133692 5.995903
5.280658 56.720566 6.321105
6.034385 58.033497 6.319097
3.799876 55.803309 13.968272
3.753727 54.903505 13.645077
3.000000 56.216435 13.643070
3.799876 55.803309 16.638973
3.772074 55.819527 15.682314
3.006898 56.265879 16.909983
3.799876 53.142541 10.420582
3.753727 54.042345 10.097387
3.000000 52.729415 10.095380
3.799876 53.142541 13.091283
3.827679 53.126323 12.134624
4.592854 52.679971 13.362293
6.080534 51.812158 13.968272
6.126683 50.912353 13.645077
6.880410 52.225284 13.643070
6.080534 51.812158 16.638973
6.052732 51.828376 15.682314
5.287556 52.274728 16.909983
6.080534 57.133692 10.420582
5.287556 56.671122 10.149571
6.052732 57.117474 11.377240
6.080534 57.133692 13.091283
5.280658 56.720566 13.416485
6.034385 58.033497 13.414477
3.799876 55.803309 21.063651
3.753727 54.903505 20.740457
3.000000 56.216435 20.738449
3.799876 55.803309 23.734352
3.772074 55.819527 22.777694
3.006898 56.265879 24.005363
3.799876 53.142541 17.515962
3.753727 54.042345 17.192767
3.000000 52.729415 17.190759
3.799876 53.142541 20.186662
3.827679 53.126323 19.230004
4.592854 52.679971 20.457673
6.080534 51.812158 21.063651
6.126683 50.912353 20.740457
6.880410 52.225284 20.738449
6.080534 51.812158 23.734352
6.052732 51.828376 22.777694
5.287556 52.274728 24.005363
6.080534 57.133692 17.515962
5.287556 56.671122 17.244951
6.052732 57.117474 18.472620
6.080534 57.133692 20.186662
5.280658 56.720566 20.511865
6.034385 58.033497 20.509857
3.799876 55.803309 28.159031
3.753727 54.903505 27.835837
3.000000 56.216435 27.833829
3.799876 55.803309 30.829732
3.772074 55.819527 29.873073
3.006898 56.265879 31.100742
3.799876 53.142541 24.611341
3.753727 54.042345 24.288147
3.000000 52.729415 24.286139
3.799876 53.142541 27.282042
3.827679 53.126323 26.325384
4.592854 52.679971 27.553053
6.080534 51.812158 28.159031
6.126683 50.912353 27.835837
6.880410 52.225284 27.833829
6.080534 51.812158 30.829732
6.052732 51.828376 29.873073
5.287556 52.274728 31.100742
6.080534 57.133692 24.611341
5.287556 56.671122 24.340331
6.052732 57.117474 25.568000
6.080534 57.133692 27.282042
5.280658 56.720566 27.607244
6.034385 58.033497 27.605237
3.799876 55.803309 35.254411
3.753727 54.903505 34.931217
3.000000 56.216435 34.929209
3.799876 55.803309 37.925112
3.772074 55.819527 36.968453
3.006898 56.265879 38.196122
3.799876 53.142541 31.706721
3.753727 54.042345 31.383527
3.000000 52.729415 31.381519
3.799876 53.142541 34.377422
3.827679 53.126323 33.420763
4.592854 52.679971 34.648432
6.080534 51.812158 35.254411
6.126683 50.912353 34.931217
6.880410 52.225284 34.929209
6.080534 51.812158 37.925112
6.052732 51.828376 36.968453
5.287556 52.274728 38.196122
6.080534 57.133692 31.706721
5.287556 56.671122 31.435711
6.052732 57.117474 32.663380
6.080534 57.133692 34.377422
5.280658 56.720566 34.702624
6.034385 58.033497 34.700616
3.799876 55.803309 42.349791
3.753727 54.903505 42.026596
3.000000 56.216435 42.024589
3.799876 55.803309 45.020492
3.772074 55.819527 44.063833
3.006898 56.265879 45.291502
3.799876 53.142541 38.802101
3.753727 54.042345 38.478906
3.000000 52.729415 38.476899
3.799876 53.142541 41.472802
3.827679 53.126323 40.516143
4.592854 52.679971 41.743812
6.080534 51.812158 42.349791
6.126683 50.912353 42.026596
6.880410 52.225284 42.024589
6.080534 51.812158 45.020492
6.052732 51.828376 44.063833
5.287556 52.274728 45.291502
6.080534 57.133692 38.802101
5.287556 56.671122 38.531090
6.052732 57.117474 39.758759
6.080534 57.133692 41.472802
5.280658 56.720566 41.798004
6.034385 58.033497 41.795996
3.799876 55.803309 49.445170
3.753727 54.903505 49.121976
3.000000 56.216435 49.119968
3.799876 55.803309 52.115871
3.772074 55.819527 51.159213
3.006898 56.265879 52.386882
3.799876 53.142541 45.897480
3.753727 54.042345 45.574286
3.000000 52.729415 45.572278
3.799876 53.142541 48.568181
3.827679 53.126323 47.611523
4.592854 52.679971 48.839192
6.080534 51.812158 49.445170
6.126683 50.912353 49.121976
6.880410 52.225284 49.119968
6.080534 51.812158 52.115871
6.052732 51.828376 51.159213
5.287556 52.274728 52.386882
6.080534 57.133692 45.897480
5.287556 56.671122 45.626470
6.052732 57.117474 46.854139
6.080534 57.133692 48.568181
5.280658 56.720566 48.893383
6.034385 58.033497 48.891376
3.799876 55.803309 56.540550
3.753727 54.903505 56.217356
3.000000 56.216435 56.215348
3.799876 55.803309 59.211251
3.799876 55.772222 58.254556
3.799876 54.884964 59.481206
3.799876 53.142541 52.992860
3.753727 54.042345 52.669666
3.000000 52.729415 52.667658
3.799876 53.142541 55.663561
3.827679 53.126323 54.706902
4.592854 52.679971 55.934572
6.080534 51.812158 56.540550
6.126683 50.912353 56.217356
6.880410 52.225284 56.215348
6.080534 51.812158 59.211251
6.108336 51.828376 58.254592
6.873512 52.274728 59.482261
6.080534 57.133692 52.992860
5.287556 56.671122 52.721850
6.052732 57.117474 53.949519
6.080534 57.133692 55.663561
5.280658 56.720566 55.988763
6.034385 58.033497 55.986756
3.799876 55.803309 63.635930
3.799876 55.772222 64.592625
3.799876 54.884964 63.365975
3.799876 55.803309 66.306631
4.556827 56.292471 66.629087
3.042926 56.292471 66.629087
3.799876 53.142541 60.088240
4.556827 52.653379 59.765784
3.042926 52.653379 59.765784
3.799876 53.142541 62.758941
3.827679 53.126323 61.802282
4.592854 52.679971 63.029951
6.080534 51.812158 63.635930
6.126683 50.912353 63.312735
6.880410 52.225284 63.310728
6.080534 51.812158 66.306631
5.287556 52.274728 66.577641
6.052732 51.828376 65.349972
6.080534 57.133692 60.088240
5.287556 56.671122 59.817230
6.052732 57.117474 61.044899
6.080534 57.133692 62.758941
5.280658 56.720566 63.084143
6.034385 58.033497 63.082135
3.799876 63.785611 6.872892
3.772074 63.801829 7.829551
3.006898 64.248181 6.601882
3.799876 63.785611 9.543593
3.753727 62.885807 9.866787
3.000000 64.198737 9.868795
3.799876 61.124844 3.325202
3.753727 62.024648 3.002008
3.000000 60.711717 3.000000
3.799876 61.124844 5.995903
3.799876 62.043188 6.265857
3.799876 61.155930 5.039208
6.080534 59.794460 6.872892
5.287556 60.257030 6.601882
6.052732 59.810678 7.829551
6.080534 59.794460 9.543593
6.126683 58.894656 9.866787
6.880410 60.207586 9.868795
6.080534 65.115995 3.325202
6.080534 66.034339 3.055248
6.080534 65.147081 4.281897
6.080534 65.115995 5.995903
5.323584 64.626832 6.318359
6.837484 64.626832 6.318359
3.799876 63.785611 13.968272
3.772074 63.801829 14.924930
3.006898 64.248181 13.697261
3.799876 63.785611 16.638973
3.753727 62.885807 16.962167
3.000000 64.198737 16.964175
3.799876 61.124844 10.420582
4.556827 60.635681 10.098126
3.042926 60.635681 10.098126
3.799876 61.124844 13.091283
3.799876 62.043188 13.361237
3.799876 61.155930 12.134588
6.080534 59.794460 13.968272
5.323584 60.283623 13.645816
6.837484 60.283623 13.645816
6.080534 59.794460 16.638973
6.080534 58.876115 16.908927
6.080534 59.763373 15.682278
6.080534 65.115995 10.420582
5.287556 64.653424 10.149571
6.052732 65.099777 11.377240
6.080534 65.115995 13.091283
5.323584 64.626832 13.413739
6.837484 64.626832 13.413739
3.799876 63.785611 21.063651
3.772074 63.801829 22.020310
3.006898 64.248181 20.792641
3.799876 63.785611 23.734352
3.753727 62.885807 24.057547
3.000000 64.198737 24.059554
3.799876 61.124844 17.515962
4.556827 60.635681 17.193506
3.042926 60.635681 17.193506
3.799876 61.124844 20.186662
3.799876 62.043188 20.456617
3.799876 61.155930 19.229967
6.080534 59.794460 21.063651
5.287556 60.257030 20.792641
6.052732 59.810678 22.020310
6.080534 59.794460 23.734352
6.126683 58.894656 24.057547
6.880410 60.207586 24.059554
6.080534 65.115995 17.515962
5.287556 64.653424 17.244951
6.052732 65.099777 18.472620
6.080534 65.115995 20.186662
5.323584 64.626832 20.509119
6.837484 64.626832 20.509119
3.799876 63.785611 28.159031
3.772074 63.801829 29.115690
3.006898 64.248181 27.888021
3.799876 63.785611 30.829732
3.753727 62.885807 31.152926
3.000000 64.198737 31.154934
3.799876 61.124844 24.611341
4.556827 60.635681 24.288885
3.042926 60.635681 24.288885
3.799876 61.124844 27.282042
3.799876 62.043188 27.551997
3.799876 61.155930 26.325347
6.080534 59.794460 28.159031
5.323584 60.283623 27.836575
6.837484 60.283623 27.836575
6.080534 59.794460 30.829732
6.080534 58.876115 31.099687
6.080534 59.763373 29.873037
6.080534 65.115995 24.611341
5.287556 64.653424 24.340331
6.052732 65.099777 25.568000
6.080534 65.115995 27.282042
5.323584 64.626832 27.604498
6.837484 64.626832 27.604498
3.799876 63.785611 35.254411
3.772074 63.801829 36.211070
3.006898 64.248181 34.983400
3.799876 63.785611 37.925112
3.753727 62.885807 38.248306
3.000000 64.198737 38.250314
3.799876 61.124844 31.706721
4.556827 60.635681 31.384265
3.042926 60.635681 31.384265
3.799876 61.124844 34.377422
3.799876 62.043188 34.647376
3.799876 61.155930 33.420727
6.080534 59.794460 35.254411
5.287556 60.257030 34.983400
6.052732 59.810678 36.211070
6.080534 59.794460 37.925112
6.126683 58.894656 38.248306
6.880410 60.207586 38.250314
6.080534 65.115995 31.706721
5.287556 64.653424 31.435711
6.052732 65.099777 32.663380
6.080534 65.115995 34.377422
5.323584 64.626832 34.699878
6.837484 64.626832 34.699878
3.799876 63.785611 42.349791
3.772074 63.801829 43.306449
3.006898 64.248181 42.078780
3.799876 63.785611 45.020492
3.753727 62.885807 45.343686
3.000000 64.198737 45.345694
3.799876 61.124844 38.802101
4.556827 60.635681 38.479645
3.042926 60.635681 38.479645
3.799876 61.124844 41.472802
3.799876 62.043188 41.742756
3.799876 61.155930 40.516107
6.080534 59.794460 42.349791
5.323584 60.283623 42.027335
6.837484 60.283623 42.027335
6.080534 59.794460 45.020492
6.080534 58.876115 45.290446
6.080534 59.763373 44.063796
6.080534 65.115995 38.802101
5.287556 64.653424 38.531090
6.052732 65.099777 39.758759
6.080534 65.115995 41.472802
5.323584 64.626832 41.795258
6.837484 64.626832 41.795258
3.799876 63.785611 49.445170
3.772074 63.801829 50.401829
3.006898 64.248181 49.174160
3.799876 63.785611 52.115871
3.753727 62.885807 52.439066
3.000000 64.198737 52.441073
3.799876 61.124844 45.897480
4.556827 60.635681 45.575024
3.042926 60.635681 45.575024
3.799876 61.124844 48.568181
3.799876 62.043188 48.838136
3.799876 61.155930 47.611486
6.080534 59.794460 49.445170
5.287556 60.257030 49.174160
6.052732 59.810678 50.401829
6.080534 59.794460 52.115871
6.126683 58.894656 52.439066
6.880410 60.207586 52.441073
6.080534 65.115995 45.897480
5.287556 64.653424 45.626470
6.052732 65.099777 46.854139
6.080534 65.115995 48.568181
5.323584 64.626832 48.890637
6.837484 64.626832 48.890637
3.799876 63.785611 56.540550
3.772074 63.801829 57.497209
3.006898 64.248181 56.269540
3.799876 63.785611 59.211251
3.753727 62.885807 59.534445
3.000000 64.198737 59.536453
3.799876 61.124844 52.992860
4.556827 60.635681 52.670404
3.042926 60.635681 52.670404
3.799876 61.124844 55.663561
3.799876 62.043188 55.933516
3.799876 61.155930 54.706866
6.080534 59.794460 56.540550
5.323584 60.283623 56.218094
6.837484 60.283623 56.218094
6.080534 59.794460 59.211251
6.080534 58.876115 59.481206
6.080534 59.763373 58.254556
6.080534 65.115995 52.992860
5.287556 64.653424 52.721850
6.052732 65.099777 53.949519
6.080534 65.115995 55.663561
5.323584 64.626832 55.986017
6.837484 64.626832 55.986017
3.799876 63.785611 63.635930
3.799876 63.754524 64.592625
3.799876 62.867267 63.365975
3.799876 63.785611 66.306631
4.556827 64.274774 66.629087
3.042926 64.274774 66.629087
3.799876 61.124844 60.088240
4.556827 60.635681 59.765784
3.042926 60.635681 59.765784
3.799876 61.124844 62.758941
3.772074 61.108625 61.802282
3.006898 60.662273 63.029951
6.080534 59.794460 63.635930
5.287556 60.257030 63.364919
6.052732 59.810678 64.592589
6.080534 59.794460 66.306631
5.323584 60.283623 66.629087
6.837484 60.283623 66.629087
6.080534 65.115995 60.088240
5.287556 64.653424 59.817230
6.052732 65.099777 61.044899
6.080534 65.115995 62.758941
5.323584 64.626832 63.081397
6.837484 64.626832 63.081397
8.361192 7.909495 6.872892
7.568214 8.372066 6.601882
8.333389 7.925714 7.829551
8.361192 7.909495 9.543593
7.561316 8.322622 9.868795
8.315042 7.009691 9.866787
8.361192 5.248728 3.325202
7.568214 4.786158 3.054192
8.333389 5.232510 4.281861
8.361192 5.248728 5.995903
7.561316 4.835602 6.321105
8.315042 6.148532 6.319097
10.641850 3.918344 6.872892
9.848872 4.380915 6.601882
10.614047 3.934562 7.829551
10.641850 3.918344 9.543593
9.884899 4.407507 9.866049
11.398800 4.407507 9.866049
10.641850 9.239879 3.325202
10.641850 9.270966 4.281897
10.641850 10.158224 3.055248
10.641850 9.239879 5.995903
9.841973 8.826753 6.321105
10.595700 10.139683 6.319097
8.361192 7.909495 13.968272
7.568214 8.372066 13.697261
8.333389 7.925714 14.924930
8.361192 7.909495 16.638973
7.561316 8.322622 16.964175
8.315042 7.009691 16.962167
8.361192 5.248728 10.420582
7.568214 4.786158 10.149571
8.333389 5.232510 11.377240
8.361192 5.248728 13.091283
7.561316 4.835602 13.416485
8.315042 6.148532 13.414477
10.641850 3.918344 13.968272
9.848872 4.380915 13.697261
10.614047 3.934562 14.924930
10.641850 3.918344 16.638973
9.841973 4.331471 16.964175
10.595700 3.018540 16.962167
10.641850 9.239879 10.420582
9.841973 8.826753 10.095380
10.595700 10.139683 10.097387
10.641850 9.239879 13.091283
9.848872 8.777309 13.362293
10.614047 9.223661 12.134624
8.361192 7.909495 21.063651
7.568214 8.372066 20.792641
8.333389 7.925714 22.020310
8.361192 7.909495 23.734352
7.561316 8.322622 24.059554
8.315042 7.009691 24.057547
8.361192 5.248728 17.515962
7.568214 4.786158 17.244951
8.333389 5.232510 18.472620
8.361192 5.248728 20.186662
7.561316 4.835602 20.511865
8.315042 6.148532 20.509857
10.641850 3.918344 21.063651
9.848872 4.380915 20.792641
10.614047 3.934562 22.020310
10.641850 3.918344 23.734352
9.884899 4.407507 24.056808
11.398800 4.407507 24.056808
10.641850 9.239879 17.515962
9.841973 8.826753 17.190759
10.595700 10.139683 17.192767
10.641850 9.239879 20.186662
9.848872 8.777309 20.457673
10.614047 9.223661 19.230004
8.361192 7.909495 28.159031
7.568214 8.372066 27.888021
8.333389 7.925714 29.115690
8.361192 7.909495 30.829732
7.561316 8.322622 31.154934
8.315042 7.009691 31.152926
8.361192 5.248728 24.611341
7.568214 4.786158 24.340331
8.333389 5.232510 25.568000
8.361192 5.248728 27.282042
7.561316 4.835602 27.607244
8.315042 6.148532 27.605237
10.641850 3.918344 28.159031
9.848872 4.380915 27.888021
10.614047 3.934562 29.115690
10.641850 3.918344 30.829732
9.841973 4.331471 31.154934
10.595700 3.018540 31.152926
10.641850 9.239879 24.611341
9.841973 8.826753 24.286139
10.595700 10.139683 24.288147
10.641850 9.239879 27.282042
9.848872 8.777309 27.553053
10.614047 9.223661 26.325384
8.361192 7.909495 35.254411
7.568214 8.372066 34.983400
8.333389 7.925714 36.211070
8.361192 7.909495 37.925112
7.561316 8.322622 38.250314
8.315042 7.009691 38.248306
8.361192 5.248728 31.706721
7.568214 4.786158 31.435711
8.333389 5.232510 32.663380
8.361192 5.248728 34.377422
7.561316 4.835602 34.702624
8.315042 6.148532 34.700616
10.641850 3.918344 35.254411
9.848872 4.380915 34.983400
10.614047 3.934562 36.211070
10.641850 3.918344 37.925112
9.884899 4.407507 38.247568
11.398800 4.407507 38.247568
10.641850 9.239879 31.706721
9.841973 8.826753 31.381519
10.595700 10.139683 31.383527
10.641850 9.239879 34.377422
9.848872 8.777309 34.648432
10.614047 9.223661 33.420763
8.361192 7.909495 42.349791
7.568214 8.372066 42.078780
8.333389 7.925714 43.306449
8.361192 7.909495 45.020492
7.561316 8.322622 45.345694
8.315042 7.009691 45.343686
8.361192 5.248728 38.802101
7.568214 4.786158 38.531090
8.333389 5.232510 39.758759
8.361192 5.248728 41.472802
7.561316 4.835602 41.798004
8.315042 6.148532 41.795996
10.641850 3.918344 42.349791
9.848872 4.380915 42.078780
10.614047 3.934562 43.306449
10.641850 3.918344 45.020492
9.841973 4.331471 45.345694
10.595700 3.018540 45.343686
10.641850 9.239879 38.802101
9.841973 8.826753 38.476899
10.595700 10.139683 38.478906
10.641850 9.239879 41.472802
9.848872 8.777309 41.743812
10.614047 9.223661 40.516143
8.361192 7.909495 49.445170
7.568214 8.372066 49.174160
8.333389 7.925714 50.401829
8.361192 7.909495 52.115871
7.561316 8.322622 52.441073
8.315042 7.009691 52.439066
8.361192 5.248728 45.897480
7.568214 4.786158 45.626470
8.333389 5.232510 46.854139
8.361192 5.248728 48.568181
7.561316 4.835602 48.893383
8.315042 6.148532 48.891376
10.641850 3.918344 49.445170
9.848872 4.380915 49.174160
10.614047 3.934562 50.401829
10.641850 3.918344 52.115871
9.884899 4.407507 52.438327
11.398800 4.407507 52.438327
10.641850 9.239879 45.897480
9.841973 8.826753 45.572278
10.595700 10.139683 45.574286
10.641850 9.239879 48.568181
9.848872 8.777309 48.839192
10.614047 9.223661 47.611523
8.361192 7.909495 56.540550
7.568214 8.372066 56.269540
8.333389 7.925714 57.497209
8.361192 7.909495 59.211251
7.561316 8.322622 59.536453
8.315042 7.009691 59.534445
8.361192 5.248728 52.992860
7.568214 4.786158 52.721850
8.333389 5.232510 53.949519
8.361192 5.248728 55.663561
7.561316 4.835602 55.988763
8.315042 6.148532 55.986756
10.641850 3.918344 56.540550
9.848872 4.380915 56.269540
10.614047 3.934562 57.497209
10.641850 3.918344 59.211251
9.841973 4.331471 59.536453
10.595700 3.018540 59.534445
10.641850 9.239879 52.992860
9.841973 8.826753 52.667658
10.595700 10.139683 52.669666
10.641850 9.239879 55.663561
9.848872 8.777309 55.934572
10.614047 9.223661 54.706902
8.361192 7.909495 63.635930
7.568214 8.372066 63.364919
8.333389 7.925714 64.592589
8.361192 7.909495 66.306631
8.407341 7.009691 66.629825
9.161068 8.322622 66.631833
8.361192 5.248728 60.088240
7.568214 4.786158 59.817230
8.333389 5.232510 61.044899
8.361192 5.248728 62.758941
7.561316 4.835602 63.084143
8.315042 6.148532 63.082135
10.641850 3.918344 63.635930
9.841973 4.331471 63.310728
10.595700 3.018540 63.312735
10.641850 3.918344 66.306631
9.848872 4.380915 66.577641
10.614047 3.934562 65.349972
10.641850 9.239879 60.088240
9.841973 8.826753 59.763038
10.595700 10.139683 59.765046
10.641850 9.239879 62.758941
9.848872 8.777309 63.029951
10.614047 9.223661 61.802282
8.361192 15.891798 6.872892
7.561316 16.304924 6.547690
8.315042 14.991994 6.549698
8.361192 15.891798 9.543593
7.568214 16.354368 9.814603
8.333389 15.908016 8.586934
8.361192 13.231030 3.325202
7.561316 12.817904 3.000000
8.315042 14.130834 3.002008
8.361192 13.231030 5.995903
7.568214 12.768460 6.266913
8.333389 13.214812 5.039244
10.641850 11.900647 6.872892
9.884899 12.389809 6.550436
11.398800 12.389809 6.550436
10.641850 11.900647 9.543593
10.614047 11.916865 8.586934
9.848872 12.363217 9.814603
10.641850 17.222181 3.325202
9.841973 16.809055 3.000000
10.595700 18.121986 3.002008
10.641850 17.222181 5.995903
9.848872 16.759611 6.266913
10.614047 17.205963 5.039244
8.361192 15.891798 13.968272
7.561316 16.304924 13.643070
8.315042 14.991994 13.645077
8.361192 15.891798 16.638973
7.568214 16.354368 16.909983
8.333389 15.908016 15.682314
8.361192 13.231030 10.420582
8.361192 14.149375 10.150627
8.361192 13.262117 11.377277
8.361192 13.231030 13.091283
7.604241 12.741868 13.413739
9.118142 12.741868 13.413739
10.641850 11.900647 13.968272
10.687999 11.000842 13.645077
11.441726 12.313773 13.643070
10.641850 11.900647 16.638973
10.614047 11.916865 15.682314
9.848872 12.363217 16.909983
10.641850 17.222181 10.420582
9.848872 16.759611 10.149571
10.614047 17.205963 11.377240
10.641850 17.222181 13.091283
9.841973 16.809055 13.416485
10.595700 18.121986 13.414477
8.361192 15.891798 21.063651
7.561316 16.304924 20.738449
8.315042 14.991994 20.740457
8.361192 15.891798 23.734352
7.568214 16.354368 24.005363
8.333389 15.908016 22.777694
8.361192 13.231030 17.515962
8.361192 14.149375 17.246007
8.361192 13.262117 18.472657
8.361192 13.231030 20.186662
7.604241 12.741868 20.509119
9.118142 12.741868 20.509119
10.641850 11.900647 21.063651
10.687999 11.000842 20.740457
11.441726 12.313773 20.738449
10.641850 11.900647 23.734352
10.614047 11.916865 22.777694
9.848872 12.363217 24.005363
10.641850 17.222181 17.515962
9.841973 16.809055 17.190759
10.595700 18.121986 17.192767
10.641850 17.222181 20.186662
9.848872 16.759611 20.457673
10.614047 17.205963 19.230004
8.361192 15.891798 28.159031
7.561316 16.304924 27.833829
8.315042 14.991994 27.835837
8.361192 15.891798 30.829732
7.568214 16.354368 31.100742
8.333389 15.908016 29.873073
8.361192 13.231030 24.611341
8.361192 14.149375 24.341387
8.361192 13.262117 25.568036
8.361192 13.231030 27.282042
7.604241 12.741868 27.604498
9.118142 12.741868 27.604498
10.641850 11.900647 28.159031
10.687999 11.000842 27.835837
11.441726 12.313773 27.833829
10.641850 11.900647 30.829732
10.614047 11.916865 29.873073
9.848872 12.363217 31.100742
10.641850 17.222181 24.611341
9.841973 16.809055 24.286139
10.595700 18.121986 24.288147
10.641850 17.222181 27.282042
9.848872 16.759611 27.553053
10.614047 17.205963 26.325384
8.361192 15.891798 35.254411
7.561316 16.304924 34.929209
8.315042 14.991994 34.931217
8.361192 15.891798 37.925112
7.568214 16.354368 38.196122
8.333389 15.908016 36.968453
8.361192 13.231030 31.706721
8.361192 14.149375 31.436767
8.361192 13.262117 32.663416
8.361192 13.231030 34.377422
7.604241 12.741868 34.699878
9.118142 12.741868 34.699878
10.641850 11.900647 35.254411
10.687999 11.000842 34.931217
11.441726 12.313773 34.929209
10.641850 11.900647 37.925112
10.614047 11.916865 36.968453
9.848872 12.363217 38.196122
10.641850 17.222181 31.706721
9.841973 16.809055 31.381519
10.595700 18.121986 31.383527
10.641850 17.222181 34.377422
9.848872 16.759611 34.648432
10.614047 17.205963 33.420763
8.361192 15.891798 42.349791
7.561316 16.304924 42.024589
8.315042 14.991994 42.026596
8.361192 15.891798 45.020492
7.568214 16.354368 45.291502
8.333389 15.908016 44.063833
8.361192 13.231030 38.802101
8.361192 14.149375 38.532146
8.361192 13.262117 39.758796
8.361192 13.231030 41.472802
7.604241 12.741868 41.795258
9.118142 12.741868 41.795258
10.641850 11.900647 42.349791
10.687999 11.000842 42.026596
11.441726 12.313773 42.024589
10.641850 11.900647 45.020492
10.614047 11.916865 44.063833
9.848872 12.363217 45.291502
10.641850 17.222181 38.802101
9.841973 16.809055 38.476899
10.595700 18.121986 38.478906
10.641850 17.222181 41.472802
9.848872 16.759611 41.743812
10.614047 17.205963 40.516143
8.361192 15.891798 49.445170
7.561316 16.304924 49.119968
8.315042 14.991994 49.121976
8.361192 15.891798 52.115871
7.568214 16.354368 52.386882
8.333389 15.908016 51.159213
8.361192 13.231030 45.897480
8.361192 14.149375 45.627526
8.361192 13.262117 46.854176
8.361192 13.231030 48.568181
7.604241 12.741868 48.890637
9.118142 12.741868 48.890637
10.641850 11.900647 49.445170
10.687999 11.000842 49.121976
11.441726 12.313773 49.119968
10.641850 11.900647 52.115871
10.614047 11.916865 51.159213
9.848872 12.363217 52.386882
10.641850 17.222181 45.897480
9.841973 16.809055 45.572278
10.595700 18.121986 45.574286
10.641850 17.222181 48.568181
9.848872 16.759611 48.839192
10.614047 17.205963 47.611523
8.361192 15.891798 56.540550
7.561316 16.304924 56.215348
8.315042 14.991994 56.217356
8.361192 15.891798 59.211251
7.568214 16.354368 59.482261
8.333389 15.908016 58.254592
8.361192 13.231030 52.992860
8.361192 14.149375 52.722906
8.361192 13.262117 53.949555
8.361192 13.231030 55.663561
7.604241 12.741868 55.986017
9.118142 12.741868 55.986017
10.641850 11.900647 56.540550
10.687999 11.000842 56.217356
11.441726 12.313773 56.215348
10.641850 11.900647 59.211251
10.614047 11.916865 58.254592
9.848872 12.363217 59.482261
10.641850 17.222181 52.992860
9.841973 16.809055 52.667658
10.595700 18.121986 52.669666
10.641850 17.222181 55.663561
9.848872 16.759611 55.934572
10.614047 17.205963 54.706902
8.361192 15.891798 63.635930
7.561316 16.304924 63.310728
8.315042 14.991994 63.312735
8.361192 15.891798 66.306631
7.568214 16.354368 66.577641
8.333389 15.908016 65.349972
8.361192 13.231030 60.088240
8.361192 14.149375 59.818285
8.361192 13.262117 61.044935
8.361192 13.231030 62.758941
7.604241 12.741868 63.081397
9.118142 12.741868 63.081397
10.641850 11.900647 63.635930
10.687999 11.000842 63.312735
11.441726 12.313773 63.310728
10.641850 11.900647 66.306631
9.848872 12.363217 66.577641
10.614047 11.916865 65.349972
10.641850 17.222181 60.088240
9.841973 16.809055 59.763038
10.595700 18.121986 59.765046
10.641850 17.222181 62.758941
9.848872 16.759611 63.029951
10.614047 17.205963 61.802282
8.361192 23.874100 6.872892
7.561316 24.287226 6.547690
8.315042 22.974296 6.549698
8.361192 23.874100 9.543593
7.568214 24.336670 9.814603
8.333389 23.890318 8.586934
8.361192 21.213332 3.325202
7.568214 20.750762 3.054192
8.333389 21.197114 4.281861
8.361192 21.213332 5.995903
7.604241 20.724170 6.318359
9.118142 20.724170 6.318359
10.641850 19.882949 6.872892
10.641850 18.964604 6.602937
10.641850 19.851862 7.829587
10.641850 19.882949 9.543593
10.687999 18.983145 9.866787
11.441726 20.296075 9.868795
10.641850 25.204484 3.325202
9.841973 24.791357 3.000000
10.595700 26.104288 3.002008
10.641850 25.204484 5.995903
9.848872 24.741913 6.266913
10.614047 25.188266 5.039244
8.361192 23.874100 13.968272
7.561316 24.287226 13.643070
8.315042 22.974296 13.645077
8.361192 23.874100 16.638973
7.568214 24.336670 16.909983
8.333389 23.890318 15.682314
8.361192 21.213332 10.420582
8.407341 22.113137 10.097387
9.161068 20.800206 10.095380
8.361192 21.213332 13.091283
7.568214 20.750762 13.362293
8.333389 21.197114 12.134624
10.641850 19.882949 13.968272
9.884899 20.372111 13.645816
11.398800 20.372111 13.645816
10.641850 19.882949 16.638973
10.614047 19.899167 15.682314
9.848872 20.345519 16.909983
10.641850 25.204484 10.420582
9.848872 24.741913 10.149571
10.614047 25.188266 11.377240
10.641850 25.204484 13.091283
9.841973 24.791357 13.416485
10.595700 26.104288 13.414477
8.361192 23.874100 21.063651
7.561316 24.287226 20.738449
8.315042 22.974296 20.740457
8.361192 23.874100 23.734352
7.568214 24.336670 24.005363
8.333389 23.890318 22.777694
8.361192 21.213332 17.515962
8.361192 22.131677 17.246007
8.361192 21.244419 18.472657
8.361192 21.213332 20.186662
7.604241 20.724170 20.509119
9.118142 20.724170 20.509119
10.641850 19.882949 21.063651
10.687999 18.983145 20.740457
11.441726 20.296075 20.738449
10.641850 19.882949 23.734352
10.614047 19.899167 22.777694
9.848872 20.345519 24.005363
10.641850 25.204484 17.515962
9.841973 24.791357 17.190759
10.595700 26.104288 17.192767
10.641850 25.204484 20.186662
9.848872 24.741913 20.457673
10.614047 25.188266 19.230004
8.361192 23.874100 28.159031
7.561316 24.287226 27.833829
8.315042 22.974296 27.835837
8.361192 23.874100 30.829732
7.568214 24.336670 31.100742
8.333389 23.890318 29.873073
8.361192 21.213332 24.611341
8.361192 22.131677 24.341387
8.361192 21.244419 25.568036
8.361192 21.213332 27.282042
7.604241 20.724170 27.604498
9.118142 20.724170 27.604498
10.641850 19.882949 28.159031
10.687999 18.983145 27.835837
11.441726 20.296075 27.833829
10.641850 19.882949 30.829732
10.614047 19.899167 29.873073
9.848872 20.345519 31.100742
10.641850 25.204484 24.611341
9.841973 24.791357 24.286139
10.595700 26.104288 24.288147
10.641850 25.204484 27.282042
9.848872 24.741913 27.553053
10.614047 25.188266 26.325384
8.361192 23.874100 35.254411
7.561316 24.287226 34.929209
8.315042 22.974296 34.931217
8.361192 23.874100 37.925112
7.568214 24.336670 38.196122
8.333389 23.890318 36.968453
8.361192 21.213332 31.706721
8.361192 22.131677 31.436767
8.361192 21.244419 32.663416
8.361192 21.213332 34.377422
7.604241 20.724170 34.699878
9.118142 20.724170 34.699878
10.641850 19.882949 35.254411
10.687999 18.983145 34.931217
11.441726 20.296075 34.929209
10.641850 19.882949 37.925112
10.614047 19.899167 36.968453
9.848872 20.345519 38.196122
10.641850 25.204484 31.706721
9.841973 24.791357 31.381519
10.595700 26.104288 31.383527
10.641850 25.204484 34.377422
9.848872 24.741913 34.648432
10.614047 25.188266 33.420763
8.361192 23.874100 42.349791
7.561316 24.287226 42.024589
8.315042 22.974296 42.026596
8.361192 23.874100 45.020492
7.568214 24.336670 45.291502
8.333389 23.890318 44.063833
8.361192 21.213332 38.802101
8.361192 22.131677 38.532146
8.361192 21.244419 39.758796
8.361192 21.213332 41.472802
7.604241 20.724170 41.795258
9.118142 20.724170 41.795258
10.641850 19.882949 42.349791
10.687999 18.983145 42.026596
11.441726 20.296075 42.024589
10.641850 19.882949 45.020492
10.614047 19.899167 44.063833
9.848872 20.345519 45.291502
10.641850 25.204484 38.802101
9.841973 24.791357 38.476899
10.595700 26.104288 38.478906
10.641850 25.204484 41.472802
9.848872 24.741913 41.743812
10.614047 25.188266 40.516143
8.361192 23.874100 49.445170
7.561316 24.287226 49.119968
8.315042 22.974296 49.121976
8.361192 23.874100 52.115871
7.568214 24.336670 52.386882
8.333389 23.890318 51.159213
8.361192 21.213332 45.897480
8.361192 22.131677 45.627526
8.361192 21.244419 46.854176
8.361192 21.213332 48.568181
7.604241 20.724170 48.890637
9.118142 20.724170 48.890637
10.641850 19.882949 49.445170
10.687999 18.983145 49.121976
11.441726 20.296075 49.119968
10.641850 19.882949 52.115871
10.614047 19.899167 51.159213
9.848872 20.345519 52.386882
10.641850 25.204484 45.897480
9.841973 24.791357 45.572278
10.595700 26.104288 45.574286
10.641850 25.204484 48.568181
9.848872 24.741913 48.839192
10.614047 25.188266 47.611523
8.361192 23.874100 56.540550
7.561316 24.287226 56.215348
8.315042 22.974296 56.217356
8.361192 23.874100 59.211251
7.568214 24.336670 59.482261
8.333389 23.890318 58.254592
8.361192 21.213332 52.992860
8.361192 22.131677 52.722906
8.361192 21.244419 53.949555
8.361192 21.213332 55.663561
7.604241 20.724170 55.986017
9.118142 20.724170 55.986017
10.641850 19.882949 56.540550
10.687999 18.983145 56.217356
11.441726 20.296075 56.215348
10.641850 19.882949 59.211251
10.614047 19.899167 58.254592
9.848872 20.345519 59.482261
10.641850 25.204484 52.992860
9.841973 24.791357 52.667658
10.595700 26.104288 52.669666
10.641850 25.204484 55.663561
9.848872 24.741913 55.934572
10.614047 25.188266 54.706902
8.361192 23.874100 63.635930
7.568214 24.336670 63.364919
8.333389 23.890318 64.592589
8.361192 23.874100 66.306631
7.561316 24.287226 66.631833
8.315042 22.974296 66.629825
8.361192 21.213332 60.088240
8.361192 22.131677 59.818285
8.361192 21.244419 61.044935
8.361192 21.213332 62.758941
8.407341 22.113137 63.082135
9.161068 20.800206 63.084143
10.641850 19.882949 63.635930
10.687999 18.983145 63.312735
11.441726 20.296075 63.310728
10.641850 19.882949 66.306631
9.848872 20.345519 66.577641
10.614047 19.899167 65.349972
10.641850 25.204484 60.088240
9.841973 24.791357 59.763038
10.595700 26.104288 59.765046
10.641850 25.204484 62.758941
9.848872 24.741913 63.029951
10.614047 25.188266 61.802282
8.361192 31.856402 6.872892
7.561316 32.269529 6.547690
8.315042 30.956598 6.549698
8.361192 31.856402 9.543593
7.568214 32.318972 9.814603
8.333389 31.872620 8.586934
8.361192 29.195635 3.325202
7.568214 28.733064 3.054192
8.333389 29.179417 4.281861
8.361192 29.195635 5.995903
7.604241 28.706472 6.318359
9.118142 28.706472 6.318359
10.641850 27.865251 6.872892
10.641850 26.946907 6.602937
10.641850 27.834164 7.829587
10.641850 27.865251 9.543593
10.687999 26.965447 9.866787
11.441726 28.278378 9.868795
10.641850 33.186786 3.325202
9.841973 32.773659 3.000000
10.595700 34.086590 3.002008
10.641850 33.186786 5.995903
9.848872 32.724215 6.266913
10.614047 33.170568 5.039244
8.361192 31.856402 13.968272
7.561316 32.269529 13.643070
8.315042 30.956598 13.645077
8.361192 31.856402 16.638973
7.568214 32.318972 16.909983
8.333389 31.872620 15.682314
8.361192 29.195635 10.420582
8.407341 30.095439 10.097387
9.161068 28.782508 10.095380
8.361192 29.195635 13.091283
7.568214 28.733064 13.362293
8.333389 29.179417 12.134624
10.641850 27.865251 13.968272
9.884899 28.354414 13.645816
11.398800 28.354414 13.645816
10.641850 27.865251 16.638973
10.614047 27.881469 15.682314
9.848872 28.327821 16.909983
10.641850 33.186786 10.420582
9.848872 32.724215 10.149571
10.614047 33.170568 11.377240
10.641850 33.186786 13.091283
9.841973 32.773659 13.416485
10.595700 34.086590 13.414477
8.361192 31.856402 21.063651
7.561316 32.269529 20.738449
8.315042 30.956598 20.740457
8.361192 31.856402 23.734352
7.568214 32.318972 24.005363
8.333389 31.872620 22.777694
8.361192 29.195635 17.515962
8.361192 30.113979 17.246007
8.361192 29.226721 18.472657
8.361192 29.195635 20.186662
7.604241 28.706472 20.509119
9.118142 28.706472 20.509119
10.641850 27.865251 21.063651
10.687999 26.965447 20.740457
11.441726 28.278378 20.738449
10.641850 27.865251 23.734352
10.614047 27.881469 22.777694
9.848872 28.327821 24.005363
10.641850 33.186786 17.515962
9.841973 32.773659 17.190759
10.595700 34.086590 17.192767
10.641850 33.186786 20.186662
9.848872 32.724215 20.457673
10.614047 33.170568 19.230004
8.361192 31.856402 28.159031
7.561316 32.269529 27.833829
8.315042 30.956598 27.835837
8.361192 31.856402 30.829732
7.568214 32.318972 31.100742
8.333389 31.872620 29.873073
8.361192 29.195635 24.611341
8.361192 30.113979 24.341387
8.361192 29.226721 25.568036
8.361192 29.195635 27.282042
7.604241 28.706472 27.604498
9.118142 28.706472 27.604498
10.641850 27.865251 28.159031
10.687999 26.965447 27.835837
11.441726 28.278378 27.833829
10.641850 27.865251 30.829732
10.614047 27.881469 29.873073
9.848872 28.327821 31.100742
10.641850 33.186786 24.611341
9.841973 32.773659 24.286139
10.595700 34.086590 24.288147
10.641850 33.186786 27.282042
9.848872 32.724215 27.553053
10.614047 33.170568 26.325384
8.361192 31.856402 35.254411
7.561316 32.269529 34.929209
8.315042 30.956598 34.931217
8.361192 31.856402 37.925112
7.568214 32.318972 38.196122
8.333389 31.872620 36.968453
8.361192 29.195635 31.706721
8.361192 30.113979 31.436767
8.361192 29.226721 32.663416
8.361192 29.195635 34.377422
7.604241 28.706472 34.699878
9.118142 28.706472 34.699878
10.641850 27.865251 35.254411
10.687999 26.965447 34.931217
11.441726 28.278378 34.929209
10.641850 27.865251 37.925112
10.614047 27.881469 36.968453
9.848872 28.327821 38.196122
10.641850 33.186786 31.706721
9.841973 32.773659 31.381519
10.595700 34.086590 31.383527
10.641850 33.186786 34.377422
9.848872 32.724215 34.648432
10.614047 33.170568 33.420763
8.361192 31.856402 42.349791
7.561316 32.269529 42.024589
8.315042 30.956598 42.026596
8.361192 31.856402 45.020492
7.568214 32.318972 45.291502
8.333389 31.872620 44.063833
8.361192 29.195635 38.802101
8.361192 30.113979 38.532146
8.361192 29.226721 39.758796
8.361192 29.195635 41.472802
7.604241 28.706472 41.795258
9.118142 28.706472 41.795258
10.641850 27.865251 42.349791
10.687999 26.965447 42.026596
11.441726 28.278378 42.024589
10.641850 27.865251 45.020492
10.614047 27.881469 44.063833
9.848872 28.327821 45.291502
10.641850 33.186786 38.802101
9.841973 32.773659 38.476899
10.595700 34.086590 38.478906
10.641850 33.186786 41.472802
9.848872 32.724215 41.743812
10.614047 33.170568 40.516143
8.361192 31.856402 49.445170
7.561316 32.269529 49.119968
8.315042 30.956598 49.121976
8.361192 31.856402 52.115871
7.568214 32.318972 52.386882
8.333389 31.872620 51.159213
8.361192 29.195635 45.897480
8.361192 30.113979 45.627526
8.361192 29.226721 46.854176
8.361192 29.195635 48.568181
7.604241 28.706472 48.890637
9.118142 28.706472 48.890637
10.641850 27.865251 49.445170
10.687999 26.965447 49.121976
11.441726 28.278378 49.119968
10.641850 27.865251 52.115871
10.614047 27.881469 51.159213
9.848872 28.327821 52.386882
10.641850 33.186786 45.897480
9.841973 32.773659 45.572278
10.595700 34.086590 45.574286
10.641850 33.186786 48.568181
9.848872 32.724215 48.839192
10.614047 33.170568 47.611523
8.361192 31.856402 56.540550
7.561316 32.269529 56.215348
8.315042 30.956598 56.217356
8.361192 31.856402 59.211251
7.568214 32.318972 59.482261
8.333389 31.872620 58.254592
8.361192 29.195635 52.992860
8.361192 30.113979 52.722906
8.361192 29.226721 53.949555
8.361192 29.195635 55.663561
7.604241 28.706472 55.986017
9.118142 28.706472 55.986017
10.641850 27.865251 56.540550
10.687999 26.965447 56.217356
11.441726 28.278378 56.215348
10.641850 27.865251 59.211251
10.614047 27.881469 58.254592
9.848872 28.327821 59.482261
10.641850 33.186786 52.992860
9.841973 32.773659 52.667658
10.595700 34.086590 52.669666
10.641850 33.186786 55.663561
9.848872 32.724215 55.934572
10.614047 33.170568 54.706902
8.361192 31.856402 63.635930
7.568214 32.318972 63.364919
8.333389 31.872620 64.592589
8.361192 31.856402 66.306631
7.561316 32.269529 66.631833
8.315042 30.956598 66.629825
8.361192 29.195635 60.088240
8.361192 30.113979 59.818285
8.361192 29.226721 61.044935
8.361192 29.195635 62.758941
8.407341 30.095439 63.082135
9.161068 28.782508 63.084143
10.641850 27.865251 63.635930
10.687999 26.965447 63.312735
11.441726 28.278378 63.310728
10.641850 27.865251 66.306631
9.848872 28.327821 66.577641
10.614047 27.881469 65.349972
10.641850 33.186786 60.088240
9.841973 32.773659 59.763038
10.595700 34.086590 59.765046
10.641850 33.186786 62.758941
9.848872 32.724215 63.029951
10.614047 33.170568 61.802282
8.361192 39.838704 6.872892
7.561316 40.251831 6.547690
8.315042 38.938900 6.549698
8.361192 39.838704 9.543593
7.568214 40.301275 9.814603
8.333389 39.854922 8.586934
8.361192 37.177937 3.325202
7.568214 36.715367 3.054192
8.333389 37.161719 4.281861
8.361192 37.177937 5.995903
7.604241 36.688774 6.318359
9.118142 36.688774 6.318359
10.641850 35.847553 6.872892
10.641850 34.929209 6.602937
10.641850 35.816466 7.829587
10.641850 35.847553 9.543593
10.687999 34.947749 9.866787
11.441726 36.260680 9.868795
10.641850 41.169088 3.325202
9.841973 40.755961 3.000000
10.595700 42.068892 3.002008
10.641850 41.169088 5.995903
9.848872 40.706518 6.266913
10.614047 41.152870 5.039244
8.361192 39.838704 13.968272
7.561316 40.251831 13.643070
8.315042 38.938900 13.645077
8.361192 39.838704 16.638973
7.568214 40.301275 16.909983
8.333389 39.854922 15.682314
8.361192 37.177937 10.420582
8.407341 38.077741 10.097387
9.161068 36.764810 10.095380
8.361192 37.177937 13.091283
7.568214 36.715367 13.362293
8.333389 37.161719 12.134624
10.641850 35.847553 13.968272
9.884899 36.336716 13.645816
11.398800 36.336716 13.645816
10.641850 35.847553 16.638973
10.614047 35.863771 15.682314
9.848872 36.310124 16.909983
10.641850 41.169088 10.420582
9.848872 40.706518 10.149571
10.614047 41.152870 11.377240
10.641850 41.169088 13.091283
9.841973 40.755961 13.416485
10.595700 42.068892 13.414477
8.361192 39.838704 21.063651
7.561316 40.251831 20.738449
8.315042 38.938900 20.740457
8.361192 39.838704 23.734352
7.568214 40.301275 24.005363
8.333389 39.854922 22.777694
8.361192 37.177937 17.515962
8.361192 38.096281 17.246007
8.361192 37.209024 18.472657
8.361192 37.177937 20.186662
7.604241 36.688774 20.509119
9.118142 36.688774 20.509119
10.641850 35.847553 21.063651
10.687999 34.947749 20.740457
11.441726 36.260680 20.738449
10.641850 35.847553 23.734352
10.614047 35.863771 22.777694
9.848872 36.310124 24.005363
10.641850 41.169088 17.515962
9.841973 40.755961 17.190759
10.595700 42.068892 17.192767
10.641850 41.169088 20.186662
9.848872 40.706518 20.457673
10.614047 41.152870 19.230004
8.361192 39.838704 28.159031
7.561316 40.251831 27.833829
8.315042 38.938900 27.835837
8.361192 39.838704 30.829732
7.568214 40.301275 31.100742
8.333389 39.854922 29.873073
8.361192 37.177937 24.611341
8.361192 38.096281 24.341387
8.361192 37.209024 25.568036
8.361192 37.177937 27.282042
7.604241 36.688774 27.604498
9.118142 36.688774 27.604498
10.641850 35.847553 28.159031
10.687999 34.947749 27.835837
11.441726 36.260680 27.833829
10.641850 35.847553 30.829732
10.614047 35.863771 29.873073
9.848872 36.310124 31.100742
10.641850 41.169088 24.611341
9.841973 40.755961 24.286139
10.595700 42.068892 24.288147
10.641850 41.169088 27.282042
9.848872 40.706518 27.553053
10.614047 41.152870 26.325384
8.361192 39.838704 35.254411
7.561316 40.251831 34.929209
8.315042 38.938900 34.931217
8.361192 39.838704 37.925112
7.568214 40.301275 38.196122
8.333389 39.854922 36.968453
8.361192 37.177937 31.706721
8.361192 38.096281 31.436767
8.361192 37.209024 32.663416
8.361192 37.177937 34.377422
7.604241 36.688774 34.699878
9.118142 36.688774 34.699878
10.641850 35.847553 35.254411
10.687999 34.947749 34.931217
11.441726 36.260680 34.929209
10.641850 35.847553 37.925112
10.614047 35.863771 36.968453
9.848872 36.310124 38.196122
10.641850 41.169088 31.706721
9.841973 40.755961 31.381519
10.595700 42.068892 31.383527
10.641850 41.169088 34.377422
9.848872 40.706518 34.648432
10.614047 41.152870 33.420763
8.361192 39.838704 42.349791
7.561316 40.251831 42.024589
8.315042 38.938900 42.026596
8.361192 39.838704 45.020492
7.568214 40.301275 45.291502
8.333389 39.854922 44.063833
8.361192 37.177937 38.802101
8.361192 38.096281 38.532146
8.361192 37.209024 39.758796
8.361192 37.177937 41.472802
7.604241 36.688774 41.795258
9.118142 36.688774 41.795258
10.641850 35.847553 42.349791
10.687999 34.947749 42.026596
11.441726 36.260680 42.024589
10.641850 35.847553 45.020492
10.614047 35.863771 44.063833
9.848872 36.310124 45.291502
10.641850 41.169088 38.802101
9.841973 40.755961 38.476899
10.595700 42.068892 38.478906
10.641850 41.169088 41.472802
9.848872 40.706518 41.743812
10.614047 41.152870 40.516143
8.361192 39.838704 49.445170
7.561316 40.251831 49.119968
8.315042 38.938900 49.121976
8.361192 39.838704 52.115871
7.568214 40.301275 52.386882
8.333389 39.854922 51.159213
8.361192 37.177937 45.897480
8.361192 38.096281 45.627526
8.361192 37.209024 46.854176
8.361192 37.177937 48.568181
7.604241 36.688774 48.890637
9.118142 36.688774 48.890637
10.641850 35.847553 49.445170
10.687999 34.947749 49.121976
11.441726 36.260680 49.119968
10.641850 35.847553 52.115871
10.614047 35.863771 51.159213
9.848872 36.310124 52.386882
10.641850 41.169088 45.897480
9.841973 40.755961 45.572278
10.595700 42.068892 45.574286
10.641850 41.169088 48.568181
9.848872 40.706518 48.839192
10.614047 41.152870 47.611523
8.361192 39.838704 56.540550
7.561316 40.251831 56.215348
8.315042 38.938900 56.217356
8.361192 39.838704 59.211251
7.568214 40.301275 59.482261
8.333389 39.854922 58.254592
8.361192 37.177937 52.992860
8.361192 38.096281 52.722906
8.361192 37.209024 53.949555
8.361192 37.177937 55.663561
7.604241 36.688774 55.986017
9.118142 36.688774 55.986017
10.641850 35.847553 56.540550
10.687999 34.947749 56.217356
11.441726 36.260680 56.215348
10.641850 35.847553 59.211251
10.614047 35.863771 58.254592
9.848872 36.310124 59.482261
10.641850 41.169088 52.992860
9.841973 40.755961 52.667658
10.595700 42.068892 52.669666
10.641850 41.169088 55.663561
9.848872 40.706518 55.934572
10.614047 41.152870 54.706902
8.361192 39.838704 63.635930
7.568214 40.301275 63.364919
8.333389 39.854922 64.592589
8.361192 39.838704 66.306631
7.561316 40.251831 66.631833
8.315042 38.938900 66.629825
8.361192 37.177937 60.088240
8.361192 38.096281 59.818285
8.361192 37.209024 61.044935
8.361192 37.177937 62.758941
8.407341 38.077741 63.082135
9.161068 36.764810 63.084143
10.641850 35.847553 63.635930
10.687999 34.947749 63.312735
11.441726 36.260680 63.310728
10.641850 35.847553 66.306631
9.848872 36.310124 66.577641
10.614047 35.863771 65.349972
10.641850 41.169088 60.088240
9.841973 40.755961 59.763038
10.595700 42.068892 59.765046
10.641850 41.169088 62.758941
9.848872 40.706518 63.029951
10.614047 41.152870 61.802282
8.361192 47.821007 6.872892
7.561316 48.234133 6.547690
8.315042 46.921202 6.549698
8.361192 47.821007 9.543593
7.568214 48.283577 9.814603
8.333389 47.837225 8.586934
8.361192 45.160239 3.325202
7.568214 44.697669 3.054192
8.333389 45.144021 4.281861
8.361192 45.160239 5.995903
7.604241 44.671076 6.318359
9.118142 44.671076 6.318359
10.641850 43.829855 6.872892
10.641850 42.911511 6.602937
10.641850 43.798769 7.829587
10.641850 43.829855 9.543593
10.687999 42.930051 9.866787
11.441726 44.242982 9.868795
10.641850 49.151390 3.325202
9.841973 48.738264 3.000000
10.595700 50.051194 3.002008
10.641850 49.151390 5.995903
9.848872 48.688820 6.266913
10.614047 49.135172 5.039244
8.361192 47.821007 13.968272
7.561316 48.234133 13.643070
8.315042 46.921202 13.645077
8.361192 47.821007 16.638973
7.568214 48.283577 16.909983
8.333389 47.837225 15.682314
8.361192 45.160239 10.420582
8.407341 46.060043 10.097387
9.161068 44.747113 10.095380
8.361192 45.160239 13.091283
7.568214 44.697669 13.362293
8.333389 45.144021 12.134624
10.641850 43.829855 13.968272
9.884899 44.319018 13.645816
11.398800 44.319018 13.645816
10.641850 43.829855 16.638973
10.614047 43.846073 15.682314
9.848872 44.292426 16.909983
10.641850 49.151390 10.420582
9.848872 48.688820 10.149571
10.614047 49.135172 11.377240
10.641850 49.151390 13.091283
9.841973 48.738264 13.416485
10.595700 50.051194 13.414477
8.361192 47.821007 21.063651
7.561316 48.234133 20.738449
8.315042 46.921202 20.740457
8.361192 47.821007 23.734352
7.568214 48.283577 24.005363
8.333389 47.837225 22.777694
8.361192 45.160239 17.515962
8.361192 46.078583 17.246007
8.361192 45.191326 18.472657
8.361192 45.160239 20.186662
7.604241 44.671076 20.509119
9.118142 44.671076 20.509119
10.641850 43.829855 21.063651
10.687999 42.930051 20.740457
11.441726 44.242982 20.738449
10.641850 43.829855 23.734352
10.614047 43.846073 22.777694
9.848872 44.292426 24.005363
10.641850 49.151390 17.515962
9.841973 48.738264 17.190759
10.595700 50.051194 17.192767
10.641850 49.151390 20.186662
9.848872 48.688820 20.457673
10.614047 49.135172 19.230004
8.361192 47.821007 28.159031
7.561316 48.234133 27.833829
8.315042 46.921202 27.835837
8.361192 47.821007 30.829732
7.568214 48.283577 31.100742
8.333389 47.837225 29.873073
8.361192 45.160239 24.611341
8.361192 46.078583 24.341387
8.361192 45.191326 25.568036
8.361192 45.160239 27.282042
7.604241 44.671076 27.604498
9.118142 44.671076 27.604498
10.641850 43.829855 28.159031
10.687999 42.930051 27.835837
11.441726 44.242982 27.833829
10.641850 43.829855 30.829732
10.614047 43.846073 29.873073
9.848872 44.292426 31.100742
10.641850 49.151390 24.611341
9.841973 48.738264 24.286139
10.595700 50.051194 24.288147
10.641850 49.151390 27.282042
9.848872 48.688820 27.553053
10.614047 49.135172 26.325384
8.361192 47.821007 35.254411
7.561316 48.234133 34.929209
8.315042 46.921202 34.931217
8.361192 47.821007 37.925112
7.568214 48.283577 38.196122
8.333389 47.837225 36.968453
8.361192 45.160239 31.706721
8.361192 46.078583 31.436767
8.361192 45.191326 32.663416
8.361192 45.160239 34.377422
7.604241 44.671076 34.699878
9.118142 44.671076 34.699878
10.641850 43.829855 35.254411
10.687999 42.930051 34.931217
11.441726 44.242982 34.929209
10.641850 43.829855 37.925112
10.614047 43.846073 36.968453
9.848872 44.292426 38.196122
10.641850 49.151390 31.706721
9.841973 48.738264 31.381519
10.595700 50.051194 31.383527
10.641850 49.151390 34.377422
9.848872 48.688820 34.648432
10.614047 49.135172 33.420763
8.361192 47.821007 42.349791
7.561316 48.234133 42.024589
8.315042 46.921202 42.026596
8.361192 47.821007 45.020492
7.568214 48.283577 45.291502
8.333389 47.837225 44.063833
8.361192 45.160239 38.802101
8.361192 46.078583 38.532146
8.361192 45.191326 39.758796
8.361192 45.160239 41.472802
7.604241 44.671076 41.795258
9.118142 44.671076 41.795258
10.641850 43.829855 42.349791
10.687999 42.930051 42.026596
11.441726 44.242982 42.024589
10.641850 43.829855 45.020492
10.614047 43.846073 44.063833
9.848872 44.292426 45.291502
10.641850 49.151390 38.802101
9.841973 48.738264 38.476899
10.595700 50.051194 38.478906
10.641850 49.151390 41.472802
9.848872 48.688820 41.743812
10.614047 49.135172 40.516143
8.361192 47.821007 49.445170
7.561316 48.234133 49.119968
8.315042 46.921202 49.121976
8.361192 47.821007 52.115871
7.568214 48.283577 52.386882
8.333389 47.837225 51.159213
8.361192 45.160239 45.897480
8.361192 46.078583 45.627526
8.361192 45.191326 46.854176
8.361192 45.160239 48.568181
7.604241 44.671076 48.890637
9.118142 44.671076 48.890637
10.641850 43.829855 49.445170
10.687999 42.930051 49.121976
11.441726 44.242982 49.119968
10.641850 43.829855 52.115871
10.614047 43.846073 51.159213
9.848872 44.292426 52.386882
10.641850 49.151390 45.897480
9.841973 48.738264 45.572278
10.595700 50.051194 45.574286
10.641850 49.151390 48.568181
9.848872 48.688820 48.839192
10.614047 49.135172 47.611523
8.361192 47.821007 56.540550
7.561316 48.234133 56.215348
8.315042 46.921202 56.217356
8.361192 47.821007 59.211251
7.568214 48.283577 59.482261
8.333389 47.837225 58.254592
8.361192 45.160239 52.992860
8.361192 46.078583 52.722906
8.361192 45.191326 53.949555
8.361192 45.160239 55.663561
7.604241 44.671076 55.986017
9.118142 44.671076 55.986017
10.641850 43.829855 56.540550
10.687999 42.930051 56.217356
11.441726 44.242982 56.215348
10.641850 43.829855 59.211251
10.614047 43.846073 58.254592
9.848872 44.292426 59.482261
10.641850 49.151390 52.992860
9.841973 48.738264 52.667658
10.595700 50.051194 52.669666
10.641850 49.151390 55.663561
9.848872 48.688820 55.934572
10.614047 49.135172 54.706902
8.361192 47.821007 63.635930
7.568214 48.283577 63.364919
8.333389 47.837225 64.592589
8.361192 47.821007 66.306631
7.561316 48.234133 66.631833
8.315042 46.921202 66.629825
8.361192 45.160239 60.088240
8.361192 46.078583 59.818285
8.361192 45.191326 61.044935
8.361192 45.160239 62.758941
8.407341 46.060043 63.082135
9.161068 44.747113 63.084143
10.641850 43.829855 63.635930
10.687999 42.930051 63.312735
11.441726 44.242982 63.310728
10.641850 43.829855 66.306631
9.848872 44.292426 66.577641
10.614047 43.846073 65.349972
10.641850 49.151390 60.088240
9.841973 48.738264 59.763038
10.595700 50.051194 59.765046
10.641850 49.151390 62.758941
9.848872 48.688820 63.029951
10.614047 49.135172 61.802282
8.361192 55.803309 6.872892
7.568214 56.265879 6.601882
8.333389 55.819527 7.829551
8.361192 55.803309 9.543593
7.561316 56.216435 9.868795
8.315042 54.903505 9.866787
8.361192 53.142541 3.325202
7.568214 52.679971 3.054192
8.333389 53.126323 4.281861
8.361192 53.142541 5.995903
8.407341 54.042345 6.319097
9.161068 52.729415 6.321105
10.641850 51.812158 6.872892
10.641850 50.893813 6.602937
10.641850 51.781071 7.829587
10.641850 51.812158 9.543593
10.687999 50.912353 9.866787
11.441726 52.225284 9.868795
10.641850 57.133692 3.325202
9.884899 56.644530 3.002746
11.398800 56.644530 3.002746
10.641850 57.133692 5.995903
9.848872 56.671122 6.266913
10.614047 57.117474 5.039244
8.361192 55.803309 13.968272
7.568214 56.265879 13.697261
8.333389 55.819527 14.924930
8.361192 55.803309 16.638973
7.561316 56.216435 16.964175
8.315042 54.903505 16.962167
8.361192 53.142541 10.420582
7.604241 52.653379 10.098126
9.118142 52.653379 10.098126
8.361192 53.142541 13.091283
8.361192 54.060886 13.361237
8.361192 53.173628 12.134588
10.641850 51.812158 13.968272
9.884899 52.301320 13.645816
11.398800 52.301320 13.645816
10.641850 51.812158 16.638973
10.614047 51.828376 15.682314
9.848872 52.274728 16.909983
10.641850 57.133692 10.420582
9.841973 56.720566 10.095380
10.595700 58.033497 10.097387
10.641850 57.133692 13.091283
9.848872 56.671122 13.362293
10.614047 57.117474 12.134624
8.361192 55.803309 21.063651
7.568214 56.265879 20.792641
8.333389 55.819527 22.020310
8.361192 55.803309 23.734352
7.561316 56.216435 24.059554
8.315042 54.903505 24.057547
8.361192 53.142541 17.515962
7.568214 52.679971 17.244951
8.333389 53.126323 18.472620
8.361192 53.142541 20.186662
8.407341 54.042345 20.509857
9.161068 52.729415 20.511865
10.641850 51.812158 21.063651
10.687999 50.912353 20.740457
11.441726 52.225284 20.738449
10.641850 51.812158 23.734352
10.614047 51.828376 22.777694
9.848872 52.274728 24.005363
10.641850 57.133692 17.515962
9.841973 56.720566 17.190759
10.595700 58.033497 17.192767
10.641850 57.133692 20.186662
9.848872 56.671122 20.457673
10.614047 57.117474 19.230004
8.361192 55.803309 28.159031
7.568214 56.265879 27.888021
8.333389 55.819527 29.115690
8.361192 55.803309 30.829732
7.561316 56.216435 31.154934
8.315042 54.903505 31.152926
8.361192 53.142541 24.611341
7.568214 52.679971 24.340331
8.333389 53.126323 25.568000
8.361192 53.142541 27.282042
8.407341 54.042345 27.605237
9.161068 52.729415 27.607244
10.641850 51.812158 28.159031
10.687999 50.912353 27.835837
11.441726 52.225284 27.833829
10.641850 51.812158 30.829732
10.614047 51.828376 29.873073
9.848872 52.274728 31.100742
10.641850 57.133692 24.611341
9.841973 56.720566 24.286139
10.595700 58.033497 24.288147
10.641850 57.133692 27.282042
9.848872 56.671122 27.553053
10.614047 57.117474 26.325384
8.361192 55.803309 35.254411
7.568214 56.265879 34.983400
8.333389 55.819527 36.211070
8.361192 55.803309 37.925112
7.561316 56.216435 38.250314
8.315042 54.903505 38.248306
8.361192 53.142541 31.706721
7.568214 52.679971 31.435711
8.333389 53.126323 32.663380
8.361192 53.142541 34.377422
8.407341 54.042345 34.700616
9.161068 52.729415 34.702624
10.641850 51.812158 35.254411
10.687999 50.912353 34.931217
11.441726 52.225284 34.929209
10.641850 51.812158 37.925112
10.614047 51.828376 36.968453
9.848872 52.274728 38.196122
10.641850 57.133692 31.706721
9.841973 56.720566 31.381519
10.595700 58.033497 31.383527
10.641850 57.133692 34.377422
9.848872 56.671122 34.648432
10.614047 57.117474 33.420763
8.361192 55.803309 42.349791
7.568214 56.265879 42.078780
8.333389 55.819527 43.306449
8.361192 55.803309 45.020492
7.561316 56.216435 45.345694
8.315042 54.903505 45.343686
8.361192 53.142541 38.802101
7.568214 52.679971 38.531090
8.333389 53.126323 39.758759
8.361192 53.142541 41.472802
8.407341 54.042345 41.795996
9.161068 52.729415 41.798004
10.641850 51.812158 42.349791
10.687999 50.912353 42.026596
11.441726 52.225284 42.024589
10.641850 51.812158 45.020492
10.614047 51.828376 44.063833
9.848872 52.274728 45.291502
10.641850 57.133692 38.802101
9.841973 56.720566 38.476899
10.595700 58.033497 38.478906
10.641850 57.133692 41.472802
9.848872 56.671122 41.743812
10.614047 57.117474 40.516143
8.361192 55.803309 49.445170
7.568214 56.265879 49.174160
8.333389 55.819527 50.401829
8.361192 55.803309 52.115871
7.561316 56.216435 52.441073
8.315042 54.903505 52.439066
8.361192 53.142541 45.897480
7.568214 52.679971 45.626470
8.333389 53.126323 46.854139
8.361192 53.142541 48.568181
8.407341 54.042345 48.891376
9.161068 52.729415 48.893383
10.641850 51.812158 49.445170
10.687999 50.912353 49.121976
11.441726 52.225284 49.119968
10.641850 51.812158 52.115871
10.614047 51.828376 51.159213
9.848872 52.274728 52.386882
10.641850 57.133692 45.897480
9.841973 56.720566 45.572278
10.595700 58.033497 45.574286
10.641850 57.133692 48.568181
9.848872 56.671122 48.839192
10.614047 57.117474 47.611523
8.361192 55.803309 56.540550
7.568214 56.265879 56.269540
8.333389 55.819527 57.497209
8.361192 55.803309 59.211251
7.604241 56.292471 59.533707
9.118142 56.292471 59.533707
8.361192 53.142541 52.992860
7.568214 52.679971 52.721850
8.333389 53.126323 53.949519
8.361192 53.142541 55.663561
8.407341 54.042345 55.986756
9.161068 52.729415 55.988763
10.641850 51.812158 56.540550
10.687999 50.912353 56.217356
11.441726 52.225284 56.215348
10.641850 51.812158 59.211251
10.614047 51.828376 58.254592
9.848872 52.274728 59.482261
10.641850 57.133692 52.992860
9.841973 56.720566 52.667658
10.595700 58.033497 52.669666
10.641850 57.133692 55.663561
9.848872 56.671122 55.934572
10.614047 57.117474 54.706902
8.361192 55.803309 63.635930
7.568214 56.265879 63.364919
8.333389 55.819527 64.592589
8.361192 55.803309 66.306631
7.561316 56.216435 66.631833
8.315042 54.903505 66.629825
8.361192 53.142541 60.088240
8.361192 54.060886 59.818285
8.361192 53.173628 61.044935
8.361192 53.142541 62.758941
8.407341 54.042345 63.082135
9.161068 52.729415 63.084143
10.641850 51.812158 63.635930
10.687999 50.912353 63.312735
11.441726 52.225284 63.310728
10.641850 51.812158 66.306631
9.848872 52.274728 66.577641
10.614047 51.828376 65.349972
10.641850 57.133692 60.088240
10.641850 57.164779 61.044935
10.641850 58.052037 59.818285
10.641850 57.133692 62.758941
9.841973 56.720566 63.084143
10.595700 58.033497 63.082135
8.361192 63.785611 6.872892
8.388994 63.801829 7.829551
9.154170 64.248181 6.601882
8.361192 63.785611 9.543593
7.604241 64.274774 9.866049
9.118142 64.274774 9.866049
8.361192 61.124844 3.325202
8.388994 61.108625 4.281861
9.154170 60.662273 3.054192
8.361192 61.124844 5.995903
7.561316 60.711717 6.321105
8.315042 62.024648 6.319097
10.641850 59.794460 6.872892
10.595700 58.894656 6.549698
9.841973 60.207586 6.547690
10.641850 59.794460 9.543593
10.669652 59.810678 8.586934
11.434827 60.257030 9.814603
10.641850 65.115995 3.325202
10.595700 66.015799 3.002008
9.841973 64.702868 3.000000
10.641850 65.115995 5.995903
10.641850 66.034339 6.265857
10.641850 65.147081 5.039208
8.361192 63.785611 13.968272
8.388994 63.801829 14.924930
9.154170 64.248181 13.697261
8.361192 63.785611 16.638973
7.561316 64.198737 16.964175
8.315042 62.885807 16.962167
8.361192 61.124844 10.420582
8.407341 62.024648 10.097387
9.161068 60.711717 10.095380
8.361192 61.124844 13.091283
8.361192 62.043188 13.361237
8.361192 61.155930 12.134588
10.641850 59.794460 13.968272
10.595700 58.894656 13.645077
9.841973 60.207586 13.643070
10.641850 59.794460 16.638973
10.669652 59.810678 15.682314
11.434827 60.257030 16.909983
10.641850 65.115995 10.420582
10.687999 66.015799 10.097387
11.441726 64.702868 10.095380
10.641850 65.115995 13.091283
10.641850 66.034339 13.361237
10.641850 65.147081 12.134588
8.361192 63.785611 21.063651
8.361192 63.754524 22.020346
8.361192 62.867267 20.793697
8.361192 63.785611 23.734352
7.604241 64.274774 24.056808
9.118142 64.274774 24.056808
8.361192 61.124844 17.515962
7.604241 60.635681 17.193506
9.118142 60.635681 17.193506
8.361192 61.124844 20.186662
7.568214 60.662273 20.457673
8.333389 61.108625 19.230004
10.641850 59.794460 21.063651
10.595700 58.894656 20.740457
9.841973 60.207586 20.738449
10.641850 59.794460 23.734352
10.669652 59.810678 22.777694
11.434827 60.257030 24.005363
10.641850 65.115995 17.515962
9.848872 64.653424 17.244951
10.614047 65.099777 18.472620
10.641850 65.115995 20.186662
10.595700 66.015799 20.509857
9.841973 64.702868 20.511865
8.361192 63.785611 28.159031
8.388994 63.801829 29.115690
9.154170 64.248181 27.888021
8.361192 63.785611 30.829732
7.561316 64.198737 31.154934
8.315042 62.885807 31.152926
8.361192 61.124844 24.611341
8.407341 62.024648 24.288147
9.161068 60.711717 24.286139
8.361192 61.124844 27.282042
8.361192 62.043188 27.551997
8.361192 61.155930 26.325347
10.641850 59.794460 28.159031
10.595700 58.894656 27.835837
9.841973 60.207586 27.833829
10.641850 59.794460 30.829732
10.669652 59.810678 29.873073
11.434827 60.257030 31.100742
10.641850 65.115995 24.611341
10.687999 66.015799 24.288147
11.441726 64.702868 24.286139
10.641850 65.115995 27.282042
10.641850 66.034339 27.551997
10.641850 65.147081 26.325347
8.361192 63.785611 35.254411
8.361192 63.754524 36.211106
8.361192 62.867267 34.984456
8.361192 63.785611 37.925112
7.604241 64.274774 38.247568
9.118142 64.274774 38.247568
8.361192 61.124844 31.706721
7.604241 60.635681 31.384265
9.118142 60.635681 31.384265
8.361192 61.124844 34.377422
7.568214 60.662273 34.648432
8.333389 61.108625 33.420763
10.641850 59.794460 35.254411
10.595700 58.894656 34.931217
9.841973 60.207586 34.929209
10.641850 59.794460 37.925112
10.669652 59.810678 36.968453
11.434827 60.257030 38.196122
10.641850 65.115995 31.706721
9.848872 64.653424 31.435711
10.614047 65.099777 32.663380
10.641850 65.115995 34.377422
10.595700 66.015799 34.700616
9.841973 64.702868 34.702624
8.361192 63.785611 42.349791
8.388994 63.801829 43.306449
9.154170 64.248181 42.078780
8.361192 63.785611 45.020492
7.561316 64.198737 45.345694
8.315042 62.885807 45.343686
8.361192 61.124844 38.802101
8.407341 62.024648 38.478906
9.161068 60.711717 38.476899
8.361192 61.124844 41.472802
8.361192 62.043188 41.742756
8.361192 61.155930 40.516107
10.641850 59.794460 42.349791
10.595700 58.894656 42.026596
9.841973 60.207586 42.024589
10.641850 59.794460 45.020492
10.669652 59.810678 44.063833
11.434827 60.257030 45.291502
10.641850 65.115995 38.802101
10.687999 66.015799 38.478906
11.441726 64.702868 38.476899
10.641850 65.115995 41.472802
10.641850 66.034339 41.742756
10.641850 65.147081 40.516107
8.361192 63.785611 49.445170
8.361192 63.754524 50.401865
8.361192 62.867267 49.175216
8.361192 63.785611 52.115871
7.604241 64.274774 52.438327
9.118142 64.274774 52.438327
8.361192 61.124844 45.897480
7.604241 60.635681 45.575024
9.118142 60.635681 45.575024
8.361192 61.124844 48.568181
7.568214 60.662273 48.839192
8.333389 61.108625 47.611523
10.641850 59.794460 49.445170
10.595700 58.894656 49.121976
9.841973 60.207586 49.119968
10.641850 59.794460 52.115871
10.669652 59.810678 51.159213
11.434827 60.257030 52.386882
10.641850 65.115995 45.897480
9.848872 64.653424 45.626470
10.614047 65.099777 46.854139
10.641850 65.115995 48.568181
10.595700 66.015799 48.891376
9.841973 64.702868 48.893383
8.361192 63.785611 56.540550
8.388994 63.801829 57.497209
9.154170 64.248181 56.269540
8.361192 63.785611 59.211251
7.561316 64.198737 59.536453
8.315042 62.885807 59.534445
8.361192 61.124844 52.992860
8.407341 62.024648 52.669666
9.161068 60.711717 52.667658
8.361192 61.124844 55.663561
8.361192 62.043188 55.933516
8.361192 61.155930 54.706866
10.641850 59.794460 56.540550
10.595700 58.894656 56.217356
9.841973 60.207586 56.215348
10.641850 59.794460 59.211251
10.669652 59.810678 58.254592
11.434827 60.257030 59.482261
10.641850 65.115995 52.992860
10.687999 66.015799 52.669666
11.441726 64.702868 52.667658
10.641850 65.115995 55.663561
10.641850 66.034339 55.933516
10.641850 65.147081 54.706866
8.361192 63.785611 63.635930
8.361192 63.754524 64.592625
8.361192 62.867267 63.365975
8.361192 63.785611 66.306631
7.561316 64.198737 66.631833
8.315042 62.885807 66.629825
8.361192 61.124844 60.088240
7.604241 60.635681 59.765784
9.118142 60.635681 59.765784
8.361192 61.124844 62.758941
7.568214 60.662273 63.029951
8.333389 61.108625 61.802282
10.641850 59.794460 63.635930
9.884899 60.283623 63.313474
11.398800 60.283623 63.313474
10.641850 59.794460 66.306631
10.641850 58.876115 66.576585
10.641850 59.763373 65.349936
10.641850 65.115995 60.088240
9.848872 64.653424 59.817230
10.614047 65.099777 61.044899
10.641850 65.115995 62.758941
9.884899 64.626832 63.081397
11.398800 64.626832 63.081397
12.922507 7.909495 6.872892
12.122631 8.322622 6.547690
12.876358 7.009691 6.549698
12.922507 7.909495 9.543593
12.129529 8.372066 9.814603
12.894705 7.925714 8.586934
12.922507 5.248728 3.325202
12.122631 4.835602 3.000000
12.876358 6.148532 3.002008
12.922507 5.248728 5.995903
12.129529 4.786158 6.266913
12.894705 5.232510 5.039244
15.203165 3.918344 6.872892
14.403289 4.331471 6.547690
15.157016 3.018540 6.549698
15.203165 3.918344 9.543593
15.175363 3.934562 8.586934
14.410187 4.380915 9.814603
15.203165 9.239879 3.325202
14.403289 8.826753 3.000000
15.157016 10.139683 3.002008
15.203165 9.239879 5.995903
14.410187 8.777309 6.266913
15.175363 9.223661 5.039244
12.922507 7.909495 13.968272
12.129529 8.372066 13.697261
12.894705 7.925714 14.924930
12.922507 7.909495 16.638973
12.122631 8.322622 16.964175
12.876358 7.009691 16.962167
12.922507 5.248728 10.420582
12.922507 6.167072 10.150627
12.922507 5.279815 11.377277
12.922507 5.248728 13.091283
12.122631 4.835602 13.416485
12.876358 6.148532 13.414477
15.203165 3.918344 13.968272
14.403289 4.331471 13.643070
15.157016 3.018540 13.645077
15.203165 3.918344 16.638973
15.203165 3.887258 15.682278
15.203165 3.000000 16.908927
15.203165 9.239879 10.420582
14.410187 8.777309 10.149571
15.175363 9.223661 11.377240
15.203165 9.239879 13.091283
14.403289 8.826753 13.416485
15.157016 10.139683 13.414477
12.922507 7.909495 21.063651
12.122631 8.322622 20.738449
12.876358 7.009691 20.740457
12.922507 7.909495 23.734352
12.129529 8.372066 24.005363
12.894705 7.925714 22.777694
12.922507 5.248728 17.515962
12.165557 4.759565 17.193506
13.679458 4.759565 17.193506
12.922507 5.248728 20.186662
12.129529 4.786158 20.457673
12.894705 5.232510 19.230004
15.203165 3.918344 21.063651
14.403289 4.331471 20.738449
15.157016 3.018540 20.740457
15.203165 3.918344 23.734352
15.175363 3.934562 22.777694
14.410187 4.380915 24.005363
15.203165 9.239879 17.515962
14.403289 8.826753 17.190759
15.157016 10.139683 17.192767
15.203165 9.239879 20.186662
14.410187 8.777309 20.457673
15.175363 9.223661 19.230004
12.922507 7.909495 28.159031
12.129529 8.372066 27.888021
12.894705 7.925714 29.115690
12.922507 7.909495 30.829732
12.122631 8.322622 31.154934
12.876358 7.009691 31.152926
12.922507 5.248728 24.611341
12.922507 6.167072 24.341387
12.922507 5.279815 25.568036
12.922507 5.248728 27.282042
12.122631 4.835602 27.607244
12.876358 6.148532 27.605237
15.203165 3.918344 28.159031
14.403289 4.331471 27.833829
15.157016 3.018540 27.835837
15.203165 3.918344 30.829732
15.203165 3.887258 29.873037
15.203165 3.000000 31.099687
15.203165 9.239879 24.611341
14.403289 8.826753 24.286139
15.157016 10.139683 24.288147
15.203165 9.239879 27.282042
14.410187 8.777309 27.553053
15.175363 9.223661 26.325384
12.922507 7.909495 35.254411
12.122631 8.322622 34.929209
12.876358 7.009691 34.931217
12.922507 7.909495 37.925112
12.129529 8.372066 38.196122
12.894705 7.925714 36.968453
12.922507 5.248728 31.706721
12.165557 4.759565 31.384265
13.679458 4.759565 31.384265
12.922507 5.248728 34.377422
12.129529 4.786158 34.648432
12.894705 5.232510 33.420763
15.203165 3.918344 35.254411
14.403289 4.331471 34.929209
15.157016 3.018540 34.931217
15.203165 3.918344 37.925112
15.175363 3.934562 36.968453
14.410187 4.380915 38.196122
15.203165 9.239879 31.706721
14.403289 8.826753 31.381519
15.157016 10.139683 31.383527
15.203165 9.239879 34.377422
14.410187 8.777309 34.648432
15.175363 9.223661 33.420763
12.922507 7.909495 42.349791
12.129529 8.372066 42.078780
12.894705 7.925714 43.306449
12.922507 7.909495 45.020492
12.122631 8.322622 45.345694
12.876358 7.009691 45.343686
12.922507 5.248728 38.802101
12.922507 6.167072 38.532146
12.922507 5.279815 39.758796
12.922507 5.248728 41.472802
12.122631 4.835602 41.798004
12.876358 6.148532 41.795996
15.203165 3.918344 42.349791
14.403289 4.331471 42.024589
15.157016 3.018540 42.026596
15.203165 3.918344 45.020492
15.203165 3.887258 44.063796
15.203165 3.000000 45.290446
15.203165 9.239879 38.802101
14.403289 8.826753 38.476899
15.157016 10.139683 38.478906
15.203165 9.239879 41.472802
14.410187 8.777309 41.743812
15.175363 9.223661 40.516143
12.922507 7.909495 49.445170
12.122631 8.322622 49.119968
12.876358 7.009691 49.121976
12.922507 7.909495 52.115871
12.129529 8.372066 52.386882
12.894705 7.925714 51.159213
12.922507 5.248728 45.897480
12.165557 4.759565 45.575024
13.679458 4.759565 45.575024
12.922507 5.248728 48.568181
12.129529 4.786158 48.839192
12.894705 5.232510 47.611523
15.203165 3.918344 49.445170
14.403289 4.331471 49.119968
15.157016 3.018540 49.121976
15.203165 3.918344 52.115871
15.175363 3.934562 51.159213
14.410187 4.380915 52.386882
15.203165 9.239879 45.897480
14.403289 8.826753 45.572278
15.157016 10.139683 45.574286
15.203165 9.239879 48.568181
14.410187 8.777309 48.839192
15.175363 9.223661 47.611523
12.922507 7.909495 56.540550
12.129529 8.372066 56.269540
12.894705 7.925714 57.497209
12.922507 7.909495 59.211251
12.122631 8.322622 59.536453
12.876358 7.009691 59.534445
12.922507 5.248728 52.992860
12.922507 6.167072 52.722906
12.922507 5.279815 53.949555
12.922507 5.248728 55.663561
12.122631 4.835602 55.988763
12.876358 6.148532 55.986756
15.203165 3.918344 56.540550
14.403289 4.331471 56.215348
15.157016 3.018540 56.217356
15.203165 3.918344 59.211251
15.203165 3.887258 58.254556
15.203165 3.000000 59.481206
15.203165 9.239879 52.992860
14.403289 8.826753 52.667658
15.157016 10.139683 52.669666
15.203165 9.239879 55.663561
14.410187 8.777309 55.934572
15.175363 9.223661 54.706902
12.922507 7.909495 63.635930
12.122631 8.322622 63.310728
12.876358 7.009691 63.312735
12.922507 7.909495 66.306631
12.129529 8.372066 66.577641
12.894705 7.925714 65.349972
12.922507 5.248728 60.088240
12.165557 4.759565 59.765784
13.679458 4.759565 59.765784
12.922507 5.248728 62.758941
12.129529 4.786158 63.029951
12.894705 5.232510 61.802282
15.203165 3.918344 63.635930
14.410187 4.380915 63.364919
15.175363 3.934562 64.592589
15.203165 3.918344 66.306631
14.403289 4.331471 66.631833
15.157016 3.018540 66.629825
15.203165 9.239879 60.088240
14.403289 8.826753 59.763038
15.157016 10.139683 59.765046
15.203165 9.239879 62.758941
14.410187 8.777309 63.029951
15.175363 9.223661 61.802282
12.922507 15.891798 6.872892
12.129529 16.354368 6.601882
12.894705 15.908016 7.829551
12.922507 15.891798 9.543593
12.122631 16.304924 9.868795
12.876358 14.991994 9.866787
12.922507 13.231030 3.325202
12.129529 12.768460 3.054192
12.894705 13.214812 4.281861
12.922507 13.231030 5.995903
12.968657 14.130834 6.319097
13.722383 12.817904 6.321105
15.203165 11.900647 6.872892
15.203165 10.982302 6.602937
15.203165 11.869560 7.829587
15.203165 11.900647 9.543593
15.249314 11.000842 9.866787
16.003041 12.313773 9.868795
15.203165 17.222181 3.325202
15.175363 17.205963 4.281861
14.410187 16.759611 3.054192
15.203165 17.222181 5.995903
14.403289 16.809055 6.321105
15.157016 18.121986 6.319097
12.922507 15.891798 13.968272
12.129529 16.354368 13.697261
12.894705 15.908016 14.924930
12.922507 15.891798 16.638973
12.122631 16.304924 16.964175
12.876358 14.991994 16.962167
12.922507 13.231030 10.420582
12.165557 12.741868 10.098126
13.679458 12.741868 10.098126
12.922507 13.231030 13.091283
12.922507 14.149375 13.361237
12.922507 13.262117 12.134588
15.203165 11.900647 13.968272
14.446215 12.389809 13.645816
15.960115 12.389809 13.645816
15.203165 11.900647 16.638973
15.175363 11.916865 15.682314
14.410187 12.363217 16.909983
15.203165 17.222181 10.420582
14.403289 16.809055 10.095380
15.157016 18.121986 10.097387
15.203165 17.222181 13.091283
14.410187 16.759611 13.362293
15.175363 17.205963 12.134624
12.922507 15.891798 21.063651
12.129529 16.354368 20.792641
12.894705 15.908016 22.020310
12.922507 15.891798 23.734352
12.122631 16.304924 24.059554
12.876358 14.991994 24.057547
12.922507 13.231030 17.515962
12.129529 12.768460 17.244951
12.894705 13.214812 18.472620
12.922507 13.231030 20.186662
12.968657 14.130834 20.509857
13.722383 12.817904 20.511865
15.203165 11.900647 21.063651
15.249314 11.000842 20.740457
16.003041 12.313773 20.738449
15.203165 11.900647 23.734352
15.175363 11.916865 22.777694
14.410187 12.363217 24.005363
15.203165 17.222181 17.515962
14.403289 16.809055 17.190759
15.157016 18.121986 17.192767
15.203165 17.222181 20.186662
14.410187 16.759611 20.457673
15.175363 17.205963 19.230004
12.922507 15.891798 28.159031
12.129529 16.354368 27.888021
12.894705 15.908016 29.115690
12.922507 15.891798 30.829732
12.122631 16.304924 31.154934
12.876358 14.991994 31.152926
12.922507 13.231030 24.611341
12.129529 12.768460 24.340331
12.894705 13.214812 25.568000
12.922507 13.231030 27.282042
12.968657 14.130834 27.605237
13.722383 12.817904 27.607244
15.203165 11.900647 28.159031
15.249314 11.000842 27.835837
16.003041 12.313773 27.833829
15.203165 11.900647 30.829732
15.175363 11.916865 29.873073
14.410187 12.363217 31.100742
15.203165 17.222181 24.611341
14.403289 16.809055 24.286139
15.157016 18.121986 24.288147
15.203165 17.222181 27.282042
14.410187 16.759611 27.553053
15.175363 17.205963 26.325384
12.922507 15.891798 35.254411
12.129529 16.354368 34.983400
12.894705 15.908016 36.211070
12.922507 15.891798 37.925112
12.122631 16.304924 38.250314
12.876358 14.991994 38.248306
12.922507 13.231030 31.706721
12.129529 12.768460 31.435711
12.894705 13.214812 32.663380
12.922507 13.231030 34.377422
12.968657 14.130834 34.700616
13.722383 12.817904 34.702624
15.203165 11.900647 35.254411
15.249314 11.000842 34.931217
16.003041 12.313773 34.929209
15.203165 11.900647 37.925112
15.175363 11.916865 36.968453
14.410187 12.363217 38.196122
15.203165 17.222181 31.706721
14.403289 16.809055 31.381519
15.157016 18.121986 31.383527
15.203165 17.222181 34.377422
14.410187 16.759611 34.648432
15.175363 17.205963 33.420763
12.922507 15.891798 42.349791
12.129529 16.354368 42.078780
12.894705 15.908016 43.306449
12.922507 15.891798 45.020492
12.122631 16.304924 45.345694
12.876358 14.991994 45.343686
12.922507 13.231030 38.802101
12.129529 12.768460 38.531090
12.894705 13.214812 39.758759
12.922507 13.231030 41.472802
12.968657 14.130834 41.795996
13.722383 12.817904 41.798004
15.203165 11.900647 42.349791
15.249314 11.000842 42.026596
16.003041 12.313773 42.024589
15.203165 11.900647 45.020492
15.175363 11.916865 44.063833
14.410187 12.363217 45.291502
15.203165 17.222181 38.802101
14.403289 16.809055 38.476899
15.157016 18.121986 38.478906
15.203165 17.222181 41.472802
14.410187 16.759611 41.743812
15.175363 17.205963 40.516143
12.922507 15.891798 49.445170
12.129529 16.354368 49.174160
12.894705 15.908016 50.401829
12.922507 15.891798 52.115871
12.122631 16.304924 52.441073
12.876358 14.991994 52.439066
12.922507 13.231030 45.897480
12.129529 12.768460 45.626470
12.894705 13.214812 46.854139
12.922507 13.231030 48.568181
12.968657 14.130834 48.891376
13.722383 12.817904 48.893383
15.203165 11.900647 49.445170
15.249314 11.000842 49.121976
16.003041 12.313773 49.119968
15.203165 11.900647 52.115871
15.175363 11.916865 51.159213
14.410187 12.363217 52.386882
15.203165 17.222181 45.897480
14.403289 16.809055 45.572278
15.157016 18.121986 45.574286
15.203165 17.222181 48.568181
14.410187 16.759611 48.839192
15.175363 17.205963 47.611523
12.922507 15.891798 56.540550
12.129529 16.354368 56.269540
12.894705 15.908016 57.497209
12.922507 15.891798 59.211251
12.122631 16.304924 59.536453
12.876358 14.991994 59.534445
12.922507 13.231030 52.992860
12.129529 12.768460 52.721850
12.894705 13.214812 53.949519
12.922507 13.231030 55.663561
12.968657 14.130834 55.986756
13.722383 12.817904 55.988763
15.203165 11.900647 56.540550
15.249314 11.000842 56.217356
16.003041 12.313773 56.215348
15.203165 11.900647 59.211251
15.175363 11.916865 58.254592
14.410187 12.363217 59.482261
15.203165 17.222181 52.992860
14.403289 16.809055 52.667658
15.157016 18.121986 52.669666
15.203165 17.222181 55.663561
14.410187 16.759611 55.934572
15.175363 17.205963 54.706902
12.922507 15.891798 63.635930
12.129529 16.354368 63.364919
12.894705 15.908016 64.592589
12.922507 15.891798 66.306631
12.122631 16.304924 66.631833
12.876358 14.991994 66.629825
12.922507 13.231030 60.088240
12.129529 12.768460 59.817230
12.894705 13.214812 61.044899
12.922507 13.231030 62.758941
12.968657 14.130834 63.082135
13.722383 12.817904 63.084143
15.203165 11.900647 63.635930
15.249314 11.000842 63.312735
16.003041 12.313773 63.310728
15.203165 11.900647 66.306631
14.410187 12.363217 66.577641
15.175363 11.916865 65.349972
15.203165 17.222181 60.088240
14.403289 16.809055 59.763038
15.157016 18.121986 59.765046
15.203165 17.222181 62.758941
14.410187 16.759611 63.029951
15.175363 17.205963 61.802282
12.922507 23.874100 6.872892
12.122631 24.287226 6.547690
12.876358 22.974296 6.549698
12.922507 23.874100 9.543593
12.129529 24.336670 9.814603
12.894705 23.890318 8.586934
12.922507 21.213332 3.325202
12.165557 20.724170 3.002746
13.679458 20.724170 3.002746
12.922507 21.213332 5.995903
12.129529 20.750762 6.266913
12.894705 21.197114 5.039244
15.203165 19.882949 6.872892
14.446215 20.372111 6.550436
15.960115 20.372111 6.550436
15.203165 19.882949 9.543593
15.175363 19.899167 8.586934
14.410187 20.345519 9.814603
15.203165 25.204484 3.325202
15.175363 25.188266 4.281861
14.410187 24.741913 3.054192
15.203165 25.204484 5.995903
14.403289 24.791357 6.321105
15.157016 26.104288 6.319097
12.922507 23.874100 13.968272
12.129529 24.336670 13.697261
12.894705 23.890318 14.924930
12.922507 23.874100 16.638973
12.122631 24.287226 16.964175
12.876358 22.974296 16.962167
12.922507 21.213332 10.420582
12.922507 22.131677 10.150627
12.922507 21.244419 11.377277
12.922507 21.213332 13.091283
12.968657 22.113137 13.414477
13.722383 20.800206 13.416485
15.203165 19.882949 13.968272
15.249314 18.983145 13.645077
16.003041 20.296075 13.643070
15.203165 19.882949 16.638973
15.175363 19.899167 15.682314
14.410187 20.345519 16.909983
15.203165 25.204484 10.420582
14.403289 24.791357 10.095380
15.157016 26.104288 10.097387
15.203165 25.204484 13.091283
14.410187 24.741913 13.362293
15.175363 25.188266 12.134624
12.922507 23.874100 21.063651
12.129529 24.336670 20.792641
12.894705 23.890318 22.020310
12.922507 23.874100 23.734352
12.122631 24.287226 24.059554
12.876358 22.974296 24.057547
12.922507 21.213332 17.515962
12.129529 20.750762 17.244951
12.894705 21.197114 18.472620
12.922507 21.213332 20.186662
12.968657 22.113137 20.509857
13.722383 20.800206 20.511865
15.203165 19.882949 21.063651
15.249314 18.983145 20.740457
16.003041 20.296075 20.738449
15.203165 19.882949 23.734352
15.175363 19.899167 22.777694
14.410187 20.345519 24.005363
15.203165 25.204484 17.515962
14.403289 24.791357 17.190759
15.157016 26.104288 17.192767
15.203165 25.204484 20.186662
14.410187 24.741913 20.457673
15.175363 25.188266 19.230004
12.922507 23.874100 28.159031
12.129529 24.336670 27.888021
12.894705 23.890318 29.115690
12.922507 23.874100 30.829732
12.122631 24.287226 31.154934
12.876358 22.974296 31.152926
12.922507 21.213332 24.611341
12.129529 20.750762 24.340331
12.894705 21.197114 25.568000
12.922507 21.213332 27.282042
12.968657 22.113137 27.605237
13.722383 20.800206 27.607244
15.203165 19.882949 28.159031
15.249314 18.983145 27.835837
16.003041 20.296075 27.833829
15.203165 19.882949 30.829732
15.175363 19.899167 29.873073
14.410187 20.345519 31.100742
15.203165 25.204484 24.611341
14.403289 24.791357 24.286139
15.157016 26.104288 24.288147
15.203165 25.204484 27.282042
14.410187 24.741913 27.553053
15.175363 25.188266 26.325384
12.922507 23.874100 35.254411
12.129529 24.336670 34.983400
12.894705 23.890318 36.211070
12.922507 23.874100 37.925112
12.122631 24.287226 38.250314
12.876358 22.974296 38.248306
12.922507 21.213332 31.706721
12.129529 20.750762 31.435711
12.894705 21.197114 32.663380
12.922507 21.213332 34.377422
12.968657 22.113137 34.700616
13.722383 20.800206 34.702624
15.203165 19.882949 35.254411
15.249314 18.983145 34.931217
16.003041 20.296075 34.929209
15.203165 19.882949 37.925112
15.175363 19.899167 36.968453
14.410187 20.345519 38.196122
15.203165 25.204484 31.706721
14.403289 24.791357 31.381519
15.157016 26.104288 31.383527
15.203165 25.204484 34.377422
14.410187 24.741913 34.648432
15.175363 25.188266 33.420763
12.922507 23.874100 42.349791
12.129529 24.336670 42.078780
12.894705 23.890318 43.306449
12.922507 23.874100 45.020492
12.122631 24.287226 45.345694
12.876358 22.974296 45.343686
12.922507 21.213332 38.802101
12.129529 20.750762 38.531090
12.894705 21.197114 39.758759
12.922507 21.213332 41.472802
12.968657 22.113137 41.795996
13.722383 20.800206 41.798004
15.203165 19.882949 42.349791
15.249314 18.983145 42.026596
16.003041 20.296075 42.024589
15.203165 19.882949 45.020492
15.175363 19.899167 44.063833
14.410187 20.345519 45.291502
15.203165 25.204484 38.802101
14.403289 24.791357 38.476899
15.157016 26.104288 38.478906
15.203165 25.204484 41.472802
14.410187 24.741913 41.743812
15.175363 25.188266 40.516143
12.922507 23.874100 49.445170
12.129529 24.336670 49.174160
12.894705 23.890318 50.401829
12.922507 23.874100 52.115871
12.122631 24.287226 52.441073
12.876358 22.974296 52.439066
12.922507 21.213332 45.897480
12.129529 20.750762 45.626470
12.894705 21.197114 46.854139
12.922507 21.213332 48.568181
12.968657 22.113137 48.891376
13.722383 20.800206 48.893383
15.203165 19.882949 49.445170
15.249314 18.983145 49.121976
16.003041 20.296075 49.119968
15.203165 19.882949 52.115871
15.175363 19.899167 51.159213
14.410187 20.345519 52.386882
15.203165 25.204484 45.897480
14.403289 24.791357 45.572278
15.157016 26.104288 45.574286
15.203165 25.204484 48.568181
14.410187 24.741913 48.839192
15.175363 25.188266 47.611523
12.922507 23.874100 56.540550
12.129529 24.336670 56.269540
12.894705 23.890318 57.497209
12.922507 23.874100 59.211251
12.122631 24.287226 59.536453
12.876358 22.974296 59.534445
12.922507 21.213332 52.992860
12.129529 20.750762 52.721850
12.894705 21.197114 53.949519
12.922507 21.213332 55.663561
12.968657 22.113137 55.986756
13.722383 20.800206 55.988763
15.203165 19.882949 56.540550
15.249314 18.983145 56.217356
16.003041 20.296075 56.215348
15.203165 19.882949 59.211251
15.175363 19.899167 58.254592
14.410187 20.345519 59.482261
15.203165 25.204484 52.992860
14.403289 24.791357 52.667658
15.157016 26.104288 52.669666
15.203165 25.204484 55.663561
14.410187 24.741913 55.934572
15.175363 25.188266 54.706902
12.922507 23.874100 63.635930
12.129529 24.336670 63.364919
12.894705 23.890318 64.592589
12.922507 23.874100 66.306631
12.122631 24.287226 66.631833
12.876358 22.974296 66.629825
12.922507 21.213332 60.088240
12.129529 20.750762 59.817230
12.894705 21.197114 61.044899
12.922507 21.213332 62.758941
12.968657 22.113137 63.082135
13.722383 20.800206 63.084143
15.203165 19.882949 63.635930
15.249314 18.983145 63.312735
16.003041 20.296075 63.310728
15.203165 19.882949 66.306631
15.203165 18.964604 66.576585
15.203165 19.851862 65.349936
15.203165 25.204484 60.088240
14.403289 24.791357 59.763038
15.157016 26.104288 59.765046
15.203165 25.204484 62.758941
14.410187 24.741913 63.029951
15.175363 25.188266 61.802282
12.922507 31.856402 6.872892
12.122631 32.269529 6.547690
12.876358 30.956598 6.549698
12.922507 31.856402 9.543593
12.129529 32.318972 9.814603
12.894705 31.872620 8.586934
12.922507 29.195635 3.325202
12.165557 28.706472 3.002746
13.679458 28.706472 3.002746
12.922507 29.195635 5.995903
12.129529 28.733064 6.266913
12.894705 29.179417 5.039244
15.203165 27.865251 6.872892
14.446215 28.354414 6.550436
15.960115 28.354414 6.550436
15.203165 27.865251 9.543593
15.175363 27.881469 8.586934
14.410187 28.327821 9.814603
15.203165 33.186786 3.325202
15.175363 33.170568 4.281861
14.410187 32.724215 3.054192
15.203165 33.186786 5.995903
14.403289 32.773659 6.321105
15.157016 34.086590 6.319097
12.922507 31.856402 13.968272
12.129529 32.318972 13.697261
12.894705 31.872620 14.924930
12.922507 31.856402 16.638973
12.122631 32.269529 16.964175
12.876358 30.956598 16.962167
12.922507 29.195635 10.420582
12.922507 30.113979 10.150627
12.922507 29.226721 11.377277
12.922507 29.195635 13.091283
12.968657 30.095439 13.414477
13.722383 28.782508 13.416485
15.203165 27.865251 13.968272
15.249314 26.965447 13.645077
16.003041 28.278378 13.643070
15.203165 27.865251 16.638973
15.175363 27.881469 15.682314
14.410187 28.327821 16.909983
15.203165 33.186786 10.420582
14.403289 32.773659 10.095380
15.157016 34.086590 10.097387
15.203165 33.186786 13.091283
14.410187 32.724215 13.362293
15.175363 33.170568 12.134624
12.922507 31.856402 21.063651
12.129529 32.318972 20.792641
12.894705 31.872620 22.020310
12.922507 31.856402 23.734352
12.122631 32.269529 24.059554
12.876358 30.956598 24.057547
12.922507 29.195635 17.515962
12.129529 28.733064 17.244951
12.894705 29.179417 18.472620
12.922507 29.195635 20.186662
12.968657 30.095439 20.509857
13.722383 28.782508 20.511865
15.203165 27.865251 21.063651
15.249314 26.965447 20.740457
16.003041 28.278378 20.738449
15.203165 27.865251 23.734352
15.175363 27.881469 22.777694
14.410187 28.327821 24.005363
15.203165 33.186786 17.515962
14.403289 32.773659 17.190759
15.157016 34.086590 17.192767
15.203165 33.186786 20.186662
14.410187 32.724215 20.457673
15.175363 33.170568 19.230004
12.922507 31.856402 28.159031
12.129529 32.318972 27.888021
12.894705 31.872620 29.115690
12.922507 31.856402 30.829732
12.122631 32.269529 31.154934
12.876358 30.956598 31.152926
12.922507 29.195635 24.611341
12.129529 28.733064 24.340331
12.894705 29.179417 25.568000
12.922507 29.195635 27.282042
12.968657 30.095439 27.605237
13.722383 28.782508 27.607244
15.203165 27.865251 28.159031
15.249314 26.965447 27.835837
16.003041 28.278378 27.833829
15.203165 27.865251 30.829732
15.175363 27.881469 29.873073
14.410187 28.327821 31.100742
15.203165 33.186786 24.611341
14.403289 32.773659 24.286139
15.157016 34.086590 24.288147
15.203165 33.186786 27.282042
14.410187 32.724215 27.553053
15.175363 33.170568 26.325384
12.922507 31.856402 35.254411
12.129529 32.318972 34.983400
12.894705 31.872620 36.211070
12.922507 31.856402 37.925112
12.122631 32.269529 38.250314
12.876358 30.956598 38.248306
12.922507 29.195635 31.706721
12.129529 28.733064 31.435711
12.894705 29.179417 32.663380
12.922507 29.195635 34.377422
12.968657 30.095439 34.700616
13.722383 28.782508 34.702624
15.203165 27.865251 35.254411
15.249314 26.965447 34.931217
16.003041 28.278378 34.929209
15.203165 27.865251 37.925112
15.175363 27.881469 36.968453
14.410187 28.327821 38.196122
15.203165 33.186786 31.706721
14.403289 32.773659 31.381519
15.157016 34.086590 31.383527
15.203165 33.186786 34.377422
14.410187 32.724215 34.648432
15.175363 33.170568 33.420763
12.922507 31.856402 42.349791
12.129529 32.318972 42.078780
12.894705 31.872620 43.306449
12.922507 31.856402 45.020492
12.122631 32.269529 45.345694
12.876358 30.956598 45.343686
12.922507 29.195635 38.802101
12.129529 28.733064 38.531090
12.894705 29.179417 39.758759
12.922507 29.195635 41.472802
12.968657 30.095439 41.795996
13.722383 28.782508 41.798004
15.203165 27.865251 42.349791
15.249314 26.965447 42.026596
16.003041 28.278378 42.024589
15.203165 27.865251 45.020492
15.175363 27.881469 44.063833
14.410187 28.327821 45.291502
15.203165 33.186786 38.802101
14.403289 32.773659 38.476899
15.157016 34.086590 38.478906
15.203165 33.186786 41.472802
14.410187 32.724215 41.743812
15.175363 33.170568 40.516143
12.922507 31.856402 49.445170
12.129529 32.318972 49.174160
12.894705 31.872620 50.401829
12.922507 31.856402 52.115871
12.122631 32.269529 52.441073
12.876358 30.956598 52.439066
12.922507 29.195635 45.897480
12.129529 28.733064 45.626470
12.894705 29.179417 46.854139
12.922507 29.195635 48.568181
12.968657 30.095439 48.891376
13.722383 28.782508 48.893383
15.203165 27.865251 49.445170
15.249314 26.965447 49.121976
16.003041 28.278378 49.119968
15.203165 27.865251 52.115871
15.175363 27.881469 51.159213
14.410187 28.327821 52.386882
15.203165 33.186786 45.897480
14.403289 32.773659 45.572278
15.157016 34.086590 45.574286
15.203165 33.186786 48.568181
14.410187 32.724215 48.839192
15.175363 33.170568 47.611523
12.922507 31.856402 56.540550
12.129529 32.318972 56.269540
12.894705 31.872620 57.497209
12.922507 31.856402 59.211251
12.122631 32.269529 59.536453
12.876358 30.956598 59.534445
12.922507 29.195635 52.992860
12.129529 28.733064 52.721850
12.894705 29.179417 53.949519
12.922507 29.195635 55.663561
12.968657 30.095439 55.986756
13.722383 28.782508 55.988763
15.203165 27.865251 56.540550
15.249314 26.965447 56.217356
16.003041 28.278378 56.215348
15.203165 27.865251 59.211251
15.175363 27.881469 58.254592
14.410187 28.327821 59.482261
15.203165 33.186786 52.992860
14.403289 32.773659 52.667658
15.157016 34.086590 52.669666
15.203165 33.186786 55.663561
14.410187 32.724215 55.934572
15.175363 33.170568 54.706902
12.922507 31.856402 63.635930
12.129529 32.318972 63.364919
12.894705 31.872620 64.592589
12.922507 31.856402 66.306631
12.122631 32.269529 66.631833
12.876358 30.956598 66.629825
12.922507 29.195635 60.088240
12.129529 28.733064 59.817230
12.894705 29.179417 61.044899
12.922507 29.195635 62.758941
12.968657 30.095439 63.082135
13.722383 28.782508 63.084143
15.203165 27.865251 63.635930
15.249314 26.965447 63.312735
16.003041 28.278378 63.310728
15.203165 27.865251 66.306631
15.203165 26.946907 66.576585
15.203165 27.834164 65.349936
15.203165 33.186786 60.088240
14.403289 32.773659 59.763038
15.157016 34.086590 59.765046
15.203165 33.186786 62.758941
14.410187 32.724215 63.029951
15.175363 33.170568 61.802282
12.922507 39.838704 6.872892
12.122631 40.251831 6.547690
12.876358 38.938900 6.549698
12.922507 39.838704 9.543593
12.129529 40.301275 9.814603
12.894705 39.854922 8.586934
12.922507 37.177937 3.325202
12.165557 36.688774 3.002746
13.679458 36.688774 3.002746
12.922507 37.177937 5.995903
12.129529 36.715367 6.266913
12.894705 37.161719 5.039244
15.203165 35.847553 6.872892
14.446215 36.336716 6.550436
15.960115 36.336716 6.550436
15.203165 35.847553 9.543593
15.175363 35.863771 8.586934
14.410187 36.310124 9.814603
15.203165 41.169088 3.325202
15.175363 41.152870 4.281861
14.410187 40.706518 3.054192
15.203165 41.169088 5.995903
14.403289 40.755961 6.321105
15.157016 42.068892 6.319097
12.922507 39.838704 13.968272
12.129529 40.301275 13.697261
12.894705 39.854922 14.924930
12.922507 39.838704 16.638973
12.122631 40.251831 16.964175
12.876358 38.938900 16.962167
12.922507 37.177937 10.420582
12.922507 38.096281 10.150627
12.922507 37.209024 11.377277
12.922507 37.177937 13.091283
12.968657 38.077741 13.414477
13.722383 36.764810 13.416485
15.203165 35.847553 13.968272
15.249314 34.947749 13.645077
16.003041 36.260680 13.643070
15.203165 35.847553 16.638973
15.175363 35.863771 15.682314
14.410187 36.310124 16.909983
15.203165 41.169088 10.420582
14.403289 40.755961 10.095380
15.157016 42.068892 10.097387
15.203165 41.169088 13.091283
14.410187 40.706518 13.362293
15.175363 41.152870 12.134624
12.922507 39.838704 21.063651
12.129529 40.301275 20.792641
12.894705 39.854922 22.020310
12.922507 39.838704 23.734352
12.122631 40.251831 24.059554
12.876358 38.938900 24.057547
12.922507 37.177937 17.515962
12.129529 36.715367 17.244951
12.894705 37.161719 18.472620
12.922507 37.177937 20.186662
12.968657 38.077741 20.509857
13.722383 36.764810 20.511865
15.203165 35.847553 21.063651
15.249314 34.947749 20.740457
16.003041 36.260680 20.738449
15.203165 35.847553 23.734352
15.175363 35.863771 22.777694
14.410187 36.310124 24.005363
15.203165 41.169088 17.515962
14.403289 40.755961 17.190759
15.157016 42.068892 17.192767
15.203165 41.169088 20.186662
14.410187 40.706518 20.457673
15.175363 41.152870 19.230004
12.922507 39.838704 28.159031
12.129529 40.301275 27.888021
12.894705 39.854922 29.115690
12.922507 39.838704 30.829732
12.122631 40.251831 31.154934
12.876358 38.938900 31.152926
12.922507 37.177937 24.611341
12.129529 36.715367 24.340331
12.894705 37.161719 25.568000
12.922507 37.177937 27.282042
12.968657 38.077741 27.605237
13.722383 36.764810 27.607244
15.203165 35.847553 28.159031
15.249314 34.947749 27.835837
16.003041 36.260680 27.833829
15.203165 35.847553 30.829732
15.175363 35.863771 29.873073
14.410187 36.310124 31.100742
15.203165 41.169088 24.611341
14.403289 40.755961 24.286139
15.157016 42.068892 24.288147
15.203165 41.169088 27.282042
14.410187 40.706518 27.553053
15.175363 41.152870 26.325384
12.922507 39.838704 35.254411
12.129529 40.301275 34.983400
12.894705 39.854922 36.211070
12.922507 39.838704 37.925112
12.122631 40.251831 38.250314
12.876358 38.938900 38.248306
12.922507 37.177937 31.706721
12.129529 36.715367 31.435711
12.894705 37.161719 32.663380
12.922507 37.177937 34.377422
12.968657 38.077741 34.700616
13.722383 36.764810 34.702624
15.203165 35.847553 35.254411
15.249314 34.947749 34.931217
16.003041 36.260680 34.929209
15.203165 35.847553 37.925112
15.175363 35.863771 36.968453
14.410187 36.310124 38.196122
15.203165 41.169088 31.706721
14.403289 40.755961 31.381519
15.157016 42.068892 31.383527
15.203165 41.169088 34.377422
14.410187 40.706518 34.648432
15.175363 41.152870 33.420763
12.922507 39.838704 42.349791
12.129529 40.301275 42.078780
12.894705 39.854922 43.306449
12.922507 39.838704 45.020492
12.122631 40.251831 45.345694
12.876358 38.938900 45.343686
12.922507 37.177937 38.802101
12.129529 36.715367 38.531090
12.894705 37.161719 39.758759
12.922507 37.177937 41.472802
12.968657 38.077741 41.795996
13.722383 36.764810 41.798004
15.203165 35.847553 42.349791
15.249314 34.947749 42.026596
16.003041 36.260680 42.024589
15.203165 35.847553 45.020492
15.175363 35.863771 44.063833
14.410187 36.310124 45.291502
15.203165 41.169088 38.802101
14.403289 40.755961 38.476899
15.157016 42.068892 38.478906
15.203165 41.169088 41.472802
14.410187 40.706518 41.743812
15.175363 41.152870 40.516143
12.922507 39.838704 49.445170
12.129529 40.301275 49.174160
12.894705 39.854922 50.401829
12.922507 39.838704 52.115871
12.122631 40.251831 52.441073
12.876358 38.938900 52.439066
12.922507 37.177937 45.897480
12.129529 36.715367 45.626470
12.894705 37.161719 46.854139
12.922507 37.177937 48.568181
12.968657 38.077741 48.891376
13.722383 36.764810 48.893383
15.203165 35.847553 49.445170
15.249314 34.947749 49.121976
16.003041 36.260680 49.119968
15.203165 35.847553 52.115871
15.175363 35.863771 51.159213
14.410187 36.310124 52.386882
15.203165 41.169088 45.897480
14.403289 40.755961 45.572278
15.157016 42.068892 45.574286
15.203165 41.169088 48.568181
14.410187 40.706518 48.839192
15.175363 41.152870 47.611523
12.922507 39.838704 56.540550
12.129529 40.301275 56.269540
12.894705 39.854922 57.497209
12.922507 39.838704 59.211251
12.122631 40.251831 59.536453
12.876358 38.938900 59.534445
12.922507 37.177937 52.992860
12.129529 36.715367 52.721850
12.894705 37.161719 53.949519
12.922507 37.177937 55.663561
12.968657 38.077741 55.986756
13.722383 36.764810 55.988763
15.203165 35.847553 56.540550
15.249314 34.947749 56.217356
16.003041 36.260680 56.215348
15.203165 35.847553 59.211251
15.175363 35.863771 58.254592
14.410187 36.310124 59.482261
15.203165 41.169088 52.992860
14.403289 40.755961 52.667658
15.157016 42.068892 52.669666
15.203165 41.169088 55.663561
14.410187 40.706518 55.934572
15.175363 41.152870 54.706902
12.922507 39.838704 63.635930
12.129529 40.301275 63.364919
12.894705 39.854922 64.592589
12.922507 39.838704 66.306631
12.122631 40.251831 66.631833
12.876358 38.938900 66.629825
12.922507 37.177937 60.088240
12.129529 36.715367 59.817230
12.894705 37.161719 61.044899
12.922507 37.177937 62.758941
12.968657 38.077741 63.082135
13.722383 36.764810 63.084143
15.203165 35.847553 63.635930
15.249314 34.947749 63.312735
16.003041 36.260680 63.310728
15.203165 35.847553 66.306631
15.203165 34.929209 66.576585
15.203165 35.816466 65.349936
15.203165 41.169088 60.088240
14.403289 40.755961 59.763038
15.157016 42.068892 59.765046
15.203165 41.169088 62.758941
14.410187 40.706518 63.029951
15.175363 41.152870 61.802282
12.922507 47.821007 6.872892
12.122631 48.234133 6.547690
12.876358 46.921202 6.549698
12.922507 47.821007 9.543593
12.129529 48.283577 9.814603
12.894705 47.837225 8.586934
12.922507 45.160239 3.325202
12.165557 44.671076 3.002746
13.679458 44.671076 3.002746
12.922507 45.160239 5.995903
12.129529 44.697669 6.266913
12.894705 45.144021 5.039244
15.203165 43.829855 6.872892
14.446215 44.319018 6.550436
15.960115 44.319018 6.550436
15.203165 43.829855 9.543593
15.175363 43.846073 8.586934
14.410187 44.292426 9.814603
15.203165 49.151390 3.325202
15.175363 49.135172 4.281861
14.410187 48.688820 3.054192
15.203165 49.151390 5.995903
14.403289 48.738264 6.321105
15.157016 50.051194 6.319097
12.922507 47.821007 13.968272
12.129529 48.283577 13.697261
12.894705 47.837225 14.924930
12.922507 47.821007 16.638973
12.122631 48.234133 16.964175
12.876358 46.921202 16.962167
12.922507 45.160239 10.420582
12.922507 46.078583 10.150627
12.922507 45.191326 11.377277
12.922507 45.160239 13.091283
12.968657 46.060043 13.414477
13.722383 44.747113 13.416485
15.203165 43.829855 13.968272
15.249314 42.930051 13.645077
16.003041 44.242982 13.643070
15.203165 43.829855 16.638973
15.175363 43.846073 15.682314
14.410187 44.292426 16.909983
15.203165 49.151390 10.420582
14.403289 48.738264 10.095380
15.157016 50.051194 10.097387
15.203165 49.151390 13.091283
14.410187 48.688820 13.362293
15.175363 49.135172 12.134624
12.922507 47.821007 21.063651
12.129529 48.283577 20.792641
12.894705 47.837225 22.020310
12.922507 47.821007 23.734352
12.122631 48.234133 24.059554
12.876358 46.921202 24.057547
12.922507 45.160239 17.515962
12.129529 44.697669 17.244951
12.894705 45.144021 18.472620
12.922507 45.160239 20.186662
12.968657 46.060043 20.509857
13.722383 44.747113 20.511865
15.203165 43.829855 21.063651
15.249314 42.930051 20.740457
16.003041 44.242982 20.738449
15.203165 43.829855 23.734352
15.175363 43.846073 22.777694
14.410187 44.292426 24.005363
15.203165 49.151390 17.515962
14.403289 48.738264 17.190759
15.157016 50.051194 17.192767
15.203165 49.151390 20.186662
14.410187 48.688820 20.457673
15.175363 49.135172 19.230004
12.922507 47.821007 28.159031
12.129529 48.283577 27.888021
12.894705 47.837225 29.115690
12.922507 47.821007 30.829732
12.122631 48.234133 31.154934
12.876358 46.921202 31.152926
12.922507 45.160239 24.611341
12.129529 44.697669 24.340331
12.894705 45.144021 25.568000
12.922507 45.160239 27.282042
12.968657 46.060043 27.605237
13.722383 44.747113 27.607244
15.203165 43.829855 28.159031
15.249314 42.930051 27.835837
16.003041 44.242982 27.833829
15.203165 43.829855 30.829732
15.175363 43.846073 29.873073
14.410187 44.292426 31.100742
15.203165 49.151390 24.611341
14.403289 48.738264 24.286139
15.157016 50.051194 24.288147
15.203165 49.151390 27.282042
14.410187 48.688820 27.553053
15.175363 49.135172 26.325384
12.922507 47.821007 35.254411
12.129529 48.283577 34.983400
12.894705 47.837225 36.211070
12.922507 47.821007 37.925112
12.122631 48.234133 38.250314
12.876358 46.921202 38.248306
12.922507 45.160239 31.706721
12.129529 44.697669 31.435711
12.894705 45.144021 32.663380
12.922507 45.160239 34.377422
12.968657 46.060043 34.700616
13.722383 44.747113 34.702624
15.203165 43.829855 35.254411
15.249314 42.930051 34.931217
16.003041 44.242982 34.929209
15.203165 43.829855 37.925112
15.175363 43.846073 36.968453
14.410187 44.292426 38.196122
15.203165 49.151390 31.706721
14.403289 48.738264 31.381519
15.157016 50.051194 31.383527
15.203165 49.151390 34.377422
14.410187 48.688820 34.648432
15.175363 49.135172 33.420763
12.922507 47.821007 42.349791
12.129529 48.283577 42.078780
12.894705 47.837225 43.306449
12.922507 47.821007 45.020492
12.122631 48.234133 45.345694
12.876358 46.921202 45.343686
12.922507 45.160239 38.802101
12.129529 44.697669 38.531090
12.894705 45.144021 39.758759
12.922507 45.160239 41.472802
12.968657 46.060043 41.795996
13.722383 44.747113 41.798004
15.203165 43.829855 42.349791
15.249314 42.930051 42.026596
16.003041 44.242982 42.024589
15.203165 43.829855 45.020492
15.175363 43.846073 44.063833
14.410187 44.292426 45.291502
15.203165 49.151390 38.802101
14.403289 48.738264 38.476899
15.157016 50.051194 38.478906
15.203165 49.151390 41.472802
14.410187 48.688820 41.743812
15.175363 49.135172 40.516143
12.922507 47.821007 49.445170
12.129529 48.283577 49.174160
12.894705 47.837225 50.401829
12.922507 47.821007 52.115871
12.122631 48.234133 52.441073
12.876358 46.921202 52.439066
12.922507 45.160239 45.897480
12.129529 44.697669 45.626470
12.894705 45.144021 46.854139
12.922507 45.160239 48.568181
12.968657 46.060043 48.891376
13.722383 44.747113 48.893383
15.203165 43.829855 49.445170
15.249314 42.930051 49.121976
16.003041 44.242982 49.119968
15.203165 43.829855 52.115871
15.175363 43.846073 51.159213
14.410187 44.292426 52.386882
15.203165 49.151390 45.897480
14.403289 48.738264 45.572278
15.157016 50.051194 45.574286
15.203165 49.151390 48.568181
14.410187 48.688820 48.839192
15.175363 49.135172 47.611523
12.922507 47.821007 56.540550
12.129529 48.283577 56.269540
12.894705 47.837225 57.497209
12.922507 47.821007 59.211251
12.122631 48.234133 59.536453
12.876358 46.921202 59.534445
12.922507 45.160239 52.992860
12.129529 44.697669 52.721850
12.894705 45.144021 53.949519
12.922507 45.160239 55.663561
12.968657 46.060043 55.986756
13.722383 44.747113 55.988763
15.203165 43.829855 56.540550
15.249314 42.930051 56.217356
16.003041 44.242982 56.215348
15.203165 43.829855 59.211251
15.175363 43.846073 58.254592
14.410187 44.292426 59.482261
15.203165 49.151390 52.992860
14.403289 48.738264 52.667658
15.157016 50.051194 52.669666
15.203165 49.151390 55.663561
14.410187 48.688820 55.934572
15.175363 49.135172 54.706902
12.922507 47.821007 63.635930
12.129529 48.283577 63.364919
12.894705 47.837225 64.592589
12.922507 47.821007 66.306631
12.122631 48.234133 66.631833
12.876358 46.921202 66.629825
12.922507 45.160239 60.088240
12.129529 44.697669 59.817230
12.894705 45.144021 61.044899
12.922507 45.160239 62.758941
12.968657 46.060043 63.082135
13.722383 44.747113 63.084143
15.203165 43.829855 63.635930
15.249314 42.930051 63.312735
16.003041 44.242982 63.310728
15.203165 43.829855 66.306631
15.203165 42.911511 66.576585
15.203165 43.798769 65.349936
15.203165 49.151390 60.088240
14.403289 48.738264 59.763038
15.157016 50.051194 59.765046
15.203165 49.151390 62.758941
14.410187 48.688820 63.029951
15.175363 49.135172 61.802282
12.922507 55.803309 6.872892
12.122631 56.216435 6.547690
12.876358 54.903505 6.549698
12.922507 55.803309 9.543593
12.129529 56.265879 9.814603
12.894705 55.819527 8.586934
12.922507 53.142541 3.325202
12.165557 52.653379 3.002746
13.679458 52.653379 3.002746
12.922507 53.142541 5.995903
12.129529 52.679971 6.266913
12.894705 53.126323 5.039244
15.203165 51.812158 6.872892
14.446215 52.301320 6.550436
15.960115 52.301320 6.550436
15.203165 51.812158 9.543593
15.175363 51.828376 8.586934
14.410187 52.274728 9.814603
15.203165 57.133692 3.325202
15.175363 57.117474 4.281861
14.410187 56.671122 3.054192
15.203165 57.133692 5.995903
14.403289 56.720566 6.321105
15.157016 58.033497 6.319097
12.922507 55.803309 13.968272
12.129529 56.265879 13.697261
12.894705 55.819527 14.924930
12.922507 55.803309 16.638973
12.122631 56.216435 16.964175
12.876358 54.903505 16.962167
12.922507 53.142541 10.420582
12.922507 54.060886 10.150627
12.922507 53.173628 11.377277
12.922507 53.142541 13.091283
12.968657 54.042345 13.414477
13.722383 52.729415 13.416485
15.203165 51.812158 13.968272
15.249314 50.912353 13.645077
16.003041 52.225284 13.643070
15.203165 51.812158 16.638973
15.175363 51.828376 15.682314
14.410187 52.274728 16.909983
15.203165 57.133692 10.420582
14.403289 56.720566 10.095380
15.157016 58.033497 10.097387
15.203165 57.133692 13.091283
14.410187 56.671122 13.362293
15.175363 57.117474 12.134624
12.922507 55.803309 21.063651
12.129529 56.265879 20.792641
12.894705 55.819527 22.020310
12.922507 55.803309 23.734352
12.122631 56.216435 24.059554
12.876358 54.903505 24.057547
12.922507 53.142541 17.515962
12.129529 52.679971 17.244951
12.894705 53.126323 18.472620
12.922507 53.142541 20.186662
12.968657 54.042345 20.509857
13.722383 52.729415 20.511865
15.203165 51.812158 21.063651
15.249314 50.912353 20.740457
16.003041 52.225284 20.738449
15.203165 51.812158 23.734352
15.175363 51.828376 22.777694
14.410187 52.274728 24.005363
15.203165 57.133692 17.515962
14.403289 56.720566 17.190759
15.157016 58.033497 17.192767
15.203165 57.133692 20.186662
14.410187 56.671122 20.457673
15.175363 57.117474 19.230004
12.922507 55.803309 28.159031
12.129529 56.265879 27.888021
12.894705 55.819527 29.115690
12.922507 55.803309 30.829732
12.122631 56.216435 31.154934
12.876358 54.903505 31.152926
12.922507 53.142541 24.611341
12.129529 52.679971 24.340331
12.894705 53.126323 25.568000
12.922507 53.142541 27.282042
12.968657 54.042345 27.605237
13.722383 52.729415 27.607244
15.203165 51.812158 28.159031
15.249314 50.912353 27.835837
16.003041 52.225284 27.833829
15.203165 51.812158 30.829732
15.175363 51.828376 29.873073
14.410187 52.274728 31.100742
15.203165 57.133692 24.611341
14.403289 56.720566 24.286139
15.157016 58.033497 24.288147
15.203165 57.133692 27.282042
14.410187 56.671122 27.553053
15.175363 57.117474 26.325384
12.922507 55.803309 35.254411
12.129529 56.265879 34.983400
12.894705 55.819527 36.211070
12.922507 55.803309 37.925112
12.122631 56.216435 38.250314
12.876358 54.903505 38.248306
12.922507 53.142541 31.706721
12.129529 52.679971 31.435711
12.894705 53.126323 32.663380
12.922507 53.142541 34.377422
12.968657 54.042345 34.700616
13.722383 52.729415 34.702624
15.203165 51.812158 35.254411
15.249314 50.912353 34.931217
16.003041 52.225284 34.929209
15.203165 51.812158 37.925112
15.175363 51.828376 36.968453
14.410187 52.274728 38.196122
15.203165 57.133692 31.706721
14.403289 56.720566 31.381519
15.157016 58.033497 31.383527
15.203165 57.133692 34.377422
14.410187 56.671122 34.648432
15.175363 57.117474 33.420763
12.922507 55.803309 42.349791
12.129529 56.265879 42.078780
12.894705 55.819527 43.306449
12.922507 55.803309 45.020492
12.122631 56.216435 45.345694
12.876358 54.903505 45.343686
12.922507 53.142541 38.802101
12.129529 52.679971 38.531090
12.894705 53.126323 39.758759
12.922507 53.142541 41.472802
12.968657 54.042345 41.795996
13.722383 52.729415 41.798004
15.203165 51.812158 42.349791
15.249314 50.912353 42.026596
16.003041 52.225284 42.024589
15.203165 51.812158 45.020492
15.175363 51.828376 44.063833
14.410187 52.274728 45.291502
15.203165 57.133692 38.802101
14.403289 56.720566 38.476899
15.157016 58.033497 38.478906
15.203165 57.133692 41.472802
14.410187 56.671122 41.743812
15.175363 57.117474 40.516143
12.922507 55.803309 49.445170
12.129529 56.265879 49.174160
12.894705 55.819527 50.401829
12.922507 55.803309 52.115871
12.122631 56.216435 52.441073
12.876358 54.903505 52.439066
12.922507 53.142541 45.897480
12.129529 52.679971 45.626470
12.894705 53.126323 46.854139
12.922507 53.142541 48.568181
12.968657 54.042345 48.891376
13.722383 52.729415 48.893383
15.203165 51.812158 49.445170
15.249314 50.912353 49.121976
16.003041 52.225284 49.119968
15.203165 51.812158 52.115871
15.175363 51.828376 51.159213
14.410187 52.274728 52.386882
15.203165 57.133692 45.897480
14.403289 56.720566 45.572278
15.157016 58.033497 45.574286
15.203165 57.133692 48.568181
14.410187 56.671122 48.839192
15.175363 57.117474 47.611523
12.922507 55.803309 56.540550
12.129529 56.265879 56.269540
12.894705 55.819527 57.497209
12.922507 55.803309 59.211251
12.122631 56.216435 59.536453
12.876358 54.903505 59.534445
12.922507 53.142541 52.992860
12.129529 52.679971 52.721850
12.894705 53.126323 53.949519
12.922507 53.142541 55.663561
12.968657 54.042345 55.986756
13.722383 52.729415 55.988763
15.203165 51.812158 56.540550
15.249314 50.912353 56.217356
16.003041 52.225284 56.215348
15.203165 51.812158 59.211251
15.175363 51.828376 58.254592
14.410187 52.274728 59.482261
15.203165 57.133692 52.992860
14.403289 56.720566 52.667658
15.157016 58.033497 52.669666
15.203165 57.133692 55.663561
14.410187 56.671122 55.934572
15.175363 57.117474 54.706902
12.922507 55.803309 63.635930
12.165557 56.292471 63.313474
13.679458 56.292471 63.313474
12.922507 55.803309 66.306631
12.922507 54.884964 66.576585
12.922507 55.772222 65.349936
12.922507 53.142541 60.088240
12.129529 52.679971 59.817230
12.894705 53.126323 61.044899
12.922507 53.142541 62.758941
12.968657 54.042345 63.082135
13.722383 52.729415 63.084143
15.203165 51.812158 63.635930
15.249314 50.912353 63.312735
16.003041 52.225284 63.310728
15.203165 51.812158 66.306631
15.203165 50.893813 66.576585
15.203165 51.781071 65.349936
15.203165 57.133692 60.088240
14.403289 56.720566 59.763038
15.157016 58.033497 59.765046
15.203165 57.133692 62.758941
15.230967 57.117474 61.802282
15.996143 56.671122 63.029951
12.922507 63.785611 6.872892
12.122631 64.198737 6.547690
12.876358 62.885807 6.549698
12.922507 63.785611 9.543593
12.950310 63.801829 8.586934
13.715485 64.248181 9.814603
12.922507 61.124844 3.325202
12.165557 60.635681 3.002746
13.679458 60.635681 3.002746
12.922507 61.124844 5.995903
12.129529 60.662273 6.266913
12.894705 61.108625 5.039244
15.203165 59.794460 6.872892
14.446215 60.283623 6.550436
15.960115 60.283623 6.550436
15.203165 59.794460 9.543593
15.175363 59.810678 8.586934
14.410187 60.257030 9.814603
15.203165 65.115995 3.325202
15.175363 65.099777 4.281861
14.410187 64.653424 3.054192
15.203165 65.115995 5.995903
14.446215 64.626832 6.318359
15.960115 64.626832 6.318359
12.922507 63.785611 13.968272
12.122631 64.198737 13.643070
12.876358 62.885807 13.645077
12.922507 63.785611 16.638973
12.129529 64.248181 16.909983
12.894705 63.801829 15.682314
12.922507 61.124844 10.420582
12.922507 62.043188 10.150627
12.922507 61.155930 11.377277
12.922507 61.124844 13.091283
12.165557 60.635681 13.413739
13.679458 60.635681 13.413739
15.203165 59.794460 13.968272
15.249314 58.894656 13.645077
16.003041 60.207586 13.643070
15.203165 59.794460 16.638973
15.230967 59.810678 15.682314
15.996143 60.257030 16.909983
15.203165 65.115995 10.420582
15.203165 66.034339 10.150627
15.203165 65.147081 11.377277
15.203165 65.115995 13.091283
14.446215 64.626832 13.413739
15.960115 64.626832 13.413739
12.922507 63.785611 21.063651
12.122631 64.198737 20.738449
12.876358 62.885807 20.740457
12.922507 63.785611 23.734352
12.950310 63.801829 22.777694
13.715485 64.248181 24.005363
12.922507 61.124844 17.515962
12.968657 62.024648 17.192767
13.722383 60.711717 17.190759
12.922507 61.124844 20.186662
12.129529 60.662273 20.457673
12.894705 61.108625 19.230004
15.203165 59.794460 21.063651
15.157016 58.894656 20.740457
14.403289 60.207586 20.738449
15.203165 59.794460 23.734352
15.175363 59.810678 22.777694
14.410187 60.257030 24.005363
15.203165 65.115995 17.515962
14.410187 64.653424 17.244951
15.175363 65.099777 18.472620
15.203165 65.115995 20.186662
14.446215 64.626832 20.509119
15.960115 64.626832 20.509119
12.922507 63.785611 28.159031
12.122631 64.198737 27.833829
12.876358 62.885807 27.835837
12.922507 63.785611 30.829732
12.129529 64.248181 31.100742
12.894705 63.801829 29.873073
12.922507 61.124844 24.611341
12.922507 62.043188 24.341387
12.922507 61.155930 25.568036
12.922507 61.124844 27.282042
12.165557 60.635681 27.604498
13.679458 60.635681 27.604498
15.203165 59.794460 28.159031
15.249314 58.894656 27.835837
16.003041 60.207586 27.833829
15.203165 59.794460 30.829732
15.230967 59.810678 29.873073
15.996143 60.257030 31.100742
15.203165 65.115995 24.611341
15.203165 66.034339 24.341387
15.203165 65.147081 25.568036
15.203165 65.115995 27.282042
14.446215 64.626832 27.604498
15.960115 64.626832 27.604498
12.922507 63.785611 35.254411
12.122631 64.198737 34.929209
12.876358 62.885807 34.931217
12.922507 63.785611 37.925112
12.950310 63.801829 36.968453
13.715485 64.248181 38.196122
12.922507 61.124844 31.706721
12.968657 62.024648 31.383527
13.722383 60.711717 31.381519
12.922507 61.124844 34.377422
12.129529 60.662273 34.648432
12.894705 61.108625 33.420763
15.203165 59.794460 35.254411
15.157016 58.894656 34.931217
14.403289 60.207586 34.929209
15.203165 59.794460 37.925112
15.175363 59.810678 36.968453
14.410187 60.257030 38.196122
15.203165 65.115995 31.706721
14.410187 64.653424 31.435711
15.175363 65.099777 32.663380
15.203165 65.115995 34.377422
14.446215 64.626832 34.699878
15.960115 64.626832 34.699878
12.922507 63.785611 42.349791
12.122631 64.198737 42.024589
12.876358 62.885807 42.026596
12.922507 63.785611 45.020492
12.129529 64.248181 45.291502
12.894705 63.801829 44.063833
12.922507 61.124844 38.802101
12.922507 62.043188 38.532146
12.922507 61.155930 39.758796
12.922507 61.124844 41.472802
12.165557 60.635681 41.795258
13.679458 60.635681 41.795258
15.203165 59.794460 42.349791
15.249314 58.894656 42.026596
16.003041 60.207586 42.024589
15.203165 59.794460 45.020492
15.230967 59.810678 44.063833
15.996143 60.257030 45.291502
15.203165 65.115995 38.802101
15.203165 66.034339 38.532146
15.203165 65.147081 39.758796
15.203165 65.115995 41.472802
14.446215 64.626832 41.795258
15.960115 64.626832 41.795258
12.922507 63.785611 49.445170
12.122631 64.198737 49.119968
12.876358 62.885807 49.121976
12.922507 63.785611 52.115871
12.950310 63.801829 51.159213
13.715485 64.248181 52.386882
12.922507 61.124844 45.897480
12.968657 62.024648 45.574286
13.722383 60.711717 45.572278
12.922507 61.124844 48.568181
12.129529 60.662273 48.839192
12.894705 61.108625 47.611523
15.203165 59.794460 49.445170
15.157016 58.894656 49.121976
14.403289 60.207586 49.119968
15.203165 59.794460 52.115871
15.175363 59.810678 51.159213
14.410187 60.257030 52.386882
15.203165 65.115995 45.897480
14.410187 64.653424 45.626470
15.175363 65.099777 46.854139
15.203165 65.115995 48.568181
14.446215 64.626832 48.890637
15.960115 64.626832 48.890637
12.922507 63.785611 56.540550
12.122631 64.198737 56.215348
12.876358 62.885807 56.217356
12.922507 63.785611 59.211251
12.129529 64.248181 59.482261
12.894705 63.801829 58.254592
12.922507 61.124844 52.992860
12.922507 62.043188 52.722906
12.922507 61.155930 53.949555
12.922507 61.124844 55.663561
12.165557 60.635681 55.986017
13.679458 60.635681 55.986017
15.203165 59.794460 56.540550
15.249314 58.894656 56.217356
16.003041 60.207586 56.215348
15.203165 59.794460 59.211251
15.230967 59.810678 58.254592
15.996143 60.257030 59.482261
15.203165 65.115995 52.992860
15.203165 66.034339 52.722906
15.203165 65.147081 53.949555
15.203165 65.115995 55.663561
14.446215 64.626832 55.986017
15.960115 64.626832 55.986017
12.922507 63.785611 63.635930
12.950310 63.801829 64.592589
13.715485 64.248181 63.364919
12.922507 63.785611 66.306631
12.122631 64.198737 66.631833
12.876358 62.885807 66.629825
12.922507 61.124844 60.088240
12.968657 62.024648 59.765046
13.722383 60.711717 59.763038
12.922507 61.124844 62.758941
12.922507 62.043188 63.028895
12.922507 61.155930 61.802246
15.203165 59.794460 63.635930
15.157016 58.894656 63.312735
14.403289 60.207586 63.310728
15.203165 59.794460 66.306631
15.203165 58.876115 66.576585
15.203165 59.763373 65.349936
15.203165 65.115995 60.088240
14.410187 64.653424 59.817230
15.175363 65.099777 61.044899
15.203165 65.115995 62.758941
15.249314 66.015799 63.082135
16.003041 64.702868 63.084143
17.483823 7.909495 6.872892
16.690845 8.372066 6.601882
17.456020 7.925714 7.829551
17.483823 7.909495 9.543593
16.683947 8.322622 9.868795
17.437674 7.009691 9.866787
17.483823 5.248728 3.325202
16.690845 4.786158 3.054192
17.456020 5.232510 4.281861
17.483823 5.248728 5.995903
16.683947 4.835602 6.321105
17.437674 6.148532 6.319097
19.764481 3.918344 6.872892
18.971503 4.380915 6.601882
19.736678 3.934562 7.829551
19.764481 3.918344 9.543593
18.964604 4.331471 9.868795
19.718331 3.018540 9.866787
19.764481 9.239879 3.325202
19.736678 9.223661 4.281861
18.971503 8.777309 3.054192
19.764481 9.239879 5.995903
18.964604 8.826753 6.321105
19.718331 10.139683 6.319097
17.483823 7.909495 13.968272
16.690845 8.372066 13.697261
17.456020 7.925714 14.924930
17.483823 7.909495 16.638973
16.683947 8.322622 16.964175
17.437674 7.009691 16.962167
17.483823 5.248728 10.420582
16.690845 4.786158 10.149571
17.456020 5.232510 11.377240
17.483823 5.248728 13.091283
16.683947 4.835602 13.416485
17.437674 6.148532 13.414477
19.764481 3.918344 13.968272
18.971503 4.380915 13.697261
19.736678 3.934562 14.924930
19.764481 3.918344 16.638973
19.007530 4.407507 16.961429
20.521431 4.407507 16.961429
19.764481 9.239879 10.420582
18.964604 8.826753 10.095380
19.718331 10.139683 10.097387
19.764481 9.239879 13.091283
18.971503 8.777309 13.362293
19.736678 9.223661 12.134624
17.483823 7.909495 21.063651
16.690845 8.372066 20.792641
17.456020 7.925714 22.020310
17.483823 7.909495 23.734352
16.683947 8.322622 24.059554
17.437674 7.009691 24.057547
17.483823 5.248728 17.515962
16.690845 4.786158 17.244951
17.456020 5.232510 18.472620
17.483823 5.248728 20.186662
16.683947 4.835602 20.511865
17.437674 6.148532 20.509857
19.764481 3.918344 21.063651
18.971503 4.380915 20.792641
19.736678 3.934562 22.020310
19.764481 3.918344 23.734352
18.964604 4.331471 24.059554
19.718331 3.018540 24.057547
19.764481 9.239879 17.515962
18.964604 8.826753 17.190759
19.718331 10.139683 17.192767
19.764481 9.239879 20.186662
18.971503 8.777309 20.457673
19.736678 9.223661 19.230004
17.483823 7.909495 28.159031
16.690845 8.372066 27.888021
17.456020 7.925714 29.115690
17.483823 7.909495 30.829732
16.683947 8.322622 31.154934
17.437674 7.009691 31.152926
17.483823 5.248728 24.611341
16.690845 4.786158 24.340331
17.456020 5.232510 25.568000
17.483823 5.248728 27.282042
16.683947 4.835602 27.607244
17.437674 6.148532 27.605237
19.764481 3.918344 28.159031
18.971503 4.380915 27.888021
19.736678 3.934562 29.115690
19.764481 3.918344 30.829732
19.007530 4.407507 31.152188
20.521431 4.407507 31.152188
19.764481 9.239879 24.611341
18.964604 8.826753 24.286139
19.718331 10.139683 24.288147
19.764481 9.239879 27.282042
18.971503 8.777309 27.553053
19.736678 9.223661 26.325384
17.483823 7.909495 35.254411
16.690845 8.372066 34.983400
17.456020 7.925714 36.211070
17.483823 7.909495 37.925112
16.683947 8.322622 38.250314
17.437674 7.009691 38.248306
17.483823 5.248728 31.706721
16.690845 4.786158 31.435711
17.456020 5.232510 32.663380
17.483823 5.248728 34.377422
16.683947 4.835602 34.702624
17.437674 6.148532 34.700616
19.764481 3.918344 35.254411
18.971503 4.380915 34.983400
19.736678 3.934562 36.211070
19.764481 3.918344 37.925112
18.964604 4.331471 38.250314
19.718331 3.018540 38.248306
19.764481 9.239879 31.706721
18.964604 8.826753 31.381519
19.718331 10.139683 31.383527
19.764481 9.239879 34.377422
18.971503 8.777309 34.648432
19.736678 9.223661 33.420763
17.483823 7.909495 42.349791
16.690845 8.372066 42.078780
17.456020 7.925714 43.306449
17.483823 7.909495 45.020492
16.683947 8.322622 45.345694
17.437674 7.009691 45.343686
17.483823 5.248728 38.802101
16.690845 4.786158 38.531090
17.456020 5.232510 39.758759
17.483823 5.248728 41.472802
16.683947 4.835602 41.798004
17.437674 6.148532 41.795996
19.764481 3.918344 42.349791
18.971503 4.380915 42.078780
19.736678 3.934562 43.306449
19.764481 3.918344 45.020492
19.007530 4.407507 45.342948
20.521431 4.407507 45.342948
19.764481 9.239879 38.802101
18.964604 8.826753 38.476899
19.718331 10.139683 38.478906
19.764481 9.239879 41.472802
18.971503 8.777309 41.743812
19.736678 9.223661 40.516143
17.483823 7.909495 49.445170
16.690845 8.372066 49.174160
17.456020 7.925714 50.401829
17.483823 7.909495 52.115871
16.683947 8.322622 52.441073
17.437674 7.009691 52.439066
17.483823 5.248728 45.897480
16.690845 4.786158 45.626470
17.456020 5.232510 46.854139
17.483823 5.248728 48.568181
16.683947 4.835602 48.893383
17.437674 6.148532 48.891376
19.764481 3.918344 49.445170
18.971503 4.380915 49.174160
19.736678 3.934562 50.401829
19.764481 3.918344 52.115871
18.964604 4.331471 52.441073
19.718331 3.018540 52.439066
19.764481 9.239879 45.897480
18.964604 8.826753 45.572278
19.718331 10.139683 45.574286
19.764481 9.239879 48.568181
18.971503 8.777309 48.839192
19.736678 9.223661 47.611523
17.483823 7.909495 56.540550
16.690845 8.372066 56.269540
17.456020 7.925714 57.497209
17.483823 7.909495 59.211251
16.683947 8.322622 59.536453
17.437674 7.009691 59.534445
17.483823 5.248728 52.992860
16.690845 4.786158 52.721850
17.456020 5.232510 53.949519
17.483823 5.248728 55.663561
16.683947 4.835602 55.988763
17.437674 6.148532 55.986756
19.764481 3.918344 56.540550
18.971503 4.380915 56.269540
19.736678 3.934562 57.497209
19.764481 3.918344 59.211251
19.007530 4.407507 59.533707
20.521431 4.407507 59.533707
19.764481 9.239879 52.992860
18.964604 8.826753 52.667658
19.718331 10.139683 52.669666
19.764481 9.239879 55.663561
18.971503 8.777309 55.934572
19.736678 9.223661 54.706902
17.483823 7.909495 63.635930
16.690845 8.372066 63.364919
17.456020 7.925714 64.592589
17.483823 7.909495 66.306631
17.437674 7.009691 66.629825
16.683947 8.322622 66.631833
17.483823 5.248728 60.088240
16.690845 4.786158 59.817230
17.456020 5.232510 61.044899
17.483823 5.248728 62.758941
16.683947 4.835602 63.084143
17.437674 6.148532 63.082135
19.764481 3.918344 63.635930
18.964604 4.331471 63.310728
19.718331 3.018540 63.312735
19.764481 3.918344 66.306631
18.971503 4.380915 66.577641
19.736678 3.934562 65.349972
19.764481 9.239879 60.088240
18.964604 8.826753 59.763038
19.718331 10.139683 59.765046
19.764481 9.239879 62.758941
18.971503 8.777309 63.029951
19.736678 9.223661 61.802282
17.483823 15.891798 6.872892
16.683947 16.304924 6.547690
17.437674 14.991994 6.549698
17.483823 15.891798 9.543593
16.690845 16.354368 9.814603
17.456020 15.908016 8.586934
17.483823 13.231030 3.325202
16.726872 12.741868 3.002746
18.240773 12.741868 3.002746
17.483823 13.231030 5.995903
16.690845 12.768460 6.266913
17.456020 13.214812 5.039244
19.764481 11.900647 6.872892
19.007530 12.389809 6.550436
20.521431 12.389809 6.550436
19.764481 11.900647 9.543593
19.736678 11.916865 8.586934
18.971503 12.363217 9.814603
19.764481 17.222181 3.325202
18.964604 16.809055 3.000000
19.718331 18.121986 3.002008
19.764481 17.222181 5.995903
18.971503 16.759611 6.266913
19.736678 17.205963 5.039244
17.483823 15.891798 13.968272
16.690845 16.354368 13.697261
17.456020 15.908016 14.924930
17.483823 15.891798 16.638973
16.683947 16.304924 16.964175
17.437674 14.991994 16.962167
17.483823 13.231030 10.420582
17.483823 14.149375 10.150627
17.483823 13.262117 11.377277
17.483823 13.231030 13.091283
17.529972 14.130834 13.414477
18.283699 12.817904 13.416485
19.764481 11.900647 13.968272
19.810630 11.000842 13.645077
20.564357 12.313773 13.643070
19.764481 11.900647 16.638973
19.736678 11.916865 15.682314
18.971503 12.363217 16.909983
19.764481 17.222181 10.420582
18.971503 16.759611 10.149571
19.736678 17.205963 11.377240
19.764481 17.222181 13.091283
18.964604 16.809055 13.416485
19.718331 18.121986 13.414477
17.483823 15.891798 21.063651
16.690845 16.354368 20.792641
17.456020 15.908016 22.020310
17.483823 15.891798 23.734352
16.683947 16.304924 24.059554
17.437674 14.991994 24.057547
17.483823 13.231030 17.515962
16.690845 12.768460 17.244951
17.456020 13.214812 18.472620
17.483823 13.231030 20.186662
17.529972 14.130834 20.509857
18.283699 12.817904 20.511865
19.764481 11.900647 21.063651
19.810630 11.000842 20.740457
20.564357 12.313773 20.738449
19.764481 11.900647 23.734352
19.736678 11.916865 22.777694
18.971503 12.363217 24.005363
19.764481 17.222181 17.515962
18.964604 16.809055 17.190759
19.718331 18.121986 17.192767
19.764481 17.222181 20.186662
18.971503 16.759611 20.457673
19.736678 17.205963 19.230004
17.483823 15.891798 28.159031
16.690845 16.354368 27.888021
17.456020 15.908016 29.115690
17.483823 15.891798 30.829732
16.683947 16.304924 31.154934
17.437674 14.991994 31.152926
17.483823 13.231030 24.611341
16.690845 12.768460 24.340331
17.456020 13.214812 25.568000
17.483823 13.231030 27.282042
17.529972 14.130834 27.605237
18.283699 12.817904 27.607244
19.764481 11.900647 28.159031
19.810630 11.000842 27.835837
20.564357 12.313773 27.833829
19.764481 11.900647 30.829732
19.736678 11.916865 29.873073
18.971503 12.363217 31.100742
19.764481 17.222181 24.611341
18.964604 16.809055 24.286139
19.718331 18.121986 24.288147
19.764481 17.222181 27.282042
18.971503 16.759611 27.553053
19.736678 17.205963 26.325384
17.483823 15.891798 35.254411
16.690845 16.354368 34.983400
17.456020 15.908016 36.211070
17.483823 15.891798 37.925112
16.683947 16.304924 38.250314
17.437674 14.991994 38.248306
17.483823 13.231030 31.706721
16.690845 12.768460 31.435711
17.456020 13.214812 32.663380
17.483823 13.231030 34.377422
17.529972 14.130834 34.700616
18.283699 12.817904 34.702624
19.764481 11.900647 35.254411
19.810630 11.000842 34.931217
20.564357 12.313773 34.929209
19.764481 11.900647 37.925112
19.736678 11.916865 36.968453
18.971503 12.363217 38.196122
19.764481 17.222181 31.706721
18.964604 16.809055 31.381519
19.718331 18.121986 31.383527
19.764481 17.222181 34.377422
18.971503 16.759611 34.648432
19.736678 17.205963 33.420763
17.483823 15.891798 42.349791
16.690845 16.354368 42.078780
17.456020 15.908016 43.306449
17.483823 15.891798 45.020492
16.683947 16.304924 45.345694
17.437674 14.991994 45.343686
17.483823 13.231030 38.802101
16.690845 12.768460 38.531090
17.456020 13.214812 39.758759
17.483823 13.231030 41.472802
17.529972 14.130834 41.795996
18.283699 12.817904 41.798004
19.764481 11.900647 42.349791
19.810630 11.000842 42.026596
20.564357 12.313773 42.024589
19.764481 11.900647 45.020492
19.736678 11.916865 44.063833
18.971503 12.363217 45.291502
19.764481 17.222181 38.802101
18.964604 16.809055 38.476899
19.718331 18.121986 38.478906
19.764481 17.222181 41.472802
18.971503 16.759611 41.743812
19.736678 17.205963 40.516143
17.483823 15.891798 49.445170
16.690845 16.354368 49.174160
17.456020 15.908016 50.401829
17.483823 15.891798 52.115871
16.683947 16.304924 52.441073
17.437674 14.991994 52.439066
17.483823 13.231030 45.897480
16.690845 12.768460 45.626470
17.456020 13.214812 46.854139
17.483823 13.231030 48.568181
17.529972 14.130834 48.891376
18.283699 12.817904 48.893383
19.764481 11.900647 49.445170
19.810630 11.000842 49.121976
20.564357 12.313773 49.119968
19.764481 11.900647 52.115871
19.736678 11.916865 51.159213
18.971503 12.363217 52.386882
19.764481 17.222181 45.897480
18.964604 16.809055 45.572278
19.718331 18.121986 45.574286
19.764481 17.222181 48.568181
18.971503 16.759611 48.839192
19.736678 17.205963 47.611523
17.483823 15.891798 56.540550
16.690845 16.354368 56.269540
17.456020 15.908016 57.497209
17.483823 15.891798 59.211251
16.683947 16.304924 59.536453
17.437674 14.991994 59.534445
17.483823 13.231030 52.992860
16.690845 12.768460 52.721850
17.456020 13.214812 53.949519
17.483823 13.231030 55.663561
17.529972 14.130834 55.986756
18.283699 12.817904 55.988763
19.764481 11.900647 56.540550
19.810630 11.000842 56.217356
20.564357 12.313773 56.215348
19.764481 11.900647 59.211251
19.736678 11.916865 58.254592
18.971503 12.363217 59.482261
19.764481 17.222181 52.992860
18.964604 16.809055 52.667658
19.718331 18.121986 52.669666
19.764481 17.222181 55.663561
18.971503 16.759611 55.934572
19.736678 17.205963 54.706902
17.483823 15.891798 63.635930
16.690845 16.354368 63.364919
17.456020 15.908016 64.592589
17.483823 15.891798 66.306631
16.683947 16.304924 66.631833
17.437674 14.991994 66.629825
17.483823 13.231030 60.088240
16.690845 12.768460 59.817230
17.456020 13.214812 61.044899
17.483823 13.231030 62.758941
17.529972 14.130834 63.082135
18.283699 12.817904 63.084143
19.764481 11.900647 63.635930
19.810630 11.000842 63.312735
20.564357 12.313773 63.310728
19.764481 11.900647 66.306631
19.764481 10.982302 66.576585
19.764481 11.869560 65.349936
19.764481 17.222181 60.088240
18.964604 16.809055 59.763038
19.718331 18.121986 59.765046
19.764481 17.222181 62.758941
18.971503 16.759611 63.029951
19.736678 17.205963 61.802282
17.483823 23.874100 6.872892
16.690845 24.336670 6.601882
17.456020 23.890318 7.829551
17.483823 23.874100 9.543593
16.683947 24.287226 9.868795
17.437674 22.974296 9.866787
17.483823 21.213332 3.325202
16.690845 20.750762 3.054192
17.456020 21.197114 4.281861
17.483823 21.213332 5.995903
17.529972 22.113137 6.319097
18.283699 20.800206 6.321105
19.764481 19.882949 6.872892
19.764481 18.964604 6.602937
19.764481 19.851862 7.829587
19.764481 19.882949 9.543593
19.810630 18.983145 9.866787
20.564357 20.296075 9.868795
19.764481 25.204484 3.325202
18.964604 24.791357 3.000000
19.718331 26.104288 3.002008
19.764481 25.204484 5.995903
18.971503 24.741913 6.266913
19.736678 25.188266 5.039244
17.483823 23.874100 13.968272
16.690845 24.336670 13.697261
17.456020 23.890318 14.924930
17.483823 23.874100 16.638973
16.683947 24.287226 16.964175
17.437674 22.974296 16.962167
17.483823 21.213332 10.420582
16.726872 20.724170 10.098126
18.240773 20.724170 10.098126
17.483823 21.213332 13.091283
17.483823 22.131677 13.361237
17.483823 21.244419 12.134588
19.764481 19.882949 13.968272
19.007530 20.372111 13.645816
20.521431 20.372111 13.645816
19.764481 19.882949 16.638973
19.736678 19.899167 15.682314
18.971503 20.345519 16.909983
19.764481 25.204484 10.420582
18.971503 24.741913 10.149571
19.736678 25.188266 11.377240
19.764481 25.204484 13.091283
18.964604 24.791357 13.416485
19.718331 26.104288 13.414477
17.483823 23.874100 21.063651
16.690845 24.336670 20.792641
17.456020 23.890318 22.020310
17.483823 23.874100 23.734352
16.683947 24.287226 24.059554
17.437674 22.974296 24.057547
17.483823 21.213332 17.515962
16.690845 20.750762 17.244951
17.456020 21.197114 18.472620
17.483823 21.213332 20.186662
17.529972 22.113137 20.509857
18.283699 20.800206 20.511865
19.764481 19.882949 21.063651
19.810630 18.983145 20.740457
20.564357 20.296075 20.738449
19.764481 19.882949 23.734352
19.736678 19.899167 22.777694
18.971503 20.345519 24.005363
19.764481 25.204484 17.515962
18.964604 24.791357 17.190759
19.718331 26.104288 17.192767
19.764481 25.204484 20.186662
18.971503 24.741913 20.457673
19.736678 25.188266 19.230004
17.483823 23.874100 28.159031
16.690845 24.336670 27.888021
17.456020 23.890318 29.115690
17.483823 23.874100 30.829732
16.683947 24.287226 31.154934
17.437674 22.974296 31.152926
17.483823 21.213332 24.611341
16.690845 20.750762 24.340331
17.456020 21.197114 25.568000
17.483823 21.213332 27.282042
17.529972 22.113137 27.605237
18.283699 20.800206 27.607244
19.764481 19.882949 28.159031
19.810630 18.983145 27.835837
20.564357 20.296075 27.833829
19.764481 19.882949 30.829732
19.736678 19.899167 29.873073
18.971503 20.345519 31.100742
19.764481 25.204484 24.611341
18.964604 24.791357 24.286139
19.718331 26.104288 24.288147
19.764481 25.204484 27.282042
18.971503 24.741913 27.553053
19.736678 25.188266 26.325384
17.483823 23.874100 35.254411
16.690845 24.336670 34.983400
17.456020 23.890318 36.211070
17.483823 23.874100 37.925112
16.683947 24.287226 38.250314
17.437674 22.974296 38.248306
17.483823 21.213332 31.706721
16.690845 20.750762 31.435711
17.456020 21.197114 32.663380
17.483823 21.213332 34.377422
17.529972 22.113137 34.700616
18.283699 20.800206 34.702624
19.764481 19.882949 35.254411
19.810630 18.983145 34.931217
20.564357 20.296075 34.929209
19.764481 19.882949 37.925112
19.736678 19.899167 36.968453
18.971503 20.345519 38.196122
19.764481 25.204484 31.706721
18.964604 24.791357 31.381519
19.718331 26.104288 31.383527
19.764481 25.204484 34.377422
18.971503 24.741913 34.648432
19.736678 25.188266 33.420763
17.483823 23.874100 42.349791
16.690845 24.336670 42.078780
17.456020 23.890318 43.306449
17.483823 23.874100 45.020492
16.683947 24.287226 45.345694
17.437674 22.974296 45.343686
17.483823 21.213332 38.802101
16.690845 20.750762 38.531090
17.456020 21.197114 39.758759
17.483823 21.213332 41.472802
17.529972 22.113137 41.795996
18.283699 20.800206 41.798004
19.764481 19.882949 42.349791
19.810630 18.983145 42.026596
20.564357 20.296075 42.024589
19.764481 19.882949 45.020492
19.736678 19.899167 44.063833
18.971503 20.345519 45.291502
19.764481 25.204484 38.802101
18.964604 24.791357 38.476899
19.718331 26.104288 38.478906
19.764481 25.204484 41.472802
18.971503 24.741913 41.743812
19.736678 25.188266 40.516143
17.483823 23.874100 49.445170
16.690845 24.336670 49.174160
17.456020 23.890318 50.401829
17.483823 23.874100 52.115871
16.683947 24.287226 52.441073
17.437674 22.974296 52.439066
17.483823 21.213332 45.897480
16.690845 20.750762 45.626470
17.456020 21.197114 46.854139
17.483823 21.213332 48.568181
17.529972 22.113137 48.891376
18.283699 20.800206 48.893383
19.764481 19.882949 49.445170
19.810630 18.983145 49.121976
20.564357 20.296075 49.119968
19.764481 19.882949 52.115871
19.736678 19.899167 51.159213
18.971503 20.345519 52.386882
19.764481 25.204484 45.897480
18.964604 24.791357 45.572278
19.718331 26.104288 45.574286
19.764481 25.204484 48.568181
18.971503 24.741913 48.839192
19.736678 25.188266 47.611523
17.483823 23.874100 56.540550
16.690845 24.336670 56.269540
17.456020 23.890318 57.497209
17.483823 23.874100 59.211251
16.683947 24.287226 59.536453
17.437674 22.974296 59.534445
17.483823 21.213332 52.992860
16.690845 20.750762 52.721850
17.456020 21.197114 53.949519
17.483823 21.213332 55.663561
17.529972 22.113137 55.986756
18.283699 20.800206 55.988763
19.764481 19.882949 56.540550
19.810630 18.983145 56.217356
20.564357 20.296075 56.215348
19.764481 19.882949 59.211251
19.736678 19.899167 58.254592
18.971503 20.345519 59.482261
19.764481 25.204484 52.992860
18.964604 24.791357 52.667658
19.718331 26.104288 52.669666
19.764481 25.204484 55.663561
18.971503 24.741913 55.934572
19.736678 25.188266 54.706902
17.483823 23.874100 63.635930
16.690845 24.336670 63.364919
17.456020 23.890318 64.592589
17.483823 23.874100 66.306631
16.683947 24.287226 66.631833
17.437674 22.974296 66.629825
17.483823 21.213332 60.088240
16.690845 20.750762 59.817230
17.456020 21.197114 61.044899
17.483823 21.213332 62.758941
17.529972 22.113137 63.082135
18.283699 20.800206 63.084143
19.764481 19.882949 63.635930
19.810630 18.983145 63.312735
20.564357 20.296075 63.310728
19.764481 19.882949 66.306631
18.971503 20.345519 66.577641
19.736678 19.899167 65.349972
19.764481 25.204484 60.088240
18.964604 24.791357 59.763038
19.718331 26.104288 59.765046
19.764481 25.204484 62.758941
18.971503 24.741913 63.029951
19.736678 25.188266 61.802282
17.483823 31.856402 6.872892
16.690845 32.318972 6.601882
17.456020 31.872620 7.829551
17.483823 31.856402 9.543593
16.683947 32.269529 9.868795
17.437674 30.956598 9.866787
17.483823 29.195635 3.325202
16.690845 28.733064 3.054192
17.456020 29.179417 4.281861
17.483823 29.195635 5.995903
17.529972 30.095439 6.319097
18.283699 28.782508 6.321105
19.764481 27.865251 6.872892
19.764481 26.946907 6.602937
19.764481 27.834164 7.829587
19.764481 27.865251 9.543593
19.810630 26.965447 9.866787
20.564357 28.278378 9.868795
19.764481 33.186786 3.325202
18.964604 32.773659 3.000000
19.718331 34.086590 3.002008
19.764481 33.186786 5.995903
18.971503 32.724215 6.266913
19.736678 33.170568 5.039244
17.483823 31.856402 13.968272
16.690845 32.318972 13.697261
17.456020 31.872620 14.924930
17.483823 31.856402 16.638973
16.683947 32.269529 16.964175
17.437674 30.956598 16.962167
17.483823 29.195635 10.420582
16.726872 28.706472 10.098126
18.240773 28.706472 10.098126
17.483823 29.195635 13.091283
17.483823 30.113979 13.361237
17.483823 29.226721 12.134588
19.764481 27.865251 13.968272
19.007530 28.354414 13.645816
20.521431 28.354414 13.645816
19.764481 27.865251 16.638973
19.736678 27.881469 15.682314
18.971503 28.327821 16.909983
19.764481 33.186786 10.420582
18.971503 32.724215 10.149571
19.736678 33.170568 11.377240
19.764481 33.186786 13.091283
18.964604 32.773659 13.416485
19.718331 34.086590 13.414477
17.483823 31.856402 21.063651
16.690845 32.318972 20.792641
17.456020 31.872620 22.020310
17.483823 31.856402 23.734352
16.683947 32.269529 24.059554
17.437674 30.956598 24.057547
17.483823 29.195635 17.515962
16.690845 28.733064 17.244951
17.456020 29.179417 18.472620
17.483823 29.195635 20.186662
17.529972 30.095439 20.509857
18.283699 28.782508 20.511865
19.764481 27.865251 21.063651
19.810630 26.965447 20.740457
20.564357 28.278378 20.738449
19.764481 27.865251 23.734352
19.736678 27.881469 22.777694
18.971503 28.327821 24.005363
19.764481 33.186786 17.515962
18.964604 32.773659 17.190759
19.718331 34.086590 17.192767
19.764481 33.186786 20.186662
18.971503 32.724215 20.457673
19.736678 33.170568 19.230004
17.483823 31.856402 28.159031
16.690845 32.318972 27.888021
17.456020 31.872620 29.115690
17.483823 31.856402 30.829732
16.683947 32.269529 31.154934
17.437674 30.956598 31.152926
17.483823 29.195635 24.611341
16.690845 28.733064 24.340331
17.456020 29.179417 25.568000
17.483823 29.195635 27.282042
17.529972 30.095439 27.605237
18.283699 28.782508 27.607244
19.764481 27.865251 28.159031
19.810630 26.965447 27.835837
20.564357 28.278378 27.833829
19.764481 27.865251 30.829732
19.736678 27.881469 29.873073
18.971503 28.327821 31.100742
19.764481 33.186786 24.611341
18.964604 32.773659 24.286139
19.718331 34.086590 24.288147
19.764481 33.186786 27.282042
18.971503 32.724215 27.553053
19.736678 33.170568 26.325384
17.483823 31.856402 35.254411
16.690845 32.318972 34.983400
17.456020 31.872620 36.211070
17.483823 31.856402 37.925112
16.683947 32.269529 38.250314
17.437674 30.956598 38.248306
17.483823 29.195635 31.706721
16.690845 28.733064 31.435711
17.456020 29.179417 32.663380
17.483823 29.195635 34.377422
17.529972 30.095439 34.700616
18.283699 28.782508 34.702624
19.764481 27.865251 35.254411
19.810630 26.965447 34.931217
20.564357 28.278378 34.929209
19.764481 27.865251 37.925112
19.736678 27.881469 36.968453
18.971503 28.327821 38.196122
19.764481 33.186786 31.706721
18.964604 32.773659 31.381519
19.718331 34.086590 31.383527
19.764481 33.186786 34.377422
18.971503 32.724215 34.648432
19.736678 33.170568 33.420763
17.483823 31.856402 42.349791
16.690845 32.318972 42.078780
17.456020 31.872620 43.306449
17.483823 31.856402 45.020492
16.683947 32.269529 45.345694
17.437674 30.956598 45.343686
17.483823 29.195635 38.802101
16.690845 28.733064 38.531090
17.456020 29.179417 39.758759
17.483823 29.195635 41.472802
17.529972 30.095439 41.795996
18.283699 28.782508 41.798004
19.764481 27.865251 42.349791
19.810630 26.965447 42.026596
20.564357 28.278378 42.024589
19.764481 27.865251 45.020492
19.736678 27.881469 44.063833
18.971503 28.327821 45.291502
19.764481 33.186786 38.802101
18.964604 32.773659 38.476899
19.718331 34.086590 38.478906
19.764481 33.186786 41.472802
18.971503 32.724215 41.743812
19.736678 33.170568 40.516143
17.483823 31.856402 49.445170
16.690845 32.318972 49.174160
17.456020 31.872620 50.401829
17.483823 31.856402 52.115871
16.683947 32.269529 52.441073
17.437674 30.956598 52.439066
17.483823 29.195635 45.897480
16.690845 28.733064 45.626470
17.456020 29.179417 46.854139
17.483823 29.195635 48.568181
17.529972 30.095439 48.891376
18.283699 28.782508 48.893383
19.764481 27.865251 49.445170
19.810630 26.965447 49.121976
20.564357 28.278378 49.119968
19.764481 27.865251 52.115871
19.736678 27.881469 51.159213
18.971503 28.327821 52.386882
19.764481 33.186786 45.897480
18.964604 32.773659 45.572278
19.718331 34.086590 45.574286
19.764481 33.186786 48.568181
18.971503 32.724215 48.839192
19.736678 33.170568 47.611523
17.483823 31.856402 56.540550
16.690845 32.318972 56.269540
17.456020 31.872620 57.497209
17.483823 31.856402 59.211251
16.683947 32.269529 59.536453
17.437674 30.956598 59.534445
17.483823 29.195635 52.992860
16.690845 28.733064 52.721850
17.456020 29.179417 53.949519
17.483823 29.195635 55.663561
17.529972 30.095439 55.986756
18.283699 28.782508 55.988763
19.764481 27.865251 56.540550
19.810630 26.965447 56.217356
20.564357 28.278378 56.215348
19.764481 27.865251 59.211251
19.736678 27.881469 58.254592
18.971503 28.327821 59.482261
19.764481 33.186786 52.992860
18.964604 32.773659 52.667658
19.718331 34.086590 52.669666
19.764481 33.186786 55.663561
18.971503 32.724215 55.934572
19.736678 33.170568 54.706902
17.483823 31.856402 63.635930
16.690845 32.318972 63.364919
17.456020 31.872620 64.592589
17.483823 31.856402 66.306631
16.683947 32.269529 66.631833
17.437674 30.956598 66.629825
17.483823 29.195635 60.088240
16.690845 28.733064 59.817230
17.456020 29.179417 61.044899
17.483823 29.195635 62.758941
17.529972 30.095439 63.082135
18.283699 28.782508 63.084143
19.764481 27.865251 63.635930
19.810630 26.965447 63.312735
20.564357 28.278378 63.310728
19.764481 27.865251 66.306631
18.971503 28.327821 66.577641
19.736678 27.881469 65.349972
19.764481 33.186786 60.088240
18.964604 32.773659 59.763038
19.718331 34.086590 59.765046
19.764481 33.186786 62.758941
18.971503 32.724215 63.029951
19.736678 33.170568 61.802282
17.483823 39.838704 6.872892
16.690845 40.301275 6.601882
17.456020 39.854922 7.829551
17.483823 39.838704 9.543593
16.683947 40.251831 9.868795
17.437674 38.938900 9.866787
17.483823 37.177937 3.325202
16.690845 36.715367 3.054192
17.456020 37.161719 4.281861
17.483823 37.177937 5.995903
17.529972 38.077741 6.319097
18.283699 36.764810 6.321105
19.764481 35.847553 6.872892
19.764481 34.929209 6.602937
19.764481 35.816466 7.829587
19.764481 35.847553 9.543593
19.810630 34.947749 9.866787
20.564357 36.260680 9.868795
19.764481 41.169088 3.325202
18.964604 40.755961 3.000000
19.718331 42.068892 3.002008
19.764481 41.169088 5.995903
18.971503 40.706518 6.266913
19.736678 41.152870 5.039244
17.483823 39.838704 13.968272
16.690845 40.301275 13.697261
17.456020 39.854922 14.924930
17.483823 39.838704 16.638973
16.683947 40.251831 16.964175
17.437674 38.938900 16.962167
17.483823 37.177937 10.420582
16.726872 36.688774 10.098126
18.240773 36.688774 10.098126
17.483823 37.177937 13.091283
17.483823 38.096281 13.361237
17.483823 37.209024 12.134588
19.764481 35.847553 13.968272
19.007530 36.336716 13.645816
20.521431 36.336716 13.645816
19.764481 35.847553 16.638973
19.736678 35.863771 15.682314
18.971503 36.310124 16.909983
19.764481 41.169088 10.420582
18.971503 40.706518 10.149571
19.736678 41.152870 11.377240
19.764481 41.169088 13.091283
18.964604 40.755961 13.416485
19.718331 42.068892 13.414477
17.483823 39.838704 21.063651
16.690845 40.301275 20.792641
17.456020 39.854922 22.020310
17.483823 39.838704 23.734352
16.683947 40.251831 24.059554
17.437674 38.938900 24.057547
17.483823 37.177937 17.515962
16.690845 36.715367 17.244951
17.456020 37.161719 18.472620
17.483823 37.177937 20.186662
17.529972 38.077741 20.509857
18.283699 36.764810 20.511865
19.764481 35.847553 21.063651
19.810630 34.947749 20.740457
20.564357 36.260680 20.738449
19.764481 35.847553 23.734352
19.736678 35.863771 22.777694
18.971503 36.310124 24.005363
19.764481 41.169088 17.515962
18.964604 40.755961 17.190759
19.718331 42.068892 17.192767
19.764481 41.169088 20.186662
18.971503 40.706518 20.457673
19.736678 41.152870 19.230004
17.483823 39.838704 28.159031
16.690845 40.301275 27.888021
17.456020 39.854922 29.115690
17.483823 39.838704 30.829732
16.683947 40.251831 31.154934
17.437674 38.938900 31.152926
17.483823 37.177937 24.611341
16.690845 36.715367 24.340331
17.456020 37.161719 25.568000
17.483823 37.177937 27.282042
17.529972 38.077741 27.605237
18.283699 36.764810 27.607244
19.764481 35.847553 28.159031
19.810630 34.947749 27.835837
20.564357 36.260680 27.833829
19.764481 35.847553 30.829732
19.736678 35.863771 29.873073
18.971503 36.310124 31.100742
19.764481 41.169088 24.611341
18.964604 40.755961 24.286139
19.718331 42.068892 24.288147
19.764481 41.169088 27.282042
18.971503 40.706518 27.553053
19.736678 41.152870 26.325384
17.483823 39.838704 35.254411
16.690845 40.301275 34.983400
17.456020 39.854922 36.211070
17.483823 39.838704 37.925112
16.683947 40.251831 38.250314
17.437674 38.938900 38.248306
17.483823 37.177937 31.706721
16.690845 36.715367 31.435711
17.456020 37.161719 32.663380
17.483823 37.177937 34.377422
17.529972 38.077741 34.700616
18.283699 36.764810 34.702624
19.764481 35.847553 35.254411
19.810630 34.947749 34.931217
20.564357 36.260680 34.929209
19.764481 35.847553 37.925112
19.736678 35.863771 36.968453
18.971503 36.310124 38.196122
19.764481 41.169088 31.706721
18.964604 40.755961 31.381519
19.718331 42.068892 31.383527
19.764481 41.169088 34.377422
18.971503 40.706518 34.648432
19.736678 41.152870 33.420763
17.483823 39.838704 42.349791
16.690845 40.301275 42.078780
17.456020 39.854922 43.306449
17.483823 39.838704 45.020492
16.683947 40.251831 45.345694
17.437674 38.938900 45.343686
17.483823 37.177937 38.802101
16.690845 36.715367 38.531090
17.456020 37.161719 39.758759
17.483823 37.177937 41.472802
17.529972 38.077741 41.795996
18.283699 36.764810 41.798004
19.764481 35.847553 42.349791
19.810630 34.947749 42.026596
20.564357 36.260680 42.024589
19.764481 35.847553 45.020492
19.736678 35.863771 44.063833
18.971503 36.310124 45.291502
19.764481 41.169088 38.802101
18.964604 40.755961 38.476899
19.718331 42.068892 38.478906
19.764481 41.169088 41.472802
18.971503 40.706518 41.743812
19.736678 41.152870 40.516143
17.483823 39.838704 49.445170
16.690845 40.301275 49.174160
17.456020 39.854922 50.401829
17.483823 39.838704 52.115871
16.683947 40.251831 52.441073
17.437674 38.938900 52.439066
17.483823 37.177937 45.897480
16.690845 36.715367 45.626470
17.456020 37.161719 46.854139
17.483823 37.177937 48.568181
17.529972 38.077741 48.891376
18.283699 36.764810 48.893383
19.764481 35.847553 49.445170
19.810630 34.947749 49.121976
20.564357 36.260680 49.119968
19.764481 35.847553 52.115871
19.736678 35.863771 51.159213
18.971503 36.310124 52.386882
19.764481 41.169088 45.897480
18.964604 40.755961 45.572278
19.718331 42.068892 45.574286
19.764481 41.169088 48.568181
18.971503 40.706518 48.839192
19.736678 41.152870 47.611523
17.483823 39.838704 56.540550
16.690845 40.301275 56.269540
17.456020 39.854922 57.497209
17.483823 39.838704 59.211251
16.683947 40.251831 59.536453
17.437674 38.938900 59.534445
17.483823 37.177937 52.992860
16.690845 36.715367 52.721850
17.456020 37.161719 53.949519
17.483823 37.177937 55.663561
17.529972 38.077741 55.986756
18.283699 36.764810 55.988763
19.764481 35.847553 56.540550
19.810630 34.947749 56.217356
20.564357 36.260680 56.215348
19.764481 35.847553 59.211251
19.736678 35.863771 58.254592
18.971503 36.310124 59.482261
19.764481 41.169088 52.992860
18.964604 40.755961 52.667658
19.718331 42.068892 52.669666
19.764481 41.169088 55.663561
18.971503 40.706518 55.934572
19.736678 41.152870 54.706902
17.483823 39.838704 63.635930
16.690845 40.301275 63.364919
17.456020 39.854922 64.592589
17.483823 39.838704 66.306631
16.683947 40.251831 66.631833
17.437674 38.938900 66.629825
17.483823 37.177937 60.088240
16.690845 36.715367 59.817230
17.456020 37.161719 61.044899
17.483823 37.177937 62.758941
17.529972 38.077741 63.082135
18.283699 36.764810 63.084143
19.764481 35.847553 63.635930
19.810630 34.947749 63.312735
20.564357 36.260680 63.310728
19.764481 35.847553 66.306631
18.971503 36.310124 66.577641
19.736678 35.863771 65.349972
19.764481 41.169088 60.088240
18.964604 40.755961 59.763038
19.718331 42.068892 59.765046
19.764481 41.169088 62.758941
18.971503 40.706518 63.029951
19.736678 41.152870 61.802282
17.483823 47.821007 6.872892
16.690845 48.283577 6.601882
17.456020 47.837225 7.829551
17.483823 47.821007 9.543593
16.683947 48.234133 9.868795
17.437674 46.921202 9.866787
17.483823 45.160239 3.325202
16.690845 44.697669 3.054192
17.456020 45.144021 4.281861
17.483823 45.160239 5.995903
17.529972 46.060043 6.319097
18.283699 44.747113 6.321105
19.764481 43.829855 6.872892
19.764481 42.911511 6.602937
19.764481 43.798769 7.829587
19.764481 43.829855 9.543593
19.810630 42.930051 9.866787
20.564357 44.242982 9.868795
19.764481 49.151390 3.325202
18.964604 48.738264 3.000000
19.718331 50.051194 3.002008
19.764481 49.151390 5.995903
18.971503 48.688820 6.266913
19.736678 49.135172 5.039244
17.483823 47.821007 13.968272
16.690845 48.283577 13.697261
17.456020 47.837225 14.924930
17.483823 47.821007 16.638973
16.683947 48.234133 16.964175
17.437674 46.921202 16.962167
17.483823 45.160239 10.420582
16.726872 44.671076 10.098126
18.240773 44.671076 10.098126
17.483823 45.160239 13.091283
17.483823 46.078583 13.361237
17.483823 45.191326 12.134588
19.764481 43.829855 13.968272
19.007530 44.319018 13.645816
20.521431 44.319018 13.645816
19.764481 43.829855 16.638973
19.736678 43.846073 15.682314
18.971503 44.292426 16.909983
19.764481 49.151390 10.420582
18.971503 48.688820 10.149571
19.736678 49.135172 11.377240
19.764481 49.151390 13.091283
18.964604 48.738264 13.416485
19.718331 50.051194 13.414477
17.483823 47.821007 21.063651
16.690845 48.283577 20.792641
17.456020 47.837225 22.020310
17.483823 47.821007 23.734352
16.683947 48.234133 24.059554
17.437674 46.921202 24.057547
17.483823 45.160239 17.515962
16.690845 44.697669 17.244951
17.456020 45.144021 18.472620
17.483823 45.160239 20.186662
17.529972 46.060043 20.509857
18.283699 44.747113 20.511865
19.764481 43.829855 21.063651
19.810630 42.930051 20.740457
20.564357 44.242982 20.738449
19.764481 43.829855 23.734352
19.736678 43.846073 22.777694
18.971503 44.292426 24.005363
19.764481 49.151390 17.515962
18.964604 48.738264 17.190759
19.718331 50.051194 17.192767
19.764481 49.151390 20.186662
18.971503 48.688820 20.457673
19.736678 49.135172 19.230004
17.483823 47.821007 28.159031
16.690845 48.283577 27.888021
17.456020 47.837225 29.115690
17.483823 47.821007 30.829732
16.683947 48.234133 31.154934
17.437674 46.921202 31.152926
17.483823 45.160239 24.611341
16.690845 44.697669 24.340331
17.456020 45.144021 25.568000
17.483823 45.160239 27.282042
17.529972 46.060043 27.605237
18.283699 44.747113 27.607244
19.764481 43.829855 28.159031
19.810630 42.930051 27.835837
20.564357 44.242982 27.833829
19.764481 43.829855 30.829732
19.736678 43.846073 29.873073
18.971503 44.292426 31.100742
19.764481 49.151390 24.611341
18.964604 48.738264 24.286139
19.718331 50.051194 24.288147
19.764481 49.151390 27.282042
18.971503 48.688820 27.553053
19.736678 49.135172 26.325384
17.483823 47.821007 35.254411
16.690845 48.283577 34.983400
17.456020 47.837225 36.211070
17.483823 47.821007 37.925112
16.683947 48.234133 38.250314
17.437674 46.921202 38.248306
17.483823 45.160239 31.706721
16.690845 44.697669 31.435711
17.456020 45.144021 32.663380
17.483823 45.160239 34.377422
17.529972 46.060043 34.700616
18.283699 44.747113 34.702624
19.764481 43.829855 35.254411
19.810630 42.930051 34.931217
20.564357 44.242982 34.929209
19.764481 43.829855 37.925112
19.736678 43.846073 36.968453
18.971503 44.292426 38.196122
19.764481 49.151390 31.706721
18.964604 48.738264 31.381519
19.718331 50.051194 31.383527
19.764481 49.151390 34.377422
18.971503 48.688820 34.648432
19.736678 49.135172 33.420763
17.483823 47.821007 42.349791
16.690845 48.283577 42.078780
17.456020 47.837225 43.306449
17.483823 47.821007 45.020492
16.683947 48.234133 45.345694
17.437674 46.921202 45.343686
17.483823 45.160239 38.802101
16.690845 44.697669 38.531090
17.456020 45.144021 39.758759
17.483823 45.160239 41.472802
17.529972 46.060043 41.795996
18.283699 44.747113 41.798004
19.764481 43.829855 42.349791
19.810630 42.930051 42.026596
20.564357 44.242982 42.024589
19.764481 43.829855 45.020492
19.736678 43.846073 44.063833
18.971503 44.292426 45.291502
19.764481 49.151390 38.802101
18.964604 48.738264 38.476899
19.718331 50.051194 38.478906
19.764481 49.151390 41.472802
18.971503 48.688820 41.743812
19.736678 49.135172 40.516143
17.483823 47.821007 49.445170
16.690845 48.283577 49.174160
17.456020 47.837225 50.401829
17.483823 47.821007 52.115871
16.683947 48.234133 52.441073
17.437674 46.921202 52.439066
17.483823 45.160239 45.897480
16.690845 44.697669 45.626470
17.456020 45.144021 46.854139
17.483823 45.160239 48.568181
17.529972 46.060043 48.891376
18.283699 44.747113 48.893383
19.764481 43.829855 49.445170
19.810630 42.930051 49.121976
20.564357 44.242982 49.119968
19.764481 43.829855 52.115871
19.736678 43.846073 51.159213
18.971503 44.292426 52.386882
19.764481 49.151390 45.897480
18.964604 48.738264 45.572278
19.718331 50.051194 45.574286
19.764481 49.151390 48.568181
18.971503 48.688820 48.839192
19.736678 49.135172 47.611523
17.483823 47.821007 56.540550
16.690845 48.283577 56.269540
17.456020 47.837225 57.497209
17.483823 47.821007 59.211251
16.683947 48.234133 59.536453
17.437674 46.921202 59.534445
17.483823 45.160239 52.992860
16.690845 44.697669 52.721850
17.456020 45.144021 53.949519
17.483823 45.160239 55.663561
17.529972 46.060043 55.986756
18.283699 44.747113 55.988763
19.764481 43.829855 56.540550
19.810630 42.930051 56.217356
20.564357 44.242982 56.215348
19.764481 43.829855 59.211251
19.736678 43.846073 58.254592
18.971503 44.292426 59.482261
19.764481 49.151390 52.992860
18.964604 48.738264 52.667658
19.718331 50.051194 52.669666
19.764481 49.151390 55.663561
18.971503 48.688820 55.934572
19.736678 49.135172 54.706902
17.483823 47.821007 63.635930
16.690845 48.283577 63.364919
17.456020 47.837225 64.592589
17.483823 47.821007 66.306631
16.683947 48.234133 66.631833
17.437674 46.921202 66.629825
17.483823 45.160239 60.088240
16.690845 44.697669 59.817230
17.456020 45.144021 61.044899
17.483823 45.160239 62.758941
17.529972 46.060043 63.082135
18.283699 44.747113 63.084143
19.764481 43.829855 63.635930
19.810630 42.930051 63.312735
20.564357 44.242982 63.310728
19.764481 43.829855 66.306631
18.971503 44.292426 66.577641
19.736678 43.846073 65.349972
19.764481 49.151390 60.088240
18.964604 48.738264 59.763038
19.718331 50.051194 59.765046
19.764481 49.151390 62.758941
18.971503 48.688820 63.029951
19.736678 49.135172 61.802282
17.483823 55.803309 6.872892
16.690845 56.265879 6.601882
17.456020 55.819527 7.829551
17.483823 55.803309 9.543593
16.683947 56.216435 9.868795
17.437674 54.903505 9.866787
17.483823 53.142541 3.325202
16.690845 52.679971 3.054192
17.456020 53.126323 4.281861
17.483823 53.142541 5.995903
17.529972 54.042345 6.319097
18.283699 52.729415 6.321105
19.764481 51.812158 6.872892
19.764481 50.893813 6.602937
19.764481 51.781071 7.829587
19.764481 51.812158 9.543593
19.810630 50.912353 9.866787
20.564357 52.225284 9.868795
19.764481 57.133692 3.325202
19.007530 56.644530 3.002746
20.521431 56.644530 3.002746
19.764481 57.133692 5.995903
18.971503 56.671122 6.266913
19.736678 57.117474 5.039244
17.483823 55.803309 13.968272
16.690845 56.265879 13.697261
17.456020 55.819527 14.924930
17.483823 55.803309 16.638973
16.683947 56.216435 16.964175
17.437674 54.903505 16.962167
17.483823 53.142541 10.420582
16.726872 52.653379 10.098126
18.240773 52.653379 10.098126
17.483823 53.142541 13.091283
17.483823 54.060886 13.361237
17.483823 53.173628 12.134588
19.764481 51.812158 13.968272
19.007530 52.301320 13.645816
20.521431 52.301320 13.645816
19.764481 51.812158 16.638973
19.736678 51.828376 15.682314
18.971503 52.274728 16.909983
19.764481 57.133692 10.420582
18.964604 56.720566 10.095380
19.718331 58.033497 10.097387
19.764481 57.133692 13.091283
18.971503 56.671122 13.362293
19.736678 57.117474 12.134624
17.483823 55.803309 21.063651
16.690845 56.265879 20.792641
17.456020 55.819527 22.020310
17.483823 55.803309 23.734352
16.683947 56.216435 24.059554
17.437674 54.903505 24.057547
17.483823 53.142541 17.515962
16.690845 52.679971 17.244951
17.456020 53.126323 18.472620
17.483823 53.142541 20.186662
17.529972 54.042345 20.509857
18.283699 52.729415 20.511865
19.764481 51.812158 21.063651
19.810630 50.912353 20.740457
20.564357 52.225284 20.738449
19.764481 51.812158 23.734352
19.736678 51.828376 22.777694
18.971503 52.274728 24.005363
19.764481 57.133692 17.515962
18.964604 56.720566 17.190759
19.718331 58.033497 17.192767
19.764481 57.133692 20.186662
18.971503 56.671122 20.457673
19.736678 57.117474 19.230004
17.483823 55.803309 28.159031
16.690845 56.265879 27.888021
17.456020 55.819527 29.115690
17.483823 55.803309 30.829732
16.683947 56.216435 31.154934
17.437674 54.903505 31.152926
17.483823 53.142541 24.611341
16.690845 52.679971 24.340331
17.456020 53.126323 25.568000
17.483823 53.142541 27.282042
17.529972 54.042345 27.605237
18.283699 52.729415 27.607244
19.764481 51.812158 28.159031
19.810630 50.912353 27.835837
20.564357 52.225284 27.833829
19.764481 51.812158 30.829732
19.736678 51.828376 29.873073
18.971503 52.274728 31.100742
19.764481 57.133692 24.611341
18.964604 56.720566 24.286139
19.718331 58.033497 24.288147
19.764481 57.133692 27.282042
18.971503 56.671122 27.553053
19.736678 57.117474 26.325384
17.483823 55.803309 35.254411
16.690845 56.265879 34.983400
17.456020 55.819527 36.211070
17.483823 55.803309 37.925112
16.683947 56.216435 38.250314
17.437674 54.903505 38.248306
17.483823 53.142541 31.706721
16.690845 52.679971 31.435711
17.456020 53.126323 32.663380
17.483823 53.142541 34.377422
17.529972 54.042345 34.700616
18.283699 52.729415 34.702624
19.764481 51.812158 35.254411
19.810630 50.912353 34.931217
20.564357 52.225284 34.929209
19.764481 51.812158 37.925112
19.736678 51.828376 36.968453
18.971503 52.274728 38.196122
19.764481 57.133692 31.706721
18.964604 56.720566 31.381519
19.718331 58.033497 31.383527
19.764481 57.133692 34.377422
18.971503 56.671122 34.648432
19.736678 57.117474 33.420763
17.483823 55.803309 42.349791
16.690845 56.265879 42.078780
17.456020 55.819527 43.306449
17.483823 55.803309 45.020492
16.683947 56.216435 45.345694
17.437674 54.903505 45.343686
17.483823 53.142541 38.802101
16.690845 52.679971 38.531090
17.456020 53.126323 39.758759
17.483823 53.142541 41.472802
17.529972 54.042345 41.795996
18.283699 52.729415 41.798004
19.764481 51.812158 42.349791
19.810630 50.912353 42.026596
20.564357 52.225284 42.024589
19.764481 51.812158 45.020492
19.736678 51.828376 44.063833
18.971503 52.274728 45.291502
19.764481 57.133692 38.802101
18.964604 56.720566 38.476899
19.718331 58.033497 38.478906
19.764481 57.133692 41.472802
18.971503 56.671122 41.743812
19.736678 57.117474 40.516143
17.483823 55.803309 49.445170
16.690845 56.265879 49.174160
17.456020 55.819527 50.401829
17.483823 55.803309 52.115871
16.683947 56.216435 52.441073
17.437674 54.903505 52.439066
17.483823 53.142541 45.897480
16.690845 52.679971 45.626470
17.456020 53.126323 46.854139
17.483823 53.142541 48.568181
17.529972 54.042345 48.891376
18.283699 52.729415 48.893383
19.764481 51.812158 49.445170
19.810630 50.912353 49.121976
20.564357 52.225284 49.119968
19.764481 51.812158 52.115871
19.736678 51.828376 51.159213
18.971503 52.274728 52.386882
19.764481 57.133692 45.897480
18.964604 56.720566 45.572278
19.718331 58.033497 45.574286
19.764481 57.133692 48.568181
18.971503 56.671122 48.839192
19.736678 57.117474 47.611523
17.483823 55.803309 56.540550
16.690845 56.265879 56.269540
17.456020 55.819527 57.497209
17.483823 55.803309 59.211251
16.683947 56.216435 59.536453
17.437674 54.903505 59.534445
17.483823 53.142541 52.992860
16.690845 52.679971 52.721850
17.456020 53.126323 53.949519
17.483823 53.142541 55.663561
17.529972 54.042345 55.986756
18.283699 52.729415 55.988763
19.764481 51.812158 56.540550
19.810630 50.912353 56.217356
20.564357 52.225284 56.215348
19.764481 51.812158 59.211251
19.736678 51.828376 58.254592
18.971503 52.274728 59.482261
19.764481 57.133692 52.992860
18.964604 56.720566 52.667658
19.718331 58.033497 52.669666
19.764481 57.133692 55.663561
18.971503 56.671122 55.934572
19.736678 57.117474 54.706902
17.483823 55.803309 63.635930
17.511625 55.819527 64.592589
18.276801 56.265879 63.364919
17.483823 55.803309 66.306631
16.683947 56.216435 66.631833
17.437674 54.903505 66.629825
17.483823 53.142541 60.088240
16.690845 52.679971 59.817230
17.456020 53.126323 61.044899
17.483823 53.142541 62.758941
17.529972 54.042345 63.082135
18.283699 52.729415 63.084143
19.764481 51.812158 63.635930
19.810630 50.912353 63.312735
20.564357 52.225284 63.310728
19.764481 51.812158 66.306631
18.971503 52.274728 66.577641
19.736678 51.828376 65.349972
19.764481 57.133692 60.088240
18.964604 56.720566 59.763038
19.718331 58.033497 59.765046
19.764481 57.133692 62.758941
19.764481 57.164779 61.802246
19.764481 58.052037 63.028895
17.483823 63.785611 6.872892
17.511625 63.801829 7.829551
18.276801 64.248181 6.601882
17.483823 63.785611 9.543593
16.683947 64.198737 9.868795
17.437674 62.885807 9.866787
17.483823 61.124844 3.325202
16.726872 60.635681 3.002746
18.240773 60.635681 3.002746
17.483823 61.124844 5.995903
17.483823 62.043188 6.265857
17.483823 61.155930 5.039208
19.764481 59.794460 6.872892
19.718331 58.894656 6.549698
18.964604 60.207586 6.547690
19.764481 59.794460 9.543593
19.792283 59.810678 8.586934
20.557458 60.257030 9.814603
19.764481 65.115995 3.325202
19.718331 66.015799 3.002008
18.964604 64.702868 3.000000
19.764481 65.115995 5.995903
19.764481 66.034339 6.265857
19.764481 65.147081 5.039208
17.483823 63.785611 13.968272
17.511625 63.801829 14.924930
18.276801 64.248181 13.697261
17.483823 63.785611 16.638973
16.726872 64.274774 16.961429
18.240773 64.274774 16.961429
17.483823 61.124844 10.420582
16.726872 60.635681 10.098126
18.240773 60.635681 10.098126
17.483823 61.124844 13.091283
17.483823 62.043188 13.361237
17.483823 61.155930 12.134588
19.764481 59.794460 13.968272
19.718331 58.894656 13.645077
18.964604 60.207586 13.643070
19.764481 59.794460 16.638973
19.792283 59.810678 15.682314
20.557458 60.257030 16.909983
19.764481 65.115995 10.420582
19.007530 64.626832 10.098126
20.521431 64.626832 10.098126
19.764481 65.115995 13.091283
19.764481 66.034339 13.361237
19.764481 65.147081 12.134588
17.483823 63.785611 21.063651
17.483823 63.754524 22.020346
17.483823 62.867267 20.793697
17.483823 63.785611 23.734352
16.683947 64.198737 24.059554
17.437674 62.885807 24.057547
17.483823 61.124844 17.515962
17.529972 62.024648 17.192767
18.283699 60.711717 17.190759
17.483823 61.124844 20.186662
16.690845 60.662273 20.457673
17.456020 61.108625 19.230004
19.764481 59.794460 21.063651
19.718331 58.894656 20.740457
18.964604 60.207586 20.738449
19.764481 59.794460 23.734352
19.792283 59.810678 22.777694
20.557458 60.257030 24.005363
19.764481 65.115995 17.515962
19.764481 66.034339 17.246007
19.764481 65.147081 18.472657
19.764481 65.115995 20.186662
19.718331 66.015799 20.509857
18.964604 64.702868 20.511865
17.483823 63.785611 28.159031
17.511625 63.801829 29.115690
18.276801 64.248181 27.888021
17.483823 63.785611 30.829732
16.726872 64.274774 31.152188
18.240773 64.274774 31.152188
17.483823 61.124844 24.611341
16.726872 60.635681 24.288885
18.240773 60.635681 24.288885
17.483823 61.124844 27.282042
17.483823 62.043188 27.551997
17.483823 61.155930 26.325347
19.764481 59.794460 28.159031
19.718331 58.894656 27.835837
18.964604 60.207586 27.833829
19.764481 59.794460 30.829732
19.792283 59.810678 29.873073
20.557458 60.257030 31.100742
19.764481 65.115995 24.611341
19.007530 64.626832 24.288885
20.521431 64.626832 24.288885
19.764481 65.115995 27.282042
19.764481 66.034339 27.551997
19.764481 65.147081 26.325347
17.483823 63.785611 35.254411
17.483823 63.754524 36.211106
17.483823 62.867267 34.984456
17.483823 63.785611 37.925112
16.683947 64.198737 38.250314
17.437674 62.885807 38.248306
17.483823 61.124844 31.706721
17.529972 62.024648 31.383527
18.283699 60.711717 31.381519
17.483823 61.124844 34.377422
16.690845 60.662273 34.648432
17.456020 61.108625 33.420763
19.764481 59.794460 35.254411
19.718331 58.894656 34.931217
18.964604 60.207586 34.929209
19.764481 59.794460 37.925112
19.792283 59.810678 36.968453
20.557458 60.257030 38.196122
19.764481 65.115995 31.706721
19.764481 66.034339 31.436767
19.764481 65.147081 32.663416
19.764481 65.115995 34.377422
19.718331 66.015799 34.700616
18.964604 64.702868 34.702624
17.483823 63.785611 42.349791
17.511625 63.801829 43.306449
18.276801 64.248181 42.078780
17.483823 63.785611 45.020492
16.726872 64.274774 45.342948
18.240773 64.274774 45.342948
17.483823 61.124844 38.802101
16.726872 60.635681 38.479645
18.240773 60.635681 38.479645
17.483823 61.124844 41.472802
17.483823 62.043188 41.742756
17.483823 61.155930 40.516107
19.764481 59.794460 42.349791
19.718331 58.894656 42.026596
18.964604 60.207586 42.024589
19.764481 59.794460 45.020492
19.792283 59.810678 44.063833
20.557458 60.257030 45.291502
19.764481 65.115995 38.802101
19.007530 64.626832 38.479645
20.521431 64.626832 38.479645
19.764481 65.115995 41.472802
19.764481 66.034339 41.742756
19.764481 65.147081 40.516107
17.483823 63.785611 49.445170
17.483823 63.754524 50.401865
17.483823 62.867267 49.175216
17.483823 63.785611 52.115871
16.683947 64.198737 52.441073
17.437674 62.885807 52.439066
17.483823 61.124844 45.897480
17.529972 62.024648 45.574286
18.283699 60.711717 45.572278
17.483823 61.124844 48.568181
16.690845 60.662273 48.839192
17.456020 61.108625 47.611523
19.764481 59.794460 49.445170
19.718331 58.894656 49.121976
18.964604 60.207586 49.119968
19.764481 59.794460 52.115871
19.792283 59.810678 51.159213
20.557458 60.257030 52.386882
19.764481 65.115995 45.897480
19.764481 66.034339 45.627526
19.764481 65.147081 46.854176
19.764481 65.115995 48.568181
19.718331 66.015799 48.891376
18.964604 64.702868 48.893383
17.483823 63.785611 56.540550
17.511625 63.801829 57.497209
18.276801 64.248181 56.269540
17.483823 63.785611 59.211251
16.726872 64.274774 59.533707
18.240773 64.274774 59.533707
17.483823 61.124844 52.992860
16.726872 60.635681 52.670404
18.240773 60.635681 52.670404
17.483823 61.124844 55.663561
17.483823 62.043188 55.933516
17.483823 61.155930 54.706866
19.764481 59.794460 56.540550
19.718331 58.894656 56.217356
18.964604 60.207586 56.215348
19.764481 59.794460 59.211251
19.792283 59.810678 58.254592
20.557458 60.257030 59.482261
19.764481 65.115995 52.992860
19.007530 64.626832 52.670404
20.521431 64.626832 52.670404
19.764481 65.115995 55.663561
19.764481 66.034339 55.933516
19.764481 65.147081 54.706866
17.483823 63.785611 63.635930
17.483823 63.754524 64.592625
17.483823 62.867267 63.365975
17.483823 63.785611 66.306631
16.683947 64.198737 66.631833
17.437674 62.885807 66.629825
17.483823 61.124844 60.088240
17.529972 62.024648 59.765046
18.283699 60.711717 59.763038
17.483823 61.124844 62.758941
16.690845 60.662273 63.029951
17.456020 61.108625 61.802282
19.764481 59.794460 63.635930
19.007530 60.283623 63.313474
20.521431 60.283623 63.313474
19.764481 59.794460 66.306631
19.764481 58.876115 66.576585
19.764481 59.763373 65.349936
19.764481 65.115995 60.088240
19.764481 66.034339 59.818285
19.764481 65.147081 61.044935
19.764481 65.115995 62.758941
19.007530 64.626832 63.081397
20.521431 64.626832 63.081397
22.045138 7.909495 6.872892
21.245262 8.322622 6.547690
21.998989 7.009691 6.549698
22.045138 7.909495 9.543593
21.252161 8.372066 9.814603
22.017336 7.925714 8.586934
22.045138 5.248728 3.325202
21.245262 4.835602 3.000000
21.998989 6.148532 3.002008
22.045138 5.248728 5.995903
21.252161 4.786158 6.266913
22.017336 5.232510 5.039244
24.325796 3.918344 6.872892
23.525920 4.331471 6.547690
24.279647 3.018540 6.549698
24.325796 3.918344 9.543593
24.297994 3.934562 8.586934
23.532818 4.380915 9.814603
24.325796 9.239879 3.325202
23.525920 8.826753 3.000000
24.279647 10.139683 3.002008
24.325796 9.239879 5.995903
23.532818 8.777309 6.266913
24.297994 9.223661 5.039244
22.045138 7.909495 13.968272
21.245262 8.322622 13.643070
21.998989 7.009691 13.645077
22.045138 7.909495 16.638973
21.252161 8.372066 16.909983
22.017336 7.925714 15.682314
22.045138 5.248728 10.420582
21.245262 4.835602 10.095380
21.998989 6.148532 10.097387
22.045138 5.248728 13.091283
21.252161 4.786158 13.362293
22.017336 5.232510 12.134624
24.325796 3.918344 13.968272
23.525920 4.331471 13.643070
24.279647 3.018540 13.645077
24.325796 3.918344 16.638973
24.325796 3.887258 15.682278
24.325796 3.000000 16.908927
24.325796 9.239879 10.420582
23.532818 8.777309 10.149571
24.297994 9.223661 11.377240
24.325796 9.239879 13.091283
23.525920 8.826753 13.416485
24.279647 10.139683 13.414477
22.045138 7.909495 21.063651
21.245262 8.322622 20.738449
21.998989 7.009691 20.740457
22.045138 7.909495 23.734352
21.252161 8.372066 24.005363
22.017336 7.925714 22.777694
22.045138 5.248728 17.515962
22.091288 6.148532 17.192767
22.845015 4.835602 17.190759
22.045138 5.248728 20.186662
21.252161 4.786158 20.457673
22.017336 5.232510 19.230004
24.325796 3.918344 21.063651
23.525920 4.331471 20.738449
24.279647 3.018540 20.740457
24.325796 3.918344 23.734352
24.297994 3.934562 22.777694
23.532818 4.380915 24.005363
24.325796 9.239879 17.515962
23.525920 8.826753 17.190759
24.279647 10.139683 17.192767
24.325796 9.239879 20.186662
23.532818 8.777309 20.457673
24.297994 9.223661 19.230004
22.045138 7.909495 28.159031
21.245262 8.322622 27.833829
21.998989 7.009691 27.835837
22.045138 7.909495 30.829732
21.252161 8.372066 31.100742
22.017336 7.925714 29.873073
22.045138 5.248728 24.611341
21.245262 4.835602 24.286139
21.998989 6.148532 24.288147
22.045138 5.248728 27.282042
21.252161 4.786158 27.553053
22.017336 5.232510 26.325384
24.325796 3.918344 28.159031
23.525920 4.331471 27.833829
24.279647 3.018540 27.835837
24.325796 3.918344 30.829732
24.325796 3.887258 29.873037
24.325796 3.000000 31.099687
24.325796 9.239879 24.611341
23.525920 8.826753 24.286139
24.279647 10.139683 24.288147
24.325796 9.239879 27.282042
23.532818 8.777309 27.553053
24.297994 9.223661 26.325384
22.045138 7.909495 35.254411
21.245262 8.322622 34.929209
21.998989 7.009691 34.931217
22.045138 7.909495 37.925112
21.252161 8.372066 38.196122
22.017336 7.925714 36.968453
22.045138 5.248728 31.706721
22.091288 6.148532 31.383527
22.845015 4.835602 31.381519
22.045138 5.248728 34.377422
21.252161 4.786158 34.648432
22.017336 5.232510 33.420763
24.325796 3.918344 35.254411
23.525920 4.331471 34.929209
24.279647 3.018540 34.931217
24.325796 3.918344 37.925112
24.297994 3.934562 36.968453
23.532818 4.380915 38.196122
24.325796 9.239879 31.706721
23.525920 8.826753 31.381519
24.279647 10.139683 31.383527
24.325796 9.239879 34.377422
23.532818 8.777309 34.648432
24.297994 9.223661 33.420763
22.045138 7.909495 42.349791
21.245262 8.322622 42.024589
21.998989 7.009691 42.026596
22.045138 7.909495 45.020492
21.252161 8.372066 45.291502
22.017336 7.925714 44.063833
22.045138 5.248728 38.802101
21.245262 4.835602 38.476899
21.998989 6.148532 38.478906
22.045138 5.248728 41.472802
21.252161 4.786158 41.743812
22.017336 5.232510 40.516143
24.325796 3.918344 42.349791
23.525920 4.331471 42.024589
24.279647 3.018540 42.026596
24.325796 3.918344 45.020492
24.325796 3.887258 44.063796
24.325796 3.000000 45.290446
24.325796 9.239879 38.802101
23.525920 8.826753 38.476899
24.279647 10.139683 38.478906
24.325796 9.239879 41.472802
23.532818 8.777309 41.743812
24.297994 9.223661 40.516143
22.045138 7.909495 49.445170
21.245262 8.322622 49.119968
21.998989 7.009691 49.121976
22.045138 7.909495 52.115871
21.252161 8.372066 52.386882
22.017336 7.925714 51.159213
22.045138 5.248728 45.897480
22.091288 6.148532 45.574286
22.845015 4.835602 45.572278
22.045138 5.248728 48.568181
21.252161 4.786158 48.839192
22.017336 5.232510 47.611523
24.325796 3.918344 49.445170
23.525920 4.331471 49.119968
24.279647 3.018540 49.121976
24.325796 3.918344 52.115871
24.297994 3.934562 51.159213
23.532818 4.380915 52.386882
24.325796 9.239879 45.897480
23.525920 8.826753 45.572278
24.279647 10.139683 45.574286
24.325796 9.239879 48.568181
23.532818 8.777309 48.839192
24.297994 9.223661 47.611523
22.045138 7.909495 56.540550
21.245262 8.322622 56.215348
21.998989 7.009691 56.217356
22.045138 7.909495 59.211251
21.252161 8.372066 59.482261
22.017336 7.925714 58.254592
22.045138 5.248728 52.992860
21.245262 4.835602 52.667658
21.998989 6.148532 52.669666
22.045138 5.248728 55.663561
21.252161 4.786158 55.934572
22.017336 5.232510 54.706902
24.325796 3.918344 56.540550
23.525920 4.331471 56.215348
24.279647 3.018540 56.217356
24.325796 3.918344 59.211251
24.325796 3.887258 58.254556
24.325796 3.000000 59.481206
24.325796 9.239879 52.992860
23.525920 8.826753 52.667658
24.279647 10.139683 52.669666
24.325796 9.239879 55.663561
23.532818 8.777309 55.934572
24.297994 9.223661 54.706902
22.045138 7.909495 63.635930
21.245262 8.322622 63.310728
21.998989 7.009691 63.312735
22.045138 7.909495 66.306631
21.252161 8.372066 66.577641
22.017336 7.925714 65.349972
22.045138 5.248728 60.088240
22.091288 6.148532 59.765046
22.845015 4.835602 59.763038
22.045138 5.248728 62.758941
21.252161 4.786158 63.029951
22.017336 5.232510 61.802282
24.325796 3.918344 63.635930
23.532818 4.380915 63.364919
24.297994 3.934562 64.592589
24.325796 3.918344 66.306631
23.525920 4.331471 66.631833
24.279647 3.018540 66.629825
24.325796 9.239879 60.088240
23.525920 8.826753 59.763038
24.279647 10.139683 59.765046
24.325796 9.239879 62.758941
23.532818 8.777309 63.029951
24.297994 9.223661 61.802282
22.045138 15.891798 6.872892
21.252161 16.354368 6.601882
22.017336 15.908016 7.829551
22.045138 15.891798 9.543593
21.245262 16.304924 9.868795
21.998989 14.991994 9.866787
22.045138 13.231030 3.325202
21.252161 12.768460 3.054192
22.017336 13.214812 4.281861
22.045138 13.231030 5.995903
22.091288 14.130834 6.319097
22.845015 12.817904 6.321105
24.325796 11.900647 6.872892
24.325796 10.982302 6.602937
24.325796 11.869560 7.829587
24.325796 11.900647 9.543593
24.371945 11.000842 9.866787
25.125672 12.313773 9.868795
24.325796 17.222181 3.325202
24.297994 17.205963 4.281861
23.532818 16.759611 3.054192
24.325796 17.222181 5.995903
23.525920 16.809055 6.321105
24.279647 18.121986 6.319097
22.045138 15.891798 13.968272
21.252161 16.354368 13.697261
22.017336 15.908016 14.924930
22.045138 15.891798 16.638973
21.245262 16.304924 16.964175
21.998989 14.991994 16.962167
22.045138 13.231030 10.420582
21.288188 12.741868 10.098126
22.802089 12.741868 10.098126
22.045138 13.231030 13.091283
22.045138 14.149375 13.361237
22.045138 13.262117 12.134588
24.325796 11.900647 13.968272
23.568846 12.389809 13.645816
25.082746 12.389809 13.645816
24.325796 11.900647 16.638973
24.297994 11.916865 15.682314
23.532818 12.363217 16.909983
24.325796 17.222181 10.420582
23.525920 16.809055 10.095380
24.279647 18.121986 10.097387
24.325796 17.222181 13.091283
23.532818 16.759611 13.362293
24.297994 17.205963 12.134624
22.045138 15.891798 21.063651
21.252161 16.354368 20.792641
22.017336 15.908016 22.020310
22.045138 15.891798 23.734352
21.245262 16.304924 24.059554
21.998989 14.991994 24.057547
22.045138 13.231030 17.515962
21.252161 12.768460 17.244951
22.017336 13.214812 18.472620
22.045138 13.231030 20.186662
22.091288 14.130834 20.509857
22.845015 12.817904 20.511865
24.325796 11.900647 21.063651
24.371945 11.000842 20.740457
25.125672 12.313773 20.738449
24.325796 11.900647 23.734352
24.297994 11.916865 22.777694
23.532818 12.363217 24.005363
24.325796 17.222181 17.515962
23.525920 16.809055 17.190759
24.279647 18.121986 17.192767
24.325796 17.222181 20.186662
23.532818 16.759611 20.457673
24.297994 17.205963 19.230004
22.045138 15.891798 28.159031
21.252161 16.354368 27.888021
22.017336 15.908016 29.115690
22.045138 15.891798 30.829732
21.245262 16.304924 31.154934
21.998989 14.991994 31.152926
22.045138 13.231030 24.611341
21.252161 12.768460 24.340331
22.017336 13.214812 25.568000
22.045138 13.231030 27.282042
22.091288 14.130834 27.605237
22.845015 12.817904 27.607244
24.325796 11.900647 28.159031
24.371945 11.000842 27.835837
25.125672 12.313773 27.833829
24.325796 11.900647 30.829732
24.297994 11.916865 29.873073
23.532818 12.363217 31.100742
24.325796 17.222181 24.611341
23.525920 16.809055 24.286139
24.279647 18.121986 24.288147
24.325796 17.222181 27.282042
23.532818 16.759611 27.553053
24.297994 17.205963 26.325384
22.045138 15.891798 35.254411
21.252161 16.354368 34.983400
22.017336 15.908016 36.211070
22.045138 15.891798 37.925112
21.245262 16.304924 38.250314
21.998989 14.991994 38.248306
22.045138 13.231030 31.706721
21.252161 12.768460 31.435711
22.017336 13.214812 32.663380
22.045138 13.231030 34.377422
22.091288 14.130834 34.700616
22.845015 12.817904 34.702624
24.325796 11.900647 35.254411
24.371945 11.000842 34.931217
25.125672 12.313773 34.929209
24.325796 11.900647 37.925112
24.297994 11.916865 36.968453
23.532818 12.363217 38.196122
24.325796 17.222181 31.706721
23.525920 16.809055 31.381519
24.279647 18.121986 31.383527
24.325796 17.222181 34.377422
23.532818 16.759611 34.648432
24.297994 17.205963 33.420763
22.045138 15.891798 42.349791
21.252161 16.354368 42.078780
22.017336 15.908016 43.306449
22.045138 15.891798 45.020492
21.245262 16.304924 45.345694
21.998989 14.991994 45.343686
22.045138 13.231030 38.802101
21.252161 12.768460 38.531090
22.017336 13.214812 39.758759
22.045138 13.231030 41.472802
22.091288 14.130834 41.795996
22.845015 12.817904 41.798004
24.325796 11.900647 42.349791
24.371945 11.000842 42.026596
25.125672 12.313773 42.024589
24.325796 11.900647 45.020492
24.297994 11.916865 44.063833
23.532818 12.363217 45.291502
24.325796 17.222181 38.802101
23.525920 16.809055 38.476899
24.279647 18.121986 38.478906
24.325796 17.222181 41.472802
23.532818 16.759611 41.743812
24.297994 17.205963 40.516143
22.045138 15.891798 49.445170
21.252161 16.354368 49.174160
22.017336 15.908016 50.401829
22.045138 15.891798 52.115871
21.245262 16.304924 52.441073
21.998989 14.991994 52.439066
22.045138 13.231030 45.897480
21.252161 12.768460 45.626470
22.017336 13.214812 46.854139
22.045138 13.231030 48.568181
22.091288 14.130834 48.891376
22.845015 12.817904 48.893383
24.325796 11.900647 49.445170
24.371945 11.000842 49.121976
25.125672 12.313773 49.119968
24.325796 11.900647 52.115871
24.297994 11.916865 51.159213
23.532818 12.363217 52.386882
24.325796 17.222181 45.897480
23.525920 16.809055 45.572278
24.279647 18.121986 45.574286
24.325796 17.222181 48.568181
23.532818 16.759611 48.839192
24.297994 17.205963 47.611523
22.045138 15.891798 56.540550
21.252161 16.354368 56.269540
22.017336 15.908016 57.497209
22.045138 15.891798 59.211251
21.245262 16.304924 59.536453
21.998989 14.991994 59.534445
22.045138 13.231030 52.992860
21.252161 12.768460 52.721850
22.017336 13.214812 53.949519
22.045138 13.231030 55.663561
22.091288 14.130834 55.986756
22.845015 12.817904 55.988763
24.325796 11.900647 56.540550
24.371945 11.000842 56.217356
25.125672 12.313773 56.215348
24.325796 11.900647 59.211251
24.297994 11.916865 58.254592
23.532818 12.363217 59.482261
24.325796 17.222181 52.992860
23.525920 16.809055 52.667658
24.279647 18.121986 52.669666
24.325796 17.222181 55.663561
23.532818 16.759611 55.934572
24.297994 17.205963 54.706902
22.045138 15.891798 63.635930
21.252161 16.354368 63.364919
22.017336 15.908016 64.592589
22.045138 15.891798 66.306631
21.245262 16.304924 66.631833
21.998989 14.991994 66.629825
22.045138 13.231030 60.088240
21.252161 12.768460 59.817230
22.017336 13.214812 61.044899
22.045138 13.231030 62.758941
22.091288 14.130834 63.082135
22.845015 12.817904 63.084143
24.325796 11.900647 63.635930
24.371945 11.000842 63.312735
25.125672 12.313773 63.310728
24.325796 11.900647 66.306631
23.532818 12.363217 66.577641
24.297994 11.916865 65.349972
24.325796 17.222181 60.088240
23.525920 16.809055 59.763038
24.279647 18.121986 59.765046
24.325796 17.222181 62.758941
23.532818 16.759611 63.029951
24.297994 17.205963 61.802282
22.045138 23.874100 6.872892
21.245262 24.287226 6.547690
21.998989 22.974296 6.549698
22.045138 23.874100 9.543593
21.252161 24.336670 9.814603
22.017336 23.890318 8.586934
22.045138 21.213332 3.325202
21.288188 20.724170 3.002746
22.802089 20.724170 3.002746
22.045138 21.213332 5.995903
21.252161 20.750762 6.266913
22.017336 21.197114 5.039244
24.325796 19.882949 6.872892
23.568846 20.372111 6.550436
25.082746 20.372111 6.550436
24.325796 19.882949 9.543593
24.297994 19.899167 8.586934
23.532818 20.345519 9.814603
24.325796 25.204484 3.325202
24.297994 25.188266 4.281861
23.532818 24.741913 3.054192
24.325796 25.204484 5.995903
23.525920 24.791357 6.321105
24.279647 26.104288 6.319097
22.045138 23.874100 13.968272
21.252161 24.336670 13.697261
22.017336 23.890318 14.924930
22.045138 23.874100 16.638973
21.245262 24.287226 16.964175
21.998989 22.974296 16.962167
22.045138 21.213332 10.420582
22.045138 22.131677 10.150627
22.045138 21.244419 11.377277
22.045138 21.213332 13.091283
22.091288 22.113137 13.414477
22.845015 20.800206 13.416485
24.325796 19.882949 13.968272
24.371945 18.983145 13.645077
25.125672 20.296075 13.643070
24.325796 19.882949 16.638973
24.297994 19.899167 15.682314
23.532818 20.345519 16.909983
24.325796 25.204484 10.420582
23.525920 24.791357 10.095380
24.279647 26.104288 10.097387
24.325796 25.204484 13.091283
23.532818 24.741913 13.362293
24.297994 25.188266 12.134624
22.045138 23.874100 21.063651
21.252161 24.336670 20.792641
22.017336 23.890318 22.020310
22.045138 23.874100 23.734352
21.245262 24.287226 24.059554
21.998989 22.974296 24.057547
22.045138 21.213332 17.515962
21.252161 20.750762 17.244951
22.017336 21.197114 18.472620
22.045138 21.213332 20.186662
22.091288 22.113137 20.509857
22.845015 20.800206 20.511865
24.325796 19.882949 21.063651
24.371945 18.983145 20.740457
25.125672 20.296075 20.738449
24.325796 19.882949 23.734352
24.297994 19.899167 22.777694
23.532818 20.345519 24.005363
24.325796 25.204484 17.515962
23.525920 24.791357 17.190759
24.279647 26.104288 17.192767
24.325796 25.204484 20.186662
23.532818 24.741913 20.457673
24.297994 25.188266 19.230004
22.045138 23.874100 28.159031
21.252161 24.336670 27.888021
22.017336 23.890318 29.115690
22.045138 23.874100 30.829732
21.245262 24.287226 31.154934
21.998989 22.974296 31.152926
22.045138 21.213332 24.611341
21.252161 20.750762 24.340331
22.017336 21.197114 25.568000
22.045138 21.213332 27.282042
22.091288 22.113137 27.605237
22.845015 20.800206 27.607244
24.325796 19.882949 28.159031
24.371945 18.983145 27.835837
25.125672 20.296075 27.833829
24.325796 19.882949 30.829732
24.297994 19.899167 29.873073
23.532818 20.345519 31.100742
24.325796 25.204484 24.611341
23.525920 24.791357 24.286139
24.279647 26.104288 24.288147
24.325796 25.204484 27.282042
23.532818 24.741913 27.553053
24.297994 25.188266 26.325384
22.045138 23.874100 35.254411
21.252161 24.336670 34.983400
22.017336 23.890318 36.211070
22.045138 23.874100 37.925112
21.245262 24.287226 38.250314
21.998989 22.974296 38.248306
22.045138 21.213332 31.706721
21.252161 20.750762 31.435711
22.017336 21.197114 32.663380
22.045138 21.213332 34.377422
22.091288 22.113137 34.700616
22.845015 20.800206 34.702624
24.325796 19.882949 35.254411
24.371945 18.983145 34.931217
25.125672 20.296075 34.929209
24.325796 19.882949 37.925112
24.297994 19.899167 36.968453
23.532818 20.345519 38.196122
24.325796 25.204484 31.706721
23.525920 24.791357 31.381519
24.279647 26.104288 31.383527
24.325796 25.204484 34.377422
23.532818 24.741913 34.648432
24.297994 25.188266 33.420763
22.045138 23.874100 42.349791
21.252161 24.336670 42.078780
22.017336 23.890318 43.306449
22.045138 23.874100 45.020492
21.245262 24.287226 45.345694
21.998989 22.974296 45.343686
22.045138 21.213332 38.802101
21.252161 20.750762 38.531090
22.017336 21.197114 39.758759
22.045138 21.213332 41.472802
22.091288 22.113137 41.795996
22.845015 20.800206 41.798004
24.325796 19.882949 42.349791
24.371945 18.983145 42.026596
25.125672 20.296075 42.024589
24.325796 19.882949 45.020492
24.297994 19.899167 44.063833
23.532818 20.345519 45.291502
24.325796 25.204484 38.802101
23.525920 24.791357 38.476899
24.279647 26.104288 38.478906
24.325796 25.204484 41.472802
23.532818 24.741913 41.743812
24.297994 25.188266 40.516143
22.045138 23.874100 49.445170
21.252161 24.336670 49.174160
22.017336 23.890318 50.401829
22.045138 23.874100 52.115871
21.245262 24.287226 52.441073
21.998989 22.974296 52.439066
22.045138 21.213332 45.897480
21.252161 20.750762 45.626470
22.017336 21.197114 46.854139
22.045138 21.213332 48.568181
22.091288 22.113137 48.891376
22.845015 20.800206 48.893383
24.325796 19.882949 49.445170
24.371945 18.983145 49.121976
25.125672 20.296075 49.119968
24.325796 19.882949 52.115871
24.297994 19.899167 51.159213
23.532818 20.345519 52.386882
24.325796 25.204484 45.897480
23.525920 24.791357 45.572278
24.279647 26.104288 45.574286
24.325796 25.204484 48.568181
23.532818 24.741913 48.839192
24.297994 25.188266 47.611523
22.045138 23.874100 56.540550
21.252161 24.336670 56.269540
22.017336 23.890318 57.497209
22.045138 23.874100 59.211251
21.245262 24.287226 59.536453
21.998989 22.974296 59.534445
22.045138 21.213332 52.992860
21.252161 20.750762 52.721850
22.017336 21.197114 53.949519
22.045138 21.213332 55.663561
22.091288 22.113137 55.986756
22.845015 20.800206 55.988763
24.325796 19.882949 56.540550
24.371945 18.983145 56.217356
25.125672 20.296075 56.215348
24.325796 19.882949 59.211251
24.297994 19.899167 58.254592
23.532818 20.345519 59.482261
24.325796 25.204484 52.992860
23.525920 24.791357 52.667658
24.279647 26.104288 52.669666
24.325796 25.204484 55.663561
23.532818 24.741913 55.934572
24.297994 25.188266 54.706902
22.045138 23.874100 63.635930
21.252161 24.336670 63.364919
22.017336 23.890318 64.592589
22.045138 23.874100 66.306631
21.245262 24.287226 66.631833
21.998989 22.974296 66.629825
22.045138 21.213332 60.088240
21.252161 20.750762 59.817230
22.017336 21.197114 61.044899
22.045138 21.213332 62.758941
22.091288 22.113137 63.082135
22.845015 20.800206 63.084143
24.325796 19.882949 63.635930
24.371945 18.983145 63.312735
25.125672 20.296075 63.310728
24.325796 19.882949 66.306631
24.325796 18.964604 66.576585
24.325796 19.851862 65.349936
24.325796 25.204484 60.088240
23.525920 24.791357 59.763038
24.279647 26.104288 59.765046
24.325796 25.204484 62.758941
23.532818 24.741913 63.029951
24.297994 25.188266 61.802282
22.045138 31.856402 6.872892
21.245262 32.269529 6.547690
21.998989 30.956598 6.549698
22.045138 31.856402 9.543593
21.252161 32.318972 9.814603
22.017336 31.872620 8.586934
22.045138 29.195635 3.325202
21.288188 28.706472 3.002746
22.802089 28.706472 3.002746
22.045138 29.195635 5.995903
21.252161 28.733064 6.266913
22.017336 29.179417 5.039244
24.325796 27.865251 6.872892
23.568846 28.354414 6.550436
25.082746 28.354414 6.550436
24.325796 27.865251 9.543593
24.297994 27.881469 8.586934
23.532818 28.327821 9.814603
24.325796 33.186786 3.325202
24.297994 33.170568 4.281861
23.532818 32.724215 3.054192
24.325796 33.186786 5.995903
23.525920 32.773659 6.321105
24.279647 34.086590 6.319097
22.045138 31.856402 13.968272
21.252161 32.318972 13.697261
22.017336 31.872620 14.924930
22.045138 31.856402 16.638973
21.245262 32.269529 16.964175
21.998989 30.956598 16.962167
22.045138 29.195635 10.420582
22.045138 30.113979 10.150627
22.045138 29.226721 11.377277
22.045138 29.195635 13.091283
22.091288 30.095439 13.414477
22.845015 28.782508 13.416485
24.325796 27.865251 13.968272
24.371945 26.965447 13.645077
25.125672 28.278378 13.643070
24.325796 27.865251 16.638973
24.297994 27.881469 15.682314
23.532818 28.327821 16.909983
24.325796 33.186786 10.420582
23.525920 32.773659 10.095380
24.279647 34.086590 10.097387
24.325796 33.186786 13.091283
23.532818 32.724215 13.362293
24.297994 33.170568 12.134624
22.045138 31.856402 21.063651
21.252161 32.318972 20.792641
22.017336 31.872620 22.020310
22.045138 31.856402 23.734352
21.245262 32.269529 24.059554
21.998989 30.956598 24.057547
22.045138 29.195635 17.515962
21.252161 28.733064 17.244951
22.017336 29.179417 18.472620
22.045138 29.195635 20.186662
22.091288 30.095439 20.509857
22.845015 28.782508 20.511865
24.325796 27.865251 21.063651
24.371945 26.965447 20.740457
25.125672 28.278378 20.738449
24.325796 27.865251 23.734352
24.297994 27.881469 22.777694
23.532818 28.327821 24.005363
24.325796 33.186786 17.515962
23.525920 32.773659 17.190759
24.279647 34.086590 17.192767
24.325796 33.186786 20.186662
23.532818 32.724215 20.457673
24.297994 33.170568 19.230004
22.045138 31.856402 28.159031
21.252161 32.318972 27.888021
22.017336 31.872620 29.115690
22.045138 31.856402 30.829732
21.245262 32.269529 31.154934
21.998989 30.956598 31.152926
22.045138 29.195635 24.611341
21.252161 28.733064 24.340331
22.017336 29.179417 25.568000
22.045138 29.195635 27.282042
22.091288 30.095439 27.605237
22.845015 28.782508 27.607244
24.325796 27.865251 28.159031
24.371945 26.965447 27.835837
25.125672 28.278378 27.833829
24.325796 27.865251 30.829732
24.297994 27.881469 29.873073
23.532818 28.327821 31.100742
24.325796 33.186786 24.611341
23.525920 32.773659 24.286139
24.279647 34.086590 24.288147
24.325796 33.186786 27.282042
23.532818 32.724215 27.553053
24.297994 33.170568 26.325384
22.045138 31.856402 35.254411
21.252161 32.318972 34.983400
22.017336 31.872620 36.211070
22.045138 31.856402 37.925112
21.245262 32.269529 38.250314
21.998989 30.956598 38.248306
22.045138 29.195635 31.706721
21.252161 28.733064 31.435711
22.017336 29.179417 32.663380
22.045138 29.195635 34.377422
22.091288 30.095439 34.700616
22.845015 28.782508 34.702624
24.325796 27.865251 35.254411
24.371945 26.965447 34.931217
25.125672 28.278378 34.929209
24.325796 27.865251 37.925112
24.297994 27.881469 36.968453
23.532818 28.327821 38.196122
24.325796 33.186786 31.706721
23.525920 32.773659 31.381519
24.279647 34.086590 31.383527
24.325796 33.186786 34.377422
23.532818 32.724215 34.648432
24.297994 33.170568 33.420763
22.045138 31.856402 42.349791
21.252161 32.318972 42.078780
22.017336 31.872620 43.306449
22.045138 31.856402 45.020492
21.245262 32.269529 45.345694
21.998989 30.956598 45.343686
22.045138 29.195635 38.802101
21.252161 28.733064 38.531090
22.017336 29.179417 39.758759
22.045138 29.195635 41.472802
22.091288 30.095439 41.795996
22.845015 28.782508 41.798004
24.325796 27.865251 42.349791
24.371945 26.965447 42.026596
25.125672 28.278378 42.024589
24.325796 27.865251 45.020492
24.297994 27.881469 44.063833
23.532818 28.327821 45.291502
24.325796 33.186786 38.802101
23.525920 32.773659 38.476899
24.279647 34.086590 38.478906
24.325796 33.186786 41.472802
23.532818 32.724215 41.743812
24.297994 33.170568 40.516143
22.045138 31.856402 49.445170
21.252161 32.318972 49.174160
22.017336 31.872620 50.401829
22.045138 31.856402 52.115871
21.245262 32.269529 52.441073
21.998989 30.956598 52.439066
22.045138 29.195635 45.897480
21.252161 28.733064 45.626470
22.017336 29.179417 46.854139
22.045138 29.195635 48.568181
22.091288 30.095439 48.891376
22.845015 28.782508 48.893383
24.325796 27.865251 49.445170
24.371945 26.965447 49.121976
25.125672 28.278378 49.119968
24.325796 27.865251 52.115871
24.297994 27.881469 51.159213
23.532818 28.327821 52.386882
24.325796 33.186786 45.897480
23.525920 32.773659 45.572278
24.279647 34.086590 45.574286
24.325796 33.186786 48.568181
23.532818 32.724215 48.839192
24.297994 33.170568 47.611523
22.045138 31.856402 56.540550
21.252161 32.318972 56.269540
22.017336 31.872620 57.497209
22.045138 31.856402 59.211251
21.245262 32.269529 59.536453
21.998989 30.956598 59.534445
22.045138 29.195635 52.992860
21.252161 28.733064 52.721850
22.017336 29.179417 53.949519
22.045138 29.195635 55.663561
22.091288 30.095439 55.986756
22.845015 28.782508 55.988763
24.325796 27.865251 56.540550
24.371945 26.965447 56.217356
25.125672 28.278378 56.215348
24.325796 27.865251 59.211251
24.297994 27.881469 58.254592
23.532818 28.327821 59.482261
24.325796 33.186786 52.992860
23.525920 32.773659 52.667658
24.279647 34.086590 52.669666
24.325796 33.186786 55.663561
23.532818 32.724215 55.934572
24.297994 33.170568 54.706902
22.045138 31.856402 63.635930
21.252161 32.318972 63.364919
22.017336 31.872620 64.592589
22.045138 31.856402 66.306631
21.245262 32.269529 66.631833
21.998989 30.956598 66.629825
22.045138 29.195635 60.088240
21.252161 28.733064 59.817230
22.017336 29.179417 61.044899
22.045138 29.195635 62.758941
22.091288 30.095439 63.082135
22.845015 28.782508 63.084143
24.325796 27.865251 63.635930
24.371945 26.965447 63.312735
25.125672 28.278378 63.310728
24.325796 27.865251 66.306631
24.325796 26.946907 66.576585
24.325796 27.834164 65.349936
24.325796 33.186786 60.088240
23.525920 32.773659 59.763038
24.279647 34.086590 59.765046
24.325796 33.186786 62.758941
23.532818 32.724215 63.029951
24.297994 33.170568 61.802282
22.045138 39.838704 6.872892
21.245262 40.251831 6.547690
21.998989 38.938900 6.549698
22.045138 39.838704 9.543593
21.252161 40.301275 9.814603
22.017336 39.854922 8.586934
22.045138 37.177937 3.325202
21.288188 36.688774 3.002746
22.802089 36.688774 3.002746
22.045138 37.177937 5.995903
21.252161 36.715367 6.266913
22.017336 37.161719 5.039244
24.325796 35.847553 6.872892
23.568846 36.336716 6.550436
25.082746 36.336716 6.550436
24.325796 35.847553 9.543593
24.297994 35.863771 8.586934
23.532818 36.310124 9.814603
24.325796 41.169088 3.325202
24.297994 41.152870 4.281861
23.532818 40.706518 3.054192
24.325796 41.169088 5.995903
23.525920 40.755961 6.321105
24.279647 42.068892 6.319097
22.045138 39.838704 13.968272
21.252161 40.301275 13.697261
22.017336 39.854922 14.924930
22.045138 39.838704 16.638973
21.245262 40.251831 16.964175
21.998989 38.938900 16.962167
22.045138 37.177937 10.420582
22.045138 38.096281 10.150627
22.045138 37.209024 11.377277
22.045138 37.177937 13.091283
22.091288 38.077741 13.414477
22.845015 36.764810 13.416485
24.325796 35.847553 13.968272
24.371945 34.947749 13.645077
25.125672 36.260680 13.643070
24.325796 35.847553 16.638973
24.297994 35.863771 15.682314
23.532818 36.310124 16.909983
24.325796 41.169088 10.420582
23.525920 40.755961 10.095380
24.279647 42.068892 10.097387
24.325796 41.169088 13.091283
23.532818 40.706518 13.362293
24.297994 41.152870 12.134624
22.045138 39.838704 21.063651
21.252161 40.301275 20.792641
22.017336 39.854922 22.020310
22.045138 39.838704 23.734352
21.245262 40.251831 24.059554
21.998989 38.938900 24.057547
22.045138 37.177937 17.515962
21.252161 36.715367 17.244951
22.017336 37.161719 18.472620
22.045138 37.177937 20.186662
22.091288 38.077741 20.509857
22.845015 36.764810 20.511865
24.325796 35.847553 21.063651
24.371945 34.947749 20.740457
25.125672 36.260680 20.738449
24.325796 35.847553 23.734352
24.297994 35.863771 22.777694
23.532818 36.310124 24.005363
24.325796 41.169088 17.515962
23.525920 40.755961 17.190759
24.279647 42.068892 17.192767
24.325796 41.169088 20.186662
23.532818 40.706518 20.457673
24.297994 41.152870 19.230004
22.045138 39.838704 28.159031
21.252161 40.301275 27.888021
22.017336 39.854922 29.115690
22.045138 39.838704 30.829732
21.245262 40.251831 31.154934
21.998989 38.938900 31.152926
22.045138 37.177937 24.611341
21.252161 36.715367 24.340331
22.017336 37.161719 25.568000
22.045138 37.177937 27.282042
22.091288 38.077741 27.605237
22.845015 36.764810 27.607244
24.325796 35.847553 28.159031
24.371945 34.947749 27.835837
25.125672 36.260680 27.833829
24.325796 35.847553 30.829732
24.297994 35.863771 29.873073
23.532818 36.310124 31.100742
24.325796 41.169088 24.611341
23.525920 40.755961 24.286139
24.279647 42.068892 24.288147
24.325796 41.169088 27.282042
23.532818 40.706518 27.553053
24.297994 41.152870 26.325384
22.045138 39.838704 35.254411
21.252161 40.301275 34.983400
22.017336 39.854922 36.211070
22.045138 39.838704 37.925112
21.245262 40.251831 38.250314
21.998989 38.938900 38.248306
22.045138 37.177937 31.706721
21.252161 36.715367 31.435711
22.017336 37.161719 32.663380
22.045138 37.177937 34.377422
22.091288 38.077741 34.700616
22.845015 36.764810 34.702624
24.325796 35.847553 35.254411
24.371945 34.947749 34.931217
25.125672 36.260680 34.929209
24.325796 35.847553 37.925112
24.297994 35.863771 36.968453
23.532818 36.310124 38.196122
24.325796 41.169088 31.706721
23.525920 40.755961 31.381519
24.279647 42.068892 31.383527
24.325796 41.169088 34.377422
23.532818 40.706518 34.648432
24.297994 41.152870 33.420763
22.045138 39.838704 42.349791
21.252161 40.301275 42.078780
22.017336 39.854922 43.306449
22.045138 39.838704 45.020492
21.245262 40.251831 45.345694
21.998989 38.938900 45.343686
22.045138 37.177937 38.802101
21.252161 36.715367 38.531090
22.017336 37.161719 39.758759
22.045138 37.177937 41.472802
22.091288 38.077741 41.795996
22.845015 36.764810 41.798004
24.325796 35.847553 42.349791
24.371945 34.947749 42.026596
25.125672 36.260680 42.024589
24.325796 35.847553 45.020492
24.297994 35.863771 44.063833
23.532818 36.310124 45.291502
24.325796 41.169088 38.802101
23.525920 40.755961 38.476899
24.279647 42.068892 38.478906
24.325796 41.169088 41.472802
23.532818 40.706518 41.743812
24.297994 41.152870 40.516143
22.045138 39.838704 49.445170
21.252161 40.301275 49.174160
22.017336 39.854922 50.401829
22.045138 39.838704 52.115871
21.245262 40.251831 52.441073
21.998989 38.938900 52.439066
22.045138 37.177937 45.897480
21.252161 36.715367 45.626470
22.017336 37.161719 46.854139
22.045138 37.177937 48.568181
22.091288 38.077741 48.891376
22.845015 36.764810 48.893383
24.325796 35.847553 49.445170
24.371945 34.947749 49.121976
25.125672 36.260680 49.119968
24.325796 35.847553 52.115871
24.297994 35.863771 51.159213
23.532818 36.310124 52.386882
24.325796 41.169088 45.897480
23.525920 40.755961 45.572278
24.279647 42.068892 45.574286
24.325796 41.169088 48.568181
23.532818 40.706518 48.839192
24.297994 41.152870 47.611523
22.045138 39.838704 56.540550
21.252161 40.301275 56.269540
22.017336 39.854922 57.497209
22.045138 39.838704 59.211251
21.245262 40.251831 59.536453
21.998989 38.938900 59.534445
22.045138 37.177937 52.992860
21.252161 36.715367 52.721850
22.017336 37.161719 53.949519
22.045138 37.177937 55.663561
22.091288 38.077741 55.986756
22.845015 36.764810 55.988763
24.325796 35.847553 56.540550
24.371945 34.947749 56.217356
25.125672 36.260680 56.215348
24.325796 35.847553 59.211251
24.297994 35.863771 58.254592
23.532818 36.310124 59.482261
24.325796 41.169088 52.992860
23.525920 40.755961 52.667658
24.279647 42.068892 52.669666
24.325796 41.169088 55.663561
23.532818 40.706518 55.934572
24.297994 41.152870 54.706902
22.045138 39.838704 63.635930
21.252161 40.301275 63.364919
22.017336 39.854922 64.592589
22.045138 39.838704 66.306631
21.245262 40.251831 66.631833
21.998989 38.938900 66.629825
22.045138 37.177937 60.088240
21.252161 36.715367 59.817230
22.017336 37.161719 61.044899
22.045138 37.177937 62.758941
22.091288 38.077741 63.082135
22.845015 36.764810 63.084143
24.325796 35.847553 63.635930
24.371945 34.947749 63.312735
25.125672 36.260680 63.310728
24.325796 35.847553 66.306631
24.325796 34.929209 66.576585
24.325796 35.816466 65.349936
24.325796 41.169088 60.088240
23.525920 40.755961 59.763038
24.279647 42.068892 59.765046
24.325796 41.169088 62.758941
23.532818 40.706518 63.029951
24.297994 41.152870 61.802282
22.045138 47.821007 6.872892
21.245262 48.234133 6.547690
21.998989 46.921202 6.549698
22.045138 47.821007 9.543593
21.252161 48.283577 9.814603
22.017336 47.837225 8.586934
22.045138 45.160239 3.325202
21.288188 44.671076 3.002746
22.802089 44.671076 3.002746
22.045138 45.160239 5.995903
21.252161 44.697669 6.266913
22.017336 45.144021 5.039244
24.325796 43.829855 6.872892
23.568846 44.319018 6.550436
25.082746 44.319018 6.550436
24.325796 43.829855 9.543593
24.297994 43.846073 8.586934
23.532818 44.292426 9.814603
24.325796 49.151390 3.325202
24.297994 49.135172 4.281861
23.532818 48.688820 3.054192
24.325796 49.151390 5.995903
23.525920 48.738264 6.321105
24.279647 50.051194 6.319097
22.045138 47.821007 13.968272
21.252161 48.283577 13.697261
22.017336 47.837225 14.924930
22.045138 47.821007 16.638973
21.245262 48.234133 16.964175
21.998989 46.921202 16.962167
22.045138 45.160239 10.420582
22.045138 46.078583 10.150627
22.045138 45.191326 11.377277
22.045138 45.160239 13.091283
22.091288 46.060043 13.414477
22.845015 44.747113 13.416485
24.325796 43.829855 13.968272
24.371945 42.930051 13.645077
25.125672 44.242982 13.643070
24.325796 43.829855 16.638973
24.297994 43.846073 15.682314
23.532818 44.292426 16.909983
24.325796 49.151390 10.420582
23.525920 48.738264 10.095380
24.279647 50.051194 10.097387
24.325796 49.151390 13.091283
23.532818 48.688820 13.362293
24.297994 49.135172 12.134624
22.045138 47.821007 21.063651
21.252161 48.283577 20.792641
22.017336 47.837225 22.020310
22.045138 47.821007 23.734352
21.245262 48.234133 24.059554
21.998989 46.921202 24.057547
22.045138 45.160239 17.515962
21.252161 44.697669 17.244951
22.017336 45.144021 18.472620
22.045138 45.160239 20.186662
22.091288 46.060043 20.509857
22.845015 44.747113 20.511865
24.325796 43.829855 21.063651
24.371945 42.930051 20.740457
25.125672 44.242982 20.738449
24.325796 43.829855 23.734352
24.297994 43.846073 22.777694
23.532818 44.292426 24.005363
24.325796 49.151390 17.515962
23.525920 48.738264 17.190759
24.279647 50.051194 17.192767
24.325796 49.151390 20.186662
23.532818 48.688820 20.457673
24.297994 49.135172 19.230004
22.045138 47.821007 28.159031
21.252161 48.283577 27.888021
22.017336 47.837225 29.115690
22.045138 47.821007 30.829732
21.245262 48.234133 31.154934
21.998989 46.921202 31.152926
22.045138 45.160239 24.611341
21.252161 44.697669 24.340331
22.017336 45.144021 25.568000
22.045138 45.160239 27.282042
22.091288 46.060043 27.605237
22.845015 44.747113 27.607244
24.325796 43.829855 28.159031
24.371945 42.930051 27.835837
25.125672 44.242982 27.833829
24.325796 43.829855 30.829732
24.297994 43.846073 29.873073
23.532818 44.292426 31.100742
24.325796 49.151390 24.611341
23.525920 48.738264 24.286139
24.279647 50.051194 24.288147
24.325796 49.151390 27.282042
23.532818 48.688820 27.553053
24.297994 49.135172 26.325384
22.045138 47.821007 35.254411
21.252161 48.283577 34.983400
22.017336 47.837225 36.211070
22.045138 47.821007 37.925112
21.245262 48.234133 38.250314
21.998989 46.921202 38.248306
22.045138 45.160239 31.706721
21.252161 44.697669 31.435711
22.017336 45.144021 32.663380
22.045138 45.160239 34.377422
22.091288 46.060043 34.700616
22.845015 44.747113 34.702624
24.325796 43.829855 35.254411
24.371945 42.930051 34.931217
25.125672 44.242982 34.929209
24.325796 43.829855 37.925112
24.297994 43.846073 36.968453
23.532818 44.292426 38.196122
24.325796 49.151390 31.706721
23.525920 48.738264 31.381519
24.279647 50.051194 31.383527
24.325796 49.151390 34.377422
23.532818 48.688820 34.648432
24.297994 49.135172 33.420763
22.045138 47.821007 42.349791
21.252161 48.283577 42.078780
22.017336 47.837225 43.306449
22.045138 47.821007 45.020492
21.245262 48.234133 45.345694
21.998989 46.921202 45.343686
22.045138 45.160239 38.802101
21.252161 44.697669 38.531090
22.017336 45.144021 39.758759
22.045138 45.160239 41.472802
22.091288 46.060043 41.795996
22.845015 44.747113 41.798004
24.325796 43.829855 42.349791
24.371945 42.930051 42.026596
25.125672 44.242982 42.024589
24.325796 43.829855 45.020492
24.297994 43.846073 44.063833
23.532818 44.292426 45.291502
24.325796 49.151390 38.802101
23.525920 48.738264 38.476899
24.279647 50.051194 38.478906
24.325796 49.151390 41.472802
23.532818 48.688820 41.743812
24.297994 49.135172 40.516143
22.045138 47.821007 49.445170
21.252161 48.283577 49.174160
22.017336 47.837225 50.401829
22.045138 47.821007 52.115871
21.245262 48.234133 52.441073
21.998989 46.921202 52.439066
22.045138 45.160239 45.897480
21.252161 44.697669 45.626470
22.017336 45.144021 46.854139
22.045138 45.160239 48.568181
22.091288 46.060043 48.891376
22.845015 44.747113 48.893383
24.325796 43.829855 49.445170
24.371945 42.930051 49.121976
25.125672 44.242982 49.119968
24.325796 43.829855 52.115871
24.297994 43.846073 51.159213
23.532818 44.292426 52.386882
24.325796 49.151390 45.897480
23.525920 48.738264 45.572278
24.279647 50.051194 45.574286
24.325796 49.151390 48.568181
23.532818 48.688820 48.839192
24.297994 49.135172 47.611523
22.045138 47.821007 56.540550
21.252161 48.283577 56.269540
22.017336 47.837225 57.497209
22.045138 47.821007 59.211251
21.245262 48.234133 59.536453
21.998989 46.921202 59.534445
22.045138 45.160239 52.992860
21.252161 44.697669 52.721850
22.017336 45.144021 53.949519
22.045138 45.160239 55.663561
22.091288 46.060043 55.986756
22.845015 44.747113 55.988763
24.325796 43.829855 56.540550
24.371945 42.930051 56.217356
25.125672 44.242982 56.215348
24.325796 43.829855 59.211251
24.297994 43.846073 58.254592
23.532818 44.292426 59.482261
24.325796 49.151390 52.992860
23.525920 48.738264 52.667658
24.279647 50.051194 52.669666
24.325796 49.151390 55.663561
23.532818 48.688820 55.934572
24.297994 49.135172 54.706902
22.045138 47.821007 63.635930
21.252161 48.283577 63.364919
22.017336 47.837225 64.592589
22.045138 47.821007 66.306631
21.245262 48.234133 66.631833
21.998989 46.921202 66.629825
22.045138 45.160239 60.088240
21.252161 44.697669 59.817230
22.017336 45.144021 61.044899
22.045138 45.160239 62.758941
22.091288 46.060043 63.082135
22.845015 44.747113 63.084143
24.325796 43.829855 63.635930
24.371945 42.930051 63.312735
25.125672 44.242982 63.310728
24.325796 43.829855 66.306631
24.325796 42.911511 66.576585
24.325796 43.798769 65.349936
24.325796 49.151390 60.088240
23.525920 48.738264 59.763038
24.279647 50.051194 59.765046
24.325796 49.151390 62.758941
23.532818 48.688820 63.029951
24.297994 49.135172 61.802282
22.045138 55.803309 6.872892
21.245262 56.216435 6.547690
21.998989 54.903505 6.549698
22.045138 55.803309 9.543593
21.252161 56.265879 9.814603
22.017336 55.819527 8.586934
22.045138 53.142541 3.325202
21.288188 52.653379 3.002746
22.802089 52.653379 3.002746
22.045138 53.142541 5.995903
21.252161 52.679971 6.266913
22.017336 53.126323 5.039244
24.325796 51.812158 6.872892
23.568846 52.301320 6.550436
25.082746 52.301320 6.550436
24.325796 51.812158 9.543593
24.297994 51.828376 8.586934
23.532818 52.274728 9.814603
24.325796 57.133692 3.325202
24.297994 57.117474 4.281861
23.532818 56.671122 3.054192
24.325796 57.133692 5.995903
23.525920 56.720566 6.321105
24.279647 58.033497 6.319097
22.045138 55.803309 13.968272
21.252161 56.265879 13.697261
22.017336 55.819527 14.924930
22.045138 55.803309 16.638973
21.245262 56.216435 16.964175
21.998989 54.903505 16.962167
22.045138 53.142541 10.420582
22.045138 54.060886 10.150627
22.045138 53.173628 11.377277
22.045138 53.142541 13.091283
22.091288 54.042345 13.414477
22.845015 52.729415 13.416485
24.325796 51.812158 13.968272
24.371945 50.912353 13.645077
25.125672 52.225284 13.643070
24.325796 51.812158 16.638973
24.297994 51.828376 15.682314
23.532818 52.274728 16.909983
24.325796 57.133692 10.420582
23.525920 56.720566 10.095380
24.279647 58.033497 10.097387
24.325796 57.133692 13.091283
23.532818 56.671122 13.362293
24.297994 57.117474 12.134624
22.045138 55.803309 21.063651
21.252161 56.265879 20.792641
22.017336 55.819527 22.020310
22.045138 55.803309 23.734352
21.245262 56.216435 24.059554
21.998989 54.903505 24.057547
22.045138 53.142541 17.515962
21.252161 52.679971 17.244951
22.017336 53.126323 18.472620
22.045138 53.142541 20.186662
22.091288 54.042345 20.509857
22.845015 52.729415 20.511865
24.325796 51.812158 21.063651
24.371945 50.912353 20.740457
25.125672 52.225284 20.738449
24.325796 51.812158 23.734352
24.297994 51.828376 22.777694
23.532818 52.274728 24.005363
24.325796 57.133692 17.515962
23.525920 56.720566 17.190759
24.279647 58.033497 17.192767
24.325796 57.133692 20.186662
23.532818 56.671122 20.457673
24.297994 57.117474 19.230004
22.045138 55.803309 28.159031
21.252161 56.265879 27.888021
22.017336 55.819527 29.115690
22.045138 55.803309 30.829732
21.245262 56.216435 31.154934
21.998989 54.903505 31.152926
22.045138 53.142541 24.611341
21.252161 52.679971 24.340331
22.017336 53.126323 25.568000
22.045138 53.142541 27.282042
22.091288 54.042345 27.605237
22.845015 52.729415 27.607244
24.325796 51.812158 28.159031
24.371945 50.912353 27.835837
25.125672 52.225284 27.833829
24.325796 51.812158 30.829732
24.297994 51.828376 29.873073
23.532818 52.274728 31.100742
24.325796 57.133692 24.611341
23.525920 56.720566 24.286139
24.279647 58.033497 24.288147
24.325796 57.133692 27.282042
23.532818 56.671122 27.553053
24.297994 57.117474 26.325384
22.045138 55.803309 35.254411
21.252161 56.265879 34.983400
22.017336 55.819527 36.211070
22.045138 55.803309 37.925112
21.245262 56.216435 38.250314
21.998989 54.903505 38.248306
22.045138 53.142541 31.706721
21.252161 52.679971 31.435711
22.017336 53.126323 32.663380
22.045138 53.142541 34.377422
22.091288 54.042345 34.700616
22.845015 52.729415 34.702624
24.325796 51.812158 35.254411
24.371945 50.912353 34.931217
25.125672 52.225284 34.929209
24.325796 51.812158 37.925112
24.297994 51.828376 36.968453
23.532818 52.274728 38.196122
24.325796 57.133692 31.706721
23.525920 56.720566 31.381519
24.279647 58.033497 31.383527
24.325796 57.133692 34.377422
23.532818 56.671122 34.648432
24.297994 57.117474 33.420763
22.045138 55.803309 42.349791
21.252161 56.265879 42.078780
22.017336 55.819527 43.306449
22.045138 55.803309 45.020492
21.245262 56.216435 45.345694
21.998989 54.903505 45.343686
22.045138 53.142541 38.802101
21.252161 52.679971 38.531090
22.017336 53.126323 39.758759
22.045138 53.142541 41.472802
22.091288 54.042345 41.795996
22.845015 52.729415 41.798004
24.325796 51.812158 42.349791
24.371945 50.912353 42.026596
25.125672 52.225284 42.024589
24.325796 51.812158 45.020492
24.297994 51.828376 44.063833
23.532818 52.274728 45.291502
24.325796 57.133692 38.802101
23.525920 56.720566 38.476899
24.279647 58.033497 38.478906
24.325796 57.133692 41.472802
23.532818 56.671122 41.743812
24.297994 57.117474 40.516143
22.045138 55.803309 49.445170
21.252161 56.265879 49.174160
22.017336 55.819527 50.401829
22.045138 55.803309 52.115871
21.245262 56.216435 52.441073
21.998989 54.903505 52.439066
22.045138 53.142541 45.897480
21.252161 52.679971 45.626470
22.017336 53.126323 46.854139
22.045138 53.142541 48.568181
22.091288 54.042345 48.891376
22.845015 52.729415 48.893383
24.325796 51.812158 49.445170
24.371945 50.912353 49.121976
25.125672 52.225284 49.119968
24.325796 51.812158 52.115871
24.297994 51.828376 51.159213
23.532818 52.274728 52.386882
24.325796 57.133692 45.897480
23.525920 56.720566 45.572278
24.279647 58.033497 45.574286
24.325796 57.133692 48.568181
23.532818 56.671122 48.839192
24.297994 57.117474 47.611523
22.045138 55.803309 56.540550
21.252161 56.265879 56.269540
22.017336 55.819527 57.497209
22.045138 55.803309 59.211251
21.245262 56.216435 59.536453
21.998989 54.903505 59.534445
22.045138 53.142541 52.992860
21.252161 52.679971 52.721850
22.017336 53.126323 53.949519
22.045138 53.142541 55.663561
22.091288 54.042345 55.986756
22.845015 52.729415 55.988763
24.325796 51.812158 56.540550
24.371945 50.912353 56.217356
25.125672 52.225284 56.215348
24.325796 51.812158 59.211251
24.297994 51.828376 58.254592
23.532818 52.274728 59.482261
24.325796 57.133692 52.992860
23.525920 56.720566 52.667658
24.279647 58.033497 52.669666
24.325796 57.133692 55.663561
23.532818 56.671122 55.934572
24.297994 57.117474 54.706902
22.045138 55.803309 63.635930
21.288188 56.292471 63.313474
22.802089 56.292471 63.313474
22.045138 55.803309 66.306631
22.045138 54.884964 66.576585
22.045138 55.772222 65.349936
22.045138 53.142541 60.088240
21.252161 52.679971 59.817230
22.017336 53.126323 61.044899
22.045138 53.142541 62.758941
22.091288 54.042345 63.082135
22.845015 52.729415 63.084143
24.325796 51.812158 63.635930
24.371945 50.912353 63.312735
25.125672 52.225284 63.310728
24.325796 51.812158 66.306631
24.325796 50.893813 66.576585
24.325796 51.781071 65.349936
24.325796 57.133692 60.088240
23.525920 56.720566 59.763038
24.279647 58.033497 59.765046
24.325796 57.133692 62.758941
24.353599 57.117474 61.802282
25.118774 56.671122 63.029951
22.045138 63.785611 6.872892
21.245262 64.198737 6.547690
21.998989 62.885807 6.549698
22.045138 63.785611 9.543593
22.072941 63.801829 8.586934
22.838116 64.248181 9.814603
22.045138 61.124844 3.325202
21.288188 60.635681 3.002746
22.802089 60.635681 3.002746
22.045138 61.124844 5.995903
21.252161 60.662273 6.266913
22.017336 61.108625 5.039244
24.325796 59.794460 6.872892
23.568846 60.283623 6.550436
25.082746 60.283623 6.550436
24.325796 59.794460 9.543593
24.297994 59.810678 8.586934
23.532818 60.257030 9.814603
24.325796 65.115995 3.325202
24.297994 65.099777 4.281861
23.532818 64.653424 3.054192
24.325796 65.115995 5.995903
23.568846 64.626832 6.318359
25.082746 64.626832 6.318359
22.045138 63.785611 13.968272
21.245262 64.198737 13.643070
21.998989 62.885807 13.645077
22.045138 63.785611 16.638973
21.252161 64.248181 16.909983
22.017336 63.801829 15.682314
22.045138 61.124844 10.420582
22.045138 62.043188 10.150627
22.045138 61.155930 11.377277
22.045138 61.124844 13.091283
21.288188 60.635681 13.413739
22.802089 60.635681 13.413739
24.325796 59.794460 13.968272
24.371945 58.894656 13.645077
25.125672 60.207586 13.643070
24.325796 59.794460 16.638973
24.353599 59.810678 15.682314
25.118774 60.257030 16.909983
24.325796 65.115995 10.420582
24.325796 66.034339 10.150627
24.325796 65.147081 11.377277
24.325796 65.115995 13.091283
23.568846 64.626832 13.413739
25.082746 64.626832 13.413739
22.045138 63.785611 21.063651
21.245262 64.198737 20.738449
21.998989 62.885807 20.740457
22.045138 63.785611 23.734352
22.072941 63.801829 22.777694
22.838116 64.248181 24.005363
22.045138 61.124844 17.515962
22.091288 62.024648 17.192767
22.845015 60.711717 17.190759
22.045138 61.124844 20.186662
21.252161 60.662273 20.457673
22.017336 61.108625 19.230004
24.325796 59.794460 21.063651
24.279647 58.894656 20.740457
23.525920 60.207586 20.738449
24.325796 59.794460 23.734352
24.297994 59.810678 22.777694
23.532818 60.257030 24.005363
24.325796 65.115995 17.515962
23.532818 64.653424 17.244951
24.297994 65.099777 18.472620
24.325796 65.115995 20.186662
23.568846 64.626832 20.509119
25.082746 64.626832 20.509119
22.045138 63.785611 28.159031
21.245262 64.198737 27.833829
21.998989 62.885807 27.835837
22.045138 63.785611 30.829732
21.252161 64.248181 31.100742
22.017336 63.801829 29.873073
22.045138 61.124844 24.611341
22.045138 62.043188 24.341387
22.045138 61.155930 25.568036
22.045138 61.124844 27.282042
21.288188 60.635681 27.604498
22.802089 60.635681 27.604498
24.325796 59.794460 28.159031
24.371945 58.894656 27.835837
25.125672 60.207586 27.833829
24.325796 59.794460 30.829732
24.353599 59.810678 29.873073
25.118774 60.257030 31.100742
24.325796 65.115995 24.611341
24.325796 66.034339 24.341387
24.325796 65.147081 25.568036
24.325796 65.115995 27.282042
23.568846 64.626832 27.604498
25.082746 64.626832 27.604498
22.045138 63.785611 35.254411
21.245262 64.198737 34.929209
21.998989 62.885807 34.931217
22.045138 63.785611 37.925112
22.072941 63.801829 36.968453
22.838116 64.248181 38.196122
22.045138 61.124844 31.706721
22.091288 62.024648 31.383527
22.845015 60.711717 31.381519
22.045138 61.124844 34.377422
21.252161 60.662273 34.648432
22.017336 61.108625 33.420763
24.325796 59.794460 35.254411
24.279647 58.894656 34.931217
23.525920 60.207586 34.929209
24.325796 59.794460 37.925112
24.297994 59.810678 36.968453
23.532818 60.257030 38.196122
24.325796 65.115995 31.706721
23.532818 64.653424 31.435711
24.297994 65.099777 32.663380
24.325796 65.115995 34.377422
23.568846 64.626832 34.699878
25.082746 64.626832 34.699878
22.045138 63.785611 42.349791
21.245262 64.198737 42.024589
21.998989 62.885807 42.026596
22.045138 63.785611 45.020492
21.252161 64.248181 45.291502
22.017336 63.801829 44.063833
22.045138 61.124844 38.802101
22.045138 62.043188 38.532146
22.045138 61.155930 39.758796
22.045138 61.124844 41.472802
21.288188 60.635681 41.795258
22.802089 60.635681 41.795258
24.325796 59.794460 42.349791
24.371945 58.894656 42.026596
25.125672 60.207586 42.024589
24.325796 59.794460 45.020492
24.353599 59.810678 44.063833
25.118774 60.257030 45.291502
24.325796 65.115995 38.802101
24.325796 66.034339 38.532146
24.325796 65.147081 39.758796
24.325796 65.115995 41.472802
23.568846 64.626832 41.795258
25.082746 64.626832 41.795258
22.045138 63.785611 49.445170
21.245262 64.198737 49.119968
21.998989 62.885807 49.121976
22.045138 63.785611 52.115871
22.072941 63.801829 51.159213
22.838116 64.248181 52.386882
22.045138 61.124844 45.897480
22.091288 62.024648 45.574286
22.845015 60.711717 45.572278
22.045138 61.124844 48.568181
21.252161 60.662273 48.839192
22.017336 61.108625 47.611523
24.325796 59.794460 49.445170
24.279647 58.894656 49.121976
23.525920 60.207586 49.119968
24.325796 59.794460 52.115871
24.297994 59.810678 51.159213
23.532818 60.257030 52.386882
24.325796 65.115995 45.897480
23.532818 64.653424 45.626470
24.297994 65.099777 46.854139
24.325796 65.115995 48.568181
23.568846 64.626832 48.890637
25.082746 64.626832 48.890637
22.045138 63.785611 56.540550
21.245262 64.198737 56.215348
21.998989 62.885807 56.217356
22.045138 63.785611 59.211251
21.252161 64.248181 59.482261
22.017336 63.801829 58.254592
22.045138 61.124844 52.992860
22.045138 62.043188 52.722906
22.045138 61.155930 53.949555
22.045138 61.124844 55.663561
21.288188 60.635681 55.986017
22.802089 60.635681 55.986017
24.325796 59.794460 56.540550
24.371945 58.894656 56.217356
25.125672 60.207586 56.215348
24.325796 59.794460 59.211251
24.353599 59.810678 58.254592
25.118774 60.257030 59.482261
24.325796 65.115995 52.992860
24.325796 66.034339 52.722906
24.325796 65.147081 53.949555
24.325796 65.115995 55.663561
23.568846 64.626832 55.986017
25.082746 64.626832 55.986017
22.045138 63.785611 63.635930
22.072941 63.801829 64.592589
22.838116 64.248181 63.364919
22.045138 63.785611 66.306631
21.245262 64.198737 66.631833
21.998989 62.885807 66.629825
22.045138 61.124844 60.088240
22.091288 62.024648 59.765046
22.845015 60.711717 59.763038
22.045138 61.124844 62.758941
22.045138 62.043188 63.028895
22.045138 61.155930 61.802246
24.325796 59.794460 63.635930
24.279647 58.894656 63.312735
23.525920 60.207586 63.310728
24.325796 59.794460 66.306631
24.325796 58.876115 66.576585
24.325796 59.763373 65.349936
24.325796 65.115995 60.088240
23.532818 64.653424 59.817230
24.297994 65.099777 61.044899
24.325796 65.115995 62.758941
24.371945 66.015799 63.082135
25.125672 64.702868 63.084143
26.606454 7.909495 6.872892
25.813476 8.372066 6.601882
26.578652 7.925714 7.829551
26.606454 7.909495 9.543593
25.806578 8.322622 9.868795
26.560305 7.009691 9.866787
26.606454 5.248728 3.325202
25.813476 4.786158 3.054192
26.578652 5.232510 4.281861
26.606454 5.248728 5.995903
25.806578 4.835602 6.321105
26.560305 6.148532 6.319097
28.887112 3.918344 6.872892
28.094134 4.380915 6.601882
28.859309 3.934562 7.829551
28.887112 3.918344 9.543593
28.087235 4.331471 9.868795
28.840962 3.018540 9.866787
28.887112 9.239879 3.325202
28.859309 9.223661 4.281861
28.094134 8.777309 3.054192
28.887112 9.239879 5.995903
28.087235 8.826753 6.321105
28.840962 10.139683 6.319097
26.606454 7.909495 13.968272
25.813476 8.372066 13.697261
26.578652 7.925714 14.924930
26.606454 7.909495 16.638973
25.806578 8.322622 16.964175
26.560305 7.009691 16.962167
26.606454 5.248728 10.420582
25.813476 4.786158 10.149571
26.578652 5.232510 11.377240
26.606454 5.248728 13.091283
25.806578 4.835602 13.416485
26.560305 6.148532 13.414477
28.887112 3.918344 13.968272
28.094134 4.380915 13.697261
28.859309 3.934562 14.924930
28.887112 3.918344 16.638973
28.130161 4.407507 16.961429
29.644062 4.407507 16.961429
28.887112 9.239879 10.420582
28.087235 8.826753 10.095380
28.840962 10.139683 10.097387
28.887112 9.239879 13.091283
28.094134 8.777309 13.362293
28.859309 9.223661 12.134624
26.606454 7.909495 21.063651
25.813476 8.372066 20.792641
26.578652 7.925714 22.020310
26.606454 7.909495 23.734352
25.806578 8.322622 24.059554
26.560305 7.009691 24.057547
26.606454 5.248728 17.515962
25.813476 4.786158 17.244951
26.578652 5.232510 18.472620
26.606454 5.248728 20.186662
25.806578 4.835602 20.511865
26.560305 6.148532 20.509857
28.887112 3.918344 21.063651
28.094134 4.380915 20.792641
28.859309 3.934562 22.020310
28.887112 3.918344 23.734352
28.087235 4.331471 24.059554
28.840962 3.018540 24.057547
28.887112 9.239879 17.515962
28.087235 8.826753 17.190759
28.840962 10.139683 17.192767
28.887112 9.239879 20.186662
28.094134 8.777309 20.457673
28.859309 9.223661 19.230004
26.606454 7.909495 28.159031
25.813476 8.372066 27.888021
26.578652 7.925714 29.115690
26.606454 7.909495 30.829732
25.806578 8.322622 31.154934
26.560305 7.009691 31.152926
26.606454 5.248728 24.611341
25.813476 4.786158 24.340331
26.578652 5.232510 25.568000
26.606454 5.248728 27.282042
25.806578 4.835602 27.607244
26.560305 6.148532 27.605237
28.887112 3.918344 28.159031
28.094134 4.380915 27.888021
28.859309 3.934562 29.115690
28.887112 3.918344 30.829732
28.130161 4.407507 31.152188
29.644062 4.407507 31.152188
28.887112 9.239879 24.611341
28.087235 8.826753 24.286139
28.840962 10.139683 24.288147
28.887112 9.239879 27.282042
28.094134 8.777309 27.553053
28.859309 9.223661 26.325384
26.606454 7.909495 35.254411
25.813476 8.372066 34.983400
26.578652 7.925714 36.211070
26.606454 7.909495 37.925112
25.806578 8.322622 38.250314
26.560305 7.009691 38.248306
26.606454 5.248728 31.706721
25.813476 4.786158 31.435711
26.578652 5.232510 32.663380
26.606454 5.248728 34.377422
25.806578 4.835602 34.702624
26.560305 6.148532 34.700616
28.887112 3.918344 35.254411
28.094134 4.380915 34.983400
28.859309 3.934562 36.211070
28.887112 3.918344 37.925112
28.087235 4.331471 38.250314
28.840962 3.018540 38.248306
28.887112 9.239879 31.706721
28.087235 8.826753 31.381519
28.840962 10.139683 31.383527
28.887112 9.239879 34.377422
28.094134 8.777309 34.648432
28.859309 9.223661 33.420763
26.606454 7.909495 42.349791
25.813476 8.372066 42.078780
26.578652 7.925714 43.306449
26.606454 7.909495 45.020492
25.806578 8.322622 45.345694
26.560305 7.009691 45.343686
26.606454 5.248728 38.802101
25.813476 4.786158 38.531090
26.578652 5.232510 39.758759
26.606454 5.248728 41.472802
25.806578 4.835602 41.798004
26.560305 6.148532 41.795996
28.887112 3.918344 42.349791
28.094134 4.380915 42.078780
28.859309 3.934562 43.306449
28.887112 3.918344 45.020492
28.130161 4.407507 45.342948
29.644062 4.407507 45.342948
28.887112 9.239879 38.802101
28.087235 8.826753 38.476899
28.840962 10.139683 38.478906
28.887112 9.239879 41.472802
28.094134 8.777309 41.743812
28.859309 9.223661 40.516143
26.606454 7.909495 49.445170
25.813476 8.372066 49.174160
26.578652 7.925714 50.401829
26.606454 7.909495 52.115871
25.806578 8.322622 52.441073
26.560305 7.009691 52.439066
26.606454 5.248728 45.897480
25.813476 4.786158 45.626470
26.578652 5.232510 46.854139
26.606454 5.248728 48.568181
25.806578 4.835602 48.893383
26.560305 6.148532 48.891376
28.887112 3.918344 49.445170
28.094134 4.380915 49.174160
28.859309 3.934562 50.401829
28.887112 3.918344 52.115871
28.087235 4.331471 52.441073
28.840962 3.018540 52.439066
28.887112 9.239879 45.897480
28.087235 8.826753 45.572278
28.840962 10.139683 45.574286
28.887112 9.239879 48.568181
28.094134 8.777309 48.839192
28.859309 9.223661 47.611523
26.606454 7.909495 56.540550
25.813476 8.372066 56.269540
26.578652 7.925714 57.497209
26.606454 7.909495 59.211251
25.806578 8.322622 59.536453
26.560305 7.009691 59.534445
26.606454 5.248728 52.992860
25.813476 4.786158 52.721850
26.578652 5.232510 53.949519
26.606454 5.248728 55.663561
25.806578 4.835602 55.988763
26.560305 6.148532 55.986756
28.887112 3.918344 56.540550
28.094134 4.380915 56.269540
28.859309 3.934562 57.497209
28.887112 3.918344 59.211251
28.130161 4.407507 59.533707
29.644062 4.407507 59.533707
28.887112 9.239879 52.992860
28.087235 8.826753 52.667658
28.840962 10.139683 52.669666
28.887112 9.239879 55.663561
28.094134 8.777309 55.934572
28.859309 9.223661 54.706902
26.606454 7.909495 63.635930
25.813476 8.372066 63.364919
26.578652 7.925714 64.592589
26.606454 7.909495 66.306631
26.560305 7.009691 66.629825
25.806578 8.322622 66.631833
26.606454 5.248728 60.088240
25.813476 4.786158 59.817230
26.578652 5.232510 61.044899
26.606454 5.248728 62.758941
25.806578 4.835602 63.084143
26.560305 6.148532 63.082135
28.887112 3.918344 63.635930
28.087235 4.331471 63.310728
28.840962 3.018540 63.312735
28.887112 3.918344 66.306631
28.094134 4.380915 66.577641
28.859309 3.934562 65.349972
28.887112 9.239879 60.088240
28.087235 8.826753 59.763038
28.840962 10.139683 59.765046
28.887112 9.239879 62.758941
28.094134 8.777309 63.029951
28.859309 9.223661 61.802282
26.606454 15.891798 6.872892
25.806578 16.304924 6.547690
26.560305 14.991994 6.549698
26.606454 15.891798 9.543593
25.813476 16.354368 9.814603
26.578652 15.908016 8.586934
26.606454 13.231030 3.325202
25.849504 12.741868 3.002746
27.363404 12.741868 3.002746
26.606454 13.231030 5.995903
25.813476 12.768460 6.266913
26.578652 13.214812 5.039244
28.887112 11.900647 6.872892
28.130161 12.389809 6.550436
29.644062 12.389809 6.550436
28.887112 11.900647 9.543593
28.859309 11.916865 8.586934
28.094134 12.363217 9.814603
28.887112 17.222181 3.325202
28.087235 16.809055 3.000000
28.840962 18.121986 3.002008
28.887112 17.222181 5.995903
28.094134 16.759611 6.266913
28.859309 17.205963 5.039244
26.606454 15.891798 13.968272
25.813476 16.354368 13.697261
26.578652 15.908016 14.924930
26.606454 15.891798 16.638973
25.806578 16.304924 16.964175
26.560305 14.991994 16.962167
26.606454 13.231030 10.420582
26.606454 14.149375 10.150627
26.606454 13.262117 11.377277
26.606454 13.231030 13.091283
26.652603 14.130834 13.414477
27.406330 12.817904 13.416485
28.887112 11.900647 13.968272
28.933261 11.000842 13.645077
29.686988 12.313773 13.643070
28.887112 11.900647 16.638973
28.859309 11.916865 15.682314
28.094134 12.363217 16.909983
28.887112 17.222181 10.420582
28.094134 16.759611 10.149571
28.859309 17.205963 11.377240
28.887112 17.222181 13.091283
28.087235 16.809055 13.416485
28.840962 18.121986 13.414477
26.606454 15.891798 21.063651
25.813476 16.354368 20.792641
26.578652 15.908016 22.020310
26.606454 15.891798 23.734352
25.806578 16.304924 24.059554
26.560305 14.991994 24.057547
26.606454 13.231030 17.515962
25.813476 12.768460 17.244951
26.578652 13.214812 18.472620
26.606454 13.231030 20.186662
26.652603 14.130834 20.509857
27.406330 12.817904 20.511865
28.887112 11.900647 21.063651
28.933261 11.000842 20.740457
29.686988 12.313773 20.738449
28.887112 11.900647 23.734352
28.859309 11.916865 22.777694
28.094134 12.363217 24.005363
28.887112 17.222181 17.515962
28.087235 16.809055 17.190759
28.840962 18.121986 17.192767
28.887112 17.222181 20.186662
28.094134 16.759611 20.457673
28.859309 17.205963 19.230004
26.606454 15.891798 28.159031
25.813476 16.354368 27.888021
26.578652 15.908016 29.115690
26.606454 15.891798 30.829732
25.806578 16.304924 31.154934
26.560305 14.991994 31.152926
26.606454 13.231030 24.611341
25.813476 12.768460 24.340331
26.578652 13.214812 25.568000
26.606454 13.231030 27.282042
26.652603 14.130834 27.605237
27.406330 12.817904 27.607244
28.887112 11.900647 28.159031
28.933261 11.000842 27.835837
29.686988 12.313773 27.833829
28.887112 11.900647 30.829732
28.859309 11.916865 29.873073
28.094134 12.363217 31.100742
28.887112 17.222181 24.611341
28.087235 16.809055 24.286139
28.840962 18.121986 24.288147
28.887112 17.222181 27.282042
28.094134 16.759611 27.553053
28.859309 17.205963 26.325384
26.606454 15.891798 35.254411
25.813476 16.354368 34.983400
26.578652 15.908016 36.211070
26.606454 15.891798 37.925112
25.806578 16.304924 38.250314
26.560305 14.991994 38.248306
26.606454 13.231030 31.706721
25.813476 12.768460 31.435711
26.578652 13.214812 32.663380
26.606454 13.231030 34.377422
26.652603 14.130834 34.700616
27.406330 12.817904 34.702624
28.887112 11.900647 35.254411
28.933261 11.000842 34.931217
29.686988 12.313773 34.929209
28.887112 11.900647 37.925112
28.859309 11.916865 36.968453
28.094134 12.363217 38.196122
28.887112 17.222181 31.706721
28.087235 16.809055 31.381519
28.840962 18.121986 31.383527
28.887112 17.222181 34.377422
28.094134 16.759611 34.648432
28.859309 17.205963 33.420763
26.606454 15.891798 42.349791
25.813476 16.354368 42.078780
26.578652 15.908016 43.306449
26.606454 15.891798 45.020492
25.806578 16.304924 45.345694
26.560305 14.991994 45.343686
26.606454 13.231030 38.802101
25.813476 12.768460 38.531090
26.578652 13.214812 39.758759
26.606454 13.231030 41.472802
26.652603 14.130834 41.795996
27.406330 12.817904 41.798004
28.887112 11.900647 42.349791
28.933261 11.000842 42.026596
29.686988 12.313773 42.024589
28.887112 11.900647 45.020492
28.859309 11.916865 44.063833
28.094134 12.363217 45.291502
28.887112 17.222181 38.802101
28.087235 16.809055 38.476899
28.840962 18.121986 38.478906
28.887112 17.222181 41.472802
28.094134 16.759611 41.743812
28.859309 17.205963 40.516143
26.606454 15.891798 49.445170
25.813476 16.354368 49.174160
26.578652 15.908016 50.401829
26.606454 15.891798 52.115871
25.806578 16.304924 52.441073
26.560305 14.991994 52.439066
26.606454 13.231030 45.897480
25.813476 12.768460 45.626470
26.578652 13.214812 46.854139
26.606454 13.231030 48.568181
26.652603 14.130834 48.891376
27.406330 12.817904 48.893383
28.887112 11.900647 49.445170
28.933261 11.000842 49.121976
29.686988 12.313773 49.119968
28.887112 11.900647 52.115871
28.859309 11.916865 51.159213
28.094134 12.363217 52.386882
28.887112 17.222181 45.897480
28.087235 16.809055 45.572278
28.840962 18.121986 45.574286
28.887112 17.222181 48.568181
28.094134 16.759611 48.839192
28.859309 17.205963 47.611523
26.606454 15.891798 56.540550
25.813476 16.354368 56.269540
26.578652 15.908016 57.497209
26.606454 15.891798 59.211251
25.806578 16.304924 59.536453
26.560305 14.991994 59.534445
26.606454 13.231030 52.992860
25.813476 12.768460 52.721850
26.578652 13.214812 53.949519
26.606454 13.231030 55.663561
26.652603 14.130834 55.986756
27.406330 12.817904 55.988763
28.887112 11.900647 56.540550
28.933261 11.000842 56.217356
29.686988 12.313773 56.215348
28.887112 11.900647 59.211251
28.859309 11.916865 58.254592
28.094134 12.363217 59.482261
28.887112 17.222181 52.992860
28.087235 16.809055 52.667658
28.840962 18.121986 52.669666
28.887112 17.222181 55.663561
28.094134 16.759611 55.934572
28.859309 17.205963 54.706902
26.606454 15.891798 63.635930
25.813476 16.354368 63.364919
26.578652 15.908016 64.592589
26.606454 15.891798 66.306631
25.806578 16.304924 66.631833
26.560305 14.991994 66.629825
26.606454 13.231030 60.088240
25.813476 12.768460 59.817230
26.578652 13.214812 61.044899
26.606454 13.231030 62.758941
26.652603 14.130834 63.082135
27.406330 12.817904 63.084143
28.887112 11.900647 63.635930
28.933261 11.000842 63.312735
29.686988 12.313773 63.310728
28.887112 11.900647 66.306631
28.887112 10.982302 66.576585
28.887112 11.869560 65.349936
28.887112 17.222181 60.088240
28.087235 16.809055 59.763038
28.840962 18.121986 59.765046
28.887112 17.222181 62.758941
28.094134 16.759611 63.029951
28.859309 17.205963 61.802282
26.606454 23.874100 6.872892
25.813476 24.336670 6.601882
26.578652 23.890318 7.829551
26.606454 23.874100 9.543593
25.806578 24.287226 9.868795
26.560305 22.974296 9.866787
26.606454 21.213332 3.325202
25.813476 20.750762 3.054192
26.578652 21.197114 4.281861
26.606454 21.213332 5.995903
26.652603 22.113137 6.319097
27.406330 20.800206 6.321105
28.887112 19.882949 6.872892
28.887112 18.964604 6.602937
28.887112 19.851862 7.829587
28.887112 19.882949 9.543593
28.933261 18.983145 9.866787
29.686988 20.296075 9.868795
28.887112 25.204484 3.325202
28.087235 24.791357 3.000000
28.840962 26.104288 3.002008
28.887112 25.204484 5.995903
28.094134 24.741913 6.266913
28.859309 25.188266 5.039244
26.606454 23.874100 13.968272
25.813476 24.336670 13.697261
26.578652 23.890318 14.924930
26.606454 23.874100 16.638973
25.806578 24.287226 16.964175
26.560305 22.974296 16.962167
26.606454 21.213332 10.420582
25.849504 20.724170 10.098126
27.363404 20.724170 10.098126
26.606454 21.213332 13.091283
26.606454 22.131677 13.361237
26.606454 21.244419 12.134588
28.887112 19.882949 13.968272
28.130161 20.372111 13.645816
29.644062 20.372111 13.645816
28.887112 19.882949 16.638973
28.859309 19.899167 15.682314
28.094134 20.345519 16.909983
28.887112 25.204484 10.420582
28.094134 24.741913 10.149571
28.859309 25.188266 11.377240
28.887112 25.204484 13.091283
28.087235 24.791357 13.416485
28.840962 26.104288 13.414477
26.606454 23.874100 21.063651
25.813476 24.336670 20.792641
26.578652 23.890318 22.020310
26.606454 23.874100 23.734352
25.806578 24.287226 24.059554
26.560305 22.974296 24.057547
26.606454 21.213332 17.515962
25.813476 20.750762 17.244951
26.578652 21.197114 18.472620
26.606454 21.213332 20.186662
26.652603 22.113137 20.509857
27.406330 20.800206 20.511865
28.887112 19.882949 21.063651
28.933261 18.983145 20.740457
29.686988 20.296075 20.738449
28.887112 19.882949 23.734352
28.859309 19.899167 22.777694
28.094134 20.345519 24.005363
28.887112 25.204484 17.515962
28.087235 24.791357 17.190759
28.840962 26.104288 17.192767
28.887112 25.204484 20.186662
28.094134 24.741913 20.457673
28.859309 25.188266 19.230004
26.606454 23.874100 28.159031
25.813476 24.336670 27.888021
26.578652 23.890318 29.115690
26.606454 23.874100 30.829732
25.806578 24.287226 31.154934
26.560305 22.974296 31.152926
26.606454 21.213332 24.611341
25.813476 20.750762 24.340331
26.578652 21.197114 25.568000
26.606454 21.213332 27.282042
26.652603 22.113137 27.605237
27.406330 20.800206 27.607244
28.887112 19.882949 28.159031
28.933261 18.983145 27.835837
29.686988 20.296075 27.833829
28.887112 19.882949 30.829732
28.859309 19.899167 29.873073
28.094134 20.345519 31.100742
28.887112 25.204484 24.611341
28.087235 24.791357 24.286139
28.840962 26.104288 24.288147
28.887112 25.204484 27.282042
28.094134 24.741913 27.553053
28.859309 25.188266 26.325384
26.606454 23.874100 35.254411
25.813476 24.336670 34.983400
26.578652 23.890318 36.211070
26.606454 23.874100 37.925112
25.806578 24.287226 38.250314
26.560305 22.974296 38.248306
26.606454 21.213332 31.706721
25.813476 20.750762 31.435711
26.578652 21.197114 32.663380
26.606454 21.213332 34.377422
26.652603 22.113137 34.700616
27.406330 20.800206 34.702624
28.887112 19.882949 35.254411
28.933261 18.983145 34.931217
29.686988 20.296075 34.929209
28.887112 19.882949 37.925112
28.859309 19.899167 36.968453
28.094134 20.345519 38.196122
28.887112 25.204484 31.706721
28.087235 24.791357 31.381519
28.840962 26.104288 31.383527
28.887112 25.204484 34.377422
28.094134 24.741913 34.648432
28.859309 25.188266 33.420763
26.606454 23.874100 42.349791
25.813476 24.336670 42.078780
26.578652 23.890318 43.306449
26.606454 23.874100 45.020492
25.806578 24.287226 45.345694
26.560305 22.974296 45.343686
26.606454 21.213332 38.802101
25.813476 20.750762 38.531090
26.578652 21.197114 39.758759
26.606454 21.213332 41.472802
26.652603 22.113137 41.795996
27.406330 20.800206 41.798004
28.887112 19.882949 42.349791
28.933261 18.983145 42.026596
29.686988 20.296075 42.024589
28.887112 19.882949 45.020492
28.859309 19.899167 44.063833
28.094134 20.345519 45.291502
28.887112 25.204484 38.802101
28.087235 24.791357 38.476899
28.840962 26.104288 38.478906
28.887112 25.204484 41.472802
28.094134 24.741913 41.743812
28.859309 25.188266 40.516143
26.606454 23.874100 49.445170
25.813476 24.336670 49.174160
26.578652 23.890318 50.401829
26.606454 23.874100 52.115871
25.806578 24.287226 52.441073
26.560305 22.974296 52.439066
26.606454 21.213332 45.897480
25.813476 20.750762 45.626470
26.578652 21.197114 46.854139
26.606454 21.213332 48.568181
26.652603 22.113137 48.891376
27.406330 20.800206 48.893383
28.887112 19.882949 49.445170
28.933261 18.983145 49.121976
29.686988 20.296075 49.119968
28.887112 19.882949 52.115871
28.859309 19.899167 51.159213
28.094134 20.345519 52.386882
28.887112 25.204484 45.897480
28.087235 24.791357 45.572278
28.840962 26.104288 45.574286
28.887112 25.204484 48.568181
28.094134 24.741913 48.839192
28.859309 25.188266 47.611523
26.606454 23.874100 56.540550
25.813476 24.336670 56.269540
26.578652 23.890318 57.497209
26.606454 23.874100 59.211251
25.806578 24.287226 59.536453
26.560305 22.974296 59.534445
26.606454 21.213332 52.992860
25.813476 20.750762 52.721850
26.578652 21.197114 53.949519
26.606454 21.213332 55.663561
26.652603 22.113137 55.986756
27.406330 20.800206 55.988763
28.887112 19.882949 56.540550
28.933261 18.983145 56.217356
29.686988 20.296075 56.215348
28.887112 19.882949 59.211251
28.859309 19.899167 58.254592
28.094134 20.345519 59.482261
28.887112 25.204484 52.992860
28.087235 24.791357 52.667658
28.840962 26.104288 52.669666
28.887112 25.204484 55.663561
28.094134 24.741913 55.934572
28.859309 25.188266 54.706902
26.606454 23.874100 63.635930
25.813476 24.336670 63.364919
26.578652 23.890318 64.592589
26.606454 23.874100 66.306631
25.806578 24.287226 66.631833
26.560305 22.974296 66.629825
26.606454 21.213332 60.088240
25.813476 20.750762 59.817230
26.578652 21.197114 61.044899
26.606454 21.213332 62.758941
26.652603 22.113137 63.082135
27.406330 20.800206 63.084143
28.887112 19.882949 63.635930
28.933261 18.983145 63.312735
29.686988 20.296075 63.310728
28.887112 19.882949 66.306631
28.094134 20.345519 66.577641
28.859309 19.899167 65.349972
28.887112 25.204484 60.088240
28.087235 24.791357 59.763038
28.840962 26.104288 59.765046
28.887112 25.204484 62.758941
28.094134 24.741913 63.029951
28.859309 25.188266 61.802282
26.606454 31.856402 6.872892
25.813476 32.318972 6.601882
26.578652 31.872620 7.829551
26.606454 31.856402 9.543593
25.806578 32.269529 9.868795
26.560305 30.956598 9.866787
26.606454 29.195635 3.325202
25.813476 28.733064 3.054192
26.578652 29.179417 4.281861
26.606454 29.195635 5.995903
26.652603 30.095439 6.319097
27.406330 28.782508 6.321105
28.887112 27.865251 6.872892
28.887112 26.946907 6.602937
28.887112 27.834164 7.829587
28.887112 27.865251 9.543593
28.933261 26.965447 9.866787
29.686988 28.278378 9.868795
28.887112 33.186786 3.325202
28.087235 32.773659 3.000000
28.840962 34.086590 3.002008
28.887112 33.186786 5.995903
28.094134 32.724215 6.266913
28.859309 33.170568 5.039244
26.606454 31.856402 13.968272
25.813476 32.318972 13.697261
26.578652 31.872620 14.924930
26.606454 31.856402 16.638973
25.806578 32.269529 16.964175
26.560305 30.956598 16.962167
26.606454 29.195635 10.420582
25.849504 28.706472 10.098126
27.363404 28.706472 10.098126
26.606454 29.195635 13.091283
26.606454 30.113979 13.361237
26.606454 29.226721 12.134588
28.887112 27.865251 13.968272
28.130161 28.354414 13.645816
29.644062 28.354414 13.645816
28.887112 27.865251 16.638973
28.859309 27.881469 15.682314
28.094134 28.327821 16.909983
28.887112 33.186786 10.420582
28.094134 32.724215 10.149571
28.859309 33.170568 11.377240
28.887112 33.186786 13.091283
28.087235 32.773659 13.416485
28.840962 34.086590 13.414477
26.606454 31.856402 21.063651
25.813476 32.318972 20.792641
26.578652 31.872620 22.020310
26.606454 31.856402 23.734352
25.806578 32.269529 24.059554
26.560305 30.956598 24.057547
26.606454 29.195635 17.515962
25.813476 28.733064 17.244951
26.578652 29.179417 18.472620
26.606454 29.195635 20.186662
26.652603 30.095439 20.509857
27.406330 28.782508 20.511865
28.887112 27.865251 21.063651
28.933261 26.965447 20.740457
29.686988 28.278378 20.738449
28.887112 27.865251 23.734352
28.859309 27.881469 22.777694
28.094134 28.327821 24.005363
28.887112 33.186786 17.515962
28.087235 32.773659 17.190759
28.840962 34.086590 17.192767
28.887112 33.186786 20.186662
28.094134 32.724215 20.457673
28.859309 33.170568 19.230004
26.606454 31.856402 28.159031
25.813476 32.318972 27.888021
26.578652 31.872620 29.115690
26.606454 31.856402 30.829732
25.806578 32.269529 31.154934
26.560305 30.956598 31.152926
26.606454 29.195635 24.611341
25.813476 28.733064 24.340331
26.578652 29.179417 25.568000
26.606454 29.195635 27.282042
26.652603 30.095439 27.605237
27.406330 28.782508 27.607244
28.887112 27.865251 28.159031
28.933261 26.965447 27.835837
29.686988 28.278378 27.833829
28.887112 27.865251 30.829732
28.859309 27.881469 29.873073
28.094134 28.327821 31.100742
28.887112 33.186786 24.611341
28.087235 32.773659 24.286139
28.840962 34.086590 24.288147
28.887112 33.186786 27.282042
28.094134 32.724215 27.553053
28.859309 33.170568 26.325384
26.606454 31.856402 35.254411
25.813476 32.318972 34.983400
26.578652 31.872620 36.211070
26.606454 31.856402 37.925112
25.806578 32.269529 38.250314
26.560305 30.956598 38.248306
26.606454 29.195635 31.706721
25.813476 28.733064 31.435711
26.578652 29.179417 32.663380
26.606454 29.195635 34.377422
26.652603 30.095439 34.700616
27.406330 28.782508 34.702624
28.887112 27.865251 35.254411
28.933261 26.965447 34.931217
29.686988 28.278378 34.929209
28.887112 27.865251 37.925112
28.859309 27.881469 36.968453
28.094134 28.327821 38.196122
28.887112 33.186786 31.706721
28.087235 32.773659 31.381519
28.840962 34.086590 31.383527
28.887112 33.186786 34.377422
28.094134 32.724215 34.648432
28.859309 33.170568 33.420763
26.606454 31.856402 42.349791
25.813476 32.318972 42.078780
26.578652 31.872620 43.306449
26.606454 31.856402 45.020492
25.806578 32.269529 45.345694
26.560305 30.956598 45.343686
26.606454 29.195635 38.802101
25.813476 28.733064 38.531090
26.578652 29.179417 39.758759
26.606454 29.195635 41.472802
26.652603 30.095439 41.795996
27.406330 28.782508 41.798004
28.887112 27.865251 42.349791
28.933261 26.965447 42.026596
29.686988 28.278378 42.024589
28.887112 27.865251 45.020492
28.859309 27.881469 44.063833
28.094134 28.327821 45.291502
28.887112 33.186786 38.802101
28.087235 32.773659 38.476899
28.840962 34.086590 38.478906
28.887112 33.186786 41.472802
28.094134 32.724215 41.743812
28.859309 33.170568 40.516143
26.606454 31.856402 49.445170
25.813476 32.318972 49.174160
26.578652 31.872620 50.401829
26.606454 31.856402 52.115871
25.806578 32.269529 52.441073
26.560305 30.956598 52.439066
26.606454 29.195635 45.897480
25.813476 28.733064 45.626470
26.578652 29.179417 46.854139
26.606454 29.195635 48.568181
26.652603 30.095439 48.891376
27.406330 28.782508 48.893383
28.887112 27.865251 49.445170
28.933261 26.965447 49.121976
29.686988 28.278378 49.119968
28.887112 27.865251 52.115871
28.859309 27.881469 51.159213
28.094134 28.327821 52.386882
28.887112 33.186786 45.897480
28.087235 32.773659 45.572278
28.840962 34.086590 45.574286
28.887112 33.186786 48.568181
28.094134 32.724215 48.839192
28.859309 33.170568 47.611523
26.606454 31.856402 56.540550
25.813476 32.318972 56.269540
26.578652 31.872620 57.497209
26.606454 31.856402 59.211251
25.806578 32.269529 59.536453
26.560305 30.956598 59.534445
26.606454 29.195635 52.992860
25.813476 28.733064 52.721850
26.578652 29.179417 53.949519
26.606454 29.195635 55.663561
26.652603 30.095439 55.986756
27.406330 28.782508 55.988763
28.887112 27.865251 56.540550
28.933261 26.965447 56.217356
29.686988 28.278378 56.215348
28.887112 27.865251 59.211251
28.859309 27.881469 58.254592
28.094134 28.327821 59.482261
28.887112 33.186786 52.992860
28.087235 32.773659 52.667658
28.840962 34.086590 52.669666
28.887112 33.186786 55.663561
28.094134 32.724215 55.934572
28.859309 33.170568 54.706902
26.606454 31.856402 63.635930
25.813476 32.318972 63.364919
26.578652 31.872620 64.592589
26.606454 31.856402 66.306631
25.806578 32.269529 66.631833
26.560305 30.956598 66.629825
26.606454 29.195635 60.088240
25.813476 28.733064 59.817230
26.578652 29.179417 61.044899
26.606454 29.195635 62.758941
26.652603 30.095439 63.082135
27.406330 28.782508 63.084143
28.887112 27.865251 63.635930
28.933261 26.965447 63.312735
29.686988 28.278378 63.310728
28.887112 27.865251 66.306631
28.094134 28.327821 66.577641
28.859309 27.881469 65.349972
28.887112 33.186786 60.088240
28.087235 32.773659 59.763038
28.840962 34.086590 59.765046
28.887112 33.186786 62.758941
28.094134 32.724215 63.029951
28.859309 33.170568 61.802282
26.606454 39.838704 6.872892
25.813476 40.301275 6.601882
26.578652 39.854922 7.829551
26.606454 39.838704 9.543593
25.806578 40.251831 9.868795
26.560305 38.938900 9.866787
26.606454 37.177937 3.325202
25.813476 36.715367 3.054192
26.578652 37.161719 4.281861
26.606454 37.177937 5.995903
26.652603 38.077741 6.319097
27.406330 36.764810 6.321105
28.887112 35.847553 6.872892
28.887112 34.929209 6.602937
28.887112 35.816466 7.829587
28.887112 35.847553 9.543593
28.933261 34.947749 9.866787
29.686988 36.260680 9.868795
28.887112 41.169088 3.325202
28.087235 40.755961 3.000000
28.840962 42.068892 3.002008
28.887112 41.169088 5.995903
28.094134 40.706518 6.266913
28.859309 41.152870 5.039244
26.606454 39.838704 13.968272
25.813476 40.301275 13.697261
26.578652 39.854922 14.924930
26.606454 39.838704 16.638973
25.806578 40.251831 16.964175
26.560305 38.938900 16.962167
26.606454 37.177937 10.420582
25.849504 36.688774 10.098126
27.363404 36.688774 10.098126
26.606454 37.177937 13.091283
26.606454 38.096281 13.361237
26.606454 37.209024 12.134588
28.887112 35.847553 13.968272
28.130161 36.336716 13.645816
29.644062 36.336716 13.645816
28.887112 35.847553 16.638973
28.859309 35.863771 15.682314
28.094134 36.310124 16.909983
28.887112 41.169088 10.420582
28.094134 40.706518 10.149571
28.859309 41.152870 11.377240
28.887112 41.169088 13.091283
28.087235 40.755961 13.416485
28.840962 42.068892 13.414477
26.606454 39.838704 21.063651
25.813476 40.301275 20.792641
26.578652 39.854922 22.020310
26.606454 39.838704 23.734352
25.806578 40.251831 24.059554
26.560305 38.938900 24.057547
26.606454 37.177937 17.515962
25.813476 36.715367 17.244951
26.578652 37.161719 18.472620
26.606454 37.177937 20.186662
26.652603 38.077741 20.509857
27.406330 36.764810 20.511865
28.887112 35.847553 21.063651
28.933261 34.947749 20.740457
29.686988 36.260680 20.738449
28.887112 35.847553 23.734352
28.859309 35.863771 22.777694
28.094134 36.310124 24.005363
28.887112 41.169088 17.515962
28.087235 40.755961 17.190759
28.840962 42.068892 17.192767
28.887112 41.169088 20.186662
28.094134 40.706518 20.457673
28.859309 41.152870 19.230004
26.606454 39.838704 28.159031
25.813476 40.301275 27.888021
26.578652 39.854922 29.115690
26.606454 39.838704 30.829732
25.806578 40.251831 31.154934
26.560305 38.938900 31.152926
26.606454 37.177937 24.611341
25.813476 36.715367 24.340331
26.578652 37.161719 25.568000
26.606454 37.177937 27.282042
26.652603 38.077741 27.605237
27.406330 36.764810 27.607244
28.887112 35.847553 28.159031
28.933261 34.947749 27.835837
29.686988 36.260680 27.833829
28.887112 35.847553 30.829732
28.859309 35.863771 29.873073
28.094134 36.310124 31.100742
28.887112 41.169088 24.611341
28.087235 40.755961 24.286139
28.840962 42.068892 24.288147
28.887112 41.169088 27.282042
28.094134 40.706518 27.553053
28.859309 41.152870 26.325384
26.606454 39.838704 35.254411
25.813476 40.301275 34.983400
26.578652 39.854922 36.211070
26.606454 39.838704 37.925112
25.806578 40.251831 38.250314
26.560305 38.938900 38.248306
26.606454 37.177937 31.706721
25.813476 36.715367 31.435711
26.578652 37.161719 32.663380
26.606454 37.177937 34.377422
26.652603 38.077741 34.700616
27.406330 36.764810 34.702624
28.887112 35.847553 35.254411
28.933261 34.947749 34.931217
29.686988 36.260680 34.929209
28.887112 35.847553 37.925112
28.859309 35.863771 36.968453
28.094134 36.310124 38.196122
28.887112 41.169088 31.706721
28.087235 40.755961 31.381519
28.840962 42.068892 31.383527
28.887112 41.169088 34.377422
28.094134 40.706518 34.648432
28.859309 41.152870 33.420763
26.606454 39.838704 42.349791
25.813476 40.301275 42.078780
26.578652 39.854922 43.306449
26.606454 39.838704 45.020492
25.806578 40.251831 45.345694
26.560305 38.938900 45.343686
26.606454 37.177937 38.802101
25.813476 36.715367 38.531090
26.578652 37.161719 39.758759
26.606454 37.177937 41.472802
26.652603 38.077741 41.795996
27.406330 36.764810 41.798004
28.887112 35.847553 42.349791
28.933261 34.947749 42.026596
29.686988 36.260680 42.024589
28.887112 35.847553 45.020492
28.859309 35.863771 44.063833
28.094134 36.310124 45.291502
28.887112 41.169088 38.802101
28.087235 40.755961 38.476899
28.840962 42.068892 38.478906
28.887112 41.169088 41.472802
28.094134 40.706518 41.743812
28.859309 41.152870 40.516143
26.606454 39.838704 49.445170
25.813476 40.301275 49.174160
26.578652 39.854922 50.401829
26.606454 39.838704 52.115871
25.806578 40.251831 52.441073
26.560305 38.938900 52.439066
26.606454 37.177937 45.897480
25.813476 36.715367 45.626470
26.578652 37.161719 46.854139
26.606454 37.177937 48.568181
26.652603 38.077741 48.891376
27.406330 36.764810 48.893383
28.887112 35.847553 49.445170
28.933261 34.947749 49.121976
29.686988 36.260680 49.119968
28.887112 35.847553 52.115871
28.859309 35.863771 51.159213
28.094134 36.310124 52.386882
28.887112 41.169088 45.897480
28.087235 40.755961 45.572278
28.840962 42.068892 45.574286
28.887112 41.169088 48.568181
28.094134 40.706518 48.839192
28.859309 41.152870 47.611523
26.606454 39.838704 56.540550
25.813476 40.301275 56.269540
26.578652 39.854922 57.497209
26.606454 39.838704 59.211251
25.806578 40.251831 59.536453
26.560305 38.938900 59.534445
26.606454 37.177937 52.992860
25.813476 36.715367 52.721850
26.578652 37.161719 53.949519
26.606454 37.177937 55.663561
26.652603 38.077741 55.986756
27.406330 36.764810 55.988763
28.887112 35.847553 56.540550
28.933261 34.947749 56.217356
29.686988 36.260680 56.215348
28.887112 35.847553 59.211251
28.859309 35.863771 58.254592
28.094134 36.310124 59.482261
28.887112 41.169088 52.992860
28.087235 40.755961 52.667658
28.840962 42.068892 52.669666
28.887112 41.169088 55.663561
28.094134 40.706518 55.934572
28.859309 41.152870 54.706902
26.606454 39.838704 63.635930
25.813476 40.301275 63.364919
26.578652 39.854922 64.592589
26.606454 39.838704 66.306631
25.806578 40.251831 66.631833
26.560305 38.938900 66.629825
26.606454 37.177937 60.088240
25.813476 36.715367 59.817230
26.578652 37.161719 61.044899
26.606454 37.177937 62.758941
26.652603 38.077741 63.082135
27.406330 36.764810 63.084143
28.887112 35.847553 63.635930
28.933261 34.947749 63.312735
29.686988 36.260680 63.310728
28.887112 35.847553 66.306631
28.094134 36.310124 66.577641
28.859309 35.863771 65.349972
28.887112 41.169088 60.088240
28.087235 40.755961 59.763038
28.840962 42.068892 59.765046
28.887112 41.169088 62.758941
28.094134 40.706518 63.029951
28.859309 41.152870 61.802282
26.606454 47.821007 6.872892
25.813476 48.283577 6.601882
26.578652 47.837225 7.829551
26.606454 47.821007 9.543593
25.806578 48.234133 9.868795
26.560305 46.921202 9.866787
26.606454 45.160239 3.325202
25.813476 44.697669 3.054192
26.578652 45.144021 4.281861
26.606454 45.160239 5.995903
26.652603 46.060043 6.319097
27.406330 44.747113 6.321105
28.887112 43.829855 6.872892
28.887112 42.911511 6.602937
28.887112 43.798769 7.829587
28.887112 43.829855 9.543593
28.933261 42.930051 9.866787
29.686988 44.242982 9.868795
28.887112 49.151390 3.325202
28.087235 48.738264 3.000000
28.840962 50.051194 3.002008
28.887112 49.151390 5.995903
28.094134 48.688820 6.266913
28.859309 49.135172 5.039244
26.606454 47.821007 13.968272
25.813476 48.283577 13.697261
26.578652 47.837225 14.924930
26.606454 47.821007 16.638973
25.806578 48.234133 16.964175
26.560305 46.921202 16.962167
26.606454 45.160239 10.420582
25.849504 44.671076 10.098126
27.363404 44.671076 10.098126
26.606454 45.160239 13.091283
26.606454 46.078583 13.361237
26.606454 45.191326 12.134588
28.887112 43.829855 13.968272
28.130161 44.319018 13.645816
29.644062 44.319018 13.645816
28.887112 43.829855 16.638973
28.859309 43.846073 15.682314
28.094134 44.292426 16.909983
28.887112 49.151390 10.420582
28.094134 48.688820 10.149571
28.859309 49.135172 11.377240
28.887112 49.151390 13.091283
28.087235 48.738264 13.416485
28.840962 50.051194 13.414477
26.606454 47.821007 21.063651
25.813476 48.283577 20.792641
26.578652 47.837225 22.020310
26.606454 47.821007 23.734352
25.806578 48.234133 24.059554
26.560305 46.921202 24.057547
26.606454 45.160239 17.515962
25.813476 44.697669 17.244951
26.578652 45.144021 18.472620
26.606454 45.160239 20.186662
26.652603 46.060043 20.509857
27.406330 44.747113 20.511865
28.887112 43.829855 21.063651
28.933261 42.930051 20.740457
29.686988 44.242982 20.738449
28.887112 43.829855 23.734352
28.859309 43.846073 22.777694
28.094134 44.292426 24.005363
28.887112 49.151390 17.515962
28.087235 48.738264 17.190759
28.840962 50.051194 17.192767
28.887112 49.151390 20.186662
28.094134 48.688820 20.457673
28.859309 49.135172 19.230004
26.606454 47.821007 28.159031
25.813476 48.283577 27.888021
26.578652 47.837225 29.115690
26.606454 47.821007 30.829732
25.806578 48.234133 31.154934
26.560305 46.921202 31.152926
26.606454 45.160239 24.611341
25.813476 44.697669 24.340331
26.578652 45.144021 25.568000
26.606454 45.160239 27.282042
26.652603 46.060043 27.605237
27.406330 44.747113 27.607244
28.887112 43.829855 28.159031
28.933261 42.930051 27.835837
29.686988 44.242982 27.833829
28.887112 43.829855 30.829732
28.859309 43.846073 29.873073
28.094134 44.292426 31.100742
28.887112 49.151390 24.611341
28.087235 48.738264 24.286139
28.840962 50.051194 24.288147
28.887112 49.151390 27.282042
28.094134 48.688820 27.553053
28.859309 49.135172 26.325384
26.606454 47.821007 35.254411
25.813476 48.283577 34.983400
26.578652 47.837225 36.211070
26.606454 47.821007 37.925112
25.806578 48.234133 38.250314
26.560305 46.921202 38.248306
26.606454 45.160239 31.706721
25.813476 44.697669 31.435711
26.578652 45.144021 32.663380
26.606454 45.160239 34.377422
26.652603 46.060043 34.700616
27.406330 44.747113 34.702624
28.887112 43.829855 35.254411
28.933261 42.930051 34.931217
29.686988 44.242982 34.929209
28.887112 43.829855 37.925112
28.859309 43.846073 36.968453
28.094134 44.292426 38.196122
28.887112 49.151390 31.706721
28.087235 48.738264 31.381519
28.840962 50.051194 31.383527
28.887112 49.151390 34.377422
28.094134 48.688820 34.648432
28.859309 49.135172 33.420763
26.606454 47.821007 42.349791
25.813476 48.283577 42.078780
26.578652 47.837225 43.306449
26.606454 47.821007 45.020492
25.806578 48.234133 45.345694
26.560305 46.921202 45.343686
26.606454 45.160239 38.802101
25.813476 44.697669 38.531090
26.578652 45.144021 39.758759
26.606454 45.160239 41.472802
26.652603 46.060043 41.795996
27.406330 44.747113 41.798004
28.887112 43.829855 42.349791
28.933261 42.930051 42.026596
29.686988 44.242982 42.024589
28.887112 43.829855 45.020492
28.859309 43.846073 44.063833
28.094134 44.292426 45.291502
28.887112 49.151390 38.802101
28.087235 48.738264 38.476899
28.840962 50.051194 38.478906
28.887112 49.151390 41.472802
28.094134 48.688820 41.743812
28.859309 49.135172 40.516143
26.606454 47.821007 49.445170
25.813476 48.283577 49.174160
26.578652 47.837225 50.401829
26.606454 47.821007 52.115871
25.806578 48.234133 52.441073
26.560305 46.921202 52.439066
26.606454 45.160239 45.897480
25.813476 44.697669 45.626470
26.578652 45.144021 46.854139
26.606454 45.160239 48.568181
26.652603 46.060043 48.891376
27.406330 44.747113 48.893383
28.887112 43.829855 49.445170
28.933261 42.930051 49.121976
29.686988 44.242982 49.119968
28.887112 43.829855 52.115871
28.859309 43.846073 51.159213
28.094134 44.292426 52.386882
28.887112 49.151390 45.897480
28.087235 48.738264 45.572278
28.840962 50.051194 45.574286
28.887112 49.151390 48.568181
28.094134 48.688820 48.839192
28.859309 49.135172 47.611523
26.606454 47.821007 56.540550
25.813476 48.283577 56.269540
26.578652 47.837225 57.497209
26.606454 47.821007 59.211251
25.806578 48.234133 59.536453
26.560305 46.921202 59.534445
26.606454 45.160239 52.992860
25.813476 44.697669 52.721850
26.578652 45.144021 53.949519
26.606454 45.160239 55.663561
26.652603 46.060043 55.986756
27.406330 44.747113 55.988763
28.887112 43.829855 56.540550
28.933261 42.930051 56.217356
29.686988 44.242982 56.215348
28.887112 43.829855 59.211251
28.859309 43.846073 58.254592
28.094134 44.292426 59.482261
28.887112 49.151390 52.992860
28.087235 48.738264 52.667658
28.840962 50.051194 52.669666
28.887112 49.151390 55.663561
28.094134 48.688820 55.934572
28.859309 49.135172 54.706902
26.606454 47.821007 63.635930
25.813476 48.283577 63.364919
26.578652 47.837225 64.592589
26.606454 47.821007 66.306631
25.806578 48.234133 66.631833
26.560305 46.921202 66.629825
26.606454 45.160239 60.088240
25.813476 44.697669 59.817230
26.578652 45.144021 61.044899
26.606454 45.160239 62.758941
26.652603 46.060043 63.082135
27.406330 44.747113 63.084143
28.887112 43.829855 63.635930
28.933261 42.930051 63.312735
29.686988 44.242982 63.310728
28.887112 43.829855 66.306631
28.094134 44.292426 66.577641
28.859309 43.846073 65.349972
28.887112 49.151390 60.088240
28.087235 48.738264 59.763038
28.840962 50.051194 59.765046
28.887112 49.151390 62.758941
28.094134 48.688820 63.029951
28.859309 49.135172 61.802282
26.606454 55.803309 6.872892
25.813476 56.265879 6.601882
26.578652 55.819527 7.829551
26.606454 55.803309 9.543593
25.806578 56.216435 9.868795
26.560305 54.903505 9.866787
26.606454 53.142541 3.325202
25.813476 52.679971 3.054192
26.578652 53.126323 4.281861
26.606454 53.142541 5.995903
26.652603 54.042345 6.319097
27.406330 52.729415 6.321105
28.887112 51.812158 6.872892
28.887112 50.893813 6.602937
28.887112 51.781071 7.829587
28.887112 51.812158 9.543593
28.933261 50.912353 9.866787
29.686988 52.225284 9.868795
28.887112 57.133692 3.325202
28.130161 56.644530 3.002746
29.644062 56.644530 3.002746
28.887112 57.133692 5.995903
28.094134 56.671122 6.266913
28.859309 57.117474 5.039244
26.606454 55.803309 13.968272
25.813476 56.265879 13.697261
26.578652 55.819527 14.924930
26.606454 55.803309 16.638973
25.806578 56.216435 16.964175
26.560305 54.903505 16.962167
26.606454 53.142541 10.420582
25.849504 52.653379 10.098126
27.363404 52.653379 10.098126
26.606454 53.142541 13.091283
26.606454 54.060886 13.361237
26.606454 53.173628 12.134588
28.887112 51.812158 13.968272
28.130161 52.301320 13.645816
29.644062 52.301320 13.645816
28.887112 51.812158 16.638973
28.859309 51.828376 15.682314
28.094134 52.274728 16.909983
28.887112 57.133692 10.420582
28.087235 56.720566 10.095380
28.840962 58.033497 10.097387
28.887112 57.133692 13.091283
28.094134 56.671122 13.362293
28.859309 57.117474 12.134624
26.606454 55.803309 21.063651
25.813476 56.265879 20.792641
26.578652 55.819527 22.020310
26.606454 55.803309 23.734352
25.806578 56.216435 24.059554
26.560305 54.903505 24.057547
26.606454 53.142541 17.515962
25.813476 52.679971 17.244951
26.578652 53.126323 18.472620
26.606454 53.142541 20.186662
26.652603 54.042345 20.509857
27.406330 52.729415 20.511865
28.887112 51.812158 21.063651
28.933261 50.912353 20.740457
29.686988 52.225284 20.738449
28.887112 51.812158 23.734352
28.859309 51.828376 22.777694
28.094134 52.274728 24.005363
28.887112 57.133692 17.515962
28.087235 56.720566 17.190759
28.840962 58.033497 17.192767
28.887112 57.133692 20.186662
28.094134 56.671122 20.457673
28.859309 57.117474 19.230004
26.606454 55.803309 28.159031
25.813476 56.265879 27.888021
26.578652 55.819527 29.115690
26.606454 55.803309 30.829732
25.806578 56.216435 31.154934
26.560305 54.903505 31.152926
26.606454 53.142541 24.611341
25.813476 52.679971 24.340331
26.578652 53.126323 25.568000
26.606454 53.142541 27.282042
26.652603 54.042345 27.605237
27.406330 52.729415 27.607244
28.887112 51.812158 28.159031
28.933261 50.912353 27.835837
29.686988 52.225284 27.833829
28.887112 51.812158 30.829732
28.859309 51.828376 29.873073
28.094134 52.274728 31.100742
28.887112 57.133692 24.611341
28.087235 56.720566 24.286139
28.840962 58.033497 24.288147
28.887112 57.133692 27.282042
28.094134 56.671122 27.553053
28.859309 57.117474 26.325384
26.606454 55.803309 35.254411
25.813476 56.265879 34.983400
26.578652 55.819527 36.211070
26.606454 55.803309 37.925112
25.806578 56.216435 38.250314
26.560305 54.903505 38.248306
26.606454 53.142541 31.706721
25.813476 52.679971 31.435711
26.578652 53.126323 32.663380
26.606454 53.142541 34.377422
26.652603 54.042345 34.700616
27.406330 52.729415 34.702624
28.887112 51.812158 35.254411
28.933261 50.912353 34.931217
29.686988 52.225284 34.929209
28.887112 51.812158 37.925112
28.859309 51.828376 36.968453
28.094134 52.274728 38.196122
28.887112 57.133692 31.706721
28.087235 56.720566 31.381519
28.840962 58.033497 31.383527
28.887112 57.133692 34.377422
28.094134 56.671122 34.648432
28.859309 57.117474 33.420763
26.606454 55.803309 42.349791
25.813476 56.265879 42.078780
26.578652 55.819527 43.306449
26.606454 55.803309 45.020492
25.806578 56.216435 45.345694
26.560305 54.903505 45.343686
26.606454 53.142541 38.802101
25.813476 52.679971 38.531090
26.578652 53.126323 39.758759
26.606454 53.142541 41.472802
26.652603 54.042345 41.795996
27.406330 52.729415 41.798004
28.887112 51.812158 42.349791
28.933261 50.912353 42.026596
29.686988 52.225284 42.024589
28.887112 51.812158 45.020492
28.859309 51.828376 44.063833
28.094134 52.274728 45.291502
28.887112 57.133692 38.802101
28.087235 56.720566 38.476899
28.840962 58.033497 38.478906
28.887112 57.133692 41.472802
28.094134 56.671122 41.743812
28.859309 57.117474 40.516143
26.606454 55.803309 49.445170
25.813476 56.265879 49.174160
26.578652 55.819527 50.401829
26.606454 55.803309 52.115871
25.806578 56.216435 52.441073
26.560305 54.903505 52.439066
26.606454 53.142541 45.897480
25.813476 52.679971 45.626470
26.578652 53.126323 46.854139
26.606454 53.142541 48.568181
26.652603 54.042345 48.891376
27.406330 52.729415 48.893383
28.887112 51.812158 49.445170
28.933261 50.912353 49.121976
29.686988 52.225284 49.119968
28.887112 51.812158 52.115871
28.859309 51.828376 51.159213
28.094134 52.274728 52.386882
28.887112 57.133692 45.897480
28.087235 56.720566 45.572278
28.840962 58.033497 45.574286
28.887112 57.133692 48.568181
28.094134 56.671122 48.839192
28.859309 57.117474 47.611523
26.606454 55.803309 56.540550
25.813476 56.265879 56.269540
26.578652 55.819527 57.497209
26.606454 55.803309 59.211251
25.806578 56.216435 59.536453
26.560305 54.903505 59.534445
26.606454 53.142541 52.992860
25.813476 52.679971 52.721850
26.578652 53.126323 53.949519
26.606454 53.142541 55.663561
26.652603 54.042345 55.986756
27.406330 52.729415 55.988763
28.887112 51.812158 56.540550
28.933261 50.912353 56.217356
29.686988 52.225284 56.215348
28.887112 51.812158 59.211251
28.859309 51.828376 58.254592
28.094134 52.274728 59.482261
28.887112 57.133692 52.992860
28.087235 56.720566 52.667658
28.840962 58.033497 52.669666
28.887112 57.133692 55.663561
28.094134 56.671122 55.934572
28.859309 57.117474 54.706902
26.606454 55.803309 63.635930
26.634256 55.819527 64.592589
27.399432 56.265879 63.364919
26.606454 55.803309 66.306631
25.806578 56.216435 66.631833
26.560305 54.903505 66.629825
26.606454 53.142541 60.088240
25.813476 52.679971 59.817230
26.578652 53.126323 61.044899
26.606454 53.142541 62.758941
26.652603 54.042345 63.082135
27.406330 52.729415 63.084143
28.887112 51.812158 63.635930
28.933261 50.912353 63.312735
29.686988 52.225284 63.310728
28.887112 51.812158 66.306631
28.094134 52.274728 66.577641
28.859309 51.828376 65.349972
28.887112 57.133692 60.088240
28.087235 56.720566 59.763038
28.840962 58.033497 59.765046
28.887112 57.133692 62.758941
28.887112 57.164779 61.802246
28.887112 58.052037 63.028895
26.606454 63.785611 6.872892
26.634256 63.801829 7.829551
27.399432 64.248181 6.601882
26.606454 63.785611 9.543593
25.806578 64.198737 9.868795
26.560305 62.885807 9.866787
26.606454 61.124844 3.325202
25.849504 60.635681 3.002746
27.363404 60.635681 3.002746
26.606454 61.124844 5.995903
26.606454 62.043188 6.265857
26.606454 61.155930 5.039208
28.887112 59.794460 6.872892
28.840962 58.894656 6.549698
28.087235 60.207586 6.547690
28.887112 59.794460 9.543593
28.914914 59.810678 8.586934
29.680090 60.257030 9.814603
28.887112 65.115995 3.325202
28.840962 66.015799 3.002008
28.087235 64.702868 3.000000
28.887112 65.115995 5.995903
28.887112 66.034339 6.265857
28.887112 65.147081 5.039208
26.606454 63.785611 13.968272
26.634256 63.801829 14.924930
27.399432 64.248181 13.697261
26.606454 63.785611 16.638973
25.849504 64.274774 16.961429
27.363404 64.274774 16.961429
26.606454 61.124844 10.420582
25.849504 60.635681 10.098126
27.363404 60.635681 10.098126
26.606454 61.124844 13.091283
26.606454 62.043188 13.361237
26.606454 61.155930 12.134588
28.887112 59.794460 13.968272
28.840962 58.894656 13.645077
28.087235 60.207586 13.643070
28.887112 59.794460 16.638973
28.914914 59.810678 15.682314
29.680090 60.257030 16.909983
28.887112 65.115995 10.420582
28.130161 64.626832 10.098126
29.644062 64.626832 10.098126
28.887112 65.115995 13.091283
28.887112 66.034339 13.361237
28.887112 65.147081 12.134588
26.606454 63.785611 21.063651
26.606454 63.754524 22.020346
26.606454 62.867267 20.793697
26.606454 63.785611 23.734352
25.806578 64.198737 24.059554
26.560305 62.885807 24.057547
26.606454 61.124844 17.515962
26.652603 62.024648 17.192767
27.406330 60.711717 17.190759
26.606454 61.124844 20.186662
25.813476 60.662273 20.457673
26.578652 61.108625 19.230004
28.887112 59.794460 21.063651
28.840962 58.894656 20.740457
28.087235 60.207586 20.738449
28.887112 59.794460 23.734352
28.914914 59.810678 22.777694
29.680090 60.257030 24.005363
28.887112 65.115995 17.515962
28.887112 66.034339 17.246007
28.887112 65.147081 18.472657
28.887112 65.115995 20.186662
28.840962 66.015799 20.509857
28.087235 64.702868 20.511865
26.606454 63.785611 28.159031
26.634256 63.801829 29.115690
27.399432 64.248181 27.888021
26.606454 63.785611 30.829732
25.849504 64.274774 31.152188
27.363404 64.274774 31.152188
26.606454 61.124844 24.611341
25.849504 60.635681 24.288885
27.363404 60.635681 24.288885
26.606454 61.124844 27.282042
26.606454 62.043188 27.551997
26.606454 61.155930 26.325347
28.887112 59.794460 28.159031
28.840962 58.894656 27.835837
28.087235 60.207586 27.833829
28.887112 59.794460 30.829732
28.914914 59.810678 29.873073
29.680090 60.257030 31.100742
28.887112 65.115995 24.611341
28.130161 64.626832 24.288885
29.644062 64.626832 24.288885
28.887112 65.115995 27.282042
28.887112 66.034339 27.551997
28.887112 65.147081 26.325347
26.606454 63.785611 35.254411
26.606454 63.754524 36.211106
26.606454 62.867267 34.984456
26.606454 63.785611 37.925112
25.806578 64.198737 38.250314
26.560305 62.885807 38.248306
26.606454 61.124844 31.706721
26.652603 62.024648 31.383527
27.406330 60.711717 31.381519
26.606454 61.124844 34.377422
25.813476 60.662273 34.648432
26.578652 61.108625 33.420763
28.887112 59.794460 35.254411
28.840962 58.894656 34.931217
28.087235 60.207586 34.929209
28.887112 59.794460 37.925112
28.914914 59.810678 36.968453
29.680090 60.257030 38.196122
28.887112 65.115995 31.706721
28.887112 66.034339 31.436767
28.887112 65.147081 32.663416
28.887112 65.115995 34.377422
28.840962 66.015799 34.700616
28.087235 64.702868 34.702624
26.606454 63.785611 42.349791
26.634256 63.801829 43.306449
27.399432 64.248181 42.078780
26.606454 63.785611 45.020492
25.849504 64.274774 45.342948
27.363404 64.274774 45.342948
26.606454 61.124844 38.802101
25.849504 60.635681 38.479645
27.363404 60.635681 38.479645
26.606454 61.124844 41.472802
26.606454 62.043188 41.742756
26.606454 61.155930 40.516107
28.887112 59.794460 42.349791
28.840962 58.894656 42.026596
28.087235 60.207586 42.024589
28.887112 59.794460 45.020492
28.914914 59.810678 44.063833
29.680090 60.257030 45.291502
28.887112 65.115995 38.802101
28.130161 64.626832 38.479645
29.644062 64.626832 38.479645
28.887112 65.115995 41.472802
28.887112 66.034339 41.742756
28.887112 65.147081 40.516107
26.606454 63.785611 49.445170
26.606454 63.754524 50.401865
26.606454 62.867267 49.175216
26.606454 63.785611 52.115871
25.806578 64.198737 52.441073
26.560305 62.885807 52.439066
26.606454 61.124844 45.897480
26.652603 62.024648 45.574286
27.406330 60.711717 45.572278
26.606454 61.124844 48.568181
25.813476 60.662273 48.839192
26.578652 61.108625 47.611523
28.887112 59.794460 49.445170
28.840962 58.894656 49.121976
28.087235 60.207586 49.119968
28.887112 59.794460 52.115871
28.914914 59.810678 51.159213
29.680090 60.257030 52.386882
28.887112 65.115995 45.897480
28.887112 66.034339 45.627526
28.887112 65.147081 46.854176
28.887112 65.115995 48.568181
28.840962 66.015799 48.891376
28.087235 64.702868 48.893383
26.606454 63.785611 56.540550
26.634256 63.801829 57.497209
27.399432 64.248181 56.269540
26.606454 63.785611 59.211251
25.849504 64.274774 59.533707
27.363404 64.274774 59.533707
26.606454 61.124844 52.992860
25.849504 60.635681 52.670404
27.363404 60.635681 52.670404
26.606454 61.124844 55.663561
26.606454 62.043188 55.933516
26.606454 61.155930 54.706866
28.887112 59.794460 56.540550
28.840962 58.894656 56.217356
28.087235 60.207586 56.215348
28.887112 59.794460 59.211251
28.914914 59.810678 58.254592
29.680090 60.257030 59.482261
28.887112 65.115995 52.992860
28.130161 64.626832 52.670404
29.644062 64.626832 52.670404
28.887112 65.115995 55.663561
28.887112 66.034339 55.933516
28.887112 65.147081 54.706866
26.606454 63.785611 63.635930
26.606454 63.754524 64.592625
26.606454 62.867267 63.365975
26.606454 63.785611 66.306631
25.806578 64.198737 66.631833
26.560305 62.885807 66.629825
26.606454 61.124844 60.088240
26.652603 62.024648 59.765046
27.406330 60.711717 59.763038
26.606454 61.124844 62.758941
25.813476 60.662273 63.029951
26.578652 61.108625 61.802282
28.887112 59.794460 63.635930
28.130161 60.283623 63.313474
29.644062 60.283623 63.313474
28.887112 59.794460 66.306631
28.887112 58.876115 66.576585
28.887112 59.763373 65.349936
28.887112 65.115995 60.088240
28.887112 66.034339 59.818285
28.887112 65.147081 61.044935
28.887112 65.115995 62.758941
28.130161 64.626832 63.081397
29.644062 64.626832 63.081397
31.167769 7.909495 6.872892
30.367893 8.322622 6.547690
31.121620 7.009691 6.549698
31.167769 7.909495 9.543593
30.374792 8.372066 9.814603
31.139967 7.925714 8.586934
31.167769 5.248728 3.325202
30.367893 4.835602 3.000000
31.121620 6.148532 3.002008
31.167769 5.248728 5.995903
30.374792 4.786158 6.266913
31.139967 5.232510 5.039244
33.448427 3.918344 6.872892
32.648551 4.331471 6.547690
33.402278 3.018540 6.549698
33.448427 3.918344 9.543593
33.420625 3.934562 8.586934
32.655449 4.380915 9.814603
33.448427 9.239879 3.325202
32.648551 8.826753 3.000000
33.402278 10.139683 3.002008
33.448427 9.239879 5.995903
32.655449 8.777309 6.266913
33.420625 9.223661 5.039244
31.167769 7.909495 13.968272
30.367893 8.322622 13.643070
31.121620 7.009691 13.645077
31.167769 7.909495 16.638973
30.374792 8.372066 16.909983
31.139967 7.925714 15.682314
31.167769 5.248728 10.420582
30.367893 4.835602 10.095380
31.121620 6.148532 10.097387
31.167769 5.248728 13.091283
30.374792 4.786158 13.362293
31.139967 5.232510 12.134624
33.448427 3.918344 13.968272
32.648551 4.331471 13.643070
33.402278 3.018540 13.645077
33.448427 3.918344 16.638973
33.448427 3.887258 15.682278
33.448427 3.000000 16.908927
33.448427 9.239879 10.420582
32.655449 8.777309 10.149571
33.420625 9.223661 11.377240
33.448427 9.239879 13.091283
32.648551 8.826753 13.416485
33.402278 10.139683 13.414477
31.167769 7.909495 21.063651
30.367893 8.322622 20.738449
31.121620 7.009691 20.740457
31.167769 7.909495 23.734352
30.374792 8.372066 24.005363
31.139967 7.925714 22.777694
31.167769 5.248728 17.515962
31.213919 6.148532 17.192767
31.967646 4.835602 17.190759
31.167769 5.248728 20.186662
30.374792 4.786158 20.457673
31.139967 5.232510 19.230004
33.448427 3.918344 21.063651
32.648551 4.331471 20.738449
33.402278 3.018540 20.740457
33.448427 3.918344 23.734352
33.420625 3.934562 22.777694
32.655449 4.380915 24.005363
33.448427 9.239879 17.515962
32.648551 8.826753 17.190759
33.402278 10.139683 17.192767
33.448427 9.239879 20.186662
32.655449 8.777309 20.457673
33.420625 9.223661 19.230004
31.167769 7.909495 28.159031
30.367893 8.322622 27.833829
31.121620 7.009691 27.835837
31.167769 7.909495 30.829732
30.374792 8.372066 31.100742
31.139967 7.925714 29.873073
31.167769 5.248728 24.611341
30.367893 4.835602 24.286139
31.121620 6.148532 24.288147
31.167769 5.248728 27.282042
30.374792 4.786158 27.553053
31.139967 5.232510 26.325384
33.448427 3.918344 28.159031
32.648551 4.331471 27.833829
33.402278 3.018540 27.835837
33.448427 3.918344 30.829732
33.448427 3.887258 29.873037
33.448427 3.000000 31.099687
33.448427 9.239879 24.611341
32.648551 8.826753 24.286139
33.402278 10.139683 24.288147
33.448427 9.239879 27.282042
32.655449 8.777309 27.553053
33.420625 9.223661 26.325384
31.167769 7.909495 35.254411
30.367893 8.322622 34.929209
31.121620 7.009691 34.931217
31.167769 7.909495 37.925112
30.374792 8.372066 38.196122
31.139967 7.925714 36.968453
31.167769 5.248728 31.706721
31.213919 6.148532 31.383527
31.967646 4.835602 31.381519
31.167769 5.248728 34.377422
30.374792 4.786158 34.648432
31.139967 5.232510 33.420763
33.448427 3.918344 35.254411
32.648551 4.331471 34.929209
33.402278 3.018540 34.931217
33.448427 3.918344 37.925112
33.420625 3.934562 36.968453
32.655449 4.380915 38.196122
33.448427 9.239879 31.706721
32.648551 8.826753 31.381519
33.402278 10.139683 31.383527
33.448427 9.239879 34.377422
32.655449 8.777309 34.648432
33.420625 9.223661 33.420763
31.167769 7.909495 42.349791
30.367893 8.322622 42.024589
31.121620 7.009691 42.026596
31.167769 7.909495 45.020492
30.374792 8.372066 45.291502
31.139967 7.925714 44.063833
31.167769 5.248728 38.802101
30.367893 4.835602 38.476899
31.121620 6.148532 38.478906
31.167769 5.248728 41.472802
30.374792 4.786158 41.743812
31.139967 5.232510 40.516143
33.448427 3.918344 42.349791
32.648551 4.331471 42.024589
33.402278 3.018540 42.026596
33.448427 3.918344 45.020492
33.448427 3.887258 44.063796
33.448427 3.000000 45.290446
33.448427 9.239879 38.802101
32.648551 8.826753 38.476899
33.402278 10.139683 38.478906
33.448427 9.239879 41.472802
32.655449 8.777309 41.743812
33.420625 9.223661 40.516143
31.167769 7.909495 49.445170
30.367893 8.322622 49.119968
31.121620 7.009691 49.121976
31.167769 7.909495 52.115871
30.374792 8.372066 52.386882
31.139967 7.925714 51.159213
31.167769 5.248728 45.897480
31.213919 6.148532 45.574286
31.967646 4.835602 45.572278
31.167769 5.248728 48.568181
30.374792 4.786158 48.839192
31.139967 5.232510 47.611523
33.448427 3.918344 49.445170
32.648551 4.331471 49.119968
33.402278 3.018540 49.121976
33.448427 3.918344 52.115871
33.420625 3.934562 51.159213
32.655449 4.380915 52.386882
33.448427 9.239879 45.897480
32.648551 8.826753 45.572278
33.402278 10.139683 45.574286
33.448427 9.239879 48.568181
32.655449 8.777309 48.839192
33.420625 9.223661 47.611523
31.167769 7.909495 56.540550
30.367893 8.322622 56.215348
31.121620 7.009691 56.217356
31.167769 7.909495 59.211251
30.374792 8.372066 59.482261
31.139967 7.925714 58.254592
31.167769 5.248728 52.992860
30.367893 4.835602 52.667658
31.121620 6.148532 52.669666
31.167769 5.248728 55.663561
30.374792 4.786158 55.934572
31.139967 5.232510 54.706902
33.448427 3.918344 56.540550
32.648551 4.331471 56.215348
33.402278 3.018540 56.217356
33.448427 3.918344 59.211251
33.448427 3.887258 58.254556
33.448427 3.000000 59.481206
33.448427 9.239879 52.992860
32.648551 8.826753 52.667658
33.402278 10.139683 52.669666
33.448427 9.239879 55.663561
32.655449 8.777309 55.934572
33.420625 9.223661 54.706902
31.167769 7.909495 63.635930
30.367893 8.322622 63.310728
31.121620 7.009691 63.312735
31.167769 7.909495 66.306631
30.374792 8.372066 66.577641
31.139967 7.925714 65.349972
31.167769 5.248728 60.088240
31.213919 6.148532 59.765046
31.967646 4.835602 59.763038
31.167769 5.248728 62.758941
30.374792 4.786158 63.029951
31.139967 5.232510 61.802282
33.448427 3.918344 63.635930
32.655449 4.380915 63.364919
33.420625 3.934562 64.592589
33.448427 3.918344 66.306631
32.648551 4.331471 66.631833
33.402278 3.018540 66.629825
33.448427 9.239879 60.088240
32.648551 8.826753 59.763038
33.402278 10.139683 59.765046
33.448427 9.239879 62.758941
32.655449 8.777309 63.029951
33.420625 9.223661 61.802282
31.167769 15.891798 6.872892
30.374792 16.354368 6.601882
31.139967 15.908016 7.829551
31.167769 15.891798 9.543593
30.367893 16.304924 9.868795
31.121620 14.991994 9.866787
31.167769 13.231030 3.325202
30.374792 12.768460 3.054192
31.139967 13.214812 4.281861
31.167769 13.231030 5.995903
31.213919 14.130834 6.319097
31.967646 12.817904 6.321105
33.448427 11.900647 6.872892
33.448427 10.982302 6.602937
33.448427 11.869560 7.829587
33.448427 11.900647 9.543593
33.494577 11.000842 9.866787
34.248303 12.313773 9.868795
33.448427 17.222181 3.325202
33.420625 17.205963 4.281861
32.655449 16.759611 3.054192
33.448427 17.222181 5.995903
32.648551 16.809055 6.321105
33.402278 18.121986 6.319097
31.167769 15.891798 13.968272
30.374792 16.354368 13.697261
31.139967 15.908016 14.924930
31.167769 15.891798 16.638973
30.367893 16.304924 16.964175
31.121620 14.991994 16.962167
31.167769 13.231030 10.420582
30.410819 12.741868 10.098126
31.924720 12.741868 10.098126
31.167769 13.231030 13.091283
31.167769 14.149375 13.361237
31.167769 13.262117 12.134588
33.448427 11.900647 13.968272
32.691477 12.389809 13.645816
34.205378 12.389809 13.645816
33.448427 11.900647 16.638973
33.420625 11.916865 15.682314
32.655449 12.363217 16.909983
33.448427 17.222181 10.420582
32.648551 16.809055 10.095380
33.402278 18.121986 10.097387
33.448427 17.222181 13.091283
32.655449 16.759611 13.362293
33.420625 17.205963 12.134624
31.167769 15.891798 21.063651
30.374792 16.354368 20.792641
31.139967 15.908016 22.020310
31.167769 15.891798 23.734352
30.367893 16.304924 24.059554
31.121620 14.991994 24.057547
31.167769 13.231030 17.515962
30.374792 12.768460 17.244951
31.139967 13.214812 18.472620
31.167769 13.231030 20.186662
31.213919 14.130834 20.509857
31.967646 12.817904 20.511865
33.448427 11.900647 21.063651
33.494577 11.000842 20.740457
34.248303 12.313773 20.738449
33.448427 11.900647 23.734352
33.420625 11.916865 22.777694
32.655449 12.363217 24.005363
33.448427 17.222181 17.515962
32.648551 16.809055 17.190759
33.402278 18.121986 17.192767
33.448427 17.222181 20.186662
32.655449 16.759611 20.457673
33.420625 17.205963 19.230004
31.167769 15.891798 28.159031
30.374792 16.354368 27.888021
31.139967 15.908016 29.115690
31.167769 15.891798 30.829732
30.367893 16.304924 31.154934
31.121620 14.991994 31.152926
31.167769 13.231030 24.611341
30.374792 12.768460 24.340331
31.139967 13.214812 25.568000
31.167769 13.231030 27.282042
31.213919 14.130834 27.605237
31.967646 12.817904 27.607244
33.448427 11.900647 28.159031
33.494577 11.000842 27.835837
34.248303 12.313773 27.833829
33.448427 11.900647 30.829732
33.420625 11.916865 29.873073
32.655449 12.363217 31.100742
33.448427 17.222181 24.611341
32.648551 16.809055 24.286139
33.402278 18.121986 24.288147
33.448427 17.222181 27.282042
32.655449 16.759611 27.553053
33.420625 17.205963 26.325384
31.167769 15.891798 35.254411
30.374792 16.354368 34.983400
31.139967 15.908016 36.211070
31.167769 15.891798 37.925112
30.367893 16.304924 38.250314
31.121620 14.991994 38.248306
31.167769 13.231030 31.706721
30.374792 12.768460 31.435711
31.139967 13.214812 32.663380
31.167769 13.231030 34.377422
31.213919 14.130834 34.700616
31.967646 12.817904 34.702624
33.448427 11.900647 35.254411
33.494577 11.000842 34.931217
34.248303 12.313773 34.929209
33.448427 11.900647 37.925112
33.420625 11.916865 36.968453
32.655449 12.363217 38.196122
33.448427 17.222181 31.706721
32.648551 16.809055 31.381519
33.402278 18.121986 31.383527
33.448427 17.222181 34.377422
32.655449 16.759611 34.648432
33.420625 17.205963 33.420763
31.167769 15.891798 42.349791
30.374792 16.354368 42.078780
31.139967 15.908016 43.306449
31.167769 15.891798 45.020492
30.367893 16.304924 45.345694
31.121620 14.991994 45.343686
31.167769 13.231030 38.802101
30.374792 12.768460 38.531090
31.139967 13.214812 39.758759
31.167769 13.231030 41.472802
31.213919 14.130834 41.795996
31.967646 12.817904 41.798004
33.448427 11.900647 42.349791
33.494577 11.000842 42.026596
34.248303 12.313773 42.024589
33.448427 11.900647 45.020492
33.420625 11.916865 44.063833
32.655449 12.363217 45.291502
33.448427 17.222181 38.802101
32.648551 16.809055 38.476899
33.402278 18.121986 38.478906
33.448427 17.222181 41.472802
32.655449 16.759611 41.743812
33.420625 17.205963 40.516143
31.167769 15.891798 49.445170
30.374792 16.354368 49.174160
31.139967 15.908016 50.401829
31.167769 15.891798 52.115871
30.367893 16.304924 52.441073
31.121620 14.991994 52.439066
31.167769 13.231030 45.897480
30.374792 12.768460 45.626470
31.139967 13.214812 46.854139
31.167769 13.231030 48.568181
31.213919 14.130834 48.891376
31.967646 12.817904 48.893383
33.448427 11.900647 49.445170
33.494577 11.000842 49.121976
34.248303 12.313773 49.119968
33.448427 11.900647 52.115871
33.420625 11.916865 51.159213
32.655449 12.363217 52.386882
33.448427 17.222181 45.897480
32.648551 16.809055 45.572278
33.402278 18.121986 45.574286
33.448427 17.222181 48.568181
32.655449 16.759611 48.839192
33.420625 17.205963 47.611523
31.167769 15.891798 56.540550
30.374792 16.354368 56.269540
31.139967 15.908016 57.497209
31.167769 15.891798 59.211251
30.367893 16.304924 59.536453
31.121620 14.991994 59.534445
31.167769 13.231030 52.992860
30.374792 12.768460 52.721850
31.139967 13.214812 53.949519
31.167769 13.231030 55.663561
31.213919 14.130834 55.986756
31.967646 12.817904 55.988763
33.448427 11.900647 56.540550
33.494577 11.000842 56.217356
34.248303 12.313773 56.215348
33.448427 11.900647 59.211251
33.420625 11.916865 58.254592
32.655449 12.363217 59.482261
33.448427 17.222181 52.992860
32.648551 16.809055 52.667658
33.402278 18.121986 52.669666
33.448427 17.222181 55.663561
32.655449 16.759611 55.934572
33.420625 17.205963 54.706902
31.167769 15.891798 63.635930
30.374792 16.354368 63.364919
31.139967 15.908016 64.592589
31.167769 15.891798 66.306631
30.367893 16.304924 66.631833
31.121620 14.991994 66.629825
31.167769 13.231030 60.088240
30.374792 12.768460 59.817230
31.139967 13.214812 61.044899
31.167769 13.231030 62.758941
31.213919 14.130834 63.082135
31.967646 12.817904 63.084143
33.448427 11.900647 63.635930
33.494577 11.000842 63.312735
34.248303 12.313773 63.310728
33.448427 11.900647 66.306631
32.655449 12.363217 66.577641
33.420625 11.916865 65.349972
33.448427 17.222181 60.088240
32.648551 16.809055 59.763038
33.402278 18.121986 59.765046
33.448427 17.222181 62.758941
32.655449 16.759611 63.029951
33.420625 17.205963 61.802282
31.167769 23.874100 6.872892
30.367893 24.287226 6.547690
31.121620 22.974296 6.549698
31.167769 23.874100 9.543593
30.374792 24.336670 9.814603
31.139967 23.890318 8.586934
31.167769 21.213332 3.325202
30.410819 20.724170 3.002746
31.924720 20.724170 3.002746
31.167769 21.213332 5.995903
30.374792 20.750762 6.266913
31.139967 21.197114 5.039244
33.448427 19.882949 6.872892
32.691477 20.372111 6.550436
34.205378 20.372111 6.550436
33.448427 19.882949 9.543593
33.420625 19.899167 8.586934
32.655449 20.345519 9.814603
33.448427 25.204484 3.325202
33.420625 25.188266 4.281861
32.655449 24.741913 3.054192
33.448427 25.204484 5.995903
32.648551 24.791357 6.321105
33.402278 26.104288 6.319097
31.167769 23.874100 13.968272
30.374792 24.336670 13.697261
31.139967 23.890318 14.924930
31.167769 23.874100 16.638973
30.367893 24.287226 16.964175
31.121620 22.974296 16.962167
31.167769 21.213332 10.420582
31.167769 22.131677 10.150627
31.167769 21.244419 11.377277
31.167769 21.213332 13.091283
31.213919 22.113137 13.414477
31.967646 20.800206 13.416485
33.448427 19.882949 13.968272
33.494577 18.983145 13.645077
34.248303 20.296075 13.643070
33.448427 19.882949 16.638973
33.420625 19.899167 15.682314
32.655449 20.345519 16.909983
33.448427 25.204484 10.420582
32.648551 24.791357 10.095380
33.402278 26.104288 10.097387
33.448427 25.204484 13.091283
32.655449 24.741913 13.362293
33.420625 25.188266 12.134624
31.167769 23.874100 21.063651
30.374792 24.336670 20.792641
31.139967 23.890318 22.020310
31.167769 23.874100 23.734352
30.367893 24.287226 24.059554
31.121620 22.974296 24.057547
31.167769 21.213332 17.515962
30.374792 20.750762 17.244951
31.139967 21.197114 18.472620
31.167769 21.213332 20.186662
31.213919 22.113137 20.509857
31.967646 20.800206 20.511865
33.448427 19.882949 21.063651
33.494577 18.983145 20.740457
34.248303 20.296075 20.738449
33.448427 19.882949 23.734352
33.420625 19.899167 22.777694
32.655449 20.345519 24.005363
33.448427 25.204484 17.515962
32.648551 24.791357 17.190759
33.402278 26.104288 17.192767
33.448427 25.204484 20.186662
32.655449 24.741913 20.457673
33.420625 25.188266 19.230004
31.167769 23.874100 28.159031
30.374792 24.336670 27.888021
31.139967 23.890318 29.115690
31.167769 23.874100 30.829732
30.367893 24.287226 31.154934
31.121620 22.974296 31.152926
31.167769 21.213332 24.611341
30.374792 20.750762 24.340331
31.139967 21.197114 25.568000
31.167769 21.213332 27.282042
31.213919 22.113137 27.605237
31.967646 20.800206 27.607244
33.448427 19.882949 28.159031
33.494577 18.983145 27.835837
34.248303 20.296075 27.833829
33.448427 19.882949 30.829732
33.420625 19.899167 29.873073
32.655449 20.345519 31.100742
33.448427 25.204484 24.611341
32.648551 24.791357 24.286139
33.402278 26.104288 24.288147
33.448427 25.204484 27.282042
32.655449 24.741913 27.553053
33.420625 25.188266 26.325384
31.167769 23.874100 35.254411
30.374792 24.336670 34.983400
31.139967 23.890318 36.211070
31.167769 23.874100 37.925112
30.367893 24.287226 38.250314
31.121620 22.974296 38.248306
31.167769 21.213332 31.706721
30.374792 20.750762 31.435711
31.139967 21.197114 32.663380
31.167769 21.213332 34.377422
31.213919 22.113137 34.700616
31.967646 20.800206 34.702624
33.448427 19.882949 35.254411
33.494577 18.983145 34.931217
34.248303 20.296075 34.929209
33.448427 19.882949 37.925112
33.420625 19.899167 36.968453
32.655449 20.345519 38.196122
33.448427 25.204484 31.706721
32.648551 24.791357 31.381519
33.402278 26.104288 31.383527
33.448427 25.204484 34.377422
32.655449 24.741913 34.648432
33.420625 25.188266 33.420763
31.167769 23.874100 42.349791
30.374792 24.336670 42.078780
31.139967 23.890318 43.306449
31.167769 23.874100 45.020492
30.367893 24.287226 45.345694
31.121620 22.974296 45.343686
31.167769 21.213332 38.802101
30.374792 20.750762 38.531090
31.139967 21.197114 39.758759
31.167769 21.213332 41.472802
31.213919 22.113137 41.795996
31.967646 20.800206 41.798004
33.448427 19.882949 42.349791
33.494577 18.983145 42.026596
34.248303 20.296075 42.024589
33.448427 19.882949 45.020492
33.420625 19.899167 44.063833
32.655449 20.345519 45.291502
33.448427 25.204484 38.802101
32.648551 24.791357 38.476899
33.402278 26.104288 38.478906
33.448427 25.204484 41.472802
32.655449 24.741913 41.743812
33.420625 25.188266 40.516143
31.167769 23.874100 49.445170
30.374792 24.336670 49.174160
31.139967 23.890318 50.401829
31.167769 23.874100 52.115871
30.367893 24.287226 52.441073
31.121620 22.974296 52.439066
31.167769 21.213332 45.897480
30.374792 20.750762 45.626470
31.139967 21.197114 46.854139
31.167769 21.213332 48.568181
31.213919 22.113137 48.891376
31.967646 20.800206 48.893383
33.448427 19.882949 49.445170
33.494577 18.983145 49.121976
34.248303 20.296075 49.119968
33.448427 19.882949 52.115871
33.420625 19.899167 51.159213
32.655449 20.345519 52.386882
33.448427 25.204484 45.897480
32.648551 24.791357 45.572278
33.402278 26.104288 45.574286
33.448427 25.204484 48.568181
32.655449 24.741913 48.839192
33.420625 25.188266 47.611523
31.167769 23.874100 56.540550
30.374792 24.336670 56.269540
31.139967 23.890318 57.497209
31.167769 23.874100 59.211251
30.367893 24.287226 59.536453
31.121620 22.974296 59.534445
31.167769 21.213332 52.992860
30.374792 20.750762 52.721850
31.139967 21.197114 53.949519
31.167769 21.213332 55.663561
31.213919 22.113137 55.986756
31.967646 20.800206 55.988763
33.448427 19.882949 56.540550
33.494577 18.983145 56.217356
34.248303 20.296075 56.215348
33.448427 19.882949 59.211251
33.420625 19.899167 58.254592
32.655449 20.345519 59.482261
33.448427 25.204484 52.992860
32.648551 24.791357 52.667658
33.402278 26.104288 52.669666
33.448427 25.204484 55.663561
32.655449 24.741913 55.934572
33.420625 25.188266 54.706902
31.167769 23.874100 63.635930
30.374792 24.336670 63.364919
31.139967 23.890318 64.592589
31.167769 23.874100 66.306631
30.367893 24.287226 66.631833
31.121620 22.974296 66.629825
31.167769 21.213332 60.088240
30.374792 20.750762 59.817230
31.139967 21.197114 61.044899
31.167769 21.213332 62.758941
31.213919 22.113137 63.082135
31.967646 20.800206 63.084143
33.448427 19.882949 63.635930
33.494577 18.983145 63.312735
34.248303 20.296075 63.310728
33.448427 19.882949 66.306631
33.448427 18.964604 66.576585
33.448427 19.851862 65.349936
33.448427 25.204484 60.088240
32.648551 24.791357 59.763038
33.402278 26.104288 59.765046
33.448427 25.204484 62.758941
32.655449 24.741913 63.029951
33.420625 25.188266 61.802282
31.167769 31.856402 6.872892
30.367893 32.269529 6.547690
31.121620 30.956598 6.549698
31.167769 31.856402 9.543593
30.374792 32.318972 9.814603
31.139967 31.872620 8.586934
31.167769 29.195635 3.325202
30.410819 28.706472 3.002746
31.924720 28.706472 3.002746
31.167769 29.195635 5.995903
30.374792 28.733064 6.266913
31.139967 29.179417 5.039244
33.448427 27.865251 6.872892
32.691477 28.354414 6.550436
34.205378 28.354414 6.550436
33.448427 27.865251 9.543593
33.420625 27.881469 8.586934
32.655449 28.327821 9.814603
33.448427 33.186786 3.325202
33.420625 33.170568 4.281861
32.655449 32.724215 3.054192
33.448427 33.186786 5.995903
32.648551 32.773659 6.321105
33.402278 34.086590 6.319097
31.167769 31.856402 13.968272
30.374792 32.318972 13.697261
31.139967 31.872620 14.924930
31.167769 31.856402 16.638973
30.367893 32.269529 16.964175
31.121620 30.956598 16.962167
31.167769 29.195635 10.420582
31.167769 30.113979 10.150627
31.167769 29.226721 11.377277
31.167769 29.195635 13.091283
31.213919 30.095439 13.414477
31.967646 28.782508 13.416485
33.448427 27.865251 13.968272
33.494577 26.965447 13.645077
34.248303 28.278378 13.643070
33.448427 27.865251 16.638973
33.420625 27.881469 15.682314
32.655449 28.327821 16.909983
33.448427 33.186786 10.420582
32.648551 32.773659 10.095380
33.402278 34.086590 10.097387
33.448427 33.186786 13.091283
32.655449 32.724215 13.362293
33.420625 33.170568 12.134624
31.167769 31.856402 21.063651
30.374792 32.318972 20.792641
31.139967 31.872620 22.020310
31.167769 31.856402 23.734352
30.367893 32.269529 24.059554
31.121620 30.956598 24.057547
31.167769 29.195635 17.515962
30.374792 28.733064 17.244951
31.139967 29.179417 18.472620
31.167769 29.195635 20.186662
31.213919 30.095439 20.509857
31.967646 28.782508 20.511865
33.448427 27.865251 21.063651
33.494577 26.965447 20.740457
34.248303 28.278378 20.738449
33.448427 27.865251 23.734352
33.420625 27.881469 22.777694
32.655449 28.327821 24.005363
33.448427 33.186786 17.515962
32.648551 32.773659 17.190759
33.402278 34.086590 17.192767
33.448427 33.186786 20.186662
32.655449 32.724215 20.457673
33.420625 33.170568 19.230004
31.167769 31.856402 28.159031
30.374792 32.318972 27.888021
31.139967 31.872620 29.115690
31.167769 31.856402 30.829732
30.367893 32.269529 31.154934
31.121620 30.956598 31.152926
31.167769 29.195635 24.611341
30.374792 28.733064 24.340331
31.139967 29.179417 25.568000
31.167769 29.195635 27.282042
31.213919 30.095439 27.605237
31.967646 28.782508 27.607244
33.448427 27.865251 28.159031
33.494577 26.965447 27.835837
34.248303 28.278378 27.833829
33.448427 27.865251 30.829732
33.420625 27.881469 29.873073
32.655449 28.327821 31.100742
33.448427 33.186786 24.611341
32.648551 32.773659 24.286139
33.402278 34.086590 24.288147
33.448427 33.186786 27.282042
32.655449 32.724215 27.553053
33.420625 33.170568 26.325384
31.167769 31.856402 35.254411
30.374792 32.318972 34.983400
31.139967 31.872620 36.211070
31.167769 31.856402 37.925112
30.367893 32.269529 38.250314
31.121620 30.956598 38.248306
31.167769 29.195635 31.706721
30.374792 28.733064 31.435711
31.139967 29.179417 32.663380
31.167769 29.195635 34.377422
31.213919 30.095439 34.700616
31.967646 28.782508 34.702624
33.448427 27.865251 35.254411
33.494577 26.965447 34.931217
34.248303 28.278378 34.929209
33.448427 27.865251 37.925112
33.420625 27.881469 36.968453
32.655449 28.327821 38.196122
33.448427 33.186786 31.706721
32.648551 32.773659 31.381519
33.402278 34.086590 31.383527
33.448427 33.186786 34.377422
32.655449 32.724215 34.648432
33.420625 33.170568 33.420763
31.167769 31.856402 42.349791
30.374792 32.318972 42.078780
31.139967 31.872620 43.306449
31.167769 31.856402 45.020492
30.367893 32.269529 45.345694
31.121620 30.956598 45.343686
31.167769 29.195635 38.802101
30.374792 28.733064 38.531090
31.139967 29.179417 39.758759
31.167769 29.195635 41.472802
31.213919 30.095439 41.795996
31.967646 28.782508 41.798004
33.448427 27.865251 42.349791
33.494577 26.965447 42.026596
34.248303 28.278378 42.024589
33.448427 27.865251 45.020492
33.420625 27.881469 44.063833
32.655449 28.327821 45.291502
33.448427 33.186786 38.802101
32.648551 32.773659 38.476899
33.402278 34.086590 38.478906
33.448427 33.186786 41.472802
32.655449 32.724215 41.743812
33.420625 33.170568 40.516143
31.167769 31.856402 49.445170
30.374792 32.318972 49.174160
31.139967 31.872620 50.401829
31.167769 31.856402 52.115871
30.367893 32.269529 52.441073
31.121620 30.956598 52.439066
31.167769 29.195635 45.897480
30.374792 28.733064 45.626470
31.139967 29.179417 46.854139
31.167769 29.195635 48.568181
31.213919 30.095439 48.891376
31.967646 28.782508 48.893383
33.448427 27.865251 49.445170
33.494577 26.965447 49.121976
34.248303 28.278378 49.119968
33.448427 27.865251 52.115871
33.420625 27.881469 51.159213
32.655449 28.327821 52.386882
33.448427 33.186786 45.897480
32.648551 32.773659 45.572278
33.402278 34.086590 45.574286
33.448427 33.186786 48.568181
32.655449 32.724215 48.839192
33.420625 33.170568 47.611523
31.167769 31.856402 56.540550
30.374792 32.318972 56.269540
31.139967 31.872620 57.497209
31.167769 31.856402 59.211251
30.367893 32.269529 59.536453
31.121620 30.956598 59.534445
31.167769 29.195635 52.992860
30.374792 28.733064 52.721850
31.139967 29.179417 53.949519
31.167769 29.195635 55.663561
31.213919 30.095439 55.986756
31.967646 28.782508 55.988763
33.448427 27.865251 56.540550
33.494577 26.965447 56.217356
34.248303 28.278378 56.215348
33.448427 27.865251 59.211251
33.420625 27.881469 58.254592
32.655449 28.327821 59.482261
33.448427 33.186786 52.992860
32.648551 32.773659 52.667658
33.402278 34.086590 52.669666
33.448427 33.186786 55.663561
32.655449 32.724215 55.934572
33.420625 33.170568 54.706902
31.167769 31.856402 63.635930
30.374792 32.318972 63.364919
31.139967 31.872620 64.592589
31.167769 31.856402 66.306631
30.367893 32.269529 66.631833
31.121620 30.956598 66.629825
31.167769 29.195635 60.088240
30.374792 28.733064 59.817230
31.139967 29.179417 61.044899
31.167769 29.195635 62.758941
31.213919 30.095439 63.082135
31.967646 28.782508 63.084143
33.448427 27.865251 63.635930
33.494577 26.965447 63.312735
34.248303 28.278378 63.310728
33.448427 27.865251 66.306631
33.448427 26.946907 66.576585
33.448427 27.834164 65.349936
33.448427 33.186786 60.088240
32.648551 32.773659 59.763038
33.402278 34.086590 59.765046
33.448427 33.186786 62.758941
32.655449 32.724215 63.029951
33.420625 33.170568 61.802282
31.167769 39.838704 6.872892
30.367893 40.251831 6.547690
31.121620 38.938900 6.549698
31.167769 39.838704 9.543593
30.374792 40.301275 9.814603
31.139967 39.854922 8.586934
31.167769 37.177937 3.325202
30.410819 36.688774 3.002746
31.924720 36.688774 3.002746
31.167769 37.177937 5.995903
30.374792 36.715367 6.266913
31.139967 37.161719 5.039244
33.448427 35.847553 6.872892
32.691477 36.336716 6.550436
34.205378 36.336716 6.550436
33.448427 35.847553 9.543593
33.420625 35.863771 8.586934
32.655449 36.310124 9.814603
33.448427 41.169088 3.325202
33.420625 41.152870 4.281861
32.655449 40.706518 3.054192
33.448427 41.169088 5.995903
32.648551 40.755961 6.321105
33.402278 42.068892 6.319097
31.167769 39.838704 13.968272
30.374792 40.301275 13.697261
31.139967 39.854922 14.924930
31.167769 39.838704 16.638973
30.367893 40.251831 16.964175
31.121620 38.938900 16.962167
31.167769 37.177937 10.420582
31.167769 38.096281 10.150627
31.167769 37.209024 11.377277
31.167769 37.177937 13.091283
31.213919 38.077741 13.414477
31.967646 36.764810 13.416485
33.448427 35.847553 13.968272
33.494577 34.947749 13.645077
34.248303 36.260680 13.643070
33.448427 35.847553 16.638973
33.420625 35.863771 15.682314
32.655449 36.310124 16.909983
33.448427 41.169088 10.420582
32.648551 40.755961 10.095380
33.402278 42.068892 10.097387
33.448427 41.169088 13.091283
32.655449 40.706518 13.362293
33.420625 41.152870 12.134624
31.167769 39.838704 21.063651
30.374792 40.301275 20.792641
31.139967 39.854922 22.020310
31.167769 39.838704 23.734352
30.367893 40.251831 24.059554
31.121620 38.938900 24.057547
31.167769 37.177937 17.515962
30.374792 36.715367 17.244951
31.139967 37.161719 18.472620
31.167769 37.177937 20.186662
31.213919 38.077741 20.509857
31.967646 36.764810 20.511865
33.448427 35.847553 21.063651
33.494577 34.947749 20.740457
34.248303 36.260680 20.738449
33.448427 35.847553 23.734352
33.420625 35.863771 22.777694
32.655449 36.310124 24.005363
33.448427 41.169088 17.515962
32.648551 40.755961 17.190759
33.402278 42.068892 17.192767
33.448427 41.169088 20.186662
32.655449 40.706518 20.457673
33.420625 41.152870 19.230004
31.167769 39.838704 28.159031
30.374792 40.301275 27.888021
31.139967 39.854922 29.115690
31.167769 39.838704 30.829732
30.367893 40.251831 31.154934
31.121620 38.938900 31.152926
31.167769 37.177937 24.611341
30.374792 36.715367 24.340331
31.139967 37.161719 25.568000
31.167769 37.177937 27.282042
31.213919 38.077741 27.605237
31.967646 36.764810 27.607244
33.448427 35.847553 28.159031
33.494577 34.947749 27.835837
34.248303 36.260680 27.833829
33.448427 35.847553 30.829732
33.420625 35.863771 29.873073
32.655449 36.310124 31.100742
33.448427 41.169088 24.611341
32.648551 40.755961 24.286139
33.402278 42.068892 24.288147
33.448427 41.169088 27.282042
32.655449 40.706518 27.553053
33.420625 41.152870 26.325384
31.167769 39.838704 35.254411
30.374792 40.301275 34.983400
31.139967 39.854922 36.211070
31.167769 39.838704 37.925112
30.367893 40.251831 38.250314
31.121620 38.938900 38.248306
31.167769 37.177937 31.706721
30.374792 36.715367 31.435711
31.139967 37.161719 32.663380
31.167769 37.177937 34.377422
31.213919 38.077741 34.700616
31.967646 36.764810 34.702624
33.448427 35.847553 35.254411
33.494577 34.947749 34.931217
34.248303 36.260680 34.929209
33.448427 35.847553 37.925112
33.420625 35.863771 36.968453
32.655449 36.310124 38.196122
33.448427 41.169088 31.706721
32.648551 40.755961 31.381519
33.402278 42.068892 31.383527
33.448427 41.169088 34.377422
32.655449 40.706518 34.648432
33.420625 41.152870 33.420763
31.167769 39.838704 42.349791
30.374792 40.301275 42.078780
31.139967 39.854922 43.306449
31.167769 39.838704 45.020492
30.367893 40.251831 45.345694
31.121620 38.938900 45.343686
31.167769 37.177937 38.802101
30.374792 36.715367 38.531090
31.139967 37.161719 39.758759
31.167769 37.177937 41.472802
31.213919 38.077741 41.795996
31.967646 36.764810 41.798004
33.448427 35.847553 42.349791
33.494577 34.947749 42.026596
34.248303 36.260680 42.024589
33.448427 35.847553 45.020492
33.420625 35.863771 44.063833
32.655449 36.310124 45.291502
33.448427 41.169088 38.802101
32.648551 40.755961 38.476899
33.402278 42.068892 38.478906
33.448427 41.169088 41.472802
32.655449 40.706518 41.743812
33.420625 41.152870 40.516143
31.167769 39.838704 49.445170
30.374792 40.301275 49.174160
31.139967 39.854922 50.401829
31.167769 39.838704 52.115871
30.367893 40.251831 52.441073
31.121620 38.938900 52.439066
31.167769 37.177937 45.897480
30.374792 36.715367 45.626470
31.139967 37.161719 46.854139
31.167769 37.177937 48.568181
31.213919 38.077741 48.891376
31.967646 36.764810 48.893383
33.448427 35.847553 49.445170
33.494577 34.947749 49.121976
34.248303 36.260680 49.119968
33.448427 35.847553 52.115871
33.420625 35.863771 51.159213
32.655449 36.310124 52.386882
33.448427 41.169088 45.897480
32.648551 40.755961 45.572278
33.402278 42.068892 45.574286
33.448427 41.169088 48.568181
32.655449 40.706518 48.839192
33.420625 41.152870 47.611523
31.167769 39.838704 56.540550
30.374792 40.301275 56.269540
31.139967 39.854922 57.497209
31.167769 39.838704 59.211251
30.367893 40.251831 59.536453
31.121620 38.938900 59.534445
31.167769 37.177937 52.992860
30.374792 36.715367 52.721850
31.139967 37.161719 53.949519
31.167769 37.177937 55.663561
31.213919 38.077741 55.986756
31.967646 36.764810 55.988763
33.448427 35.847553 56.540550
33.494577 34.947749 56.217356
34.248303 36.260680 56.215348
33.448427 35.847553 59.211251
33.420625 35.863771 58.254592
32.655449 36.310124 59.482261
33.448427 41.169088 52.992860
32.648551 40.755961 52.667658
33.402278 42.068892 52.669666
33.448427 41.169088 55.663561
32.655449 40.706518 55.934572
33.420625 41.152870 54.706902
31.167769 39.838704 63.635930
30.374792 40.301275 63.364919
31.139967 39.854922 64.592589
31.167769 39.838704 66.306631
30.367893 40.251831 66.631833
31.121620 38.938900 66.629825
31.167769 37.177937 60.088240
30.374792 36.715367 59.817230
31.139967 37.161719 61.044899
31.167769 37.177937 62.758941
31.213919 38.077741 63.082135
31.967646 36.764810 63.084143
33.448427 35.847553 63.635930
33.494577 34.947749 63.312735
34.248303 36.260680 63.310728
33.448427 35.847553 66.306631
33.448427 34.929209 66.576585
33.448427 35.816466 65.349936
33.448427 41.169088 60.088240
32.648551 40.755961 59.763038
33.402278 42.068892 59.765046
33.448427 41.169088 62.758941
32.655449 40.706518 63.029951
33.420625 41.152870 61.802282
31.167769 47.821007 6.872892
30.367893 48.234133 6.547690
31.121620 46.921202 6.549698
31.167769 47.821007 9.543593
30.374792 48.283577 9.814603
31.139967 47.837225 8.586934
31.167769 45.160239 3.325202
30.410819 44.671076 3.002746
31.924720 44.671076 3.002746
31.167769 45.160239 5.995903
30.374792 44.697669 6.266913
31.139967 45.144021 5.039244
33.448427 43.829855 6.872892
32.691477 44.319018 6.550436
34.205378 44.319018 6.550436
33.448427 43.829855 9.543593
33.420625 43.846073 8.586934
32.655449 44.292426 9.814603
33.448427 49.151390 3.325202
33.420625 49.135172 4.281861
32.655449 48.688820 3.054192
33.448427 49.151390 5.995903
32.648551 48.738264 6.321105
33.402278 50.051194 6.319097
31.167769 47.821007 13.968272
30.374792 48.283577 13.697261
31.139967 47.837225 14.924930
31.167769 47.821007 16.638973
30.367893 48.234133 16.964175
31.121620 46.921202 16.962167
31.167769 45.160239 10.420582
31.167769 46.078583 10.150627
31.167769 45.191326 11.377277
31.167769 45.160239 13.091283
31.213919 46.060043 13.414477
31.967646 44.747113 13.416485
33.448427 43.829855 13.968272
33.494577 42.930051 13.645077
34.248303 44.242982 13.643070
33.448427 43.829855 16.638973
33.420625 43.846073 15.682314
32.655449 44.292426 16.909983
33.448427 49.151390 10.420582
32.648551 48.738264 10.095380
33.402278 50.051194 10.097387
33.448427 49.151390 13.091283
32.655449 48.688820 13.362293
33.420625 49.135172 12.134624
31.167769 47.821007 21.063651
30.374792 48.283577 20.792641
31.139967 47.837225 22.020310
31.167769 47.821007 23.734352
30.367893 48.234133 24.059554
31.121620 46.921202 24.057547
31.167769 45.160239 17.515962
30.374792 44.697669 17.244951
31.139967 45.144021 18.472620
31.167769 45.160239 20.186662
31.213919 46.060043 20.509857
31.967646 44.747113 20.511865
33.448427 43.829855 21.063651
33.494577 42.930051 20.740457
34.248303 44.242982 20.738449
33.448427 43.829855 23.734352
33.420625 43.846073 22.777694
32.655449 44.292426 24.005363
33.448427 49.151390 17.515962
32.648551 48.738264 17.190759
33.402278 50.051194 17.192767
33.448427 49.151390 20.186662
32.655449 48.688820 20.457673
33.420625 49.135172 19.230004
31.167769 47.821007 28.159031
30.374792 48.283577 27.888021
31.139967 47.837225 29.115690
31.167769 47.821007 30.829732
30.367893 48.234133 31.154934
31.121620 46.921202 31.152926
31.167769 45.160239 24.611341
30.374792 44.697669 24.340331
31.139967 45.144021 25.568000
31.167769 45.160239 27.282042
31.213919 46.060043 27.605237
31.967646 44.747113 27.607244
33.448427 43.829855 28.159031
33.494577 42.930051 27.835837
34.248303 44.242982 27.833829
33.448427 43.829855 30.829732
33.420625 43.846073 29.873073
32.655449 44.292426 31.100742
33.448427 49.151390 24.611341
32.648551 48.738264 24.286139
33.402278 50.051194 24.288147
33.448427 49.151390 27.282042
32.655449 48.688820 27.553053
33.420625 49.135172 26.325384
31.167769 47.821007 35.254411
30.374792 48.283577 34.983400
31.139967 47.837225 36.211070
31.167769 47.821007 37.925112
30.367893 48.234133 38.250314
31.121620 46.921202 38.248306
31.167769 45.160239 31.706721
30.374792 44.697669 31.435711
31.139967 45.144021 32.663380
31.167769 45.160239 34.377422
31.213919 46.060043 34.700616
31.967646 44.747113 34.702624
33.448427 43.829855 35.254411
33.494577 42.930051 34.931217
34.248303 44.242982 34.929209
33.448427 43.829855 37.925112
33.420625 43.846073 36.968453
32.655449 44.292426 38.196122
33.448427 49.151390 31.706721
32.648551 48.738264 31.381519
33.402278 50.051194 31.383527
33.448427 49.151390 34.377422
32.655449 48.688820 34.648432
33.420625 49.135172 33.420763
31.167769 47.821007 42.349791
30.374792 48.283577 42.078780
31.139967 47.837225 43.306449
31.167769 47.821007 45.020492
30.367893 48.234133 45.345694
31.121620 46.921202 45.343686
31.167769 45.160239 38.802101
30.374792 44.697669 38.531090
31.139967 45.144021 39.758759
31.167769 45.160239 41.472802
31.213919 46.060043 41.795996
31.967646 44.747113 41.798004
33.448427 43.829855 42.349791
33.494577 42.930051 42.026596
34.248303 44.242982 42.024589
33.448427 43.829855 45.020492
33.420625 43.846073 44.063833
32.655449 44.292426 45.291502
33.448427 49.151390 38.802101
32.648551 48.738264 38.476899
33.402278 50.051194 38.478906
33.448427 49.151390 41.472802
32.655449 48.688820 41.743812
33.420625 49.135172 40.516143
31.167769 47.821007 49.445170
30.374792 48.283577 49.174160
31.139967 47.837225 50.401829
31.167769 47.821007 52.115871
30.367893 48.234133 52.441073
31.121620 46.921202 52.439066
31.167769 45.160239 45.897480
30.374792 44.697669 45.626470
31.139967 45.144021 46.854139
31.167769 45.160239 48.568181
31.213919 46.060043 48.891376
31.967646 44.747113 48.893383
33.448427 43.829855 49.445170
33.494577 42.930051 49.121976
34.248303 44.242982 49.119968
33.448427 43.829855 52.115871
33.420625 43.846073 51.159213
32.655449 44.292426 52.386882
33.448427 49.151390 45.897480
32.648551 48.738264 45.572278
33.402278 50.051194 45.574286
33.448427 49.151390 48.568181
32.655449 48.688820 48.839192
33.420625 49.135172 47.611523
31.167769 47.821007 56.540550
30.374792 48.283577 56.269540
31.139967 47.837225 57.497209
31.167769 47.821007 59.211251
30.367893 48.234133 59.536453
31.121620 46.921202 59.534445
31.167769 45.160239 52.992860
30.374792 44.697669 52.721850
31.139967 45.144021 53.949519
31.167769 45.160239 55.663561
31.213919 46.060043 55.986756
31.967646 44.747113 55.988763
33.448427 43.829855 56.540550
33.494577 42.930051 56.217356
34.248303 44.242982 56.215348
33.448427 43.829855 59.211251
33.420625 43.846073 58.254592
32.655449 44.292426 59.482261
33.448427 49.151390 52.992860
32.648551 48.738264 52.667658
33.402278 50.051194 52.669666
33.448427 49.151390 55.663561
32.655449 48.688820 55.934572
33.420625 49.135172 54.706902
31.167769 47.821007 63.635930
30.374792 48.283577 63.364919
31.139967 47.837225 64.592589
31.167769 47.821007 66.306631
30.367893 48.234133 66.631833
31.121620 46.921202 66.629825
31.167769 45.160239 60.088240
30.374792 44.697669 59.817230
31.139967 45.144021 61.044899
31.167769 45.160239 62.758941
31.213919 46.060043 63.082135
31.967646 44.747113 63.084143
33.448427 43.829855 63.635930
33.494577 42.930051 63.312735
34.248303 44.242982 63.310728
33.448427 43.829855 66.306631
33.448427 42.911511 66.576585
33.448427 43.798769 65.349936
33.448427 49.151390 60.088240
32.648551 48.738264 59.763038
33.402278 50.051194 59.765046
33.448427 49.151390 62.758941
32.655449 48.688820 63.029951
33.420625 49.135172 61.802282
31.167769 55.803309 6.872892
30.367893 56.216435 6.547690
31.121620 54.903505 6.549698
31.167769 55.803309 9.543593
30.374792 56.265879 9.814603
31.139967 55.819527 8.586934
31.167769 53.142541 3.325202
30.410819 52.653379 3.002746
31.924720 52.653379 3.002746
31.167769 53.142541 5.995903
30.374792 52.679971 6.266913
31.139967 53.126323 5.039244
33.448427 51.812158 6.872892
32.691477 52.301320 6.550436
34.205378 52.301320 6.550436
33.448427 51.812158 9.543593
33.420625 51.828376 8.586934
32.655449 52.274728 9.814603
33.448427 57.133692 3.325202
33.420625 57.117474 4.281861
32.655449 56.671122 3.054192
33.448427 57.133692 5.995903
32.648551 56.720566 6.321105
33.402278 58.033497 6.319097
31.167769 55.803309 13.968272
30.374792 56.265879 13.697261
31.139967 55.819527 14.924930
31.167769 55.803309 16.638973
30.367893 56.216435 16.964175
31.121620 54.903505 16.962167
31.167769 53.142541 10.420582
31.167769 54.060886 10.150627
31.167769 53.173628 11.377277
31.167769 53.142541 13.091283
31.213919 54.042345 13.414477
31.967646 52.729415 13.416485
33.448427 51.812158 13.968272
33.494577 50.912353 13.645077
34.248303 52.225284 13.643070
33.448427 51.812158 16.638973
33.420625 51.828376 15.682314
32.655449 52.274728 16.909983
33.448427 57.133692 10.420582
32.648551 56.720566 10.095380
33.402278 58.033497 10.097387
33.448427 57.133692 13.091283
32.655449 56.671122 13.362293
33.420625 57.117474 12.134624
31.167769 55.803309 21.063651
30.374792 56.265879 20.792641
31.139967 55.819527 22.020310
31.167769 55.803309 23.734352
30.367893 56.216435 24.059554
31.121620 54.903505 24.057547
31.167769 53.142541 17.515962
30.374792 52.679971 17.244951
31.139967 53.126323 18.472620
31.167769 53.142541 20.186662
31.213919 54.042345 20.509857
31.967646 52.729415 20.511865
33.448427 51.812158 21.063651
33.494577 50.912353 20.740457
34.248303 52.225284 20.738449
33.448427 51.812158 23.734352
33.420625 51.828376 22.777694
32.655449 52.274728 24.005363
33.448427 57.133692 17.515962
32.648551 56.720566 17.190759
33.402278 58.033497 17.192767
33.448427 57.133692 20.186662
32.655449 56.671122 20.457673
33.420625 57.117474 19.230004
31.167769 55.803309 28.159031
30.374792 56.265879 27.888021
31.139967 55.819527 29.115690
31.167769 55.803309 30.829732
30.367893 56.216435 31.154934
31.121620 54.903505 31.152926
31.167769 53.142541 24.611341
30.374792 52.679971 24.340331
31.139967 53.126323 25.568000
31.167769 53.142541 27.282042
31.213919 54.042345 27.605237
31.967646 52.729415 27.607244
33.448427 51.812158 28.159031
33.494577 50.912353 27.835837
34.248303 52.225284 27.833829
33.448427 51.812158 30.829732
33.420625 51.828376 29.873073
32.655449 52.274728 31.100742
33.448427 57.133692 24.611341
32.648551 56.720566 24.286139
33.402278 58.033497 24.288147
33.448427 57.133692 27.282042
32.655449 56.671122 27.553053
33.420625 57.117474 26.325384
31.167769 55.803309 35.254411
30.374792 56.265879 34.983400
31.139967 55.819527 36.211070
31.167769 55.803309 37.925112
30.367893 56.216435 38.250314
31.121620 54.903505 38.248306
31.167769 53.142541 31.706721
30.374792 52.679971 31.435711
31.139967 53.126323 32.663380
31.167769 53.142541 34.377422
31.213919 54.042345 34.700616
31.967646 52.729415 34.702624
33.448427 51.812158 35.254411
33.494577 50.912353 34.931217
34.248303 52.225284 34.929209
33.448427 51.812158 37.925112
33.420625 51.828376 36.968453
32.655449 52.274728 38.196122
33.448427 57.133692 31.706721
32.648551 56.720566 31.381519
33.402278 58.033497 31.383527
33.448427 57.133692 34.377422
32.655449 56.671122 34.648432
33.420625 57.117474 33.420763
31.167769 55.803309 42.349791
30.374792 56.265879 42.078780
31.139967 55.819527 43.306449
31.167769 55.803309 45.020492
30.367893 56.216435 45.345694
31.121620 54.903505 45.343686
31.167769 53.142541 38.802101
30.374792 52.679971 38.531090
31.139967 53.126323 39.758759
31.167769 53.142541 41.472802
31.213919 54.042345 41.795996
31.967646 52.729415 41.798004
33.448427 51.812158 42.349791
33.494577 50.912353 42.026596
34.248303 52.225284 42.024589
33.448427 51.812158 45.020492
33.420625 51.828376 44.063833
32.655449 52.274728 45.291502
33.448427 57.133692 38.802101
32.648551 56.720566 38.476899
33.402278 58.033497 38.478906
33.448427 57.133692 41.472802
32.655449 56.671122 41.743812
33.420625 57.117474 40.516143
31.167769 55.803309 49.445170
30.374792 56.265879 49.174160
31.139967 55.819527 50.401829
31.167769 55.803309 52.115871
30.367893 56.216435 52.441073
31.121620 54.903505 52.439066
31.167769 53.142541 45.897480
30.374792 52.679971 45.626470
31.139967 53.126323 46.854139
31.167769 53.142541 48.568181
31.213919 54.042345 48.891376
31.967646 52.729415 48.893383
33.448427 51.812158 49.445170
33.494577 50.912353 49.121976
34.248303 52.225284 49.119968
33.448427 51.812158 52.115871
33.420625 51.828376 51.159213
32.655449 52.274728 52.386882
33.448427 57.133692 45.897480
32.648551 56.720566 45.572278
33.402278 58.033497 45.574286
33.448427 57.133692 48.568181
32.655449 56.671122 48.839192
33.420625 57.117474 47.611523
31.167769 55.803309 56.540550
30.374792 56.265879 56.269540
31.139967 55.819527 57.497209
31.167769 55.803309 59.211251
30.367893 56.216435 59.536453
31.121620 54.903505 59.534445
31.167769 53.142541 52.992860
30.374792 52.679971 52.721850
31.139967 53.126323 53.949519
31.167769 53.142541 55.663561
31.213919 54.042345 55.986756
31.967646 52.729415 55.988763
33.448427 51.812158 56.540550
33.494577 50.912353 56.217356
34.248303 52.225284 56.215348
33.448427 51.812158 59.211251
33.420625 51.828376 58.254592
32.655449 52.274728 59.482261
33.448427 57.133692 52.992860
32.648551 56.720566 52.667658
33.402278 58.033497 52.669666
33.448427 57.133692 55.663561
32.655449 56.671122 55.934572
33.420625 57.117474 54.706902
31.167769 55.803309 63.635930
30.410819 56.292471 63.313474
31.924720 56.292471 63.313474
31.167769 55.803309 66.306631
31.167769 54.884964 66.576585
31.167769 55.772222 65.349936
31.167769 53.142541 60.088240
30.374792 52.679971 59.817230
31.139967 53.126323 61.044899
31.167769 53.142541 62.758941
31.213919 54.042345 63.082135
31.967646 52.729415 63.084143
33.448427 51.812158 63.635930
33.494577 50.912353 63.312735
34.248303 52.225284 63.310728
33.448427 51.812158 66.306631
33.448427 50.893813 66.576585
33.448427 51.781071 65.349936
33.448427 57.133692 60.088240
32.648551 56.720566 59.763038
33.402278 58.033497 59.765046
33.448427 57.133692 62.758941
33.476230 57.117474 61.802282
34.241405 56.671122 63.029951
31.167769 63.785611 6.872892
30.367893 64.198737 6.547690
31.121620 62.885807 6.549698
31.167769 63.785611 9.543593
31.195572 63.801829 8.586934
31.960747 64.248181 9.814603
31.167769 61.124844 3.325202
30.410819 60.635681 3.002746
31.924720 60.635681 3.002746
31.167769 61.124844 5.995903
30.374792 60.662273 6.266913
31.139967 61.108625 5.039244
33.448427 59.794460 6.872892
32.691477 60.283623 6.550436
34.205378 60.283623 6.550436
33.448427 59.794460 9.543593
33.420625 59.810678 8.586934
32.655449 60.257030 9.814603
33.448427 65.115995 3.325202
33.420625 65.099777 4.281861
32.655449 64.653424 3.054192
33.448427 65.115995 5.995903
32.691477 64.626832 6.318359
34.205378 64.626832 6.318359
31.167769 63.785611 13.968272
30.367893 64.198737 13.643070
31.121620 62.885807 13.645077
31.167769 63.785611 16.638973
30.374792 64.248181 16.909983
31.139967 63.801829 15.682314
31.167769 61.124844 10.420582
31.167769 62.043188 10.150627
31.167769 61.155930 11.377277
31.167769 61.124844 13.091283
30.410819 60.635681 13.413739
31.924720 60.635681 13.413739
33.448427 59.794460 13.968272
33.494577 58.894656 13.645077
34.248303 60.207586 13.643070
33.448427 59.794460 16.638973
33.476230 59.810678 15.682314
34.241405 60.257030 16.909983
33.448427 65.115995 10.420582
33.448427 66.034339 10.150627
33.448427 65.147081 11.377277
33.448427 65.115995 13.091283
32.691477 64.626832 13.413739
34.205378 64.626832 13.413739
31.167769 63.785611 21.063651
30.367893 64.198737 20.738449
31.121620 62.885807 20.740457
31.167769 63.785611 23.734352
31.195572 63.801829 22.777694
31.960747 64.248181 24.005363
31.167769 61.124844 17.515962
31.213919 62.024648 17.192767
31.967646 60.711717 17.190759
31.167769 61.124844 20.186662
30.374792 60.662273 20.457673
31.139967 61.108625 19.230004
33.448427 59.794460 21.063651
33.402278 58.894656 20.740457
32.648551 60.207586 20.738449
33.448427 59.794460 23.734352
33.420625 59.810678 22.777694
32.655449 60.257030 24.005363
33.448427 65.115995 17.515962
32.655449 64.653424 17.244951
33.420625 65.099777 18.472620
33.448427 65.115995 20.186662
32.691477 64.626832 20.509119
34.205378 64.626832 20.509119
31.167769 63.785611 28.159031
30.367893 64.198737 27.833829
31.121620 62.885807 27.835837
31.167769 63.785611 30.829732
30.374792 64.248181 31.100742
31.139967 63.801829 29.873073
31.167769 61.124844 24.611341
31.167769 62.043188 24.341387
31.167769 61.155930 25.568036
31.167769 61.124844 27.282042
30.410819 60.635681 27.604498
31.924720 60.635681 27.604498
33.448427 59.794460 28.159031
33.494577 58.894656 27.835837
34.248303 60.207586 27.833829
33.448427 59.794460 30.829732
33.476230 59.810678 29.873073
34.241405 60.257030 31.100742
33.448427 65.115995 24.611341
33.448427 66.034339 24.341387
33.448427 65.147081 25.568036
33.448427 65.115995 27.282042
32.691477 64.626832 27.604498
34.205378 64.626832 27.604498
31.167769 63.785611 35.254411
30.367893 64.198737 34.929209
31.121620 62.885807 34.931217
31.167769 63.785611 37.925112
31.195572 63.801829 36.968453
31.960747 64.248181 38.196122
31.167769 61.124844 31.706721
31.213919 62.024648 31.383527
31.967646 60.711717 31.381519
31.167769 61.124844 34.377422
30.374792 60.662273 34.648432
31.139967 61.108625 33.420763
33.448427 59.794460 35.254411
33.402278 58.894656 34.931217
32.648551 60.207586 34.929209
33.448427 59.794460 37.925112
33.420625 59.810678 36.968453
32.655449 60.257030 38.196122
33.448427 65.115995 31.706721
32.655449 64.653424 31.435711
33.420625 65.099777 32.663380
33.448427 65.115995 34.377422
32.691477 64.626832 34.699878
34.205378 64.626832 34.699878
31.167769 63.785611 42.349791
30.367893 64.198737 42.024589
31.121620 62.885807 42.026596
31.167769 63.785611 45.020492
30.374792 64.248181 45.291502
31.139967 63.801829 44.063833
31.167769 61.124844 38.802101
31.167769 62.043188 38.532146
31.167769 61.155930 39.758796
31.167769 61.124844 41.472802
30.410819 60.635681 41.795258
31.924720 60.635681 41.795258
33.448427 59.794460 42.349791
33.494577 58.894656 42.026596
34.248303 60.207586 42.024589
33.448427 59.794460 45.020492
33.476230 59.810678 44.063833
34.241405 60.257030 45.291502
33.448427 65.115995 38.802101
33.448427 66.034339 38.532146
33.448427 65.147081 39.758796
33.448427 65.115995 41.472802
32.691477 64.626832 41.795258
34.205378 64.626832 41.795258
31.167769 63.785611 49.445170
30.367893 64.198737 49.119968
31.121620 62.885807 49.121976
31.167769 63.785611 52.115871
31.195572 63.801829 51.159213
31.960747 64.248181 52.386882
31.167769 61.124844 45.897480
31.213919 62.024648 45.574286
31.967646 60.711717 45.572278
31.167769 61.124844 48.568181
30.374792 60.662273 48.839192
31.139967 61.108625 47.611523
33.448427 59.794460 49.445170
33.402278 58.894656 49.121976
32.648551 60.207586 49.119968
33.448427 59.794460 52.115871
33.420625 59.810678 51.159213
32.655449 60.257030 52.386882
33.448427 65.115995 45.897480
32.655449 64.653424 45.626470
33.420625 65.099777 46.854139
33.448427 65.115995 48.568181
32.691477 64.626832 48.890637
34.205378 64.626832 48.890637
31.167769 63.785611 56.540550
30.367893 64.198737 56.215348
31.121620 62.885807 56.217356
31.167769 63.785611 59.211251
30.374792 64.248181 59.482261
31.139967 63.801829 58.254592
31.167769 61.124844 52.992860
31.167769 62.043188 52.722906
31.167769 61.155930 53.949555
31.167769 61.124844 55.663561
30.410819 60.635681 55.986017
31.924720 60.635681 55.986017
33.448427 59.794460 56.540550
33.494577 58.894656 56.217356
34.248303 60.207586 56.215348
33.448427 59.794460 59.211251
33.476230 59.810678 58.254592
34.241405 60.257030 59.482261
33.448427 65.115995 52.992860
33.448427 66.034339 52.722906
33.448427 65.147081 53.949555
33.448427 65.115995 55.663561
32.691477 64.626832 55.986017
34.205378 64.626832 55.986017
31.167769 63.785611 63.635930
31.195572 63.801829 64.592589
31.960747 64.248181 63.364919
31.167769 63.785611 66.306631
30.367893 64.198737 66.631833
31.121620 62.885807 66.629825
31.167769 61.124844 60.088240
31.213919 62.024648 59.765046
31.967646 60.711717 59.763038
31.167769 61.124844 62.758941
31.167769 62.043188 63.028895
31.167769 61.155930 61.802246
33.448427 59.794460 63.635930
33.402278 58.894656 63.312735
32.648551 60.207586 63.310728
33.448427 59.794460 66.306631
33.448427 58.876115 66.576585
33.448427 59.763373 65.349936
33.448427 65.115995 60.088240
32.655449 64.653424 59.817230
33.420625 65.099777 61.044899
33.448427 65.115995 62.758941
33.494577 66.015799 63.082135
34.248303 64.702868 63.084143
35.729085 7.909495 6.872892
34.936107 8.372066 6.601882
35.701283 7.925714 7.829551
35.729085 7.909495 9.543593
34.929209 8.322622 9.868795
35.682936 7.009691 9.866787
35.729085 5.248728 3.325202
34.936107 4.786158 3.054192
35.701283 5.232510 4.281861
35.729085 5.248728 5.995903
34.929209 4.835602 6.321105
35.682936 6.148532 6.319097
38.009743 3.918344 6.872892
37.216765 4.380915 6.601882
37.981940 3.934562 7.829551
38.009743 3.918344 9.543593
37.209867 4.331471 9.868795
37.963593 3.018540 9.866787
38.009743 9.239879 3.325202
37.981940 9.223661 4.281861
37.216765 8.777309 3.054192
38.009743 9.239879 5.995903
37.209867 8.826753 6.321105
37.963593 10.139683 6.319097
35.729085 7.909495 13.968272
34.936107 8.372066 13.697261
35.701283 7.925714 14.924930
35.729085 7.909495 16.638973
34.929209 8.322622 16.964175
35.682936 7.009691 16.962167
35.729085 5.248728 10.420582
34.936107 4.786158 10.149571
35.701283 5.232510 11.377240
35.729085 5.248728 13.091283
34.929209 4.835602 13.416485
35.682936 6.148532 13.414477
38.009743 3.918344 13.968272
37.216765 4.380915 13.697261
37.981940 3.934562 14.924930
38.009743 3.918344 16.638973
37.252792 4.407507 16.961429
38.766693 4.407507 16.961429
38.009743 9.239879 10.420582
37.209867 8.826753 10.095380
37.963593 10.139683 10.097387
38.009743 9.239879 13.091283
37.216765 8.777309 13.362293
37.981940 9.223661 12.134624
35.729085 7.909495 21.063651
34.936107 8.372066 20.792641
35.701283 7.925714 22.020310
35.729085 7.909495 23.734352
34.929209 8.322622 24.059554
35.682936 7.009691 24.057547
35.729085 5.248728 17.515962
34.936107 4.786158 17.244951
35.701283 5.232510 18.472620
35.729085 5.248728 20.186662
34.929209 4.835602 20.511865
35.682936 6.148532 20.509857
38.009743 3.918344 21.063651
37.216765 4.380915 20.792641
37.981940 3.934562 22.020310
38.009743 3.918344 23.734352
37.209867 4.331471 24.059554
37.963593 3.018540 24.057547
38.009743 9.239879 17.515962
37.209867 8.826753 17.190759
37.963593 10.139683 17.192767
38.009743 9.239879 20.186662
37.216765 8.777309 20.457673
37.981940 9.223661 19.230004
35.729085 7.909495 28.159031
34.936107 8.372066 27.888021
35.701283 7.925714 29.115690
35.729085 7.909495 30.829732
34.929209 8.322622 31.154934
35.682936 7.009691 31.152926
35.729085 5.248728 24.611341
34.936107 4.786158 24.340331
35.701283 5.232510 25.568000
35.729085 5.248728 27.282042
34.929209 4.835602 27.607244
35.682936 6.148532 27.605237
38.009743 3.918344 28.159031
37.216765 4.380915 27.888021
37.981940 3.934562 29.115690
38.009743 3.918344 30.829732
37.252792 4.407507 31.152188
38.766693 4.407507 31.152188
38.009743 9.239879 24.611341
37.209867 8.826753 24.286139
37.963593 10.139683 24.288147
38.009743 9.239879 27.282042
37.216765 8.777309 27.553053
37.981940 9.223661 26.325384
35.729085 7.909495 35.254411
34.936107 8.372066 34.983400
35.701283 7.925714 36.211070
35.729085 7.909495 37.925112
34.929209 8.322622 38.250314
35.682936 7.009691 38.248306
35.729085 5.248728 31.706721
34.936107 4.786158 31.435711
35.701283 5.232510 32.663380
35.729085 5.248728 34.377422
34.929209 4.835602 34.702624
35.682936 6.148532 34.700616
38.009743 3.918344 35.254411
37.216765 4.380915 34.983400
37.981940 3.934562 36.211070
38.009743 3.918344 37.925112
37.209867 4.331471 38.250314
37.963593 3.018540 38.248306
38.009743 9.239879 31.706721
37.209867 8.826753 31.381519
37.963593 10.139683 31.383527
38.009743 9.239879 34.377422
37.216765 8.777309 34.648432
37.981940 9.223661 33.420763
35.729085 7.909495 42.349791
34.936107 8.372066 42.078780
35.701283 7.925714 43.306449
35.729085 7.909495 45.020492
34.929209 8.322622 45.345694
35.682936 7.009691 45.343686
35.729085 5.248728 38.802101
34.936107 4.786158 38.531090
35.701283 5.232510 39.758759
35.729085 5.248728 41.472802
34.929209 4.835602 41.798004
35.682936 6.148532 41.795996
38.009743 3.918344 42.349791
37.216765 4.380915 42.078780
37.981940 3.934562 43.306449
38.009743 3.918344 45.020492
37.252792 4.407507 45.342948
38.766693 4.407507 45.342948
38.009743 9.239879 38.802101
37.209867 8.826753 38.476899
37.963593 10.139683 38.478906
38.009743 9.239879 41.472802
37.216765 8.777309 41.743812
37.981940 9.223661 40.516143
35.729085 7.909495 49.445170
34.936107 8.372066 49.174160
35.701283 7.925714 50.401829
35.729085 7.909495 52.115871
34.929209 8.322622 52.441073
35.682936 7.009691 52.439066
35.729085 5.248728 45.897480
34.936107 4.786158 45.626470
35.701283 5.232510 46.854139
35.729085 5.248728 48.568181
34.929209 4.835602 48.893383
35.682936 6.148532 48.891376
38.009743 3.918344 49.445170
37.216765 4.380915 49.174160
37.981940 3.934562 50.401829
38.009743 3.918344 52.115871
37.209867 4.331471 52.441073
37.963593 3.018540 52.439066
38.009743 9.239879 45.897480
37.209867 8.826753 45.572278
37.963593 10.139683 45.574286
38.009743 9.239879 48.568181
37.216765 8.777309 48.839192
37.981940 9.223661 47.611523
35.729085 7.909495 56.540550
34.936107 8.372066 56.269540
35.701283 7.925714 57.497209
35.729085 7.909495 59.211251
34.929209 8.322622 59.536453
35.682936 7.009691 59.534445
35.729085 5.248728 52.992860
34.936107 4.786158 52.721850
35.701283 5.232510 53.949519
35.729085 5.248728 55.663561
34.929209 4.835602 55.988763
35.682936 6.148532 55.986756
38.009743 3.918344 56.540550
37.216765 4.380915 56.269540
37.981940 3.934562 57.497209
38.009743 3.918344 59.211251
37.252792 4.407507 59.533707
38.766693 4.407507 59.533707
38.009743 9.239879 52.992860
37.209867 8.826753 52.667658
37.963593 10.139683 52.669666
38.009743 9.239879 55.663561
37.216765 8.777309 55.934572
37.981940 9.223661 54.706902
35.729085 7.909495 63.635930
34.936107 8.372066 63.364919
35.701283 7.925714 64.592589
35.729085 7.909495 66.306631
35.682936 7.009691 66.629825
34.929209 8.322622 66.631833
35.729085 5.248728 60.088240
34.936107 4.786158 59.817230
35.701283 5.232510 61.044899
35.729085 5.248728 62.758941
34.929209 4.835602 63.084143
35.682936 6.148532 63.082135
38.009743 3.918344 63.635930
37.209867 4.331471 63.310728
37.963593 3.018540 63.312735
38.009743 3.918344 66.306631
37.216765 4.380915 66.577641
37.981940 3.934562 65.349972
38.009743 9.239879 60.088240
37.209867 8.826753 59.763038
37.963593 10.139683 59.765046
38.009743 9.239879 62.758941
37.216765 8.777309 63.029951
37.981940 9.223661 61.802282
35.729085 15.891798 6.872892
34.929209 16.304924 6.547690
35.682936 14.991994 6.549698
35.729085 15.891798 9.543593
34.936107 16.354368 9.814603
35.701283 15.908016 8.586934
35.729085 13.231030 3.325202
34.972135 12.741868 3.002746
36.486035 12.741868 3.002746
35.729085 13.231030 5.995903
34.936107 12.768460 6.266913
35.701283 13.214812 5.039244
38.009743 11.900647 6.872892
37.252792 12.389809 6.550436
38.766693 12.389809 6.550436
38.009743 11.900647 9.543593
37.981940 11.916865 8.586934
37.216765 12.363217 9.814603
38.009743 17.222181 3.325202
37.209867 16.809055 3.000000
37.963593 18.121986 3.002008
38.009743 17.222181 5.995903
37.216765 16.759611 6.266913
37.981940 17.205963 5.039244
35.729085 15.891798 13.968272
34.936107 16.354368 13.697261
35.701283 15.908016 14.924930
35.729085 15.891798 16.638973
34.929209 16.304924 16.964175
35.682936 14.991994 16.962167
35.729085 13.231030 10.420582
35.729085 14.149375 10.150627
35.729085 13.262117 11.377277
35.729085 13.231030 13.091283
35.775234 14.130834 13.414477
36.528961 12.817904 13.416485
38.009743 11.900647 13.968272
38.055892 11.000842 13.645077
38.809619 12.313773 13.643070
38.009743 11.900647 16.638973
37.981940 11.916865 15.682314
37.216765 12.363217 16.909983
38.009743 17.222181 10.420582
37.216765 16.759611 10.149571
37.981940 17.205963 11.377240
38.009743 17.222181 13.091283
37.209867 16.809055 13.416485
37.963593 18.121986 13.414477
35.729085 15.891798 21.063651
34.936107 16.354368 20.792641
35.701283 15.908016 22.020310
35.729085 15.891798 23.734352
34.929209 16.304924 24.059554
35.682936 14.991994 24.057547
35.729085 13.231030 17.515962
34.936107 12.768460 17.244951
35.701283 13.214812 18.472620
35.729085 13.231030 20.186662
35.775234 14.130834 20.509857
36.528961 12.817904 20.511865
38.009743 11.900647 21.063651
38.055892 11.000842 20.740457
38.809619 12.313773 20.738449
38.009743 11.900647 23.734352
37.981940 11.916865 22.777694
37.216765 12.363217 24.005363
38.009743 17.222181 17.515962
37.209867 16.809055 17.190759
37.963593 18.121986 17.192767
38.009743 17.222181 20.186662
37.216765 16.759611 20.457673
37.981940 17.205963 19.230004
35.729085 15.891798 28.159031
34.936107 16.354368 27.888021
35.701283 15.908016 29.115690
35.729085 15.891798 30.829732
34.929209 16.304924 31.154934
35.682936 14.991994 31.152926
35.729085 13.231030 24.611341
34.936107 12.768460 24.340331
35.701283 13.214812 25.568000
35.729085 13.231030 27.282042
35.775234 14.130834 27.605237
36.528961 12.817904 27.607244
38.009743 11.900647 28.159031
38.055892 11.000842 27.835837
38.809619 12.313773 27.833829
38.009743 11.900647 30.829732
37.981940 11.916865 29.873073
37.216765 12.363217 31.100742
38.009743 17.222181 24.611341
37.209867 16.809055 24.286139
37.963593 18.121986 24.288147
38.009743 17.222181 27.282042
37.216765 16.759611 27.553053
37.981940 17.205963 26.325384
35.729085 15.891798 35.254411
34.936107 16.354368 34.983400
35.701283 15.908016 36.211070
35.729085 15.891798 37.925112
34.929209 16.304924 38.250314
35.682936 14.991994 38.248306
35.729085 13.231030 31.706721
34.936107 12.768460 31.435711
35.701283 13.214812 32.663380
35.729085 13.231030 34.377422
35.775234 14.130834 34.700616
36.528961 12.817904 34.702624
38.009743 11.900647 35.254411
38.055892 11.000842 34.931217
38.809619 12.313773 34.929209
38.009743 11.900647 37.925112
37.981940 11.916865 36.968453
37.216765 12.363217 38.196122
38.009743 17.222181 31.706721
37.209867 16.809055 31.381519
37.963593 18.121986 31.383527
38.009743 17.222181 34.377422
37.216765 16.759611 34.648432
37.981940 17.205963 33.420763
35.729085 15.891798 42.349791
34.936107 16.354368 42.078780
35.701283 15.908016 43.306449
35.729085 15.891798 45.020492
34.929209 16.304924 45.345694
35.682936 14.991994 45.343686
35.729085 13.231030 38.802101
34.936107 12.768460 38.531090
35.701283 13.214812 39.758759
35.729085 13.231030 41.472802
35.775234 14.130834 41.795996
36.528961 12.817904 41.798004
38.009743 11.900647 42.349791
38.055892 11.000842 42.026596
38.809619 12.313773 42.024589
38.009743 11.900647 45.020492
37.981940 11.916865 44.063833
37.216765 12.363217 45.291502
38.009743 17.222181 38.802101
37.209867 16.809055 38.476899
37.963593 18.121986 38.478906
38.009743 17.222181 41.472802
37.216765 16.759611 41.743812
37.981940 17.205963 40.516143
35.729085 15.891798 49.445170
34.936107 16.354368 49.174160
35.701283 15.908016 50.401829
35.729085 15.891798 52.115871
34.929209 16.304924 52.441073
35.682936 14.991994 52.439066
35.729085 13.231030 45.897480
34.936107 12.768460 45.626470
35.701283 13.214812 46.854139
35.729085 13.231030 48.568181
35.775234 14.130834 48.891376
36.528961 12.817904 48.893383
38.009743 11.900647 49.445170
38.055892 11.000842 49.121976
38.809619 12.313773 49.119968
38.009743 11.900647 52.115871
37.981940 11.916865 51.159213
37.216765 12.363217 52.386882
38.009743 17.222181 45.897480
37.209867 16.809055 45.572278
37.963593 18.121986 45.574286
38.009743 17.222181 48.568181
37.216765 16.759611 48.839192
37.981940 17.205963 47.611523
35.729085 15.891798 56.540550
34.936107 16.354368 56.269540
35.701283 15.908016 57.497209
35.729085 15.891798 59.211251
34.929209 16.304924 59.536453
35.682936 14.991994 59.534445
35.729085 13.231030 52.992860
34.936107 12.768460 52.721850
35.701283 13.214812 53.949519
35.729085 13.231030 55.663561
35.775234 14.130834 55.986756
36.528961 12.817904 55.988763
38.009743 11.900647 56.540550
38.055892 11.000842 56.217356
38.809619 12.313773 56.215348
38.009743 11.900647 59.211251
37.981940 11.916865 58.254592
37.216765 12.363217 59.482261
38.009743 17.222181 52.992860
37.209867 16.809055 52.667658
37.963593 18.121986 52.669666
38.009743 17.222181 55.663561
37.216765 16.759611 55.934572
37.981940 17.205963 54.706902
35.729085 15.891798 63.635930
34.936107 16.354368 63.364919
35.701283 15.908016 64.592589
35.729085 15.891798 66.306631
34.929209 16.304924 66.631833
35.682936 14.991994 66.629825
35.729085 13.231030 60.088240
34.936107 12.768460 59.817230
35.701283 13.214812 61.044899
35.729085 13.231030 62.758941
35.775234 14.130834 63.082135
36.528961 12.817904 63.084143
38.009743 11.900647 63.635930
38.055892 11.000842 63.312735
38.809619 12.313773 63.310728
38.009743 11.900647 66.306631
38.009743 10.982302 66.576585
38.009743 11.869560 65.349936
38.009743 17.222181 60.088240
37.209867 16.809055 59.763038
37.963593 18.121986 59.765046
38.009743 17.222181 62.758941
37.216765 16.759611 63.029951
37.981940 17.205963 61.802282
35.729085 23.874100 6.872892
34.936107 24.336670 6.601882
35.701283 23.890318 7.829551
35.729085 23.874100 9.543593
34.929209 24.287226 9.868795
35.682936 22.974296 9.866787
35.729085 21.213332 3.325202
34.936107 20.750762 3.054192
35.701283 21.197114 4.281861
35.729085 21.213332 5.995903
35.775234 22.113137 6.319097
36.528961 20.800206 6.321105
38.009743 19.882949 6.872892
38.009743 18.964604 6.602937
38.009743 19.851862 7.829587
38.009743 19.882949 9.543593
38.055892 18.983145 9.866787
38.809619 20.296075 9.868795
38.009743 25.204484 3.325202
37.209867 24.791357 3.000000
37.963593 26.104288 3.002008
38.009743 25.204484 5.995903
37.216765 24.741913 6.266913
37.981940 25.188266 5.039244
35.729085 23.874100 13.968272
34.936107 24.336670 13.697261
35.701283 23.890318 14.924930
35.729085 23.874100 16.638973
34.929209 24.287226 16.964175
35.682936 22.974296 16.962167
35.729085 21.213332 10.420582
34.972135 20.724170 10.098126
36.486035 20.724170 10.098126
35.729085 21.213332 13.091283
35.729085 22.131677 13.361237
35.729085 21.244419 12.134588
38.009743 19.882949 13.968272
37.252792 20.372111 13.645816
38.766693 20.372111 13.645816
38.009743 19.882949 16.638973
37.981940 19.899167 15.682314
37.216765 20.345519 16.909983
38.009743 25.204484 10.420582
37.216765 24.741913 10.149571
37.981940 25.188266 11.377240
38.009743 25.204484 13.091283
37.209867 24.791357 13.416485
37.963593 26.104288 13.414477
35.729085 23.874100 21.063651
34.936107 24.336670 20.792641
35.701283 23.890318 22.020310
35.729085 23.874100 23.734352
34.929209 24.287226 24.059554
35.682936 22.974296 24.057547
35.729085 21.213332 17.515962
34.936107 20.750762 17.244951
35.701283 21.197114 18.472620
35.729085 21.213332 20.186662
35.775234 22.113137 20.509857
36.528961 20.800206 20.511865
38.009743 19.882949 21.063651
38.055892 18.983145 20.740457
38.809619 20.296075 20.738449
38.009743 19.882949 23.734352
37.981940 19.899167 22.777694
37.216765 20.345519 24.005363
38.009743 25.204484 17.515962
37.209867 24.791357 17.190759
37.963593 26.104288 17.192767
38.009743 25.204484 20.186662
37.216765 24.741913 20.457673
37.981940 25.188266 19.230004
35.729085 23.874100 28.159031
34.936107 24.336670 27.888021
35.701283 23.890318 29.115690
35.729085 23.874100 30.829732
34.929209 24.287226 31.154934
35.682936 22.974296 31.152926
35.729085 21.213332 24.611341
34.936107 20.750762 24.340331
35.701283 21.197114 25.568000
35.729085 21.213332 27.282042
35.775234 22.113137 27.605237
36.528961 20.800206 27.607244
38.009743 19.882949 28.159031
38.055892 18.983145 27.835837
38.809619 20.296075 27.833829
38.009743 19.882949 30.829732
37.981940 19.899167 29.873073
37.216765 20.345519 31.100742
38.009743 25.204484 24.611341
37.209867 24.791357 24.286139
37.963593 26.104288 24.288147
38.009743 25.204484 27.282042
37.216765 24.741913 27.553053
37.981940 25.188266 26.325384
35.729085 23.874100 35.254411
34.936107 24.336670 34.983400
35.701283 23.890318 36.211070
35.729085 23.874100 37.925112
34.929209 24.287226 38.250314
35.682936 22.974296 38.248306
35.729085 21.213332 31.706721
34.936107 20.750762 31.435711
35.701283 21.197114 32.663380
35.729085 21.213332 34.377422
35.775234 22.113137 34.700616
36.528961 20.800206 34.702624
38.009743 19.882949 35.254411
38.055892 18.983145 34.931217
38.809619 20.296075 34.929209
38.009743 19.882949 37.925112
37.981940 19.899167 36.968453
37.216765 20.345519 38.196122
38.009743 25.204484 31.706721
37.209867 24.791357 31.381519
37.963593 26.104288 31.383527
38.009743 25.204484 34.377422
37.216765 24.741913 34.648432
37.981940 25.188266 33.420763
35.729085 23.874100 42.349791
34.936107 24.336670 42.078780
35.701283 23.890318 43.306449
35.729085 23.874100 45.020492
34.929209 24.287226 45.345694
35.682936 22.974296 45.343686
35.729085 21.213332 38.802101
34.936107 20.750762 38.531090
35.701283 21.197114 39.758759
35.729085 21.213332 41.472802
35.775234 22.113137 41.795996
36.528961 20.800206 41.798004
38.009743 19.882949 42.349791
38.055892 18.983145 42.026596
38.809619 20.296075 42.024589
38.009743 19.882949 45.020492
37.981940 19.899167 44.063833
37.216765 20.345519 45.291502
38.009743 25.204484 38.802101
37.209867 24.791357 38.476899
37.963593 26.104288 38.478906
38.009743 25.204484 41.472802
37.216765 24.741913 41.743812
37.981940 25.188266 40.516143
35.729085 23.874100 49.445170
34.936107 24.336670 49.174160
35.701283 23.890318 50.401829
35.729085 23.874100 52.115871
34.929209 24.287226 52.441073
35.682936 22.974296 52.439066
35.729085 21.213332 45.897480
34.936107 20.750762 45.626470
35.701283 21.197114 46.854139
35.729085 21.213332 48.568181
35.775234 22.113137 48.891376
36.528961 20.800206 48.893383
38.009743 19.882949 49.445170
38.055892 18.983145 49.121976
38.809619 20.296075 49.119968
38.009743 19.882949 52.115871
37.981940 19.899167 51.159213
37.216765 20.345519 52.386882
38.009743 25.204484 45.897480
37.209867 24.791357 45.572278
37.963593 26.104288 45.574286
38.009743 25.204484 48.568181
37.216765 24.741913 48.839192
37.981940 25.188266 47.611523
35.729085 23.874100 56.540550
34.936107 24.336670 56.269540
35.701283 23.890318 57.497209
35.729085 23.874100 59.211251
34.929209 24.287226 59.536453
35.682936 22.974296 59.534445
35.729085 21.213332 52.992860
34.936107 20.750762 52.721850
35.701283 21.197114 53.949519
35.729085 21.213332 55.663561
35.775234 22.113137 55.986756
36.528961 20.800206 55.988763
38.009743 19.882949 56.540550
38.055892 18.983145 56.217356
38.809619 20.296075 56.215348
38.009743 19.882949 59.211251
37.981940 19.899167 58.254592
37.216765 20.345519 59.482261
38.009743 25.204484 52.992860
37.209867 24.791357 52.667658
37.963593 26.104288 52.669666
38.009743 25.204484 55.663561
37.216765 24.741913 55.934572
37.981940 25.188266 54.706902
35.729085 23.874100 63.635930
34.936107 24.336670 63.364919
35.701283 23.890318 64.592589
35.729085 23.874100 66.306631
34.929209 24.287226 66.631833
35.682936 22.974296 66.629825
35.729085 21.213332 60.088240
34.936107 20.750762 59.817230
35.701283 21.197114 61.044899
35.729085 21.213332 62.758941
35.775234 22.113137 63.082135
36.528961 20.800206 63.084143
38.009743 19.882949 63.635930
38.055892 18.983145 63.312735
38.809619 20.296075 63.310728
38.009743 19.882949 66.306631
37.216765 20.345519 66.577641
37.981940 19.899167 65.349972
38.009743 25.204484 60.088240
37.209867 24.791357 59.763038
37.963593 26.104288 59.765046
38.009743 25.204484 62.758941
37.216765 24.741913 63.029951
37.981940 25.188266 61.802282
35.729085 31.856402 6.872892
34.936107 32.318972 6.601882
35.701283 31.872620 7.829551
35.729085 31.856402 9.543593
34.929209 32.269529 9.868795
35.682936 30.956598 9.866787
35.729085 29.195635 3.325202
34.936107 28.733064 3.054192
35.701283 29.179417 4.281861
35.729085 29.195635 5.995903
35.775234 30.095439 6.319097
36.528961 28.782508 6.321105
38.009743 27.865251 6.872892
38.009743 26.946907 6.602937
38.009743 27.834164 7.829587
38.009743 27.865251 9.543593
38.055892 26.965447 9.866787
38.809619 28.278378 9.868795
38.009743 33.186786 3.325202
37.209867 32.773659 3.000000
37.963593 34.086590 3.002008
38.009743 33.186786 5.995903
37.216765 32.724215 6.266913
37.981940 33.170568 5.039244
35.729085 31.856402 13.968272
34.936107 32.318972 13.697261
35.701283 31.872620 14.924930
35.729085 31.856402 16.638973
34.929209 32.269529 16.964175
35.682936 30.956598 16.962167
35.729085 29.195635 10.420582
34.972135 28.706472 10.098126
36.486035 28.706472 10.098126
35.729085 29.195635 13.091283
35.729085 30.113979 13.361237
35.729085 29.226721 12.134588
38.009743 27.865251 13.968272
37.252792 28.354414 13.645816
38.766693 28.354414 13.645816
38.009743 27.865251 16.638973
37.981940 27.881469 15.682314
37.216765 28.327821 16.909983
38.009743 33.186786 10.420582
37.216765 32.724215 10.149571
37.981940 33.170568 11.377240
38.009743 33.186786 13.091283
37.209867 32.773659 13.416485
37.963593 34.086590 13.414477
35.729085 31.856402 21.063651
34.936107 32.318972 20.792641
35.701283 31.872620 22.020310
35.729085 31.856402 23.734352
34.929209 32.269529 24.059554
35.682936 30.956598 24.057547
35.729085 29.195635 17.515962
34.936107 28.733064 17.244951
35.701283 29.179417 18.472620
35.729085 29.195635 20.186662
35.775234 30.095439 20.509857
36.528961 28.782508 20.511865
38.009743 27.865251 21.063651
38.055892 26.965447 20.740457
38.809619 28.278378 20.738449
38.009743 27.865251 23.734352
37.981940 27.881469 22.777694
37.216765 28.327821 24.005363
38.009743 33.186786 17.515962
37.209867 32.773659 17.190759
37.963593 34.086590 17.192767
38.009743 33.186786 20.186662
37.216765 32.724215 20.457673
37.981940 33.170568 19.230004
35.729085 31.856402 28.159031
34.936107 32.318972 27.888021
35.701283 31.872620 29.115690
35.729085 31.856402 30.829732
34.929209 32.269529 31.154934
35.682936 30.956598 31.152926
35.729085 29.195635 24.611341
34.936107 28.733064 24.340331
35.701283 29.179417 25.568000
35.729085 29.195635 27.282042
35.775234 30.095439 27.605237
36.528961 28.782508 27.607244
38.009743 27.865251 28.159031
38.055892 26.965447 27.835837
38.809619 28.278378 27.833829
38.009743 27.865251 30.829732
37.981940 27.881469 29.873073
37.216765 28.327821 31.100742
38.009743 33.186786 24.611341
37.209867 32.773659 24.286139
37.963593 34.086590 24.288147
38.009743 33.186786 27.282042
37.216765 32.724215 27.553053
37.981940 33.170568 26.325384
35.729085 31.856402 35.254411
34.936107 32.318972 34.983400
35.701283 31.872620 36.211070
35.729085 31.856402 37.925112
34.929209 32.269529 38.250314
35.682936 30.956598 38.248306
35.729085 29.195635 31.706721
34.936107 28.733064 31.435711
35.701283 29.179417 32.663380
35.729085 29.195635 34.377422
35.775234 30.095439 34.700616
36.528961 28.782508 34.702624
38.009743 27.865251 35.254411
38.055892 26.965447 34.931217
38.809619 28.278378 34.929209
38.009743 27.865251 37.925112
37.981940 27.881469 36.968453
37.216765 28.327821 38.196122
38.009743 33.186786 31.706721
37.209867 32.773659 31.381519
37.963593 34.086590 31.383527
38.009743 33.186786 34.377422
37.216765 32.724215 34.648432
37.981940 33.170568 33.420763
35.729085 31.856402 42.349791
34.936107 32.318972 42.078780
35.701283 31.872620 43.306449
35.729085 31.856402 45.020492
34.929209 32.269529 45.345694
35.682936 30.956598 45.343686
35.729085 29.195635 38.802101
34.936107 28.733064 38.531090
35.701283 29.179417 39.758759
35.729085 29.195635 41.472802
35.775234 30.095439 41.795996
36.528961 28.782508 41.798004
38.009743 27.865251 42.349791
38.055892 26.965447 42.026596
38.809619 28.278378 42.024589
38.009743 27.865251 45.020492
37.981940 27.881469 44.063833
37.216765 28.327821 45.291502
38.009743 33.186786 38.802101
37.209867 32.773659 38.476899
37.963593 34.086590 38.478906
38.009743 33.186786 41.472802
37.216765 32.724215 41.743812
37.981940 33.170568 40.516143
35.729085 31.856402 49.445170
34.936107 32.318972 49.174160
35.701283 31.872620 50.401829
35.729085 31.856402 52.115871
34.929209 32.269529 52.441073
35.682936 30.956598 52.439066
35.729085 29.195635 45.897480
34.936107 28.733064 45.626470
35.701283 29.179417 46.854139
35.729085 29.195635 48.568181
35.775234 30.095439 48.891376
36.528961 28.782508 48.893383
38.009743 27.865251 49.445170
38.055892 26.965447 49.121976
38.809619 28.278378 49.119968
38.009743 27.865251 52.115871
37.981940 27.881469 51.159213
37.216765 28.327821 52.386882
38.009743 33.186786 45.897480
37.209867 32.773659 45.572278
37.963593 34.086590 45.574286
38.009743 33.186786 48.568181
37.216765 32.724215 48.839192
37.981940 33.170568 47.611523
35.729085 31.856402 56.540550
34.936107 32.318972 56.269540
35.701283 31.872620 57.497209
35.729085 31.856402 59.211251
34.929209 32.269529 59.536453
35.682936 30.956598 59.534445
35.729085 29.195635 52.992860
34.936107 28.733064 52.721850
35.701283 29.179417 53.949519
35.729085 29.195635 55.663561
35.775234 30.095439 55.986756
36.528961 28.782508 55.988763
38.009743 27.865251 56.540550
38.055892 26.965447 56.217356
38.809619 28.278378 56.215348
38.009743 27.865251 59.211251
37.981940 27.881469 58.254592
37.216765 28.327821 59.482261
38.009743 33.186786 52.992860
37.209867 32.773659 52.667658
37.963593 34.086590 52.669666
38.009743 33.186786 55.663561
37.216765 32.724215 55.934572
37.981940 33.170568 54.706902
35.729085 31.856402 63.635930
34.936107 32.318972 63.364919
35.701283 31.872620 64.592589
35.729085 31.856402 66.306631
34.929209 32.269529 66.631833
35.682936 30.956598 66.629825
35.729085 29.195635 60.088240
34.936107 28.733064 59.817230
35.701283 29.179417 61.044899
35.729085 29.195635 62.758941
35.775234 30.095439 63.082135
36.528961 28.782508 63.084143
38.009743 27.865251 63.635930
38.055892 26.965447 63.312735
38.809619 28.278378 63.310728
38.009743 27.865251 66.306631
37.216765 28.327821 66.577641
37.981940 27.881469 65.349972
38.009743 33.186786 60.088240
37.209867 32.773659 59.763038
37.963593 34.086590 59.765046
38.009743 33.186786 62.758941
37.216765 32.724215 63.029951
37.981940 33.170568 61.802282
35.729085 39.838704 6.872892
34.936107 40.301275 6.601882
35.701283 39.854922 7.829551
35.729085 39.838704 9.543593
34.929209 40.251831 9.868795
35.682936 38.938900 9.866787
35.729085 37.177937 3.325202
34.936107 36.715367 3.054192
35.701283 37.161719 4.281861
35.729085 37.177937 5.995903
35.775234 38.077741 6.319097
36.528961 36.764810 6.321105
38.009743 35.847553 6.872892
38.009743 34.929209 6.602937
38.009743 35.816466 7.829587
38.009743 35.847553 9.543593
38.055892 34.947749 9.866787
38.809619 36.260680 9.868795
38.009743 41.169088 3.325202
37.209867 40.755961 3.000000
37.963593 42.068892 3.002008
38.009743 41.169088 5.995903
37.216765 40.706518 6.266913
37.981940 41.152870 5.039244
35.729085 39.838704 13.968272
34.936107 40.301275 13.697261
35.701283 39.854922 14.924930
35.729085 39.838704 16.638973
34.929209 40.251831 16.964175
35.682936 38.938900 16.962167
35.729085 37.177937 10.420582
34.972135 36.688774 10.098126
36.486035 36.688774 10.098126
35.729085 37.177937 13.091283
35.729085 38.096281 13.361237
35.729085 37.209024 12.134588
38.009743 35.847553 13.968272
37.252792 36.336716 13.645816
38.766693 36.336716 13.645816
38.009743 35.847553 16.638973
37.981940 35.863771 15.682314
37.216765 36.310124 16.909983
38.009743 41.169088 10.420582
37.216765 40.706518 10.149571
37.981940 41.152870 11.377240
38.009743 41.169088 13.091283
37.209867 40.755961 13.416485
37.963593 42.068892 13.414477
35.729085 39.838704 21.063651
34.936107 40.301275 20.792641
35.701283 39.854922 22.020310
35.729085 39.838704 23.734352
34.929209 40.251831 24.059554
35.682936 38.938900 24.057547
35.729085 37.177937 17.515962
34.936107 36.715367 17.244951
35.701283 37.161719 18.472620
35.729085 37.177937 20.186662
35.775234 38.077741 20.509857
36.528961 36.764810 20.511865
38.009743 35.847553 21.063651
38.055892 34.947749 20.740457
38.809619 36.260680 20.738449
38.009743 35.847553 23.734352
37.981940 35.863771 22.777694
37.216765 36.310124 24.005363
38.009743 41.169088 17.515962
37.209867 40.755961 17.190759
37.963593 42.068892 17.192767
38.009743 41.169088 20.186662
37.216765 40.706518 20.457673
37.981940 41.152870 19.230004
35.729085 39.838704 28.159031
34.936107 40.301275 27.888021
35.701283 39.854922 29.115690
35.729085 39.838704 30.829732
34.929209 40.251831 31.154934
35.682936 38.938900 31.152926
35.729085 37.177937 24.611341
34.936107 36.715367 24.340331
35.701283 37.161719 25.568000
35.729085 37.177937 27.282042
35.775234 38.077741 27.605237
36.528961 36.764810 27.607244
38.009743 35.847553 28.159031
38.055892 34.947749 27.835837
38.809619 36.260680 27.833829
38.009743 35.847553 30.829732
37.981940 35.863771 29.873073
37.216765 36.310124 31.100742
38.009743 41.169088 24.611341
37.209867 40.755961 24.286139
37.963593 42.068892 24.288147
38.009743 41.169088 27.282042
37.216765 40.706518 27.553053
37.981940 41.152870 26.325384
35.729085 39.838704 35.254411
34.936107 40.301275 34.983400
35.701283 39.854922 36.211070
35.729085 39.838704 37.925112
34.929209 40.251831 38.250314
35.682936 38.938900 38.248306
35.729085 37.177937 31.706721
34.936107 36.715367 31.435711
35.701283 37.161719 32.663380
35.729085 37.177937 34.377422
35.775234 38.077741 34.700616
36.528961 36.764810 34.702624
38.009743 35.847553 35.254411
38.055892 34.947749 34.931217
38.809619 36.260680 34.929209
38.009743 35.847553 37.925112
37.981940 35.863771 36.968453
37.216765 36.310124 38.196122
38.009743 41.169088 31.706721
37.209867 40.755961 31.381519
37.963593 42.068892 31.383527
38.009743 41.169088 34.377422
37.216765 40.706518 34.648432
37.981940 41.152870 33.420763
35.729085 39.838704 42.349791
34.936107 40.301275 42.078780
35.701283 39.854922 43.306449
35.729085 39.838704 45.020492
34.929209 40.251831 45.345694
35.682936 38.938900 45.343686
35.729085 37.177937 38.802101
34.936107 36.715367 38.531090
35.701283 37.161719 39.758759
35.729085 37.177937 41.472802
35.775234 38.077741 41.795996
36.528961 36.764810 41.798004
38.009743 35.847553 42.349791
38.055892 34.947749 42.026596
38.809619 36.260680 42.024589
38.009743 35.847553 45.020492
37.981940 35.863771 44.063833
37.216765 36.310124 45.291502
38.009743 41.169088 38.802101
37.209867 40.755961 38.476899
37.963593 42.068892 38.478906
38.009743 41.169088 41.472802
37.216765 40.706518 41.743812
37.981940 41.152870 40.516143
35.729085 39.838704 49.445170
34.936107 40.301275 49.174160
35.701283 39.854922 50.401829
35.729085 39.838704 52.115871
34.929209 40.251831 52.441073
35.682936 38.938900 52.439066
35.729085 37.177937 45.897480
34.936107 36.715367 45.626470
35.701283 37.161719 46.854139
35.729085 37.177937 48.568181
35.775234 38.077741 48.891376
36.528961 36.764810 48.893383
38.009743 35.847553 49.445170
38.055892 34.947749 49.121976
38.809619 36.260680 49.119968
38.009743 35.847553 52.115871
37.981940 35.863771 51.159213
37.216765 36.310124 52.386882
38.009743 41.169088 45.897480
37.209867 40.755961 45.572278
37.963593 42.068892 45.574286
38.009743 41.169088 48.568181
37.216765 40.706518 48.839192
37.981940 41.152870 47.611523
35.729085 39.838704 56.540550
34.936107 40.301275 56.269540
35.701283 39.854922 57.497209
35.729085 39.838704 59.211251
34.929209 40.251831 59.536453
35.682936 38.938900 59.534445
35.729085 37.177937 52.992860
34.936107 36.715367 52.721850
35.701283 37.161719 53.949519
35.729085 37.177937 55.663561
35.775234 38.077741 55.986756
36.528961 36.764810 55.988763
38.009743 35.847553 56.540550
38.055892 34.947749 56.217356
38.809619 36.260680 56.215348
38.009743 35.847553 59.211251
37.981940 35.863771 58.254592
37.216765 36.310124 59.482261
38.009743 41.169088 52.992860
37.209867 40.755961 52.667658
37.963593 42.068892 52.669666
38.009743 41.169088 55.663561
37.216765 40.706518 55.934572
37.981940 41.152870 54.706902
35.729085 39.838704 63.635930
34.936107 40.301275 63.364919
35.701283 39.854922 64.592589
35.729085 39.838704 66.306631
34.929209 40.251831 66.631833
35.682936 38.938900 66.629825
35.729085 37.177937 60.088240
34.936107 36.715367 59.817230
35.701283 37.161719 61.044899
35.729085 37.177937 62.758941
35.775234 38.077741 63.082135
36.528961 36.764810 63.084143
38.009743 35.847553 63.635930
38.055892 34.947749 63.312735
38.809619 36.260680 63.310728
38.009743 35.847553 66.306631
37.216765 36.310124 66.577641
37.981940 35.863771 65.349972
38.009743 41.169088 60.088240
37.209867 40.755961 59.763038
37.963593 42.068892 59.765046
38.009743 41.169088 62.758941
37.216765 40.706518 63.029951
37.981940 41.152870 61.802282
35.729085 47.821007 6.872892
34.936107 48.283577 6.601882
35.701283 47.837225 7.829551
35.729085 47.821007 9.543593
34.929209 48.234133 9.868795
35.682936 46.921202 9.866787
35.729085 45.160239 3.325202
34.936107 44.697669 3.054192
35.701283 45.144021 4.281861
35.729085 45.160239 5.995903
35.775234 46.060043 6.319097
36.528961 44.747113 6.321105
38.009743 43.829855 6.872892
38.009743 42.911511 6.602937
38.009743 43.798769 7.829587
38.009743 43.829855 9.543593
38.055892 42.930051 9.866787
38.809619 44.242982 9.868795
38.009743 49.151390 3.325202
37.209867 48.738264 3.000000
37.963593 50.051194 3.002008
38.009743 49.151390 5.995903
37.216765 48.688820 6.266913
37.981940 49.135172 5.039244
35.729085 47.821007 13.968272
34.936107 48.283577 13.697261
35.701283 47.837225 14.924930
35.729085 47.821007 16.638973
34.929209 48.234133 16.964175
35.682936 46.921202 16.962167
35.729085 45.160239 10.420582
34.972135 44.671076 10.098126
36.486035 44.671076 10.098126
35.729085 45.160239 13.091283
35.729085 46.078583 13.361237
35.729085 45.191326 12.134588
38.009743 43.829855 13.968272
37.252792 44.319018 13.645816
38.766693 44.319018 13.645816
38.009743 43.829855 16.638973
37.981940 43.846073 15.682314
37.216765 44.292426 16.909983
38.009743 49.151390 10.420582
37.216765 48.688820 10.149571
37.981940 49.135172 11.377240
38.009743 49.151390 13.091283
37.209867 48.738264 13.416485
37.963593 50.051194 13.414477
35.729085 47.821007 21.063651
34.936107 48.283577 20.792641
35.701283 47.837225 22.020310
35.729085 47.821007 23.734352
34.929209 48.234133 24.059554
35.682936 46.921202 24.057547
35.729085 45.160239 17.515962
34.936107 44.697669 17.244951
35.701283 45.144021 18.472620
35.729085 45.160239 20.186662
35.775234 46.060043 20.509857
36.528961 44.747113 20.511865
38.009743 43.829855 21.063651
38.055892 42.930051 20.740457
38.809619 44.242982 20.738449
38.009743 43.829855 23.734352
37.981940 43.846073 22.777694
37.216765 44.292426 24.005363
38.009743 49.151390 17.515962
37.209867 48.738264 17.190759
37.963593 50.051194 17.192767
38.009743 49.151390 20.186662
37.216765 48.688820 20.457673
37.981940 49.135172 19.230004
35.729085 47.821007 28.159031
34.936107 48.283577 27.888021
35.701283 47.837225 29.115690
35.729085 47.821007 30.829732
34.929209 48.234133 31.154934
35.682936 46.921202 31.152926
35.729085 45.160239 24.611341
34.936107 44.697669 24.340331
35.701283 45.144021 25.568000
35.729085 45.160239 27.282042
35.775234 46.060043 27.605237
36.528961 44.747113 27.607244
38.009743 43.829855 28.159031
38.055892 42.930051 27.835837
38.809619 44.242982 27.833829
38.009743 43.829855 30.829732
37.981940 43.846073 29.873073
37.216765 44.292426 31.100742
38.009743 49.151390 24.611341
37.209867 48.738264 24.286139
37.963593 50.051194 24.288147
38.009743 49.151390 27.282042
37.216765 48.688820 27.553053
37.981940 49.135172 26.325384
35.729085 47.821007 35.254411
34.936107 48.283577 34.983400
35.701283 47.837225 36.211070
35.729085 47.821007 37.925112
34.929209 48.234133 38.250314
35.682936 46.921202 38.248306
35.729085 45.160239 31.706721
34.936107 44.697669 31.435711
35.701283 45.144021 32.663380
35.729085 45.160239 34.377422
35.775234 46.060043 34.700616
36.528961 44.747113 34.702624
38.009743 43.829855 35.254411
38.055892 42.930051 34.931217
38.809619 44.242982 34.929209
38.009743 43.829855 37.925112
37.981940 43.846073 36.968453
37.216765 44.292426 38.196122
38.009743 49.151390 31.706721
37.209867 48.738264 31.381519
37.963593 50.051194 31.383527
38.009743 49.151390 34.377422
37.216765 48.688820 34.648432
37.981940 49.135172 33.420763
35.729085 47.821007 42.349791
34.936107 48.283577 42.078780
35.701283 47.837225 43.306449
35.729085 47.821007 45.020492
34.929209 48.234133 45.345694
35.682936 46.921202 45.343686
35.729085 45.160239 38.802101
34.936107 44.697669 38.531090
35.701283 45.144021 39.758759
35.729085 45.160239 41.472802
35.775234 46.060043 41.795996
36.528961 44.747113 41.798004
38.009743 43.829855 42.349791
38.055892 42.930051 42.026596
38.809619 44.242982 42.024589
38.009743 43.829855 45.020492
37.981940 43.846073 44.063833
37.216765 44.292426 45.291502
38.009743 49.151390 38.802101
37.209867 48.738264 38.476899
37.963593 50.051194 38.478906
38.009743 49.151390 41.472802
37.216765 48.688820 41.743812
37.981940 49.135172 40.516143
35.729085 47.821007 49.445170
34.936107 48.283577 49.174160
35.701283 47.837225 50.401829
35.729085 47.821007 52.115871
34.929209 48.234133 52.441073
35.682936 46.921202 52.439066
35.729085 45.160239 45.897480
34.936107 44.697669 45.626470
35.701283 45.144021 46.854139
35.729085 45.160239 48.568181
35.775234 46.060043 48.891376
36.528961 44.747113 48.893383
38.009743 43.829855 49.445170
38.055892 42.930051 49.121976
38.809619 44.242982 49.119968
38.009743 43.829855 52.115871
37.981940 43.846073 51.159213
37.216765 44.292426 52.386882
38.009743 49.151390 45.897480
37.209867 48.738264 45.572278
37.963593 50.051194 45.574286
38.009743 49.151390 48.568181
37.216765 48.688820 48.839192
37.981940 49.135172 47.611523
35.729085 47.821007 56.540550
34.936107 48.283577 56.269540
35.701283 47.837225 57.497209
35.729085 47.821007 59.211251
34.929209 48.234133 59.536453
35.682936 46.921202 59.534445
35.729085 45.160239 52.992860
34.936107 44.697669 52.721850
35.701283 45.144021 53.949519
35.729085 45.160239 55.663561
35.775234 46.060043 55.986756
36.528961 44.747113 55.988763
38.009743 43.829855 56.540550
38.055892 42.930051 56.217356
38.809619 44.242982 56.215348
38.009743 43.829855 59.211251
37.981940 43.846073 58.254592
37.216765 44.292426 59.482261
38.009743 49.151390 52.992860
37.209867 48.738264 52.667658
37.963593 50.051194 52.669666
38.009743 49.151390 55.663561
37.216765 48.688820 55.934572
37.981940 49.135172 54.706902
35.729085 47.821007 63.635930
34.936107 48.283577 63.364919
35.701283 47.837225 64.592589
35.729085 47.821007 66.306631
34.929209 48.234133 66.631833
35.682936 46.921202 66.629825
35.729085 45.160239 60.088240
34.936107 44.697669 59.817230
35.701283 45.144021 61.044899
35.729085 45.160239 62.758941
35.775234 46.060043 63.082135
36.528961 44.747113 63.084143
38.009743 43.829855 63.635930
38.055892 42.930051 63.312735
38.809619 44.242982 63.310728
38.009743 43.829855 66.306631
37.216765 44.292426 66.577641
37.981940 43.846073 65.349972
38.009743 49.151390 60.088240
37.209867 48.738264 59.763038
37.963593 50.051194 59.765046
38.009743 49.151390 62.758941
37.216765 48.688820 63.029951
37.981940 49.135172 61.802282
35.729085 55.803309 6.872892
34.936107 56.265879 6.601882
35.701283 55.819527 7.829551
35.729085 55.803309 9.543593
34.929209 56.216435 9.868795
35.682936 54.903505 9.866787
35.729085 53.142541 3.325202
34.936107 52.679971 3.054192
35.701283 53.126323 4.281861
35.729085 53.142541 5.995903
35.775234 54.042345 6.319097
36.528961 52.729415 6.321105
38.009743 51.812158 6.872892
38.009743 50.893813 6.602937
38.009743 51.781071 7.829587
38.009743 51.812158 9.543593
38.055892 50.912353 9.866787
38.809619 52.225284 9.868795
38.009743 57.133692 3.325202
37.252792 56.644530 3.002746
38.766693 56.644530 3.002746
38.009743 57.133692 5.995903
37.216765 56.671122 6.266913
37.981940 57.117474 5.039244
35.729085 55.803309 13.968272
34.936107 56.265879 13.697261
35.701283 55.819527 14.924930
35.729085 55.803309 16.638973
34.929209 56.216435 16.964175
35.682936 54.903505 16.962167
35.729085 53.142541 10.420582
34.972135 52.653379 10.098126
36.486035 52.653379 10.098126
35.729085 53.142541 13.091283
35.729085 54.060886 13.361237
35.729085 53.173628 12.134588
38.009743 51.812158 13.968272
37.252792 52.301320 13.645816
38.766693 52.301320 13.645816
38.009743 51.812158 16.638973
37.981940 51.828376 15.682314
37.216765 52.274728 16.909983
38.009743 57.133692 10.420582
37.209867 56.720566 10.095380
37.963593 58.033497 10.097387
38.009743 57.133692 13.091283
37.216765 56.671122 13.362293
37.981940 57.117474 12.134624
35.729085 55.803309 21.063651
34.936107 56.265879 20.792641
35.701283 55.819527 22.020310
35.729085 55.803309 23.734352
34.929209 56.216435 24.059554
35.682936 54.903505 24.057547
35.729085 53.142541 17.515962
34.936107 52.679971 17.244951
35.701283 53.126323 18.472620
35.729085 53.142541 20.186662
35.775234 54.042345 20.509857
36.528961 52.729415 20.511865
38.009743 51.812158 21.063651
38.055892 50.912353 20.740457
38.809619 52.225284 20.738449
38.009743 51.812158 23.734352
37.981940 51.828376 22.777694
37.216765 52.274728 24.005363
38.009743 57.133692 17.515962
37.209867 56.720566 17.190759
37.963593 58.033497 17.192767
38.009743 57.133692 20.186662
37.216765 56.671122 20.457673
37.981940 57.117474 19.230004
35.729085 55.803309 28.159031
34.936107 56.265879 27.888021
35.701283 55.819527 29.115690
35.729085 55.803309 30.829732
34.929209 56.216435 31.154934
35.682936 54.903505 31.152926
35.729085 53.142541 24.611341
34.936107 52.679971 24.340331
35.701283 53.126323 25.568000
35.729085 53.142541 27.282042
35.775234 54.042345 27.605237
36.528961 52.729415 27.607244
38.009743 51.812158 28.159031
38.055892 50.912353 27.835837
38.809619 52.225284 27.833829
38.009743 51.812158 30.829732
37.981940 51.828376 29.873073
37.216765 52.274728 31.100742
38.009743 57.133692 24.611341
37.209867 56.720566 24.286139
37.963593 58.033497 24.288147
38.009743 57.133692 27.282042
37.216765 56.671122 27.553053
37.981940 57.117474 26.325384
35.729085 55.803309 35.254411
34.936107 56.265879 34.983400
35.701283 55.819527 36.211070
35.729085 55.803309 37.925112
34.929209 56.216435 38.250314
35.682936 54.903505 38.248306
35.729085 53.142541 31.706721
34.936107 52.679971 31.435711
35.701283 53.126323 32.663380
35.729085 53.142541 34.377422
35.775234 54.042345 34.700616
36.528961 52.729415 34.702624
38.009743 51.812158 35.254411
38.055892 50.912353 34.931217
38.809619 52.225284 34.929209
38.009743 51.812158 37.925112
37.981940 51.828376 36.968453
37.216765 52.274728 38.196122
38.009743 57.133692 31.706721
37.209867 56.720566 31.381519
37.963593 58.033497 31.383527
38.009743 57.133692 34.377422
37.216765 56.671122 34.648432
37.981940 57.117474 33.420763
35.729085 55.803309 42.349791
34.936107 56.265879 42.078780
35.701283 55.819527 43.306449
35.729085 55.803309 45.020492
34.929209 56.216435 45.345694
35.682936 54.903505 45.343686
35.729085 53.142541 38.802101
34.936107 52.679971 38.531090
35.701283 53.126323 39.758759
35.729085 53.142541 41.472802
35.775234 54.042345 41.795996
36.528961 52.729415 41.798004
38.009743 51.812158 42.349791
38.055892 50.912353 42.026596
38.809619 52.225284 42.024589
38.009743 51.812158 45.020492
37.981940 51.828376 44.063833
37.216765 52.274728 45.291502
38.009743 57.133692 38.802101
37.209867 56.720566 38.476899
37.963593 58.033497 38.478906
38.009743 57.133692 41.472802
37.216765 56.671122 41.743812
37.981940 57.117474 40.516143
35.729085 55.803309 49.445170
34.936107 56.265879 49.174160
35.701283 55.819527 50.401829
35.729085 55.803309 52.115871
34.929209 56.216435 52.441073
35.682936 54.903505 52.439066
35.729085 53.142541 45.897480
34.936107 52.679971 45.626470
35.701283 53.126323 46.854139
35.729085 53.142541 48.568181
35.775234 54.042345 48.891376
36.528961 52.729415 48.893383
38.009743 51.812158 49.445170
38.055892 50.912353 49.121976
38.809619 52.225284 49.119968
38.009743 51.812158 52.115871
37.981940 51.828376 51.159213
37.216765 52.274728 52.386882
38.009743 57.133692 45.897480
37.209867 56.720566 45.572278
37.963593 58.033497 45.574286
38.009743 57.133692 48.568181
37.216765 56.671122 48.839192
37.981940 57.117474 47.611523
35.729085 55.803309 56.540550
34.936107 56.265879 56.269540
35.701283 55.819527 57.497209
35.729085 55.803309 59.211251
34.929209 56.216435 59.536453
35.682936 54.903505 59.534445
35.729085 53.142541 52.992860
34.936107 52.679971 52.721850
35.701283 53.126323 53.949519
35.729085 53.142541 55.663561
35.775234 54.042345 55.986756
36.528961 52.729415 55.988763
38.009743 51.812158 56.540550
38.055892 50.912353 56.217356
38.809619 52.225284 56.215348
38.009743 51.812158 59.211251
37.981940 51.828376 58.254592
37.216765 52.274728 59.482261
38.009743 57.133692 52.992860
37.209867 56.720566 52.667658
37.963593 58.033497 52.669666
38.009743 57.133692 55.663561
37.216765 56.671122 55.934572
37.981940 57.117474 54.706902
35.729085 55.803309 63.635930
35.756887 55.819527 64.592589
36.522063 56.265879 63.364919
35.729085 55.803309 66.306631
34.929209 56.216435 66.631833
35.682936 54.903505 66.629825
35.729085 53.142541 60.088240
34.936107 52.679971 59.817230
35.701283 53.126323 61.044899
35.729085 53.142541 62.758941
35.775234 54.042345 63.082135
36.528961 52.729415 63.084143
38.009743 51.812158 63.635930
38.055892 50.912353 63.312735
38.809619 52.225284 63.310728
38.009743 51.812158 66.306631
37.216765 52.274728 66.577641
37.981940 51.828376 65.349972
38.009743 57.133692 60.088240
37.209867 56.720566 59.763038
37.963593 58.033497 59.765046
38.009743 57.133692 62.758941
38.009743 57.164779 61.802246
38.009743 58.052037 63.028895
35.729085 63.785611 6.872892
35.756887 63.801829 7.829551
36.522063 64.248181 6.601882
35.729085 63.785611 9.543593
34.929209 64.198737 9.868795
35.682936 62.885807 9.866787
35.729085 61.124844 3.325202
34.972135 60.635681 3.002746
36.486035 60.635681 3.002746
35.729085 61.124844 5.995903
35.729085 62.043188 6.265857
35.729085 61.155930 5.039208
38.009743 59.794460 6.872892
37.963593 58.894656 6.549698
37.209867 60.207586 6.547690
38.009743 59.794460 9.543593
38.037545 59.810678 8.586934
38.802721 60.257030 9.814603
38.009743 65.115995 3.325202
37.963593 66.015799 3.002008
37.209867 64.702868 3.000000
38.009743 65.115995 5.995903
38.009743 66.034339 6.265857
38.009743 65.147081 5.039208
35.729085 63.785611 13.968272
35.756887 63.801829 14.924930
36.522063 64.248181 13.697261
35.729085 63.785611 16.638973
34.972135 64.274774 16.961429
36.486035 64.274774 16.961429
35.729085 61.124844 10.420582
34.972135 60.635681 10.098126
36.486035 60.635681 10.098126
35.729085 61.124844 13.091283
35.729085 62.043188 13.361237
35.729085 61.155930 12.134588
38.009743 59.794460 13.968272
37.963593 58.894656 13.645077
37.209867 60.207586 13.643070
38.009743 59.794460 16.638973
38.037545 59.810678 15.682314
38.802721 60.257030 16.909983
38.009743 65.115995 10.420582
37.252792 64.626832 10.098126
38.766693 64.626832 10.098126
38.009743 65.115995 13.091283
38.009743 66.034339 13.361237
38.009743 65.147081 12.134588
35.729085 63.785611 21.063651
35.729085 63.754524 22.020346
35.729085 62.867267 20.793697
35.729085 63.785611 23.734352
34.929209 64.198737 24.059554
35.682936 62.885807 24.057547
35.729085 61.124844 17.515962
35.775234 62.024648 17.192767
36.528961 60.711717 17.190759
35.729085 61.124844 20.186662
34.936107 60.662273 20.457673
35.701283 61.108625 19.230004
38.009743 59.794460 21.063651
37.963593 58.894656 20.740457
37.209867 60.207586 20.738449
38.009743 59.794460 23.734352
38.037545 59.810678 22.777694
38.802721 60.257030 24.005363
38.009743 65.115995 17.515962
38.009743 66.034339 17.246007
38.009743 65.147081 18.472657
38.009743 65.115995 20.186662
37.963593 66.015799 20.509857
37.209867 64.702868 20.511865
35.729085 63.785611 28.159031
35.756887 63.801829 29.115690
36.522063 64.248181 27.888021
35.729085 63.785611 30.829732
34.972135 64.274774 31.152188
36.486035 64.274774 31.152188
35.729085 61.124844 24.611341
34.972135 60.635681 24.288885
36.486035 60.635681 24.288885
35.729085 61.124844 27.282042
35.729085 62.043188 27.551997
35.729085 61.155930 26.325347
38.009743 59.794460 28.159031
37.963593 58.894656 27.835837
37.209867 60.207586 27.833829
38.009743 59.794460 30.829732
38.037545 59.810678 29.873073
38.802721 60.257030 31.100742
38.009743 65.115995 24.611341
37.252792 64.626832 24.288885
38.766693 64.626832 24.288885
38.009743 65.115995 27.282042
38.009743 66.034339 27.551997
38.009743 65.147081 26.325347
35.729085 63.785611 35.254411
35.729085 63.754524 36.211106
35.729085 62.867267 34.984456
35.729085 63.785611 37.925112
34.929209 64.198737 38.250314
35.682936 62.885807 38.248306
35.729085 61.124844 31.706721
35.775234 62.024648 31.383527
36.528961 60.711717 31.381519
35.729085 61.124844 34.377422
34.936107 60.662273 34.648432
35.701283 61.108625 33.420763
38.009743 59.794460 35.254411
37.963593 58.894656 34.931217
37.209867 60.207586 34.929209
38.009743 59.794460 37.925112
38.037545 59.810678 36.968453
38.802721 60.257030 38.196122
38.009743 65.115995 31.706721
38.009743 66.034339 31.436767
38.009743 65.147081 32.663416
38.009743 65.115995 34.377422
37.963593 66.015799 34.700616
37.209867 64.702868 34.702624
35.729085 63.785611 42.349791
35.756887 63.801829 43.306449
36.522063 64.248181 42.078780
35.729085 63.785611 45.020492
34.972135 64.274774 45.342948
36.486035 64.274774 45.342948
35.729085 61.124844 38.802101
34.972135 60.635681 38.479645
36.486035 60.635681 38.479645
35.729085 61.124844 41.472802
35.729085 62.043188 41.742756
35.729085 61.155930 40.516107
38.009743 59.794460 42.349791
37.963593 58.894656 42.026596
37.209867 60.207586 42.024589
38.009743 59.794460 45.020492
38.037545 59.810678 44.063833
38.802721 60.257030 45.291502
38.009743 65.115995 38.802101
37.252792 64.626832 38.479645
38.766693 64.626832 38.479645
38.009743 65.115995 41.472802
38.009743 66.034339 41.742756
38.009743 65.147081 40.516107
35.729085 63.785611 49.445170
35.729085 63.754524 50.401865
35.729085 62.867267 49.175216
35.729085 63.785611 52.115871
34.929209 64.198737 52.441073
35.682936 62.885807 52.439066
35.729085 61.124844 45.897480
35.775234 62.024648 45.574286
36.528961 60.711717 45.572278
35.729085 61.124844 48.568181
34.936107 60.662273 48.839192
35.701283 61.108625 47.611523
38.009743 59.794460 49.445170
37.963593 58.894656 49.121976
37.209867 60.207586 49.119968
38.009743 59.794460 52.115871
38.037545 59.810678 51.159213
38.802721 60.257030 52.386882
38.009743 65.115995 45.897480
38.009743 66.034339 45.627526
38.009743 65.147081 46.854176
38.009743 65.115995 48.568181
37.963593 66.015799 48.891376
37.209867 64.702868 48.893383
35.729085 63.785611 56.540550
35.756887 63.801829 57.497209
36.522063 64.248181 56.269540
35.729085 63.785611 59.211251
34.972135 64.274774 59.533707
36.486035 64.274774 59.533707
35.729085 61.124844 52.992860
34.972135 60.635681 52.670404
36.486035 60.635681 52.670404
35.729085 61.124844 55.663561
35.729085 62.043188 55.933516
35.729085 61.155930 54.706866
38.009743 59.794460 56.540550
37.963593 58.894656 56.217356
37.209867 60.207586 56.215348
38.009743 59.794460 59.211251
38.037545 59.810678 58.254592
38.802721 60.257030 59.482261
38.009743 65.115995 52.992860
37.252792 64.626832 52.670404
38.766693 64.626832 52.670404
38.009743 65.115995 55.663561
38.009743 66.034339 55.933516
38.009743 65.147081 54.706866
35.729085 63.785611 63.635930
35.729085 63.754524 64.592625
35.729085 62.867267 63.365975
35.729085 63.785611 66.306631
34.929209 64.198737 66.631833
35.682936 62.885807 66.629825
35.729085 61.124844 60.088240
35.775234 62.024648 59.765046
36.528961 60.711717 59.763038
35.729085 61.124844 62.758941
34.936107 60.662273 63.029951
35.701283 61.108625 61.802282
38.009743 59.794460 63.635930
37.252792 60.283623 63.313474
38.766693 60.283623 63.313474
38.009743 59.794460 66.306631
38.009743 58.876115 66.576585
38.009743 59.763373 65.349936
38.009743 65.115995 60.088240
38.009743 66.034339 59.818285
38.009743 65.147081 61.044935
38.009743 65.115995 62.758941
37.252792 64.626832 63.081397
38.766693 64.626832 63.081397
40.290401 7.909495 6.872892
39.490524 8.322622 6.547690
40.244251 7.009691 6.549698
40.290401 7.909495 9.543593
39.497423 8.372066 9.814603
40.262598 7.925714 8.586934
40.290401 5.248728 3.325202
39.490524 4.835602 3.000000
40.244251 6.148532 3.002008
40.290401 5.248728 5.995903
39.497423 4.786158 6.266913
40.262598 5.232510 5.039244
42.571058 3.918344 6.872892
41.771182 4.331471 6.547690
42.524909 3.018540 6.549698
42.571058 3.918344 9.543593
42.543256 3.934562 8.586934
41.778080 4.380915 9.814603
42.571058 9.239879 3.325202
41.771182 8.826753 3.000000
42.524909 10.139683 3.002008
42.571058 9.239879 5.995903
41.778080 8.777309 6.266913
42.543256 9.223661 5.039244
40.290401 7.909495 13.968272
39.490524 8.322622 13.643070
40.244251 7.009691 13.645077
40.290401 7.909495 16.638973
39.497423 8.372066 16.909983
40.262598 7.925714 15.682314
40.290401 5.248728 10.420582
39.490524 4.835602 10.095380
40.244251 6.148532 10.097387
40.290401 5.248728 13.091283
39.497423 4.786158 13.362293
40.262598 5.232510 12.134624
42.571058 3.918344 13.968272
41.771182 4.331471 13.643070
42.524909 3.018540 13.645077
42.571058 3.918344 16.638973
42.571058 3.887258 15.682278
42.571058 3.000000 16.908927
42.571058 9.239879 10.420582
41.778080 8.777309 10.149571
42.543256 9.223661 11.377240
42.571058 9.239879 13.091283
41.771182 8.826753 13.416485
42.524909 10.139683 13.414477
40.290401 7.909495 21.063651
39.490524 8.322622 20.738449
40.244251 7.009691 20.740457
40.290401 7.909495 23.734352
39.497423 8.372066 24.005363
40.262598 7.925714 22.777694
40.290401 5.248728 17.515962
40.336550 6.148532 17.192767
41.090277 4.835602 17.190759
40.290401 5.248728 20.186662
39.497423 4.786158 20.457673
40.262598 5.232510 19.230004
42.571058 3.918344 21.063651
41.771182 4.331471 20.738449
42.524909 3.018540 20.740457
42.571058 3.918344 23.734352
42.543256 3.934562 22.777694
41.778080 4.380915 24.005363
42.571058 9.239879 17.515962
41.771182 8.826753 17.190759
42.524909 10.139683 17.192767
42.571058 9.239879 20.186662
41.778080 8.777309 20.457673
42.543256 9.223661 19.230004
40.290401 7.909495 28.159031
39.490524 8.322622 27.833829
40.244251 7.009691 27.835837
40.290401 7.909495 30.829732
39.497423 8.372066 31.100742
40.262598 7.925714 29.873073
40.290401 5.248728 24.611341
39.490524 4.835602 24.286139
40.244251 6.148532 24.288147
40.290401 5.248728 27.282042
39.497423 4.786158 27.553053
40.262598 5.232510 26.325384
42.571058 3.918344 28.159031
41.771182 4.331471 27.833829
42.524909 3.018540 27.835837
42.571058 3.918344 30.829732
42.571058 3.887258 29.873037
42.571058 3.000000 31.099687
42.571058 9.239879 24.611341
41.771182 8.826753 24.286139
42.524909 10.139683 24.288147
42.571058 9.239879 27.282042
41.778080 8.777309 27.553053
42.543256 9.223661 26.325384
40.290401 7.909495 35.254411
39.490524 8.322622 34.929209
40.244251 7.009691 34.931217
40.290401 7.909495 37.925112
39.497423 8.372066 38.196122
40.262598 7.925714 36.968453
40.290401 5.248728 31.706721
40.336550 6.148532 31.383527
41.090277 4.835602 31.381519
40.290401 5.248728 34.377422
39.497423 4.786158 34.648432
40.262598 5.232510 33.420763
42.571058 3.918344 35.254411
41.771182 4.331471 34.929209
42.524909 3.018540 34.931217
42.571058 3.918344 37.925112
42.543256 3.934562 36.968453
41.778080 4.380915 38.196122
42.571058 9.239879 31.706721
41.771182 8.826753 31.381519
42.524909 10.139683 31.383527
42.571058 9.239879 34.377422
41.778080 8.777309 34.648432
42.543256 9.223661 33.420763
40.290401 7.909495 42.349791
39.490524 8.322622 42.024589
40.244251 7.009691 42.026596
40.290401 7.909495 45.020492
39.497423 8.372066 45.291502
40.262598 7.925714 44.063833
40.290401 5.248728 38.802101
39.490524 4.835602 38.476899
40.244251 6.148532 38.478906
40.290401 5.248728 41.472802
39.497423 4.786158 41.743812
40.262598 5.232510 40.516143
42.571058 3.918344 42.349791
41.771182 4.331471 42.024589
42.524909 3.018540 42.026596
42.571058 3.918344 45.020492
42.571058 3.887258 44.063796
42.571058 3.000000 45.290446
42.571058 9.239879 38.802101
41.771182 8.826753 38.476899
42.524909 10.139683 38.478906
42.571058 9.239879 41.472802
41.778080 8.777309 41.743812
42.543256 9.223661 40.516143
40.290401 7.909495 49.445170
39.490524 8.322622 49.119968
40.244251 7.009691 49.121976
40.290401 7.909495 52.115871
39.497423 8.372066 52.386882
40.262598 7.925714 51.159213
40.290401 5.248728 45.897480
40.336550 6.148532 45.574286
41.090277 4.835602 45.572278
40.290401 5.248728 48.568181
39.497423 4.786158 48.839192
40.262598 5.232510 47.611523
42.571058 3.918344 49.445170
41.771182 4.331471 49.119968
42.524909 3.018540 49.121976
42.571058 3.918344 52.115871
42.543256 3.934562 51.159213
41.778080 4.380915 52.386882
42.571058 9.239879 45.897480
41.771182 8.826753 45.572278
42.524909 10.139683 45.574286
42.571058 9.239879 48.568181
41.778080 8.777309 48.839192
42.543256 9.223661 47.611523
40.290401 7.909495 56.540550
39.490524 8.322622 56.215348
40.244251 7.009691 56.217356
40.290401 7.909495 59.211251
39.497423 8.372066 59.482261
40.262598 7.925714 58.254592
40.290401 5.248728 52.992860
39.490524 4.835602 52.667658
40.244251 6.148532 52.669666
40.290401 5.248728 55.663561
39.497423 4.786158 55.934572
40.262598 5.232510 54.706902
42.571058 3.918344 56.540550
41.771182 4.331471 56.215348
42.524909 3.018540 56.217356
42.571058 3.918344 59.211251
42.571058 3.887258 58.254556
42.571058 3.000000 59.481206
42.571058 9.239879 52.992860
41.771182 8.826753 52.667658
42.524909 10.139683 52.669666
42.571058 9.239879 55.663561
41.778080 8.777309 55.934572
42.543256 9.223661 54.706902
40.290401 7.909495 63.635930
39.490524 8.322622 63.310728
40.244251 7.009691 63.312735
40.290401 7.909495 66.306631
39.497423 8.372066 66.577641
40.262598 7.925714 65.349972
40.290401 5.248728 60.088240
40.336550 6.148532 59.765046
41.090277 4.835602 59.763038
40.290401 5.248728 62.758941
39.497423 4.786158 63.029951
40.262598 5.232510 61.802282
42.571058 3.918344 63.635930
41.778080 4.380915 63.364919
42.543256 3.934562 64.592589
42.571058 3.918344 66.306631
41.771182 4.331471 66.631833
42.524909 3.018540 66.629825
42.571058 9.239879 60.088240
41.771182 8.826753 59.763038
42.524909 10.139683 59.765046
42.571058 9.239879 62.758941
41.778080 8.777309 63.029951
42.543256 9.223661 61.802282
40.290401 15.891798 6.872892
39.497423 16.354368 6.601882
40.262598 15.908016 7.829551
40.290401 15.891798 9.543593
39.490524 16.304924 9.868795
40.244251 14.991994 9.866787
40.290401 13.231030 3.325202
39.497423 12.768460 3.054192
40.262598 13.214812 4.281861
40.290401 13.231030 5.995903
40.336550 14.130834 6.319097
41.090277 12.817904 6.321105
42.571058 11.900647 6.872892
42.571058 10.982302 6.602937
42.571058 11.869560 7.829587
42.571058 11.900647 9.543593
42.617208 11.000842 9.866787
43.370934 12.313773 9.868795
42.571058 17.222181 3.325202
42.543256 17.205963 4.281861
41.778080 16.759611 3.054192
42.571058 17.222181 5.995903
41.771182 16.809055 6.321105
42.524909 18.121986 6.319097
40.290401 15.891798 13.968272
39.497423 16.354368 13.697261
40.262598 15.908016 14.924930
40.290401 15.891798 16.638973
39.490524 16.304924 16.964175
40.244251 14.991994 16.962167
40.290401 13.231030 10.420582
39.533450 12.741868 10.098126
41.047351 12.741868 10.098126
40.290401 13.231030 13.091283
40.290401 14.149375 13.361237
40.290401 13.262117 12.134588
42.571058 11.900647 13.968272
41.814108 12.389809 13.645816
43.328009 12.389809 13.645816
42.571058 11.900647 16.638973
42.543256 11.916865 15.682314
41.778080 12.363217 16.909983
42.571058 17.222181 10.420582
41.771182 16.809055 10.095380
42.524909 18.121986 10.097387
42.571058 17.222181 13.091283
41.778080 16.759611 13.362293
42.543256 17.205963 12.134624
40.290401 15.891798 21.063651
39.497423 16.354368 20.792641
40.262598 15.908016 22.020310
40.290401 15.891798 23.734352
39.490524 16.304924 24.059554
40.244251 14.991994 24.057547
40.290401 13.231030 17.515962
39.497423 12.768460 17.244951
40.262598 13.214812 18.472620
40.290401 13.231030 20.186662
40.336550 14.130834 20.509857
41.090277 12.817904 20.511865
42.571058 11.900647 21.063651
42.617208 11.000842 20.740457
43.370934 12.313773 20.738449
42.571058 11.900647 23.734352
42.543256 11.916865 22.777694
41.778080 12.363217 24.005363
42.571058 17.222181 17.515962
41.771182 16.809055 17.190759
42.524909 18.121986 17.192767
42.571058 17.222181 20.186662
41.778080 16.759611 20.457673
42.543256 17.205963 19.230004
40.290401 15.891798 28.159031
39.497423 16.354368 27.888021
40.262598 15.908016 29.115690
40.290401 15.891798 30.829732
39.490524 16.304924 31.154934
40.244251 14.991994 31.152926
40.290401 13.231030 24.611341
39.497423 12.768460 24.340331
40.262598 13.214812 25.568000
40.290401 13.231030 27.282042
40.336550 14.130834 27.605237
41.090277 12.817904 27.607244
42.571058 11.900647 28.159031
42.617208 11.000842 27.835837
43.370934 12.313773 27.833829
42.571058 11.900647 30.829732
42.543256 11.916865 29.873073
41.778080 12.363217 31.100742
42.571058 17.222181 24.611341
41.771182 16.809055 24.286139
42.524909 18.121986 24.288147
42.571058 17.222181 27.282042
41.778080 16.759611 27.553053
42.543256 17.205963 26.325384
40.290401 15.891798 35.254411
39.497423 16.354368 34.983400
40.262598 15.908016 36.211070
40.290401 15.891798 37.925112
39.490524 16.304924 38.250314
40.244251 14.991994 38.248306
40.290401 13.231030 31.706721
39.497423 12.768460 31.435711
40.262598 13.214812 32.663380
40.290401 13.231030 34.377422
40.336550 14.130834 34.700616
41.090277 12.817904 34.702624
42.571058 11.900647 35.254411
42.617208 11.000842 34.931217
43.370934 12.313773 34.929209
42.571058 11.900647 37.925112
42.543256 11.916865 36.968453
41.778080 12.363217 38.196122
42.571058 17.222181 31.706721
41.771182 16.809055 31.381519
42.524909 18.121986 31.383527
42.571058 17.222181 34.377422
41.778080 16.759611 34.648432
42.543256 17.205963 33.420763
40.290401 15.891798 42.349791
39.497423 16.354368 42.078780
40.262598 15.908016 43.306449
40.290401 15.891798 45.020492
39.490524 16.304924 45.345694
40.244251 14.991994 45.343686
40.290401 13.231030 38.802101
39.497423 12.768460 38.531090
40.262598 13.214812 39.758759
40.290401 13.231030 41.472802
40.336550 14.130834 41.795996
41.090277 12.817904 41.798004
42.571058 11.900647 42.349791
42.617208 11.000842 42.026596
43.370934 12.313773 42.024589
42.571058 11.900647 45.020492
42.543256 11.916865 44.063833
41.778080 12.363217 45.291502
42.571058 17.222181 38.802101
41.771182 16.809055 38.476899
42.524909 18.121986 38.478906
42.571058 17.222181 41.472802
41.778080 16.759611 41.743812
42.543256 17.205963 40.516143
40.290401 15.891798 49.445170
39.497423 16.354368 49.174160
40.262598 15.908016 50.401829
40.290401 15.891798 52.115871
39.490524 16.304924 52.441073
40.244251 14.991994 52.439066
40.290401 13.231030 45.897480
39.497423 12.768460 45.626470
40.262598 13.214812 46.854139
40.290401 13.231030 48.568181
40.336550 14.130834 48.891376
41.090277 12.817904 48.893383
42.571058 11.900647 49.445170
42.617208 11.000842 49.121976
43.370934 12.313773 49.119968
42.571058 11.900647 52.115871
42.543256 11.916865 51.159213
41.778080 12.363217 52.386882
42.571058 17.222181 45.897480
41.771182 16.809055 45.572278
42.524909 18.121986 45.574286
42.571058 17.222181 48.568181
41.778080 16.759611 48.839192
42.543256 17.205963 47.611523
40.290401 15.891798 56.540550
39.497423 16.354368 56.269540
40.262598 15.908016 57.497209
40.290401 15.891798 59.211251
39.490524 16.304924 59.536453
40.244251 14.991994 59.534445
40.290401 13.231030 52.992860
39.497423 12.768460 52.721850
40.262598 13.214812 53.949519
40.290401 13.231030 55.663561
40.336550 14.130834 55.986756
41.090277 12.817904 55.988763
42.571058 11.900647 56.540550
42.617208 11.000842 56.217356
43.370934 12.313773 56.215348
42.571058 11.900647 59.211251
42.543256 11.916865 58.254592
41.778080 12.363217 59.482261
42.571058 17.222181 52.992860
41.771182 16.809055 52.667658
42.524909 18.121986 52.669666
42.571058 17.222181 55.663561
41.778080 16.759611 55.934572
42.543256 17.205963 54.706902
40.290401 15.891798 63.635930
39.497423 16.354368 63.364919
40.262598 15.908016 64.592589
40.290401 15.891798 66.306631
39.490524 16.304924 66.631833
40.244251 14.991994 66.629825
40.290401 13.231030 60.088240
39.497423 12.768460 59.817230
40.262598 13.214812 61.044899
40.290401 13.231030 62.758941
40.336550 14.130834 63.082135
41.090277 12.817904 63.084143
42.571058 11.900647 63.635930
42.617208 11.000842 63.312735
43.370934 12.313773 63.310728
42.571058 11.900647 66.306631
41.778080 12.363217 66.577641
42.543256 11.916865 65.349972
42.571058 17.222181 60.088240
41.771182 16.809055 59.763038
42.524909 18.121986 59.765046
42.571058 17.222181 62.758941
41.778080 16.759611 63.029951
42.543256 17.205963 61.802282
40.290401 23.874100 6.872892
39.490524 24.287226 6.547690
40.244251 22.974296 6.549698
40.290401 23.874100 9.543593
39.497423 24.336670 9.814603
40.262598 23.890318 8.586934
40.290401 21.213332 3.325202
39.533450 20.724170 3.002746
41.047351 20.724170 3.002746
40.290401 21.213332 5.995903
39.497423 20.750762 6.266913
40.262598 21.197114 5.039244
42.571058 19.882949 6.872892
41.814108 20.372111 6.550436
43.328009 20.372111 6.550436
42.571058 19.882949 9.543593
42.543256 19.899167 8.586934
41.778080 20.345519 9.814603
42.571058 25.204484 3.325202
42.543256 25.188266 4.281861
41.778080 24.741913 3.054192
42.571058 25.204484 5.995903
41.771182 24.791357 6.321105
42.524909 26.104288 6.319097
40.290401 23.874100 13.968272
39.497423 24.336670 13.697261
40.262598 23.890318 14.924930
40.290401 23.874100 16.638973
39.490524 24.287226 16.964175
40.244251 22.974296 16.962167
40.290401 21.213332 10.420582
40.290401 22.131677 10.150627
40.290401 21.244419 11.377277
40.290401 21.213332 13.091283
40.336550 22.113137 13.414477
41.090277 20.800206 13.416485
42.571058 19.882949 13.968272
42.617208 18.983145 13.645077
43.370934 20.296075 13.643070
42.571058 19.882949 16.638973
42.543256 19.899167 15.682314
41.778080 20.345519 16.909983
42.571058 25.204484 10.420582
41.771182 24.791357 10.095380
42.524909 26.104288 10.097387
42.571058 25.204484 13.091283
41.778080 24.741913 13.362293
42.543256 25.188266 12.134624
40.290401 23.874100 21.063651
39.497423 24.336670 20.792641
40.262598 23.890318 22.020310
40.290401 23.874100 23.734352
39.490524 24.287226 24.059554
40.244251 22.974296 24.057547
40.290401 21.213332 17.515962
39.497423 20.750762 17.244951
40.262598 21.197114 18.472620
40.290401 21.213332 20.186662
40.336550 22.113137 20.509857
41.090277 20.800206 20.511865
42.571058 19.882949 21.063651
42.617208 18.983145 20.740457
43.370934 20.296075 20.738449
42.571058 19.882949 23.734352
42.543256 19.899167 22.777694
41.778080 20.345519 24.005363
42.571058 25.204484 17.515962
41.771182 24.791357 17.190759
42.524909 26.104288 17.192767
42.571058 25.204484 20.186662
41.778080 24.741913 20.457673
42.543256 25.188266 19.230004
40.290401 23.874100 28.159031
39.497423 24.336670 27.888021
40.262598 23.890318 29.115690
40.290401 23.874100 30.829732
39.490524 24.287226 31.154934
40.244251 22.974296 31.152926
40.290401 21.213332 24.611341
39.497423 20.750762 24.340331
40.262598 21.197114 25.568000
40.290401 21.213332 27.282042
40.336550 22.113137 27.605237
41.090277 20.800206 27.607244
42.571058 19.882949 28.159031
42.617208 18.983145 27.835837
43.370934 20.296075 27.833829
42.571058 19.882949 30.829732
42.543256 19.899167 29.873073
41.778080 20.345519 31.100742
42.571058 25.204484 24.611341
41.771182 24.791357 24.286139
42.524909 26.104288 24.288147
42.571058 25.204484 27.282042
41.778080 24.741913 27.553053
42.543256 25.188266 26.325384
40.290401 23.874100 35.254411
39.497423 24.336670 34.983400
40.262598 23.890318 36.211070
40.290401 23.874100 37.925112
39.490524 24.287226 38.250314
40.244251 22.974296 38.248306
40.290401 21.213332 31.706721
39.497423 20.750762 31.435711
40.262598 21.197114 32.663380
40.290401 21.213332 34.377422
40.336550 22.113137 34.700616
41.090277 20.800206 34.702624
42.571058 19.882949 35.254411
42.617208 18.983145 34.931217
43.370934 20.296075 34.929209
42.571058 19.882949 37.925112
42.543256 19.899167 36.968453
41.778080 20.345519 38.196122
42.571058 25.204484 31.706721
41.771182 24.791357 31.381519
42.524909 26.104288 31.383527
42.571058 25.204484 34.377422
41.778080 24.741913 34.648432
42.543256 25.188266 33.420763
40.290401 23.874100 42.349791
39.497423 24.336670 42.078780
40.262598 23.890318 43.306449
40.290401 23.874100 45.020492
39.490524 24.287226 45.345694
40.244251 22.974296 45.343686
40.290401 21.213332 38.802101
39.497423 20.750762 38.531090
40.262598 21.197114 39.758759
40.290401 21.213332 41.472802
40.336550 22.113137 41.795996
41.090277 20.800206 41.798004
42.571058 19.882949 42.349791
42.617208 18.983145 42.026596
43.370934 20.296075 42.024589
42.571058 19.882949 45.020492
42.543256 19.899167 44.063833
41.778080 20.345519 45.291502
42.571058 25.204484 38.802101
41.771182 24.791357 38.476899
42.524909 26.104288 38.478906
42.571058 25.204484 41.472802
41.778080 24.741913 41.743812
42.543256 25.188266 40.516143
40.290401 23.874100 49.445170
39.497423 24.336670 49.174160
40.262598 23.890318 50.401829
40.290401 23.874100 52.115871
39.490524 24.287226 52.441073
40.244251 22.974296 52.439066
40.290401 21.213332 45.897480
39.497423 20.750762 45.626470
40.262598 21.197114 46.854139
40.290401 21.213332 48.568181
40.336550 22.113137 48.891376
41.090277 20.800206 48.893383
42.571058 19.882949 49.445170
42.617208 18.983145 49.121976
43.370934 20.296075 49.119968
42.571058 19.882949 52.115871
42.543256 19.899167 51.159213
41.778080 20.345519 52.386882
42.571058 25.204484 45.897480
41.771182 24.791357 45.572278
42.524909 26.104288 45.574286
42.571058 25.204484 48.568181
41.778080 24.741913 48.839192
42.543256 25.188266 47.611523
40.290401 23.874100 56.540550
39.497423 24.336670 56.269540
40.262598 23.890318 57.497209
40.290401 23.874100 59.211251
39.490524 24.287226 59.536453
40.244251 22.974296 59.534445
40.290401 21.213332 52.992860
39.497423 20.750762 52.721850
40.262598 21.197114 53.949519
40.290401 21.213332 55.663561
40.336550 22.113137 55.986756
41.090277 20.800206 55.988763
42.571058 19.882949 56.540550
42.617208 18.983145 56.217356
43.370934 20.296075 56.215348
42.571058 19.882949 59.211251
42.543256 19.899167 58.254592
41.778080 20.345519 59.482261
42.571058 25.204484 52.992860
41.771182 24.791357 52.667658
42.524909 26.104288 52.669666
42.571058 25.204484 55.663561
41.778080 24.741913 55.934572
42.543256 25.188266 54.706902
40.290401 23.874100 63.635930
39.497423 24.336670 63.364919
40.262598 23.890318 64.592589
40.290401 23.874100 66.306631
39.490524 24.287226 66.631833
40.244251 22.974296 66.629825
40.290401 21.213332 60.088240
39.497423 20.750762 59.817230
40.262598 21.197114 61.044899
40.290401 21.213332 62.758941
40.336550 22.113137 63.082135
41.090277 20.800206 63.084143
42.571058 19.882949 63.635930
42.617208 18.983145 63.312735
43.370934 20.296075 63.310728
42.571058 19.882949 66.306631
42.571058 18.964604 66.576585
42.571058 19.851862 65.349936
42.571058 25.204484 60.088240
41.771182 24.791357 59.763038
42.524909 26.104288 59.765046
42.571058 25.204484 62.758941
41.778080 24.741913 63.029951
42.543256 25.188266 61.802282
40.290401 31.856402 6.872892
39.490524 32.269529 6.547690
40.244251 30.956598 6.549698
40.290401 31.856402 9.543593
39.497423 32.318972 9.814603
40.262598 31.872620 8.586934
40.290401 29.195635 3.325202
39.533450 28.706472 3.002746
41.047351 28.706472 3.002746
40.290401 29.195635 5.995903
39.497423 28.733064 6.266913
40.262598 29.179417 5.039244
42.571058 27.865251 6.872892
41.814108 28.354414 6.550436
43.328009 28.354414 6.550436
42.571058 27.865251 9.543593
42.543256 27.881469 8.586934
41.778080 28.327821 9.814603
42.571058 33.186786 3.325202
42.543256 33.170568 4.281861
41.778080 32.724215 3.054192
42.571058 33.186786 5.995903
41.771182 32.773659 6.321105
42.524909 34.086590 6.319097
40.290401 31.856402 13.968272
39.497423 32.318972 13.697261
40.262598 31.872620 14.924930
40.290401 31.856402 16.638973
39.490524 32.269529 16.964175
40.244251 30.956598 16.962167
40.290401 29.195635 10.420582
40.290401 30.113979 10.150627
40.290401 29.226721 11.377277
40.290401 29.195635 13.091283
40.336550 30.095439 13.414477
41.090277 28.782508 13.416485
42.571058 27.865251 13.968272
42.617208 26.965447 13.645077
43.370934 28.278378 13.643070
42.571058 27.865251 16.638973
42.543256 27.881469 15.682314
41.778080 28.327821 16.909983
42.571058 33.186786 10.420582
41.771182 32.773659 10.095380
42.524909 34.086590 10.097387
42.571058 33.186786 13.091283
41.778080 32.724215 13.362293
42.543256 33.170568 12.134624
40.290401 31.856402 21.063651
39.497423 32.318972 20.792641
40.262598 31.872620 22.020310
40.290401 31.856402 23.734352
39.490524 32.269529 24.059554
40.244251 30.956598 24.057547
40.290401 29.195635 17.515962
39.497423 28.733064 17.244951
40.262598 29.179417 18.472620
40.290401 29.195635 20.186662
40.336550 30.095439 20.509857
41.090277 28.782508 20.511865
42.571058 27.865251 21.063651
42.617208 26.965447 20.740457
43.370934 28.278378 20.738449
42.571058 27.865251 23.734352
42.543256 27.881469 22.777694
41.778080 28.327821 24.005363
42.571058 33.186786 17.515962
41.771182 32.773659 17.190759
42.524909 34.086590 17.192767
42.571058 33.186786 20.186662
41.778080 32.724215 20.457673
42.543256 33.170568 19.230004
40.290401 31.856402 28.159031
39.497423 32.318972 27.888021
40.262598 31.872620 29.115690
40.290401 31.856402 30.829732
39.490524 32.269529 31.154934
40.244251 30.956598 31.152926
40.290401 29.195635 24.611341
39.497423 28.733064 24.340331
40.262598 29.179417 25.568000
40.290401 29.195635 27.282042
40.336550 30.095439 27.605237
41.090277 28.782508 27.607244
42.571058 27.865251 28.159031
42.617208 26.965447 27.835837
43.370934 28.278378 27.833829
42.571058 27.865251 30.829732
42.543256 27.881469 29.873073
41.778080 28.327821 31.100742
42.571058 33.186786 24.611341
41.771182 32.773659 24.286139
42.524909 34.086590 24.288147
42.571058 33.186786 27.282042
41.778080 32.724215 27.553053
42.543256 33.170568 26.325384
40.290401 31.856402 35.254411
39.497423 32.318972 34.983400
40.262598 31.872620 36.211070
40.290401 31.856402 37.925112
39.490524 32.269529 38.250314
40.244251 30.956598 38.248306
40.290401 29.195635 31.706721
39.497423 28.733064 31.435711
40.262598 29.179417 32.663380
40.290401 29.195635 34.377422
40.336550 30.095439 34.700616
41.090277 28.782508 34.702624
42.571058 27.865251 35.254411
42.617208 26.965447 34.931217
43.370934 28.278378 34.929209
42.571058 27.865251 37.925112
42.543256 27.881469 36.968453
41.778080 28.327821 38.196122
42.571058 33.186786 31.706721
41.771182 32.773659 31.381519
42.524909 34.086590 31.383527
42.571058 33.186786 34.377422
41.778080 32.724215 34.648432
42.543256 33.170568 33.420763
40.290401 31.856402 42.349791
39.497423 32.318972 42.078780
40.262598 31.872620 43.306449
40.290401 31.856402 45.020492
39.490524 32.269529 45.345694
40.244251 30.956598 45.343686
40.290401 29.195635 38.802101
39.497423 28.733064 38.531090
40.262598 29.179417 39.758759
40.290401 29.195635 41.472802
40.336550 30.095439 41.795996
41.090277 28.782508 41.798004
42.571058 27.865251 42.349791
42.617208 26.965447 42.026596
43.370934 28.278378 42.024589
42.571058 27.865251 45.020492
42.543256 27.881469 44.063833
41.778080 28.327821 45.291502
42.571058 33.186786 38.802101
41.771182 32.773659 38.476899
42.524909 34.086590 38.478906
42.571058 33.186786 41.472802
41.778080 32.724215 41.743812
42.543256 33.170568 40.516143
40.290401 31.856402 49.445170
39.497423 32.318972 49.174160
40.262598 31.872620 50.401829
40.290401 31.856402 52.115871
39.490524 32.269529 52.441073
40.244251 30.956598 52.439066
40.290401 29.195635 45.897480
39.497423 28.733064 45.626470
40.262598 29.179417 46.854139
40.290401 29.195635 48.568181
40.336550 30.095439 48.891376
41.090277 28.782508 48.893383
42.571058 27.865251 49.445170
42.617208 26.965447 49.121976
43.370934 28.278378 49.119968
42.571058 27.865251 52.115871
42.543256 27.881469 51.159213
41.778080 28.327821 52.386882
42.571058 33.186786 45.897480
41.771182 32.773659 45.572278
42.524909 34.086590 45.574286
42.571058 33.186786 48.568181
41.778080 32.724215 48.839192
42.543256 33.170568 47.611523
40.290401 31.856402 56.540550
39.497423 32.318972 56.269540
40.262598 31.872620 57.497209
40.290401 31.856402 59.211251
39.490524 32.269529 59.536453
40.244251 30.956598 59.534445
40.290401 29.195635 52.992860
39.497423 28.733064 52.721850
40.262598 29.179417 53.949519
40.290401 29.195635 55.663561
40.336550 30.095439 55.986756
41.090277 28.782508 55.988763
42.571058 27.865251 56.540550
42.617208 26.965447 56.217356
43.370934 28.278378 56.215348
42.571058 27.865251 59.211251
42.543256 27.881469 58.254592
41.778080 28.327821 59.482261
42.571058 33.186786 52.992860
41.771182 32.773659 52.667658
42.524909 34.086590 52.669666
42.571058 33.186786 55.663561
41.778080 32.724215 55.934572
42.543256 33.170568 54.706902
40.290401 31.856402 63.635930
39.497423 32.318972 63.364919
40.262598 31.872620 64.592589
40.290401 31.856402 66.306631
39.490524 32.269529 66.631833
40.244251 30.956598 66.629825
40.290401 29.195635 60.088240
39.497423 28.733064 59.817230
40.262598 29.179417 61.044899
40.290401 29.195635 62.758941
40.336550 30.095439 63.082135
41.090277 28.782508 63.084143
42.571058 27.865251 63.635930
42.617208 26.965447 63.312735
43.370934 28.278378 63.310728
42.571058 27.865251 66.306631
42.571058 26.946907 66.576585
42.571058 27.834164 65.349936
42.571058 33.186786 60.088240
41.771182 32.773659 59.763038
42.524909 34.086590 59.765046
42.571058 33.186786 62.758941
41.778080 32.724215 63.029951
42.543256 33.170568 61.802282
40.290401 39.838704 6.872892
39.490524 40.251831 6.547690
40.244251 38.938900 6.549698
40.290401 39.838704 9.543593
39.497423 40.301275 9.814603
40.262598 39.854922 8.586934
40.290401 37.177937 3.325202
39.533450 36.688774 3.002746
41.047351 36.688774 3.002746
40.290401 37.177937 5.995903
39.497423 36.715367 6.266913
40.262598 37.161719 5.039244
42.571058 35.847553 6.872892
41.814108 36.336716 6.550436
43.328009 36.336716 6.550436
42.571058 35.847553 9.543593
42.543256 35.863771 8.586934
41.778080 36.310124 9.814603
42.571058 41.169088 3.325202
42.543256 41.152870 4.281861
41.778080 40.706518 3.054192
42.571058 41.169088 5.995903
41.771182 40.755961 6.321105
42.524909 42.068892 6.319097
40.290401 39.838704 13.968272
39.497423 40.301275 13.697261
40.262598 39.854922 14.924930
40.290401 39.838704 16.638973
39.490524 40.251831 16.964175
40.244251 38.938900 16.962167
40.290401 37.177937 10.420582
40.290401 38.096281 10.150627
40.290401 37.209024 11.377277
40.290401 37.177937 13.091283
40.336550 38.077741 13.414477
41.090277 36.764810 13.416485
42.571058 35.847553 13.968272
42.617208 34.947749 13.645077
43.370934 36.260680 13.643070
42.571058 35.847553 16.638973
42.543256 35.863771 15.682314
41.778080 36.310124 16.909983
42.571058 41.169088 10.420582
41.771182 40.755961 10.095380
42.524909 42.068892 10.097387
42.571058 41.169088 13.091283
41.778080 40.706518 13.362293
42.543256 41.152870 12.134624
40.290401 39.838704 21.063651
39.497423 40.301275 20.792641
40.262598 39.854922 22.020310
40.290401 39.838704 23.734352
39.490524 40.251831 24.059554
40.244251 38.938900 24.057547
40.290401 37.177937 17.515962
39.497423 36.715367 17.244951
40.262598 37.161719 18.472620
40.290401 37.177937 20.186662
40.336550 38.077741 20.509857
41.090277 36.764810 20.511865
42.571058 35.847553 21.063651
42.617208 34.947749 20.740457
43.370934 36.260680 20.738449
42.571058 35.847553 23.734352
42.543256 35.863771 22.777694
41.778080 36.310124 24.005363
42.571058 41.169088 17.515962
41.771182 40.755961 17.190759
42.524909 42.068892 17.192767
42.571058 41.169088 20.186662
41.778080 40.706518 20.457673
42.543256 41.152870 19.230004
40.290401 39.838704 28.159031
39.497423 40.301275 27.888021
40.262598 39.854922 29.115690
40.290401 39.838704 30.829732
39.490524 40.251831 31.154934
40.244251 38.938900 31.152926
40.290401 37.177937 24.611341
39.497423 36.715367 24.340331
40.262598 37.161719 25.568000
40.290401 37.177937 27.282042
40.336550 38.077741 27.605237
41.090277 36.764810 27.607244
42.571058 35.847553 28.159031
42.617208 34.947749 27.835837
43.370934 36.260680 27.833829
42.571058 35.847553 30.829732
42.543256 35.863771 29.873073
41.778080 36.310124 31.100742
42.571058 41.169088 24.611341
41.771182 40.755961 24.286139
42.524909 42.068892 24.288147
42.571058 41.169088 27.282042
41.778080 40.706518 27.553053
42.543256 41.152870 26.325384
40.290401 39.838704 35.254411
39.497423 40.301275 34.983400
40.262598 39.854922 36.211070
40.290401 39.838704 37.925112
39.490524 40.251831 38.250314
40.244251 38.938900 38.248306
40.290401 37.177937 31.706721
39.497423 36.715367 31.435711
40.262598 37.161719 32.663380
40.290401 37.177937 34.377422
40.336550 38.077741 34.700616
41.090277 36.764810 34.702624
42.571058 35.847553 35.254411
42.617208 34.947749 34.931217
43.370934 36.260680 34.929209
42.571058 35.847553 37.925112
42.543256 35.863771 36.968453
41.778080 36.310124 38.196122
42.571058 41.169088 31.706721
41.771182 40.755961 31.381519
42.524909 42.068892 31.383527
42.571058 41.169088 34.377422
41.778080 40.706518 34.648432
42.543256 41.152870 33.420763
40.290401 39.838704 42.349791
39.497423 40.301275 42.078780
40.262598 39.854922 43.306449
40.290401 39.838704 45.020492
39.490524 40.251831 45.345694
40.244251 38.938900 45.343686
40.290401 37.177937 38.802101
39.497423 36.715367 38.531090
40.262598 37.161719 39.758759
40.290401 37.177937 41.472802
40.336550 38.077741 41.795996
41.090277 36.764810 41.798004
42.571058 35.847553 42.349791
42.617208 34.947749 42.026596
43.370934 36.260680 42.024589
42.571058 35.847553 45.020492
42.543256 35.863771 44.063833
41.778080 36.310124 45.291502
42.571058 41.169088 38.802101
41.771182 40.755961 38.476899
42.524909 42.068892 38.478906
42.571058 41.169088 41.472802
41.778080 40.706518 41.743812
42.543256 41.152870 40.516143
40.290401 39.838704 49.445170
39.497423 40.301275 49.174160
40.262598 39.854922 50.401829
40.290401 39.838704 52.115871
39.490524 40.251831 52.441073
40.244251 38.938900 52.439066
40.290401 37.177937 45.897480
39.497423 36.715367 45.626470
40.262598 37.161719 46.854139
40.290401 37.177937 48.568181
40.336550 38.077741 48.891376
41.090277 36.764810 48.893383
42.571058 35.847553 49.445170
42.617208 34.947749 49.121976
43.370934 36.260680 49.119968
42.571058 35.847553 52.115871
42.543256 35.863771 51.159213
41.778080 36.310124 52.386882
42.571058 41.169088 45.897480
41.771182 40.755961 45.572278
42.524909 42.068892 45.574286
42.571058 41.169088 48.568181
41.778080 40.706518 48.839192
42.543256 41.152870 47.611523
40.290401 39.838704 56.540550
39.497423 40.301275 56.269540
40.262598 39.854922 57.497209
40.290401 39.838704 59.211251
39.490524 40.251831 59.536453
40.244251 38.938900 59.534445
40.290401 37.177937 52.992860
39.497423 36.715367 52.721850
40.262598 37.161719 53.949519
40.290401 37.177937 55.663561
40.336550 38.077741 55.986756
41.090277 36.764810 55.988763
42.571058 35.847553 56.540550
42.617208 34.947749 56.217356
43.370934 36.260680 56.215348
42.571058 35.847553 59.211251
42.543256 35.863771 58.254592
41.778080 36.310124 59.482261
42.571058 41.169088 52.992860
41.771182 40.755961 52.667658
42.524909 42.068892 52.669666
42.571058 41.169088 55.663561
41.778080 40.706518 55.934572
42.543256 41.152870 54.706902
40.290401 39.838704 63.635930
39.497423 40.301275 63.364919
40.262598 39.854922 64.592589
40.290401 39.838704 66.306631
39.490524 40.251831 66.631833
40.244251 38.938900 66.629825
40.290401 37.177937 60.088240
39.497423 36.715367 59.817230
40.262598 37.161719 61.044899
40.290401 37.177937 62.758941
40.336550 38.077741 63.082135
41.090277 36.764810 63.084143
42.571058 35.847553 63.635930
42.617208 34.947749 63.312735
43.370934 36.260680 63.310728
42.571058 35.847553 66.306631
42.571058 34.929209 66.576585
42.571058 35.816466 65.349936
42.571058 41.169088 60.088240
41.771182 40.755961 59.763038
42.524909 42.068892 59.765046
42.571058 41.169088 62.758941
41.778080 40.706518 63.029951
42.543256 41.152870 61.802282
40.290401 47.821007 6.872892
39.490524 48.234133 6.547690
40.244251 46.921202 6.549698
40.290401 47.821007 9.543593
39.497423 48.283577 9.814603
40.262598 47.837225 8.586934
40.290401 45.160239 3.325202
39.533450 44.671076 3.002746
41.047351 44.671076 3.002746
40.290401 45.160239 5.995903
39.497423 44.697669 6.266913
40.262598 45.144021 5.039244
42.571058 43.829855 6.872892
41.814108 44.319018 6.550436
43.328009 44.319018 6.550436
42.571058 43.829855 9.543593
42.543256 43.846073 8.586934
41.778080 44.292426 9.814603
42.571058 49.151390 3.325202
42.543256 49.135172 4.281861
41.778080 48.688820 3.054192
42.571058 49.151390 5.995903
41.771182 48.738264 6.321105
42.524909 50.051194 6.319097
40.290401 47.821007 13.968272
39.497423 48.283577 13.697261
40.262598 47.837225 14.924930
40.290401 47.821007 16.638973
39.490524 48.234133 16.964175
40.244251 46.921202 16.962167
40.290401 45.160239 10.420582
40.290401 46.078583 10.150627
40.290401 45.191326 11.377277
40.290401 45.160239 13.091283
40.336550 46.060043 13.414477
41.090277 44.747113 13.416485
42.571058 43.829855 13.968272
42.617208 42.930051 13.645077
43.370934 44.242982 13.643070
42.571058 43.829855 16.638973
42.543256 43.846073 15.682314
41.778080 44.292426 16.909983
42.571058 49.151390 10.420582
41.771182 48.738264 10.095380
42.524909 50.051194 10.097387
42.571058 49.151390 13.091283
41.778080 48.688820 13.362293
42.543256 49.135172 12.134624
40.290401 47.821007 21.063651
39.497423 48.283577 20.792641
40.262598 47.837225 22.020310
40.290401 47.821007 23.734352
39.490524 48.234133 24.059554
40.244251 46.921202 24.057547
40.290401 45.160239 17.515962
39.497423 44.697669 17.244951
40.262598 45.144021 18.472620
40.290401 45.160239 20.186662
40.336550 46.060043 20.509857
41.090277 44.747113 20.511865
42.571058 43.829855 21.063651
42.617208 42.930051 20.740457
43.370934 44.242982 20.738449
42.571058 43.829855 23.734352
42.543256 43.846073 22.777694
41.778080 44.292426 24.005363
42.571058 49.151390 17.515962
41.771182 48.738264 17.190759
42.524909 50.051194 17.192767
42.571058 49.151390 20.186662
41.778080 48.688820 20.457673
42.543256 49.135172 19.230004
40.290401 47.821007 28.159031
39.497423 48.283577 27.888021
40.262598 47.837225 29.115690
40.290401 47.821007 30.829732
39.490524 48.234133 31.154934
40.244251 46.921202 31.152926
40.290401 45.160239 24.611341
39.497423 44.697669 24.340331
40.262598 45.144021 25.568000
40.290401 45.160239 27.282042
40.336550 46.060043 27.605237
41.090277 44.747113 27.607244
42.571058 43.829855 28.159031
42.617208 42.930051 27.835837
43.370934 44.242982 27.833829
42.571058 43.829855 30.829732
42.543256 43.846073 29.873073
41.778080 44.292426 31.100742
42.571058 49.151390 24.611341
41.771182 48.738264 24.286139
42.524909 50.051194 24.288147
42.571058 49.151390 27.282042
41.778080 48.688820 27.553053
42.543256 49.135172 26.325384
40.290401 47.821007 35.254411
39.497423 48.283577 34.983400
40.262598 47.837225 36.211070
40.290401 47.821007 37.925112
39.490524 48.234133 38.250314
40.244251 46.921202 38.248306
40.290401 45.160239 31.706721
39.497423 44.697669 31.435711
40.262598 45.144021 32.663380
40.290401 45.160239 34.377422
40.336550 46.060043 34.700616
41.090277 44.747113 34.702624
42.571058 43.829855 35.254411
42.617208 42.930051 34.931217
43.370934 44.242982 34.929209
42.571058 43.829855 37.925112
42.543256 43.846073 36.968453
41.778080 44.292426 38.196122
42.571058 49.151390 31.706721
41.771182 48.738264 31.381519
42.524909 50.051194 31.383527
42.571058 49.151390 34.377422
41.778080 48.688820 34.648432
42.543256 49.135172 33.420763
40.290401 47.821007 42.349791
39.497423 48.283577 42.078780
40.262598 47.837225 43.306449
40.290401 47.821007 45.020492
39.490524 48.234133 45.345694
40.244251 46.921202 45.343686
40.290401 45.160239 38.802101
39.497423 44.697669 38.531090
40.262598 45.144021 39.758759
40.290401 45.160239 41.472802
40.336550 46.060043 41.795996
41.090277 44.747113 41.798004
42.571058 43.829855 42.349791
42.617208 42.930051 42.026596
43.370934 44.242982 42.024589
42.571058 43.829855 45.020492
42.543256 43.846073 44.063833
41.778080 44.292426 45.291502
42.571058 49.151390 38.802101
41.771182 48.738264 38.476899
42.524909 50.051194 38.478906
42.571058 49.151390 41.472802
41.778080 48.688820 41.743812
42.543256 49.135172 40.516143
40.290401 47.821007 49.445170
39.497423 48.283577 49.174160
40.262598 47.837225 50.401829
40.290401 47.821007 52.115871
39.490524 48.234133 52.441073
40.244251 46.921202 52.439066
40.290401 45.160239 45.897480
39.497423 44.697669 45.626470
40.262598 45.144021 46.854139
40.290401 45.160239 48.568181
40.336550 46.060043 48.891376
41.090277 44.747113 48.893383
42.571058 43.829855 49.445170
42.617208 42.930051 49.121976
43.370934 44.242982 49.119968
42.571058 43.829855 52.115871
42.543256 43.846073 51.159213
41.778080 44.292426 52.386882
42.571058 49.151390 45.897480
41.771182 48.738264 45.572278
42.524909 50.051194 45.574286
42.571058 49.151390 48.568181
41.778080 48.688820 48.839192
42.543256 49.135172 47.611523
40.290401 47.821007 56.540550
39.497423 48.283577 56.269540
40.262598 47.837225 57.497209
40.290401 47.821007 59.211251
39.490524 48.234133 59.536453
40.244251 46.921202 59.534445
40.290401 45.160239 52.992860
39.497423 44.697669 52.721850
40.262598 45.144021 53.949519
40.290401 45.160239 55.663561
40.336550 46.060043 55.986756
41.090277 44.747113 55.988763
42.571058 43.829855 56.540550
42.617208 42.930051 56.217356
43.370934 44.242982 56.215348
42.571058 43.829855 59.211251
42.543256 43.846073 58.254592
41.778080 44.292426 59.482261
42.571058 49.151390 52.992860
41.771182 48.738264 52.667658
42.524909 50.051194 52.669666
42.571058 49.151390 55.663561
41.778080 48.688820 55.934572
42.543256 49.135172 54.706902
40.290401 47.821007 63.635930
39.497423 48.283577 63.364919
40.262598 47.837225 64.592589
40.290401 47.821007 66.306631
39.490524 48.234133 66.631833
40.244251 46.921202 66.629825
40.290401 45.160239 60.088240
39.497423 44.697669 59.817230
40.262598 45.144021 61.044899
40.290401 45.160239 62.758941
40.336550 46.060043 63.082135
41.090277 44.747113 63.084143
42.571058 43.829855 63.635930
42.617208 42.930051 63.312735
43.370934 44.242982 63.310728
42.571058 43.829855 66.306631
42.571058 42.911511 66.576585
42.571058 43.798769 65.349936
42.571058 49.151390 60.088240
41.771182 48.738264 59.763038
42.524909 50.051194 59.765046
42.571058 49.151390 62.758941
41.778080 48.688820 63.029951
42.543256 49.135172 61.802282
40.290401 55.803309 6.872892
39.490524 56.216435 6.547690
40.244251 54.903505 6.549698
40.290401 55.803309 9.543593
39.497423 56.265879 9.814603
40.262598 55.819527 8.586934
40.290401 53.142541 3.325202
39.533450 52.653379 3.002746
41.047351 52.653379 3.002746
40.290401 53.142541 5.995903
39.497423 52.679971 6.266913
40.262598 53.126323 5.039244
42.571058 51.812158 6.872892
41.814108 52.301320 6.550436
43.328009 52.301320 6.550436
42.571058 51.812158 9.543593
42.543256 51.828376 8.586934
41.778080 52.274728 9.814603
42.571058 57.133692 3.325202
42.543256 57.117474 4.281861
41.778080 56.671122 3.054192
42.571058 57.133692 5.995903
41.771182 56.720566 6.321105
42.524909 58.033497 6.319097
40.290401 55.803309 13.968272
39.497423 56.265879 13.697261
40.262598 55.819527 14.924930
40.290401 55.803309 16.638973
39.490524 56.216435 16.964175
40.244251 54.903505 16.962167
40.290401 53.142541 10.420582
40.290401 54.060886 10.150627
40.290401 53.173628 11.377277
40.290401 53.142541 13.091283
40.336550 54.042345 13.414477
41.090277 52.729415 13.416485
42.571058 51.812158 13.968272
42.617208 50.912353 13.645077
43.370934 52.225284 13.643070
42.571058 51.812158 16.638973
42.543256 51.828376 15.682314
41.778080 52.274728 16.909983
42.571058 57.133692 10.420582
41.771182 56.720566 10.095380
42.524909 58.033497 10.097387
42.571058 57.133692 13.091283
41.778080 56.671122 13.362293
42.543256 57.117474 12.134624
40.290401 55.803309 21.063651
39.497423 56.265879 20.792641
40.262598 55.819527 22.020310
40.290401 55.803309 23.734352
39.490524 56.216435 24.059554
40.244251 54.903505 24.057547
40.290401 53.142541 17.515962
39.497423 52.679971 17.244951
40.262598 53.126323 18.472620
40.290401 53.142541 20.186662
40.336550 54.042345 20.509857
41.090277 52.729415 20.511865
42.571058 51.812158 21.063651
42.617208 50.912353 20.740457
43.370934 52.225284 20.738449
42.571058 51.812158 23.734352
42.543256 51.828376 22.777694
41.778080 52.274728 24.005363
42.571058 57.133692 17.515962
41.771182 56.720566 17.190759
42.524909 58.033497 17.192767
42.571058 57.133692 20.186662
41.778080 56.671122 20.457673
42.543256 57.117474 19.230004
40.290401 55.803309 28.159031
39.497423 56.265879 27.888021
40.262598 55.819527 29.115690
40.290401 55.803309 30.829732
39.490524 56.216435 31.154934
40.244251 54.903505 31.152926
40.290401 53.142541 24.611341
39.497423 52.679971 24.340331
40.262598 53.126323 25.568000
40.290401 53.142541 27.282042
40.336550 54.042345 27.605237
41.090277 52.729415 27.607244
42.571058 51.812158 28.159031
42.617208 50.912353 27.835837
43.370934 52.225284 27.833829
42.571058 51.812158 30.829732
42.543256 51.828376 29.873073
41.778080 52.274728 31.100742
42.571058 57.133692 24.611341
41.771182 56.720566 24.286139
42.524909 58.033497 24.288147
42.571058 57.133692 27.282042
41.778080 56.671122 27.553053
42.543256 57.117474 26.325384
40.290401 55.803309 35.254411
39.497423 56.265879 34.983400
40.262598 55.819527 36.211070
40.290401 55.803309 37.925112
39.490524 56.216435 38.250314
40.244251 54.903505 38.248306
40.290401 53.142541 31.706721
39.497423 52.679971 31.435711
40.262598 53.126323 32.663380
40.290401 53.142541 34.377422
40.336550 54.042345 34.700616
41.090277 52.729415 34.702624
42.571058 51.812158 35.254411
42.617208 50.912353 34.931217
43.370934 52.225284 34.929209
42.571058 51.812158 37.925112
42.543256 51.828376 36.968453
41.778080 52.274728 38.196122
42.571058 57.133692 31.706721
41.771182 56.720566 31.381519
42.524909 58.033497 31.383527
42.571058 57.133692 34.377422
41.778080 56.671122 34.648432
42.543256 57.117474 33.420763
40.290401 55.803309 42.349791
39.497423 56.265879 42.078780
40.262598 55.819527 43.306449
40.290401 55.803309 45.020492
39.490524 56.216435 45.345694
40.244251 54.903505 45.343686
40.290401 53.142541 38.802101
39.497423 52.679971 38.531090
40.262598 53.126323 39.758759
40.290401 53.142541 41.472802
40.336550 54.042345 41.795996
41.090277 52.729415 41.798004
42.571058 51.812158 42.349791
42.617208 50.912353 42.026596
43.370934 52.225284 42.024589
42.571058 51.812158 45.020492
42.543256 51.828376 44.063833
41.778080 52.274728 45.291502
42.571058 57.133692 38.802101
41.771182 56.720566 38.476899
42.524909 58.033497 38.478906
42.571058 57.133692 41.472802
41.778080 56.671122 41.743812
42.543256 57.117474 40.516143
40.290401 55.803309 49.445170
39.497423 56.265879 49.174160
40.262598 55.819527 50.401829
40.290401 55.803309 52.115871
39.490524 56.216435 52.441073
40.244251 54.903505 52.439066
40.290401 53.142541 45.897480
39.497423 52.679971 45.626470
40.262598 53.126323 46.854139
40.290401 53.142541 48.568181
40.336550 54.042345 48.891376
41.090277 52.729415 48.893383
42.571058 51.812158 49.445170
42.617208 50.912353 49.121976
43.370934 52.225284 49.119968
42.571058 51.812158 52.115871
42.543256 51.828376 51.159213
41.778080 52.274728 52.386882
42.571058 57.133692 45.897480
41.771182 56.720566 45.572278
42.524909 58.033497 45.574286
42.571058 57.133692 48.568181
41.778080 56.671122 48.839192
42.543256 57.117474 47.611523
40.290401 55.803309 56.540550
39.497423 56.265879 56.269540
40.262598 55.819527 57.497209
40.290401 55.803309 59.211251
39.490524 56.216435 59.536453
40.244251 54.903505 59.534445
40.290401 53.142541 52.992860
39.497423 52.679971 52.721850
40.262598 53.126323 53.949519
40.290401 53.142541 55.663561
40.336550 54.042345 55.986756
41.090277 52.729415 55.988763
42.571058 51.812158 56.540550
42.617208 50.912353 56.217356
43.370934 52.225284 56.215348
42.571058 51.812158 59.211251
42.543256 51.828376 58.254592
41.778080 52.274728 59.482261
42.571058 57.133692 52.992860
41.771182 56.720566 52.667658
42.524909 58.033497 52.669666
42.571058 57.133692 55.663561
41.778080 56.671122 55.934572
42.543256 57.117474 54.706902
40.290401 55.803309 63.635930
39.533450 56.292471 63.313474
41.047351 56.292471 63.313474
40.290401 55.803309 66.306631
40.290401 54.884964 66.576585
40.290401 55.772222 65.349936
40.290401 53.142541 60.088240
39.497423 52.679971 59.817230
40.262598 53.126323 61.044899
40.290401 53.142541 62.758941
40.336550 54.042345 63.082135
41.090277 52.729415 63.084143
42.571058 51.812158 63.635930
42.617208 50.912353 63.312735
43.370934 52.225284 63.310728
42.571058 51.812158 66.306631
42.571058 50.893813 66.576585
42.571058 51.781071 65.349936
42.571058 57.133692 60.088240
41.771182 56.720566 59.763038
42.524909 58.033497 59.765046
42.571058 57.133692 62.758941
42.598861 57.117474 61.802282
43.364036 56.671122 63.029951
40.290401 63.785611 6.872892
39.490524 64.198737 6.547690
40.244251 62.885807 6.549698
40.290401 63.785611 9.543593
40.318203 63.801829 8.586934
41.083378 64.248181 9.814603
40.290401 61.124844 3.325202
39.533450 60.635681 3.002746
41.047351 60.635681 3.002746
40.290401 61.124844 5.995903
39.497423 60.662273 6.266913
40.262598 61.108625 5.039244
42.571058 59.794460 6.872892
41.814108 60.283623 6.550436
43.328009 60.283623 6.550436
42.571058 59.794460 9.543593
42.543256 59.810678 8.586934
41.778080 60.257030 9.814603
42.571058 65.115995 3.325202
42.543256 65.099777 4.281861
41.778080 64.653424 3.054192
42.571058 65.115995 5.995903
41.814108 64.626832 6.318359
43.328009 64.626832 6.318359
40.290401 63.785611 13.968272
39.490524 64.198737 13.643070
40.244251 62.885807 13.645077
40.290401 63.785611 16.638973
39.497423 64.248181 16.909983
40.262598 63.801829 15.682314
40.290401 61.124844 10.420582
40.290401 62.043188 10.150627
40.290401 61.155930 11.377277
40.290401 61.124844 13.091283
39.533450 60.635681 13.413739
41.047351 60.635681 13.413739
42.571058 59.794460 13.968272
42.617208 58.894656 13.645077
43.370934 60.207586 13.643070
42.571058 59.794460 16.638973
42.598861 59.810678 15.682314
43.364036 60.257030 16.909983
42.571058 65.115995 10.420582
42.571058 66.034339 10.150627
42.571058 65.147081 11.377277
42.571058 65.115995 13.091283
41.814108 64.626832 13.413739
43.328009 64.626832 13.413739
40.290401 63.785611 21.063651
39.490524 64.198737 20.738449
40.244251 62.885807 20.740457
40.290401 63.785611 23.734352
40.318203 63.801829 22.777694
41.083378 64.248181 24.005363
40.290401 61.124844 17.515962
40.336550 62.024648 17.192767
41.090277 60.711717 17.190759
40.290401 61.124844 20.186662
39.497423 60.662273 20.457673
40.262598 61.108625 19.230004
42.571058 59.794460 21.063651
42.524909 58.894656 20.740457
41.771182 60.207586 20.738449
42.571058 59.794460 23.734352
42.543256 59.810678 22.777694
41.778080 60.257030 24.005363
42.571058 65.115995 17.515962
41.778080 64.653424 17.244951
42.543256 65.099777 18.472620
42.571058 65.115995 20.186662
41.814108 64.626832 20.509119
43.328009 64.626832 20.509119
40.290401 63.785611 28.159031
39.490524 64.198737 27.833829
40.244251 62.885807 27.835837
40.290401 63.785611 30.829732
39.497423 64.248181 31.100742
40.262598 63.801829 29.873073
40.290401 61.124844 24.611341
40.290401 62.043188 24.341387
40.290401 61.155930 25.568036
40.290401 61.124844 27.282042
39.533450 60.635681 27.604498
41.047351 60.635681 27.604498
42.571058 59.794460 28.159031
42.617208 58.894656 27.835837
43.370934 60.207586 27.833829
42.571058 59.794460 30.829732
42.598861 59.810678 29.873073
43.364036 60.257030 31.100742
42.571058 65.115995 24.611341
42.571058 66.034339 24.341387
42.571058 65.147081 25.568036
42.571058 65.115995 27.282042
41.814108 64.626832 27.604498
43.328009 64.626832 27.604498
40.290401 63.785611 35.254411
39.490524 64.198737 34.929209
40.244251 62.885807 34.931217
40.290401 63.785611 37.925112
40.318203 63.801829 36.968453
41.083378 64.248181 38.196122
40.290401 61.124844 31.706721
40.336550 62.024648 31.383527
41.090277 60.711717 31.381519
40.290401 61.124844 34.377422
39.497423 60.662273 34.648432
40.262598 61.108625 33.420763
42.571058 59.794460 35.254411
42.524909 58.894656 34.931217
41.771182 60.207586 34.929209
42.571058 59.794460 37.925112
42.543256 59.810678 36.968453
41.778080 60.257030 38.196122
42.571058 65.115995 31.706721
41.778080 64.653424 31.435711
42.543256 65.099777 32.663380
42.571058 65.115995 34.377422
41.814108 64.626832 34.699878
43.328009 64.626832 34.699878
40.290401 63.785611 42.349791
39.490524 64.198737 42.024589
40.244251 62.885807 42.026596
40.290401 63.785611 45.020492
39.497423 64.248181 45.291502
40.262598 63.801829 44.063833
40.290401 61.124844 38.802101
40.290401 62.043188 38.532146
40.290401 61.155930 39.758796
40.290401 61.124844 41.472802
39.533450 60.635681 41.795258
41.047351 60.635681 41.795258
42.571058 59.794460 42.349791
42.617208 58.894656 42.026596
43.370934 60.207586 42.024589
42.571058 59.794460 45.020492
42.598861 59.810678 44.063833
43.364036 60.257030 45.291502
42.571058 65.115995 38.802101
42.571058 66.034339 38.532146
42.571058 65.147081 39.758796
42.571058 65.115995 41.472802
41.814108 64.626832 41.795258
43.328009 64.626832 41.795258
40.290401 63.785611 49.445170
39.490524 64.198737 49.119968
40.244251 62.885807 49.121976
40.290401 63.785611 52.115871
40.318203 63.801829 51.159213
41.083378 64.248181 52.386882
40.290401 61.124844 45.897480
40.336550 62.024648 45.574286
41.090277 60.711717 45.572278
40.290401 61.124844 48.568181
39.497423 60.662273 48.839192
40.262598 61.108625 47.611523
42.571058 59.794460 49.445170
42.524909 58.894656 49.121976
41.771182 60.207586 49.119968
42.571058 59.794460 52.115871
42.543256 59.810678 51.159213
41.778080 60.257030 52.386882
42.571058 65.115995 45.897480
41.778080 64.653424 45.626470
42.543256 65.099777 46.854139
42.571058 65.115995 48.568181
41.814108 64.626832 48.890637
43.328009 64.626832 48.890637
40.290401 63.785611 56.540550
39.490524 64.198737 56.215348
40.244251 62.885807 56.217356
40.290401 63.785611 59.211251
39.497423 64.248181 59.482261
40.262598 63.801829 58.254592
40.290401 61.124844 52.992860
40.290401 62.043188 52.722906
40.290401 61.155930 53.949555
40.290401 61.124844 55.663561
39.533450 60.635681 55.986017
41.047351 60.635681 55.986017
42.571058 59.794460 56.540550
42.617208 58.894656 56.217356
43.370934 60.207586 56.215348
42.571058 59.794460 59.211251
42.598861 59.810678 58.254592
43.364036 60.257030 59.482261
42.571058 65.115995 52.992860
42.571058 66.034339 52.722906
42.571058 65.147081 53.949555
42.571058 65.115995 55.663561
41.814108 64.626832 55.986017
43.328009 64.626832 55.986017
40.290401 63.785611 63.635930
40.318203 63.801829 64.592589
41.083378 64.248181 63.364919
40.290401 63.785611 66.306631
39.490524 64.198737 66.631833
40.244251 62.885807 66.629825
40.290401 61.124844 60.088240
40.336550 62.024648 59.765046
41.090277 60.711717 59.763038
40.290401 61.124844 62.758941
40.290401 62.043188 63.028895
40.290401 61.155930 61.802246
42.571058 59.794460 63.635930
42.524909 58.894656 63.312735
41.771182 60.207586 63.310728
42.571058 59.794460 66.306631
42.571058 58.876115 66.576585
42.571058 59.763373 65.349936
42.571058 65.115995 60.088240
41.778080 64.653424 59.817230
42.543256 65.099777 61.044899
42.571058 65.115995 62.758941
42.617208 66.015799 63.082135
43.370934 64.702868 63.084143
44.851716 7.909495 6.872892
44.058738 8.372066 6.601882
44.823914 7.925714 7.829551
44.851716 7.909495 9.543593
44.051840 8.322622 9.868795
44.805567 7.009691 9.866787
44.851716 5.248728 3.325202
44.058738 4.786158 3.054192
44.823914 5.232510 4.281861
44.851716 5.248728 5.995903
44.051840 4.835602 6.321105
44.805567 6.148532 6.319097
47.132374 3.918344 6.872892
46.339396 4.380915 6.601882
47.104571 3.934562 7.829551
47.132374 3.918344 9.543593
46.332498 4.331471 9.868795
47.086225 3.018540 9.866787
47.132374 9.239879 3.325202
47.104571 9.223661 4.281861
46.339396 8.777309 3.054192
47.132374 9.239879 5.995903
46.332498 8.826753 6.321105
47.086225 10.139683 6.319097
44.851716 7.909495 13.968272
44.058738 8.372066 13.697261
44.823914 7.925714 14.924930
44.851716 7.909495 16.638973
44.051840 8.322622 16.964175
44.805567 7.009691 16.962167
44.851716 5.248728 10.420582
44.058738 4.786158 10.149571
44.823914 5.232510 11.377240
44.851716 5.248728 13.091283
44.051840 4.835602 13.416485
44.805567 6.148532 13.414477
47.132374 3.918344 13.968272
46.339396 4.380915 13.697261
47.104571 3.934562 14.924930
47.132374 3.918344 16.638973
46.375424 4.407507 16.961429
47.889324 4.407507 16.961429
47.132374 9.239879 10.420582
46.332498 8.826753 10.095380
47.086225 10.139683 10.097387
47.132374 9.239879 13.091283
46.339396 8.777309 13.362293
47.104571 9.223661 12.134624
44.851716 7.909495 21.063651
44.058738 8.372066 20.792641
44.823914 7.925714 22.020310
44.851716 7.909495 23.734352
44.051840 8.322622 24.059554
44.805567 7.009691 24.057547
44.851716 5.248728 17.515962
44.058738 4.786158 17.244951
44.823914 5.232510 18.472620
44.851716 5.248728 20.186662
44.051840 4.835602 20.511865
44.805567 6.148532 20.509857
47.132374 3.918344 21.063651
46.339396 4.380915 20.792641
47.104571 3.934562 22.020310
47.132374 3.918344 23.734352
46.332498 4.331471 24.059554
47.086225 3.018540 24.057547
47.132374 9.239879 17.515962
46.332498 8.826753 17.190759
47.086225 10.139683 17.192767
47.132374 9.239879 20.186662
46.339396 8.777309 20.457673
47.104571 9.223661 19.230004
44.851716 7.909495 28.159031
44.058738 8.372066 27.888021
44.823914 7.925714 29.115690
44.851716 7.909495 30.829732
44.051840 8.322622 31.154934
44.805567 7.009691 31.152926
44.851716 5.248728 24.611341
44.058738 4.786158 24.340331
44.823914 5.232510 25.568000
44.851716 5.248728 27.282042
44.051840 4.835602 27.607244
44.805567 6.148532 27.605237
47.132374 3.918344 28.159031
46.339396 4.380915 27.888021
47.104571 3.934562 29.115690
47.132374 3.918344 30.829732
46.375424 4.407507 31.152188
47.889324 4.407507 31.152188
47.132374 9.239879 24.611341
46.332498 8.826753 24.286139
47.086225 10.139683 24.288147
47.132374 9.239879 27.282042
46.339396 8.777309 27.553053
47.104571 9.223661 26.325384
44.851716 7.909495 35.254411
44.058738 8.372066 34.983400
44.823914 7.925714 36.211070
44.851716 7.909495 37.925112
44.051840 8.322622 38.250314
44.805567 7.009691 38.248306
44.851716 5.248728 31.706721
44.058738 4.786158 31.435711
44.823914 5.232510 32.663380
44.851716 5.248728 34.377422
44.051840 4.835602 34.702624
44.805567 6.148532 34.700616
47.132374 3.918344 35.254411
46.339396 4.380915 34.983400
47.104571 3.934562 36.211070
47.132374 3.918344 37.925112
46.332498 4.331471 38.250314
47.086225 3.018540 38.248306
47.132374 9.239879 31.706721
46.332498 8.826753 31.381519
47.086225 10.139683 31.383527
47.132374 9.239879 34.377422
46.339396 8.777309 34.648432
47.104571 9.223661 33.420763
44.851716 7.909495 42.349791
44.058738 8.372066 42.078780
44.823914 7.925714 43.306449
44.851716 7.909495 45.020492
44.051840 8.322622 45.345694
44.805567 7.009691 45.343686
44.851716 5.248728 38.802101
44.058738 4.786158 38.531090
44.823914 5.232510 39.758759
44.851716 5.248728 41.472802
44.051840 4.835602 41.798004
44.805567 6.148532 41.795996
47.132374 3.918344 42.349791
46.339396 4.380915 42.078780
47.104571 3.934562 43.306449
47.132374 3.918344 45.020492
46.375424 4.407507 45.342948
47.889324 4.407507 45.342948
47.132374 9.239879 38.802101
46.332498 8.826753 38.476899
47.086225 10.139683 38.478906
47.132374 9.239879 41.472802
46.339396 8.777309 41.743812
47.104571 9.223661 40.516143
44.851716 7.909495 49.445170
44.058738 8.372066 49.174160
44.823914 7.925714 50.401829
44.851716 7.909495 52.115871
44.051840 8.322622 52.441073
44.805567 7.009691 52.439066
44.851716 5.248728 45.897480
44.058738 4.786158 45.626470
44.823914 5.232510 46.854139
44.851716 5.248728 48.568181
44.051840 4.835602 48.893383
44.805567 6.148532 48.891376
47.132374 3.918344 49.445170
46.339396 4.380915 49.174160
47.104571 3.934562 50.401829
47.132374 3.918344 52.115871
46.332498 4.331471 52.441073
47.086225 3.018540 52.439066
47.132374 9.239879 45.897480
46.332498 8.826753 45.572278
47.086225 10.139683 45.574286
47.132374 9.239879 48.568181
46.339396 8.777309 48.839192
47.104571 9.223661 47.611523
44.851716 7.909495 56.540550
44.058738 8.372066 56.269540
44.823914 7.925714 57.497209
44.851716 7.909495 59.211251
44.051840 8.322622 59.536453
44.805567 7.009691 59.534445
44.851716 5.248728 52.992860
44.058738 4.786158 52.721850
44.823914 5.232510 53.949519
44.851716 5.248728 55.663561
44.051840 4.835602 55.988763
44.805567 6.148532 55.986756
47.132374 3.918344 56.540550
46.339396 4.380915 56.269540
47.104571 3.934562 57.497209
47.132374 3.918344 59.211251
46.375424 4.407507 59.533707
47.889324 4.407507 59.533707
47.132374 9.239879 52.992860
46.332498 8.826753 52.667658
47.086225 10.139683 52.669666
47.132374 9.239879 55.663561
46.339396 8.777309 55.934572
47.104571 9.223661 54.706902
44.851716 7.909495 63.635930
44.058738 8.372066 63.364919
44.823914 7.925714 64.592589
44.851716 7.909495 66.306631
44.805567 7.009691 66.629825
44.051840 8.322622 66.631833
44.851716 5.248728 60.088240
44.058738 4.786158 59.817230
44.823914 5.232510 61.044899
44.851716 5.248728 62.758941
44.051840 4.835602 63.084143
44.805567 6.148532 63.082135
47.132374 3.918344 63.635930
46.332498 4.331471 63.310728
47.086225 3.018540 63.312735
47.132374 3.918344 66.306631
46.339396 4.380915 66.577641
47.104571 3.934562 65.349972
47.132374 9.239879 60.088240
46.332498 8.826753 59.763038
47.086225 10.139683 59.765046
47.132374 9.239879 62.758941
46.339396 8.777309 63.029951
47.104571 9.223661 61.802282
44.851716 15.891798 6.872892
44.051840 16.304924 6.547690
44.805567 14.991994 6.549698
44.851716 15.891798 9.543593
44.058738 16.354368 9.814603
44.823914 15.908016 8.586934
44.851716 13.231030 3.325202
44.094766 12.741868 3.002746
45.608666 12.741868 3.002746
44.851716 13.231030 5.995903
44.058738 12.768460 6.266913
44.823914 13.214812 5.039244
47.132374 11.900647 6.872892
46.375424 12.389809 6.550436
47.889324 12.389809 6.550436
47.132374 11.900647 9.543593
47.104571 11.916865 8.586934
46.339396 12.363217 9.814603
47.132374 17.222181 3.325202
46.332498 16.809055 3.000000
47.086225 18.121986 3.002008
47.132374 17.222181 5.995903
46.339396 16.759611 6.266913
47.104571 17.205963 5.039244
44.851716 15.891798 13.968272
44.058738 16.354368 13.697261
44.823914 15.908016 14.924930
44.851716 15.891798 16.638973
44.051840 16.304924 16.964175
44.805567 14.991994 16.962167
44.851716 13.231030 10.420582
44.851716 14.149375 10.150627
44.851716 13.262117 11.377277
44.851716 13.231030 13.091283
44.897865 14.130834 13.414477
45.651592 12.817904 13.416485
47.132374 11.900647 13.968272
47.178523 11.000842 13.645077
47.932250 12.313773 13.643070
47.132374 11.900647 16.638973
47.104571 11.916865 15.682314
46.339396 12.363217 16.909983
47.132374 17.222181 10.420582
46.339396 16.759611 10.149571
47.104571 17.205963 11.377240
47.132374 17.222181 13.091283
46.332498 16.809055 13.416485
47.086225 18.121986 13.414477
44.851716 15.891798 21.063651
44.058738 16.354368 20.792641
44.823914 15.908016 22.020310
44.851716 15.891798 23.734352
44.051840 16.304924 24.059554
44.805567 14.991994 24.057547
44.851716 13.231030 17.515962
44.058738 12.768460 17.244951
44.823914 13.214812 18.472620
44.851716 13.231030 20.186662
44.897865 14.130834 20.509857
45.651592 12.817904 20.511865
47.132374 11.900647 21.063651
47.178523 11.000842 20.740457
47.932250 12.313773 20.738449
47.132374 11.900647 23.734352
47.104571 11.916865 22.777694
46.339396 12.363217 24.005363
47.132374 17.222181 17.515962
46.332498 16.809055 17.190759
47.086225 18.121986 17.192767
47.132374 17.222181 20.186662
46.339396 16.759611 20.457673
47.104571 17.205963 19.230004
44.851716 15.891798 28.159031
44.058738 16.354368 27.888021
44.823914 15.908016 29.115690
44.851716 15.891798 30.829732
44.051840 16.304924 31.154934
44.805567 14.991994 31.152926
44.851716 13.231030 24.611341
44.058738 12.768460 24.340331
44.823914 13.214812 25.568000
44.851716 13.231030 27.282042
44.897865 14.130834 27.605237
45.651592 12.817904 27.607244
47.132374 11.900647 28.159031
47.178523 11.000842 27.835837
47.932250 12.313773 27.833829
47.132374 11.900647 30.829732
47.104571 11.916865 29.873073
46.339396 12.363217 31.100742
47.132374 17.222181 24.611341
46.332498 16.809055 24.286139
47.086225 18.121986 24.288147
47.132374 17.222181 27.282042
46.339396 16.759611 27.553053
47.104571 17.205963 26.325384
44.851716 15.891798 35.254411
44.058738 16.354368 34.983400
44.823914 15.908016 36.211070
44.851716 15.891798 37.925112
44.051840 16.304924 38.250314
44.805567 14.991994 38.248306
44.851716 13.231030 31.706721
44.058738 12.768460 31.435711
44.823914 13.214812 32.663380
44.851716 13.231030 34.377422
44.897865 14.130834 34.700616
45.651592 12.817904 34.702624
47.132374 11.900647 35.254411
47.178523 11.000842 34.931217
47.932250 12.313773 34.929209
47.132374 11.900647 37.925112
47.104571 11.916865 36.968453
46.339396 12.363217 38.196122
47.132374 17.222181 31.706721
46.332498 16.809055 31.381519
47.086225 18.121986 31.383527
47.132374 17.222181 34.377422
46.339396 16.759611 34.648432
47.104571 17.205963 33.420763
44.851716 15.891798 42.349791
44.058738 16.354368 42.078780
44.823914 15.908016 43.306449
44.851716 15.891798 45.020492
44.051840 16.304924 45.345694
44.805567 14.991994 45.343686
44.851716 13.231030 38.802101
44.058738 12.768460 38.531090
44.823914 13.214812 39.758759
44.851716 13.231030 41.472802
44.897865 14.130834 41.795996
45.651592 12.817904 41.798004
47.132374 11.900647 42.349791
47.178523 11.000842 42.026596
47.932250 12.313773 42.024589
47.132374 11.900647 45.020492
47.104571 11.916865 44.063833
46.339396 12.363217 45.291502
47.132374 17.222181 38.802101
46.332498 16.809055 38.476899
47.086225 18.121986 38.478906
47.132374 17.222181 41.472802
46.339396 16.759611 41.743812
47.104571 17.205963 40.516143
44.851716 15.891798 49.445170
44.058738 16.354368 49.174160
44.823914 15.908016 50.401829
44.851716 15.891798 52.115871
44.051840 16.304924 52.441073
44.805567 14.991994 52.439066
44.851716 13.231030 45.897480
44.058738 12.768460 45.626470
44.823914 13.214812 46.854139
44.851716 13.231030 48.568181
44.897865 14.130834 48.891376
45.651592 12.817904 48.893383
47.132374 11.900647 49.445170
47.178523 11.000842 49.121976
47.932250 12.313773 49.119968
47.132374 11.900647 52.115871
47.104571 11.916865 51.159213
46.339396 12.363217 52.386882
47.132374 17.222181 45.897480
46.332498 16.809055 45.572278
47.086225 18.121986 45.574286
47.132374 17.222181 48.568181
46.339396 16.759611 48.839192
47.104571 17.205963 47.611523
44.851716 15.891798 56.540550
44.058738 16.354368 56.269540
44.823914 15.908016 57.497209
44.851716 15.891798 59.211251
44.051840 16.304924 59.536453
44.805567 14.991994 59.534445
44.851716 13.231030 52.992860
44.058738 12.768460 52.721850
44.823914 13.214812 53.949519
44.851716 13.231030 55.663561
44.897865 14.130834 55.986756
45.651592 12.817904 55.988763
47.132374 11.900647 56.540550
47.178523 11.000842 56.217356
47.932250 12.313773 56.215348
47.132374 11.900647 59.211251
47.104571 11.916865 58.254592
46.339396 12.363217 59.482261
47.132374 17.222181 52.992860
46.332498 16.809055 52.667658
47.086225 18.121986 52.669666
47.132374 17.222181 55.663561
46.339396 16.759611 55.934572
47.104571 17.205963 54.706902
44.851716 15.891798 63.635930
44.058738 16.354368 63.364919
44.823914 15.908016 64.592589
44.851716 15.891798 66.306631
44.051840 16.304924 66.631833
44.805567 14.991994 66.629825
44.851716 13.231030 60.088240
44.058738 12.768460 59.817230
44.823914 13.214812 61.044899
44.851716 13.231030 62.758941
44.897865 14.130834 63.082135
45.651592 12.817904 63.084143
47.132374 11.900647 63.635930
47.178523 11.000842 63.312735
47.932250 12.313773 63.310728
47.132374 11.900647 66.306631
47.132374 10.982302 66.576585
47.132374 11.869560 65.349936
47.132374 17.222181 60.088240
46.332498 16.809055 59.763038
47.086225 18.121986 59.765046
47.132374 17.222181 62.758941
46.339396 16.759611 63.029951
47.104571 17.205963 61.802282
44.851716 23.874100 6.872892
44.058738 24.336670 6.601882
44.823914 23.890318 7.829551
44.851716 23.874100 9.543593
44.051840 24.287226 9.868795
44.805567 22.974296 9.866787
44.851716 21.213332 3.325202
44.058738 20.750762 3.054192
44.823914 21.197114 4.281861
44.851716 21.213332 5.995903
44.897865 22.113137 6.319097
45.651592 20.800206 6.321105
47.132374 19.882949 6.872892
47.132374 18.964604 6.602937
47.132374 19.851862 7.829587
47.132374 19.882949 9.543593
47.178523 18.983145 9.866787
47.932250 20.296075 9.868795
47.132374 25.204484 3.325202
46.332498 24.791357 3.000000
47.086225 26.104288 3.002008
47.132374 25.204484 5.995903
46.339396 24.741913 6.266913
47.104571 25.188266 5.039244
44.851716 23.874100 13.968272
44.058738 24.336670 13.697261
44.823914 23.890318 14.924930
44.851716 23.874100 16.638973
44.051840 24.287226 16.964175
44.805567 22.974296 16.962167
44.851716 21.213332 10.420582
44.094766 20.724170 10.098126
45.608666 20.724170 10.098126
44.851716 21.213332 13.091283
44.851716 22.131677 13.361237
44.851716 21.244419 12.134588
47.132374 19.882949 13.968272
46.375424 20.372111 13.645816
47.889324 20.372111 13.645816
47.132374 19.882949 16.638973
47.104571 19.899167 15.682314
46.339396 20.345519 16.909983
47.132374 25.204484 10.420582
46.339396 24.741913 10.149571
47.104571 25.188266 11.377240
47.132374 25.204484 13.091283
46.332498 24.791357 13.416485
47.086225 26.104288 13.414477
44.851716 23.874100 21.063651
44.058738 24.336670 20.792641
44.823914 23.890318 22.020310
44.851716 23.874100 23.734352
44.051840 24.287226 24.059554
44.805567 22.974296 24.057547
44.851716 21.213332 17.515962
44.058738 20.750762 17.244951
44.823914 21.197114 18.472620
44.851716 21.213332 20.186662
44.897865 22.113137 20.509857
45.651592 20.800206 20.511865
47.132374 19.882949 21.063651
47.178523 18.983145 20.740457
47.932250 20.296075 20.738449
47.132374 19.882949 23.734352
47.104571 19.899167 22.777694
46.339396 20.345519 24.005363
47.132374 25.204484 17.515962
46.332498 24.791357 17.190759
47.086225 26.104288 17.192767
47.132374 25.204484 20.186662
46.339396 24.741913 20.457673
47.104571 25.188266 19.230004
44.851716 23.874100 28.159031
44.058738 24.336670 27.888021
44.823914 23.890318 29.115690
44.851716 23.874100 30.829732
44.051840 24.287226 31.154934
44.805567 22.974296 31.152926
44.851716 21.213332 24.611341
44.058738 20.750762 24.340331
44.823914 21.197114 25.568000
44.851716 21.213332 27.282042
44.897865 22.113137 27.605237
45.651592 20.800206 27.607244
47.132374 19.882949 28.159031
47.178523 18.983145 27.835837
47.932250 20.296075 27.833829
47.132374 19.882949 30.829732
47.104571 19.899167 29.873073
46.339396 20.345519 31.100742
47.132374 25.204484 24.611341
46.332498 24.791357 24.286139
47.086225 26.104288 24.288147
47.132374 25.204484 27.282042
46.339396 24.741913 27.553053
47.104571 25.188266 26.325384
44.851716 23.874100 35.254411
44.058738 24.336670 34.983400
44.823914 23.890318 36.211070
44.851716 23.874100 37.925112
44.051840 24.287226 38.250314
44.805567 22.974296 38.248306
44.851716 21.213332 31.706721
44.058738 20.750762 31.435711
44.823914 21.197114 32.663380
44.851716 21.213332 34.377422
44.897865 22.113137 34.700616
45.651592 20.800206 34.702624
47.132374 19.882949 35.254411
47.178523 18.983145 34.931217
47.932250 20.296075 34.929209
47.132374 19.882949 37.925112
47.104571 19.899167 36.968453
46.339396 20.345519 38.196122
47.132374 25.204484 31.706721
46.332498 24.791357 31.381519
47.086225 26.104288 31.383527
47.132374 25.204484 34.377422
46.339396 24.741913 34.648432
47.104571 25.188266 33.420763
44.851716 23.874100 42.349791
44.058738 24.336670 42.078780
44.823914 23.890318 43.306449
44.851716 23.874100 45.020492
44.051840 24.287226 45.345694
44.805567 22.974296 45.343686
44.851716 21.213332 38.802101
44.058738 20.750762 38.531090
44.823914 21.197114 39.758759
44.851716 21.213332 41.472802
44.897865 22.113137 41.795996
45.651592 20.800206 41.798004
47.132374 19.882949 42.349791
47.178523 18.983145 42.026596
47.932250 20.296075 42.024589
47.132374 19.882949 45.020492
47.104571 19.899167 44.063833
46.339396 20.345519 45.291502
47.132374 25.204484 38.802101
46.332498 24.791357 38.476899
47.086225 26.104288 38.478906
47.132374 25.204484 41.472802
46.339396 24.741913 41.743812
47.104571 25.188266 40.516143
44.851716 23.874100 49.445170
44.058738 24.336670 49.174160
44.823914 23.890318 50.401829
44.851716 23.874100 52.115871
44.051840 24.287226 52.441073
44.805567 22.974296 52.439066
44.851716 21.213332 45.897480
44.058738 20.750762 45.626470
44.823914 21.197114 46.854139
44.851716 21.213332 48.568181
44.897865 22.113137 48.891376
45.651592 20.800206 48.893383
47.132374 19.882949 49.445170
47.178523 18.983145 49.121976
47.932250 20.296075 49.119968
47.132374 19.882949 52.115871
47.104571 19.899167 51.159213
46.339396 20.345519 52.386882
47.132374 25.204484 45.897480
46.332498 24.791357 45.572278
47.086225 26.104288 45.574286
47.132374 25.204484 48.568181
46.339396 24.741913 48.839192
47.104571 25.188266 47.611523
44.851716 23.874100 56.540550
44.058738 24.336670 56.269540
44.823914 23.890318 57.497209
44.851716 23.874100 59.211251
44.051840 24.287226 59.536453
44.805567 22.974296 59.534445
44.851716 21.213332 52.992860
44.058738 20.750762 52.721850
44.823914 21.197114 53.949519
44.851716 21.213332 55.663561
44.897865 22.113137 55.986756
45.651592 20.800206 55.988763
47.132374 19.882949 56.540550
47.178523 18.983145 56.217356
47.932250 20.296075 56.215348
47.132374 19.882949 59.211251
47.104571 19.899167 58.254592
46.339396 20.345519 59.482261
47.132374 25.204484 52.992860
46.332498 24.791357 52.667658
47.086225 26.104288 52.669666
47.132374 25.204484 55.663561
46.339396 24.741913 55.934572
47.104571 25.188266 54.706902
44.851716 23.874100 63.635930
44.058738 24.336670 63.364919
44.823914 23.890318 64.592589
44.851716 23.874100 66.306631
44.051840 24.287226 66.631833
44.805567 22.974296 66.629825
44.851716 21.213332 60.088240
44.058738 20.750762 59.817230
44.823914 21.197114 61.044899
44.851716 21.213332 62.758941
44.897865 22.113137 63.082135
45.651592 20.800206 63.084143
47.132374 19.882949 63.635930
47.178523 18.983145 63.312735
47.932250 20.296075 63.310728
47.132374 19.882949 66.306631
46.339396 20.345519 66.577641
47.104571 19.899167 65.349972
47.132374 25.204484 60.088240
46.332498 24.791357 59.763038
47.086225 26.104288 59.765046
47.132374 25.204484 62.758941
46.339396 24.741913 63.029951
47.104571 25.188266 61.802282
44.851716 31.856402 6.872892
44.058738 32.318972 6.601882
44.823914 31.872620 7.829551
44.851716 31.856402 9.543593
44.051840 32.269529 9.868795
44.805567 30.956598 9.866787
44.851716 29.195635 3.325202
44.058738 28.733064 3.054192
44.823914 29.179417 4.281861
44.851716 29.195635 5.995903
44.897865 30.095439 6.319097
45.651592 28.782508 6.321105
47.132374 27.865251 6.872892
47.132374 26.946907 6.602937
47.132374 27.834164 7.829587
47.132374 27.865251 9.543593
47.178523 26.965447 9.866787
47.932250 28.278378 9.868795
47.132374 33.186786 3.325202
46.332498 32.773659 3.000000
47.086225 34.086590 3.002008
47.132374 33.186786 5.995903
46.339396 32.724215 6.266913
47.104571 33.170568 5.039244
44.851716 31.856402 13.968272
44.058738 32.318972 13.697261
44.823914 31.872620 14.924930
44.851716 31.856402 16.638973
44.051840 32.269529 16.964175
44.805567 30.956598 16.962167
44.851716 29.195635 10.420582
44.094766 28.706472 10.098126
45.608666 28.706472 10.098126
44.851716 29.195635 13.091283
44.851716 30.113979 13.361237
44.851716 29.226721 12.134588
47.132374 27.865251 13.968272
46.375424 28.354414 13.645816
47.889324 28.354414 13.645816
47.132374 27.865251 16.638973
47.104571 27.881469 15.682314
46.339396 28.327821 16.909983
47.132374 33.186786 10.420582
46.339396 32.724215 10.149571
47.104571 33.170568 11.377240
47.132374 33.186786 13.091283
46.332498 32.773659 13.416485
47.086225 34.086590 13.414477
44.851716 31.856402 21.063651
44.058738 32.318972 20.792641
44.823914 31.872620 22.020310
44.851716 31.856402 23.734352
44.051840 32.269529 24.059554
44.805567 30.956598 24.057547
44.851716 29.195635 17.515962
44.058738 28.733064 17.244951
44.823914 29.179417 18.472620
44.851716 29.195635 20.186662
44.897865 30.095439 20.509857
45.651592 28.782508 20.511865
47.132374 27.865251 21.063651
47.178523 26.965447 20.740457
47.932250 28.278378 20.738449
47.132374 27.865251 23.734352
47.104571 27.881469 22.777694
46.339396 28.327821 24.005363
47.132374 33.186786 17.515962
46.332498 32.773659 17.190759
47.086225 34.086590 17.192767
47.132374 33.186786 20.186662
46.339396 32.724215 20.457673
47.104571 33.170568 19.230004
44.851716 31.856402 28.159031
44.058738 32.318972 27.888021
44.823914 31.872620 29.115690
44.851716 31.856402 30.829732
44.051840 32.269529 31.154934
44.805567 30.956598 31.152926
44.851716 29.195635 24.611341
44.058738 28.733064 24.340331
44.823914 29.179417 25.568000
44.851716 29.195635 27.282042
44.897865 30.095439 27.605237
45.651592 28.782508 27.607244
47.132374 27.865251 28.159031
47.178523 26.965447 27.835837
47.932250 28.278378 27.833829
47.132374 27.865251 30.829732
47.104571 27.881469 29.873073
46.339396 28.327821 31.100742
47.132374 33.186786 24.611341
46.332498 32.773659 24.286139
47.086225 34.086590 24.288147
47.132374 33.186786 27.282042
46.339396 32.724215 27.553053
47.104571 33.170568 26.325384
44.851716 31.856402 35.254411
44.058738 32.318972 34.983400
44.823914 31.872620 36.211070
44.851716 31.856402 37.925112
44.051840 32.269529 38.250314
44.805567 30.956598 38.248306
44.851716 29.195635 31.706721
44.058738 28.733064 31.435711
44.823914 29.179417 32.663380
44.851716 29.195635 34.377422
44.897865 30.095439 34.700616
45.651592 28.782508 34.702624
47.132374 27.865251 35.254411
47.178523 26.965447 34.931217
47.932250 28.278378 34.929209
47.132374 27.865251 37.925112
47.104571 27.881469 36.968453
46.339396 28.327821 38.196122
47.132374 33.186786 31.706721
46.332498 32.773659 31.381519
47.086225 34.086590 31.383527
47.132374 33.186786 34.377422
46.339396 32.724215 34.648432
47.104571 33.170568 33.420763
44.851716 31.856402 42.349791
44.058738 32.318972 42.078780
44.823914 31.872620 43.306449
44.851716 31.856402 45.020492
44.051840 32.269529 45.345694
44.805567 30.956598 45.343686
44.851716 29.195635 38.802101
44.058738 28.733064 38.531090
44.823914 29.179417 39.758759
44.851716 29.195635 41.472802
44.897865 30.095439 41.795996
45.651592 28.782508 41.798004
47.132374 27.865251 42.349791
47.178523 26.965447 42.026596
47.932250 28.278378 42.024589
47.132374 27.865251 45.020492
47.104571 27.881469 44.063833
46.339396 28.327821 45.291502
47.132374 33.186786 38.802101
46.332498 32.773659 38.476899
47.086225 34.086590 38.478906
47.132374 33.186786 41.472802
46.339396 32.724215 41.743812
47.104571 33.170568 40.516143
44.851716 31.856402 49.445170
44.058738 32.318972 49.174160
44.823914 31.872620 50.401829
44.851716 31.856402 52.115871
44.051840 32.269529 52.441073
44.805567 30.956598 52.439066
44.851716 29.195635 45.897480
44.058738 28.733064 45.626470
44.823914 29.179417 46.854139
44.851716 29.195635 48.568181
44.897865 30.095439 48.891376
45.651592 28.782508 48.893383
47.132374 27.865251 49.445170
47.178523 26.965447 49.121976
47.932250 28.278378 49.119968
47.132374 27.865251 52.115871
47.104571 27.881469 51.159213
46.339396 28.327821 52.386882
47.132374 33.186786 45.897480
46.332498 32.773659 45.572278
47.086225 34.086590 45.574286
47.132374 33.186786 48.568181
46.339396 32.724215 48.839192
47.104571 33.170568 47.611523
44.851716 31.856402 56.540550
44.058738 32.318972 56.269540
44.823914 31.872620 57.497209
44.851716 31.856402 59.211251
44.051840 32.269529 59.536453
44.805567 30.956598 59.534445
44.851716 29.195635 52.992860
44.058738 28.733064 52.721850
44.823914 29.179417 53.949519
44.851716 29.195635 55.663561
44.897865 30.095439 55.986756
45.651592 28.782508 55.988763
47.132374 27.865251 56.540550
47.178523 26.965447 56.217356
47.932250 28.278378 56.215348
47.132374 27.865251 59.211251
47.104571 27.881469 58.254592
46.339396 28.327821 59.482261
47.132374 33.186786 52.992860
46.332498 32.773659 52.667658
47.086225 34.086590 52.669666
47.132374 33.186786 55.663561
46.339396 32.724215 55.934572
47.104571 33.170568 54.706902
44.851716 31.856402 63.635930
44.058738 32.318972 63.364919
44.823914 31.872620 64.592589
44.851716 31.856402 66.306631
44.051840 32.269529 66.631833
44.805567 30.956598 66.629825
44.851716 29.195635 60.088240
44.058738 28.733064 59.817230
44.823914 29.179417 61.044899
44.851716 29.195635 62.758941
44.897865 30.095439 63.082135
45.651592 28.782508 63.084143
47.132374 27.865251 63.635930
47.178523 26.965447 63.312735
47.932250 28.278378 63.310728
47.132374 27.865251 66.306631
46.339396 28.327821 66.577641
47.104571 27.881469 65.349972
47.132374 33.186786 60.088240
46.332498 32.773659 59.763038
47.086225 34.086590 59.765046
47.132374 33.186786 62.758941
46.339396 32.724215 63.029951
47.104571 33.170568 61.802282
44.851716 39.838704 6.872892
44.058738 40.301275 6.601882
44.823914 39.854922 7.829551
44.851716 39.838704 9.543593
44.051840 40.251831 9.868795
44.805567 38.938900 9.866787
44.851716 37.177937 3.325202
44.058738 36.715367 3.054192
44.823914 37.161719 4.281861
44.851716 37.177937 5.995903
44.897865 38.077741 6.319097
45.651592 36.764810 6.321105
47.132374 35.847553 6.872892
47.132374 34.929209 6.602937
47.132374 35.816466 7.829587
47.132374 35.847553 9.543593
47.178523 34.947749 9.866787
47.932250 36.260680 9.868795
47.132374 41.169088 3.325202
46.332498 40.755961 3.000000
47.086225 42.068892 3.002008
47.132374 41.169088 5.995903
46.339396 40.706518 6.266913
47.104571 41.152870 5.039244
44.851716 39.838704 13.968272
44.058738 40.301275 13.697261
44.823914 39.854922 14.924930
44.851716 39.838704 16.638973
44.051840 40.251831 16.964175
44.805567 38.938900 16.962167
44.851716 37.177937 10.420582
44.094766 36.688774 10.098126
45.608666 36.688774 10.098126
44.851716 37.177937 13.091283
44.851716 38.096281 13.361237
44.851716 37.209024 12.134588
47.132374 35.847553 13.968272
46.375424 36.336716 13.645816
47.889324 36.336716 13.645816
47.132374 35.847553 16.638973
47.104571 35.863771 15.682314
46.339396 36.310124 16.909983
47.132374 41.169088 10.420582
46.339396 40.706518 10.149571
47.104571 41.152870 11.377240
47.132374 41.169088 13.091283
46.332498 40.755961 13.416485
47.086225 42.068892 13.414477
44.851716 39.838704 21.063651
44.058738 40.301275 20.792641
44.823914 39.854922 22.020310
44.851716 39.838704 23.734352
44.051840 40.251831 24.059554
44.805567 38.938900 24.057547
44.851716 37.177937 17.515962
44.058738 36.715367 17.244951
44.823914 37.161719 18.472620
44.851716 37.177937 20.186662
44.897865 38.077741 20.509857
45.651592 36.764810 20.511865
47.132374 35.847553 21.063651
47.178523 34.947749 20.740457
47.932250 36.260680 20.738449
47.132374 35.847553 23.734352
47.104571 35.863771 22.777694
46.339396 36.310124 24.005363
47.132374 41.169088 17.515962
46.332498 40.755961 17.190759
47.086225 42.068892 17.192767
47.132374 41.169088 20.186662
46.339396 40.706518 20.457673
47.104571 41.152870 19.230004
44.851716 39.838704 28.159031
44.058738 40.301275 27.888021
44.823914 39.854922 29.115690
44.851716 39.838704 30.829732
44.051840 40.251831 31.154934
44.805567 38.938900 31.152926
44.851716 37.177937 24.611341
44.058738 36.715367 24.340331
44.823914 37.161719 25.568000
44.851716 37.177937 27.282042
44.897865 38.077741 27.605237
45.651592 36.764810 27.607244
47.132374 35.847553 28.159031
47.178523 34.947749 27.835837
47.932250 36.260680 27.833829
47.132374 35.847553 30.829732
47.104571 35.863771 29.873073
46.339396 36.310124 31.100742
47.132374 41.169088 24.611341
46.332498 40.755961 24.286139
47.086225 42.068892 24.288147
47.132374 41.169088 27.282042
46.339396 40.706518 27.553053
47.104571 41.152870 26.325384
44.851716 39.838704 35.254411
44.058738 40.301275 34.983400
44.823914 39.854922 36.211070
44.851716 39.838704 37.925112
44.051840 40.251831 38.250314
44.805567 38.938900 38.248306
44.851716 37.177937 31.706721
44.058738 36.715367 31.435711
44.823914 37.161719 32.663380
44.851716 37.177937 34.377422
44.897865 38.077741 34.700616
45.651592 36.764810 34.702624
47.132374 35.847553 35.254411
47.178523 34.947749 34.931217
47.932250 36.260680 34.929209
47.132374 35.847553 37.925112
47.104571 35.863771 36.968453
46.339396 36.310124 38.196122
47.132374 41.169088 31.706721
46.332498 40.755961 31.381519
47.086225 42.068892 31.383527
47.132374 41.169088 34.377422
46.339396 40.706518 34.648432
47.104571 41.152870 33.420763
44.851716 39.838704 42.349791
44.058738 40.301275 42.078780
44.823914 39.854922 43.306449
44.851716 39.838704 45.020492
44.051840 40.251831 45.345694
44.805567 38.938900 45.343686
44.851716 37.177937 38.802101
44.058738 36.715367 38.531090
44.823914 37.161719 39.758759
44.851716 37.177937 41.472802
44.897865 38.077741 41.795996
45.651592 36.764810 41.798004
47.132374 35.847553 42.349791
47.178523 34.947749 42.026596
47.932250 36.260680 42.024589
47.132374 35.847553 45.020492
47.104571 35.863771 44.063833
46.339396 36.310124 45.291502
47.132374 41.169088 38.802101
46.332498 40.755961 38.476899
47.086225 42.068892 38.478906
47.132374 41.169088 41.472802
46.339396 40.706518 41.743812
47.104571 41.152870 40.516143
44.851716 39.838704 49.445170
44.058738 40.301275 49.174160
44.823914 39.854922 50.401829
44.851716 39.838704 52.115871
44.051840 40.251831 52.441073
44.805567 38.938900 52.439066
44.851716 37.177937 45.897480
44.058738 36.715367 45.626470
44.823914 37.161719 46.854139
44.851716 37.177937 48.568181
44.897865 38.077741 48.891376
45.651592 36.764810 48.893383
47.132374 35.847553 49.445170
47.178523 34.947749 49.121976
47.932250 36.260680 49.119968
47.132374 35.847553 52.115871
47.104571 35.863771 51.159213
46.339396 36.310124 52.386882
47.132374 41.169088 45.897480
46.332498 40.755961 45.572278
47.086225 42.068892 45.574286
47.132374 41.169088 48.568181
46.339396 40.706518 48.839192
47.104571 41.152870 47.611523
44.851716 39.838704 56.540550
44.058738 40.301275 56.269540
44.823914 39.854922 57.497209
44.851716 39.838704 59.211251
44.051840 40.251831 59.536453
44.805567 38.938900 59.534445
44.851716 37.177937 52.992860
44.058738 36.715367 52.721850
44.823914 37.161719 53.949519
44.851716 37.177937 55.663561
44.897865 38.077741 55.986756
45.651592 36.764810 55.988763
47.132374 35.847553 56.540550
47.178523 34.947749 56.217356
47.932250 36.260680 56.215348
47.132374 35.847553 59.211251
47.104571 35.863771 58.254592
46.339396 36.310124 59.482261
47.132374 41.169088 52.992860
46.332498 40.755961 52.667658
47.086225 42.068892 52.669666
47.132374 41.169088 55.663561
46.339396 40.706518 55.934572
47.104571 41.152870 54.706902
44.851716 39.838704 63.635930
44.058738 40.301275 63.364919
44.823914 39.854922 64.592589
44.851716 39.838704 66.306631
44.051840 40.251831 66.631833
44.805567 38.938900 66.629825
44.851716 37.177937 60.088240
44.058738 36.715367 59.817230
44.823914 37.161719 61.044899
44.851716 37.177937 62.758941
44.897865 38.077741 63.082135
45.651592 36.764810 63.084143
47.132374 35.847553 63.635930
47.178523 34.947749 63.312735
47.932250 36.260680 63.310728
47.132374 35.847553 66.306631
46.339396 36.310124 66.577641
47.104571 35.863771 65.349972
47.132374 41.169088 60.088240
46.332498 40.755961 59.763038
47.086225 42.068892 59.765046
47.132374 41.169088 62.758941
46.339396 40.706518 63.029951
47.104571 41.152870 61.802282
44.851716 47.821007 6.872892
44.058738 48.283577 6.601882
44.823914 47.837225 7.829551
44.851716 47.821007 9.543593
44.051840 48.234133 9.868795
44.805567 46.921202 9.866787
44.851716 45.160239 3.325202
44.058738 44.697669 3.054192
44.823914 45.144021 4.281861
44.851716 45.160239 5.995903
44.897865 46.060043 6.319097
45.651592 44.747113 6.321105
47.132374 43.829855 6.872892
47.132374 42.911511 6.602937
47.132374 43.798769 7.829587
47.132374 43.829855 9.543593
47.178523 42.930051 9.866787
47.932250 44.242982 9.868795
47.132374 49.151390 3.325202
46.332498 48.738264 3.000000
47.086225 50.051194 3.002008
47.132374 49.151390 5.995903
46.339396 48.688820 6.266913
47.104571 49.135172 5.039244
44.851716 47.821007 13.968272
44.058738 48.283577 13.697261
44.823914 47.837225 14.924930
44.851716 47.821007 16.638973
44.051840 48.234133 16.964175
44.805567 46.921202 16.962167
44.851716 45.160239 10.420582
44.094766 44.671076 10.098126
45.608666 44.671076 10.098126
44.851716 45.160239 13.091283
44.851716 46.078583 13.361237
44.851716 45.191326 12.134588
47.132374 43.829855 13.968272
46.375424 44.319018 13.645816
47.889324 44.319018 13.645816
47.132374 43.829855 16.638973
47.104571 43.846073 15.682314
46.339396 44.292426 16.909983
47.132374 49.151390 10.420582
46.339396 48.688820 10.149571
47.104571 49.135172 11.377240
47.132374 49.151390 13.091283
46.332498 48.738264 13.416485
47.086225 50.051194 13.414477
44.851716 47.821007 21.063651
44.058738 48.283577 20.792641
44.823914 47.837225 22.020310
44.851716 47.821007 23.734352
44.051840 48.234133 24.059554
44.805567 46.921202 24.057547
44.851716 45.160239 17.515962
44.058738 44.697669 17.244951
44.823914 45.144021 18.472620
44.851716 45.160239 20.186662
44.897865 46.060043 20.509857
45.651592 44.747113 20.511865
47.132374 43.829855 21.063651
47.178523 42.930051 20.740457
47.932250 44.242982 20.738449
47.132374 43.829855 23.734352
47.104571 43.846073 22.777694
46.339396 44.292426 24.005363
47.132374 49.151390 17.515962
46.332498 48.738264 17.190759
47.086225 50.051194 17.192767
47.132374 49.151390 20.186662
46.339396 48.688820 20.457673
47.104571 49.135172 19.230004
44.851716 47.821007 28.159031
44.058738 48.283577 27.888021
44.823914 47.837225 29.115690
44.851716 47.821007 30.829732
44.051840 48.234133 31.154934
44.805567 46.921202 31.152926
44.851716 45.160239 24.611341
44.058738 44.697669 24.340331
44.823914 45.144021 25.568000
44.851716 45.160239 27.282042
44.897865 46.060043 27.605237
45.651592 44.747113 27.607244
47.132374 43.829855 28.159031
47.178523 42.930051 27.835837
47.932250 44.242982 27.833829
47.132374 43.829855 30.829732
47.104571 43.846073 29.873073
46.339396 44.292426 31.100742
47.132374 49.151390 24.611341
46.332498 48.738264 24.286139
47.086225 50.051194 24.288147
47.132374 49.151390 27.282042
46.339396 48.688820 27.553053
47.104571 49.135172 26.325384
44.851716 47.821007 35.254411
44.058738 48.283577 34.983400
44.823914 47.837225 36.211070
44.851716 47.821007 37.925112
44.051840 48.234133 38.250314
44.805567 46.921202 38.248306
44.851716 45.160239 31.706721
44.058738 44.697669 31.435711
44.823914 45.144021 32.663380
44.851716 45.160239 34.377422
44.897865 46.060043 34.700616
45.651592 44.747113 34.702624
47.132374 43.829855 35.254411
47.178523 42.930051 34.931217
47.932250 44.242982 34.929209
47.132374 43.829855 37.925112
47.104571 43.846073 36.968453
46.339396 44.292426 38.196122
47.132374 49.151390 31.706721
46.332498 48.738264 31.381519
47.086225 50.051194 31.383527
47.132374 49.151390 34.377422
46.339396 48.688820 34.648432
47.104571 49.135172 33.420763
44.851716 47.821007 42.349791
44.058738 48.283577 42.078780
44.823914 47.837225 43.306449
44.851716 47.821007 45.020492
44.051840 48.234133 45.345694
44.805567 46.921202 45.343686
44.851716 45.160239 38.802101
44.058738 44.697669 38.531090
44.823914 45.144021 39.758759
44.851716 45.160239 41.472802
44.897865 46.060043 41.795996
45.651592 44.747113 41.798004
47.132374 43.829855 42.349791
47.178523 42.930051 42.026596
47.932250 44.242982 42.024589
47.132374 43.829855 45.020492
47.104571 43.846073 44.063833
46.339396 44.292426 45.291502
47.132374 49.151390 38.802101
46.332498 48.738264 38.476899
47.086225 50.051194 38.478906
47.132374 49.151390 41.472802
46.339396 48.688820 41.743812
47.104571 49.135172 40.516143
44.851716 47.821007 49.445170
44.058738 48.283577 49.174160
44.823914 47.837225 50.401829
44.851716 47.821007 52.115871
44.051840 48.234133 52.441073
44.805567 46.921202 52.439066
44.851716 45.160239 45.897480
44.058738 44.697669 45.626470
44.823914 45.144021 46.854139
44.851716 45.160239 48.568181
44.897865 46.060043 48.891376
45.651592 44.747113 48.893383
47.132374 43.829855 49.445170
47.178523 42.930051 49.121976
47.932250 44.242982 49.119968
47.132374 43.829855 52.115871
47.104571 43.846073 51.159213
46.339396 44.292426 52.386882
47.132374 49.151390 45.897480
46.332498 48.738264 45.572278
47.086225 50.051194 45.574286
47.132374 49.151390 48.568181
46.339396 48.688820 48.839192
47.104571 49.135172 47.611523
44.851716 47.821007 56.540550
44.058738 48.283577 56.269540
44.823914 47.837225 57.497209
44.851716 47.821007 59.211251
44.051840 48.234133 59.536453
44.805567 46.921202 59.534445
44.851716 45.160239 52.992860
44.058738 44.697669 52.721850
44.823914 45.144021 53.949519
44.851716 45.160239 55.663561
44.897865 46.060043 55.986756
45.651592 44.747113 55.988763
47.132374 43.829855 56.540550
47.178523 42.930051 56.217356
47.932250 44.242982 56.215348
47.132374 43.829855 59.211251
47.104571 43.846073 58.254592
46.339396 44.292426 59.482261
47.132374 49.151390 52.992860
46.332498 48.738264 52.667658
47.086225 50.051194 52.669666
47.132374 49.151390 55.663561
46.339396 48.688820 55.934572
47.104571 49.135172 54.706902
44.851716 47.821007 63.635930
44.058738 48.283577 63.364919
44.823914 47.837225 64.592589
44.851716 47.821007 66.306631
44.051840 48.234133 66.631833
44.805567 46.921202 66.629825
44.851716 45.160239 60.088240
44.058738 44.697669 59.817230
44.823914 45.144021 61.044899
44.851716 45.160239 62.758941
44.897865 46.060043 63.082135
45.651592 44.747113 63.084143
47.132374 43.829855 63.635930
47.178523 42.930051 63.312735
47.932250 44.242982 63.310728
47.132374 43.829855 66.306631
46.339396 44.292426 66.577641
47.104571 43.846073 65.349972
47.132374 49.151390 60.088240
46.332498 48.738264 59.763038
47.086225 50.051194 59.765046
47.132374 49.151390 62.758941
46.339396 48.688820 63.029951
47.104571 49.135172 61.802282
44.851716 55.803309 6.872892
44.058738 56.265879 6.601882
44.823914 55.819527 7.829551
44.851716 55.803309 9.543593
44.051840 56.216435 9.868795
44.805567 54.903505 9.866787
44.851716 53.142541 3.325202
44.058738 52.679971 3.054192
44.823914 53.126323 4.281861
44.851716 53.142541 5.995903
44.897865 54.042345 6.319097
45.651592 52.729415 6.321105
47.132374 51.812158 6.872892
47.132374 50.893813 6.602937
47.132374 51.781071 7.829587
47.132374 51.812158 9.543593
47.178523 50.912353 9.866787
47.932250 52.225284 9.868795
47.132374 57.133692 3.325202
46.375424 56.644530 3.002746
47.889324 56.644530 3.002746
47.132374 57.133692 5.995903
46.339396 56.671122 6.266913
47.104571 57.117474 5.039244
44.851716 55.803309 13.968272
44.058738 56.265879 13.697261
44.823914 55.819527 14.924930
44.851716 55.803309 16.638973
44.051840 56.216435 16.964175
44.805567 54.903505 16.962167
44.851716 53.142541 10.420582
44.094766 52.653379 10.098126
45.608666 52.653379 10.098126
44.851716 53.142541 13.091283
44.851716 54.060886 13.361237
44.851716 53.173628 12.134588
47.132374 51.812158 13.968272
46.375424 52.301320 13.645816
47.889324 52.301320 13.645816
47.132374 51.812158 16.638973
47.104571 51.828376 15.682314
46.339396 52.274728 16.909983
47.132374 57.133692 10.420582
46.332498 56.720566 10.095380
47.086225 58.033497 10.097387
47.132374 57.133692 13.091283
46.339396 56.671122 13.362293
47.104571 57.117474 12.134624
44.851716 55.803309 21.063651
44.058738 56.265879 20.792641
44.823914 55.819527 22.020310
44.851716 55.803309 23.734352
44.051840 56.216435 24.059554
44.805567 54.903505 24.057547
44.851716 53.142541 17.515962
44.058738 52.679971 17.244951
44.823914 53.126323 18.472620
44.851716 53.142541 20.186662
44.897865 54.042345 20.509857
45.651592 52.729415 20.511865
47.132374 51.812158 21.063651
47.178523 50.912353 20.740457
47.932250 52.225284 20.738449
47.132374 51.812158 23.734352
47.104571 51.828376 22.777694
46.339396 52.274728 24.005363
47.132374 57.133692 17.515962
46.332498 56.720566 17.190759
47.086225 58.033497 17.192767
47.132374 57.133692 20.186662
46.339396 56.671122 20.457673
47.104571 57.117474 19.230004
44.851716 55.803309 28.159031
44.058738 56.265879 27.888021
44.823914 55.819527 29.115690
44.851716 55.803309 30.829732
44.051840 56.216435 31.154934
44.805567 54.903505 31.152926
44.851716 53.142541 24.611341
44.058738 52.679971 24.340331
44.823914 53.126323 25.568000
44.851716 53.142541 27.282042
44.897865 54.042345 27.605237
45.651592 52.729415 27.607244
47.132374 51.812158 28.159031
47.178523 50.912353 27.835837
47.932250 52.225284 27.833829
47.132374 51.812158 30.829732
47.104571 51.828376 29.873073
46.339396 52.274728 31.100742
47.132374 57.133692 24.611341
46.332498 56.720566 24.286139
47.086225 58.033497 24.288147
47.132374 57.133692 27.282042
46.339396 56.671122 27.553053
47.104571 57.117474 26.325384
44.851716 55.803309 35.254411
44.058738 56.265879 34.983400
44.823914 55.819527 36.211070
44.851716 55.803309 37.925112
44.051840 56.216435 38.250314
44.805567 54.903505 38.248306
44.851716 53.142541 31.706721
44.058738 52.679971 31.435711
44.823914 53.126323 32.663380
44.851716 53.142541 34.377422
44.897865 54.042345 34.700616
45.651592 52.729415 34.702624
47.132374 51.812158 35.254411
47.178523 50.912353 34.931217
47.932250 52.225284 34.929209
47.132374 51.812158 37.925112
47.104571 51.828376 36.968453
46.339396 52.274728 38.196122
47.132374 57.133692 31.706721
46.332498 56.720566 31.381519
47.086225 58.033497 31.383527
47.132374 57.133692 34.377422
46.339396 56.671122 34.648432
47.104571 57.117474 33.420763
44.851716 55.803309 42.349791
44.058738 56.265879 42.078780
44.823914 55.819527 43.306449
44.851716 55.803309 45.020492
44.051840 56.216435 45.345694
44.805567 54.903505 45.343686
44.851716 53.142541 38.802101
44.058738 52.679971 38.531090
44.823914 53.126323 39.758759
44.851716 53.142541 41.472802
44.897865 54.042345 41.795996
45.651592 52.729415 41.798004
47.132374 51.812158 42.349791
47.178523 50.912353 42.026596
47.932250 52.225284 42.024589
47.132374 51.812158 45.020492
47.104571 51.828376 44.063833
46.339396 52.274728 45.291502
47.132374 57.133692 38.802101
46.332498 56.720566 38.476899
47.086225 58.033497 38.478906
47.132374 57.133692 41.472802
46.339396 56.671122 41.743812
47.104571 57.117474 40.516143
44.851716 55.803309 49.445170
44.058738 56.265879 49.174160
44.823914 55.819527 50.401829
44.851716 55.803309 52.115871
44.051840 56.216435 52.441073
44.805567 54.903505 52.439066
44.851716 53.142541 45.897480
44.058738 52.679971 45.626470
44.823914 53.126323 46.854139
44.851716 53.142541 48.568181
44.897865 54.042345 48.891376
45.651592 52.729415 48.893383
47.132374 51.812158 49.445170
47.178523 50.912353 49.121976
47.932250 52.225284 49.119968
47.132374 51.812158 52.115871
47.104571 51.828376 51.159213
46.339396 52.274728 52.386882
47.132374 57.133692 45.897480
46.332498 56.720566 45.572278
47.086225 58.033497 45.574286
47.132374 57.133692 48.568181
46.339396 56.671122 48.839192
47.104571 57.117474 47.611523
44.851716 55.803309 56.540550
44.058738 56.265879 56.269540
44.823914 55.819527 57.497209
44.851716 55.803309 59.211251
44.051840 56.216435 59.536453
44.805567 54.903505 59.534445
44.851716 53.142541 52.992860
44.058738 52.679971 52.721850
44.823914 53.126323 53.949519
44.851716 53.142541 55.663561
44.897865 54.042345 55.986756
45.651592 52.729415 55.988763
47.132374 51.812158 56.540550
47.178523 50.912353 56.217356
47.932250 52.225284 56.215348
47.132374 51.812158 59.211251
47.104571 51.828376 58.254592
46.339396 52.274728 59.482261
47.132374 57.133692 52.992860
46.332498 56.720566 52.667658
47.086225 58.033497 52.669666
47.132374 57.133692 55.663561
46.339396 56.671122 55.934572
47.104571 57.117474 54.706902
44.851716 55.803309 63.635930
44.879518 55.819527 64.592589
45.644694 56.265879 63.364919
44.851716 55.803309 66.306631
44.051840 56.216435 66.631833
44.805567 54.903505 66.629825
44.851716 53.142541 60.088240
44.058738 52.679971 59.817230
44.823914 53.126323 61.044899
44.851716 53.142541 62.758941
44.897865 54.042345 63.082135
45.651592 52.729415 63.084143
47.132374 51.812158 63.635930
47.178523 50.912353 63.312735
47.932250 52.225284 63.310728
47.132374 51.812158 66.306631
46.339396 52.274728 66.577641
47.104571 51.828376 65.349972
47.132374 57.133692 60.088240
46.332498 56.720566 59.763038
47.086225 58.033497 59.765046
47.132374 57.133692 62.758941
47.132374 57.164779 61.802246
47.132374 58.052037 63.028895
44.851716 63.785611 6.872892
44.879518 63.801829 7.829551
45.644694 64.248181 6.601882
44.851716 63.785611 9.543593
44.051840 64.198737 9.868795
44.805567 62.885807 9.866787
44.851716 61.124844 3.325202
44.094766 60.635681 3.002746
45.608666 60.635681 3.002746
44.851716 61.124844 5.995903
44.851716 62.043188 6.265857
44.851716 61.155930 5.039208
47.132374 59.794460 6.872892
47.086225 58.894656 6.549698
46.332498 60.207586 6.547690
47.132374 59.794460 9.543593
47.160176 59.810678 8.586934
47.925352 60.257030 9.814603
47.132374 65.115995 3.325202
47.086225 66.015799 3.002008
46.332498 64.702868 3.000000
47.132374 65.115995 5.995903
47.132374 66.034339 6.265857
47.132374 65.147081 5.039208
44.851716 63.785611 13.968272
44.879518 63.801829 14.924930
45.644694 64.248181 13.697261
44.851716 63.785611 16.638973
44.094766 64.274774 16.961429
45.608666 64.274774 16.961429
44.851716 61.124844 10.420582
44.094766 60.635681 10.098126
45.608666 60.635681 10.098126
44.851716 61.124844 13.091283
44.851716 62.043188 13.361237
44.851716 61.155930 12.134588
47.132374 59.794460 13.968272
47.086225 58.894656 13.645077
46.332498 60.207586 13.643070
47.132374 59.794460 16.638973
47.160176 59.810678 15.682314
47.925352 60.257030 16.909983
47.132374 65.115995 10.420582
46.375424 64.626832 10.098126
47.889324 64.626832 10.098126
47.132374 65.115995 13.091283
47.132374 66.034339 13.361237
47.132374 65.147081 12.134588
44.851716 63.785611 21.063651
44.851716 63.754524 22.020346
44.851716 62.867267 20.793697
44.851716 63.785611 23.734352
44.051840 64.198737 24.059554
44.805567 62.885807 24.057547
44.851716 61.124844 17.515962
44.897865 62.024648 17.192767
45.651592 60.711717 17.190759
44.851716 61.124844 20.186662
44.058738 60.662273 20.457673
44.823914 61.108625 19.230004
47.132374 59.794460 21.063651
47.086225 58.894656 20.740457
46.332498 60.207586 20.738449
47.132374 59.794460 23.734352
47.160176 59.810678 22.777694
47.925352 60.257030 24.005363
47.132374 65.115995 17.515962
47.132374 66.034339 17.246007
47.132374 65.147081 18.472657
47.132374 65.115995 20.186662
47.086225 66.015799 20.509857
46.332498 64.702868 20.511865
44.851716 63.785611 28.159031
44.879518 63.801829 29.115690
45.644694 64.248181 27.888021
44.851716 63.785611 30.829732
44.094766 64.274774 31.152188
45.608666 64.274774 31.152188
44.851716 61.124844 24.611341
44.094766 60.635681 24.288885
45.608666 60.635681 24.288885
44.851716 61.124844 27.282042
44.851716 62.043188 27.551997
44.851716 61.155930 26.325347
47.132374 59.794460 28.159031
47.086225 58.894656 27.835837
46.332498 60.207586 27.833829
47.132374 59.794460 30.829732
47.160176 59.810678 29.873073
47.925352 60.257030 31.100742
47.132374 65.115995 24.611341
46.375424 64.626832 24.288885
47.889324 64.626832 24.288885
47.132374 65.115995 27.282042
47.132374 66.034339 27.551997
47.132374 65.147081 26.325347
44.851716 63.785611 35.254411
44.851716 63.754524 36.211106
44.851716 62.867267 34.984456
44.851716 63.785611 37.925112
44.051840 64.198737 38.250314
44.805567 62.885807 38.248306
44.851716 61.124844 31.706721
44.897865 62.024648 31.383527
45.651592 60.711717 31.381519
44.851716 61.124844 34.377422
44.058738 60.662273 34.648432
44.823914 61.108625 33.420763
47.132374 59.794460 35.254411
47.086225 58.894656 34.931217
46.332498 60.207586 34.929209
47.132374 59.794460 37.925112
47.160176 59.810678 36.968453
47.925352 60.257030 38.196122
47.132374 65.115995 31.706721
47.132374 66.034339 31.436767
47.132374 65.147081 32.663416
47.132374 65.115995 34.377422
47.086225 66.015799 34.700616
46.332498 64.702868 34.702624
44.851716 63.785611 42.349791
44.879518 63.801829 43.306449
45.644694 64.248181 42.078780
44.851716 63.785611 45.020492
44.094766 64.274774 45.342948
45.608666 64.274774 45.342948
44.851716 61.124844 38.802101
44.094766 60.635681 38.479645
45.608666 60.635681 38.479645
44.851716 61.124844 41.472802
44.851716 62.043188 41.742756
44.851716 61.155930 40.516107
47.132374 59.794460 42.349791
47.086225 58.894656 42.026596
46.332498 60.207586 42.024589
47.132374 59.794460 45.020492
47.160176 59.810678 44.063833
47.925352 60.257030 45.291502
47.132374 65.115995 38.802101
46.375424 64.626832 38.479645
47.889324 64.626832 38.479645
47.132374 65.115995 41.472802
47.132374 66.034339 41.742756
47.132374 65.147081 40.516107
44.851716 63.785611 49.445170
44.851716 63.754524 50.401865
44.851716 62.867267 49.175216
44.851716 63.785611 52.115871
44.051840 64.198737 52.441073
44.805567 62.885807 52.439066
44.851716 61.124844 45.897480
44.897865 62.024648 45.574286
45.651592 60.711717 45.572278
44.851716 61.124844 48.568181
44.058738 60.662273 48.839192
44.823914 61.108625 47.611523
47.132374 59.794460 49.445170
47.086225 58.894656 49.121976
46.332498 60.207586 49.119968
47.132374 59.794460 52.115871
47.160176 59.810678 51.159213
47.925352 60.257030 52.386882
47.132374 65.115995 45.897480
47.132374 66.034339 45.627526
47.132374 65.147081 46.854176
47.132374 65.115995 48.568181
47.086225 66.015799 48.891376
46.332498 64.702868 48.893383
44.851716 63.785611 56.540550
44.879518 63.801829 57.497209
45.644694 64.248181 56.269540
44.851716 63.785611 59.211251
44.094766 64.274774 59.533707
45.608666 64.274774 59.533707
44.851716 61.124844 52.992860
44.094766 60.635681 52.670404
45.608666 60.635681 52.670404
44.851716 61.124844 55.663561
44.851716 62.043188 55.933516
44.851716 61.155930 54.706866
47.132374 59.794460 56.540550
47.086225 58.894656 56.217356
46.332498 60.207586 56.215348
47.132374 59.794460 59.211251
47.160176 59.810678 58.254592
47.925352 60.257030 59.482261
47.132374 65.115995 52.992860
46.375424 64.626832 52.670404
47.889324 64.626832 52.670404
47.132374 65.115995 55.663561
47.132374 66.034339 55.933516
47.132374 65.147081 54.706866
44.851716 63.785611 63.635930
44.851716 63.754524 64.592625
44.851716 62.867267 63.365975
44.851716 63.785611 66.306631
44.051840 64.198737 66.631833
44.805567 62.885807 66.629825
44.851716 61.124844 60.088240
44.897865 62.024648 59.765046
45.651592 60.711717 59.763038
44.851716 61.124844 62.758941
44.058738 60.662273 63.029951
44.823914 61.108625 61.802282
47.132374 59.794460 63.635930
46.375424 60.283623 63.313474
47.889324 60.283623 63.313474
47.132374 59.794460 66.306631
47.132374 58.876115 66.576585
47.132374 59.763373 65.349936
47.132374 65.115995 60.088240
47.132374 66.034339 59.818285
47.132374 65.147081 61.044935
47.132374 65.115995 62.758941
46.375424 64.626832 63.081397
47.889324 64.626832 63.081397
49.413032 7.909495 6.872892
48.613155 8.322622 6.547690
49.366882 7.009691 6.549698
49.413032 7.909495 9.543593
48.620054 8.372066 9.814603
49.385229 7.925714 8.586934
49.413032 5.248728 3.325202
48.613155 4.835602 3.000000
49.366882 6.148532 3.002008
49.413032 5.248728 5.995903
48.620054 4.786158 6.266913
49.385229 5.232510 5.039244
51.693689 3.918344 6.872892
50.893813 4.331471 6.547690
51.647540 3.018540 6.549698
51.693689 3.918344 9.543593
51.665887 3.934562 8.586934
50.900712 4.380915 9.814603
51.693689 9.239879 3.325202
50.893813 8.826753 3.000000
51.647540 10.139683 3.002008
51.693689 9.239879 5.995903
50.900712 8.777309 6.266913
51.665887 9.223661 5.039244
49.413032 7.909495 13.968272
48.613155 8.322622 13.643070
49.366882 7.009691 13.645077
49.413032 7.909495 16.638973
48.620054 8.372066 16.909983
49.385229 7.925714 15.682314
49.413032 5.248728 10.420582
48.613155 4.835602 10.095380
49.366882 6.148532 10.097387
49.413032 5.248728 13.091283
48.620054 4.786158 13.362293
49.385229 5.232510 12.134624
51.693689 3.918344 13.968272
50.893813 4.331471 13.643070
51.647540 3.018540 13.645077
51.693689 3.918344 16.638973
51.693689 3.887258 15.682278
51.693689 3.000000 16.908927
51.693689 9.239879 10.420582
50.900712 8.777309 10.149571
51.665887 9.223661 11.377240
51.693689 9.239879 13.091283
50.893813 8.826753 13.416485
51.647540 10.139683 13.414477
49.413032 7.909495 21.063651
48.613155 8.322622 20.738449
49.366882 7.009691 20.740457
49.413032 7.909495 23.734352
48.620054 8.372066 24.005363
49.385229 7.925714 22.777694
49.413032 5.248728 17.515962
49.459181 6.148532 17.192767
50.212908 4.835602 17.190759
49.413032 5.248728 20.186662
48.620054 4.786158 20.457673
49.385229 5.232510 19.230004
51.693689 3.918344 21.063651
50.893813 4.331471 20.738449
51.647540 3.018540 20.740457
51.693689 3.918344 23.734352
51.665887 3.934562 22.777694
50.900712 4.380915 24.005363
51.693689 9.239879 17.515962
50.893813 8.826753 17.190759
51.647540 10.139683 17.192767
51.693689 9.239879 20.186662
50.900712 8.777309 20.457673
51.665887 9.223661 19.230004
49.413032 7.909495 28.159031
48.613155 8.322622 27.833829
49.366882 7.009691 27.835837
49.413032 7.909495 30.829732
48.620054 8.372066 31.100742
49.385229 7.925714 29.873073
49.413032 5.248728 24.611341
48.613155 4.835602 24.286139
49.366882 6.148532 24.288147
49.413032 5.248728 27.282042
48.620054 4.786158 27.553053
49.385229 5.232510 26.325384
51.693689 3.918344 28.159031
50.893813 4.331471 27.833829
51.647540 3.018540 27.835837
51.693689 3.918344 30.829732
51.693689 3.887258 29.873037
51.693689 3.000000 31.099687
51.693689 9.239879 24.611341
50.893813 8.826753 24.286139
51.647540 10.139683 24.288147
51.693689 9.239879 27.282042
50.900712 8.777309 27.553053
51.665887 9.223661 26.325384
49.413032 7.909495 35.254411
48.613155 8.322622 34.929209
49.366882 7.009691 34.931217
49.413032 7.909495 37.925112
48.620054 8.372066 38.196122
49.385229 7.925714 36.968453
49.413032 5.248728 31.706721
49.459181 6.148532 31.383527
50.212908 4.835602 31.381519
49.413032 5.248728 34.377422
48.620054 4.786158 34.648432
49.385229 5.232510 33.420763
51.693689 3.918344 35.254411
50.893813 4.331471 34.929209
51.647540 3.018540 34.931217
51.693689 3.918344 37.925112
51.665887 3.934562 36.968453
50.900712 4.380915 38.196122
51.693689 9.239879 31.706721
50.893813 8.826753 31.381519
51.647540 10.139683 31.383527
51.693689 9.239879 34.377422
50.900712 8.777309 34.648432
51.665887 9.223661 33.420763
49.413032 7.909495 42.349791
48.613155 8.322622 42.024589
49.366882 7.009691 42.026596
49.413032 7.909495 45.020492
48.620054 8.372066 45.291502
49.385229 7.925714 44.063833
49.413032 5.248728 38.802101
48.613155 4.835602 38.476899
49.366882 6.148532 38.478906
49.413032 5.248728 41.472802
48.620054 4.786158 41.743812
49.385229 5.232510 40.516143
51.693689 3.918344 42.349791
50.893813 4.331471 42.024589
51.647540 3.018540 42.026596
51.693689 3.918344 45.020492
51.693689 3.887258 44.063796
51.693689 3.000000 45.290446
51.693689 9.239879 38.802101
50.893813 8.826753 38.476899
51.647540 10.139683 38.478906
51.693689 9.239879 41.472802
50.900712 8.777309 41.743812
51.665887 9.223661 40.516143
49.413032 7.909495 49.445170
48.613155 8.322622 49.119968
49.366882 7.009691 49.121976
49.413032 7.909495 52.115871
48.620054 8.372066 52.386882
49.385229 7.925714 51.159213
49.413032 5.248728 45.897480
49.459181 6.148532 45.574286
50.212908 4.835602 45.572278
49.413032 5.248728 48.568181
48.620054 4.786158 48.839192
49.385229 5.232510 47.611523
51.693689 3.918344 49.445170
50.893813 4.331471 49.119968
51.647540 3.018540 49.121976
51.693689 3.918344 52.115871
51.665887 3.934562 51.159213
50.900712 4.380915 52.386882
51.693689 9.239879 45.897480
50.893813 8.826753 45.572278
51.647540 10.139683 45.574286
51.693689 9.239879 48.568181
50.900712 8.777309 48.839192
51.665887 9.223661 47.611523
49.413032 7.909495 56.540550
48.613155 8.322622 56.215348
49.366882 7.009691 56.217356
49.413032 7.909495 59.211251
48.620054 8.372066 59.482261
49.385229 7.925714 58.254592
49.413032 5.248728 52.992860
48.613155 4.835602 52.667658
49.366882 6.148532 52.669666
49.413032 5.248728 55.663561
48.620054 4.786158 55.934572
49.385229 5.232510 54.706902
51.693689 3.918344 56.540550
50.893813 4.331471 56.215348
51.647540 3.018540 56.217356
51.693689 3.918344 59.211251
51.693689 3.887258 58.254556
51.693689 3.000000 59.481206
51.693689 9.239879 52.992860
50.893813 8.826753 52.667658
51.647540 10.139683 52.669666
51.693689 9.239879 55.663561
50.900712 8.777309 55.934572
51.665887 9.223661 54.706902
49.413032 7.909495 63.635930
48.613155 8.322622 63.310728
49.366882 7.009691 63.312735
49.413032 7.909495 66.306631
48.620054 8.372066 66.577641
49.385229 7.925714 65.349972
49.413032 5.248728 60.088240
49.459181 6.148532 59.765046
50.212908 4.835602 59.763038
49.413032 5.248728 62.758941
48.620054 4.786158 63.029951
49.385229 5.232510 61.802282
51.693689 3.918344 63.635930
50.900712 4.380915 63.364919
51.665887 3.934562 64.592589
51.693689 3.918344 66.306631
50.893813 4.331471 66.631833
51.647540 3.018540 66.629825
51.693689 9.239879 60.088240
50.893813 8.826753 59.763038
51.647540 10.139683 59.765046
51.693689 9.239879 62.758941
50.900712 8.777309 63.029951
51.665887 9.223661 61.802282
49.413032 15.891798 6.872892
48.620054 16.354368 6.601882
49.385229 15.908016 7.829551
49.413032 15.891798 9.543593
48.613155 16.304924 9.868795
49.366882 14.991994 9.866787
49.413032 13.231030 3.325202
48.620054 12.768460 3.054192
49.385229 13.214812 4.281861
49.413032 13.231030 5.995903
49.459181 14.130834 6.319097
50.212908 12.817904 6.321105
51.693689 11.900647 6.872892
51.693689 10.982302 6.602937
51.693689 11.869560 7.829587
51.693689 11.900647 9.543593
51.739839 11.000842 9.866787
52.493566 12.313773 9.868795
51.693689 17.222181 3.325202
51.665887 17.205963 4.281861
50.900712 16.759611 3.054192
51.693689 17.222181 5.995903
50.893813 16.809055 6.321105
51.647540 18.121986 6.319097
49.413032 15.891798 13.968272
48.620054 16.354368 13.697261
49.385229 15.908016 14.924930
49.413032 15.891798 16.638973
48.613155 16.304924 16.964175
49.366882 14.991994 16.962167
49.413032 13.231030 10.420582
48.656081 12.741868 10.098126
50.169982 12.741868 10.098126
49.413032 13.231030 13.091283
49.413032 14.149375 13.361237
49.413032 13.262117 12.134588
51.693689 11.900647 13.968272
50.936739 12.389809 13.645816
52.450640 12.389809 13.645816
51.693689 11.900647 16.638973
51.665887 11.916865 15.682314
50.900712 12.363217 16.909983
51.693689 17.222181 10.420582
50.893813 16.809055 10.095380
51.647540 18.121986 10.097387
51.693689 17.222181 13.091283
50.900712 16.759611 13.362293
51.665887 17.205963 12.134624
49.413032 15.891798 21.063651
48.620054 16.354368 20.792641
49.385229 15.908016 22.020310
49.413032 15.891798 23.734352
48.613155 16.304924 24.059554
49.366882 14.991994 24.057547
49.413032 13.231030 17.515962
48.620054 12.768460 17.244951
49.385229 13.214812 18.472620
49.413032 13.231030 20.186662
49.459181 14.130834 20.509857
50.212908 12.817904 20.511865
51.693689 11.900647 21.063651
51.739839 11.000842 20.740457
52.493566 12.313773 20.738449
51.693689 11.900647 23.734352
51.665887 11.916865 22.777694
50.900712 12.363217 24.005363
51.693689 17.222181 17.515962
50.893813 16.809055 17.190759
51.647540 18.121986 17.192767
51.693689 17.222181 20.186662
50.900712 16.759611 20.457673
51.665887 17.205963 19.230004
49.413032 15.891798 28.159031
48.620054 16.354368 27.888021
49.385229 15.908016 29.115690
49.413032 15.891798 30.829732
48.613155 16.304924 31.154934
49.366882 14.991994 31.152926
49.413032 13.231030 24.611341
48.620054 12.768460 24.340331
49.385229 13.214812 25.568000
49.413032 13.231030 27.282042
49.459181 14.130834 27.605237
50.212908 12.817904 27.607244
51.693689 11.900647 28.159031
51.739839 11.000842 27.835837
52.493566 12.313773 27.833829
51.693689 11.900647 30.829732
51.665887 11.916865 29.873073
50.900712 12.363217 31.100742
51.693689 17.222181 24.611341
50.893813 16.809055 24.286139
51.647540 18.121986 24.288147
51.693689 17.222181 27.282042
50.900712 16.759611 27.553053
51.665887 17.205963 26.325384
49.413032 15.891798 35.254411
48.620054 16.354368 34.983400
49.385229 15.908016 36.211070
49.413032 15.891798 37.925112
48.613155 16.304924 38.250314
49.366882 14.991994 38.248306
49.413032 13.231030 31.706721
48.620054 12.768460 31.435711
49.385229 13.214812 32.663380
49.413032 13.231030 34.377422
49.459181 14.130834 34.700616
50.212908 12.817904 34.702624
51.693689 11.900647 35.254411
51.739839 11.000842 34.931217
52.493566 12.313773 34.929209
51.693689 11.900647 37.925112
51.665887 11.916865 36.968453
50.900712 12.363217 38.196122
51.693689 17.222181 31.706721
50.893813 16.809055 31.381519
51.647540 18.121986 31.383527
51.693689 17.222181 34.377422
50.900712 16.759611 34.648432
51.665887 17.205963 33.420763
49.413032 15.891798 42.349791
48.620054 16.354368 42.078780
49.385229 15.908016 43.306449
49.413032 15.891798 45.020492
48.613155 16.304924 45.345694
49.366882 14.991994 45.343686
49.413032 13.231030 38.802101
48.620054 12.768460 38.531090
49.385229 13.214812 39.758759
49.413032 13.231030 41.472802
49.459181 14.130834 41.795996
50.212908 12.817904 41.798004
51.693689 11.900647 42.349791
51.739839 11.000842 42.026596
52.493566 12.313773 42.024589
51.693689 11.900647 45.020492
51.665887 11.916865 44.063833
50.900712 12.363217 45.291502
51.693689 17.222181 38.802101
50.893813 16.809055 38.476899
51.647540 18.121986 38.478906
51.693689 17.222181 41.472802
50.900712 16.759611 41.743812
51.665887 17.205963 40.516143
49.413032 15.891798 49.445170
48.620054 16.354368 49.174160
49.385229 15.908016 50.401829
49.413032 15.891798 52.115871
48.613155 16.304924 52.441073
49.366882 14.991994 52.439066
49.413032 13.231030 45.897480
48.620054 12.768460 45.626470
49.385229 13.214812 46.854139
49.413032 13.231030 48.568181
49.459181 14.130834 48.891376
50.212908 12.817904 48.893383
51.693689 11.900647 49.445170
51.739839 11.000842 49.121976
52.493566 12.313773 49.119968
51.693689 11.900647 52.115871
51.665887 11.916865 51.159213
50.900712 12.363217 52.386882
51.693689 17.222181 45.897480
50.893813 16.809055 45.572278
51.647540 18.121986 45.574286
51.693689 17.222181 48.568181
50.900712 16.759611 48.839192
51.665887 17.205963 47.611523
49.413032 15.891798 56.540550
48.620054 16.354368 56.269540
49.385229 15.908016 57.497209
49.413032 15.891798 59.211251
48.613155 16.304924 59.536453
49.366882 14.991994 59.534445
49.413032 13.231030 52.992860
48.620054 12.768460 52.721850
49.385229 13.214812 53.949519
49.413032 13.231030 55.663561
49.459181 14.130834 55.986756
50.212908 12.817904 55.988763
51.693689 11.900647 56.540550
51.739839 11.000842 56.217356
52.493566 12.313773 56.215348
51.693689 11.900647 59.211251
51.665887 11.916865 58.254592
50.900712 12.363217 59.482261
51.693689 17.222181 52.992860
50.893813 16.809055 52.667658
51.647540 18.121986 52.669666
51.693689 17.222181 55.663561
50.900712 16.759611 55.934572
51.665887 17.205963 54.706902
49.413032 15.891798 63.635930
48.620054 16.354368 63.364919
49.385229 15.908016 64.592589
49.413032 15.891798 66.306631
48.613155 16.304924 66.631833
49.366882 14.991994 66.629825
49.413032 13.231030 60.088240
48.620054 12.768460 59.817230
49.385229 13.214812 61.044899
49.413032 13.231030 62.758941
49.459181 14.130834 63.082135
50.212908 12.817904 63.084143
51.693689 11.900647 63.635930
51.739839 11.000842 63.312735
52.493566 12.313773 63.310728
51.693689 11.900647 66.306631
50.900712 12.363217 66.577641
51.665887 11.916865 65.349972
51.693689 17.222181 60.088240
50.893813 16.809055 59.763038
51.647540 18.121986 59.765046
51.693689 17.222181 62.758941
50.900712 16.759611 63.029951
51.665887 17.205963 61.802282
49.413032 23.874100 6.872892
48.613155 24.287226 6.547690
49.366882 22.974296 6.549698
49.413032 23.874100 9.543593
48.620054 24.336670 9.814603
49.385229 23.890318 8.586934
49.413032 21.213332 3.325202
48.656081 20.724170 3.002746
50.169982 20.724170 3.002746
49.413032 21.213332 5.995903
48.620054 20.750762 6.266913
49.385229 21.197114 5.039244
51.693689 19.882949 6.872892
50.936739 20.372111 6.550436
52.450640 20.372111 6.550436
51.693689 19.882949 9.543593
51.665887 19.899167 8.586934
50.900712 20.345519 9.814603
51.693689 25.204484 3.325202
51.665887 25.188266 4.281861
50.900712 24.741913 3.054192
51.693689 25.204484 5.995903
50.893813 24.791357 6.321105
51.647540 26.104288 6.319097
49.413032 23.874100 13.968272
48.620054 24.336670 13.697261
49.385229 23.890318 14.924930
49.413032 23.874100 16.638973
48.613155 24.287226 16.964175
49.366882 22.974296 16.962167
49.413032 21.213332 10.420582
49.413032 22.131677 10.150627
49.413032 21.244419 11.377277
49.413032 21.213332 13.091283
49.459181 22.113137 13.414477
50.212908 20.800206 13.416485
51.693689 19.882949 13.968272
51.739839 18.983145 13.645077
52.493566 20.296075 13.643070
51.693689 19.882949 16.638973
51.665887 19.899167 15.682314
50.900712 20.345519 16.909983
51.693689 25.204484 10.420582
50.893813 24.791357 10.095380
51.647540 26.104288 10.097387
51.693689 25.204484 13.091283
50.900712 24.741913 13.362293
51.665887 25.188266 12.134624
49.413032 23.874100 21.063651
48.620054 24.336670 20.792641
49.385229 23.890318 22.020310
49.413032 23.874100 23.734352
48.613155 24.287226 24.059554
49.366882 22.974296 24.057547
49.413032 21.213332 17.515962
48.620054 20.750762 17.244951
49.385229 21.197114 18.472620
49.413032 21.213332 20.186662
49.459181 22.113137 20.509857
50.212908 20.800206 20.511865
51.693689 19.882949 21.063651
51.739839 18.983145 20.740457
52.493566 20.296075 20.738449
51.693689 19.882949 23.734352
51.665887 19.899167 22.777694
50.900712 20.345519 24.005363
51.693689 25.204484 17.515962
50.893813 24.791357 17.190759
51.647540 26.104288 17.192767
51.693689 25.204484 20.186662
50.900712 24.741913 20.457673
51.665887 25.188266 19.230004
49.413032 23.874100 28.159031
48.620054 24.336670 27.888021
49.385229 23.890318 29.115690
49.413032 23.874100 30.829732
48.613155 24.287226 31.154934
49.366882 22.974296 31.152926
49.413032 21.213332 24.611341
48.620054 20.750762 24.340331
49.385229 21.197114 25.568000
49.413032 21.213332 27.282042
49.459181 22.113137 27.605237
50.212908 20.800206 27.607244
51.693689 19.882949 28.159031
51.739839 18.983145 27.835837
52.493566 20.296075 27.833829
51.693689 19.882949 30.829732
51.665887 19.899167 29.873073
50.900712 20.345519 31.100742
51.693689 25.204484 24.611341
50.893813 24.791357 24.286139
51.647540 26.104288 24.288147
51.693689 25.204484 27.282042
50.900712 24.741913 27.553053
51.665887 25.188266 26.325384
49.413032 23.874100 35.254411
48.620054 24.336670 34.983400
49.385229 23.890318 36.211070
49.413032 23.874100 37.925112
48.613155 24.287226 38.250314
49.366882 22.974296 38.248306
49.413032 21.213332 31.706721
48.620054 20.750762 31.435711
49.385229 21.197114 32.663380
49.413032 21.213332 34.377422
49.459181 22.113137 34.700616
50.212908 20.800206 34.702624
51.693689 19.882949 35.254411
51.739839 18.983145 34.931217
52.493566 20.296075 34.929209
51.693689 19.882949 37.925112
51.665887 19.899167 36.968453
50.900712 20.345519 38.196122
51.693689 25.204484 31.706721
50.893813 24.791357 31.381519
51.647540 26.104288 31.383527
51.693689 25.204484 34.377422
50.900712 24.741913 34.648432
51.665887 25.188266 33.420763
49.413032 23.874100 42.349791
48.620054 24.336670 42.078780
49.385229 23.890318 43.306449
49.413032 23.874100 45.020492
48.613155 24.287226 45.345694
49.366882 22.974296 45.343686
49.413032 21.213332 38.802101
48.620054 20.750762 38.531090
49.385229 21.197114 39.758759
49.413032 21.213332 41.472802
49.459181 22.113137 41.795996
50.212908 20.800206 41.798004
51.693689 19.882949 42.349791
51.739839 18.983145 42.026596
52.493566 20.296075 42.024589
51.693689 19.882949 45.020492
51.665887 19.899167 44.063833
50.900712 20.345519 45.291502
51.693689 25.204484 38.802101
50.893813 24.791357 38.476899
51.647540 26.104288 38.478906
51.693689 25.204484 41.472802
50.900712 24.741913 41.743812
51.665887 25.188266 40.516143
49.413032 23.874100 49.445170
48.620054 24.336670 49.174160
49.385229 23.890318 50.401829
49.413032 23.874100 52.115871
48.613155 24.287226 52.441073
49.366882 22.974296 52.439066
49.413032 21.213332 45.897480
48.620054 20.750762 45.626470
49.385229 21.197114 46.854139
49.413032 21.213332 48.568181
49.459181 22.113137 48.891376
50.212908 20.800206 48.893383
51.693689 19.882949 49.445170
51.739839 18.983145 49.121976
52.493566 20.296075 49.119968
51.693689 19.882949 52.115871
51.665887 19.899167 51.159213
50.900712 20.345519 52.386882
51.693689 25.204484 45.897480
50.893813 24.791357 45.572278
51.647540 26.104288 45.574286
51.693689 25.204484 48.568181
50.900712 24.741913 48.839192
51.665887 25.188266 47.611523
49.413032 23.874100 56.540550
48.620054 24.336670 56.269540
49.385229 23.890318 57.497209
49.413032 23.874100 59.211251
48.613155 24.287226 59.536453
49.366882 22.974296 59.534445
49.413032 21.213332 52.992860
48.620054 20.750762 52.721850
49.385229 21.197114 53.949519
49.413032 21.213332 55.663561
49.459181 22.113137 55.986756
50.212908 20.800206 55.988763
51.693689 19.882949 56.540550
51.739839 18.983145 56.217356
52.493566 20.296075 56.215348
51.693689 19.882949 59.211251
51.665887 19.899167 58.254592
50.900712 20.345519 59.482261
51.693689 25.204484 52.992860
50.893813 24.791357 52.667658
51.647540 26.104288 52.669666
51.693689 25.204484 55.663561
50.900712 24.741913 55.934572
51.665887 25.188266 54.706902
49.413032 23.874100 63.635930
48.620054 24.336670 63.364919
49.385229 23.890318 64.592589
49.413032 23.874100 66.306631
48.613155 24.287226 66.631833
49.366882 22.974296 66.629825
49.413032 21.213332 60.088240
48.620054 20.750762 59.817230
49.385229 21.197114 61.044899
49.413032 21.213332 62.758941
49.459181 22.113137 63.082135
50.212908 20.800206 63.084143
51.693689 19.882949 63.635930
51.739839 18.983145 63.312735
52.493566 20.296075 63.310728
51.693689 19.882949 66.306631
51.693689 18.964604 66.576585
51.693689 19.851862 65.349936
51.693689 25.204484 60.088240
50.893813 24.791357 59.763038
51.647540 26.104288 59.765046
51.693689 25.204484 62.758941
50.900712 24.741913 63.029951
51.665887 25.188266 61.802282
49.413032 31.856402 6.872892
48.613155 32.269529 6.547690
49.366882 30.956598 6.549698
49.413032 31.856402 9.543593
48.620054 32.318972 9.814603
49.385229 31.872620 8.586934
49.413032 29.195635 3.325202
48.656081 28.706472 3.002746
50.169982 28.706472 3.002746
49.413032 29.195635 5.995903
48.620054 28.733064 6.266913
49.385229 29.179417 5.039244
51.693689 27.865251 6.872892
50.936739 28.354414 6.550436
52.450640 28.354414 6.550436
51.693689 27.865251 9.543593
51.665887 27.881469 8.586934
50.900712 28.327821 9.814603
51.693689 33.186786 3.325202
51.665887 33.170568 4.281861
50.900712 32.724215 3.054192
51.693689 33.186786 5.995903
50.893813 32.773659 6.321105
51.647540 34.086590 6.319097
49.413032 31.856402 13.968272
48.620054 32.318972 13.697261
49.385229 31.872620 14.924930
49.413032 31.856402 16.638973
48.613155 32.269529 16.964175
49.366882 30.956598 16.962167
49.413032 29.195635 10.420582
49.413032 30.113979 10.150627
49.413032 29.226721 11.377277
49.413032 29.195635 13.091283
49.459181 30.095439 13.414477
50.212908 28.782508 13.416485
51.693689 27.865251 13.968272
51.739839 26.965447 13.645077
52.493566 28.278378 13.643070
51.693689 27.865251 16.638973
51.665887 27.881469 15.682314
50.900712 28.327821 16.909983
51.693689 33.186786 10.420582
50.893813 32.773659 10.095380
51.647540 34.086590 10.097387
51.693689 33.186786 13.091283
50.900712 32.724215 13.362293
51.665887 33.170568 12.134624
49.413032 31.856402 21.063651
48.620054 32.318972 20.792641
49.385229 31.872620 22.020310
49.413032 31.856402 23.734352
48.613155 32.269529 24.059554
49.366882 30.956598 24.057547
49.413032 29.195635 17.515962
48.620054 28.733064 17.244951
49.385229 29.179417 18.472620
49.413032 29.195635 20.186662
49.459181 30.095439 20.509857
50.212908 28.782508 20.511865
51.693689 27.865251 21.063651
51.739839 26.965447 20.740457
52.493566 28.278378 20.738449
51.693689 27.865251 23.734352
51.665887 27.881469 22.777694
50.900712 28.327821 24.005363
51.693689 33.186786 17.515962
50.893813 32.773659 17.190759
51.647540 34.086590 17.192767
51.693689 33.186786 20.186662
50.900712 32.724215 20.457673
51.665887 33.170568 19.230004
49.413032 31.856402 28.159031
48.620054 32.318972 27.888021
49.385229 31.872620 29.115690
49.413032 31.856402 30.829732
48.613155 32.269529 31.154934
49.366882 30.956598 31.152926
49.413032 29.195635 24.611341
48.620054 28.733064 24.340331
49.385229 29.179417 25.568000
49.413032 29.195635 27.282042
49.459181 30.095439 27.605237
50.212908 28.782508 27.607244
51.693689 27.865251 28.159031
51.739839 26.965447 27.835837
52.493566 28.278378 27.833829
51.693689 27.865251 30.829732
51.665887 27.881469 29.873073
50.900712 28.327821 31.100742
51.693689 33.186786 24.611341
50.893813 32.773659 24.286139
51.647540 34.086590 24.288147
51.693689 33.186786 27.282042
50.900712 32.724215 27.553053
51.665887 33.170568 26.325384
49.413032 31.856402 35.254411
48.620054 32.318972 34.983400
49.385229 31.872620 36.211070
49.413032 31.856402 37.925112
48.613155 32.269529 38.250314
49.366882 30.956598 38.248306
49.413032 29.195635 31.706721
48.620054 28.733064 31.435711
49.385229 29.179417 32.663380
49.413032 29.195635 34.377422
49.459181 30.095439 34.700616
50.212908 28.782508 34.702624
51.693689 27.865251 35.254411
51.739839 26.965447 34.931217
52.493566 28.278378 34.929209
51.693689 27.865251 37.925112
51.665887 27.881469 36.968453
50.900712 28.327821 38.196122
51.693689 33.186786 31.706721
50.893813 32.773659 31.381519
51.647540 34.086590 31.383527
51.693689 33.186786 34.377422
50.900712 32.724215 34.648432
51.665887 33.170568 33.420763
49.413032 31.856402 42.349791
48.620054 32.318972 42.078780
49.385229 31.872620 43.306449
49.413032 31.856402 45.020492
48.613155 32.269529 45.345694
49.366882 30.956598 45.343686
49.413032 29.195635 38.802101
48.620054 28.733064 38.531090
49.385229 29.179417 39.758759
49.413032 29.195635 41.472802
49.459181 30.095439 41.795996
50.212908 28.782508 41.798004
51.693689 27.865251 42.349791
51.739839 26.965447 42.026596
52.493566 28.278378 42.024589
51.693689 27.865251 45.020492
51.665887 27.881469 44.063833
50.900712 28.327821 45.291502
51.693689 33.186786 38.802101
50.893813 32.773659 38.476899
51.647540 34.086590 38.478906
51.693689 33.186786 41.472802
50.900712 32.724215 41.743812
51.665887 33.170568 40.516143
49.413032 31.856402 49.445170
48.620054 32.318972 49.174160
49.385229 31.872620 50.401829
49.413032 31.856402 52.115871
48.613155 32.269529 52.441073
49.366882 30.956598 52.439066
49.413032 29.195635 45.897480
48.620054 28.733064 45.626470
49.385229 29.179417 46.854139
49.413032 29.195635 48.568181
49.459181 30.095439 48.891376
50.212908 28.782508 48.893383
51.693689 27.865251 49.445170
51.739839 26.965447 49.121976
52.493566 28.278378 49.119968
51.693689 27.865251 52.115871
51.665887 27.881469 51.159213
50.900712 28.327821 52.386882
51.693689 33.186786 45.897480
50.893813 32.773659 45.572278
51.647540 34.086590 45.574286
51.693689 33.186786 48.568181
50.900712 32.724215 48.839192
51.665887 33.170568 47.611523
49.413032 31.856402 56.540550
48.620054 32.318972 56.269540
49.385229 31.872620 57.497209
49.413032 31.856402 59.211251
48.613155 32.269529 59.536453
49.366882 30.956598 59.534445
49.413032 29.195635 52.992860
48.620054 28.733064 52.721850
49.385229 29.179417 53.949519
49.413032 29.195635 55.663561
49.459181 30.095439 55.986756
50.212908 28.782508 55.988763
51.693689 27.865251 56.540550
51.739839 26.965447 56.217356
52.493566 28.278378 56.215348
51.693689 27.865251 59.211251
51.665887 27.881469 58.254592
50.900712 28.327821 59.482261
51.693689 33.186786 52.992860
50.893813 32.773659 52.667658
51.647540 34.086590 52.669666
51.693689 33.186786 55.663561
50.900712 32.724215 55.934572
51.665887 33.170568 54.706902
49.413032 31.856402 63.635930
48.620054 32.318972 63.364919
49.385229 31.872620 64.592589
49.413032 31.856402 66.306631
48.613155 32.269529 66.631833
49.366882 30.956598 66.629825
49.413032 29.195635 60.088240
48.620054 28.733064 59.817230
49.385229 29.179417 61.044899
49.413032 29.195635 62.758941
49.459181 30.095439 63.082135
50.212908 28.782508 63.084143
51.693689 27.865251 63.635930
51.739839 26.965447 63.312735
52.493566 28.278378 63.310728
51.693689 27.865251 66.306631
51.693689 26.946907 66.576585
51.693689 27.834164 65.349936
51.693689 33.186786 60.088240
50.893813 32.773659 59.763038
51.647540 34.086590 59.765046
51.693689 33.186786 62.758941
50.900712 32.724215 63.029951
51.665887 33.170568 61.802282
49.413032 39.838704 6.872892
48.613155 40.251831 6.547690
49.366882 38.938900 6.549698
49.413032 39.838704 9.543593
48.620054 40.301275 9.814603
49.385229 39.854922 8.586934
49.413032 37.177937 3.325202
48.656081 36.688774 3.002746
50.169982 36.688774 3.002746
49.413032 37.177937 5.995903
48.620054 36.715367 6.266913
49.385229 37.161719 5.039244
51.693689 35.847553 6.872892
50.936739 36.336716 6.550436
52.450640 36.336716 6.550436
51.693689 35.847553 9.543593
51.665887 35.863771 8.586934
50.900712 36.310124 9.814603
51.693689 41.169088 3.325202
51.665887 41.152870 4.281861
50.900712 40.706518 3.054192
51.693689 41.169088 5.995903
50.893813 40.755961 6.321105
51.647540 42.068892 6.319097
49.413032 39.838704 13.968272
48.620054 40.301275 13.697261
49.385229 39.854922 14.924930
49.413032 39.838704 16.638973
48.613155 40.251831 16.964175
49.366882 38.938900 16.962167
49.413032 37.177937 10.420582
49.413032 38.096281 10.150627
49.413032 37.209024 11.377277
49.413032 37.177937 13.091283
49.459181 38.077741 13.414477
50.212908 36.764810 13.416485
51.693689 35.847553 13.968272
51.739839 34.947749 13.645077
52.493566 36.260680 13.643070
51.693689 35.847553 16.638973
51.665887 35.863771 15.682314
50.900712 36.310124 16.909983
51.693689 41.169088 10.420582
50.893813 40.755961 10.095380
51.647540 42.068892 10.097387
51.693689 41.169088 13.091283
50.900712 40.706518 13.362293
51.665887 41.152870 12.134624
49.413032 39.838704 21.063651
48.620054 40.301275 20.792641
49.385229 39.854922 22.020310
49.413032 39.838704 23.734352
48.613155 40.251831 24.059554
49.366882 38.938900 24.057547
49.413032 37.177937 17.515962
48.620054 36.715367 17.244951
49.385229 37.161719 18.472620
49.413032 37.177937 20.186662
49.459181 38.077741 20.509857
50.212908 36.764810 20.511865
51.693689 35.847553 21.063651
51.739839 34.947749 20.740457
52.493566 36.260680 20.738449
51.693689 35.847553 23.734352
51.665887 35.863771 22.777694
50.900712 36.310124 24.005363
51.693689 41.169088 17.515962
50.893813 40.755961 17.190759
51.647540 42.068892 17.192767
51.693689 41.169088 20.186662
50.900712 40.706518 20.457673
51.665887 41.152870 19.230004
49.413032 39.838704 28.159031
48.620054 40.301275 27.888021
49.385229 39.854922 29.115690
49.413032 39.838704 30.829732
48.613155 40.251831 31.154934
49.366882 38.938900 31.152926
49.413032 37.177937 24.611341
48.620054 36.715367 24.340331
49.385229 37.161719 25.568000
49.413032 37.177937 27.282042
49.459181 38.077741 27.605237
50.212908 36.764810 27.607244
51.693689 35.847553 28.159031
51.739839 34.947749 27.835837
52.493566 36.260680 27.833829
51.693689 35.847553 30.829732
51.665887 35.863771 29.873073
50.900712 36.310124 31.100742
51.693689 41.169088 24.611341
50.893813 40.755961 24.286139
51.647540 42.068892 24.288147
51.693689 41.169088 27.282042
50.900712 40.706518 27.553053
51.665887 41.152870 26.325384
49.413032 39.838704 35.254411
48.620054 40.301275 34.983400
49.385229 39.854922 36.211070
49.413032 39.838704 37.925112
48.613155 40.251831 38.250314
49.366882 38.938900 38.248306
49.413032 37.177937 31.706721
48.620054 36.715367 31.435711
49.385229 37.161719 32.663380
49.413032 37.177937 34.377422
49.459181 38.077741 34.700616
50.212908 36.764810 34.702624
51.693689 35.847553 35.254411
51.739839 34.947749 34.931217
52.493566 36.260680 34.929209
51.693689 35.847553 37.925112
51.665887 35.863771 36.968453
50.900712 36.310124 38.196122
51.693689 41.169088 31.706721
50.893813 40.755961 31.381519
51.647540 42.068892 31.383527
51.693689 41.169088 34.377422
50.900712 40.706518 34.648432
51.665887 41.152870 33.420763
49.413032 39.838704 42.349791
48.620054 40.301275 42.078780
49.385229 39.854922 43.306449
49.413032 39.838704 45.020492
48.613155 40.251831 45.345694
49.366882 38.938900 45.343686
49.413032 37.177937 38.802101
48.620054 36.715367 38.531090
49.385229 37.161719 39.758759
49.413032 37.177937 41.472802
49.459181 38.077741 41.795996
50.212908 36.764810 41.798004
51.693689 35.847553 42.349791
51.739839 34.947749 42.026596
52.493566 36.260680 42.024589
51.693689 35.847553 45.020492
51.665887 35.863771 44.063833
50.900712 36.310124 45.291502
51.693689 41.169088 38.802101
50.893813 40.755961 38.476899
51.647540 42.068892 38.478906
51.693689 41.169088 41.472802
50.900712 40.706518 41.743812
51.665887 41.152870 40.516143
49.413032 39.838704 49.445170
48.620054 40.301275 49.174160
49.385229 39.854922 50.401829
49.413032 39.838704 52.115871
48.613155 40.251831 52.441073
49.366882 38.938900 52.439066
49.413032 37.177937 45.897480
48.620054 36.715367 45.626470
49.385229 37.161719 46.854139
49.413032 37.177937 48.568181
49.459181 38.077741 48.891376
50.212908 36.764810 48.893383
51.693689 35.847553 49.445170
51.739839 34.947749 49.121976
52.493566 36.260680 49.119968
51.693689 35.847553 52.115871
51.665887 35.863771 51.159213
50.900712 36.310124 52.386882
51.693689 41.169088 45.897480
50.893813 40.755961 45.572278
51.647540 42.068892 45.574286
51.693689 41.169088 48.568181
50.900712 40.706518 48.839192
51.665887 41.152870 47.611523
49.413032 39.838704 56.540550
48.620054 40.301275 56.269540
49.385229 39.854922 57.497209
49.413032 39.838704 59.211251
48.613155 40.251831 59.536453
49.366882 38.938900 59.534445
49.413032 37.177937 52.992860
48.620054 36.715367 52.721850
49.385229 37.161719 53.949519
49.413032 37.177937 55.663561
49.459181 38.077741 55.986756
50.212908 36.764810 55.988763
51.693689 35.847553 56.540550
51.739839 34.947749 56.217356
52.493566 36.260680 56.215348
51.693689 35.847553 59.211251
51.665887 35.863771 58.254592
50.900712 36.310124 59.482261
51.693689 41.169088 52.992860
50.893813 40.755961 52.667658
51.647540 42.068892 52.669666
51.693689 41.169088 55.663561
50.900712 40.706518 55.934572
51.665887 41.152870 54.706902
49.413032 39.838704 63.635930
48.620054 40.301275 63.364919
49.385229 39.854922 64.592589
49.413032 39.838704 66.306631
48.613155 40.251831 66.631833
49.366882 38.938900 66.629825
49.413032 37.177937 60.088240
48.620054 36.715367 59.817230
49.385229 37.161719 61.044899
49.413032 37.177937 62.758941
49.459181 38.077741 63.082135
50.212908 36.764810 63.084143
51.693689 35.847553 63.635930
51.739839 34.947749 63.312735
52.493566 36.260680 63.310728
51.693689 35.847553 66.306631
51.693689 34.929209 66.576585
51.693689 35.816466 65.349936
51.693689 41.169088 60.088240
50.893813 40.755961 59.763038
51.647540 42.068892 59.765046
51.693689 41.169088 62.758941
50.900712 40.706518 63.029951
51.665887 41.152870 61.802282
49.413032 47.821007 6.872892
48.613155 48.234133 6.547690
49.366882 46.921202 6.549698
49.413032 47.821007 9.543593
48.620054 48.283577 9.814603
49.385229 47.837225 8.586934
49.413032 45.160239 3.325202
48.656081 44.671076 3.002746
50.169982 44.671076 3.002746
49.413032 45.160239 5.995903
48.620054 44.697669 6.266913
49.385229 45.144021 5.039244
51.693689 43.829855 6.872892
50.936739 44.319018 6.550436
52.450640 44.319018 6.550436
51.693689 43.829855 9.543593
51.665887 43.846073 8.586934
50.900712 44.292426 9.814603
51.693689 49.151390 3.325202
51.665887 49.135172 4.281861
50.900712 48.688820 3.054192
51.693689 49.151390 5.995903
50.893813 48.738264 6.321105
51.647540 50.051194 6.319097
49.413032 47.821007 13.968272
48.620054 48.283577 13.697261
49.385229 47.837225 14.924930
49.413032 47.821007 16.638973
48.613155 48.234133 16.964175
49.366882 46.921202 16.962167
49.413032 45.160239 10.420582
49.413032 46.078583 10.150627
49.413032 45.191326 11.377277
49.413032 45.160239 13.091283
49.459181 46.060043 13.414477
50.212908 44.747113 13.416485
51.693689 43.829855 13.968272
51.739839 42.930051 13.645077
52.493566 44.242982 13.643070
51.693689 43.829855 16.638973
51.665887 43.846073 15.682314
50.900712 44.292426 16.909983
51.693689 49.151390 10.420582
50.893813 48.738264 10.095380
51.647540 50.051194 10.097387
51.693689 49.151390 13.091283
50.900712 48.688820 13.362293
51.665887 49.135172 12.134624
49.413032 47.821007 21.063651
48.620054 48.283577 20.792641
49.385229 47.837225 22.020310
49.413032 47.821007 23.734352
48.613155 48.234133 24.059554
49.366882 46.921202 24.057547
49.413032 45.160239 17.515962
48.620054 44.697669 17.244951
49.385229 45.144021 18.472620
49.413032 45.160239 20.186662
49.459181 46.060043 20.509857
50.212908 44.747113 20.511865
51.693689 43.829855 21.063651
51.739839 42.930051 20.740457
52.493566 44.242982 20.738449
51.693689 43.829855 23.734352
51.665887 43.846073 22.777694
50.900712 44.292426 24.005363
51.693689 49.151390 17.515962
50.893813 48.738264 17.190759
51.647540 50.051194 17.192767
51.693689 49.151390 20.186662
50.900712 48.688820 20.457673
51.665887 49.135172 19.230004
49.413032 47.821007 28.159031
48.620054 48.283577 27.888021
49.385229 47.837225 29.115690
49.413032 47.821007 30.829732
48.613155 48.234133 31.154934
49.366882 46.921202 31.152926
49.413032 45.160239 24.611341
48.620054 44.697669 24.340331
49.385229 45.144021 25.568000
49.413032 45.160239 27.282042
49.459181 46.060043 27.605237
50.212908 44.747113 27.607244
51.693689 43.829855 28.159031
51.739839 42.930051 27.835837
52.493566 44.242982 27.833829
51.693689 43.829855 30.829732
51.665887 43.846073 29.873073
50.900712 44.292426 31.100742
51.693689 49.151390 24.611341
50.893813 48.738264 24.286139
51.647540 50.051194 24.288147
51.693689 49.151390 27.282042
50.900712 48.688820 27.553053
51.665887 49.135172 26.325384
49.413032 47.821007 35.254411
48.620054 48.283577 34.983400
49.385229 47.837225 36.211070
49.413032 47.821007 37.925112
48.613155 48.234133 38.250314
49.366882 46.921202 38.248306
49.413032 45.160239 31.706721
48.620054 44.697669 31.435711
49.385229 45.144021 32.663380
49.413032 45.160239 34.377422
49.459181 46.060043 34.700616
50.212908 44.747113 34.702624
51.693689 43.829855 35.254411
51.739839 42.930051 34.931217
52.493566 44.242982 34.929209
51.693689 43.829855 37.925112
51.665887 43.846073 36.968453
50.900712 44.292426 38.196122
51.693689 49.151390 31.706721
50.893813 48.738264 31.381519
51.647540 50.051194 31.383527
51.693689 49.151390 34.377422
50.900712 48.688820 34.648432
51.665887 49.135172 33.420763
49.413032 47.821007 42.349791
48.620054 48.283577 42.078780
49.385229 47.837225 43.306449
49.413032 47.821007 45.020492
48.613155 48.234133 45.345694
49.366882 46.921202 45.343686
49.413032 45.160239 38.802101
48.620054 44.697669 38.531090
49.385229 45.144021 39.758759
49.413032 45.160239 41.472802
49.459181 46.060043 41.795996
50.212908 44.747113 41.798004
51.693689 43.829855 42.349791
51.739839 42.930051 42.026596
52.493566 44.242982 42.024589
51.693689 43.829855 45.020492
51.665887 43.846073 44.063833
50.900712 44.292426 45.291502
51.693689 49.151390 38.802101
50.893813 48.738264 38.476899
51.647540 50.051194 38.478906
51.693689 49.151390 41.472802
50.900712 48.688820 41.743812
51.665887 49.135172 40.516143
49.413032 47.821007 49.445170
48.620054 48.283577 49.174160
49.385229 47.837225 50.401829
49.413032 47.821007 52.115871
48.613155 48.234133 52.441073
49.366882 46.921202 52.439066
49.413032 45.160239 45.897480
48.620054 44.697669 45.626470
49.385229 45.144021 46.854139
49.413032 45.160239 48.568181
49.459181 46.060043 48.891376
50.212908 44.747113 48.893383
51.693689 43.829855 49.445170
51.739839 42.930051 49.121976
52.493566 44.242982 49.119968
51.693689 43.829855 52.115871
51.665887 43.846073 51.159213
50.900712 44.292426 52.386882
51.693689 49.151390 45.897480
50.893813 48.738264 45.572278
51.647540 50.051194 45.574286
51.693689 49.151390 48.568181
50.900712 48.688820 48.839192
51.665887 49.135172 47.611523
49.413032 47.821007 56.540550
48.620054 48.283577 56.269540
49.385229 47.837225 57.497209
49.413032 47.821007 59.211251
48.613155 48.234133 59.536453
49.366882 46.921202 59.534445
49.413032 45.160239 52.992860
48.620054 44.697669 52.721850
49.385229 45.144021 53.949519
49.413032 45.160239 55.663561
49.459181 46.060043 55.986756
50.212908 44.747113 55.988763
51.693689 43.829855 56.540550
51.739839 42.930051 56.217356
52.493566 44.242982 56.215348
51.693689 43.829855 59.211251
51.665887 43.846073 58.254592
50.900712 44.292426 59.482261
51.693689 49.151390 52.992860
50.893813 48.738264 52.667658
51.647540 50.051194 52.669666
51.693689 49.151390 55.663561
50.900712 48.688820 55.934572
51.665887 49.135172 54.706902
49.413032 47.821007 63.635930
48.620054 48.283577 63.364919
49.385229 47.837225 64.592589
49.413032 47.821007 66.306631
48.613155 48.234133 66.631833
49.366882 46.921202 66.629825
49.413032 45.160239 60.088240
48.620054 44.697669 59.817230
49.385229 45.144021 61.044899
49.413032 45.160239 62.758941
49.459181 46.060043 63.082135
50.212908 44.747113 63.084143
51.693689 43.829855 63.635930
51.739839 42.930051 63.312735
52.493566 44.242982 63.310728
51.693689 43.829855 66.306631
51.693689 42.911511 66.576585
51.693689 43.798769 65.349936
51.693689 49.151390 60.088240
50.893813 48.738264 59.763038
51.647540 50.051194 59.765046
51.693689 49.151390 62.758941
50.900712 48.688820 63.029951
51.665887 49.135172 61.802282
49.413032 55.803309 6.872892
48.613155 56.216435 6.547690
49.366882 54.903505 6.549698
49.413032 55.803309 9.543593
48.620054 56.265879 9.814603
49.385229 55.819527 8.586934
49.413032 53.142541 3.325202
48.656081 52.653379 3.002746
50.169982 52.653379 3.002746
49.413032 53.142541 5.995903
48.620054 52.679971 6.266913
49.385229 53.126323 5.039244
51.693689 51.812158 6.872892
50.936739 52.301320 6.550436
52.450640 52.301320 6.550436
51.693689 51.812158 9.543593
51.665887 51.828376 8.586934
50.900712 52.274728 9.814603
51.693689 57.133692 3.325202
51.665887 57.117474 4.281861
50.900712 56.671122 3.054192
51.693689 57.133692 5.995903
50.893813 56.720566 6.321105
51.647540 58.033497 6.319097
49.413032 55.803309 13.968272
48.620054 56.265879 13.697261
49.385229 55.819527 14.924930
49.413032 55.803309 16.638973
48.613155 56.216435 16.964175
49.366882 54.903505 16.962167
49.413032 53.142541 10.420582
49.413032 54.060886 10.150627
49.413032 53.173628 11.377277
49.413032 53.142541 13.091283
49.459181 54.042345 13.414477
50.212908 52.729415 13.416485
51.693689 51.812158 13.968272
51.739839 50.912353 13.645077
52.493566 52.225284 13.643070
51.693689 51.812158 16.638973
51.665887 51.828376 15.682314
50.900712 52.274728 16.909983
51.693689 57.133692 10.420582
50.893813 56.720566 10.095380
51.647540 58.033497 10.097387
51.693689 57.133692 13.091283
50.900712 56.671122 13.362293
51.665887 57.117474 12.134624
49.413032 55.803309 21.063651
48.620054 56.265879 20.792641
49.385229 55.819527 22.020310
49.413032 55.803309 23.734352
48.613155 56.216435 24.059554
49.366882 54.903505 24.057547
49.413032 53.142541 17.515962
48.620054 52.679971 17.244951
49.385229 53.126323 18.472620
49.413032 53.142541 20.186662
49.459181 54.042345 20.509857
50.212908 52.729415 20.511865
51.693689 51.812158 21.063651
51.739839 50.912353 20.740457
52.493566 52.225284 20.738449
51.693689 51.812158 23.734352
51.665887 51.828376 22.777694
50.900712 52.274728 24.005363
51.693689 57.133692 17.515962
50.893813 56.720566 17.190759
51.647540 58.033497 17.192767
51.693689 57.133692 20.186662
50.900712 56.671122 20.457673
51.665887 57.117474 19.230004
49.413032 55.803309 28.159031
48.620054 56.265879 27.888021
49.385229 55.819527 29.115690
49.413032 55.803309 30.829732
48.613155 56.216435 31.154934
49.366882 54.903505 31.152926
49.413032 53.142541 24.611341
48.620054 52.679971 24.340331
49.385229 53.126323 25.568000
49.413032 53.142541 27.282042
49.459181 54.042345 27.605237
50.212908 52.729415 27.607244
51.693689 51.812158 28.159031
51.739839 50.912353 27.835837
52.493566 52.225284 27.833829
51.693689 51.812158 30.829732
51.665887 51.828376 29.873073
50.900712 52.274728 31.100742
51.693689 57.133692 24.611341
50.893813 56.720566 24.286139
51.647540 58.033497 24.288147
51.693689 57.133692 27.282042
50.900712 56.671122 27.553053
51.665887 57.117474 26.325384
49.413032 55.803309 35.254411
48.620054 56.265879 34.983400
49.385229 55.819527 36.211070
49.413032 55.803309 37.925112
48.613155 56.216435 38.250314
49.366882 54.903505 38.248306
49.413032 53.142541 31.706721
48.620054 52.679971 31.435711
49.385229 53.126323 32.663380
49.413032 53.142541 34.377422
49.459181 54.042345 34.700616
50.212908 52.729415 34.702624
51.693689 51.812158 35.254411
51.739839 50.912353 34.931217
52.493566 52.225284 34.929209
51.693689 51.812158 37.925112
51.665887 51.828376 36.968453
50.900712 52.274728 38.196122
51.693689 57.133692 31.706721
50.893813 56.720566 31.381519
51.647540 58.033497 31.383527
51.693689 57.133692 34.377422
50.900712 56.671122 34.648432
51.665887 57.117474 33.420763
49.413032 55.803309 42.349791
48.620054 56.265879 42.078780
49.385229 55.819527 43.306449
49.413032 55.803309 45.020492
48.613155 56.216435 45.345694
49.366882 54.903505 45.343686
49.413032 53.142541 38.802101
48.620054 52.679971 38.531090
49.385229 53.126323 39.758759
49.413032 53.142541 41.472802
49.459181 54.042345 41.795996
50.212908 52.729415 41.798004
51.693689 51.812158 42.349791
51.739839 50.912353 42.026596
52.493566 52.225284 42.024589
51.693689 51.812158 45.020492
51.665887 51.828376 44.063833
50.900712 52.274728 45.291502
51.693689 57.133692 38.802101
50.893813 56.720566 38.476899
51.647540 58.033497 38.478906
51.693689 57.133692 41.472802
50.900712 56.671122 41.743812
51.665887 57.117474 40.516143
49.413032 55.803309 49.445170
48.620054 56.265879 49.174160
49.385229 55.819527 50.401829
49.413032 55.803309 52.115871
48.613155 56.216435 52.441073
49.366882 54.903505 52.439066
49.413032 53.142541 45.897480
48.620054 52.679971 45.626470
49.385229 53.126323 46.854139
49.413032 53.142541 48.568181
49.459181 54.042345 48.891376
50.212908 52.729415 48.893383
51.693689 51.812158 49.445170
51.739839 50.912353 49.121976
52.493566 52.225284 49.119968
51.693689 51.812158 52.115871
51.665887 51.828376 51.159213
50.900712 52.274728 52.386882
51.693689 57.133692 45.897480
50.893813 56.720566 45.572278
51.647540 58.033497 45.574286
51.693689 57.133692 48.568181
50.900712 56.671122 48.839192
51.665887 57.117474 47.611523
49.413032 55.803309 56.540550
48.620054 56.265879 56.269540
49.385229 55.819527 57.497209
49.413032 55.803309 59.211251
48.613155 56.216435 59.536453
49.366882 54.903505 59.534445
49.413032 53.142541 52.992860
48.620054 52.679971 52.721850
49.385229 53.126323 53.949519
49.413032 53.142541 55.663561
49.459181 54.042345 55.986756
50.212908 52.729415 55.988763
51.693689 51.812158 56.540550
51.739839 50.912353 56.217356
52.493566 52.225284 56.215348
51.693689 51.812158 59.211251
51.665887 51.828376 58.254592
50.900712 52.274728 59.482261
51.693689 57.133692 52.992860
50.893813 56.720566 52.667658
51.647540 58.033497 52.669666
51.693689 57.133692 55.663561
50.900712 56.671122 55.934572
51.665887 57.117474 54.706902
49.413032 55.803309 63.635930
48.656081 56.292471 63.313474
50.169982 56.292471 63.313474
49.413032 55.803309 66.306631
49.413032 54.884964 66.576585
49.413032 55.772222 65.349936
49.413032 53.142541 60.088240
48.620054 52.679971 59.817230
49.385229 53.126323 61.044899
49.413032 53.142541 62.758941
49.459181 54.042345 63.082135
50.212908 52.729415 63.084143
51.693689 51.812158 63.635930
51.739839 50.912353 63.312735
52.493566 52.225284 63.310728
51.693689 51.812158 66.306631
51.693689 50.893813 66.576585
51.693689 51.781071 65.349936
51.693689 57.133692 60.088240
50.893813 56.720566 59.763038
51.647540 58.033497 59.765046
51.693689 57.133692 62.758941
51.721492 57.117474 61.802282
52.486667 56.671122 63.029951
49.413032 63.785611 6.872892
48.613155 64.198737 6.547690
49.366882 62.885807 6.549698
49.413032 63.785611 9.543593
49.440834 63.801829 8.586934
50.206009 64.248181 9.814603
49.413032 61.124844 3.325202
48.656081 60.635681 3.002746
50.169982 60.635681 3.002746
49.413032 61.124844 5.995903
48.620054 60.662273 6.266913
49.385229 61.108625 5.039244
51.693689 59.794460 6.872892
50.936739 60.283623 6.550436
52.450640 60.283623 6.550436
51.693689 59.794460 9.543593
51.665887 59.810678 8.586934
50.900712 60.257030 9.814603
51.693689 65.115995 3.325202
51.665887 65.099777 4.281861
50.900712 64.653424 3.054192
51.693689 65.115995 5.995903
50.936739 64.626832 6.318359
52.450640 64.626832 6.318359
49.413032 63.785611 13.968272
48.613155 64.198737 13.643070
49.366882 62.885807 13.645077
49.413032 63.785611 16.638973
48.620054 64.248181 16.909983
49.385229 63.801829 15.682314
49.413032 61.124844 10.420582
49.413032 62.043188 10.150627
49.413032 61.155930 11.377277
49.413032 61.124844 13.091283
48.656081 60.635681 13.413739
50.169982 60.635681 13.413739
51.693689 59.794460 13.968272
51.739839 58.894656 13.645077
52.493566 60.207586 13.643070
51.693689 59.794460 16.638973
51.721492 59.810678 15.682314
52.486667 60.257030 16.909983
51.693689 65.115995 10.420582
51.693689 66.034339 10.150627
51.693689 65.147081 11.377277
51.693689 65.115995 13.091283
50.936739 64.626832 13.413739
52.450640 64.626832 13.413739
49.413032 63.785611 21.063651
48.613155 64.198737 20.738449
49.366882 62.885807 20.740457
49.413032 63.785611 23.734352
49.440834 63.801829 22.777694
50.206009 64.248181 24.005363
49.413032 61.124844 17.515962
49.459181 62.024648 17.192767
50.212908 60.711717 17.190759
49.413032 61.124844 20.186662
48.620054 60.662273 20.457673
49.385229 61.108625 19.230004
51.693689 59.794460 21.063651
51.647540 58.894656 20.740457
50.893813 60.207586 20.738449
51.693689 59.794460 23.734352
51.665887 59.810678 22.777694
50.900712 60.257030 24.005363
51.693689 65.115995 17.515962
50.900712 64.653424 17.244951
51.665887 65.099777 18.472620
51.693689 65.115995 20.186662
50.936739 64.626832 20.509119
52.450640 64.626832 20.509119
49.413032 63.785611 28.159031
48.613155 64.198737 27.833829
49.366882 62.885807 27.835837
49.413032 63.785611 30.829732
48.620054 64.248181 31.100742
49.385229 63.801829 29.873073
49.413032 61.124844 24.611341
49.413032 62.043188 24.341387
49.413032 61.155930 25.568036
49.413032 61.124844 27.282042
48.656081 60.635681 27.604498
50.169982 60.635681 27.604498
51.693689 59.794460 28.159031
51.739839 58.894656 27.835837
52.493566 60.207586 27.833829
51.693689 59.794460 30.829732
51.721492 59.810678 29.873073
52.486667 60.257030 31.100742
51.693689 65.115995 24.611341
51.693689 66.034339 24.341387
51.693689 65.147081 25.568036
51.693689 65.115995 27.282042
50.936739 64.626832 27.604498
52.450640 64.626832 27.604498
49.413032 63.785611 35.254411
48.613155 64.198737 34.929209
49.366882 62.885807 34.931217
49.413032 63.785611 37.925112
49.440834 63.801829 36.968453
50.206009 64.248181 38.196122
49.413032 61.124844 31.706721
49.459181 62.024648 31.383527
50.212908 60.711717 31.381519
49.413032 61.124844 34.377422
48.620054 60.662273 34.648432
49.385229 61.108625 33.420763
51.693689 59.794460 35.254411
51.647540 58.894656 34.931217
50.893813 60.207586 34.929209
51.693689 59.794460 37.925112
51.665887 59.810678 36.968453
50.900712 60.257030 38.196122
51.693689 65.115995 31.706721
50.900712 64.653424 31.435711
51.665887 65.099777 32.663380
51.693689 65.115995 34.377422
50.936739 64.626832 34.699878
52.450640 64.626832 34.699878
49.413032 63.785611 42.349791
48.613155 64.198737 42.024589
49.366882 62.885807 42.026596
49.413032 63.785611 45.020492
48.620054 64.248181 45.291502
49.385229 63.801829 44.063833
49.413032 61.124844 38.802101
49.413032 62.043188 38.532146
49.413032 61.155930 39.758796
49.413032 61.124844 41.472802
48.656081 60.635681 41.795258
50.169982 60.635681 41.795258
51.693689 59.794460 42.349791
51.739839 58.894656 42.026596
52.493566 60.207586 42.024589
51.693689 59.794460 45.020492
51.721492 59.810678 44.063833
52.486667 60.257030 45.291502
51.693689 65.115995 38.802101
51.693689 66.034339 38.532146
51.693689 65.147081 39.758796
51.693689 65.115995 41.472802
50.936739 64.626832 41.795258
52.450640 64.626832 41.795258
49.413032 63.785611 49.445170
48.613155 64.198737 49.119968
49.366882 62.885807 49.121976
49.413032 63.785611 52.115871
49.440834 63.801829 51.159213
50.206009 64.248181 52.386882
49.413032 61.124844 45.897480
49.459181 62.024648 45.574286
50.212908 60.711717 45.572278
49.413032 61.124844 48.568181
48.620054 60.662273 48.839192
49.385229 61.108625 47.611523
51.693689 59.794460 49.445170
51.647540 58.894656 49.121976
50.893813 60.207586 49.119968
51.693689 59.794460 52.115871
51.665887 59.810678 51.159213
50.900712 60.257030 52.386882
51.693689 65.115995 45.897480
50.900712 64.653424 45.626470
51.665887 65.099777 46.854139
51.693689 65.115995 48.568181
50.936739 64.626832 48.890637
52.450640 64.626832 48.890637
49.413032 63.785611 56.540550
48.613155 64.198737 56.215348
49.366882 62.885807 56.217356
49.413032 63.785611 59.211251
48.620054 64.248181 59.482261
49.385229 63.801829 58.254592
49.413032 61.124844 52.992860
49.413032 62.043188 52.722906
49.413032 61.155930 53.949555
49.413032 61.124844 55.663561
48.656081 60.635681 55.986017
50.169982 60.635681 55.986017
51.693689 59.794460 56.540550
51.739839 58.894656 56.217356
52.493566 60.207586 56.215348
51.693689 59.794460 59.211251
51.721492 59.810678 58.254592
52.486667 60.257030 59.482261
51.693689 65.115995 52.992860
51.693689 66.034339 52.722906
51.693689 65.147081 53.949555
51.693689 65.115995 55.663561
50.936739 64.626832 55.986017
52.450640 64.626832 55.986017
49.413032 63.785611 63.635930
49.440834 63.801829 64.592589
50.206009 64.248181 63.364919
49.413032 63.785611 66.306631
48.613155 64.198737 66.631833
49.366882 62.885807 66.629825
49.413032 61.124844 60.088240
49.459181 62.024648 59.765046
50.212908 60.711717 59.763038
49.413032 61.124844 62.758941
49.413032 62.043188 63.028895
49.413032 61.155930 61.802246
51.693689 59.794460 63.635930
51.647540 58.894656 63.312735
50.893813 60.207586 63.310728
51.693689 59.794460 66.306631
51.693689 58.876115 66.576585
51.693689 59.763373 65.349936
51.693689 65.115995 60.088240
50.900712 64.653424 59.817230
51.665887 65.099777 61.044899
51.693689 65.115995 62.758941
51.739839 66.015799 63.082135
52.493566 64.702868 63.084143
53.974347 7.909495 6.872892
53.181369 8.372066 6.601882
53.946545 7.925714 7.829551
53.974347 7.909495 9.543593
53.174471 8.322622 9.868795
53.928198 7.009691 9.866787
53.974347 5.248728 3.325202
53.181369 4.786158 3.054192
53.946545 5.232510 4.281861
53.974347 5.248728 5.995903
53.174471 4.835602 6.321105
53.928198 6.148532 6.319097
56.255005 3.918344 6.872892
55.462027 4.380915 6.601882
56.227203 3.934562 7.829551
56.255005 3.918344 9.543593
55.455129 4.331471 9.868795
56.208856 3.018540 9.866787
56.255005 9.239879 3.325202
56.227203 9.223661 4.281861
55.462027 8.777309 3.054192
56.255005 9.239879 5.995903
55.455129 8.826753 6.321105
56.208856 10.139683 6.319097
53.974347 7.909495 13.968272
53.181369 8.372066 13.697261
53.946545 7.925714 14.924930
53.974347 7.909495 16.638973
53.174471 8.322622 16.964175
53.928198 7.009691 16.962167
53.974347 5.248728 10.420582
53.181369 4.786158 10.149571
53.946545 5.232510 11.377240
53.974347 5.248728 13.091283
53.174471 4.835602 13.416485
53.928198 6.148532 13.414477
56.255005 3.918344 13.968272
55.462027 4.380915 13.697261
56.227203 3.934562 14.924930
56.255005 3.918344 16.638973
55.498055 4.407507 16.961429
57.011955 4.407507 16.961429
56.255005 9.239879 10.420582
55.455129 8.826753 10.095380
56.208856 10.139683 10.097387
56.255005 9.239879 13.091283
55.462027 8.777309 13.362293
56.227203 9.223661 12.134624
53.974347 7.909495 21.063651
53.181369 8.372066 20.792641
53.946545 7.925714 22.020310
53.974347 7.909495 23.734352
53.174471 8.322622 24.059554
53.928198 7.009691 24.057547
53.974347 5.248728 17.515962
53.181369 4.786158 17.244951
53.946545 5.232510 18.472620
53.974347 5.248728 20.186662
53.174471 4.835602 20.511865
53.928198 6.148532 20.509857
56.255005 3.918344 21.063651
55.462027 4.380915 20.792641
56.227203 3.934562 22.020310
56.255005 3.918344 23.734352
55.455129 4.331471 24.059554
56.208856 3.018540 24.057547
56.255005 9.239879 17.515962
55.455129 8.826753 17.190759
56.208856 10.139683 17.192767
56.255005 9.239879 20.186662
55.462027 8.777309 20.457673
56.227203 9.223661 19.230004
53.974347 7.909495 28.159031
53.181369 8.372066 27.888021
53.946545 7.925714 29.115690
53.974347 7.909495 30.829732
53.174471 8.322622 31.154934
53.928198 7.009691 31.152926
53.974347 5.248728 24.611341
53.181369 4.786158 24.340331
53.946545 5.232510 25.568000
53.974347 5.248728 27.282042
53.174471 4.835602 27.607244
53.928198 6.148532 27.605237
56.255005 3.918344 28.159031
55.462027 4.380915 27.888021
56.227203 3.934562 29.115690
56.255005 3.918344 30.829732
55.498055 4.407507 31.152188
57.011955 4.407507 31.152188
56.255005 9.239879 24.611341
55.455129 8.826753 24.286139
56.208856 10.139683 24.288147
56.255005 9.239879 27.282042
55.462027 8.777309 27.553053
56.227203 9.223661 26.325384
53.974347 7.909495 35.254411
53.181369 8.372066 34.983400
53.946545 7.925714 36.211070
53.974347 7.909495 37.925112
53.174471 8.322622 38.250314
53.928198 7.009691 38.248306
53.974347 5.248728 31.706721
53.181369 4.786158 31.435711
53.946545 5.232510 32.663380
53.974347 5.248728 34.377422
53.174471 4.835602 34.702624
53.928198 6.148532 34.700616
56.255005 3.918344 35.254411
55.462027 4.380915 34.983400
56.227203 3.934562 36.211070
56.255005 3.918344 37.925112
55.455129 4.331471 38.250314
56.208856 3.018540 38.248306
56.255005 9.239879 31.706721
55.455129 8.826753 31.381519
56.208856 10.139683 31.383527
56.255005 9.239879 34.377422
55.462027 8.777309 34.648432
56.227203 9.223661 33.420763
53.974347 7.909495 42.349791
53.181369 8.372066 42.078780
53.946545 7.925714 43.306449
53.974347 7.909495 45.020492
53.174471 8.322622 45.345694
53.928198 7.009691 45.343686
53.974347 5.248728 38.802101
53.181369 4.786158 38.531090
53.946545 5.232510 39.758759
53.974347 5.248728 41.472802
53.174471 4.835602 41.798004
53.928198 6.148532 41.795996
56.255005 3.918344 42.349791
55.462027 4.380915 42.078780
56.227203 3.934562 43.306449
56.255005 3.918344 45.020492
55.498055 4.407507 45.342948
57.011955 4.407507 45.342948
56.255005 9.239879 38.802101
55.455129 8.826753 38.476899
56.208856 10.139683 38.478906
56.255005 9.239879 41.472802
55.462027 8.777309 41.743812
56.227203 9.223661 40.516143
53.974347 7.909495 49.445170
53.181369 8.372066 49.174160
53.946545 7.925714 50.401829
53.974347 7.909495 52.115871
53.174471 8.322622 52.441073
53.928198 7.009691 52.439066
53.974347 5.248728 45.897480
53.181369 4.786158 45.626470
53.946545 5.232510 46.854139
53.974347 5.248728 48.568181
53.174471 4.835602 48.893383
53.928198 6.148532 48.891376
56.255005 3.918344 49.445170
55.462027 4.380915 49.174160
56.227203 3.934562 50.401829
56.255005 3.918344 52.115871
55.455129 4.331471 52.441073
56.208856 3.018540 52.439066
56.255005 9.239879 45.897480
55.455129 8.826753 45.572278
56.208856 10.139683 45.574286
56.255005 9.239879 48.568181
55.462027 8.777309 48.839192
56.227203 9.223661 47.611523
53.974347 7.909495 56.540550
53.181369 8.372066 56.269540
53.946545 7.925714 57.497209
53.974347 7.909495 59.211251
53.174471 8.322622 59.536453
53.928198 7.009691 59.534445
53.974347 5.248728 52.992860
53.181369 4.786158 52.721850
53.946545 5.232510 53.949519
53.974347 5.248728 55.663561
53.174471 4.835602 55.988763
53.928198 6.148532 55.986756
56.255005 3.918344 56.540550
55.462027 4.380915 56.269540
56.227203 3.934562 57.497209
56.255005 3.918344 59.211251
55.498055 4.407507 59.533707
57.011955 4.407507 59.533707
56.255005 9.239879 52.992860
55.455129 8.826753 52.667658
56.208856 10.139683 52.669666
56.255005 9.239879 55.663561
55.462027 8.777309 55.934572
56.227203 9.223661 54.706902
53.974347 7.909495 63.635930
53.181369 8.372066 63.364919
53.946545 7.925714 64.592589
53.974347 7.909495 66.306631
53.928198 7.009691 66.629825
53.174471 8.322622 66.631833
53.974347 5.248728 60.088240
53.181369 4.786158 59.817230
53.946545 5.232510 61.044899
53.974347 5.248728 62.758941
53.174471 4.835602 63.084143
53.928198 6.148532 63.082135
56.255005 3.918344 63.635930
55.455129 4.331471 63.310728
56.208856 3.018540 63.312735
56.255005 3.918344 66.306631
55.462027 4.380915 66.577641
56.227203 3.934562 65.349972
56.255005 9.239879 60.088240
55.455129 8.826753 59.763038
56.208856 10.139683 59.765046
56.255005 9.239879 62.758941
55.462027 8.777309 63.029951
56.227203 9.223661 61.802282
53.974347 15.891798 6.872892
53.174471 16.304924 6.547690
53.928198 14.991994 6.549698
53.974347 15.891798 9.543593
53.181369 16.354368 9.814603
53.946545 15.908016 8.586934
53.974347 13.231030 3.325202
53.217397 12.741868 3.002746
54.731298 12.741868 3.002746
53.974347 13.231030 5.995903
53.181369 12.768460 6.266913
53.946545 13.214812 5.039244
56.255005 11.900647 6.872892
55.498055 12.389809 6.550436
57.011955 12.389809 6.550436
56.255005 11.900647 9.543593
56.227203 11.916865 8.586934
55.462027 12.363217 9.814603
56.255005 17.222181 3.325202
55.455129 16.809055 3.000000
56.208856 18.121986 3.002008
56.255005 17.222181 5.995903
55.462027 16.759611 6.266913
56.227203 17.205963 5.039244
53.974347 15.891798 13.968272
53.181369 16.354368 13.697261
53.946545 15.908016 14.924930
53.974347 15.891798 16.638973
53.174471 16.304924 16.964175
53.928198 14.991994 16.962167
53.974347 13.231030 10.420582
53.974347 14.149375 10.150627
53.974347 13.262117 11.377277
53.974347 13.231030 13.091283
54.020496 14.130834 13.414477
54.774223 12.817904 13.416485
56.255005 11.900647 13.968272
56.301154 11.000842 13.645077
57.054881 12.313773 13.643070
56.255005 11.900647 16.638973
56.227203 11.916865 15.682314
55.462027 12.363217 16.909983
56.255005 17.222181 10.420582
55.462027 16.759611 10.149571
56.227203 17.205963 11.377240
56.255005 17.222181 13.091283
55.455129 16.809055 13.416485
56.208856 18.121986 13.414477
53.974347 15.891798 21.063651
53.181369 16.354368 20.792641
53.946545 15.908016 22.020310
53.974347 15.891798 23.734352
53.174471 16.304924 24.059554
53.928198 14.991994 24.057547
53.974347 13.231030 17.515962
53.181369 12.768460 17.244951
53.946545 13.214812 18.472620
53.974347 13.231030 20.186662
54.020496 14.130834 20.509857
54.774223 12.817904 20.511865
56.255005 11.900647 21.063651
56.301154 11.000842 20.740457
57.054881 12.313773 20.738449
56.255005 11.900647 23.734352
56.227203 11.916865 22.777694
55.462027 12.363217 24.005363
56.255005 17.222181 17.515962
55.455129 16.809055 17.190759
56.208856 18.121986 17.192767
56.255005 17.222181 20.186662
55.462027 16.759611 20.457673
56.227203 17.205963 19.230004
53.974347 15.891798 28.159031
53.181369 16.354368 27.888021
53.946545 15.908016 29.115690
53.974347 15.891798 30.829732
53.174471 16.304924 31.154934
53.928198 14.991994 31.152926
53.974347 13.231030 24.611341
53.181369 12.768460 24.340331
53.946545 13.214812 25.568000
53.974347 13.231030 27.282042
54.020496 14.130834 27.605237
54.774223 12.817904 27.607244
56.255005 11.900647 28.159031
56.301154 11.000842 27.835837
57.054881 12.313773 27.833829
56.255005 11.900647 30.829732
56.227203 11.916865 29.873073
55.462027 12.363217 31.100742
56.255005 17.222181 24.611341
55.455129 16.809055 24.286139
56.208856 18.121986 24.288147
56.255005 17.222181 27.282042
55.462027 16.759611 27.553053
56.227203 17.205963 26.325384
53.974347 15.891798 35.254411
53.181369 16.354368 34.983400
53.946545 15.908016 36.211070
53.974347 15.891798 37.925112
53.174471 16.304924 38.250314
53.928198 14.991994 38.248306
53.974347 13.231030 31.706721
53.181369 12.768460 31.435711
53.946545 13.214812 32.663380
53.974347 13.231030 34.377422
54.020496 14.130834 34.700616
54.774223 12.817904 34.702624
56.255005 11.900647 35.254411
56.301154 11.000842 34.931217
57.054881 12.313773 34.929209
56.255005 11.900647 37.925112
56.227203 11.916865 36.968453
55.462027 12.363217 38.196122
56.255005 17.222181 31.706721
55.455129 16.809055 31.381519
56.208856 18.121986 31.383527
56.255005 17.222181 34.377422
55.462027 16.759611 34.648432
56.227203 17.205963 33.420763
53.974347 15.891798 42.349791
53.181369 16.354368 42.078780
53.946545 15.908016 43.306449
53.974347 15.891798 45.020492
53.174471 16.304924 45.345694
53.928198 14.991994 45.343686
53.974347 13.231030 38.802101
53.181369 12.768460 38.531090
53.946545 13.214812 39.758759
53.974347 13.231030 41.472802
54.020496 14.130834 41.795996
54.774223 12.817904 41.798004
56.255005 11.900647 42.349791
56.301154 11.000842 42.026596
57.054881 12.313773 42.024589
56.255005 11.900647 45.020492
56.227203 11.916865 44.063833
55.462027 12.363217 45.291502
56.255005 17.222181 38.802101
55.455129 16.809055 38.476899
56.208856 18.121986 38.478906
56.255005 17.222181 41.472802
55.462027 16.759611 41.743812
56.227203 17.205963 40.516143
53.974347 15.891798 49.445170
53.181369 16.354368 49.174160
53.946545 15.908016 50.401829
53.974347 15.891798 52.115871
53.174471 16.304924 52.441073
53.928198 14.991994 52.439066
53.974347 13.231030 45.897480
53.181369 12.768460 45.626470
53.946545 13.214812 46.854139
53.974347 13.231030 48.568181
54.020496 14.130834 48.891376
54.774223 12.817904 48.893383
56.255005 11.900647 49.445170
56.301154 11.000842 49.121976
57.054881 12.313773 49.119968
56.255005 11.900647 52.115871
56.227203 11.916865 51.159213
55.462027 12.363217 52.386882
56.255005 17.222181 45.897480
55.455129 16.809055 45.572278
56.208856 18.121986 45.574286
56.255005 17.222181 48.568181
55.462027 16.759611 48.839192
56.227203 17.205963 47.611523
53.974347 15.891798 56.540550
53.181369 16.354368 56.269540
53.946545 15.908016 57.497209
53.974347 15.891798 59.211251
53.174471 16.304924 59.536453
53.928198 14.991994 59.534445
53.974347 13.231030 52.992860
53.181369 12.768460 52.721850
53.946545 13.214812 53.949519
53.974347 13.231030 55.663561
54.020496 14.130834 55.986756
54.774223 12.817904 55.988763
56.255005 11.900647 56.540550
56.301154 11.000842 56.217356
57.054881 12.313773 56.215348
56.255005 11.900647 59.211251
56.227203 11.916865 58.254592
55.462027 12.363217 59.482261
56.255005 17.222181 52.992860
55.455129 16.809055 52.667658
56.208856 18.121986 52.669666
56.255005 17.222181 55.663561
55.462027 16.759611 55.934572
56.227203 17.205963 54.706902
53.974347 15.891798 63.635930
53.181369 16.354368 63.364919
53.946545 15.908016 64.592589
53.974347 15.891798 66.306631
53.174471 16.304924 66.631833
53.928198 14.991994 66.629825
53.974347 13.231030 60.088240
53.181369 12.768460 59.817230
53.946545 13.214812 61.044899
53.974347 13.231030 62.758941
54.020496 14.130834 63.082135
54.774223 12.817904 63.084143
56.255005 11.900647 63.635930
56.301154 11.000842 63.312735
57.054881 12.313773 63.310728
56.255005 11.900647 66.306631
56.255005 10.982302 66.576585
56.255005 11.869560 65.349936
56.255005 17.222181 60.088240
55.455129 16.809055 59.763038
56.208856 18.121986 59.765046
56.255005 17.222181 62.758941
55.462027 16.759611 63.029951
56.227203 17.205963 61.802282
53.974347 23.874100 6.872892
53.181369 24.336670 6.601882
53.946545 23.890318 7.829551
53.974347 23.874100 9.543593
53.174471 24.287226 9.868795
53.928198 22.974296 9.866787
53.974347 21.213332 3.325202
53.181369 20.750762 3.054192
53.946545 21.197114 4.281861
53.974347 21.213332 5.995903
54.020496 22.113137 6.319097
54.774223 20.800206 6.321105
56.255005 19.882949 6.872892
56.255005 18.964604 6.602937
56.255005 19.851862 7.829587
56.255005 19.882949 9.543593
56.301154 18.983145 9.866787
57.054881 20.296075 9.868795
56.255005 25.204484 3.325202
55.455129 24.791357 3.000000
56.208856 26.104288 3.002008
56.255005 25.204484 5.995903
55.462027 24.741913 6.266913
56.227203 25.188266 5.039244
53.974347 23.874100 13.968272
53.181369 24.336670 13.697261
53.946545 23.890318 14.924930
53.974347 23.874100 16.638973
53.174471 24.287226 16.964175
53.928198 22.974296 16.962167
53.974347 21.213332 10.420582
53.217397 20.724170 10.098126
54.731298 20.724170 10.098126
53.974347 21.213332 13.091283
53.974347 22.131677 13.361237
53.974347 21.244419 12.134588
56.255005 19.882949 13.968272
55.498055 20.372111 13.645816
57.011955 20.372111 13.645816
56.255005 19.882949 16.638973
56.227203 19.899167 15.682314
55.462027 20.345519 16.909983
56.255005 25.204484 10.420582
55.462027 24.741913 10.149571
56.227203 25.188266 11.377240
56.255005 25.204484 13.091283
55.455129 24.791357 13.416485
56.208856 26.104288 13.414477
53.974347 23.874100 21.063651
53.181369 24.336670 20.792641
53.946545 23.890318 22.020310
53.974347 23.874100 23.734352
53.174471 24.287226 24.059554
53.928198 22.974296 24.057547
53.974347 21.213332 17.515962
53.181369 20.750762 17.244951
53.946545 21.197114 18.472620
53.974347 21.213332 20.186662
54.020496 22.113137 20.509857
54.774223 20.800206 20.511865
56.255005 19.882949 21.063651
56.301154 18.983145 20.740457
57.054881 20.296075 20.738449
56.255005 19.882949 23.734352
56.227203 19.899167 22.777694
55.462027 20.345519 24.005363
56.255005 25.204484 17.515962
55.455129 24.791357 17.190759
56.208856 26.104288 17.192767
56.255005 25.204484 20.186662
55.462027 24.741913 20.457673
56.227203 25.188266 19.230004
53.974347 23.874100 28.159031
53.181369 24.336670 27.888021
53.946545 23.890318 29.115690
53.974347 23.874100 30.829732
53.174471 24.287226 31.154934
53.928198 22.974296 31.152926
53.974347 21.213332 24.611341
53.181369 20.750762 24.340331
53.946545 21.197114 25.568000
53.974347 21.213332 27.282042
54.020496 22.113137 27.605237
54.774223 20.800206 27.607244
56.255005 19.882949 28.159031
56.301154 18.983145 27.835837
57.054881 20.296075 27.833829
56.255005 19.882949 30.829732
56.227203 19.899167 29.873073
55.462027 20.345519 31.100742
56.255005 25.204484 24.611341
55.455129 24.791357 24.286139
56.208856 26.104288 24.288147
56.255005 25.204484 27.282042
55.462027 24.741913 27.553053
56.227203 25.188266 26.325384
53.974347 23.874100 35.254411
53.181369 24.336670 34.983400
53.946545 23.890318 36.211070
53.974347 23.874100 37.925112
53.174471 24.287226 38.250314
53.928198 22.974296 38.248306
53.974347 21.213332 31.706721
53.181369 20.750762 31.435711
53.946545 21.197114 32.663380
53.974347 21.213332 34.377422
54.020496 22.113137 34.700616
54.774223 20.800206 34.702624
56.255005 19.882949 35.254411
56.301154 18.983145 34.931217
57.054881 20.296075 34.929209
56.255005 19.882949 37.925112
56.227203 19.899167 36.968453
55.462027 20.345519 38.196122
56.255005 25.204484 31.706721
55.455129 24.791357 31.381519
56.208856 26.104288 31.383527
56.255005 25.204484 34.377422
55.462027 24.741913 34.648432
56.227203 25.188266 33.420763
53.974347 23.874100 42.349791
53.181369 24.336670 42.078780
53.946545 23.890318 43.306449
53.974347 23.874100 45.020492
53.174471 24.287226 45.345694
53.928198 22.974296 45.343686
53.974347 21.213332 38.802101
53.181369 20.750762 38.531090
53.946545 21.197114 39.758759
53.974347 21.213332 41.472802
54.020496 22.113137 41.795996
54.774223 20.800206 41.798004
56.255005 19.882949 42.349791
56.301154 18.983145 42.026596
57.054881 20.296075 42.024589
56.255005 19.882949 45.020492
56.227203 19.899167 44.063833
55.462027 20.345519 45.291502
56.255005 25.204484 38.802101
55.455129 24.791357 38.476899
56.208856 26.104288 38.478906
56.255005 25.204484 41.472802
55.462027 24.741913 41.743812
56.227203 25.188266 40.516143
53.974347 23.874100 49.445170
53.181369 24.336670 49.174160
53.946545 23.890318 50.401829
53.974347 23.874100 52.115871
53.174471 24.287226 52.441073
53.928198 22.974296 52.439066
53.974347 21.213332 45.897480
53.181369 20.750762 45.626470
53.946545 21.197114 46.854139
53.974347 21.213332 48.568181
54.020496 22.113137 48.891376
54.774223 20.800206 48.893383
56.255005 19.882949 49.445170
56.301154 18.983145 49.121976
57.054881 20.296075 49.119968
56.255005 19.882949 52.115871
56.227203 19.899167 51.159213
55.462027 20.345519 52.386882
56.255005 25.204484 45.897480
55.455129 24.791357 45.572278
56.208856 26.104288 45.574286
56.255005 25.204484 48.568181
55.462027 24.741913 48.839192
56.227203 25.188266 47.611523
53.974347 23.874100 56.540550
53.181369 24.336670 56.269540
53.946545 23.890318 57.497209
53.974347 23.874100 59.211251
53.174471 24.287226 59.536453
53.928198 22.974296 59.534445
53.974347 21.213332 52.992860
53.181369 20.750762 52.721850
53.946545 21.197114 53.949519
53.974347 21.213332 55.663561
54.020496 22.113137 55.986756
54.774223 20.800206 55.988763
56.255005 19.882949 56.540550
56.301154 18.983145 56.217356
57.054881 20.296075 56.215348
56.255005 19.882949 59.211251
56.227203 19.899167 58.254592
55.462027 20.345519 59.482261
56.255005 25.204484 52.992860
55.455129 24.791357 52.667658
56.208856 26.104288 52.669666
56.255005 25.204484 55.663561
55.462027 24.741913 55.934572
56.227203 25.188266 54.706902
53.974347 23.874100 63.635930
53.181369 24.336670 63.364919
53.946545 23.890318 64.592589
53.974347 23.874100 66.306631
53.174471 24.287226 66.631833
53.928198 22.974296 66.629825
53.974347 21.213332 60.088240
53.181369 20.750762 59.817230
53.946545 21.197114 61.044899
53.974347 21.213332 62.758941
54.020496 22.113137 63.082135
54.774223 20.800206 63.084143
56.255005 19.882949 63.635930
56.301154 18.983145 63.312735
57.054881 20.296075 63.310728
56.255005 19.882949 66.306631
55.462027 20.345519 66.577641
56.227203 19.899167 65.349972
56.255005 25.204484 60.088240
55.455129 24.791357 59.763038
56.208856 26.104288 59.765046
56.255005 25.204484 62.758941
55.462027 24.741913 63.029951
56.227203 25.188266 61.802282
53.974347 31.856402 6.872892
53.181369 32.318972 6.601882
53.946545 31.872620 7.829551
53.974347 31.856402 9.543593
53.174471 32.269529 9.868795
53.928198 30.956598 9.866787
53.974347 29.195635 3.325202
53.181369 28.733064 3.054192
53.946545 29.179417 4.281861
53.974347 29.195635 5.995903
54.020496 30.095439 6.319097
54.774223 28.782508 6.321105
56.255005 27.865251 6.872892
56.255005 26.946907 6.602937
56.255005 27.834164 7.829587
56.255005 27.865251 9.543593
56.301154 26.965447 9.866787
57.054881 28.278378 9.868795
56.255005 33.186786 3.325202
55.455129 32.773659 3.000000
56.208856 34.086590 3.002008
56.255005 33.186786 5.995903
55.462027 32.724215 6.266913
56.227203 33.170568 5.039244
53.974347 31.856402 13.968272
53.181369 32.318972 13.697261
53.946545 31.872620 14.924930
53.974347 31.856402 16.638973
53.174471 32.269529 16.964175
53.928198 30.956598 16.962167
53.974347 29.195635 10.420582
53.217397 28.706472 10.098126
54.731298 28.706472 10.098126
53.974347 29.195635 13.091283
53.974347 30.113979 13.361237
53.974347 29.226721 12.134588
56.255005 27.865251 13.968272
55.498055 28.354414 13.645816
57.011955 28.354414 13.645816
56.255005 27.865251 16.638973
56.227203 27.881469 15.682314
55.462027 28.327821 16.909983
56.255005 33.186786 10.420582
55.462027 32.724215 10.149571
56.227203 33.170568 11.377240
56.255005 33.186786 13.091283
55.455129 32.773659 13.416485
56.208856 34.086590 13.414477
53.974347 31.856402 21.063651
53.181369 32.318972 20.792641
53.946545 31.872620 22.020310
53.974347 31.856402 23.734352
53.174471 32.269529 24.059554
53.928198 30.956598 24.057547
53.974347 29.195635 17.515962
53.181369 28.733064 17.244951
53.946545 29.179417 18.472620
53.974347 29.195635 20.186662
54.020496 30.095439 20.509857
54.774223 28.782508 20.511865
56.255005 27.865251 21.063651
56.301154 26.965447 20.740457
57.054881 28.278378 20.738449
56.255005 27.865251 23.734352
56.227203 27.881469 22.777694
55.462027 28.327821 24.005363
56.255005 33.186786 17.515962
55.455129 32.773659 17.190759
56.208856 34.086590 17.192767
56.255005 33.186786 20.186662
55.462027 32.724215 20.457673
56.227203 33.170568 19.230004
53.974347 31.856402 28.159031
53.181369 32.318972 27.888021
53.946545 31.872620 29.115690
53.974347 31.856402 30.829732
53.174471 32.269529 31.154934
53.928198 30.956598 31.152926
53.974347 29.195635 24.611341
53.181369 28.733064 24.340331
53.946545 29.179417 25.568000
53.974347 29.195635 27.282042
54.020496 30.095439 27.605237
54.774223 28.782508 27.607244
56.255005 27.865251 28.159031
56.301154 26.965447 27.835837
57.054881 28.278378 27.833829
56.255005 27.865251 30.829732
56.227203 27.881469 29.873073
55.462027 28.327821 31.100742
56.255005 33.186786 24.611341
55.455129 32.773659 24.286139
56.208856 34.086590 24.288147
56.255005 33.186786 27.282042
55.462027 32.724215 27.553053
56.227203 33.170568 26.325384
53.974347 31.856402 35.254411
53.181369 32.318972 34.983400
53.946545 31.872620 36.211070
53.974347 31.856402 37.925112
53.174471 32.269529 38.250314
53.928198 30.956598 38.248306
53.974347 29.195635 31.706721
53.181369 28.733064 31.435711
53.946545 29.179417 32.663380
53.974347 29.195635 34.377422
54.020496 30.095439 34.700616
54.774223 28.782508 34.702624
56.255005 27.865251 35.254411
56.301154 26.965447 34.931217
57.054881 28.278378 34.929209
56.255005 27.865251 37.925112
56.227203 27.881469 36.968453
55.462027 28.327821 38.196122
56.255005 33.186786 31.706721
55.455129 32.773659 31.381519
56.208856 34.086590 31.383527
56.255005 33.186786 34.377422
55.462027 32.724215 34.648432
56.227203 33.170568 33.420763
53.974347 31.856402 42.349791
53.181369 32.318972 42.078780
53.946545 31.872620 43.306449
53.974347 31.856402 45.020492
53.174471 32.269529 45.345694
53.928198 30.956598 45.343686
53.974347 29.195635 38.802101
53.181369 28.733064 38.531090
53.946545 29.179417 39.758759
53.974347 29.195635 41.472802
54.020496 30.095439 41.795996
54.774223 28.782508 41.798004
56.255005 27.865251 42.349791
56.301154 26.965447 42.026596
57.054881 28.278378 42.024589
56.255005 27.865251 45.020492
56.227203 27.881469 44.063833
55.462027 28.327821 45.291502
56.255005 33.186786 38.802101
55.455129 32.773659 38.476899
56.208856 34.086590 38.478906
56.255005 33.186786 41.472802
55.462027 32.724215 41.743812
56.227203 33.170568 40.516143
53.974347 31.856402 49.445170
53.181369 32.318972 49.174160
53.946545 31.872620 50.401829
53.974347 31.856402 52.115871
53.174471 32.269529 52.441073
53.928198 30.956598 52.439066
53.974347 29.195635 45.897480
53.181369 28.733064 45.626470
53.946545 29.179417 46.854139
53.974347 29.195635 48.568181
54.020496 30.095439 48.891376
54.774223 28.782508 48.893383
56.255005 27.865251 49.445170
56.301154 26.965447 49.121976
57.054881 28.278378 49.119968
56.255005 27.865251 52.115871
56.227203 27.881469 51.159213
55.462027 28.327821 52.386882
56.255005 33.186786 45.897480
55.455129 32.773659 45.572278
56.208856 34.086590 45.574286
56.255005 33.186786 48.568181
55.462027 32.724215 48.839192
56.227203 33.170568 47.611523
53.974347 31.856402 56.540550
53.181369 32.318972 56.269540
53.946545 31.872620 57.497209
53.974347 31.856402 59.211251
53.174471 32.269529 59.536453
53.928198 30.956598 59.534445
53.974347 29.195635 52.992860
53.181369 28.733064 52.721850
53.946545 29.179417 53.949519
53.974347 29.195635 55.663561
54.020496 30.095439 55.986756
54.774223 28.782508 55.988763
56.255005 27.865251 56.540550
56.301154 26.965447 56.217356
57.054881 28.278378 56.215348
56.255005 27.865251 59.211251
56.227203 27.881469 58.254592
55.462027 28.327821 59.482261
56.255005 33.186786 52.992860
55.455129 32.773659 52.667658
56.208856 34.086590 52.669666
56.255005 33.186786 55.663561
55.462027 32.724215 55.934572
56.227203 33.170568 54.706902
53.974347 31.856402 63.635930
53.181369 32.318972 63.364919
53.946545 31.872620 64.592589
53.974347 31.856402 66.306631
53.174471 32.269529 66.631833
53.928198 30.956598 66.629825
53.974347 29.195635 60.088240
53.181369 28.733064 59.817230
53.946545 29.179417 61.044899
53.974347 29.195635 62.758941
54.020496 30.095439 63.082135
54.774223 28.782508 63.084143
56.255005 27.865251 63.635930
56.301154 26.965447 63.312735
57.054881 28.278378 63.310728
56.255005 27.865251 66.306631
55.462027 28.327821 66.577641
56.227203 27.881469 65.349972
56.255005 33.186786 60.088240
55.455129 32.773659 59.763038
56.208856 34.086590 59.765046
56.255005 33.186786 62.758941
55.462027 32.724215 63.029951
56.227203 33.170568 61.802282
53.974347 39.838704 6.872892
53.181369 40.301275 6.601882
53.946545 39.854922 7.829551
53.974347 39.838704 9.543593
53.174471 40.251831 9.868795
53.928198 38.938900 9.866787
53.974347 37.177937 3.325202
53.181369 36.715367 3.054192
53.946545 37.161719 4.281861
53.974347 37.177937 5.995903
54.020496 38.077741 6.319097
54.774223 36.764810 6.321105
56.255005 35.847553 6.872892
56.255005 34.929209 6.602937
56.255005 35.816466 7.829587
56.255005 35.847553 9.543593
56.301154 34.947749 9.866787
57.054881 36.260680 9.868795
56.255005 41.169088 3.325202
55.455129 40.755961 3.000000
56.208856 42.068892 3.002008
56.255005 41.169088 5.995903
55.462027 40.706518 6.266913
56.227203 41.152870 5.039244
53.974347 39.838704 13.968272
53.181369 40.301275 13.697261
53.946545 39.854922 14.924930
53.974347 39.838704 16.638973
53.174471 40.251831 16.964175
53.928198 38.938900 16.962167
53.974347 37.177937 10.420582
53.217397 36.688774 10.098126
54.731298 36.688774 10.098126
53.974347 37.177937 13.091283
53.974347 38.096281 13.361237
53.974347 37.209024 12.134588
56.255005 35.847553 13.968272
55.498055 36.336716 13.645816
57.011955 36.336716 13.645816
56.255005 35.847553 16.638973
56.227203 35.863771 15.682314
55.462027 36.310124 16.909983
56.255005 41.169088 10.420582
55.462027 40.706518 10.149571
56.227203 41.152870 11.377240
56.255005 41.169088 13.091283
55.455129 40.755961 13.416485
56.208856 42.068892 13.414477
53.974347 39.838704 21.063651
53.181369 40.301275 20.792641
53.946545 39.854922 22.020310
53.974347 39.838704 23.734352
53.174471 40.251831 24.059554
53.928198 38.938900 24.057547
53.974347 37.177937 17.515962
53.181369 36.715367 17.244951
53.946545 37.161719 18.472620
53.974347 37.177937 20.186662
54.020496 38.077741 20.509857
54.774223 36.764810 20.511865
56.255005 35.847553 21.063651
56.301154 34.947749 20.740457
57.054881 36.260680 20.738449
56.255005 35.847553 23.734352
56.227203 35.863771 22.777694
55.462027 36.310124 24.005363
56.255005 41.169088 17.515962
55.455129 40.755961 17.190759
56.208856 42.068892 17.192767
56.255005 41.169088 20.186662
55.462027 40.706518 20.457673
56.227203 41.152870 19.230004
53.974347 39.838704 28.159031
53.181369 40.301275 27.888021
53.946545 39.854922 29.115690
53.974347 39.838704 30.829732
53.174471 40.251831 31.154934
53.928198 38.938900 31.152926
53.974347 37.177937 24.611341
53.181369 36.715367 24.340331
53.946545 37.161719 25.568000
53.974347 37.177937 27.282042
54.020496 38.077741 27.605237
54.774223 36.764810 27.607244
56.255005 35.847553 28.159031
56.301154 34.947749 27.835837
57.054881 36.260680 27.833829
56.255005 35.847553 30.829732
56.227203 35.863771 29.873073
55.462027 36.310124 31.100742
56.255005 41.169088 24.611341
55.455129 40.755961 24.286139
56.208856 42.068892 24.288147
56.255005 41.169088 27.282042
55.462027 40.706518 27.553053
56.227203 41.152870 26.325384
53.974347 39.838704 35.254411
53.181369 40.301275 34.983400
53.946545 39.854922 36.211070
53.974347 39.838704 37.925112
53.174471 40.251831 38.250314
53.928198 38.938900 38.248306
53.974347 37.177937 31.706721
53.181369 36.715367 31.435711
53.946545 37.161719 32.663380
53.974347 37.177937 34.377422
54.020496 38.077741 34.700616
54.774223 36.764810 34.702624
56.255005 35.847553 35.254411
56.301154 34.947749 34.931217
57.054881 36.260680 34.929209
56.255005 35.847553 37.925112
56.227203 35.863771 36.968453
55.462027 36.310124 38.196122
56.255005 41.169088 31.706721
55.455129 40.755961 31.381519
56.208856 42.068892 31.383527
56.255005 41.169088 34.377422
55.462027 40.706518 34.648432
56.227203 41.152870 33.420763
53.974347 39.838704 42.349791
53.181369 40.301275 42.078780
53.946545 39.854922 43.306449
53.974347 39.838704 45.020492
53.174471 40.251831 45.345694
53.928198 38.938900 45.343686
53.974347 37.177937 38.802101
53.181369 36.715367 38.531090
53.946545 37.161719 39.758759
53.974347 37.177937 41.472802
54.020496 38.077741 41.795996
54.774223 36.764810 41.798004
56.255005 35.847553 42.349791
56.301154 34.947749 42.026596
57.054881 36.260680 42.024589
56.255005 35.847553 45.020492
56.227203 35.863771 44.063833
55.462027 36.310124 45.291502
56.255005 41.169088 38.802101
55.455129 40.755961 38.476899
56.208856 42.068892 38.478906
56.255005 41.169088 41.472802
55.462027 40.706518 41.743812
56.227203 41.152870 40.516143
53.974347 39.838704 49.445170
53.181369 40.301275 49.174160
53.946545 39.854922 50.401829
53.974347 39.838704 52.115871
53.174471 40.251831 52.441073
53.928198 38.938900 52.439066
53.974347 37.177937 45.897480
53.181369 36.715367 45.626470
53.946545 37.161719 46.854139
53.974347 37.177937 48.568181
54.020496 38.077741 48.891376
54.774223 36.764810 48.893383
56.255005 35.847553 49.445170
56.301154 34.947749 49.121976
57.054881 36.260680 49.119968
56.255005 35.847553 52.115871
56.227203 35.863771 51.159213
55.462027 36.310124 52.386882
56.255005 41.169088 45.897480
55.455129 40.755961 45.572278
56.208856 42.068892 45.574286
56.255005 41.169088 48.568181
55.462027 40.706518 48.839192
56.227203 41.152870 47.611523
53.974347 39.838704 56.540550
53.181369 40.301275 56.269540
53.946545 39.854922 57.497209
53.974347 39.838704 59.211251
53.174471 40.251831 59.536453
53.928198 38.938900 59.534445
53.974347 37.177937 52.992860
53.181369 36.715367 52.721850
53.946545 37.161719 53.949519
53.974347 37.177937 55.663561
54.020496 38.077741 55.986756
54.774223 36.764810 55.988763
56.255005 35.847553 56.540550
56.301154 34.947749 56.217356
57.054881 36.260680 56.215348
56.255005 35.847553 59.211251
56.227203 35.863771 58.254592
55.462027 36.310124 59.482261
56.255005 41.169088 52.992860
55.455129 40.755961 52.667658
56.208856 42.068892 52.669666
56.255005 41.169088 55.663561
55.462027 40.706518 55.934572
56.227203 41.152870 54.706902
53.974347 39.838704 63.635930
53.181369 40.301275 63.364919
53.946545 39.854922 64.592589
53.974347 39.838704 66.306631
53.174471 40.251831 66.631833
53.928198 38.938900 66.629825
53.974347 37.177937 60.088240
53.181369 36.715367 59.817230
53.946545 37.161719 61.044899
53.974347 37.177937 62.758941
54.020496 38.077741 63.082135
54.774223 36.764810 63.084143
56.255005 35.847553 63.635930
56.301154 34.947749 63.312735
57.054881 36.260680 63.310728
56.255005 35.847553 66.306631
55.462027 36.310124 66.577641
56.227203 35.863771 65.349972
56.255005 41.169088 60.088240
55.455129 40.755961 59.763038
56.208856 42.068892 59.765046
56.255005 41.169088 62.758941
55.462027 40.706518 63.029951
56.227203 41.152870 61.802282
53.974347 47.821007 6.872892
53.181369 48.283577 6.601882
53.946545 47.837225 7.829551
53.974347 47.821007 9.543593
53.174471 48.234133 9.868795
53.928198 46.921202 9.866787
53.974347 45.160239 3.325202
53.181369 44.697669 3.054192
53.946545 45.144021 4.281861
53.974347 45.160239 5.995903
54.020496 46.060043 6.319097
54.774223 44.747113 6.321105
56.255005 43.829855 6.872892
56.255005 42.911511 6.602937
56.255005 43.798769 7.829587
56.255005 43.829855 9.543593
56.301154 42.930051 9.866787
57.054881 44.242982 9.868795
56.255005 49.151390 3.325202
55.455129 48.738264 3.000000
56.208856 50.051194 3.002008
56.255005 49.151390 5.995903
55.462027 48.688820 6.266913
56.227203 49.135172 5.039244
53.974347 47.821007 13.968272
53.181369 48.283577 13.697261
53.946545 47.837225 14.924930
53.974347 47.821007 16.638973
53.174471 48.234133 16.964175
53.928198 46.921202 16.962167
53.974347 45.160239 10.420582
53.217397 44.671076 10.098126
54.731298 44.671076 10.098126
53.974347 45.160239 13.091283
53.974347 46.078583 13.361237
53.974347 45.191326 12.134588
56.255005 43.829855 13.968272
55.498055 44.319018 13.645816
57.011955 44.319018 13.645816
56.255005 43.829855 16.638973
56.227203 43.846073 15.682314
55.462027 44.292426 16.909983
56.255005 49.151390 10.420582
55.462027 48.688820 10.149571
56.227203 49.135172 11.377240
56.255005 49.151390 13.091283
55.455129 48.738264 13.416485
56.208856 50.051194 13.414477
53.974347 47.821007 21.063651
53.181369 48.283577 20.792641
53.946545 47.837225 22.020310
53.974347 47.821007 23.734352
53.174471 48.234133 24.059554
53.928198 46.921202 24.057547
53.974347 45.160239 17.515962
53.181369 44.697669 17.244951
53.946545 45.144021 18.472620
53.974347 45.160239 20.186662
54.020496 46.060043 20.509857
54.774223 44.747113 20.511865
56.255005 43.829855 21.063651
56.301154 42.930051 20.740457
57.054881 44.242982 20.738449
56.255005 43.829855 23.734352
56.227203 43.846073 22.777694
55.462027 44.292426 24.005363
56.255005 49.151390 17.515962
55.455129 48.738264 17.190759
56.208856 50.051194 17.192767
56.255005 49.151390 20.186662
55.462027 48.688820 20.457673
56.227203 49.135172 19.230004
53.974347 47.821007 28.159031
53.181369 48.283577 27.888021
53.946545 47.837225 29.115690
53.974347 47.821007 30.829732
53.174471 48.234133 31.154934
53.928198 46.921202 31.152926
53.974347 45.160239 24.611341
53.181369 44.697669 24.340331
53.946545 45.144021 25.568000
53.974347 45.160239 27.282042
54.020496 46.060043 27.605237
54.774223 44.747113 27.607244
56.255005 43.829855 28.159031
56.301154 42.930051 27.835837
57.054881 44.242982 27.833829
56.255005 43.829855 30.829732
56.227203 43.846073 29.873073
55.462027 44.292426 31.100742
56.255005 49.151390 24.611341
55.455129 48.738264 24.286139
56.208856 50.051194 24.288147
56.255005 49.151390 27.282042
55.462027 48.688820 27.553053
56.227203 49.135172 26.325384
53.974347 47.821007 35.254411
53.181369 48.283577 34.983400
53.946545 47.837225 36.211070
53.974347 47.821007 37.925112
53.174471 48.234133 38.250314
53.928198 46.921202 38.248306
53.974347 45.160239 31.706721
53.181369 44.697669 31.435711
53.946545 45.144021 32.663380
53.974347 45.160239 34.377422
54.020496 46.060043 34.700616
54.774223 44.747113 34.702624
56.255005 43.829855 35.254411
56.301154 42.930051 34.931217
57.054881 44.242982 34.929209
56.255005 43.829855 37.925112
56.227203 43.846073 36.968453
55.462027 44.292426 38.196122
56.255005 49.151390 31.706721
55.455129 48.738264 31.381519
56.208856 50.051194 31.383527
56.255005 49.151390 34.377422
55.462027 48.688820 34.648432
56.227203 49.135172 33.420763
53.974347 47.821007 42.349791
53.181369 48.283577 42.078780
53.946545 47.837225 43.306449
53.974347 47.821007 45.020492
53.174471 48.234133 45.345694
53.928198 46.921202 45.343686
53.974347 45.160239 38.802101
53.181369 44.697669 38.531090
53.946545 45.144021 39.758759
53.974347 45.160239 41.472802
54.020496 46.060043 41.795996
54.774223 44.747113 41.798004
56.255005 43.829855 42.349791
56.301154 42.930051 42.026596
57.054881 44.242982 42.024589
56.255005 43.829855 45.020492
56.227203 43.846073 44.063833
55.462027 44.292426 45.291502
56.255005 49.151390 38.802101
55.455129 48.738264 38.476899
56.208856 50.051194 38.478906
56.255005 49.151390 41.472802
55.462027 48.688820 41.743812
56.227203 49.135172 40.516143
53.974347 47.821007 49.445170
53.181369 48.283577 49.174160
53.946545 47.837225 50.401829
53.974347 47.821007 52.115871
53.174471 48.234133 52.441073
53.928198 46.921202 52.439066
53.974347 45.160239 45.897480
53.181369 44.697669 45.626470
53.946545 45.144021 46.854139
53.974347 45.160239 48.568181
54.020496 46.060043 48.891376
54.774223 44.747113 48.893383
56.255005 43.829855 49.445170
56.301154 42.930051 49.121976
57.054881 44.242982 49.119968
56.255005 43.829855 52.115871
56.227203 43.846073 51.159213
55.462027 44.292426 52.386882
56.255005 49.151390 45.897480
55.455129 48.738264 45.572278
56.208856 50.051194 45.574286
56.255005 49.151390 48.568181
55.462027 48.688820 48.839192
56.227203 49.135172 47.611523
53.974347 47.821007 56.540550
53.181369 48.283577 56.269540
53.946545 47.837225 57.497209
53.974347 47.821007 59.211251
53.174471 48.234133 59.536453
53.928198 46.921202 59.534445
53.974347 45.160239 52.992860
53.181369 44.697669 52.721850
53.946545 45.144021 53.949519
53.974347 45.160239 55.663561
54.020496 46.060043 55.986756
54.774223 44.747113 55.988763
56.255005 43.829855 56.540550
56.301154 42.930051 56.217356
57.054881 44.242982 56.215348
56.255005 43.829855 59.211251
56.227203 43.846073 58.254592
55.462027 44.292426 59.482261
56.255005 49.151390 52.992860
55.455129 48.738264 52.667658
56.208856 50.051194 52.669666
56.255005 49.151390 55.663561
55.462027 48.688820 55.934572
56.227203 49.135172 54.706902
53.974347 47.821007 63.635930
53.181369 48.283577 63.364919
53.946545 47.837225 64.592589
53.974347 47.821007 66.306631
53.174471 48.234133 66.631833
53.928198 46.921202 66.629825
53.974347 45.160239 60.088240
53.181369 44.697669 59.817230
53.946545 45.144021 61.044899
53.974347 45.160239 62.758941
54.020496 46.060043 63.082135
54.774223 44.747113 63.084143
56.255005 43.829855 63.635930
56.301154 42.930051 63.312735
57.054881 44.242982 63.310728
56.255005 43.829855 66.306631
55.462027 44.292426 66.577641
56.227203 43.846073 65.349972
56.255005 49.151390 60.088240
55.455129 48.738264 59.763038
56.208856 50.051194 59.765046
56.255005 49.151390 62.758941
55.462027 48.688820 63.029951
56.227203 49.135172 61.802282
53.974347 55.803309 6.872892
53.181369 56.265879 6.601882
53.946545 55.819527 7.829551
53.974347 55.803309 9.543593
53.174471 56.216435 9.868795
53.928198 54.903505 9.866787
53.974347 53.142541 3.325202
53.181369 52.679971 3.054192
53.946545 53.126323 4.281861
53.974347 53.142541 5.995903
54.020496 54.042345 6.319097
54.774223 52.729415 6.321105
56.255005 51.812158 6.872892
56.255005 50.893813 6.602937
56.255005 51.781071 7.829587
56.255005 51.812158 9.543593
56.301154 50.912353 9.866787
57.054881 52.225284 9.868795
56.255005 57.133692 3.325202
55.498055 56.644530 3.002746
57.011955 56.644530 3.002746
56.255005 57.133692 5.995903
55.462027 56.671122 6.266913
56.227203 57.117474 5.039244
53.974347 55.803309 13.968272
53.181369 56.265879 13.697261
53.946545 55.819527 14.924930
53.974347 55.803309 16.638973
53.174471 56.216435 16.964175
53.928198 54.903505 16.962167
53.974347 53.142541 10.420582
53.217397 52.653379 10.098126
54.731298 52.653379 10.098126
53.974347 53.142541 13.091283
53.974347 54.060886 13.361237
53.974347 53.173628 12.134588
56.255005 51.812158 13.968272
55.498055 52.301320 13.645816
57.011955 52.301320 13.645816
56.255005 51.812158 16.638973
56.227203 51.828376 15.682314
55.462027 52.274728 16.909983
56.255005 57.133692 10.420582
55.455129 56.720566 10.095380
56.208856 58.033497 10.097387
56.255005 57.133692 13.091283
55.462027 56.671122 13.362293
56.227203 57.117474 12.134624
53.974347 55.803309 21.063651
53.181369 56.265879 20.792641
53.946545 55.819527 22.020310
53.974347 55.803309 23.734352
53.174471 56.216435 24.059554
53.928198 54.903505 24.057547
53.974347 53.142541 17.515962
53.181369 52.679971 17.244951
53.946545 53.126323 18.472620
53.974347 53.142541 20.186662
54.020496 54.042345 20.509857
54.774223 52.729415 20.511865
56.255005 51.812158 21.063651
56.301154 50.912353 20.740457
57.054881 52.225284 20.738449
56.255005 51.812158 23.734352
56.227203 51.828376 22.777694
55.462027 52.274728 24.005363
56.255005 57.133692 17.515962
55.455129 56.720566 17.190759
56.208856 58.033497 17.192767
56.255005 57.133692 20.186662
55.462027 56.671122 20.457673
56.227203 57.117474 19.230004
53.974347 55.803309 28.159031
53.181369 56.265879 27.888021
53.946545 55.819527 29.115690
53.974347 55.803309 30.829732
53.174471 56.216435 31.154934
53.928198 54.903505 31.152926
53.974347 53.142541 24.611341
53.181369 52.679971 24.340331
53.946545 53.126323 25.568000
53.974347 53.142541 27.282042
54.020496 54.042345 27.605237
54.774223 52.729415 27.607244
56.255005 51.812158 28.159031
56.301154 50.912353 27.835837
57.054881 52.225284 27.833829
56.255005 51.812158 30.829732
56.227203 51.828376 29.873073
55.462027 52.274728 31.100742
56.255005 57.133692 24.611341
55.455129 56.720566 24.286139
56.208856 58.033497 24.288147
56.255005 57.133692 27.282042
55.462027 56.671122 27.553053
56.227203 57.117474 26.325384
53.974347 55.803309 35.254411
53.181369 56.265879 34.983400
53.946545 55.819527 36.211070
53.974347 55.803309 37.925112
53.174471 56.216435 38.250314
53.928198 54.903505 38.248306
53.974347 53.142541 31.706721
53.181369 52.679971 31.435711
53.946545 53.126323 32.663380
53.974347 53.142541 34.377422
54.020496 54.042345 34.700616
54.774223 52.729415 34.702624
56.255005 51.812158 35.254411
56.301154 50.912353 34.931217
57.054881 52.225284 34.929209
56.255005 51.812158 37.925112
56.227203 51.828376 36.968453
55.462027 52.274728 38.196122
56.255005 57.133692 31.706721
55.455129 56.720566 31.381519
56.208856 58.033497 31.383527
56.255005 57.133692 34.377422
55.462027 56.671122 34.648432
56.227203 57.117474 33.420763
53.974347 55.803309 42.349791
53.181369 56.265879 42.078780
53.946545 55.819527 43.306449
53.974347 55.803309 45.020492
53.174471 56.216435 45.345694
53.928198 54.903505 45.343686
53.974347 53.142541 38.802101
53.181369 52.679971 38.531090
53.946545 53.126323 39.758759
53.974347 53.142541 41.472802
54.020496 54.042345 41.795996
54.774223 52.729415 41.798004
56.255005 51.812158 42.349791
56.301154 50.912353 42.026596
57.054881 52.225284 42.024589
56.255005 51.812158 45.020492
56.227203 51.828376 44.063833
55.462027 52.274728 45.291502
56.255005 57.133692 38.802101
55.455129 56.720566 38.476899
56.208856 58.033497 38.478906
56.255005 57.133692 41.472802
55.462027 56.671122 41.743812
56.227203 57.117474 40.516143
53.974347 55.803309 49.445170
53.181369 56.265879 49.174160
53.946545 55.819527 50.401829
53.974347 55.803309 52.115871
53.174471 56.216435 52.441073
53.928198 54.903505 52.439066
53.974347 53.142541 45.897480
53.181369 52.679971 45.626470
53.946545 53.126323 46.854139
53.974347 53.142541 48.568181
54.020496 54.042345 48.891376
54.774223 52.729415 48.893383
56.255005 51.812158 49.445170
56.301154 50.912353 49.121976
57.054881 52.225284 49.119968
56.255005 51.812158 52.115871
56.227203 51.828376 51.159213
55.462027 52.274728 52.386882
56.255005 57.133692 45.897480
55.455129 56.720566 45.572278
56.208856 58.033497 45.574286
56.255005 57.133692 48.568181
55.462027 56.671122 48.839192
56.227203 57.117474 47.611523
53.974347 55.803309 56.540550
53.181369 56.265879 56.269540
53.946545 55.819527 57.497209
53.974347 55.803309 59.211251
53.174471 56.216435 59.536453
53.928198 54.903505 59.534445
53.974347 53.142541 52.992860
53.181369 52.679971 52.721850
53.946545 53.126323 53.949519
53.974347 53.142541 55.663561
54.020496 54.042345 55.986756
54.774223 52.729415 55.988763
56.255005 51.812158 56.540550
56.301154 50.912353 56.217356
57.054881 52.225284 56.215348
56.255005 51.812158 59.211251
56.227203 51.828376 58.254592
55.462027 52.274728 59.482261
56.255005 57.133692 52.992860
55.455129 56.720566 52.667658
56.208856 58.033497 52.669666
56.255005 57.133692 55.663561
55.462027 56.671122 55.934572
56.227203 57.117474 54.706902
53.974347 55.803309 63.635930
54.002150 55.819527 64.592589
54.767325 56.265879 63.364919
53.974347 55.803309 66.306631
53.174471 56.216435 66.631833
53.928198 54.903505 66.629825
53.974347 53.142541 60.088240
53.181369 52.679971 59.817230
53.946545 53.126323 61.044899
53.974347 53.142541 62.758941
54.020496 54.042345 63.082135
54.774223 52.729415 63.084143
56.255005 51.812158 63.635930
56.301154 50.912353 63.312735
57.054881 52.225284 63.310728
56.255005 51.812158 66.306631
55.462027 52.274728 66.577641
56.227203 51.828376 65.349972
56.255005 57.133692 60.088240
55.455129 56.720566 59.763038
56.208856 58.033497 59.765046
56.255005 57.133692 62.758941
56.255005 57.164779 61.802246
56.255005 58.052037 63.028895
53.974347 63.785611 6.872892
54.002150 63.801829 7.829551
54.767325 64.248181 6.601882
53.974347 63.785611 9.543593
53.174471 64.198737 9.868795
53.928198 62.885807 9.866787
53.974347 61.124844 3.325202
53.217397 60.635681 3.002746
54.731298 60.635681 3.002746
53.974347 61.124844 5.995903
53.974347 62.043188 6.265857
53.974347 61.155930 5.039208
56.255005 59.794460 6.872892
56.208856 58.894656 6.549698
55.455129 60.207586 6.547690
56.255005 59.794460 9.543593
56.282807 59.810678 8.586934
57.047983 60.257030 9.814603
56.255005 65.115995 3.325202
56.208856 66.015799 3.002008
55.455129 64.702868 3.000000
56.255005 65.115995 5.995903
56.255005 66.034339 6.265857
56.255005 65.147081 5.039208
53.974347 63.785611 13.968272
54.002150 63.801829 14.924930
54.767325 64.248181 13.697261
53.974347 63.785611 16.638973
53.217397 64.274774 16.961429
54.731298 64.274774 16.961429
53.974347 61.124844 10.420582
53.217397 60.635681 10.098126
54.731298 60.635681 10.098126
53.974347 61.124844 13.091283
53.974347 62.043188 13.361237
53.974347 61.155930 12.134588
56.255005 59.794460 13.968272
56.208856 58.894656 13.645077
55.455129 60.207586 13.643070
56.255005 59.794460 16.638973
56.282807 59.810678 15.682314
57.047983 60.257030 16.909983
56.255005 65.115995 10.420582
55.498055 64.626832 10.098126
57.011955 64.626832 10.098126
56.255005 65.115995 13.091283
56.255005 66.034339 13.361237
56.255005 65.147081 12.134588
53.974347 63.785611 21.063651
53.974347 63.754524 22.020346
53.974347 62.867267 20.793697
53.974347 63.785611 23.734352
53.174471 64.198737 24.059554
53.928198 62.885807 24.057547
53.974347 61.124844 17.515962
54.020496 62.024648 17.192767
54.774223 60.711717 17.190759
53.974347 61.124844 20.186662
53.181369 60.662273 20.457673
53.946545 61.108625 19.230004
56.255005 59.794460 21.063651
56.208856 58.894656 20.740457
55.455129 60.207586 20.738449
56.255005 59.794460 23.734352
56.282807 59.810678 22.777694
57.047983 60.257030 24.005363
56.255005 65.115995 17.515962
56.255005 66.034339 17.246007
56.255005 65.147081 18.472657
56.255005 65.115995 20.186662
56.208856 66.015799 20.509857
55.455129 64.702868 20.511865
53.974347 63.785611 28.159031
54.002150 63.801829 29.115690
54.767325 64.248181 27.888021
53.974347 63.785611 30.829732
53.217397 64.274774 31.152188
54.731298 64.274774 31.152188
53.974347 61.124844 24.611341
53.217397 60.635681 24.288885
54.731298 60.635681 24.288885
53.974347 61.124844 27.282042
53.974347 62.043188 27.551997
53.974347 61.155930 26.325347
56.255005 59.794460 28.159031
56.208856 58.894656 27.835837
55.455129 60.207586 27.833829
56.255005 59.794460 30.829732
56.282807 59.810678 29.873073
57.047983 60.257030 31.100742
56.255005 65.115995 24.611341
55.498055 64.626832 24.288885
57.011955 64.626832 24.288885
56.255005 65.115995 27.282042
56.255005 66.034339 27.551997
56.255005 65.147081 26.325347
53.974347 63.785611 35.254411
53.974347 63.754524 36.211106
53.974347 62.867267 34.984456
53.974347 63.785611 37.925112
53.174471 64.198737 38.250314
53.928198 62.885807 38.248306
53.974347 61.124844 31.706721
54.020496 62.024648 31.383527
54.774223 60.711717 31.381519
53.974347 61.124844 34.377422
53.181369 60.662273 34.648432
53.946545 61.108625 33.420763
56.255005 59.794460 35.254411
56.208856 58.894656 34.931217
55.455129 60.207586 34.929209
56.255005 59.794460 37.925112
56.282807 59.810678 36.968453
57.047983 60.257030 38.196122
56.255005 65.115995 31.706721
56.255005 66.034339 31.436767
56.255005 65.147081 32.663416
56.255005 65.115995 34.377422
56.208856 66.015799 34.700616
55.455129 64.702868 34.702624
53.974347 63.785611 42.349791
54.002150 63.801829 43.306449
54.767325 64.248181 42.078780
53.974347 63.785611 45.020492
53.217397 64.274774 45.342948
54.731298 64.274774 45.342948
53.974347 61.124844 38.802101
53.217397 60.635681 38.479645
54.731298 60.635681 38.479645
53.974347 61.124844 41.472802
53.974347 62.043188 41.742756
53.974347 61.155930 40.516107
56.255005 59.794460 42.349791
56.208856 58.894656 42.026596
55.455129 60.207586 42.024589
56.255005 59.794460 45.020492
56.282807 59.810678 44.063833
57.047983 60.257030 45.291502
56.255005 65.115995 38.802101
55.498055 64.626832 38.479645
57.011955 64.626832 38.479645
56.255005 65.115995 41.472802
56.255005 66.034339 41.742756
56.255005 65.147081 40.516107
53.974347 63.785611 49.445170
53.974347 63.754524 50.401865
53.974347 62.867267 49.175216
53.974347 63.785611 52.115871
53.174471 64.198737 52.441073
53.928198 62.885807 52.439066
53.974347 61.124844 45.897480
54.020496 62.024648 45.574286
54.774223 60.711717 45.572278
53.974347 61.124844 48.568181
53.181369 60.662273 48.839192
53.946545 61.108625 47.611523
56.255005 59.794460 49.445170
56.208856 58.894656 49.121976
55.455129 60.207586 49.119968
56.255005 59.794460 52.115871
56.282807 59.810678 51.159213
57.047983 60.257030 52.386882
56.255005 65.115995 45.897480
56.255005 66.034339 45.627526
56.255005 65.147081 46.854176
56.255005 65.115995 48.568181
56.208856 66.015799 48.891376
55.455129 64.702868 48.893383
53.974347 63.785611 56.540550
54.002150 63.801829 57.497209
54.767325 64.248181 56.269540
53.974347 63.785611 59.211251
53.217397 64.274774 59.533707
54.731298 64.274774 59.533707
53.974347 61.124844 52.992860
53.217397 60.635681 52.670404
54.731298 60.635681 52.670404
53.974347 61.124844 55.663561
53.974347 62.043188 55.933516
53.974347 61.155930 54.706866
56.255005 59.794460 56.540550
56.208856 58.894656 56.217356
55.455129 60.207586 56.215348
56.255005 59.794460 59.211251
56.282807 59.810678 58.254592
57.047983 60.257030 59.482261
56.255005 65.115995 52.992860
55.498055 64.626832 52.670404
57.011955 64.626832 52.670404
56.255005 65.115995 55.663561
56.255005 66.034339 55.933516
56.255005 65.147081 54.706866
53.974347 63.785611 63.635930
53.974347 63.754524 64.592625
53.974347 62.867267 63.365975
53.974347 63.785611 66.306631
53.174471 64.198737 66.631833
53.928198 62.885807 66.629825
53.974347 61.124844 60.088240
54.020496 62.024648 59.765046
54.774223 60.711717 59.763038
53.974347 61.124844 62.758941
53.181369 60.662273 63.029951
53.946545 61.108625 61.802282
56.255005 59.794460 63.635930
55.498055 60.283623 63.313474
57.011955 60.283623 63.313474
56.255005 59.794460 66.306631
56.255005 58.876115 66.576585
56.255005 59.763373 65.349936
56.255005 65.115995 60.088240
56.255005 66.034339 59.818285
56.255005 65.147081 61.044935
56.255005 65.115995 62.758941
55.498055 64.626832 63.081397
57.011955 64.626832 63.081397
58.535663 7.909495 6.872892
57.735787 8.322622 6.547690
58.489513 7.009691 6.549698
58.535663 7.909495 9.543593
57.742685 8.372066 9.814603
58.507860 7.925714 8.586934
58.535663 5.248728 3.325202
57.735787 4.835602 3.000000
58.489513 6.148532 3.002008
58.535663 5.248728 5.995903
57.742685 4.786158 6.266913
58.507860 5.232510 5.039244
60.816320 3.918344 6.872892
60.016444 4.331471 6.547690
60.770171 3.018540 6.549698
60.816320 3.918344 9.543593
60.788518 3.934562 8.586934
60.023343 4.380915 9.814603
60.816320 9.239879 3.325202
60.016444 8.826753 3.000000
60.770171 10.139683 3.002008
60.816320 9.239879 5.995903
60.023343 8.777309 6.266913
60.788518 9.223661 5.039244
58.535663 7.909495 13.968272
57.735787 8.322622 13.643070
58.489513 7.009691 13.645077
58.535663 7.909495 16.638973
57.742685 8.372066 16.909983
58.507860 7.925714 15.682314
58.535663 5.248728 10.420582
57.735787 4.835602 10.095380
58.489513 6.148532 10.097387
58.535663 5.248728 13.091283
57.742685 4.786158 13.362293
58.507860 5.232510 12.134624
60.816320 3.918344 13.968272
60.016444 4.331471 13.643070
60.770171 3.018540 13.645077
60.816320 3.918344 16.638973
60.816320 3.887258 15.682278
60.816320 3.000000 16.908927
60.816320 9.239879 10.420582
60.023343 8.777309 10.149571
60.788518 9.223661 11.377240
60.816320 9.239879 13.091283
60.016444 8.826753 13.416485
60.770171 10.139683 13.414477
58.535663 7.909495 21.063651
57.735787 8.322622 20.738449
58.489513 7.009691 20.740457
58.535663 7.909495 23.734352
57.742685 8.372066 24.005363
58.507860 7.925714 22.777694
58.535663 5.248728 17.515962
58.581812 6.148532 17.192767
59.335539 4.835602 17.190759
58.535663 5.248728 20.186662
57.742685 4.786158 20.457673
58.507860 5.232510 19.230004
60.816320 3.918344 21.063651
60.016444 4.331471 20.738449
60.770171 3.018540 20.740457
60.816320 3.918344 23.734352
60.788518 3.934562 22.777694
60.023343 4.380915 24.005363
60.816320 9.239879 17.515962
60.016444 8.826753 17.190759
60.770171 10.139683 17.192767
60.816320 9.239879 20.186662
60.023343 8.777309 20.457673
60.788518 9.223661 19.230004
58.535663 7.909495 28.159031
57.735787 8.322622 27.833829
58.489513 7.009691 27.835837
58.535663 7.909495 30.829732
57.742685 8.372066 31.100742
58.507860 7.925714 29.873073
58.535663 5.248728 24.611341
57.735787 4.835602 24.286139
58.489513 6.148532 24.288147
58.535663 5.248728 27.282042
57.742685 4.786158 27.553053
58.507860 5.232510 26.325384
60.816320 3.918344 28.159031
60.016444 4.331471 27.833829
60.770171 3.018540 27.835837
60.816320 3.918344 30.829732
60.816320 3.887258 29.873037
60.816320 3.000000 31.099687
60.816320 9.239879 24.611341
60.016444 8.826753 24.286139
60.770171 10.139683 24.288147
60.816320 9.239879 27.282042
60.023343 8.777309 27.553053
60.788518 9.223661 26.325384
58.535663 7.909495 35.254411
57.735787 8.322622 34.929209
58.489513 7.009691 34.931217
58.535663 7.909495 37.925112
57.742685 8.372066 38.196122
58.507860 7.925714 36.968453
58.535663 5.248728 31.706721
58.581812 6.148532 31.383527
59.335539 4.835602 31.381519
58.535663 5.248728 34.377422
57.742685 4.786158 34.648432
58.507860 5.232510 33.420763
60.816320 3.918344 35.254411
60.016444 4.331471 34.929209
60.770171 3.018540 34.931217
60.816320 3.918344 37.925112
60.788518 3.934562 36.968453
60.023343 4.380915 38.196122
60.816320 9.239879 31.706721
60.016444 8.826753 31.381519
60.770171 10.139683 31.383527
60.816320 9.239879 34.377422
60.023343 8.777309 34.648432
60.788518 9.223661 33.420763
58.535663 7.909495 42.349791
57.735787 8.322622 42.024589
58.489513 7.009691 42.026596
58.535663 7.909495 45.020492
57.742685 8.372066 45.291502
58.507860 7.925714 44.063833
58.535663 5.248728 38.802101
57.735787 4.835602 38.476899
58.489513 6.148532 38.478906
58.535663 5.248728 41.472802
57.742685 4.786158 41.743812
58.507860 5.232510 40.516143
60.816320 3.918344 42.349791
60.016444 4.331471 42.024589
60.770171 3.018540 42.026596
60.816320 3.918344 45.020492
60.816320 3.887258 44.063796
60.816320 3.000000 45.290446
60.816320 9.239879 38.802101
60.016444 8.826753 38.476899
60.770171 10.139683 38.478906
60.816320 9.239879 41.472802
60.023343 8.777309 41.743812
60.788518 9.223661 40.516143
58.535663 7.909495 49.445170
57.735787 8.322622 49.119968
58.489513 7.009691 49.121976
58.535663 7.909495 52.115871
57.742685 8.372066 52.386882
58.507860 7.925714 51.159213
58.535663 5.248728 45.897480
58.581812 6.148532 45.574286
59.335539 4.835602 45.572278
58.535663 5.248728 48.568181
57.742685 4.786158 48.839192
58.507860 5.232510 47.611523
60.816320 3.918344 49.445170
60.016444 4.331471 49.119968
60.770171 3.018540 49.121976
60.816320 3.918344 52.115871
60.788518 3.934562 51.159213
60.023343 4.380915 52.386882
60.816320 9.239879 45.897480
60.016444 8.826753 45.572278
60.770171 10.139683 45.574286
60.816320 9.239879 48.568181
60.023343 8.777309 48.839192
60.788518 9.223661 47.611523
58.535663 7.909495 56.540550
57.735787 8.322622 56.215348
58.489513 7.009691 56.217356
58.535663 7.909495 59.211251
57.742685 8.372066 59.482261
58.507860 7.925714 58.254592
58.535663 5.248728 52.992860
57.735787 4.835602 52.667658
58.489513 6.148532 52.669666
58.535663 5.248728 55.663561
57.742685 4.786158 55.934572
58.507860 5.232510 54.706902
60.816320 3.918344 56.540550
60.016444 4.331471 56.215348
60.770171 3.018540 56.217356
60.816320 3.918344 59.211251
60.816320 3.887258 58.254556
60.816320 3.000000 59.481206
60.816320 9.239879 52.992860
60.016444 8.826753 52.667658
60.770171 10.139683 52.669666
60.816320 9.239879 55.663561
60.023343 8.777309 55.934572
60.788518 9.223661 54.706902
58.535663 7.909495 63.635930
57.735787 8.322622 63.310728
58.489513 7.009691 63.312735
58.535663 7.909495 66.306631
57.742685 8.372066 66.577641
58.507860 7.925714 65.349972
58.535663 5.248728 60.088240
58.581812 6.148532 59.765046
59.335539 4.835602 59.763038
58.535663 5.248728 62.758941
57.742685 4.786158 63.029951
58.507860 5.232510 61.802282
60.816320 3.918344 63.635930
60.023343 4.380915 63.364919
60.788518 3.934562 64.592589
60.816320 3.918344 66.306631
60.016444 4.331471 66.631833
60.770171 3.018540 66.629825
60.816320 9.239879 60.088240
60.016444 8.826753 59.763038
60.770171 10.139683 59.765046
60.816320 9.239879 62.758941
60.023343 8.777309 63.029951
60.788518 9.223661 61.802282
58.535663 15.891798 6.872892
57.742685 16.354368 6.601882
58.507860 15.908016 7.829551
58.535663 15.891798 9.543593
57.735787 16.304924 9.868795
58.489513 14.991994 9.866787
58.535663 13.231030 3.325202
57.742685 12.768460 3.054192
58.507860 13.214812 4.281861
58.535663 13.231030 5.995903
58.581812 14.130834 6.319097
59.335539 12.817904 6.321105
60.816320 11.900647 6.872892
60.816320 10.982302 6.602937
60.816320 11.869560 7.829587
60.816320 11.900647 9.543593
60.862470 11.000842 9.866787
61.616197 12.313773 9.868795
60.816320 17.222181 3.325202
60.788518 17.205963 4.281861
60.023343 16.759611 3.054192
60.816320 17.222181 5.995903
60.016444 16.809055 6.321105
60.770171 18.121986 6.319097
58.535663 15.891798 13.968272
57.742685 16.354368 13.697261
58.507860 15.908016 14.924930
58.535663 15.891798 16.638973
57.735787 16.304924 16.964175
58.489513 14.991994 16.962167
58.535663 13.231030 10.420582
57.778712 12.741868 10.098126
59.292613 12.741868 10.098126
58.535663 13.231030 13.091283
58.535663 14.149375 13.361237
58.535663 13.262117 12.134588
60.816320 11.900647 13.968272
60.059370 12.389809 13.645816
61.573271 12.389809 13.645816
60.816320 11.900647 16.638973
60.788518 11.916865 15.682314
60.023343 12.363217 16.909983
60.816320 17.222181 10.420582
60.016444 16.809055 10.095380
60.770171 18.121986 10.097387
60.816320 17.222181 13.091283
60.023343 16.759611 13.362293
60.788518 17.205963 12.134624
58.535663 15.891798 21.063651
57.742685 16.354368 20.792641
58.507860 15.908016 22.020310
58.535663 15.891798 23.734352
57.735787 16.304924 24.059554
58.489513 14.991994 24.057547
58.535663 13.231030 17.515962
57.742685 12.768460 17.244951
58.507860 13.214812 18.472620
58.535663 13.231030 20.186662
58.581812 14.130834 20.509857
59.335539 12.817904 20.511865
60.816320 11.900647 21.063651
60.862470 11.000842 20.740457
61.616197 12.313773 20.738449
60.816320 11.900647 23.734352
60.788518 11.916865 22.777694
60.023343 12.363217 24.005363
60.816320 17.222181 17.515962
60.016444 16.809055 17.190759
60.770171 18.121986 17.192767
60.816320 17.222181 20.186662
60.023343 16.759611 20.457673
60.788518 17.205963 19.230004
58.535663 15.891798 28.159031
57.742685 16.354368 27.888021
58.507860 15.908016 29.115690
58.535663 15.891798 30.829732
57.735787 16.304924 31.154934
58.489513 14.991994 31.152926
58.535663 13.231030 24.611341
57.742685 12.768460 24.340331
58.507860 13.214812 25.568000
58.535663 13.231030 27.282042
58.581812 14.130834 27.605237
59.335539 12.817904 27.607244
60.816320 11.900647 28.159031
60.862470 11.000842 27.835837
61.616197 12.313773 27.833829
60.816320 11.900647 30.829732
60.788518 11.916865 29.873073
60.023343 12.363217 31.100742
60.816320 17.222181 24.611341
60.016444 16.809055 24.286139
60.770171 18.121986 24.288147
60.816320 17.222181 27.282042
60.023343 16.759611 27.553053
60.788518 17.205963 26.325384
58.535663 15.891798 35.254411
57.742685 16.354368 34.983400
58.507860 15.908016 36.211070
58.535663 15.891798 37.925112
57.735787 16.304924 38.250314
58.489513 14.991994 38.248306
58.535663 13.231030 31.706721
57.742685 12.768460 31.435711
58.507860 13.214812 32.663380
58.535663 13.231030 34.377422
58.581812 14.130834 34.700616
59.335539 12.817904 34.702624
60.816320 11.900647 35.254411
60.862470 11.000842 34.931217
61.616197 12.313773 34.929209
60.816320 11.900647 37.925112
60.788518 11.916865 36.968453
60.023343 12.363217 38.196122
60.816320 17.222181 31.706721
60.016444 16.809055 31.381519
60.770171 18.121986 31.383527
60.816320 17.222181 34.377422
60.023343 16.759611 34.648432
60.788518 17.205963 33.420763
58.535663 15.891798 42.349791
57.742685 16.354368 42.078780
58.507860 15.908016 43.306449
58.535663 15.891798 45.020492
57.735787 16.304924 45.345694
58.489513 14.991994 45.343686
58.535663 13.231030 38.802101
57.742685 12.768460 38.531090
58.507860 13.214812 39.758759
58.535663 13.231030 41.472802
58.581812 14.130834 41.795996
59.335539 12.817904 41.798004
60.816320 11.900647 42.349791
60.862470 11.000842 42.026596
61.616197 12.313773 42.024589
60.816320 11.900647 45.020492
60.788518 11.916865 44.063833
60.023343 12.363217 45.291502
60.816320 17.222181 38.802101
60.016444 16.809055 38.476899
60.770171 18.121986 38.478906
60.816320 17.222181 41.472802
60.023343 16.759611 41.743812
60.788518 17.205963 40.516143
58.535663 15.891798 49.445170
57.742685 16.354368 49.174160
58.507860 15.908016 50.401829
58.535663 15.891798 52.115871
57.735787 16.304924 52.441073
58.489513 14.991994 52.439066
58.535663 13.231030 45.897480
57.742685 12.768460 45.626470
58.507860 13.214812 46.854139
58.535663 13.231030 48.568181
58.581812 14.130834 48.891376
59.335539 12.817904 48.893383
60.816320 11.900647 49.445170
60.862470 11.000842 49.121976
61.616197 12.313773 49.119968
60.816320 11.900647 52.115871
60.788518 11.916865 51.159213
60.023343 12.363217 52.386882
60.816320 17.222181 45.897480
60.016444 16.809055 45.572278
60.770171 18.121986 45.574286
60.816320 17.222181 48.568181
60.023343 16.759611 48.839192
60.788518 17.205963 47.611523
58.535663 15.891798 56.540550
57.742685 16.354368 56.269540
58.507860 15.908016 57.497209
58.535663 15.891798 59.211251
57.735787 16.304924 59.536453
58.489513 14.991994 59.534445
58.535663 13.231030 52.992860
57.742685 12.768460 52.721850
58.507860 13.214812 53.949519
58.535663 13.231030 55.663561
58.581812 14.130834 55.986756
59.335539 12.817904 55.988763
60.816320 11.900647 56.540550
60.862470 11.000842 56.217356
61.616197 12.313773 56.215348
60.816320 11.900647 59.211251
60.788518 11.916865 58.254592
60.023343 12.363217 59.482261
60.816320 17.222181 52.992860
60.016444 16.809055 52.667658
60.770171 18.121986 52.669666
60.816320 17.222181 55.663561
60.023343 16.759611 55.934572
60.788518 17.205963 54.706902
58.535663 15.891798 63.635930
57.742685 16.354368 63.364919
58.507860 15.908016 64.592589
58.535663 15.891798 66.306631
57.735787 16.304924 66.631833
58.489513 14.991994 66.629825
58.535663 13.231030 60.088240
57.742685 12.768460 59.817230
58.507860 13.214812 61.044899
58.535663 13.231030 62.758941
58.581812 14.130834 63.082135
59.335539 12.817904 63.084143
60.816320 11.900647 63.635930
60.862470 11.000842 63.312735
61.616197 12.313773 63.310728
60.816320 11.900647 66.306631
60.023343 12.363217 66.577641
60.788518 11.916865 65.349972
60.816320 17.222181 60.088240
60.016444 16.809055 59.763038
60.770171 18.121986 59.765046
60.816320 17.222181 62.758941
60.023343 16.759611 63.029951
60.788518 17.205963 61.802282
58.535663 23.874100 6.872892
57.735787 24.287226 6.547690
58.489513 22.974296 6.549698
58.535663 23.874100 9.543593
57.742685 24.336670 9.814603
58.507860 23.890318 8.586934
58.535663 21.213332 3.325202
57.778712 20.724170 3.002746
59.292613 20.724170 3.002746
58.535663 21.213332 5.995903
57.742685 20.750762 6.266913
58.507860 21.197114 5.039244
60.816320 19.882949 6.872892
60.059370 20.372111 6.550436
61.573271 20.372111 6.550436
60.816320 19.882949 9.543593
60.788518 19.899167 8.586934
60.023343 20.345519 9.814603
60.816320 25.204484 3.325202
60.788518 25.188266 4.281861
60.023343 24.741913 3.054192
60.816320 25.204484 5.995903
60.016444 24.791357 6.321105
60.770171 26.104288 6.319097
58.535663 23.874100 13.968272
57.742685 24.336670 13.697261
58.507860 23.890318 14.924930
58.535663 23.874100 16.638973
57.735787 24.287226 16.964175
58.489513 22.974296 16.962167
58.535663 21.213332 10.420582
58.535663 22.131677 10.150627
58.535663 21.244419 11.377277
58.535663 21.213332 13.091283
58.581812 22.113137 13.414477
59.335539 20.800206 13.416485
60.816320 19.882949 13.968272
60.862470 18.983145 13.645077
61.616197 20.296075 13.643070
60.816320 19.882949 16.638973
60.788518 19.899167 15.682314
60.023343 20.345519 16.909983
60.816320 25.204484 10.420582
60.016444 24.791357 10.095380
60.770171 26.104288 10.097387
60.816320 25.204484 13.091283
60.023343 24.741913 13.362293
60.788518 25.188266 12.134624
58.535663 23.874100 21.063651
57.742685 24.336670 20.792641
58.507860 23.890318 22.020310
58.535663 23.874100 23.734352
57.735787 24.287226 24.059554
58.489513 22.974296 24.057547
58.535663 21.213332 17.515962
57.742685 20.750762 17.244951
58.507860 21.197114 18.472620
58.535663 21.213332 20.186662
58.581812 22.113137 20.509857
59.335539 20.800206 20.511865
60.816320 19.882949 21.063651
60.862470 18.983145 20.740457
61.616197 20.296075 20.738449
60.816320 19.882949 23.734352
60.788518 19.899167 22.777694
60.023343 20.345519 24.005363
60.816320 25.204484 17.515962
60.016444 24.791357 17.190759
60.770171 26.104288 17.192767
60.816320 25.204484 20.186662
60.023343 24.741913 20.457673
60.788518 25.188266 19.230004
58.535663 23.874100 28.159031
57.742685 24.336670 27.888021
58.507860 23.890318 29.115690
58.535663 23.874100 30.829732
57.735787 24.287226 31.154934
58.489513 22.974296 31.152926
58.535663 21.213332 24.611341
57.742685 20.750762 24.340331
58.507860 21.197114 25.568000
58.535663 21.213332 27.282042
58.581812 22.113137 27.605237
59.335539 20.800206 27.607244
60.816320 19.882949 28.159031
60.862470 18.983145 27.835837
61.616197 20.296075 27.833829
60.816320 19.882949 30.829732
60.788518 19.899167 29.873073
60.023343 20.345519 31.100742
60.816320 25.204484 24.611341
60.016444 24.791357 24.286139
60.770171 26.104288 24.288147
60.816320 25.204484 27.282042
60.023343 24.741913 27.553053
60.788518 25.188266 26.325384
58.535663 23.874100 35.254411
57.742685 24.336670 34.983400
58.507860 23.890318 36.211070
58.535663 23.874100 37.925112
57.735787 24.287226 38.250314
58.489513 22.974296 38.248306
58.535663 21.213332 31.706721
57.742685 20.750762 31.435711
58.507860 21.197114 32.663380
58.535663 21.213332 34.377422
58.581812 22.113137 34.700616
59.335539 20.800206 34.702624
60.816320 19.882949 35.254411
60.862470 18.983145 34.931217
61.616197 20.296075 34.929209
60.816320 19.882949 37.925112
60.788518 19.899167 36.968453
60.023343 20.345519 38.196122
60.816320 25.204484 31.706721
60.016444 24.791357 31.381519
60.770171 26.104288 31.383527
60.816320 25.204484 34.377422
60.023343 24.741913 34.648432
60.788518 25.188266 33.420763
58.535663 23.874100 42.349791
57.742685 24.336670 42.078780
58.507860 23.890318 43.306449
58.535663 23.874100 45.020492
57.735787 24.287226 45.345694
58.489513 22.974296 45.343686
58.535663 21.213332 38.802101
57.742685 20.750762 38.531090
58.507860 21.197114 39.758759
58.535663 21.213332 41.472802
58.581812 22.113137 41.795996
59.335539 20.800206 41.798004
60.816320 19.882949 42.349791
60.862470 18.983145 42.026596
61.616197 20.296075 42.024589
60.816320 19.882949 45.020492
60.788518 19.899167 44.063833
60.023343 20.345519 45.291502
60.816320 25.204484 38.802101
60.016444 24.791357 38.476899
60.770171 26.104288 38.478906
60.816320 25.204484 41.472802
60.023343 24.741913 41.743812
60.788518 25.188266 40.516143
58.535663 23.874100 49.445170
57.742685 24.336670 49.174160
58.507860 23.890318 50.401829
58.535663 23.874100 52.115871
57.735787 24.287226 52.441073
58.489513 22.974296 52.439066
58.535663 21.213332 45.897480
57.742685 20.750762 45.626470
58.507860 21.197114 46.854139
58.535663 21.213332 48.568181
58.581812 22.113137 48.891376
59.335539 20.800206 48.893383
60.816320 19.882949 49.445170
60.862470 18.983145 49.121976
61.616197 20.296075 49.119968
60.816320 19.882949 52.115871
60.788518 19.899167 51.159213
60.023343 20.345519 52.386882
60.816320 25.204484 45.897480
60.016444 24.791357 45.572278
60.770171 26.104288 45.574286
60.816320 25.204484 48.568181
60.023343 24.741913 48.839192
60.788518 25.188266 47.611523
58.535663 23.874100 56.540550
57.742685 24.336670 56.269540
58.507860 23.890318 57.497209
58.535663 23.874100 59.211251
57.735787 24.287226 59.536453
58.489513 22.974296 59.534445
58.535663 21.213332 52.992860
57.742685 20.750762 52.721850
58.507860 21.197114 53.949519
58.535663 21.213332 55.663561
58.581812 22.113137 55.986756
59.335539 20.800206 55.988763
60.816320 19.882949 56.540550
60.862470 18.983145 56.217356
61.616197 20.296075 56.215348
60.816320 19.882949 59.211251
60.788518 19.899167 58.254592
60.023343 20.345519 59.482261
60.816320 25.204484 52.992860
60.016444 24.791357 52.667658
60.770171 26.104288 52.669666
60.816320 25.204484 55.663561
60.023343 24.741913 55.934572
60.788518 25.188266 54.706902
58.535663 23.874100 63.635930
57.742685 24.336670 63.364919
58.507860 23.890318 64.592589
58.535663 23.874100 66.306631
57.735787 24.287226 66.631833
58.489513 22.974296 66.629825
58.535663 21.213332 60.088240
57.742685 20.750762 59.817230
58.507860 21.197114 61.044899
58.535663 21.213332 62.758941
58.581812 22.113137 63.082135
59.335539 20.800206 63.084143
60.816320 19.882949 63.635930
60.862470 18.983145 63.312735
61.616197 20.296075 63.310728
60.816320 19.882949 66.306631
60.816320 19.851862 65.349936
60.816320 18.964604 66.576585
60.816320 25.204484 60.088240
60.016444 24.791357 59.763038
60.770171 26.104288 59.765046
60.816320 25.204484 62.758941
60.023343 24.741913 63.029951
60.788518 25.188266 61.802282
58.535663 31.856402 6.872892
57.735787 32.269529 6.547690
58.489513 30.956598 6.549698
58.535663 31.856402 9.543593
57.742685 32.318972 9.814603
58.507860 31.872620 8.586934
58.535663 29.195635 3.325202
57.778712 28.706472 3.002746
59.292613 28.706472 3.002746
58.535663 29.195635 5.995903
57.742685 28.733064 6.266913
58.507860 29.179417 5.039244
60.816320 27.865251 6.872892
60.059370 28.354414 6.550436
61.573271 28.354414 6.550436
60.816320 27.865251 9.543593
60.788518 27.881469 8.586934
60.023343 28.327821 9.814603
60.816320 33.186786 3.325202
60.788518 33.170568 4.281861
60.023343 32.724215 3.054192
60.816320 33.186786 5.995903
60.016444 32.773659 6.321105
60.770171 34.086590 6.319097
58.535663 31.856402 13.968272
57.742685 32.318972 13.697261
58.507860 31.872620 14.924930
58.535663 31.856402 16.638973
57.735787 32.269529 16.964175
58.489513 30.956598 16.962167
58.535663 29.195635 10.420582
58.535663 30.113979 10.150627
58.535663 29.226721 11.377277
58.535663 29.195635 13.091283
58.581812 30.095439 13.414477
59.335539 28.782508 13.416485
60.816320 27.865251 13.968272
60.862470 26.965447 13.645077
61.616197 28.278378 13.643070
60.816320 27.865251 16.638973
60.788518 27.881469 15.682314
60.023343 28.327821 16.909983
60.816320 33.186786 10.420582
60.016444 32.773659 10.095380
60.770171 34.086590 10.097387
60.816320 33.186786 13.091283
60.023343 32.724215 13.362293
60.788518 33.170568 12.134624
58.535663 31.856402 21.063651
57.742685 32.318972 20.792641
58.507860 31.872620 22.020310
58.535663 31.856402 23.734352
57.735787 32.269529 24.059554
58.489513 30.956598 24.057547
58.535663 29.195635 17.515962
57.742685 28.733064 17.244951
58.507860 29.179417 18.472620
58.535663 29.195635 20.186662
58.581812 30.095439 20.509857
59.335539 28.782508 20.511865
60.816320 27.865251 21.063651
60.862470 26.965447 20.740457
61.616197 28.278378 20.738449
60.816320 27.865251 23.734352
60.788518 27.881469 22.777694
60.023343 28.327821 24.005363
60.816320 33.186786 17.515962
60.016444 32.773659 17.190759
60.770171 34.086590 17.192767
60.816320 33.186786 20.186662
60.023343 32.724215 20.457673
60.788518 33.170568 19.230004
58.535663 31.856402 28.159031
57.742685 32.318972 27.888021
58.507860 31.872620 29.115690
58.535663 31.856402 30.829732
57.735787 32.269529 31.154934
58.489513 30.956598 31.152926
58.535663 29.195635 24.611341
57.742685 28.733064 24.340331
58.507860 29.179417 25.568000
58.535663 29.195635 27.282042
58.581812 30.095439 27.605237
59.335539 28.782508 27.607244
60.816320 27.865251 28.159031
60.862470 26.965447 27.835837
61.616197 28.278378 27.833829
60.816320 27.865251 30.829732
60.788518 27.881469 29.873073
60.023343 28.327821 31.100742
60.816320 33.186786 24.611341
60.016444 32.773659 24.286139
60.770171 34.086590 24.288147
60.816320 33.186786 27.282042
60.023343 32.724215 27.553053
60.788518 33.170568 26.325384
58.535663 31.856402 35.254411
57.742685 32.318972 34.983400
58.507860 31.872620 36.211070
58.535663 31.856402 37.925112
57.735787 32.269529 38.250314
58.489513 30.956598 38.248306
58.535663 29.195635 31.706721
57.742685 28.733064 31.435711
58.507860 29.179417 32.663380
58.535663 29.195635 34.377422
58.581812 30.095439 34.700616
59.335539 28.782508 34.702624
60.816320 27.865251 35.254411
60.862470 26.965447 34.931217
61.616197 28.278378 34.929209
60.816320 27.865251 37.925112
60.788518 27.881469 36.968453
60.023343 28.327821 38.196122
60.816320 33.186786 31.706721
60.016444 32.773659 31.381519
60.770171 34.086590 31.383527
60.816320 33.186786 34.377422
60.023343 32.724215 34.648432
60.788518 33.170568 33.420763
58.535663 31.856402 42.349791
57.742685 32.318972 42.078780
58.507860 31.872620 43.306449
58.535663 31.856402 45.020492
57.735787 32.269529 45.345694
58.489513 30.956598 45.343686
58.535663 29.195635 38.802101
57.742685 28.733064 38.531090
58.507860 29.179417 39.758759
58.535663 29.195635 41.472802
58.581812 30.095439 41.795996
59.335539 28.782508 41.798004
60.816320 27.865251 42.349791
60.862470 26.965447 42.026596
61.616197 28.278378 42.024589
60.816320 27.865251 45.020492
60.788518 27.881469 44.063833
60.023343 28.327821 45.291502
60.816320 33.186786 38.802101
60.016444 32.773659 38.476899
60.770171 34.086590 38.478906
60.816320 33.186786 41.472802
60.023343 32.724215 41.743812
60.788518 33.170568 40.516143
58.535663 31.856402 49.445170
57.742685 32.318972 49.174160
58.507860 31.872620 50.401829
58.535663 31.856402 52.115871
57.735787 32.269529 52.441073
58.489513 30.956598 52.439066
58.535663 29.195635 45.897480
57.742685 28.733064 45.626470
58.507860 29.179417 46.854139
58.535663 29.195635 48.568181
58.581812 30.095439 48.891376
59.335539 28.782508 48.893383
60.816320 27.865251 49.445170
60.862470 26.965447 49.121976
61.616197 28.278378 49.119968
60.816320 27.865251 52.115871
60.788518 27.881469 51.159213
60.023343 28.327821 52.386882
60.816320 33.186786 45.897480
60.016444 32.773659 45.572278
60.770171 34.086590 45.574286
60.816320 33.186786 48.568181
60.023343 32.724215 48.839192
60.788518 33.170568 47.611523
58.535663 31.856402 56.540550
57.742685 32.318972 56.269540
58.507860 31.872620 57.497209
58.535663 31.856402 59.211251
57.735787 32.269529 59.536453
58.489513 30.956598 59.534445
58.535663 29.195635 52.992860
57.742685 28.733064 52.721850
58.507860 29.179417 53.949519
58.535663 29.195635 55.663561
58.581812 30.095439 55.986756
59.335539 28.782508 55.988763
60.816320 27.865251 56.540550
60.862470 26.965447 56.217356
61.616197 28.278378 56.215348
60.816320 27.865251 59.211251
60.788518 27.881469 58.254592
60.023343 28.327821 59.482261
60.816320 33.186786 52.992860
60.016444 32.773659 52.667658
60.770171 34.086590 52.669666
60.816320 33.186786 55.663561
60.023343 32.724215 55.934572
60.788518 33.170568 54.706902
58.535663 31.856402 63.635930
57.742685 32.318972 63.364919
58.507860 31.872620 64.592589
58.535663 31.856402 66.306631
57.735787 32.269529 66.631833
58.489513 30.956598 66.629825
58.535663 29.195635 60.088240
57.742685 28.733064 59.817230
58.507860 29.179417 61.044899
58.535663 29.195635 62.758941
58.581812 30.095439 63.082135
59.335539 28.782508 63.084143
60.816320 27.865251 63.635930
60.862470 26.965447 63.312735
61.616197 28.278378 63.310728
60.816320 27.865251 66.306631
60.816320 27.834164 65.349936
60.816320 26.946907 66.576585
60.816320 33.186786 60.088240
60.016444 32.773659 59.763038
60.770171 34.086590 59.765046
60.816320 33.186786 62.758941
60.023343 32.724215 63.029951
60.788518 33.170568 61.802282
58.535663 39.838704 6.872892
57.735787 40.251831 6.547690
58.489513 38.938900 6.549698
58.535663 39.838704 9.543593
57.742685 40.301275 9.814603
58.507860 39.854922 8.586934
58.535663 37.177937 3.325202
57.778712 36.688774 3.002746
59.292613 36.688774 3.002746
58.535663 37.177937 5.995903
57.742685 36.715367 6.266913
58.507860 37.161719 5.039244
60.816320 35.847553 6.872892
60.059370 36.336716 6.550436
61.573271 36.336716 6.550436
60.816320 35.847553 9.543593
60.788518 35.863771 8.586934
60.023343 36.310124 9.814603
60.816320 41.169088 3.325202
60.788518 41.152870 4.281861
60.023343 40.706518 3.054192
60.816320 41.169088 5.995903
60.016444 40.755961 6.321105
60.770171 42.068892 6.319097
58.535663 39.838704 13.968272
57.742685 40.301275 13.697261
58.507860 39.854922 14.924930
58.535663 39.838704 16.638973
57.735787 40.251831 16.964175
58.489513 38.938900 16.962167
58.535663 37.177937 10.420582
58.535663 38.096281 10.150627
58.535663 37.209024 11.377277
58.535663 37.177937 13.091283
58.581812 38.077741 13.414477
59.335539 36.764810 13.416485
60.816320 35.847553 13.968272
60.862470 34.947749 13.645077
61.616197 36.260680 13.643070
60.816320 35.847553 16.638973
60.788518 35.863771 15.682314
60.023343 36.310124 16.909983
60.816320 41.169088 10.420582
60.016444 40.755961 10.095380
60.770171 42.068892 10.097387
60.816320 41.169088 13.091283
60.023343 40.706518 13.362293
60.788518 41.152870 12.134624
58.535663 39.838704 21.063651
57.742685 40.301275 20.792641
58.507860 39.854922 22.020310
58.535663 39.838704 23.734352
57.735787 40.251831 24.059554
58.489513 38.938900 24.057547
58.535663 37.177937 17.515962
57.742685 36.715367 17.244951
58.507860 37.161719 18.472620
58.535663 37.177937 20.186662
58.581812 38.077741 20.509857
59.335539 36.764810 20.511865
60.816320 35.847553 21.063651
60.862470 34.947749 20.740457
61.616197 36.260680 20.738449
60.816320 35.847553 23.734352
60.788518 35.863771 22.777694
60.023343 36.310124 24.005363
60.816320 41.169088 17.515962
60.016444 40.755961 17.190759
60.770171 42.068892 17.192767
60.816320 41.169088 20.186662
60.023343 40.706518 20.457673
60.788518 41.152870 19.230004
58.535663 39.838704 28.159031
57.742685 40.301275 27.888021
58.507860 39.854922 29.115690
58.535663 39.838704 30.829732
57.735787 40.251831 31.154934
58.489513 38.938900 31.152926
58.535663 37.177937 24.611341
57.742685 36.715367 24.340331
58.507860 37.161719 25.568000
58.535663 37.177937 27.282042
58.581812 38.077741 27.605237
59.335539 36.764810 27.607244
60.816320 35.847553 28.159031
60.862470 34.947749 27.835837
61.616197 36.260680 27.833829
60.816320 35.847553 30.829732
60.788518 35.863771 29.873073
60.023343 36.310124 31.100742
60.816320 41.169088 24.611341
60.016444 40.755961 24.286139
60.770171 42.068892 24.288147
60.816320 41.169088 27.282042
60.023343 40.706518 27.553053
60.788518 41.152870 26.325384
58.535663 39.838704 35.254411
57.742685 40.301275 34.983400
58.507860 39.854922 36.211070
58.535663 39.838704 37.925112
57.735787 40.251831 38.250314
58.489513 38.938900 38.248306
58.535663 37.177937 31.706721
57.742685 36.715367 31.435711
58.507860 37.161719 32.663380
58.535663 37.177937 34.377422
58.581812 38.077741 34.700616
59.335539 36.764810 34.702624
60.816320 35.847553 35.254411
60.862470 34.947749 34.931217
61.616197 36.260680 34.929209
60.816320 35.847553 37.925112
60.788518 35.863771 36.968453
60.023343 36.310124 38.196122
60.816320 41.169088 31.706721
60.016444 40.755961 31.381519
60.770171 42.068892 31.383527
60.816320 41.169088 34.377422
60.023343 40.706518 34.648432
60.788518 41.152870 33.420763
58.535663 39.838704 42.349791
57.742685 40.301275 42.078780
58.507860 39.854922 43.306449
58.535663 39.838704 45.020492
57.735787 40.251831 45.345694
58.489513 38.938900 45.343686
58.535663 37.177937 38.802101
57.742685 36.715367 38.531090
58.507860 37.161719 39.758759
58.535663 37.177937 41.472802
58.581812 38.077741 41.795996
59.335539 36.764810 41.798004
60.816320 35.847553 42.349791
60.862470 34.947749 42.026596
61.616197 36.260680 42.024589
60.816320 35.847553 45.020492
60.788518 35.863771 44.063833
60.023343 36.310124 45.291502
60.816320 41.169088 38.802101
60.016444 40.755961 38.476899
60.770171 42.068892 38.478906
60.816320 41.169088 41.472802
60.023343 40.706518 41.743812
60.788518 41.152870 40.516143
58.535663 39.838704 49.445170
57.742685 40.301275 49.174160
58.507860 39.854922 50.401829
58.535663 39.838704 52.115871
57.735787 40.251831 52.441073
58.489513 38.938900 52.439066
58.535663 37.177937 45.897480
57.742685 36.715367 45.626470
58.507860 37.161719 46.854139
58.535663 37.177937 48.568181
58.581812 38.077741 48.891376
59.335539 36.764810 48.893383
60.816320 35.847553 49.445170
60.862470 34.947749 49.121976
61.616197 36.260680 49.119968
60.816320 35.847553 52.115871
60.788518 35.863771 51.159213
60.023343 36.310124 52.386882
60.816320 41.169088 45.897480
60.016444 40.755961 45.572278
60.770171 42.068892 45.574286
60.816320 41.169088 48.568181
60.023343 40.706518 48.839192
60.788518 41.152870 47.611523
58.535663 39.838704 56.540550
57.742685 40.301275 56.269540
58.507860 39.854922 57.497209
58.535663 39.838704 59.211251
57.735787 40.251831 59.536453
58.489513 38.938900 59.534445
58.535663 37.177937 52.992860
57.742685 36.715367 52.721850
58.507860 37.161719 53.949519
58.535663 37.177937 55.663561
58.581812 38.077741 55.986756
59.335539 36.764810 55.988763
60.816320 35.847553 56.540550
60.862470 34.947749 56.217356
61.616197 36.260680 56.215348
60.816320 35.847553 59.211251
60.788518 35.863771 58.254592
60.023343 36.310124 59.482261
60.816320 41.169088 52.992860
60.016444 40.755961 52.667658
60.770171 42.068892 52.669666
60.816320 41.169088 55.663561
60.023343 40.706518 55.934572
60.788518 41.152870 54.706902
58.535663 39.838704 63.635930
57.742685 40.301275 63.364919
58.507860 39.854922 64.592589
58.535663 39.838704 66.306631
57.735787 40.251831 66.631833
58.489513 38.938900 66.629825
58.535663 37.177937 60.088240
57.742685 36.715367 59.817230
58.507860 37.161719 61.044899
58.535663 37.177937 62.758941
58.581812 38.077741 63.082135
59.335539 36.764810 63.084143
60.816320 35.847553 63.635930
60.862470 34.947749 63.312735
61.616197 36.260680 63.310728
60.816320 35.847553 66.306631
60.816320 35.816466 65.349936
60.816320 34.929209 66.576585
60.816320 41.169088 60.088240
60.016444 40.755961 59.763038
60.770171 42.068892 59.765046
60.816320 41.169088 62.758941
60.023343 40.706518 63.029951
60.788518 41.152870 61.802282
58.535663 47.821007 6.872892
57.735787 48.234133 6.547690
58.489513 46.921202 6.549698
58.535663 47.821007 9.543593
57.742685 48.283577 9.814603
58.507860 47.837225 8.586934
58.535663 45.160239 3.325202
57.778712 44.671076 3.002746
59.292613 44.671076 3.002746
58.535663 45.160239 5.995903
57.742685 44.697669 6.266913
58.507860 45.144021 5.039244
60.816320 43.829855 6.872892
60.059370 44.319018 6.550436
61.573271 44.319018 6.550436
60.816320 43.829855 9.543593
60.788518 43.846073 8.586934
60.023343 44.292426 9.814603
60.816320 49.151390 3.325202
60.788518 49.135172 4.281861
60.023343 48.688820 3.054192
60.816320 49.151390 5.995903
60.016444 48.738264 6.321105
60.770171 50.051194 6.319097
58.535663 47.821007 13.968272
57.742685 48.283577 13.697261
58.507860 47.837225 14.924930
58.535663 47.821007 16.638973
57.735787 48.234133 16.964175
58.489513 46.921202 16.962167
58.535663 45.160239 10.420582
58.535663 46.078583 10.150627
58.535663 45.191326 11.377277
58.535663 45.160239 13.091283
58.581812 46.060043 13.414477
59.335539 44.747113 13.416485
60.816320 43.829855 13.968272
60.862470 42.930051 13.645077
61.616197 44.242982 13.643070
60.816320 43.829855 16.638973
60.788518 43.846073 15.682314
60.023343 44.292426 16.909983
60.816320 49.151390 10.420582
60.016444 48.738264 10.095380
60.770171 50.051194 10.097387
60.816320 49.151390 13.091283
60.023343 48.688820 13.362293
60.788518 49.135172 12.134624
58.535663 47.821007 21.063651
57.742685 48.283577 20.792641
58.507860 47.837225 22.020310
58.535663 47.821007 23.734352
57.735787 48.234133 24.059554
58.489513 46.921202 24.057547
58.535663 45.160239 17.515962
57.742685 44.697669 17.244951
58.507860 45.144021 18.472620
58.535663 45.160239 20.186662
58.581812 46.060043 20.509857
59.335539 44.747113 20.511865
60.816320 43.829855 21.063651
60.862470 42.930051 20.740457
61.616197 44.242982 20.738449
60.816320 43.829855 23.734352
60.788518 43.846073 22.777694
60.023343 44.292426 24.005363
60.816320 49.151390 17.515962
60.016444 48.738264 17.190759
60.770171 50.051194 17.192767
60.816320 49.151390 20.186662
60.023343 48.688820 20.457673
60.788518 49.135172 19.230004
58.535663 47.821007 28.159031
57.742685 48.283577 27.888021
58.507860 47.837225 29.115690
58.535663 47.821007 30.829732
57.735787 48.234133 31.154934
58.489513 46.921202 31.152926
58.535663 45.160239 24.611341
57.742685 44.697669 24.340331
58.507860 45.144021 25.568000
58.535663 45.160239 27.282042
58.581812 46.060043 27.605237
59.335539 44.747113 27.607244
60.816320 43.829855 28.159031
60.862470 42.930051 27.835837
61.616197 44.242982 27.833829
60.816320 43.829855 30.829732
60.788518 43.846073 29.873073
60.023343 44.292426 31.100742
60.816320 49.151390 24.611341
60.016444 48.738264 24.286139
60.770171 50.051194 24.288147
60.816320 49.151390 27.282042
60.023343 48.688820 27.553053
60.788518 49.135172 26.325384
58.535663 47.821007 35.254411
57.742685 48.283577 34.983400
58.507860 47.837225 36.211070
58.535663 47.821007 37.925112
57.735787 48.234133 38.250314
58.489513 46.921202 38.248306
58.535663 45.160239 31.706721
57.742685 44.697669 31.435711
58.507860 45.144021 32.663380
58.535663 45.160239 34.377422
58.581812 46.060043 34.700616
59.335539 44.747113 34.702624
60.816320 43.829855 35.254411
60.862470 42.930051 34.931217
61.616197 44.242982 34.929209
60.816320 43.829855 37.925112
60.788518 43.846073 36.968453
60.023343 44.292426 38.196122
60.816320 49.151390 31.706721
60.016444 48.738264 31.381519
60.770171 50.051194 31.383527
60.816320 49.151390 34.377422
60.023343 48.688820 34.648432
60.788518 49.135172 33.420763
58.535663 47.821007 42.349791
57.742685 48.283577 42.078780
58.507860 47.837225 43.306449
58.535663 47.821007 45.020492
57.735787 48.234133 45.345694
58.489513 46.921202 45.343686
58.535663 45.160239 38.802101
57.742685 44.697669 38.531090
58.507860 45.144021 39.758759
58.535663 45.160239 41.472802
58.581812 46.060043 41.795996
59.335539 44.747113 41.798004
60.816320 43.829855 42.349791
60.862470 42.930051 42.026596
61.616197 44.242982 42.024589
60.816320 43.829855 45.020492
60.788518 43.846073 44.063833
60.023343 44.292426 45.291502
60.816320 49.151390 38.802101
60.016444 48.738264 38.476899
60.770171 50.051194 38.478906
60.816320 49.151390 41.472802
60.023343 48.688820 41.743812
60.788518 49.135172 40.516143
58.535663 47.821007 49.445170
57.742685 48.283577 49.174160
58.507860 47.837225 50.401829
58.535663 47.821007 52.115871
57.735787 48.234133 52.441073
58.489513 46.921202 52.439066
58.535663 45.160239 45.897480
57.742685 44.697669 45.626470
58.507860 45.144021 46.854139
58.535663 45.160239 48.568181
58.581812 46.060043 48.891376
59.335539 44.747113 48.893383
60.816320 43.829855 49.445170
60.862470 42.930051 49.121976
61.616197 44.242982 49.119968
60.816320 43.829855 52.115871
60.788518 43.846073 51.159213
60.023343 44.292426 52.386882
60.816320 49.151390 45.897480
60.016444 48.738264 45.572278
60.770171 50.051194 45.574286
60.816320 49.151390 48.568181
60.023343 48.688820 48.839192
60.788518 49.135172 47.611523
58.535663 47.821007 56.540550
57.742685 48.283577 56.269540
58.507860 47.837225 57.497209
58.535663 47.821007 59.211251
57.735787 48.234133 59.536453
58.489513 46.921202 59.534445
58.535663 45.160239 52.992860
57.742685 44.697669 52.721850
58.507860 45.144021 53.949519
58.535663 45.160239 55.663561
58.581812 46.060043 55.986756
59.335539 44.747113 55.988763
60.816320 43.829855 56.540550
60.862470 42.930051 56.217356
61.616197 44.242982 56.215348
60.816320 43.829855 59.211251
60.788518 43.846073 58.254592
60.023343 44.292426 59.482261
60.816320 49.151390 52.992860
60.016444 48.738264 52.667658
60.770171 50.051194 52.669666
60.816320 49.151390 55.663561
60.023343 48.688820 55.934572
60.788518 49.135172 54.706902
58.535663 47.821007 63.635930
57.742685 48.283577 63.364919
58.507860 47.837225 64.592589
58.535663 47.821007 66.306631
57.735787 48.234133 66.631833
58.489513 46.921202 66.629825
58.535663 45.160239 60.088240
57.742685 44.697669 59.817230
58.507860 45.144021 61.044899
58.535663 45.160239 62.758941
58.581812 46.060043 63.082135
59.335539 44.747113 63.084143
60.816320 43.829855 63.635930
60.862470 42.930051 63.312735
61.616197 44.242982 63.310728
60.816320 43.829855 66.306631
60.816320 43.798769 65.349936
60.816320 42.911511 66.576585
60.816320 49.151390 60.088240
60.016444 48.738264 59.763038
60.770171 50.051194 59.765046
60.816320 49.151390 62.758941
60.023343 48.688820 63.029951
60.788518 49.135172 61.802282
58.535663 55.803309 6.872892
57.735787 56.216435 6.547690
58.489513 54.903505 6.549698
58.535663 55.803309 9.543593
57.742685 56.265879 9.814603
58.507860 55.819527 8.586934
58.535663 53.142541 3.325202
57.778712 52.653379 3.002746
59.292613 52.653379 3.002746
58.535663 53.142541 5.995903
57.742685 52.679971 6.266913
58.507860 53.126323 5.039244
60.816320 51.812158 6.872892
60.059370 52.301320 6.550436
61.573271 52.301320 6.550436
60.816320 51.812158 9.543593
60.788518 51.828376 8.586934
60.023343 52.274728 9.814603
60.816320 57.133692 3.325202
60.788518 57.117474 4.281861
60.023343 56.671122 3.054192
60.816320 57.133692 5.995903
60.016444 56.720566 6.321105
60.770171 58.033497 6.319097
58.535663 55.803309 13.968272
57.742685 56.265879 13.697261
58.507860 55.819527 14.924930
58.535663 55.803309 16.638973
57.735787 56.216435 16.964175
58.489513 54.903505 16.962167
58.535663 53.142541 10.420582
58.535663 54.060886 10.150627
58.535663 53.173628 11.377277
58.535663 53.142541 13.091283
58.581812 54.042345 13.414477
59.335539 52.729415 13.416485
60.816320 51.812158 13.968272
60.862470 50.912353 13.645077
61.616197 52.225284 13.643070
60.816320 51.812158 16.638973
60.788518 51.828376 15.682314
60.023343 52.274728 16.909983
60.816320 57.133692 10.420582
60.016444 56.720566 10.095380
60.770171 58.033497 10.097387
60.816320 57.133692 13.091283
60.023343 56.671122 13.362293
60.788518 57.117474 12.134624
58.535663 55.803309 21.063651
57.742685 56.265879 20.792641
58.507860 55.819527 22.020310
58.535663 55.803309 23.734352
57.735787 56.216435 24.059554
58.489513 54.903505 24.057547
58.535663 53.142541 17.515962
57.742685 52.679971 17.244951
58.507860 53.126323 18.472620
58.535663 53.142541 20.186662
58.581812 54.042345 20.509857
59.335539 52.729415 20.511865
60.816320 51.812158 21.063651
60.862470 50.912353 20.740457
61.616197 52.225284 20.738449
60.816320 51.812158 23.734352
60.788518 51.828376 22.777694
60.023343 52.274728 24.005363
60.816320 57.133692 17.515962
60.016444 56.720566 17.190759
60.770171 58.033497 17.192767
60.816320 57.133692 20.186662
60.023343 56.671122 20.457673
60.788518 57.117474 19.230004
58.535663 55.803309 28.159031
57.742685 56.265879 27.888021
58.507860 55.819527 29.115690
58.535663 55.803309 30.829732
57.735787 56.216435 31.154934
58.489513 54.903505 31.152926
58.535663 53.142541 24.611341
57.742685 52.679971 24.340331
58.507860 53.126323 25.568000
58.535663 53.142541 27.282042
58.581812 54.042345 27.605237
59.335539 52.729415 27.607244
60.816320 51.812158 28.159031
60.862470 50.912353 27.835837
61.616197 52.225284 27.833829
60.816320 51.812158 30.829732
60.788518 51.828376 29.873073
60.023343 52.274728 31.100742
60.816320 57.133692 24.611341
60.016444 56.720566 24.286139
60.770171 58.033497 24.288147
60.816320 57.133692 27.282042
60.023343 56.671122 27.553053
60.788518 57.117474 26.325384
58.535663 55.803309 35.254411
57.742685 56.265879 34.983400
58.507860 55.819527 36.211070
58.535663 55.803309 37.925112
57.735787 56.216435 38.250314
58.489513 54.903505 38.248306
58.535663 53.142541 31.706721
57.742685 52.679971 31.435711
58.507860 53.126323 32.663380
58.535663 53.142541 34.377422
58.581812 54.042345 34.700616
59.335539 52.729415 34.702624
60.816320 51.812158 35.254411
60.862470 50.912353 34.931217
61.616197 52.225284 34.929209
60.816320 51.812158 37.925112
60.788518 51.828376 36.968453
60.023343 52.274728 38.196122
60.816320 57.133692 31.706721
60.016444 56.720566 31.381519
60.770171 58.033497 31.383527
60.816320 57.133692 34.377422
60.023343 56.671122 34.648432
60.788518 57.117474 33.420763
58.535663 55.803309 42.349791
57.742685 56.265879 42.078780
58.507860 55.819527 43.306449
58.535663 55.803309 45.020492
57.735787 56.216435 45.345694
58.489513 54.903505 45.343686
58.535663 53.142541 38.802101
57.742685 52.679971 38.531090
58.507860 53.126323 39.758759
58.535663 53.142541 41.472802
58.581812 54.042345 41.795996
59.335539 52.729415 41.798004
60.816320 51.812158 42.349791
60.862470 50.912353 42.026596
61.616197 52.225284 42.024589
60.816320 51.812158 45.020492
60.788518 51.828376 44.063833
60.023343 52.274728 45.291502
60.816320 57.133692 38.802101
60.016444 56.720566 38.476899
60.770171 58.033497 38.478906
60.816320 57.133692 41.472802
60.023343 56.671122 41.743812
60.788518 57.117474 40.516143
58.535663 55.803309 49.445170
57.742685 56.265879 49.174160
58.507860 55.819527 50.401829
58.535663 55.803309 52.115871
57.735787 56.216435 52.441073
58.489513 54.903505 52.439066
58.535663 53.142541 45.897480
57.742685 52.679971 45.626470
58.507860 53.126323 46.854139
58.535663 53.142541 48.568181
58.581812 54.042345 48.891376
59.335539 52.729415 48.893383
60.816320 51.812158 49.445170
60.862470 50.912353 49.121976
61.616197 52.225284 49.119968
60.816320 51.812158 52.115871
60.788518 51.828376 51.159213
60.023343 52.274728 52.386882
60.816320 57.133692 45.897480
60.016444 56.720566 45.572278
60.770171 58.033497 45.574286
60.816320 57.133692 48.568181
60.023343 56.671122 48.839192
60.788518 57.117474 47.611523
58.535663 55.803309 56.540550
57.742685 56.265879 56.269540
58.507860 55.819527 57.497209
58.535663 55.803309 59.211251
57.735787 56.216435 59.536453
58.489513 54.903505 59.534445
58.535663 53.142541 52.992860
57.742685 52.679971 52.721850
58.507860 53.126323 53.949519
58.535663 53.142541 55.663561
58.581812 54.042345 55.986756
59.335539 52.729415 55.988763
60.816320 51.812158 56.540550
60.862470 50.912353 56.217356
61.616197 52.225284 56.215348
60.816320 51.812158 59.211251
60.788518 51.828376 58.254592
60.023343 52.274728 59.482261
60.816320 57.133692 52.992860
60.016444 56.720566 52.667658
60.770171 58.033497 52.669666
60.816320 57.133692 55.663561
60.023343 56.671122 55.934572
60.788518 57.117474 54.706902
58.535663 55.803309 63.635930
57.778712 56.292471 63.313474
59.292613 56.292471 63.313474
58.535663 55.803309 66.306631
58.535663 54.884964 66.576585
58.535663 55.772222 65.349936
58.535663 53.142541 60.088240
57.742685 52.679971 59.817230
58.507860 53.126323 61.044899
58.535663 53.142541 62.758941
58.581812 54.042345 63.082135
59.335539 52.729415 63.084143
60.816320 51.812158 63.635930
60.862470 50.912353 63.312735
61.616197 52.225284 63.310728
60.816320 51.812158 66.306631
60.816320 51.781071 65.349936
60.816320 50.893813 66.576585
60.816320 57.133692 60.088240
60.016444 56.720566 59.763038
60.770171 58.033497 59.765046
60.816320 57.133692 62.758941
60.844123 57.117474 61.802282
61.609298 56.671122 63.029951
58.535663 63.785611 6.872892
57.735787 64.198737 6.547690
58.489513 62.885807 6.549698
58.535663 63.785611 9.543593
58.563465 63.801829 8.586934
59.328641 64.248181 9.814603
58.535663 61.124844 3.325202
57.778712 60.635681 3.002746
59.292613 60.635681 3.002746
58.535663 61.124844 5.995903
57.742685 60.662273 6.266913
58.507860 61.108625 5.039244
60.816320 59.794460 6.872892
60.059370 60.283623 6.550436
61.573271 60.283623 6.550436
60.816320 59.794460 9.543593
60.844123 59.810678 8.586934
61.609298 60.257030 9.814603
60.816320 65.115995 3.325202
60.788518 65.099777 4.281861
60.023343 64.653424 3.054192
60.816320 65.115995 5.995903
60.059370 64.626832 6.318359
61.573271 64.626832 6.318359
58.535663 63.785611 13.968272
57.735787 64.198737 13.643070
58.489513 62.885807 13.645077
58.535663 63.785611 16.638973
57.742685 64.248181 16.909983
58.507860 63.801829 15.682314
58.535663 61.124844 10.420582
58.581812 62.024648 10.097387
59.335539 60.711717 10.095380
58.535663 61.124844 13.091283
57.742685 60.662273 13.362293
58.507860 61.108625 12.134624
60.816320 59.794460 13.968272
60.770171 58.894656 13.645077
60.016444 60.207586 13.643070
60.816320 59.794460 16.638973
60.844123 59.810678 15.682314
61.609298 60.257030 16.909983
60.816320 65.115995 10.420582
60.816320 66.034339 10.150627
60.816320 65.147081 11.377277
60.816320 65.115995 13.091283
60.059370 64.626832 13.413739
61.573271 64.626832 13.413739
58.535663 63.785611 21.063651
57.735787 64.198737 20.738449
58.489513 62.885807 20.740457
58.535663 63.785611 23.734352
58.563465 63.801829 22.777694
59.328641 64.248181 24.005363
58.535663 61.124844 17.515962
58.581812 62.024648 17.192767
59.335539 60.711717 17.190759
58.535663 61.124844 20.186662
57.742685 60.662273 20.457673
58.507860 61.108625 19.230004
60.816320 59.794460 21.063651
60.770171 58.894656 20.740457
60.016444 60.207586 20.738449
60.816320 59.794460 23.734352
60.844123 59.810678 22.777694
61.609298 60.257030 24.005363
60.816320 65.115995 17.515962
60.023343 64.653424 17.244951
60.788518 65.099777 18.472620
60.816320 65.115995 20.186662
60.059370 64.626832 20.509119
61.573271 64.626832 20.509119
58.535663 63.785611 28.159031
57.735787 64.198737 27.833829
58.489513 62.885807 27.835837
58.535663 63.785611 30.829732
57.742685 64.248181 31.100742
58.507860 63.801829 29.873073
58.535663 61.124844 24.611341
58.581812 62.024648 24.288147
59.335539 60.711717 24.286139
58.535663 61.124844 27.282042
57.742685 60.662273 27.553053
58.507860 61.108625 26.325384
60.816320 59.794460 28.159031
60.770171 58.894656 27.835837
60.016444 60.207586 27.833829
60.816320 59.794460 30.829732
60.844123 59.810678 29.873073
61.609298 60.257030 31.100742
60.816320 65.115995 24.611341
60.816320 66.034339 24.341387
60.816320 65.147081 25.568036
60.816320 65.115995 27.282042
60.059370 64.626832 27.604498
61.573271 64.626832 27.604498
58.535663 63.785611 35.254411
57.735787 64.198737 34.929209
58.489513 62.885807 34.931217
58.535663 63.785611 37.925112
58.563465 63.801829 36.968453
59.328641 64.248181 38.196122
58.535663 61.124844 31.706721
58.581812 62.024648 31.383527
59.335539 60.711717 31.381519
58.535663 61.124844 34.377422
57.742685 60.662273 34.648432
58.507860 61.108625 33.420763
60.816320 59.794460 35.254411
60.770171 58.894656 34.931217
60.016444 60.207586 34.929209
60.816320 59.794460 37.925112
60.844123 59.810678 36.968453
61.609298 60.257030 38.196122
60.816320 65.115995 31.706721
60.023343 64.653424 31.435711
60.788518 65.099777 32.663380
60.816320 65.115995 34.377422
60.059370 64.626832 34.699878
61.573271 64.626832 34.699878
58.535663 63.785611 42.349791
57.735787 64.198737 42.024589
58.489513 62.885807 42.026596
58.535663 63.785611 45.020492
57.742685 64.248181 45.291502
58.507860 63.801829 44.063833
58.535663 61.124844 38.802101
58.581812 62.024648 38.478906
59.335539 60.711717 38.476899
58.535663 61.124844 41.472802
57.742685 60.662273 41.743812
58.507860 61.108625 40.516143
60.816320 59.794460 42.349791
60.770171 58.894656 42.026596
60.016444 60.207586 42.024589
60.816320 59.794460 45.020492
60.844123 59.810678 44.063833
61.609298 60.257030 45.291502
60.816320 65.115995 38.802101
60.816320 66.034339 38.532146
60.816320 65.147081 39.758796
60.816320 65.115995 41.472802
60.059370 64.626832 41.795258
61.573271 64.626832 41.795258
58.535663 63.785611 49.445170
57.735787 64.198737 49.119968
58.489513 62.885807 49.121976
58.535663 63.785611 52.115871
58.563465 63.801829 51.159213
59.328641 64.248181 52.386882
58.535663 61.124844 45.897480
58.581812 62.024648 45.574286
59.335539 60.711717 45.572278
58.535663 61.124844 48.568181
57.742685 60.662273 48.839192
58.507860 61.108625 47.611523
60.816320 59.794460 49.445170
60.770171 58.894656 49.121976
60.016444 60.207586 49.119968
60.816320 59.794460 52.115871
60.844123 59.810678 51.159213
61.609298 60.257030 52.386882
60.816320 65.115995 45.897480
60.023343 64.653424 45.626470
60.788518 65.099777 46.854139
60.816320 65.115995 48.568181
60.059370 64.626832 48.890637
61.573271 64.626832 48.890637
58.535663 63.785611 56.540550
57.735787 64.198737 56.215348
58.489513 62.885807 56.217356
58.535663 63.785611 59.211251
57.742685 64.248181 59.482261
58.507860 63.801829 58.254592
58.535663 61.124844 52.992860
58.581812 62.024648 52.669666
59.335539 60.711717 52.667658
58.535663 61.124844 55.663561
57.742685 60.662273 55.934572
58.507860 61.108625 54.706902
60.816320 59.794460 56.540550
60.770171 58.894656 56.217356
60.016444 60.207586 56.215348
60.816320 59.794460 59.211251
60.844123 59.810678 58.254592
61.609298 60.257030 59.482261
60.816320 65.115995 52.992860
60.816320 66.034339 52.722906
60.816320 65.147081 53.949555
60.816320 65.115995 55.663561
60.059370 64.626832 55.986017
61.573271 64.626832 55.986017
58.535663 63.785611 63.635930
58.563465 63.801829 64.592589
59.328641 64.248181 63.364919
58.535663 63.785611 66.306631
57.735787 64.198737 66.631833
58.489513 62.885807 66.629825
58.535663 61.124844 60.088240
58.581812 62.024648 59.765046
59.335539 60.711717 59.763038
58.535663 61.124844 62.758941
58.535663 62.043188 63.028895
58.535663 61.155930 61.802246
60.816320 59.794460 63.635930
60.016444 60.207586 63.310728
60.770171 58.894656 63.312735
60.816320 59.794460 66.306631
60.816320 58.876115 66.576585
60.816320 59.763373 65.349936
60.816320 65.115995 60.088240
60.023343 64.653424 59.817230
60.788518 65.099777 61.044899
60.816320 65.115995 62.758941
60.862470 66.015799 63.082135
61.616197 64.702868 63.084143
63.096978 7.909495 6.872892
62.304000 8.372066 6.601882
63.069176 7.925714 7.829551
63.096978 7.909495 9.543593
62.297102 8.322622 9.868795
63.050829 7.009691 9.866787
63.096978 5.248728 3.325202
62.304000 4.786158 3.054192
63.069176 5.232510 4.281861
63.096978 5.248728 5.995903
62.297102 4.835602 6.321105
63.050829 6.148532 6.319097
65.377636 3.918344 6.872892
64.584658 4.380915 6.601882
65.349834 3.934562 7.829551
65.377636 3.918344 9.543593
66.134586 4.407507 9.866049
64.620686 4.407507 9.866049
65.377636 9.239879 3.325202
65.349834 9.223661 4.281861
64.584658 8.777309 3.054192
65.377636 9.239879 5.995903
64.620686 8.750716 6.318359
66.134586 8.750716 6.318359
63.096978 7.909495 13.968272
62.304000 8.372066 13.697261
63.069176 7.925714 14.924930
63.096978 7.909495 16.638973
62.297102 8.322622 16.964175
63.050829 7.009691 16.962167
63.096978 5.248728 10.420582
62.304000 4.786158 10.149571
63.069176 5.232510 11.377240
63.096978 5.248728 13.091283
62.297102 4.835602 13.416485
63.050829 6.148532 13.414477
65.377636 3.918344 13.968272
64.584658 4.380915 13.697261
65.349834 3.934562 14.924930
65.377636 3.918344 16.638973
66.134586 4.407507 16.961429
64.620686 4.407507 16.961429
65.377636 9.239879 10.420582
64.584658 8.777309 10.149571
65.349834 9.223661 11.377240
65.377636 9.239879 13.091283
64.577760 8.826753 13.416485
65.331487 10.139683 13.414477
63.096978 7.909495 21.063651
62.304000 8.372066 20.792641
63.069176 7.925714 22.020310
63.096978 7.909495 23.734352
62.297102 8.322622 24.059554
63.050829 7.009691 24.057547
63.096978 5.248728 17.515962
62.304000 4.786158 17.244951
63.069176 5.232510 18.472620
63.096978 5.248728 20.186662
62.297102 4.835602 20.511865
63.050829 6.148532 20.509857
65.377636 3.918344 21.063651
64.584658 4.380915 20.792641
65.349834 3.934562 22.020310
65.377636 3.918344 23.734352
66.134586 4.407507 24.056808
64.620686 4.407507 24.056808
65.377636 9.239879 17.515962
64.584658 8.777309 17.244951
65.349834 9.223661 18.472620
65.377636 9.239879 20.186662
64.577760 8.826753 20.511865
65.331487 10.139683 20.509857
63.096978 7.909495 28.159031
62.304000 8.372066 27.888021
63.069176 7.925714 29.115690
63.096978 7.909495 30.829732
62.297102 8.322622 31.154934
63.050829 7.009691 31.152926
63.096978 5.248728 24.611341
62.304000 4.786158 24.340331
63.069176 5.232510 25.568000
63.096978 5.248728 27.282042
62.297102 4.835602 27.607244
63.050829 6.148532 27.605237
65.377636 3.918344 28.159031
64.584658 4.380915 27.888021
65.349834 3.934562 29.115690
65.377636 3.918344 30.829732
66.134586 4.407507 31.152188
64.620686 4.407507 31.152188
65.377636 9.239879 24.611341
64.584658 8.777309 24.340331
65.349834 9.223661 25.568000
65.377636 9.239879 27.282042
64.577760 8.826753 27.607244
65.331487 10.139683 27.605237
63.096978 7.909495 35.254411
62.304000 8.372066 34.983400
63.069176 7.925714 36.211070
63.096978 7.909495 37.925112
62.297102 8.322622 38.250314
63.050829 7.009691 38.248306
63.096978 5.248728 31.706721
62.304000 4.786158 31.435711
63.069176 5.232510 32.663380
63.096978 5.248728 34.377422
62.297102 4.835602 34.702624
63.050829 6.148532 34.700616
65.377636 3.918344 35.254411
64.584658 4.380915 34.983400
65.349834 3.934562 36.211070
65.377636 3.918344 37.925112
66.134586 4.407507 38.247568
64.620686 4.407507 38.247568
65.377636 9.239879 31.706721
64.584658 8.777309 31.435711
65.349834 9.223661 32.663380
65.377636 9.239879 34.377422
64.577760 8.826753 34.702624
65.331487 10.139683 34.700616
63.096978 7.909495 42.349791
62.304000 8.372066 42.078780
63.069176 7.925714 43.306449
63.096978 7.909495 45.020492
62.297102 8.322622 45.345694
63.050829 7.009691 45.343686
63.096978 5.248728 38.802101
62.304000 4.786158 38.531090
63.069176 5.232510 39.758759
63.096978 5.248728 41.472802
62.297102 4.835602 41.798004
63.050829 6.148532 41.795996
65.377636 3.918344 42.349791
64.584658 4.380915 42.078780
65.349834 3.934562 43.306449
65.377636 3.918344 45.020492
66.134586 4.407507 45.342948
64.620686 4.407507 45.342948
65.377636 9.239879 38.802101
64.584658 8.777309 38.531090
65.349834 9.223661 39.758759
65.377636 9.239879 41.472802
64.577760 8.826753 41.798004
65.331487 10.139683 41.795996
63.096978 7.909495 49.445170
62.304000 8.372066 49.174160
63.069176 7.925714 50.401829
63.096978 7.909495 52.115871
62.297102 8.322622 52.441073
63.050829 7.009691 52.439066
63.096978 5.248728 45.897480
62.304000 4.786158 45.626470
63.069176 5.232510 46.854139
63.096978 5.248728 48.568181
62.297102 4.835602 48.893383
63.050829 6.148532 48.891376
65.377636 3.918344 49.445170
64.584658 4.380915 49.174160
65.349834 3.934562 50.401829
65.377636 3.918344 52.115871
66.134586 4.407507 52.438327
64.620686 4.407507 52.438327
65.377636 9.239879 45.897480
64.584658 8.777309 45.626470
65.349834 9.223661 46.854139
65.377636 9.239879 48.568181
64.577760 8.826753 48.893383
65.331487 10.139683 48.891376
63.096978 7.909495 56.540550
62.304000 8.372066 56.269540
63.069176 7.925714 57.497209
63.096978 7.909495 59.211251
62.297102 8.322622 59.536453
63.050829 7.009691 59.534445
63.096978 5.248728 52.992860
62.304000 4.786158 52.721850
63.069176 5.232510 53.949519
63.096978 5.248728 55.663561
62.297102 4.835602 55.988763
63.050829 6.148532 55.986756
65.377636 3.918344 56.540550
64.584658 4.380915 56.269540
65.349834 3.934562 57.497209
65.377636 3.918344 59.211251
66.134586 4.407507 59.533707
64.620686 4.407507 59.533707
65.377636 9.239879 52.992860
64.584658 8.777309 52.721850
65.349834 9.223661 53.949519
65.377636 9.239879 55.663561
64.577760 8.826753 55.988763
65.331487 10.139683 55.986756
63.096978 7.909495 63.635930
62.304000 8.372066 63.364919
63.069176 7.925714 64.592589
63.096978 7.909495 66.306631
63.050829 7.009691 66.629825
62.297102 8.322622 66.631833
63.096978 5.248728 60.088240
62.304000 4.786158 59.817230
63.069176 5.232510 61.044899
63.096978 5.248728 62.758941
62.297102 4.835602 63.084143
63.050829 6.148532 63.082135
65.377636 3.918344 63.635930
64.577760 4.331471 63.310728
65.331487 3.018540 63.312735
65.377636 3.918344 66.306631
64.584658 4.380915 66.577641
65.349834 3.934562 65.349972
65.377636 9.239879 60.088240
64.584658 8.777309 59.817230
65.349834 9.223661 61.044899
65.377636 9.239879 62.758941
64.577760 8.826753 63.084143
65.331487 10.139683 63.082135
63.096978 15.891798 6.872892
62.297102 16.304924 6.547690
63.050829 14.991994 6.549698
63.096978 15.891798 9.543593
62.304000 16.354368 9.814603
63.069176 15.908016 8.586934
63.096978 13.231030 3.325202
62.340028 12.741868 3.002746
63.853929 12.741868 3.002746
63.096978 13.231030 5.995903
62.304000 12.768460 6.266913
63.069176 13.214812 5.039244
65.377636 11.900647 6.872892
64.577760 12.313773 6.547690
65.331487 11.000842 6.549698
65.377636 11.900647 9.543593
65.377636 10.982302 9.813547
65.377636 11.869560 8.586898
65.377636 17.222181 3.325202
66.134586 16.733019 3.002746
64.620686 16.733019 3.002746
65.377636 17.222181 5.995903
64.584658 16.759611 6.266913
65.349834 17.205963 5.039244
63.096978 15.891798 13.968272
62.304000 16.354368 13.697261
63.069176 15.908016 14.924930
63.096978 15.891798 16.638973
62.297102 16.304924 16.964175
63.050829 14.991994 16.962167
63.096978 13.231030 10.420582
63.143128 14.130834 10.097387
63.896854 12.817904 10.095380
63.096978 13.231030 13.091283
63.096978 14.149375 13.361237
63.096978 13.262117 12.134588
65.377636 11.900647 13.968272
66.134586 12.389809 13.645816
64.620686 12.389809 13.645816
65.377636 11.900647 16.638973
65.377636 10.982302 16.908927
65.377636 11.869560 15.682278
65.377636 17.222181 10.420582
64.577760 16.809055 10.095380
65.331487 18.121986 10.097387
65.377636 17.222181 13.091283
64.584658 16.759611 13.362293
65.349834 17.205963 12.134624
63.096978 15.891798 21.063651
62.304000 16.354368 20.792641
63.069176 15.908016 22.020310
63.096978 15.891798 23.734352
62.297102 16.304924 24.059554
63.050829 14.991994 24.057547
63.096978 13.231030 17.515962
62.340028 12.741868 17.193506
63.853929 12.741868 17.193506
63.096978 13.231030 20.186662
63.096978 14.149375 20.456617
63.096978 13.262117 19.229967
65.377636 11.900647 21.063651
66.134586 12.389809 20.741195
64.620686 12.389809 20.741195
65.377636 11.900647 23.734352
65.377636 10.982302 24.004307
65.377636 11.869560 22.777657
65.377636 17.222181 17.515962
64.577760 16.809055 17.190759
65.331487 18.121986 17.192767
65.377636 17.222181 20.186662
64.584658 16.759611 20.457673
65.349834 17.205963 19.230004
63.096978 15.891798 28.159031
62.304000 16.354368 27.888021
63.069176 15.908016 29.115690
63.096978 15.891798 30.829732
62.297102 16.304924 31.154934
63.050829 14.991994 31.152926
63.096978 13.231030 24.611341
62.340028 12.741868 24.288885
63.853929 12.741868 24.288885
63.096978 13.231030 27.282042
63.096978 14.149375 27.551997
63.096978 13.262117 26.325347
65.377636 11.900647 28.159031
66.134586 12.389809 27.836575
64.620686 12.389809 27.836575
65.377636 11.900647 30.829732
65.377636 10.982302 31.099687
65.377636 11.869560 29.873037
65.377636 17.222181 24.611341
64.577760 16.809055 24.286139
65.331487 18.121986 24.288147
65.377636 17.222181 27.282042
64.584658 16.759611 27.553053
65.349834 17.205963 26.325384
63.096978 15.891798 35.254411
62.304000 16.354368 34.983400
63.069176 15.908016 36.211070
63.096978 15.891798 37.925112
62.297102 16.304924 38.250314
63.050829 14.991994 38.248306
63.096978 13.231030 31.706721
62.340028 12.741868 31.384265
63.853929 12.741868 31.384265
63.096978 13.231030 34.377422
63.096978 14.149375 34.647376
63.096978 13.262117 33.420727
65.377636 11.900647 35.254411
66.134586 12.389809 34.931955
64.620686 12.389809 34.931955
65.377636 11.900647 37.925112
65.377636 10.982302 38.195066
65.377636 11.869560 36.968417
65.377636 17.222181 31.706721
64.577760 16.809055 31.381519
65.331487 18.121986 31.383527
65.377636 17.222181 34.377422
64.584658 16.759611 34.648432
65.349834 17.205963 33.420763
63.096978 15.891798 42.349791
62.304000 16.354368 42.078780
63.069176 15.908016 43.306449
63.096978 15.891798 45.020492
62.297102 16.304924 45.345694
63.050829 14.991994 45.343686
63.096978 13.231030 38.802101
62.340028 12.741868 38.479645
63.853929 12.741868 38.479645
63.096978 13.231030 41.472802
63.096978 14.149375 41.742756
63.096978 13.262117 40.516107
65.377636 11.900647 42.349791
66.134586 12.389809 42.027335
64.620686 12.389809 42.027335
65.377636 11.900647 45.020492
65.377636 10.982302 45.290446
65.377636 11.869560 44.063796
65.377636 17.222181 38.802101
64.577760 16.809055 38.476899
65.331487 18.121986 38.478906
65.377636 17.222181 41.472802
64.584658 16.759611 41.743812
65.349834 17.205963 40.516143
63.096978 15.891798 49.445170
62.304000 16.354368 49.174160
63.069176 15.908016 50.401829
63.096978 15.891798 52.115871
62.297102 16.304924 52.441073
63.050829 14.991994 52.439066
63.096978 13.231030 45.897480
62.340028 12.741868 45.575024
63.853929 12.741868 45.575024
63.096978 13.231030 48.568181
63.096978 14.149375 48.838136
63.096978 13.262117 47.611486
65.377636 11.900647 49.445170
66.134586 12.389809 49.122714
64.620686 12.389809 49.122714
65.377636 11.900647 52.115871
65.377636 10.982302 52.385826
65.377636 11.869560 51.159176
65.377636 17.222181 45.897480
64.577760 16.809055 45.572278
65.331487 18.121986 45.574286
65.377636 17.222181 48.568181
64.584658 16.759611 48.839192
65.349834 17.205963 47.611523
63.096978 15.891798 56.540550
62.304000 16.354368 56.269540
63.069176 15.908016 57.497209
63.096978 15.891798 59.211251
62.297102 16.304924 59.536453
63.050829 14.991994 59.534445
63.096978 13.231030 52.992860
62.340028 12.741868 52.670404
63.853929 12.741868 52.670404
63.096978 13.231030 55.663561
63.096978 14.149375 55.933516
63.096978 13.262117 54.706866
65.377636 11.900647 56.540550
66.134586 12.389809 56.218094
64.620686 12.389809 56.218094
65.377636 11.900647 59.211251
65.377636 10.982302 59.481206
65.377636 11.869560 58.254556
65.377636 17.222181 52.992860
64.577760 16.809055 52.667658
65.331487 18.121986 52.669666
65.377636 17.222181 55.663561
64.584658 16.759611 55.934572
65.349834 17.205963 54.706902
63.096978 15.891798 63.635930
62.304000 16.354368 63.364919
63.069176 15.908016 64.592589
63.096978 15.891798 66.306631
62.297102 16.304924 66.631833
63.050829 14.991994 66.629825
63.096978 13.231030 60.088240
62.340028 12.741868 59.765784
63.853929 12.741868 59.765784
63.096978 13.231030 62.758941
63.096978 14.149375 63.028895
63.096978 13.262117 61.802246
65.377636 11.900647 63.635930
66.134586 12.389809 63.313474
64.620686 12.389809 63.313474
65.377636 11.900647 66.306631
65.377636 10.982302 66.576585
65.377636 11.869560 65.349936
65.377636 17.222181 60.088240
64.577760 16.809055 59.763038
65.331487 18.121986 59.765046
65.377636 17.222181 62.758941
64.584658 16.759611 63.029951
65.349834 17.205963 61.802282
63.096978 23.874100 6.872892
62.304000 24.336670 6.601882
63.069176 23.890318 7.829551
63.096978 23.874100 9.543593
62.297102 24.287226 9.868795
63.050829 22.974296 9.866787
63.096978 21.213332 3.325202
63.069176 21.197114 4.281861
62.304000 20.750762 3.054192
63.096978 21.213332 5.995903
63.143128 22.113137 6.319097
63.896854 20.800206 6.321105
65.377636 19.882949 6.872892
65.377636 18.964604 6.602937
65.377636 19.851862 7.829587
65.377636 19.882949 9.543593
66.134586 20.372111 9.866049
64.620686 20.372111 9.866049
65.377636 25.204484 3.325202
66.134586 24.715321 3.002746
64.620686 24.715321 3.002746
65.377636 25.204484 5.995903
64.584658 24.741913 6.266913
65.349834 25.188266 5.039244
63.096978 23.874100 13.968272
62.304000 24.336670 13.697261
63.069176 23.890318 14.924930
63.096978 23.874100 16.638973
62.297102 24.287226 16.964175
63.050829 22.974296 16.962167
63.096978 21.213332 10.420582
62.304000 20.750762 10.149571
63.069176 21.197114 11.377240
63.096978 21.213332 13.091283
63.143128 22.113137 13.414477
63.896854 20.800206 13.416485
65.377636 19.882949 13.968272
65.377636 18.964604 13.698317
65.377636 19.851862 14.924967
65.377636 19.882949 16.638973
66.134586 20.372111 16.961429
64.620686 20.372111 16.961429
65.377636 25.204484 10.420582
64.577760 24.791357 10.095380
65.331487 26.104288 10.097387
65.377636 25.204484 13.091283
64.584658 24.741913 13.362293
65.349834 25.188266 12.134624
63.096978 23.874100 21.063651
62.304000 24.336670 20.792641
63.069176 23.890318 22.020310
63.096978 23.874100 23.734352
62.297102 24.287226 24.059554
63.050829 22.974296 24.057547
63.096978 21.213332 17.515962
62.304000 20.750762 17.244951
63.069176 21.197114 18.472620
63.096978 21.213332 20.186662
63.143128 22.113137 20.509857
63.896854 20.800206 20.511865
65.377636 19.882949 21.063651
65.377636 18.964604 20.793697
65.377636 19.851862 22.020346
65.377636 19.882949 23.734352
66.134586 20.372111 24.056808
64.620686 20.372111 24.056808
65.377636 25.204484 17.515962
64.577760 24.791357 17.190759
65.331487 26.104288 17.192767
65.377636 25.204484 20.186662
64.584658 24.741913 20.457673
65.349834 25.188266 19.230004
63.096978 23.874100 28.159031
62.304000 24.336670 27.888021
63.069176 23.890318 29.115690
63.096978 23.874100 30.829732
62.297102 24.287226 31.154934
63.050829 22.974296 31.152926
63.096978 21.213332 24.611341
62.304000 20.750762 24.340331
63.069176 21.197114 25.568000
63.096978 21.213332 27.282042
63.143128 22.113137 27.605237
63.896854 20.800206 27.607244
65.377636 19.882949 28.159031
65.377636 18.964604 27.889077
65.377636 19.851862 29.115726
65.377636 19.882949 30.829732
66.134586 20.372111 31.152188
64.620686 20.372111 31.152188
65.377636 25.204484 24.611341
64.577760 24.791357 24.286139
65.331487 26.104288 24.288147
65.377636 25.204484 27.282042
64.584658 24.741913 27.553053
65.349834 25.188266 26.325384
63.096978 23.874100 35.254411
62.304000 24.336670 34.983400
63.069176 23.890318 36.211070
63.096978 23.874100 37.925112
62.297102 24.287226 38.250314
63.050829 22.974296 38.248306
63.096978 21.213332 31.706721
62.304000 20.750762 31.435711
63.069176 21.197114 32.663380
63.096978 21.213332 34.377422
63.143128 22.113137 34.700616
63.896854 20.800206 34.702624
65.377636 19.882949 35.254411
65.377636 18.964604 34.984456
65.377636 19.851862 36.211106
65.377636 19.882949 37.925112
66.134586 20.372111 38.247568
64.620686 20.372111 38.247568
65.377636 25.204484 31.706721
64.577760 24.791357 31.381519
65.331487 26.104288 31.383527
65.377636 25.204484 34.377422
64.584658 24.741913 34.648432
65.349834 25.188266 33.420763
63.096978 23.874100 42.349791
62.304000 24.336670 42.078780
63.069176 23.890318 43.306449
63.096978 23.874100 45.020492
62.297102 24.287226 45.345694
63.050829 22.974296 45.343686
63.096978 21.213332 38.802101
62.304000 20.750762 38.531090
63.069176 21.197114 39.758759
63.096978 21.213332 41.472802
63.143128 22.113137 41.795996
63.896854 20.800206 41.798004
65.377636 19.882949 42.349791
65.377636 18.964604 42.079836
65.377636 19.851862 43.306486
65.377636 19.882949 45.020492
66.134586 20.372111 45.342948
64.620686 20.372111 45.342948
65.377636 25.204484 38.802101
64.577760 24.791357 38.476899
65.331487 26.104288 38.478906
65.377636 25.204484 41.472802
64.584658 24.741913 41.743812
65.349834 25.188266 40.516143
63.096978 23.874100 49.445170
62.304000 24.336670 49.174160
63.069176 23.890318 50.401829
63.096978 23.874100 52.115871
62.297102 24.287226 52.441073
63.050829 22.974296 52.439066
63.096978 21.213332 45.897480
62.304000 20.750762 45.626470
63.069176 21.197114 46.854139
63.096978 21.213332 48.568181
63.143128 22.113137 48.891376
63.896854 20.800206 48.893383
65.377636 19.882949 49.445170
65.377636 18.964604 49.175216
65.377636 19.851862 50.401865
65.377636 19.882949 52.115871
66.134586 20.372111 52.438327
64.620686 20.372111 52.438327
65.377636 25.204484 45.897480
64.577760 24.791357 45.572278
65.331487 26.104288 45.574286
65.377636 25.204484 48.568181
64.584658 24.741913 48.839192
65.349834 25.188266 47.611523
63.096978 23.874100 56.540550
62.304000 24.336670 56.269540
63.069176 23.890318 57.497209
63.096978 23.874100 59.211251
62.297102 24.287226 59.536453
63.050829 22.974296 59.534445
63.096978 21.213332 52.992860
62.304000 20.750762 52.721850
63.069176 21.197114 53.949519
63.096978 21.213332 55.663561
63.143128 22.113137 55.986756
63.896854 20.800206 55.988763
65.377636 19.882949 56.540550
65.377636 18.964604 56.270596
65.377636 19.851862 57.497245
65.377636 19.882949 59.211251
66.134586 20.372111 59.533707
64.620686 20.372111 59.533707
65.377636 25.204484 52.992860
64.577760 24.791357 52.667658
65.331487 26.104288 52.669666
65.377636 25.204484 55.663561
64.584658 24.741913 55.934572
65.349834 25.188266 54.706902
63.096978 23.874100 63.635930
62.304000 24.336670 63.364919
63.069176 23.890318 64.592589
63.096978 23.874100 66.306631
62.297102 24.287226 66.631833
63.050829 22.974296 66.629825
63.096978 21.213332 60.088240
62.304000 20.750762 59.817230
63.069176 21.197114 61.044899
63.096978 21.213332 62.758941
63.143128 22.113137 63.082135
63.896854 20.800206 63.084143
65.377636 19.882949 63.635930
65.377636 18.964604 63.365975
65.377636 19.851862 64.592625
65.377636 19.882949 66.306631
65.331487 18.983145 66.629825
64.577760 20.296075 66.631833
65.377636 25.204484 60.088240
64.577760 24.791357 59.763038
65.331487 26.104288 59.765046
65.377636 25.204484 62.758941
64.584658 24.741913 63.029951
65.349834 25.188266 61.802282
63.096978 31.856402 6.872892
62.304000 32.318972 6.601882
63.069176 31.872620 7.829551
63.096978 31.856402 9.543593
62.297102 32.269529 9.868795
63.050829 30.956598 9.866787
63.096978 29.195635 3.325202
63.069176 29.179417 4.281861
62.304000 28.733064 3.054192
63.096978 29.195635 5.995903
63.143128 30.095439 6.319097
63.896854 28.782508 6.321105
65.377636 27.865251 6.872892
65.377636 26.946907 6.602937
65.377636 27.834164 7.829587
65.377636 27.865251 9.543593
66.134586 28.354414 9.866049
64.620686 28.354414 9.866049
65.377636 33.186786 3.325202
66.134586 32.697623 3.002746
64.620686 32.697623 3.002746
65.377636 33.186786 5.995903
64.584658 32.724215 6.266913
65.349834 33.170568 5.039244
63.096978 31.856402 13.968272
62.304000 32.318972 13.697261
63.069176 31.872620 14.924930
63.096978 31.856402 16.638973
62.297102 32.269529 16.964175
63.050829 30.956598 16.962167
63.096978 29.195635 10.420582
62.304000 28.733064 10.149571
63.069176 29.179417 11.377240
63.096978 29.195635 13.091283
63.143128 30.095439 13.414477
63.896854 28.782508 13.416485
65.377636 27.865251 13.968272
65.377636 26.946907 13.698317
65.377636 27.834164 14.924967
65.377636 27.865251 16.638973
66.134586 28.354414 16.961429
64.620686 28.354414 16.961429
65.377636 33.186786 10.420582
64.577760 32.773659 10.095380
65.331487 34.086590 10.097387
65.377636 33.186786 13.091283
64.584658 32.724215 13.362293
65.349834 33.170568 12.134624
63.096978 31.856402 21.063651
62.304000 32.318972 20.792641
63.069176 31.872620 22.020310
63.096978 31.856402 23.734352
62.297102 32.269529 24.059554
63.050829 30.956598 24.057547
63.096978 29.195635 17.515962
62.304000 28.733064 17.244951
63.069176 29.179417 18.472620
63.096978 29.195635 20.186662
63.143128 30.095439 20.509857
63.896854 28.782508 20.511865
65.377636 27.865251 21.063651
65.377636 26.946907 20.793697
65.377636 27.834164 22.020346
65.377636 27.865251 23.734352
66.134586 28.354414 24.056808
64.620686 28.354414 24.056808
65.377636 33.186786 17.515962
64.577760 32.773659 17.190759
65.331487 34.086590 17.192767
65.377636 33.186786 20.186662
64.584658 32.724215 20.457673
65.349834 33.170568 19.230004
63.096978 31.856402 28.159031
62.304000 32.318972 27.888021
63.069176 31.872620 29.115690
63.096978 31.856402 30.829732
62.297102 32.269529 31.154934
63.050829 30.956598 31.152926
63.096978 29.195635 24.611341
62.304000 28.733064 24.340331
63.069176 29.179417 25.568000
63.096978 29.195635 27.282042
63.143128 30.095439 27.605237
63.896854 28.782508 27.607244
65.377636 27.865251 28.159031
65.377636 26.946907 27.889077
65.377636 27.834164 29.115726
65.377636 27.865251 30.829732
66.134586 28.354414 31.152188
64.620686 28.354414 31.152188
65.377636 33.186786 24.611341
64.577760 32.773659 24.286139
65.331487 34.086590 24.288147
65.377636 33.186786 27.282042
64.584658 32.724215 27.553053
65.349834 33.170568 26.325384
63.096978 31.856402 35.254411
62.304000 32.318972 34.983400
63.069176 31.872620 36.211070
63.096978 31.856402 37.925112
62.297102 32.269529 38.250314
63.050829 30.956598 38.248306
63.096978 29.195635 31.706721
62.304000 28.733064 31.435711
63.069176 29.179417 32.663380
63.096978 29.195635 34.377422
63.143128 30.095439 34.700616
63.896854 28.782508 34.702624
65.377636 27.865251 35.254411
65.377636 26.946907 34.984456
65.377636 27.834164 36.211106
65.377636 27.865251 37.925112
66.134586 28.354414 38.247568
64.620686 28.354414 38.247568
65.377636 33.186786 31.706721
64.577760 32.773659 31.381519
65.331487 34.086590 31.383527
65.377636 33.186786 34.377422
64.584658 32.724215 34.648432
65.349834 33.170568 33.420763
63.096978 31.856402 42.349791
62.304000 32.318972 42.078780
63.069176 31.872620 43.306449
63.096978 31.856402 45.020492
62.297102 32.269529 45.345694
63.050829 30.956598 45.343686
63.096978 29.195635 38.802101
62.304000 28.733064 38.531090
63.069176 29.179417 39.758759
63.096978 29.195635 41.472802
63.143128 30.095439 41.795996
63.896854 28.782508 41.798004
65.377636 27.865251 42.349791
65.377636 26.946907 42.079836
65.377636 27.834164 43.306486
65.377636 27.865251 45.020492
66.134586 28.354414 45.342948
64.620686 28.354414 45.342948
65.377636 33.186786 38.802101
64.577760 32.773659 38.476899
65.331487 34.086590 38.478906
65.377636 33.186786 41.472802
64.584658 32.724215 41.743812
65.349834 33.170568 40.516143
63.096978 31.856402 49.445170
62.304000 32.318972 49.174160
63.069176 31.872620 50.401829
63.096978 31.856402 52.115871
62.297102 32.269529 52.441073
63.050829 30.956598 52.439066
63.096978 29.195635 45.897480
62.304000 28.733064 45.626470
63.069176 29.179417 46.854139
63.096978 29.195635 48.568181
63.143128 30.095439 48.891376
63.896854 28.782508 48.893383
65.377636 27.865251 49.445170
65.377636 26.946907 49.175216
65.377636 27.834164 50.401865
65.377636 27.865251 52.115871
66.134586 28.354414 52.438327
64.620686 28.354414 52.438327
65.377636 33.186786 45.897480
64.577760 32.773659 45.572278
65.331487 34.086590 45.574286
65.377636 33.186786 48.568181
64.584658 32.724215 48.839192
65.349834 33.170568 47.611523
63.096978 31.856402 56.540550
62.304000 32.318972 56.269540
63.069176 31.872620 57.497209
63.096978 31.856402 59.211251
62.297102 32.269529 59.536453
63.050829 30.956598 59.534445
63.096978 29.195635 52.992860
62.304000 28.733064 52.721850
63.069176 29.179417 53.949519
63.096978 29.195635 55.663561
63.143128 30.095439 55.986756
63.896854 28.782508 55.988763
65.377636 27.865251 56.540550
65.377636 26.946907 56.270596
65.377636 27.834164 57.497245
65.377636 27.865251 59.211251
66.134586 28.354414 59.533707
64.620686 28.354414 59.533707
65.377636 33.186786 52.992860
64.577760 32.773659 52.667658
65.331487 34.086590 52.669666
65.377636 33.186786 55.663561
64.584658 32.724215 55.934572
65.349834 33.170568 54.706902
63.096978 31.856402 63.635930
62.304000 32.318972 63.364919
63.069176 31.872620 64.592589
63.096978 31.856402 66.306631
62.297102 32.269529 66.631833
63.050829 30.956598 66.629825
63.096978 29.195635 60.088240
62.304000 28.733064 59.817230
63.069176 29.179417 61.044899
63.096978 29.195635 62.758941
63.143128 30.095439 63.082135
63.896854 28.782508 63.084143
65.377636 27.865251 63.635930
65.377636 26.946907 63.365975
65.377636 27.834164 64.592625
65.377636 27.865251 66.306631
65.331487 26.965447 66.629825
64.577760 28.278378 66.631833
65.377636 33.186786 60.088240
64.577760 32.773659 59.763038
65.331487 34.086590 59.765046
65.377636 33.186786 62.758941
64.584658 32.724215 63.029951
65.349834 33.170568 61.802282
63.096978 39.838704 6.872892
62.304000 40.301275 6.601882
63.069176 39.854922 7.829551
63.096978 39.838704 9.543593
62.297102 40.251831 9.868795
63.050829 38.938900 9.866787
63.096978 37.177937 3.325202
63.069176 37.161719 4.281861
62.304000 36.715367 3.054192
63.096978 37.177937 5.995903
63.143128 38.077741 6.319097
63.896854 36.764810 6.321105
65.377636 35.847553 6.872892
65.377636 34.929209 6.602937
65.377636 35.816466 7.829587
65.377636 35.847553 9.543593
66.134586 36.336716 9.866049
64.620686 36.336716 9.866049
65.377636 41.169088 3.325202
66.134586 40.679925 3.002746
64.620686 40.679925 3.002746
65.377636 41.169088 5.995903
64.584658 40.706518 6.266913
65.349834 41.152870 5.039244
63.096978 39.838704 13.968272
62.304000 40.301275 13.697261
63.069176 39.854922 14.924930
63.096978 39.838704 16.638973
62.297102 40.251831 16.964175
63.050829 38.938900 16.962167
63.096978 37.177937 10.420582
62.304000 36.715367 10.149571
63.069176 37.161719 11.377240
63.096978 37.177937 13.091283
63.143128 38.077741 13.414477
63.896854 36.764810 13.416485
65.377636 35.847553 13.968272
65.377636 34.929209 13.698317
65.377636 35.816466 14.924967
65.377636 35.847553 16.638973
66.134586 36.336716 16.961429
64.620686 36.336716 16.961429
65.377636 41.169088 10.420582
64.577760 40.755961 10.095380
65.331487 42.068892 10.097387
65.377636 41.169088 13.091283
64.584658 40.706518 13.362293
65.349834 41.152870 12.134624
63.096978 39.838704 21.063651
62.304000 40.301275 20.792641
63.069176 39.854922 22.020310
63.096978 39.838704 23.734352
62.297102 40.251831 24.059554
63.050829 38.938900 24.057547
63.096978 37.177937 17.515962
62.304000 36.715367 17.244951
63.069176 37.161719 18.472620
63.096978 37.177937 20.186662
63.143128 38.077741 20.509857
63.896854 36.764810 20.511865
65.377636 35.847553 21.063651
65.377636 34.929209 20.793697
65.377636 35.816466 22.020346
65.377636 35.847553 23.734352
66.134586 36.336716 24.056808
64.620686 36.336716 24.056808
65.377636 41.169088 17.515962
64.577760 40.755961 17.190759
65.331487 42.068892 17.192767
65.377636 41.169088 20.186662
64.584658 40.706518 20.457673
65.349834 41.152870 19.230004
63.096978 39.838704 28.159031
62.304000 40.301275 27.888021
63.069176 39.854922 29.115690
63.096978 39.838704 30.829732
62.297102 40.251831 31.154934
63.050829 38.938900 31.152926
63.096978 37.177937 24.611341
62.304000 36.715367 24.340331
63.069176 37.161719 25.568000
63.096978 37.177937 27.282042
63.143128 38.077741 27.605237
63.896854 36.764810 27.607244
65.377636 35.847553 28.159031
65.377636 34.929209 27.889077
65.377636 35.816466 29.115726
65.377636 35.847553 30.829732
66.134586 36.336716 31.152188
64.620686 36.336716 31.152188
65.377636 41.169088 24.611341
64.577760 40.755961 24.286139
65.331487 42.068892 24.288147
65.377636 41.169088 27.282042
64.584658 40.706518 27.553053
65.349834 41.152870 26.325384
63.096978 39.838704 35.254411
62.304000 40.301275 34.983400
63.069176 39.854922 36.211070
63.096978 39.838704 37.925112
62.297102 40.251831 38.250314
63.050829 38.938900 38.248306
63.096978 37.177937 31.706721
62.304000 36.715367 31.435711
63.069176 37.161719 32.663380
63.096978 37.177937 34.377422
63.143128 38.077741 34.700616
63.896854 36.764810 34.702624
65.377636 35.847553 35.254411
65.377636 34.929209 34.984456
65.377636 35.816466 36.211106
65.377636 35.847553 37.925112
66.134586 36.336716 38.247568
64.620686 36.336716 38.247568
65.377636 41.169088 31.706721
64.577760 40.755961 31.381519
65.331487 42.068892 31.383527
65.377636 41.169088 34.377422
64.584658 40.706518 34.648432
65.349834 41.152870 33.420763
63.096978 39.838704 42.349791
62.304000 40.301275 42.078780
63.069176 39.854922 43.306449
63.096978 39.838704 45.020492
62.297102 40.251831 45.345694
63.050829 38.938900 45.343686
63.096978 37.177937 38.802101
62.304000 36.715367 38.531090
63.069176 37.161719 39.758759
63.096978 37.177937 41.472802
63.143128 38.077741 41.795996
63.896854 36.764810 41.798004
65.377636 35.847553 42.349791
65.377636 34.929209 42.079836
65.377636 35.816466 43.306486
65.377636 35.847553 45.020492
66.134586 36.336716 45.342948
64.620686 36.336716 45.342948
65.377636 41.169088 38.802101
64.577760 40.755961 38.476899
65.331487 42.068892 38.478906
65.377636 41.169088 41.472802
64.584658 40.706518 41.743812
65.349834 41.152870 40.516143
63.096978 39.838704 49.445170
62.304000 40.301275 49.174160
63.069176 39.854922 50.401829
63.096978 39.838704 52.115871
62.297102 40.251831 52.441073
63.050829 38.938900 52.439066
63.096978 37.177937 45.897480
62.304000 36.715367 45.626470
63.069176 37.161719 46.854139
63.096978 37.177937 48.568181
63.143128 38.077741 48.891376
63.896854 36.764810 48.893383
65.377636 35.847553 49.445170
65.377636 34.929209 49.175216
65.377636 35.816466 50.401865
65.377636 35.847553 52.115871
66.134586 36.336716 52.438327
64.620686 36.336716 52.438327
65.377636 41.169088 45.897480
64.577760 40.755961 45.572278
65.331487 42.068892 45.574286
65.377636 41.169088 48.568181
64.584658 40.706518 48.839192
65.349834 41.152870 47.611523
63.096978 39.838704 56.540550
62.304000 40.301275 56.269540
63.069176 39.854922 57.497209
63.096978 39.838704 59.211251
62.297102 40.251831 59.536453
63.050829 38.938900 59.534445
63.096978 37.177937 52.992860
62.304000 36.715367 52.721850
63.069176 37.161719 53.949519
63.096978 37.177937 55.663561
63.143128 38.077741 55.986756
63.896854 36.764810 55.988763
65.377636 35.847553 56.540550
65.377636 34.929209 56.270596
65.377636 35.816466 57.497245
65.377636 35.847553 59.211251
66.134586 36.336716 59.533707
64.620686 36.336716 59.533707
65.377636 41.169088 52.992860
64.577760 40.755961 52.667658
65.331487 42.068892 52.669666
65.377636 41.169088 55.663561
64.584658 40.706518 55.934572
65.349834 41.152870 54.706902
63.096978 39.838704 63.635930
62.304000 40.301275 63.364919
63.069176 39.854922 64.592589
63.096978 39.838704 66.306631
62.297102 40.251831 66.631833
63.050829 38.938900 66.629825
63.096978 37.177937 60.088240
62.304000 36.715367 59.817230
63.069176 37.161719 61.044899
63.096978 37.177937 62.758941
63.143128 38.077741 63.082135
63.896854 36.764810 63.084143
65.377636 35.847553 63.635930
65.377636 34.929209 63.365975
65.377636 35.816466 64.592625
65.377636 35.847553 66.306631
65.331487 34.947749 66.629825
64.577760 36.260680 66.631833
65.377636 41.169088 60.088240
64.577760 40.755961 59.763038
65.331487 42.068892 59.765046
65.377636 41.169088 62.758941
64.584658 40.706518 63.029951
65.349834 41.152870 61.802282
63.096978 47.821007 6.872892
62.304000 48.283577 6.601882
63.069176 47.837225 7.829551
63.096978 47.821007 9.543593
62.297102 48.234133 9.868795
63.050829 46.921202 9.866787
63.096978 45.160239 3.325202
63.069176 45.144021 4.281861
62.304000 44.697669 3.054192
63.096978 45.160239 5.995903
63.143128 46.060043 6.319097
63.896854 44.747113 6.321105
65.377636 43.829855 6.872892
65.377636 42.911511 6.602937
65.377636 43.798769 7.829587
65.377636 43.829855 9.543593
66.134586 44.319018 9.866049
64.620686 44.319018 9.866049
65.377636 49.151390 3.325202
66.134586 48.662228 3.002746
64.620686 48.662228 3.002746
65.377636 49.151390 5.995903
64.584658 48.688820 6.266913
65.349834 49.135172 5.039244
63.096978 47.821007 13.968272
62.304000 48.283577 13.697261
63.069176 47.837225 14.924930
63.096978 47.821007 16.638973
62.297102 48.234133 16.964175
63.050829 46.921202 16.962167
63.096978 45.160239 10.420582
62.304000 44.697669 10.149571
63.069176 45.144021 11.377240
63.096978 45.160239 13.091283
63.143128 46.060043 13.414477
63.896854 44.747113 13.416485
65.377636 43.829855 13.968272
65.377636 42.911511 13.698317
65.377636 43.798769 14.924967
65.377636 43.829855 16.638973
66.134586 44.319018 16.961429
64.620686 44.319018 16.961429
65.377636 49.151390 10.420582
64.584658 48.688820 10.149571
65.349834 49.135172 11.377240
65.377636 49.151390 13.091283
64.577760 48.738264 13.416485
65.331487 50.051194 13.414477
63.096978 47.821007 21.063651
62.304000 48.283577 20.792641
63.069176 47.837225 22.020310
63.096978 47.821007 23.734352
62.297102 48.234133 24.059554
63.050829 46.921202 24.057547
63.096978 45.160239 17.515962
62.304000 44.697669 17.244951
63.069176 45.144021 18.472620
63.096978 45.160239 20.186662
63.143128 46.060043 20.509857
63.896854 44.747113 20.511865
65.377636 43.829855 21.063651
65.377636 42.911511 20.793697
65.377636 43.798769 22.020346
65.377636 43.829855 23.734352
66.134586 44.319018 24.056808
64.620686 44.319018 24.056808
65.377636 49.151390 17.515962
64.584658 48.688820 17.244951
65.349834 49.135172 18.472620
65.377636 49.151390 20.186662
64.577760 48.738264 20.511865
65.331487 50.051194 20.509857
63.096978 47.821007 28.159031
62.304000 48.283577 27.888021
63.069176 47.837225 29.115690
63.096978 47.821007 30.829732
62.297102 48.234133 31.154934
63.050829 46.921202 31.152926
63.096978 45.160239 24.611341
62.304000 44.697669 24.340331
63.069176 45.144021 25.568000
63.096978 45.160239 27.282042
63.143128 46.060043 27.605237
63.896854 44.747113 27.607244
65.377636 43.829855 28.159031
65.377636 42.911511 27.889077
65.377636 43.798769 29.115726
65.377636 43.829855 30.829732
66.134586 44.319018 31.152188
64.620686 44.319018 31.152188
65.377636 49.151390 24.611341
64.584658 48.688820 24.340331
65.349834 49.135172 25.568000
65.377636 49.151390 27.282042
64.577760 48.738264 27.607244
65.331487 50.051194 27.605237
63.096978 47.821007 35.254411
62.304000 48.283577 34.983400
63.069176 47.837225 36.211070
63.096978 47.821007 37.925112
62.297102 48.234133 38.250314
63.050829 46.921202 38.248306
63.096978 45.160239 31.706721
62.304000 44.697669 31.435711
63.069176 45.144021 32.663380
63.096978 45.160239 34.377422
63.143128 46.060043 34.700616
63.896854 44.747113 34.702624
65.377636 43.829855 35.254411
65.377636 42.911511 34.984456
65.377636 43.798769 36.211106
65.377636 43.829855 37.925112
66.134586 44.319018 38.247568
64.620686 44.319018 38.247568
65.377636 49.151390 31.706721
64.584658 48.688820 31.435711
65.349834 49.135172 32.663380
65.377636 49.151390 34.377422
64.577760 48.738264 34.702624
65.331487 50.051194 34.700616
63.096978 47.821007 42.349791
62.304000 48.283577 42.078780
63.069176 47.837225 43.306449
63.096978 47.821007 45.020492
62.297102 48.234133 45.345694
63.050829 46.921202 45.343686
63.096978 45.160239 38.802101
62.304000 44.697669 38.531090
63.069176 45.144021 39.758759
63.096978 45.160239 41.472802
63.143128 46.060043 41.795996
63.896854 44.747113 41.798004
65.377636 43.829855 42.349791
65.377636 42.911511 42.079836
65.377636 43.798769 43.306486
65.377636 43.829855 45.020492
66.134586 44.319018 45.342948
64.620686 44.319018 45.342948
65.377636 49.151390 38.802101
64.584658 48.688820 38.531090
65.349834 49.135172 39.758759
65.377636 49.151390 41.472802
64.577760 48.738264 41.798004
65.331487 50.051194 41.795996
63.096978 47.821007 49.445170
62.304000 48.283577 49.174160
63.069176 47.837225 50.401829
63.096978 47.821007 52.115871
62.297102 48.234133 52.441073
63.050829 46.921202 52.439066
63.096978 45.160239 45.897480
62.304000 44.697669 45.626470
63.069176 45.144021 46.854139
63.096978 45.160239 48.568181
63.143128 46.060043 48.891376
63.896854 44.747113 48.893383
65.377636 43.829855 49.445170
65.377636 42.911511 49.175216
65.377636 43.798769 50.401865
65.377636 43.829855 52.115871
66.134586 44.319018 52.438327
64.620686 44.319018 52.438327
65.377636 49.151390 45.897480
64.584658 48.688820 45.626470
65.349834 49.135172 46.854139
65.377636 49.151390 48.568181
64.577760 48.738264 48.893383
65.331487 50.051194 48.891376
63.096978 47.821007 56.540550
62.304000 48.283577 56.269540
63.069176 47.837225 57.497209
63.096978 47.821007 59.211251
62.297102 48.234133 59.536453
63.050829 46.921202 59.534445
63.096978 45.160239 52.992860
62.304000 44.697669 52.721850
63.069176 45.144021 53.949519
63.096978 45.160239 55.663561
63.143128 46.060043 55.986756
63.896854 44.747113 55.988763
65.377636 43.829855 56.540550
65.377636 42.911511 56.270596
65.377636 43.798769 57.497245
65.377636 43.829855 59.211251
66.134586 44.319018 59.533707
64.620686 44.319018 59.533707
65.377636 49.151390 52.992860
64.584658 48.688820 52.721850
65.349834 49.135172 53.949519
65.377636 49.151390 55.663561
64.577760 48.738264 55.988763
65.331487 50.051194 55.986756
63.096978 47.821007 63.635930
62.304000 48.283577 63.364919
63.069176 47.837225 64.592589
63.096978 47.821007 66.306631
62.297102 48.234133 66.631833
63.050829 46.921202 66.629825
63.096978 45.160239 60.088240
62.304000 44.697669 59.817230
63.069176 45.144021 61.044899
63.096978 45.160239 62.758941
63.143128 46.060043 63.082135
63.896854 44.747113 63.084143
65.377636 43.829855 63.635930
65.377636 42.911511 63.365975
65.377636 43.798769 64.592625
65.377636 43.829855 66.306631
65.331487 42.930051 66.629825
64.577760 44.242982 66.631833
65.377636 49.151390 60.088240
64.584658 48.688820 59.817230
65.349834 49.135172 61.044899
65.377636 49.151390 62.758941
64.577760 48.738264 63.084143
65.331487 50.051194 63.082135
63.096978 55.803309 6.872892
62.304000 56.265879 6.601882
63.069176 55.819527 7.829551
63.096978 55.803309 9.543593
62.297102 56.216435 9.868795
63.050829 54.903505 9.866787
63.096978 53.142541 3.325202
63.069176 53.126323 4.281861
62.304000 52.679971 3.054192
63.096978 53.142541 5.995903
63.143128 54.042345 6.319097
63.896854 52.729415 6.321105
65.377636 51.812158 6.872892
65.377636 50.893813 6.602937
65.377636 51.781071 7.829587
65.377636 51.812158 9.543593
65.331487 50.912353 9.866787
64.577760 52.225284 9.868795
65.377636 57.133692 3.325202
65.349834 57.117474 4.281861
64.584658 56.671122 3.054192
65.377636 57.133692 5.995903
64.577760 56.720566 6.321105
65.331487 58.033497 6.319097
63.096978 55.803309 13.968272
62.304000 56.265879 13.697261
63.069176 55.819527 14.924930
63.096978 55.803309 16.638973
62.297102 56.216435 16.964175
63.050829 54.903505 16.962167
63.096978 53.142541 10.420582
62.304000 52.679971 10.149571
63.069176 53.126323 11.377240
63.096978 53.142541 13.091283
63.143128 54.042345 13.414477
63.896854 52.729415 13.416485
65.377636 51.812158 13.968272
66.170614 52.274728 13.697261
65.405438 51.828376 14.924930
65.377636 51.812158 16.638973
65.331487 50.912353 16.962167
64.577760 52.225284 16.964175
65.377636 57.133692 10.420582
64.584658 56.671122 10.149571
65.349834 57.117474 11.377240
65.377636 57.133692 13.091283
64.577760 56.720566 13.416485
65.331487 58.033497 13.414477
63.096978 55.803309 21.063651
62.304000 56.265879 20.792641
63.069176 55.819527 22.020310
63.096978 55.803309 23.734352
62.297102 56.216435 24.059554
63.050829 54.903505 24.057547
63.096978 53.142541 17.515962
62.304000 52.679971 17.244951
63.069176 53.126323 18.472620
63.096978 53.142541 20.186662
63.143128 54.042345 20.509857
63.896854 52.729415 20.511865
65.377636 51.812158 21.063651
66.170614 52.274728 20.792641
65.405438 51.828376 22.020310
65.377636 51.812158 23.734352
65.331487 50.912353 24.057547
64.577760 52.225284 24.059554
65.377636 57.133692 17.515962
64.584658 56.671122 17.244951
65.349834 57.117474 18.472620
65.377636 57.133692 20.186662
64.577760 56.720566 20.511865
65.331487 58.033497 20.509857
63.096978 55.803309 28.159031
62.304000 56.265879 27.888021
63.069176 55.819527 29.115690
63.096978 55.803309 30.829732
62.297102 56.216435 31.154934
63.050829 54.903505 31.152926
63.096978 53.142541 24.611341
62.304000 52.679971 24.340331
63.069176 53.126323 25.568000
63.096978 53.142541 27.282042
63.143128 54.042345 27.605237
63.896854 52.729415 27.607244
65.377636 51.812158 28.159031
66.170614 52.274728 27.888021
65.405438 51.828376 29.115690
65.377636 51.812158 30.829732
65.331487 50.912353 31.152926
64.577760 52.225284 31.154934
65.377636 57.133692 24.611341
64.584658 56.671122 24.340331
65.349834 57.117474 25.568000
65.377636 57.133692 27.282042
64.577760 56.720566 27.607244
65.331487 58.033497 27.605237
63.096978 55.803309 35.254411
62.304000 56.265879 34.983400
63.069176 55.819527 36.211070
63.096978 55.803309 37.925112
62.297102 56.216435 38.250314
63.050829 54.903505 38.248306
63.096978 53.142541 31.706721
62.304000 52.679971 31.435711
63.069176 53.126323 32.663380
63.096978 53.142541 34.377422
63.143128 54.042345 34.700616
63.896854 52.729415 34.702624
65.377636 51.812158 35.254411
66.170614 52.274728 34.983400
65.405438 51.828376 36.211070
65.377636 51.812158 37.925112
65.331487 50.912353 38.248306
64.577760 52.225284 38.250314
65.377636 57.133692 31.706721
64.584658 56.671122 31.435711
65.349834 57.117474 32.663380
65.377636 57.133692 34.377422
64.577760 56.720566 34.702624
65.331487 58.033497 34.700616
63.096978 55.803309 42.349791
62.304000 56.265879 42.078780
63.069176 55.819527 43.306449
63.096978 55.803309 45.020492
62.297102 56.216435 45.345694
63.050829 54.903505 45.343686
63.096978 53.142541 38.802101
62.304000 52.679971 38.531090
63.069176 53.126323 39.758759
63.096978 53.142541 41.472802
63.143128 54.042345 41.795996
63.896854 52.729415 41.798004
65.377636 51.812158 42.349791
66.170614 52.274728 42.078780
65.405438 51.828376 43.306449
65.377636 51.812158 45.020492
65.331487 50.912353 45.343686
64.577760 52.225284 45.345694
65.377636 57.133692 38.802101
64.584658 56.671122 38.531090
65.349834 57.117474 39.758759
65.377636 57.133692 41.472802
64.577760 56.720566 41.798004
65.331487 58.033497 41.795996
63.096978 55.803309 49.445170
62.304000 56.265879 49.174160
63.069176 55.819527 50.401829
63.096978 55.803309 52.115871
62.297102 56.216435 52.441073
63.050829 54.903505 52.439066
63.096978 53.142541 45.897480
62.304000 52.679971 45.626470
63.069176 53.126323 46.854139
63.096978 53.142541 48.568181
63.143128 54.042345 48.891376
63.896854 52.729415 48.893383
65.377636 51.812158 49.445170
66.170614 52.274728 49.174160
65.405438 51.828376 50.401829
65.377636 51.812158 52.115871
65.331487 50.912353 52.439066
64.577760 52.225284 52.441073
65.377636 57.133692 45.897480
64.584658 56.671122 45.626470
65.349834 57.117474 46.854139
65.377636 57.133692 48.568181
64.577760 56.720566 48.893383
65.331487 58.033497 48.891376
63.096978 55.803309 56.540550
62.304000 56.265879 56.269540
63.069176 55.819527 57.497209
63.096978 55.803309 59.211251
62.297102 56.216435 59.536453
63.050829 54.903505 59.534445
63.096978 53.142541 52.992860
62.304000 52.679971 52.721850
63.069176 53.126323 53.949519
63.096978 53.142541 55.663561
63.143128 54.042345 55.986756
63.896854 52.729415 55.988763
65.377636 51.812158 56.540550
66.170614 52.274728 56.269540
65.405438 51.828376 57.497209
65.377636 51.812158 59.211251
65.331487 50.912353 59.534445
64.577760 52.225284 59.536453
65.377636 57.133692 52.992860
64.584658 56.671122 52.721850
65.349834 57.117474 53.949519
65.377636 57.133692 55.663561
64.577760 56.720566 55.988763
65.331487 58.033497 55.986756
63.096978 55.803309 63.635930
63.124781 55.819527 64.592589
63.889956 56.265879 63.364919
63.096978 55.803309 66.306631
62.297102 56.216435 66.631833
63.050829 54.903505 66.629825
63.096978 53.142541 60.088240
62.304000 52.679971 59.817230
63.069176 53.126323 61.044899
63.096978 53.142541 62.758941
63.143128 54.042345 63.082135
63.896854 52.729415 63.084143
65.377636 51.812158 63.635930
66.170614 52.274728 63.364919
65.405438 51.828376 64.592589
65.377636 51.812158 66.306631
65.331487 50.912353 66.629825
64.577760 52.225284 66.631833
65.377636 57.133692 60.088240
66.134586 56.644530 59.765784
64.620686 56.644530 59.765784
65.377636 57.133692 62.758941
66.170614 56.671122 63.029951
65.405438 57.117474 61.802282
63.096978 63.785611 6.872892
63.124781 63.801829 7.829551
63.889956 64.248181 6.601882
63.096978 63.785611 9.543593
62.340028 64.274774 9.866049
63.853929 64.274774 9.866049
63.096978 61.124844 3.325202
62.340028 60.635681 3.002746
63.853929 60.635681 3.002746
63.096978 61.124844 5.995903
63.096978 62.043188 6.265857
63.096978 61.155930 5.039208
65.377636 59.794460 6.872892
66.134586 60.283623 6.550436
64.620686 60.283623 6.550436
65.377636 59.794460 9.543593
65.377636 58.876115 9.813547
65.377636 59.763373 8.586898
65.377636 65.115995 3.325202
65.331487 66.015799 3.002008
64.577760 64.702868 3.000000
65.377636 65.115995 5.995903
65.377636 66.034339 6.265857
65.377636 65.147081 5.039208
63.096978 63.785611 13.968272
63.096978 63.754524 14.924967
63.096978 62.867267 13.698317
63.096978 63.785611 16.638973
62.340028 64.274774 16.961429
63.853929 64.274774 16.961429
63.096978 61.124844 10.420582
63.143128 62.024648 10.097387
63.896854 60.711717 10.095380
63.096978 61.124844 13.091283
62.304000 60.662273 13.362293
63.069176 61.108625 12.134624
65.377636 59.794460 13.968272
66.134586 60.283623 13.645816
64.620686 60.283623 13.645816
65.377636 59.794460 16.638973
65.377636 58.876115 16.908927
65.377636 59.763373 15.682278
65.377636 65.115995 10.420582
65.377636 66.034339 10.150627
65.377636 65.147081 11.377277
65.377636 65.115995 13.091283
65.331487 66.015799 13.414477
64.577760 64.702868 13.416485
63.096978 63.785611 21.063651
63.096978 63.754524 22.020346
63.096978 62.867267 20.793697
63.096978 63.785611 23.734352
62.340028 64.274774 24.056808
63.853929 64.274774 24.056808
63.096978 61.124844 17.515962
63.143128 62.024648 17.192767
63.896854 60.711717 17.190759
63.096978 61.124844 20.186662
62.304000 60.662273 20.457673
63.069176 61.108625 19.230004
65.377636 59.794460 21.063651
66.134586 60.283623 20.741195
64.620686 60.283623 20.741195
65.377636 59.794460 23.734352
65.377636 58.876115 24.004307
65.377636 59.763373 22.777657
65.377636 65.115995 17.515962
65.377636 66.034339 17.246007
65.377636 65.147081 18.472657
65.377636 65.115995 20.186662
65.331487 66.015799 20.509857
64.577760 64.702868 20.511865
63.096978 63.785611 28.159031
63.096978 63.754524 29.115726
63.096978 62.867267 27.889077
63.096978 63.785611 30.829732
62.340028 64.274774 31.152188
63.853929 64.274774 31.152188
63.096978 61.124844 24.611341
63.143128 62.024648 24.288147
63.896854 60.711717 24.286139
63.096978 61.124844 27.282042
62.304000 60.662273 27.553053
63.069176 61.108625 26.325384
65.377636 59.794460 28.159031
66.134586 60.283623 27.836575
64.620686 60.283623 27.836575
65.377636 59.794460 30.829732
65.377636 58.876115 31.099687
65.377636 59.763373 29.873037
65.377636 65.115995 24.611341
65.377636 66.034339 24.341387
65.377636 65.147081 25.568036
65.377636 65.115995 27.282042
65.331487 66.015799 27.605237
64.577760 64.702868 27.607244
63.096978 63.785611 35.254411
63.096978 63.754524 36.211106
63.096978 62.867267 34.984456
63.096978 63.785611 37.925112
62.340028 64.274774 38.247568
63.853929 64.274774 38.247568
63.096978 61.124844 31.706721
63.143128 62.024648 31.383527
63.896854 60.711717 31.381519
63.096978 61.124844 34.377422
62.304000 60.662273 34.648432
63.069176 61.108625 33.420763
65.377636 59.794460 35.254411
66.134586 60.283623 34.931955
64.620686 60.283623 34.931955
65.377636 59.794460 37.925112
65.377636 58.876115 38.195066
65.377636 59.763373 36.968417
65.377636 65.115995 31.706721
65.377636 66.034339 31.436767
65.377636 65.147081 32.663416
65.377636 65.115995 34.377422
65.331487 66.015799 34.700616
64.577760 64.702868 34.702624
63.096978 63.785611 42.349791
63.096978 63.754524 43.306486
63.096978 62.867267 42.079836
63.096978 63.785611 45.020492
62.340028 64.274774 45.342948
63.853929 64.274774 45.342948
63.096978 61.124844 38.802101
63.143128 62.024648 38.478906
63.896854 60.711717 38.476899
63.096978 61.124844 41.472802
62.304000 60.662273 41.743812
63.069176 61.108625 40.516143
65.377636 59.794460 42.349791
66.134586 60.283623 42.027335
64.620686 60.283623 42.027335
65.377636 59.794460 45.020492
65.377636 58.876115 45.290446
65.377636 59.763373 44.063796
65.377636 65.115995 38.802101
65.377636 66.034339 38.532146
65.377636 65.147081 39.758796
65.377636 65.115995 41.472802
65.331487 66.015799 41.795996
64.577760 64.702868 41.798004
63.096978 63.785611 49.445170
63.096978 63.754524 50.401865
63.096978 62.867267 49.175216
63.096978 63.785611 52.115871
62.340028 64.274774 52.438327
63.853929 64.274774 52.438327
63.096978 61.124844 45.897480
63.143128 62.024648 45.574286
63.896854 60.711717 45.572278
63.096978 61.124844 48.568181
62.304000 60.662273 48.839192
63.069176 61.108625 47.611523
65.377636 59.794460 49.445170
66.134586 60.283623 49.122714
64.620686 60.283623 49.122714
65.377636 59.794460 52.115871
65.377636 58.876115 52.385826
65.377636 59.763373 51.159176
65.377636 65.115995 45.897480
65.377636 66.034339 45.627526
65.377636 65.147081 46.854176
65.377636 65.115995 48.568181
65.331487 66.015799 48.891376
64.577760 64.702868 48.893383
63.096978 63.785611 56.540550
63.096978 63.754524 57.497245
63.096978 62.867267 56.270596
63.096978 63.785611 59.211251
62.340028 64.274774 59.533707
63.853929 64.274774 59.533707
63.096978 61.124844 52.992860
63.143128 62.024648 52.669666
63.896854 60.711717 52.667658
63.096978 61.124844 55.663561
62.304000 60.662273 55.934572
63.069176 61.108625 54.706902
65.377636 59.794460 56.540550
66.134586 60.283623 56.218094
64.620686 60.283623 56.218094
65.377636 59.794460 59.211251
65.377636 58.876115 59.481206
65.377636 59.763373 58.254556
65.377636 65.115995 52.992860
65.377636 66.034339 52.722906
65.377636 65.147081 53.949555
65.377636 65.115995 55.663561
65.331487 66.015799 55.986756
64.577760 64.702868 55.988763
63.096978 63.785611 63.635930
63.096978 63.754524 64.592625
63.096978 62.867267 63.365975
63.096978 63.785611 66.306631
62.297102 64.198737 66.631833
63.050829 62.885807 66.629825
63.096978 61.124844 60.088240
63.143128 62.024648 59.765046
63.896854 60.711717 59.763038
63.096978 61.124844 62.758941
63.069176 61.108625 61.802282
62.304000 60.662273 63.029951
65.377636 59.794460 63.635930
65.331487 58.894656 63.312735
64.577760 60.207586 63.310728
65.377636 59.794460 66.306631
65.377636 58.876115 66.576585
65.377636 59.763373 65.349936
65.377636 65.115995 60.088240
65.377636 66.034339 59.818285
65.377636 65.147081 61.044935
65.377636 65.115995 62.758941
66.134586 64.626832 63.081397
64.620686 64.626832 63.081397
63.858418 63.858418 63.858418 90.000000 90.000000 90.000000
