24192
0 1 300.000000 0.957200
0 2 300.000000 0.957200
1 2 300.000000 1.513901
3 4 300.000000 0.957200
3 5 300.000000 0.957200
4 5 300.000000 1.513901
6 7 300.000000 0.957200
6 8 300.000000 0.957200
7 8 300.000000 1.513901
9 10 300.000000 0.957200
9 11 300.000000 0.957200
10 11 300.000000 1.513901
12 13 300.000000 0.957200
12 14 300.000000 0.957200
13 14 300.000000 1.513901
15 16 300.000000 0.957200
15 17 300.000000 0.957200
16 17 300.000000 1.513901
18 19 300.000000 0.957200
18 20 300.000000 0.957200
19 20 300.000000 1.513901
21 22 300.000000 0.957200
21 23 300.000000 0.957200
22 23 300.000000 1.513901
24 25 300.000000 0.957200
24 26 300.000000 0.957200
25 26 300.000000 1.513901
27 28 300.000000 0.957200
27 29 300.000000 0.957200
28 29 300.000000 1.513901
30 31 300.000000 0.957200
30 32 300.000000 0.957200
31 32 300.000000 1.513901
33 34 300.000000 0.957200
33 35 300.000000 0.957200
34 35 300.000000 1.513901
36 37 300.000000 0.957200
36 38 300.000000 0.957200
37 38 300.000000 1.513901
39 40 300.000000 0.957200
39 41 300.000000 0.957200
40 41 300.000000 1.513901
42 43 300.000000 0.957200
42 44 300.000000 0.957200
43 44 300.000000 1.513901
45 46 300.000000 0.957200
45 47 300.000000 0.957200
46 47 300.000000 1.513901
48 49 300.000000 0.957200
48 50 300.000000 0.957200
49 50 300.000000 1.513901
51 52 300.000000 0.957200
51 53 300.000000 0.957200
52 53 300.000000 1.513901
54 55 300.000000 0.957200
54 56 300.000000 0.957200
55 56 300.000000 1.513901
57 58 300.000000 0.957200
57 59 300.000000 0.957200
58 59 300.000000 1.513901
60 61 300.000000 0.957200
60 62 300.000000 0.957200
61 62 300.000000 1.513901
63 64 300.000000 0.957200
63 65 300.000000 0.957200
64 65 300.000000 1.513901
66 67 300.000000 0.957200
66 68 300.000000 0.957200
67 68 300.000000 1.513901
69 70 300.000000 0.957200
69 71 300.000000 0.957200
70 71 300.000000 1.513901
72 73 300.000000 0.957200
72 74 300.000000 0.957200
73 74 300.000000 1.513901
75 76 300.000000 0.957200
75 77 300.000000 0.957200
76 77 300.000000 1.513901
78 79 300.000000 0.957200
78 80 300.000000 0.957200
79 80 300.000000 1.513901
81 82 300.000000 0.957200
81 83 300.000000 0.957200
82 83 300.000000 1.513901
84 85 300.000000 0.957200
84 86 300.000000 0.957200
85 86 300.000000 1.513901
87 88 300.000000 0.957200
87 89 300.000000 0.957200
88 89 300.000000 1.513901
90 91 300.000000 0.957200
90 92 300.000000 0.957200
91 92 300.000000 1.513901
93 94 300.000000 0.957200
93 95 300.000000 0.957200
94 95 300.000000 1.513901
96 97 300.000000 0.957200
96 98 300.000000 0.957200
97 98 300.000000 1.513901
99 100 300.000000 0.957200
99 101 300.000000 0.957200
100 101 300.000000 1.513901
102 103 300.000000 0.957200
102 104 300.000000 0.957200
103 104 300.000000 1.513901
105 106 300.000000 0.957200
105 107 300.000000 0.957200
106 107 300.000000 1.513901
108 109 300.000000 0.957200
108 110 300.000000 0.957200
109 110 300.000000 1.513901
111 112 300.000000 0.957200
111 113 300.000000 0.957200
112 113 300.000000 1.513901
114 115 300.000000 0.957200
114 116 300.000000 0.957200
115 116 300.000000 1.513901
117 118 300.000000 0.957200
117 119 300.000000 0.957200
118 119 300.000000 1.513901
120 121 300.000000 0.957200
120 122 300.000000 0.957200
121 122 300.000000 1.513901
123 124 300.000000 0.957200
123 125 300.000000 0.957200
124 125 300.000000 1.513901
126 127 300.000000 0.957200
126 128 300.000000 0.957200
127 128 300.000000 1.513901
129 130 300.000000 0.957200
129 131 300.000000 0.957200
130 131 300.000000 1.513901
132 133 300.000000 0.957200
132 134 300.000000 0.957200
133 134 300.000000 1.513901
135 136 300.000000 0.957200
135 137 300.000000 0.957200
136 137 300.000000 1.513901
138 139 300.000000 0.957200
138 140 300.000000 0.957200
139 140 300.000000 1.513901
141 142 300.000000 0.957200
141 143 300.000000 0.957200
142 143 300.000000 1.513901
144 145 300.000000 0.957200
144 146 300.000000 0.957200
145 146 300.000000 1.513901
147 148 300.000000 0.957200
147 149 300.000000 0.957200
148 149 300.000000 1.513901
150 151 300.000000 0.957200
150 152 300.000000 0.957200
151 152 300.000000 1.513901
153 154 300.000000 0.957200
153 155 300.000000 0.957200
154 155 300.000000 1.513901
156 157 300.000000 0.957200
156 158 300.000000 0.957200
157 158 300.000000 1.513901
159 160 300.000000 0.957200
159 161 300.000000 0.957200
160 161 300.000000 1.513901
162 163 300.000000 0.957200
162 164 300.000000 0.957200
163 164 300.000000 1.513901
165 166 300.000000 0.957200
165 167 300.000000 0.957200
166 167 300.000000 1.513901
168 169 300.000000 0.957200
168 170 300.000000 0.957200
169 170 300.000000 1.513901
171 172 300.000000 0.957200
171 173 300.000000 0.957200
172 173 300.000000 1.513901
174 175 300.000000 0.957200
174 176 300.000000 0.957200
175 176 300.000000 1.513901
177 178 300.000000 0.957200
177 179 300.000000 0.957200
178 179 300.000000 1.513901
180 181 300.000000 0.957200
180 182 300.000000 0.957200
181 182 300.000000 1.513901
183 184 300.000000 0.957200
183 185 300.000000 0.957200
184 185 300.000000 1.513901
186 187 300.000000 0.957200
186 188 300.000000 0.957200
187 188 300.000000 1.513901
189 190 300.000000 0.957200
189 191 300.000000 0.957200
190 191 300.000000 1.513901
192 193 300.000000 0.957200
192 194 300.000000 0.957200
193 194 300.000000 1.513901
195 196 300.000000 0.957200
195 197 300.000000 0.957200
196 197 300.000000 1.513901
198 199 300.000000 0.957200
198 200 300.000000 0.957200
199 200 300.000000 1.513901
201 202 300.000000 0.957200
201 203 300.000000 0.957200
202 203 300.000000 1.513901
204 205 300.000000 0.957200
204 206 300.000000 0.957200
205 206 300.000000 1.513901
207 208 300.000000 0.957200
207 209 300.000000 0.957200
208 209 300.000000 1.513901
210 211 300.000000 0.957200
210 212 300.000000 0.957200
211 212 300.000000 1.513901
213 214 300.000000 0.957200
213 215 300.000000 0.957200
214 215 300.000000 1.513901
216 217 300.000000 0.957200
216 218 300.000000 0.957200
217 218 300.000000 1.513901
219 220 300.000000 0.957200
219 221 300.000000 0.957200
220 221 300.000000 1.513901
222 223 300.000000 0.957200
222 224 300.000000 0.957200
223 224 300.000000 1.513901
225 226 300.000000 0.957200
225 227 300.000000 0.957200
226 227 300.000000 1.513901
228 229 300.000000 0.957200
228 230 300.000000 0.957200
229 230 300.000000 1.513901
231 232 300.000000 0.957200
231 233 300.000000 0.957200
232 233 300.000000 1.513901
234 235 300.000000 0.957200
234 236 300.000000 0.957200
235 236 300.000000 1.513901
237 238 300.000000 0.957200
237 239 300.000000 0.957200
238 239 300.000000 1.513901
240 241 300.000000 0.957200
240 242 300.000000 0.957200
241 242 300.000000 1.513901
243 244 300.000000 0.957200
243 245 300.000000 0.957200
244 245 300.000000 1.513901
246 247 300.000000 0.957200
246 248 300.000000 0.957200
247 248 300.000000 1.513901
249 250 300.000000 0.957200
249 251 300.000000 0.957200
250 251 300.000000 1.513901
252 253 300.000000 0.957200
252 254 300.000000 0.957200
253 254 300.000000 1.513901
255 256 300.000000 0.957200
255 257 300.000000 0.957200
256 257 300.000000 1.513901
258 259 300.000000 0.957200
258 260 300.000000 0.957200
259 260 300.000000 1.513901
261 262 300.000000 0.957200
261 263 300.000000 0.957200
262 263 300.000000 1.513901
264 265 300.000000 0.957200
264 266 300.000000 0.957200
265 266 300.000000 1.513901
267 268 300.000000 0.957200
267 269 300.000000 0.957200
268 269 300.000000 1.513901
270 271 300.000000 0.957200
270 272 300.000000 0.957200
271 272 300.000000 1.513901
273 274 300.000000 0.957200
273 275 300.000000 0.957200
274 275 300.000000 1.513901
276 277 300.000000 0.957200
276 278 300.000000 0.957200
277 278 300.000000 1.513901
279 280 300.000000 0.957200
279 281 300.000000 0.957200
280 281 300.000000 1.513901
282 283 300.000000 0.957200
282 284 300.000000 0.957200
283 284 300.000000 1.513901
285 286 300.000000 0.957200
285 287 300.000000 0.957200
286 287 300.000000 1.513901
288 289 300.000000 0.957200
288 290 300.000000 0.957200
289 290 300.000000 1.513901
291 292 300.000000 0.957200
291 293 300.000000 0.957200
292 293 300.000000 1.513901
294 295 300.000000 0.957200
294 296 300.000000 0.957200
295 296 300.000000 1.513901
297 298 300.000000 0.957200
297 299 300.000000 0.957200
298 299 300.000000 1.513901
300 301 300.000000 0.957200
300 302 300.000000 0.957200
301 302 300.000000 1.513901
303 304 300.000000 0.957200
303 305 300.000000 0.957200
304 305 300.000000 1.513901
306 307 300.000000 0.957200
306 308 300.000000 0.957200
307 308 300.000000 1.513901
309 310 300.000000 0.957200
309 311 300.000000 0.957200
310 311 300.000000 1.513901
312 313 300.000000 0.957200
312 314 300.000000 0.957200
313 314 300.000000 1.513901
315 316 300.000000 0.957200
315 317 300.000000 0.957200
316 317 300.000000 1.513901
318 319 300.000000 0.957200
318 320 300.000000 0.957200
319 320 300.000000 1.513901
321 322 300.000000 0.957200
321 323 300.000000 0.957200
322 323 300.000000 1.513901
324 325 300.000000 0.957200
324 326 300.000000 0.957200
325 326 300.000000 1.513901
327 328 300.000000 0.957200
327 329 300.000000 0.957200
328 329 300.000000 1.513901
330 331 300.000000 0.957200
330 332 300.000000 0.957200
331 332 300.000000 1.513901
333 334 300.000000 0.957200
333 335 300.000000 0.957200
334 335 300.000000 1.513901
336 337 300.000000 0.957200
336 338 300.000000 0.957200
337 338 300.000000 1.513901
339 340 300.000000 0.957200
339 341 300.000000 0.957200
340 341 300.000000 1.513901
342 343 300.000000 0.957200
342 344 300.000000 0.957200
343 344 300.000000 1.513901
345 346 300.000000 0.957200
345 347 300.000000 0.957200
346 347 300.000000 1.513901
348 349 300.000000 0.957200
348 350 300.000000 0.957200
349 350 300.000000 1.513901
351 352 300.000000 0.957200
351 353 300.000000 0.957200
352 353 300.000000 1.513901
354 355 300.000000 0.957200
354 356 300.000000 0.957200
355 356 300.000000 1.513901
357 358 300.000000 0.957200
357 359 300.000000 0.957200
358 359 300.000000 1.513901
360 361 300.000000 0.957200
360 362 300.000000 0.957200
361 362 300.000000 1.513901
363 364 300.000000 0.957200
363 365 300.000000 0.957200
364 365 300.000000 1.513901
366 367 300.000000 0.957200
366 368 300.000000 0.957200
367 368 300.000000 1.513901
369 370 300.000000 0.957200
369 371 300.000000 0.957200
370 371 300.000000 1.513901
372 373 300.000000 0.957200
372 374 300.000000 0.957200
373 374 300.000000 1.513901
375 376 300.000000 0.957200
375 377 300.000000 0.957200
376 377 300.000000 1.513901
378 379 300.000000 0.957200
378 380 300.000000 0.957200
379 380 300.000000 1.513901
381 382 300.000000 0.957200
381 383 300.000000 0.957200
382 383 300.000000 1.513901
384 385 300.000000 0.957200
384 386 300.000000 0.957200
385 386 300.000000 1.513901
387 388 300.000000 0.957200
387 389 300.000000 0.957200
388 389 300.000000 1.513901
390 391 300.000000 0.957200
390 392 300.000000 0.957200
391 392 300.000000 1.513901
393 394 300.000000 0.957200
393 395 300.000000 0.957200
394 395 300.000000 1.513901
396 397 300.000000 0.957200
396 398 300.000000 0.957200
397 398 300.000000 1.513901
399 400 300.000000 0.957200
399 401 300.000000 0.957200
400 401 300.000000 1.513901
402 403 300.000000 0.957200
402 404 300.000000 0.957200
403 404 300.000000 1.513901
405 406 300.000000 0.957200
405 407 300.000000 0.957200
406 407 300.000000 1.513901
408 409 300.000000 0.957200
408 410 300.000000 0.957200
409 410 300.000000 1.513901
411 412 300.000000 0.957200
411 413 300.000000 0.957200
412 413 300.000000 1.513901
414 415 300.000000 0.957200
414 416 300.000000 0.957200
415 416 300.000000 1.513901
417 418 300.000000 0.957200
417 419 300.000000 0.957200
418 419 300.000000 1.513901
420 421 300.000000 0.957200
420 422 300.000000 0.957200
421 422 300.000000 1.513901
423 424 300.000000 0.957200
423 425 300.000000 0.957200
424 425 300.000000 1.513901
426 427 300.000000 0.957200
426 428 300.000000 0.957200
427 428 300.000000 1.513901
429 430 300.000000 0.957200
429 431 300.000000 0.957200
430 431 300.000000 1.513901
432 433 300.000000 0.957200
432 434 300.000000 0.957200
433 434 300.000000 1.513901
435 436 300.000000 0.957200
435 437 300.000000 0.957200
436 437 300.000000 1.513901
438 439 300.000000 0.957200
438 440 300.000000 0.957200
439 440 300.000000 1.513901
441 442 300.000000 0.957200
441 443 300.000000 0.957200
442 443 300.000000 1.513901
444 445 300.000000 0.957200
444 446 300.000000 0.957200
445 446 300.000000 1.513901
447 448 300.000000 0.957200
447 449 300.000000 0.957200
448 449 300.000000 1.513901
450 451 300.000000 0.957200
450 452 300.000000 0.957200
451 452 300.000000 1.513901
453 454 300.000000 0.957200
453 455 300.000000 0.957200
454 455 300.000000 1.513901
456 457 300.000000 0.957200
456 458 300.000000 0.957200
457 458 300.000000 1.513901
459 460 300.000000 0.957200
459 461 300.000000 0.957200
460 461 300.000000 1.513901
462 463 300.000000 0.957200
462 464 300.000000 0.957200
463 464 300.000000 1.513901
465 466 300.000000 0.957200
465 467 300.000000 0.957200
466 467 300.000000 1.513901
468 469 300.000000 0.957200
468 470 300.000000 0.957200
469 470 300.000000 1.513901
471 472 300.000000 0.957200
471 473 300.000000 0.957200
472 473 300.000000 1.513901
474 475 300.000000 0.957200
474 476 300.000000 0.957200
475 476 300.000000 1.513901
477 478 300.000000 0.957200
477 479 300.000000 0.957200
478 479 300.000000 1.513901
480 481 300.000000 0.957200
480 482 300.000000 0.957200
481 482 300.000000 1.513901
483 484 300.000000 0.957200
483 485 300.000000 0.957200
484 485 300.000000 1.513901
486 487 300.000000 0.957200
486 488 300.000000 0.957200
487 488 300.000000 1.513901
489 490 300.000000 0.957200
489 491 300.000000 0.957200
490 491 300.000000 1.513901
492 493 300.000000 0.957200
492 494 300.000000 0.957200
493 494 300.000000 1.513901
495 496 300.000000 0.957200
495 497 300.000000 0.957200
496 497 300.000000 1.513901
498 499 300.000000 0.957200
498 500 300.000000 0.957200
499 500 300.000000 1.513901
501 502 300.000000 0.957200
501 503 300.000000 0.957200
502 503 300.000000 1.513901
504 505 300.000000 0.957200
504 506 300.000000 0.957200
505 506 300.000000 1.513901
507 508 300.000000 0.957200
507 509 300.000000 0.957200
508 509 300.000000 1.513901
510 511 300.000000 0.957200
510 512 300.000000 0.957200
511 512 300.000000 1.513901
513 514 300.000000 0.957200
513 515 300.000000 0.957200
514 515 300.000000 1.513901
516 517 300.000000 0.957200
516 518 300.000000 0.957200
517 518 300.000000 1.513901
519 520 300.000000 0.957200
519 521 300.000000 0.957200
520 521 300.000000 1.513901
522 523 300.000000 0.957200
522 524 300.000000 0.957200
523 524 300.000000 1.513901
525 526 300.000000 0.957200
525 527 300.000000 0.957200
526 527 300.000000 1.513901
528 529 300.000000 0.957200
528 530 300.000000 0.957200
529 530 300.000000 1.513901
531 532 300.000000 0.957200
531 533 300.000000 0.957200
532 533 300.000000 1.513901
534 535 300.000000 0.957200
534 536 300.000000 0.957200
535 536 300.000000 1.513901
537 538 300.000000 0.957200
537 539 300.000000 0.957200
538 539 300.000000 1.513901
540 541 300.000000 0.957200
540 542 300.000000 0.957200
541 542 300.000000 1.513901
543 544 300.000000 0.957200
543 545 300.000000 0.957200
544 545 300.000000 1.513901
546 547 300.000000 0.957200
546 548 300.000000 0.957200
547 548 300.000000 1.513901
549 550 300.000000 0.957200
549 551 300.000000 0.957200
550 551 300.000000 1.513901
552 553 300.000000 0.957200
552 554 300.000000 0.957200
553 554 300.000000 1.513901
555 556 300.000000 0.957200
555 557 300.000000 0.957200
556 557 300.000000 1.513901
558 559 300.000000 0.957200
558 560 300.000000 0.957200
559 560 300.000000 1.513901
561 562 300.000000 0.957200
561 563 300.000000 0.957200
562 563 300.000000 1.513901
564 565 300.000000 0.957200
564 566 300.000000 0.957200
565 566 300.000000 1.513901
567 568 300.000000 0.957200
567 569 300.000000 0.957200
568 569 300.000000 1.513901
570 571 300.000000 0.957200
570 572 300.000000 0.957200
571 572 300.000000 1.513901
573 574 300.000000 0.957200
573 575 300.000000 0.957200
574 575 300.000000 1.513901
576 577 300.000000 0.957200
576 578 300.000000 0.957200
577 578 300.000000 1.513901
579 580 300.000000 0.957200
579 581 300.000000 0.957200
580 581 300.000000 1.513901
582 583 300.000000 0.957200
582 584 300.000000 0.957200
583 584 300.000000 1.513901
585 586 300.000000 0.957200
585 587 300.000000 0.957200
586 587 300.000000 1.513901
588 589 300.000000 0.957200
588 590 300.000000 0.957200
589 590 300.000000 1.513901
591 592 300.000000 0.957200
591 593 300.000000 0.957200
592 593 300.000000 1.513901
594 595 300.000000 0.957200
594 596 300.000000 0.957200
595 596 300.000000 1.513901
597 598 300.000000 0.957200
597 599 300.000000 0.957200
598 599 300.000000 1.513901
600 601 300.000000 0.957200
600 602 300.000000 0.957200
601 602 300.000000 1.513901
603 604 300.000000 0.957200
603 605 300.000000 0.957200
604 605 300.000000 1.513901
606 607 300.000000 0.957200
606 608 300.000000 0.957200
607 608 300.000000 1.513901
609 610 300.000000 0.957200
609 611 300.000000 0.957200
610 611 300.000000 1.513901
612 613 300.000000 0.957200
612 614 300.000000 0.957200
613 614 300.000000 1.513901
615 616 300.000000 0.957200
615 617 300.000000 0.957200
616 617 300.000000 1.513901
618 619 300.000000 0.957200
618 620 300.000000 0.957200
619 620 300.000000 1.513901
621 622 300.000000 0.957200
621 623 300.000000 0.957200
622 623 300.000000 1.513901
624 625 300.000000 0.957200
624 626 300.000000 0.957200
625 626 300.000000 1.513901
627 628 300.000000 0.957200
627 629 300.000000 0.957200
628 629 300.000000 1.513901
630 631 300.000000 0.957200
630 632 300.000000 0.957200
631 632 300.000000 1.513901
633 634 300.000000 0.957200
633 635 300.000000 0.957200
634 635 300.000000 1.513901
636 637 300.000000 0.957200
636 638 300.000000 0.957200
637 638 300.000000 1.513901
639 640 300.000000 0.957200
639 641 300.000000 0.957200
640 641 300.000000 1.513901
642 643 300.000000 0.957200
642 644 300.000000 0.957200
643 644 300.000000 1.513901
645 646 300.000000 0.957200
645 647 300.000000 0.957200
646 647 300.000000 1.513901
648 649 300.000000 0.957200
648 650 300.000000 0.957200
649 650 300.000000 1.513901
651 652 300.000000 0.957200
651 653 300.000000 0.957200
652 653 300.000000 1.513901
654 655 300.000000 0.957200
654 656 300.000000 0.957200
655 656 300.000000 1.513901
657 658 300.000000 0.957200
657 659 300.000000 0.957200
658 659 300.000000 1.513901
660 661 300.000000 0.957200
660 662 300.000000 0.957200
661 662 300.000000 1.513901
663 664 300.000000 0.957200
663 665 300.000000 0.957200
664 665 300.000000 1.513901
666 667 300.000000 0.957200
666 668 300.000000 0.957200
667 668 300.000000 1.513901
669 670 300.000000 0.957200
669 671 300.000000 0.957200
670 671 300.000000 1.513901
672 673 300.000000 0.957200
672 674 300.000000 0.957200
673 674 300.000000 1.513901
675 676 300.000000 0.957200
675 677 300.000000 0.957200
676 677 300.000000 1.513901
678 679 300.000000 0.957200
678 680 300.000000 0.957200
679 680 300.000000 1.513901
681 682 300.000000 0.957200
681 683 300.000000 0.957200
682 683 300.000000 1.513901
684 685 300.000000 0.957200
684 686 300.000000 0.957200
685 686 300.000000 1.513901
687 688 300.000000 0.957200
687 689 300.000000 0.957200
688 689 300.000000 1.513901
690 691 300.000000 0.957200
690 692 300.000000 0.957200
691 692 300.000000 1.513901
693 694 300.000000 0.957200
693 695 300.000000 0.957200
694 695 300.000000 1.513901
696 697 300.000000 0.957200
696 698 300.000000 0.957200
697 698 300.000000 1.513901
699 700 300.000000 0.957200
699 701 300.000000 0.957200
700 701 300.000000 1.513901
702 703 300.000000 0.957200
702 704 300.000000 0.957200
703 704 300.000000 1.513901
705 706 300.000000 0.957200
705 707 300.000000 0.957200
706 707 300.000000 1.513901
708 709 300.000000 0.957200
708 710 300.000000 0.957200
709 710 300.000000 1.513901
711 712 300.000000 0.957200
711 713 300.000000 0.957200
712 713 300.000000 1.513901
714 715 300.000000 0.957200
714 716 300.000000 0.957200
715 716 300.000000 1.513901
717 718 300.000000 0.957200
717 719 300.000000 0.957200
718 719 300.000000 1.513901
720 721 300.000000 0.957200
720 722 300.000000 0.957200
721 722 300.000000 1.513901
723 724 300.000000 0.957200
723 725 300.000000 0.957200
724 725 300.000000 1.513901
726 727 300.000000 0.957200
726 728 300.000000 0.957200
727 728 300.000000 1.513901
729 730 300.000000 0.957200
729 731 300.000000 0.957200
730 731 300.000000 1.513901
732 733 300.000000 0.957200
732 734 300.000000 0.957200
733 734 300.000000 1.513901
735 736 300.000000 0.957200
735 737 300.000000 0.957200
736 737 300.000000 1.513901
738 739 300.000000 0.957200
738 740 300.000000 0.957200
739 740 300.000000 1.513901
741 742 300.000000 0.957200
741 743 300.000000 0.957200
742 743 300.000000 1.513901
744 745 300.000000 0.957200
744 746 300.000000 0.957200
745 746 300.000000 1.513901
747 748 300.000000 0.957200
747 749 300.000000 0.957200
748 749 300.000000 1.513901
750 751 300.000000 0.957200
750 752 300.000000 0.957200
751 752 300.000000 1.513901
753 754 300.000000 0.957200
753 755 300.000000 0.957200
754 755 300.000000 1.513901
756 757 300.000000 0.957200
756 758 300.000000 0.957200
757 758 300.000000 1.513901
759 760 300.000000 0.957200
759 761 300.000000 0.957200
760 761 300.000000 1.513901
762 763 300.000000 0.957200
762 764 300.000000 0.957200
763 764 300.000000 1.513901
765 766 300.000000 0.957200
765 767 300.000000 0.957200
766 767 300.000000 1.513901
768 769 300.000000 0.957200
768 770 300.000000 0.957200
769 770 300.000000 1.513901
771 772 300.000000 0.957200
771 773 300.000000 0.957200
772 773 300.000000 1.513901
774 775 300.000000 0.957200
774 776 300.000000 0.957200
775 776 300.000000 1.513901
777 778 300.000000 0.957200
777 779 300.000000 0.957200
778 779 300.000000 1.513901
780 781 300.000000 0.957200
780 782 300.000000 0.957200
781 782 300.000000 1.513901
783 784 300.000000 0.957200
783 785 300.000000 0.957200
784 785 300.000000 1.513901
786 787 300.000000 0.957200
786 788 300.000000 0.957200
787 788 300.000000 1.513901
789 790 300.000000 0.957200
789 791 300.000000 0.957200
790 791 300.000000 1.513901
792 793 300.000000 0.957200
792 794 300.000000 0.957200
793 794 300.000000 1.513901
795 796 300.000000 0.957200
795 797 300.000000 0.957200
796 797 300.000000 1.513901
798 799 300.000000 0.957200
798 800 300.000000 0.957200
799 800 300.000000 1.513901
801 802 300.000000 0.957200
801 803 300.000000 0.957200
802 803 300.000000 1.513901
804 805 300.000000 0.957200
804 806 300.000000 0.957200
805 806 300.000000 1.513901
807 808 300.000000 0.957200
807 809 300.000000 0.957200
808 809 300.000000 1.513901
810 811 300.000000 0.957200
810 812 300.000000 0.957200
811 812 300.000000 1.513901
813 814 300.000000 0.957200
813 815 300.000000 0.957200
814 815 300.000000 1.513901
816 817 300.000000 0.957200
816 818 300.000000 0.957200
817 818 300.000000 1.513901
819 820 300.000000 0.957200
819 821 300.000000 0.957200
820 821 300.000000 1.513901
822 823 300.000000 0.957200
822 824 300.000000 0.957200
823 824 300.000000 1.513901
825 826 300.000000 0.957200
825 827 300.000000 0.957200
826 827 300.000000 1.513901
828 829 300.000000 0.957200
828 830 300.000000 0.957200
829 830 300.000000 1.513901
831 832 300.000000 0.957200
831 833 300.000000 0.957200
832 833 300.000000 1.513901
834 835 300.000000 0.957200
834 836 300.000000 0.957200
835 836 300.000000 1.513901
837 838 300.000000 0.957200
837 839 300.000000 0.957200
838 839 300.000000 1.513901
840 841 300.000000 0.957200
840 842 300.000000 0.957200
841 842 300.000000 1.513901
843 844 300.000000 0.957200
843 845 300.000000 0.957200
844 845 300.000000 1.513901
846 847 300.000000 0.957200
846 848 300.000000 0.957200
847 848 300.000000 1.513901
849 850 300.000000 0.957200
849 851 300.000000 0.957200
850 851 300.000000 1.513901
852 853 300.000000 0.957200
852 854 300.000000 0.957200
853 854 300.000000 1.513901
855 856 300.000000 0.957200
855 857 300.000000 0.957200
856 857 300.000000 1.513901
858 859 300.000000 0.957200
858 860 300.000000 0.957200
859 860 300.000000 1.513901
861 862 300.000000 0.957200
861 863 300.000000 0.957200
862 863 300.000000 1.513901
864 865 300.000000 0.957200
864 866 300.000000 0.957200
865 866 300.000000 1.513901
867 868 300.000000 0.957200
867 869 300.000000 0.957200
868 869 300.000000 1.513901
870 871 300.000000 0.957200
870 872 300.000000 0.957200
871 872 300.000000 1.513901
873 874 300.000000 0.957200
873 875 300.000000 0.957200
874 875 300.000000 1.513901
876 877 300.000000 0.957200
876 878 300.000000 0.957200
877 878 300.000000 1.513901
879 880 300.000000 0.957200
879 881 300.000000 0.957200
880 881 300.000000 1.513901
882 883 300.000000 0.957200
882 884 300.000000 0.957200
883 884 300.000000 1.513901
885 886 300.000000 0.957200
885 887 300.000000 0.957200
886 887 300.000000 1.513901
888 889 300.000000 0.957200
888 890 300.000000 0.957200
889 890 300.000000 1.513901
891 892 300.000000 0.957200
891 893 300.000000 0.957200
892 893 300.000000 1.513901
894 895 300.000000 0.957200
894 896 300.000000 0.957200
895 896 300.000000 1.513901
897 898 300.000000 0.957200
897 899 300.000000 0.957200
898 899 300.000000 1.513901
900 901 300.000000 0.957200
900 902 300.000000 0.957200
901 902 300.000000 1.513901
903 904 300.000000 0.957200
903 905 300.000000 0.957200
904 905 300.000000 1.513901
906 907 300.000000 0.957200
906 908 300.000000 0.957200
907 908 300.000000 1.513901
909 910 300.000000 0.957200
909 911 300.000000 0.957200
910 911 300.000000 1.513901
912 913 300.000000 0.957200
912 914 300.000000 0.957200
913 914 300.000000 1.513901
915 916 300.000000 0.957200
915 917 300.000000 0.957200
916 917 300.000000 1.513901
918 919 300.000000 0.957200
918 920 300.000000 0.957200
919 920 300.000000 1.513901
921 922 300.000000 0.957200
921 923 300.000000 0.957200
922 923 300.000000 1.513901
924 925 300.000000 0.957200
924 926 300.000000 0.957200
925 926 300.000000 1.513901
927 928 300.000000 0.957200
927 929 300.000000 0.957200
928 929 300.000000 1.513901
930 931 300.000000 0.957200
930 932 300.000000 0.957200
931 932 300.000000 1.513901
933 934 300.000000 0.957200
933 935 300.000000 0.957200
934 935 300.000000 1.513901
936 937 300.000000 0.957200
936 938 300.000000 0.957200
937 938 300.000000 1.513901
939 940 300.000000 0.957200
939 941 300.000000 0.957200
940 941 300.000000 1.513901
942 943 300.000000 0.957200
942 944 300.000000 0.957200
943 944 300.000000 1.513901
945 946 300.000000 0.957200
945 947 300.000000 0.957200
946 947 300.000000 1.513901
948 949 300.000000 0.957200
948 950 300.000000 0.957200
949 950 300.000000 1.513901
951 952 300.000000 0.957200
951 953 300.000000 0.957200
952 953 300.000000 1.513901
954 955 300.000000 0.957200
954 956 300.000000 0.957200
955 956 300.000000 1.513901
957 958 300.000000 0.957200
957 959 300.000000 0.957200
958 959 300.000000 1.513901
960 961 300.000000 0.957200
960 962 300.000000 0.957200
961 962 300.000000 1.513901
963 964 300.000000 0.957200
963 965 300.000000 0.957200
964 965 300.000000 1.513901
966 967 300.000000 0.957200
966 968 300.000000 0.957200
967 968 300.000000 1.513901
969 970 300.000000 0.957200
969 971 300.000000 0.957200
970 971 300.000000 1.513901
972 973 300.000000 0.957200
972 974 300.000000 0.957200
973 974 300.000000 1.513901
975 976 300.000000 0.957200
975 977 300.000000 0.957200
976 977 300.000000 1.513901
978 979 300.000000 0.957200
978 980 300.000000 0.957200
979 980 300.000000 1.513901
981 982 300.000000 0.957200
981 983 300.000000 0.957200
982 983 300.000000 1.513901
984 985 300.000000 0.957200
984 986 300.000000 0.957200
985 986 300.000000 1.513901
987 988 300.000000 0.957200
987 989 300.000000 0.957200
988 989 300.000000 1.513901
990 991 300.000000 0.957200
990 992 300.000000 0.957200
991 992 300.000000 1.513901
993 994 300.000000 0.957200
993 995 300.000000 0.957200
994 995 300.000000 1.513901
996 997 300.000000 0.957200
996 998 300.000000 0.957200
997 998 300.000000 1.513901
999 1000 300.000000 0.957200
999 1001 300.000000 0.957200
1000 1001 300.000000 1.513901
1002 1003 300.000000 0.957200
1002 1004 300.000000 0.957200
1003 1004 300.000000 1.513901
1005 1006 300.000000 0.957200
1005 1007 300.000000 0.957200
1006 1007 300.000000 1.513901
1008 1009 300.000000 0.957200
1008 1010 300.000000 0.957200
1009 1010 300.000000 1.513901
1011 1012 300.000000 0.957200
1011 1013 300.000000 0.957200
1012 1013 300.000000 1.513901
1014 1015 300.000000 0.957200
1014 1016 300.000000 0.957200
1015 1016 300.000000 1.513901
1017 1018 300.000000 0.957200
1017 1019 300.000000 0.957200
1018 1019 300.000000 1.513901
1020 1021 300.000000 0.957200
1020 1022 300.000000 0.957200
1021 1022 300.000000 1.513901
1023 1024 300.000000 0.957200
1023 1025 300.000000 0.957200
1024 1025 300.000000 1.513901
1026 1027 300.000000 0.957200
1026 1028 300.000000 0.957200
1027 1028 300.000000 1.513901
1029 1030 300.000000 0.957200
1029 1031 300.000000 0.957200
1030 1031 300.000000 1.513901
1032 1033 300.000000 0.957200
1032 1034 300.000000 0.957200
1033 1034 300.000000 1.513901
1035 1036 300.000000 0.957200
1035 1037 300.000000 0.957200
1036 1037 300.000000 1.513901
1038 1039 300.000000 0.957200
1038 1040 300.000000 0.957200
1039 1040 300.000000 1.513901
1041 1042 300.000000 0.957200
1041 1043 300.000000 0.957200
1042 1043 300.000000 1.513901
1044 1045 300.000000 0.957200
1044 1046 300.000000 0.957200
1045 1046 300.000000 1.513901
1047 1048 300.000000 0.957200
1047 1049 300.000000 0.957200
1048 1049 300.000000 1.513901
1050 1051 300.000000 0.957200
1050 1052 300.000000 0.957200
1051 1052 300.000000 1.513901
1053 1054 300.000000 0.957200
1053 1055 300.000000 0.957200
1054 1055 300.000000 1.513901
1056 1057 300.000000 0.957200
1056 1058 300.000000 0.957200
1057 1058 300.000000 1.513901
1059 1060 300.000000 0.957200
1059 1061 300.000000 0.957200
1060 1061 300.000000 1.513901
1062 1063 300.000000 0.957200
1062 1064 300.000000 0.957200
1063 1064 300.000000 1.513901
1065 1066 300.000000 0.957200
1065 1067 300.000000 0.957200
1066 1067 300.000000 1.513901
1068 1069 300.000000 0.957200
1068 1070 300.000000 0.957200
1069 1070 300.000000 1.513901
1071 1072 300.000000 0.957200
1071 1073 300.000000 0.957200
1072 1073 300.000000 1.513901
1074 1075 300.000000 0.957200
1074 1076 300.000000 0.957200
1075 1076 300.000000 1.513901
1077 1078 300.000000 0.957200
1077 1079 300.000000 0.957200
1078 1079 300.000000 1.513901
1080 1081 300.000000 0.957200
1080 1082 300.000000 0.957200
1081 1082 300.000000 1.513901
1083 1084 300.000000 0.957200
1083 1085 300.000000 0.957200
1084 1085 300.000000 1.513901
1086 1087 300.000000 0.957200
1086 1088 300.000000 0.957200
1087 1088 300.000000 1.513901
1089 1090 300.000000 0.957200
1089 1091 300.000000 0.957200
1090 1091 300.000000 1.513901
1092 1093 300.000000 0.957200
1092 1094 300.000000 0.957200
1093 1094 300.000000 1.513901
1095 1096 300.000000 0.957200
1095 1097 300.000000 0.957200
1096 1097 300.000000 1.513901
1098 1099 300.000000 0.957200
1098 1100 300.000000 0.957200
1099 1100 300.000000 1.513901
1101 1102 300.000000 0.957200
1101 1103 300.000000 0.957200
1102 1103 300.000000 1.513901
1104 1105 300.000000 0.957200
1104 1106 300.000000 0.957200
1105 1106 300.000000 1.513901
1107 1108 300.000000 0.957200
1107 1109 300.000000 0.957200
1108 1109 300.000000 1.513901
1110 1111 300.000000 0.957200
1110 1112 300.000000 0.957200
1111 1112 300.000000 1.513901
1113 1114 300.000000 0.957200
1113 1115 300.000000 0.957200
1114 1115 300.000000 1.513901
1116 1117 300.000000 0.957200
1116 1118 300.000000 0.957200
1117 1118 300.000000 1.513901
1119 1120 300.000000 0.957200
1119 1121 300.000000 0.957200
1120 1121 300.000000 1.513901
1122 1123 300.000000 0.957200
1122 1124 300.000000 0.957200
1123 1124 300.000000 1.513901
1125 1126 300.000000 0.957200
1125 1127 300.000000 0.957200
1126 1127 300.000000 1.513901
1128 1129 300.000000 0.957200
1128 1130 300.000000 0.957200
1129 1130 300.000000 1.513901
1131 1132 300.000000 0.957200
1131 1133 300.000000 0.957200
1132 1133 300.000000 1.513901
1134 1135 300.000000 0.957200
1134 1136 300.000000 0.957200
1135 1136 300.000000 1.513901
1137 1138 300.000000 0.957200
1137 1139 300.000000 0.957200
1138 1139 300.000000 1.513901
1140 1141 300.000000 0.957200
1140 1142 300.000000 0.957200
1141 1142 300.000000 1.513901
1143 1144 300.000000 0.957200
1143 1145 300.000000 0.957200
1144 1145 300.000000 1.513901
1146 1147 300.000000 0.957200
1146 1148 300.000000 0.957200
1147 1148 300.000000 1.513901
1149 1150 300.000000 0.957200
1149 1151 300.000000 0.957200
1150 1151 300.000000 1.513901
1152 1153 300.000000 0.957200
1152 1154 300.000000 0.957200
1153 1154 300.000000 1.513901
1155 1156 300.000000 0.957200
1155 1157 300.000000 0.957200
1156 1157 300.000000 1.513901
1158 1159 300.000000 0.957200
1158 1160 300.000000 0.957200
1159 1160 300.000000 1.513901
1161 1162 300.000000 0.957200
1161 1163 300.000000 0.957200
1162 1163 300.000000 1.513901
1164 1165 300.000000 0.957200
1164 1166 300.000000 0.957200
1165 1166 300.000000 1.513901
1167 1168 300.000000 0.957200
1167 1169 300.000000 0.957200
1168 1169 300.000000 1.513901
1170 1171 300.000000 0.957200
1170 1172 300.000000 0.957200
1171 1172 300.000000 1.513901
1173 1174 300.000000 0.957200
1173 1175 300.000000 0.957200
1174 1175 300.000000 1.513901
1176 1177 300.000000 0.957200
1176 1178 300.000000 0.957200
1177 1178 300.000000 1.513901
1179 1180 300.000000 0.957200
1179 1181 300.000000 0.957200
1180 1181 300.000000 1.513901
1182 1183 300.000000 0.957200
1182 1184 300.000000 0.957200
1183 1184 300.000000 1.513901
1185 1186 300.000000 0.957200
1185 1187 300.000000 0.957200
1186 1187 300.000000 1.513901
1188 1189 300.000000 0.957200
1188 1190 300.000000 0.957200
1189 1190 300.000000 1.513901
1191 1192 300.000000 0.957200
1191 1193 300.000000 0.957200
1192 1193 300.000000 1.513901
1194 1195 300.000000 0.957200
1194 1196 300.000000 0.957200
1195 1196 300.000000 1.513901
1197 1198 300.000000 0.957200
1197 1199 300.000000 0.957200
1198 1199 300.000000 1.513901
1200 1201 300.000000 0.957200
1200 1202 300.000000 0.957200
1201 1202 300.000000 1.513901
1203 1204 300.000000 0.957200
1203 1205 300.000000 0.957200
1204 1205 300.000000 1.513901
1206 1207 300.000000 0.957200
1206 1208 300.000000 0.957200
1207 1208 300.000000 1.513901
1209 1210 300.000000 0.957200
1209 1211 300.000000 0.957200
1210 1211 300.000000 1.513901
1212 1213 300.000000 0.957200
1212 1214 300.000000 0.957200
1213 1214 300.000000 1.513901
1215 1216 300.000000 0.957200
1215 1217 300.000000 0.957200
1216 1217 300.000000 1.513901
1218 1219 300.000000 0.957200
1218 1220 300.000000 0.957200
1219 1220 300.000000 1.513901
1221 1222 300.000000 0.957200
1221 1223 300.000000 0.957200
1222 1223 300.000000 1.513901
1224 1225 300.000000 0.957200
1224 1226 300.000000 0.957200
1225 1226 300.000000 1.513901
1227 1228 300.000000 0.957200
1227 1229 300.000000 0.957200
1228 1229 300.000000 1.513901
1230 1231 300.000000 0.957200
1230 1232 300.000000 0.957200
1231 1232 300.000000 1.513901
1233 1234 300.000000 0.957200
1233 1235 300.000000 0.957200
1234 1235 300.000000 1.513901
1236 1237 300.000000 0.957200
1236 1238 300.000000 0.957200
1237 1238 300.000000 1.513901
1239 1240 300.000000 0.957200
1239 1241 300.000000 0.957200
1240 1241 300.000000 1.513901
1242 1243 300.000000 0.957200
1242 1244 300.000000 0.957200
1243 1244 300.000000 1.513901
1245 1246 300.000000 0.957200
1245 1247 300.000000 0.957200
1246 1247 300.000000 1.513901
1248 1249 300.000000 0.957200
1248 1250 300.000000 0.957200
1249 1250 300.000000 1.513901
1251 1252 300.000000 0.957200
1251 1253 300.000000 0.957200
1252 1253 300.000000 1.513901
1254 1255 300.000000 0.957200
1254 1256 300.000000 0.957200
1255 1256 300.000000 1.513901
1257 1258 300.000000 0.957200
1257 1259 300.000000 0.957200
1258 1259 300.000000 1.513901
1260 1261 300.000000 0.957200
1260 1262 300.000000 0.957200
1261 1262 300.000000 1.513901
1263 1264 300.000000 0.957200
1263 1265 300.000000 0.957200
1264 1265 300.000000 1.513901
1266 1267 300.000000 0.957200
1266 1268 300.000000 0.957200
1267 1268 300.000000 1.513901
1269 1270 300.000000 0.957200
1269 1271 300.000000 0.957200
1270 1271 300.000000 1.513901
1272 1273 300.000000 0.957200
1272 1274 300.000000 0.957200
1273 1274 300.000000 1.513901
1275 1276 300.000000 0.957200
1275 1277 300.000000 0.957200
1276 1277 300.000000 1.513901
1278 1279 300.000000 0.957200
1278 1280 300.000000 0.957200
1279 1280 300.000000 1.513901
1281 1282 300.000000 0.957200
1281 1283 300.000000 0.957200
1282 1283 300.000000 1.513901
1284 1285 300.000000 0.957200
1284 1286 300.000000 0.957200
1285 1286 300.000000 1.513901
1287 1288 300.000000 0.957200
1287 1289 300.000000 0.957200
1288 1289 300.000000 1.513901
1290 1291 300.000000 0.957200
1290 1292 300.000000 0.957200
1291 1292 300.000000 1.513901
1293 1294 300.000000 0.957200
1293 1295 300.000000 0.957200
1294 1295 300.000000 1.513901
1296 1297 300.000000 0.957200
1296 1298 300.000000 0.957200
1297 1298 300.000000 1.513901
1299 1300 300.000000 0.957200
1299 1301 300.000000 0.957200
1300 1301 300.000000 1.513901
1302 1303 300.000000 0.957200
1302 1304 300.000000 0.957200
1303 1304 300.000000 1.513901
1305 1306 300.000000 0.957200
1305 1307 300.000000 0.957200
1306 1307 300.000000 1.513901
1308 1309 300.000000 0.957200
1308 1310 300.000000 0.957200
1309 1310 300.000000 1.513901
1311 1312 300.000000 0.957200
1311 1313 300.000000 0.957200
1312 1313 300.000000 1.513901
1314 1315 300.000000 0.957200
1314 1316 300.000000 0.957200
1315 1316 300.000000 1.513901
1317 1318 300.000000 0.957200
1317 1319 300.000000 0.957200
1318 1319 300.000000 1.513901
1320 1321 300.000000 0.957200
1320 1322 300.000000 0.957200
1321 1322 300.000000 1.513901
1323 1324 300.000000 0.957200
1323 1325 300.000000 0.957200
1324 1325 300.000000 1.513901
1326 1327 300.000000 0.957200
1326 1328 300.000000 0.957200
1327 1328 300.000000 1.513901
1329 1330 300.000000 0.957200
1329 1331 300.000000 0.957200
1330 1331 300.000000 1.513901
1332 1333 300.000000 0.957200
1332 1334 300.000000 0.957200
1333 1334 300.000000 1.513901
1335 1336 300.000000 0.957200
1335 1337 300.000000 0.957200
1336 1337 300.000000 1.513901
1338 1339 300.000000 0.957200
1338 1340 300.000000 0.957200
1339 1340 300.000000 1.513901
1341 1342 300.000000 0.957200
1341 1343 300.000000 0.957200
1342 1343 300.000000 1.513901
1344 1345 300.000000 0.957200
1344 1346 300.000000 0.957200
1345 1346 300.000000 1.513901
1347 1348 300.000000 0.957200
1347 1349 300.000000 0.957200
1348 1349 300.000000 1.513901
1350 1351 300.000000 0.957200
1350 1352 300.000000 0.957200
1351 1352 300.000000 1.513901
1353 1354 300.000000 0.957200
1353 1355 300.000000 0.957200
1354 1355 300.000000 1.513901
1356 1357 300.000000 0.957200
1356 1358 300.000000 0.957200
1357 1358 300.000000 1.513901
1359 1360 300.000000 0.957200
1359 1361 300.000000 0.957200
1360 1361 300.000000 1.513901
1362 1363 300.000000 0.957200
1362 1364 300.000000 0.957200
1363 1364 300.000000 1.513901
1365 1366 300.000000 0.957200
1365 1367 300.000000 0.957200
1366 1367 300.000000 1.513901
1368 1369 300.000000 0.957200
1368 1370 300.000000 0.957200
1369 1370 300.000000 1.513901
1371 1372 300.000000 0.957200
1371 1373 300.000000 0.957200
1372 1373 300.000000 1.513901
1374 1375 300.000000 0.957200
1374 1376 300.000000 0.957200
1375 1376 300.000000 1.513901
1377 1378 300.000000 0.957200
1377 1379 300.000000 0.957200
1378 1379 300.000000 1.513901
1380 1381 300.000000 0.957200
1380 1382 300.000000 0.957200
1381 1382 300.000000 1.513901
1383 1384 300.000000 0.957200
1383 1385 300.000000 0.957200
1384 1385 300.000000 1.513901
1386 1387 300.000000 0.957200
1386 1388 300.000000 0.957200
1387 1388 300.000000 1.513901
1389 1390 300.000000 0.957200
1389 1391 300.000000 0.957200
1390 1391 300.000000 1.513901
1392 1393 300.000000 0.957200
1392 1394 300.000000 0.957200
1393 1394 300.000000 1.513901
1395 1396 300.000000 0.957200
1395 1397 300.000000 0.957200
1396 1397 300.000000 1.513901
1398 1399 300.000000 0.957200
1398 1400 300.000000 0.957200
1399 1400 300.000000 1.513901
1401 1402 300.000000 0.957200
1401 1403 300.000000 0.957200
1402 1403 300.000000 1.513901
1404 1405 300.000000 0.957200
1404 1406 300.000000 0.957200
1405 1406 300.000000 1.513901
1407 1408 300.000000 0.957200
1407 1409 300.000000 0.957200
1408 1409 300.000000 1.513901
1410 1411 300.000000 0.957200
1410 1412 300.000000 0.957200
1411 1412 300.000000 1.513901
1413 1414 300.000000 0.957200
1413 1415 300.000000 0.957200
1414 1415 300.000000 1.513901
1416 1417 300.000000 0.957200
1416 1418 300.000000 0.957200
1417 1418 300.000000 1.513901
1419 1420 300.000000 0.957200
1419 1421 300.000000 0.957200
1420 1421 300.000000 1.513901
1422 1423 300.000000 0.957200
1422 1424 300.000000 0.957200
1423 1424 300.000000 1.513901
1425 1426 300.000000 0.957200
1425 1427 300.000000 0.957200
1426 1427 300.000000 1.513901
1428 1429 300.000000 0.957200
1428 1430 300.000000 0.957200
1429 1430 300.000000 1.513901
1431 1432 300.000000 0.957200
1431 1433 300.000000 0.957200
1432 1433 300.000000 1.513901
1434 1435 300.000000 0.957200
1434 1436 300.000000 0.957200
1435 1436 300.000000 1.513901
1437 1438 300.000000 0.957200
1437 1439 300.000000 0.957200
1438 1439 300.000000 1.513901
1440 1441 300.000000 0.957200
1440 1442 300.000000 0.957200
1441 1442 300.000000 1.513901
1443 1444 300.000000 0.957200
1443 1445 300.000000 0.957200
1444 1445 300.000000 1.513901
1446 1447 300.000000 0.957200
1446 1448 300.000000 0.957200
1447 1448 300.000000 1.513901
1449 1450 300.000000 0.957200
1449 1451 300.000000 0.957200
1450 1451 300.000000 1.513901
1452 1453 300.000000 0.957200
1452 1454 300.000000 0.957200
1453 1454 300.000000 1.513901
1455 1456 300.000000 0.957200
1455 1457 300.000000 0.957200
1456 1457 300.000000 1.513901
1458 1459 300.000000 0.957200
1458 1460 300.000000 0.957200
1459 1460 300.000000 1.513901
1461 1462 300.000000 0.957200
1461 1463 300.000000 0.957200
1462 1463 300.000000 1.513901
1464 1465 300.000000 0.957200
1464 1466 300.000000 0.957200
1465 1466 300.000000 1.513901
1467 1468 300.000000 0.957200
1467 1469 300.000000 0.957200
1468 1469 300.000000 1.513901
1470 1471 300.000000 0.957200
1470 1472 300.000000 0.957200
1471 1472 300.000000 1.513901
1473 1474 300.000000 0.957200
1473 1475 300.000000 0.957200
1474 1475 300.000000 1.513901
1476 1477 300.000000 0.957200
1476 1478 300.000000 0.957200
1477 1478 300.000000 1.513901
1479 1480 300.000000 0.957200
1479 1481 300.000000 0.957200
1480 1481 300.000000 1.513901
1482 1483 300.000000 0.957200
1482 1484 300.000000 0.957200
1483 1484 300.000000 1.513901
1485 1486 300.000000 0.957200
1485 1487 300.000000 0.957200
1486 1487 300.000000 1.513901
1488 1489 300.000000 0.957200
1488 1490 300.000000 0.957200
1489 1490 300.000000 1.513901
1491 1492 300.000000 0.957200
1491 1493 300.000000 0.957200
1492 1493 300.000000 1.513901
1494 1495 300.000000 0.957200
1494 1496 300.000000 0.957200
1495 1496 300.000000 1.513901
1497 1498 300.000000 0.957200
1497 1499 300.000000 0.957200
1498 1499 300.000000 1.513901
1500 1501 300.000000 0.957200
1500 1502 300.000000 0.957200
1501 1502 300.000000 1.513901
1503 1504 300.000000 0.957200
1503 1505 300.000000 0.957200
1504 1505 300.000000 1.513901
1506 1507 300.000000 0.957200
1506 1508 300.000000 0.957200
1507 1508 300.000000 1.513901
1509 1510 300.000000 0.957200
1509 1511 300.000000 0.957200
1510 1511 300.000000 1.513901
1512 1513 300.000000 0.957200
1512 1514 300.000000 0.957200
1513 1514 300.000000 1.513901
1515 1516 300.000000 0.957200
1515 1517 300.000000 0.957200
1516 1517 300.000000 1.513901
1518 1519 300.000000 0.957200
1518 1520 300.000000 0.957200
1519 1520 300.000000 1.513901
1521 1522 300.000000 0.957200
1521 1523 300.000000 0.957200
1522 1523 300.000000 1.513901
1524 1525 300.000000 0.957200
1524 1526 300.000000 0.957200
1525 1526 300.000000 1.513901
1527 1528 300.000000 0.957200
1527 1529 300.000000 0.957200
1528 1529 300.000000 1.513901
1530 1531 300.000000 0.957200
1530 1532 300.000000 0.957200
1531 1532 300.000000 1.513901
1533 1534 300.000000 0.957200
1533 1535 300.000000 0.957200
1534 1535 300.000000 1.513901
1536 1537 300.000000 0.957200
1536 1538 300.000000 0.957200
1537 1538 300.000000 1.513901
1539 1540 300.000000 0.957200
1539 1541 300.000000 0.957200
1540 1541 300.000000 1.513901
1542 1543 300.000000 0.957200
1542 1544 300.000000 0.957200
1543 1544 300.000000 1.513901
1545 1546 300.000000 0.957200
1545 1547 300.000000 0.957200
1546 1547 300.000000 1.513901
1548 1549 300.000000 0.957200
1548 1550 300.000000 0.957200
1549 1550 300.000000 1.513901
1551 1552 300.000000 0.957200
1551 1553 300.000000 0.957200
1552 1553 300.000000 1.513901
1554 1555 300.000000 0.957200
1554 1556 300.000000 0.957200
1555 1556 300.000000 1.513901
1557 1558 300.000000 0.957200
1557 1559 300.000000 0.957200
1558 1559 300.000000 1.513901
1560 1561 300.000000 0.957200
1560 1562 300.000000 0.957200
1561 1562 300.000000 1.513901
1563 1564 300.000000 0.957200
1563 1565 300.000000 0.957200
1564 1565 300.000000 1.513901
1566 1567 300.000000 0.957200
1566 1568 300.000000 0.957200
1567 1568 300.000000 1.513901
1569 1570 300.000000 0.957200
1569 1571 300.000000 0.957200
1570 1571 300.000000 1.513901
1572 1573 300.000000 0.957200
1572 1574 300.000000 0.957200
1573 1574 300.000000 1.513901
1575 1576 300.000000 0.957200
1575 1577 300.000000 0.957200
1576 1577 300.000000 1.513901
1578 1579 300.000000 0.957200
1578 1580 300.000000 0.957200
1579 1580 300.000000 1.513901
1581 1582 300.000000 0.957200
1581 1583 300.000000 0.957200
1582 1583 300.000000 1.513901
1584 1585 300.000000 0.957200
1584 1586 300.000000 0.957200
1585 1586 300.000000 1.513901
1587 1588 300.000000 0.957200
1587 1589 300.000000 0.957200
1588 1589 300.000000 1.513901
1590 1591 300.000000 0.957200
1590 1592 300.000000 0.957200
1591 1592 300.000000 1.513901
1593 1594 300.000000 0.957200
1593 1595 300.000000 0.957200
1594 1595 300.000000 1.513901
1596 1597 300.000000 0.957200
1596 1598 300.000000 0.957200
1597 1598 300.000000 1.513901
1599 1600 300.000000 0.957200
1599 1601 300.000000 0.957200
1600 1601 300.000000 1.513901
1602 1603 300.000000 0.957200
1602 1604 300.000000 0.957200
1603 1604 300.000000 1.513901
1605 1606 300.000000 0.957200
1605 1607 300.000000 0.957200
1606 1607 300.000000 1.513901
1608 1609 300.000000 0.957200
1608 1610 300.000000 0.957200
1609 1610 300.000000 1.513901
1611 1612 300.000000 0.957200
1611 1613 300.000000 0.957200
1612 1613 300.000000 1.513901
1614 1615 300.000000 0.957200
1614 1616 300.000000 0.957200
1615 1616 300.000000 1.513901
1617 1618 300.000000 0.957200
1617 1619 300.000000 0.957200
1618 1619 300.000000 1.513901
1620 1621 300.000000 0.957200
1620 1622 300.000000 0.957200
1621 1622 300.000000 1.513901
1623 1624 300.000000 0.957200
1623 1625 300.000000 0.957200
1624 1625 300.000000 1.513901
1626 1627 300.000000 0.957200
1626 1628 300.000000 0.957200
1627 1628 300.000000 1.513901
1629 1630 300.000000 0.957200
1629 1631 300.000000 0.957200
1630 1631 300.000000 1.513901
1632 1633 300.000000 0.957200
1632 1634 300.000000 0.957200
1633 1634 300.000000 1.513901
1635 1636 300.000000 0.957200
1635 1637 300.000000 0.957200
1636 1637 300.000000 1.513901
1638 1639 300.000000 0.957200
1638 1640 300.000000 0.957200
1639 1640 300.000000 1.513901
1641 1642 300.000000 0.957200
1641 1643 300.000000 0.957200
1642 1643 300.000000 1.513901
1644 1645 300.000000 0.957200
1644 1646 300.000000 0.957200
1645 1646 300.000000 1.513901
1647 1648 300.000000 0.957200
1647 1649 300.000000 0.957200
1648 1649 300.000000 1.513901
1650 1651 300.000000 0.957200
1650 1652 300.000000 0.957200
1651 1652 300.000000 1.513901
1653 1654 300.000000 0.957200
1653 1655 300.000000 0.957200
1654 1655 300.000000 1.513901
1656 1657 300.000000 0.957200
1656 1658 300.000000 0.957200
1657 1658 300.000000 1.513901
1659 1660 300.000000 0.957200
1659 1661 300.000000 0.957200
1660 1661 300.000000 1.513901
1662 1663 300.000000 0.957200
1662 1664 300.000000 0.957200
1663 1664 300.000000 1.513901
1665 1666 300.000000 0.957200
1665 1667 300.000000 0.957200
1666 1667 300.000000 1.513901
1668 1669 300.000000 0.957200
1668 1670 300.000000 0.957200
1669 1670 300.000000 1.513901
1671 1672 300.000000 0.957200
1671 1673 300.000000 0.957200
1672 1673 300.000000 1.513901
1674 1675 300.000000 0.957200
1674 1676 300.000000 0.957200
1675 1676 300.000000 1.513901
1677 1678 300.000000 0.957200
1677 1679 300.000000 0.957200
1678 1679 300.000000 1.513901
1680 1681 300.000000 0.957200
1680 1682 300.000000 0.957200
1681 1682 300.000000 1.513901
1683 1684 300.000000 0.957200
1683 1685 300.000000 0.957200
1684 1685 300.000000 1.513901
1686 1687 300.000000 0.957200
1686 1688 300.000000 0.957200
1687 1688 300.000000 1.513901
1689 1690 300.000000 0.957200
1689 1691 300.000000 0.957200
1690 1691 300.000000 1.513901
1692 1693 300.000000 0.957200
1692 1694 300.000000 0.957200
1693 1694 300.000000 1.513901
1695 1696 300.000000 0.957200
1695 1697 300.000000 0.957200
1696 1697 300.000000 1.513901
1698 1699 300.000000 0.957200
1698 1700 300.000000 0.957200
1699 1700 300.000000 1.513901
1701 1702 300.000000 0.957200
1701 1703 300.000000 0.957200
1702 1703 300.000000 1.513901
1704 1705 300.000000 0.957200
1704 1706 300.000000 0.957200
1705 1706 300.000000 1.513901
1707 1708 300.000000 0.957200
1707 1709 300.000000 0.957200
1708 1709 300.000000 1.513901
1710 1711 300.000000 0.957200
1710 1712 300.000000 0.957200
1711 1712 300.000000 1.513901
1713 1714 300.000000 0.957200
1713 1715 300.000000 0.957200
1714 1715 300.000000 1.513901
1716 1717 300.000000 0.957200
1716 1718 300.000000 0.957200
1717 1718 300.000000 1.513901
1719 1720 300.000000 0.957200
1719 1721 300.000000 0.957200
1720 1721 300.000000 1.513901
1722 1723 300.000000 0.957200
1722 1724 300.000000 0.957200
1723 1724 300.000000 1.513901
1725 1726 300.000000 0.957200
1725 1727 300.000000 0.957200
1726 1727 300.000000 1.513901
1728 1729 300.000000 0.957200
1728 1730 300.000000 0.957200
1729 1730 300.000000 1.513901
1731 1732 300.000000 0.957200
1731 1733 300.000000 0.957200
1732 1733 300.000000 1.513901
1734 1735 300.000000 0.957200
1734 1736 300.000000 0.957200
1735 1736 300.000000 1.513901
1737 1738 300.000000 0.957200
1737 1739 300.000000 0.957200
1738 1739 300.000000 1.513901
1740 1741 300.000000 0.957200
1740 1742 300.000000 0.957200
1741 1742 300.000000 1.513901
1743 1744 300.000000 0.957200
1743 1745 300.000000 0.957200
1744 1745 300.000000 1.513901
1746 1747 300.000000 0.957200
1746 1748 300.000000 0.957200
1747 1748 300.000000 1.513901
1749 1750 300.000000 0.957200
1749 1751 300.000000 0.957200
1750 1751 300.000000 1.513901
1752 1753 300.000000 0.957200
1752 1754 300.000000 0.957200
1753 1754 300.000000 1.513901
1755 1756 300.000000 0.957200
1755 1757 300.000000 0.957200
1756 1757 300.000000 1.513901
1758 1759 300.000000 0.957200
1758 1760 300.000000 0.957200
1759 1760 300.000000 1.513901
1761 1762 300.000000 0.957200
1761 1763 300.000000 0.957200
1762 1763 300.000000 1.513901
1764 1765 300.000000 0.957200
1764 1766 300.000000 0.957200
1765 1766 300.000000 1.513901
1767 1768 300.000000 0.957200
1767 1769 300.000000 0.957200
1768 1769 300.000000 1.513901
1770 1771 300.000000 0.957200
1770 1772 300.000000 0.957200
1771 1772 300.000000 1.513901
1773 1774 300.000000 0.957200
1773 1775 300.000000 0.957200
1774 1775 300.000000 1.513901
1776 1777 300.000000 0.957200
1776 1778 300.000000 0.957200
1777 1778 300.000000 1.513901
1779 1780 300.000000 0.957200
1779 1781 300.000000 0.957200
1780 1781 300.000000 1.513901
1782 1783 300.000000 0.957200
1782 1784 300.000000 0.957200
1783 1784 300.000000 1.513901
1785 1786 300.000000 0.957200
1785 1787 300.000000 0.957200
1786 1787 300.000000 1.513901
1788 1789 300.000000 0.957200
1788 1790 300.000000 0.957200
1789 1790 300.000000 1.513901
1791 1792 300.000000 0.957200
1791 1793 300.000000 0.957200
1792 1793 300.000000 1.513901
1794 1795 300.000000 0.957200
1794 1796 300.000000 0.957200
1795 1796 300.000000 1.513901
1797 1798 300.000000 0.957200
1797 1799 300.000000 0.957200
1798 1799 300.000000 1.513901
1800 1801 300.000000 0.957200
1800 1802 300.000000 0.957200
1801 1802 300.000000 1.513901
1803 1804 300.000000 0.957200
1803 1805 300.000000 0.957200
1804 1805 300.000000 1.513901
1806 1807 300.000000 0.957200
1806 1808 300.000000 0.957200
1807 1808 300.000000 1.513901
1809 1810 300.000000 0.957200
1809 1811 300.000000 0.957200
1810 1811 300.000000 1.513901
1812 1813 300.000000 0.957200
1812 1814 300.000000 0.957200
1813 1814 300.000000 1.513901
1815 1816 300.000000 0.957200
1815 1817 300.000000 0.957200
1816 1817 300.000000 1.513901
1818 1819 300.000000 0.957200
1818 1820 300.000000 0.957200
1819 1820 300.000000 1.513901
1821 1822 300.000000 0.957200
1821 1823 300.000000 0.957200
1822 1823 300.000000 1.513901
1824 1825 300.000000 0.957200
1824 1826 300.000000 0.957200
1825 1826 300.000000 1.513901
1827 1828 300.000000 0.957200
1827 1829 300.000000 0.957200
1828 1829 300.000000 1.513901
1830 1831 300.000000 0.957200
1830 1832 300.000000 0.957200
1831 1832 300.000000 1.513901
1833 1834 300.000000 0.957200
1833 1835 300.000000 0.957200
1834 1835 300.000000 1.513901
1836 1837 300.000000 0.957200
1836 1838 300.000000 0.957200
1837 1838 300.000000 1.513901
1839 1840 300.000000 0.957200
1839 1841 300.000000 0.957200
1840 1841 300.000000 1.513901
1842 1843 300.000000 0.957200
1842 1844 300.000000 0.957200
1843 1844 300.000000 1.513901
1845 1846 300.000000 0.957200
1845 1847 300.000000 0.957200
1846 1847 300.000000 1.513901
1848 1849 300.000000 0.957200
1848 1850 300.000000 0.957200
1849 1850 300.000000 1.513901
1851 1852 300.000000 0.957200
1851 1853 300.000000 0.957200
1852 1853 300.000000 1.513901
1854 1855 300.000000 0.957200
1854 1856 300.000000 0.957200
1855 1856 300.000000 1.513901
1857 1858 300.000000 0.957200
1857 1859 300.000000 0.957200
1858 1859 300.000000 1.513901
1860 1861 300.000000 0.957200
1860 1862 300.000000 0.957200
1861 1862 300.000000 1.513901
1863 1864 300.000000 0.957200
1863 1865 300.000000 0.957200
1864 1865 300.000000 1.513901
1866 1867 300.000000 0.957200
1866 1868 300.000000 0.957200
1867 1868 300.000000 1.513901
1869 1870 300.000000 0.957200
1869 1871 300.000000 0.957200
1870 1871 300.000000 1.513901
1872 1873 300.000000 0.957200
1872 1874 300.000000 0.957200
1873 1874 300.000000 1.513901
1875 1876 300.000000 0.957200
1875 1877 300.000000 0.957200
1876 1877 300.000000 1.513901
1878 1879 300.000000 0.957200
1878 1880 300.000000 0.957200
1879 1880 300.000000 1.513901
1881 1882 300.000000 0.957200
1881 1883 300.000000 0.957200
1882 1883 300.000000 1.513901
1884 1885 300.000000 0.957200
1884 1886 300.000000 0.957200
1885 1886 300.000000 1.513901
1887 1888 300.000000 0.957200
1887 1889 300.000000 0.957200
1888 1889 300.000000 1.513901
1890 1891 300.000000 0.957200
1890 1892 300.000000 0.957200
1891 1892 300.000000 1.513901
1893 1894 300.000000 0.957200
1893 1895 300.000000 0.957200
1894 1895 300.000000 1.513901
1896 1897 300.000000 0.957200
1896 1898 300.000000 0.957200
1897 1898 300.000000 1.513901
1899 1900 300.000000 0.957200
1899 1901 300.000000 0.957200
1900 1901 300.000000 1.513901
1902 1903 300.000000 0.957200
1902 1904 300.000000 0.957200
1903 1904 300.000000 1.513901
1905 1906 300.000000 0.957200
1905 1907 300.000000 0.957200
1906 1907 300.000000 1.513901
1908 1909 300.000000 0.957200
1908 1910 300.000000 0.957200
1909 1910 300.000000 1.513901
1911 1912 300.000000 0.957200
1911 1913 300.000000 0.957200
1912 1913 300.000000 1.513901
1914 1915 300.000000 0.957200
1914 1916 300.000000 0.957200
1915 1916 300.000000 1.513901
1917 1918 300.000000 0.957200
1917 1919 300.000000 0.957200
1918 1919 300.000000 1.513901
1920 1921 300.000000 0.957200
1920 1922 300.000000 0.957200
1921 1922 300.000000 1.513901
1923 1924 300.000000 0.957200
1923 1925 300.000000 0.957200
1924 1925 300.000000 1.513901
1926 1927 300.000000 0.957200
1926 1928 300.000000 0.957200
1927 1928 300.000000 1.513901
1929 1930 300.000000 0.957200
1929 1931 300.000000 0.957200
1930 1931 300.000000 1.513901
1932 1933 300.000000 0.957200
1932 1934 300.000000 0.957200
1933 1934 300.000000 1.513901
1935 1936 300.000000 0.957200
1935 1937 300.000000 0.957200
1936 1937 300.000000 1.513901
1938 1939 300.000000 0.957200
1938 1940 300.000000 0.957200
1939 1940 300.000000 1.513901
1941 1942 300.000000 0.957200
1941 1943 300.000000 0.957200
1942 1943 300.000000 1.513901
1944 1945 300.000000 0.957200
1944 1946 300.000000 0.957200
1945 1946 300.000000 1.513901
1947 1948 300.000000 0.957200
1947 1949 300.000000 0.957200
1948 1949 300.000000 1.513901
1950 1951 300.000000 0.957200
1950 1952 300.000000 0.957200
1951 1952 300.000000 1.513901
1953 1954 300.000000 0.957200
1953 1955 300.000000 0.957200
1954 1955 300.000000 1.513901
1956 1957 300.000000 0.957200
1956 1958 300.000000 0.957200
1957 1958 300.000000 1.513901
1959 1960 300.000000 0.957200
1959 1961 300.000000 0.957200
1960 1961 300.000000 1.513901
1962 1963 300.000000 0.957200
1962 1964 300.000000 0.957200
1963 1964 300.000000 1.513901
1965 1966 300.000000 0.957200
1965 1967 300.000000 0.957200
1966 1967 300.000000 1.513901
1968 1969 300.000000 0.957200
1968 1970 300.000000 0.957200
1969 1970 300.000000 1.513901
1971 1972 300.000000 0.957200
1971 1973 300.000000 0.957200
1972 1973 300.000000 1.513901
1974 1975 300.000000 0.957200
1974 1976 300.000000 0.957200
1975 1976 300.000000 1.513901
1977 1978 300.000000 0.957200
1977 1979 300.000000 0.957200
1978 1979 300.000000 1.513901
1980 1981 300.000000 0.957200
1980 1982 300.000000 0.957200
1981 1982 300.000000 1.513901
1983 1984 300.000000 0.957200
1983 1985 300.000000 0.957200
1984 1985 300.000000 1.513901
1986 1987 300.000000 0.957200
1986 1988 300.000000 0.957200
1987 1988 300.000000 1.513901
1989 1990 300.000000 0.957200
1989 1991 300.000000 0.957200
1990 1991 300.000000 1.513901
1992 1993 300.000000 0.957200
1992 1994 300.000000 0.957200
1993 1994 300.000000 1.513901
1995 1996 300.000000 0.957200
1995 1997 300.000000 0.957200
1996 1997 300.000000 1.513901
1998 1999 300.000000 0.957200
1998 2000 300.000000 0.957200
1999 2000 300.000000 1.513901
2001 2002 300.000000 0.957200
2001 2003 300.000000 0.957200
2002 2003 300.000000 1.513901
2004 2005 300.000000 0.957200
2004 2006 300.000000 0.957200
2005 2006 300.000000 1.513901
2007 2008 300.000000 0.957200
2007 2009 300.000000 0.957200
2008 2009 300.000000 1.513901
2010 2011 300.000000 0.957200
2010 2012 300.000000 0.957200
2011 2012 300.000000 1.513901
2013 2014 300.000000 0.957200
2013 2015 300.000000 0.957200
2014 2015 300.000000 1.513901
2016 2017 300.000000 0.957200
2016 2018 300.000000 0.957200
2017 2018 300.000000 1.513901
2019 2020 300.000000 0.957200
2019 2021 300.000000 0.957200
2020 2021 300.000000 1.513901
2022 2023 300.000000 0.957200
2022 2024 300.000000 0.957200
2023 2024 300.000000 1.513901
2025 2026 300.000000 0.957200
2025 2027 300.000000 0.957200
2026 2027 300.000000 1.513901
2028 2029 300.000000 0.957200
2028 2030 300.000000 0.957200
2029 2030 300.000000 1.513901
2031 2032 300.000000 0.957200
2031 2033 300.000000 0.957200
2032 2033 300.000000 1.513901
2034 2035 300.000000 0.957200
2034 2036 300.000000 0.957200
2035 2036 300.000000 1.513901
2037 2038 300.000000 0.957200
2037 2039 300.000000 0.957200
2038 2039 300.000000 1.513901
2040 2041 300.000000 0.957200
2040 2042 300.000000 0.957200
2041 2042 300.000000 1.513901
2043 2044 300.000000 0.957200
2043 2045 300.000000 0.957200
2044 2045 300.000000 1.513901
2046 2047 300.000000 0.957200
2046 2048 300.000000 0.957200
2047 2048 300.000000 1.513901
2049 2050 300.000000 0.957200
2049 2051 300.000000 0.957200
2050 2051 300.000000 1.513901
2052 2053 300.000000 0.957200
2052 2054 300.000000 0.957200
2053 2054 300.000000 1.513901
2055 2056 300.000000 0.957200
2055 2057 300.000000 0.957200
2056 2057 300.000000 1.513901
2058 2059 300.000000 0.957200
2058 2060 300.000000 0.957200
2059 2060 300.000000 1.513901
2061 2062 300.000000 0.957200
2061 2063 300.000000 0.957200
2062 2063 300.000000 1.513901
2064 2065 300.000000 0.957200
2064 2066 300.000000 0.957200
2065 2066 300.000000 1.513901
2067 2068 300.000000 0.957200
2067 2069 300.000000 0.957200
2068 2069 300.000000 1.513901
2070 2071 300.000000 0.957200
2070 2072 300.000000 0.957200
2071 2072 300.000000 1.513901
2073 2074 300.000000 0.957200
2073 2075 300.000000 0.957200
2074 2075 300.000000 1.513901
2076 2077 300.000000 0.957200
2076 2078 300.000000 0.957200
2077 2078 300.000000 1.513901
2079 2080 300.000000 0.957200
2079 2081 300.000000 0.957200
2080 2081 300.000000 1.513901
2082 2083 300.000000 0.957200
2082 2084 300.000000 0.957200
2083 2084 300.000000 1.513901
2085 2086 300.000000 0.957200
2085 2087 300.000000 0.957200
2086 2087 300.000000 1.513901
2088 2089 300.000000 0.957200
2088 2090 300.000000 0.957200
2089 2090 300.000000 1.513901
2091 2092 300.000000 0.957200
2091 2093 300.000000 0.957200
2092 2093 300.000000 1.513901
2094 2095 300.000000 0.957200
2094 2096 300.000000 0.957200
2095 2096 300.000000 1.513901
2097 2098 300.000000 0.957200
2097 2099 300.000000 0.957200
2098 2099 300.000000 1.513901
2100 2101 300.000000 0.957200
2100 2102 300.000000 0.957200
2101 2102 300.000000 1.513901
2103 2104 300.000000 0.957200
2103 2105 300.000000 0.957200
2104 2105 300.000000 1.513901
2106 2107 300.000000 0.957200
2106 2108 300.000000 0.957200
2107 2108 300.000000 1.513901
2109 2110 300.000000 0.957200
2109 2111 300.000000 0.957200
2110 2111 300.000000 1.513901
2112 2113 300.000000 0.957200
2112 2114 300.000000 0.957200
2113 2114 300.000000 1.513901
2115 2116 300.000000 0.957200
2115 2117 300.000000 0.957200
2116 2117 300.000000 1.513901
2118 2119 300.000000 0.957200
2118 2120 300.000000 0.957200
2119 2120 300.000000 1.513901
2121 2122 300.000000 0.957200
2121 2123 300.000000 0.957200
2122 2123 300.000000 1.513901
2124 2125 300.000000 0.957200
2124 2126 300.000000 0.957200
2125 2126 300.000000 1.513901
2127 2128 300.000000 0.957200
2127 2129 300.000000 0.957200
2128 2129 300.000000 1.513901
2130 2131 300.000000 0.957200
2130 2132 300.000000 0.957200
2131 2132 300.000000 1.513901
2133 2134 300.000000 0.957200
2133 2135 300.000000 0.957200
2134 2135 300.000000 1.513901
2136 2137 300.000000 0.957200
2136 2138 300.000000 0.957200
2137 2138 300.000000 1.513901
2139 2140 300.000000 0.957200
2139 2141 300.000000 0.957200
2140 2141 300.000000 1.513901
2142 2143 300.000000 0.957200
2142 2144 300.000000 0.957200
2143 2144 300.000000 1.513901
2145 2146 300.000000 0.957200
2145 2147 300.000000 0.957200
2146 2147 300.000000 1.513901
2148 2149 300.000000 0.957200
2148 2150 300.000000 0.957200
2149 2150 300.000000 1.513901
2151 2152 300.000000 0.957200
2151 2153 300.000000 0.957200
2152 2153 300.000000 1.513901
2154 2155 300.000000 0.957200
2154 2156 300.000000 0.957200
2155 2156 300.000000 1.513901
2157 2158 300.000000 0.957200
2157 2159 300.000000 0.957200
2158 2159 300.000000 1.513901
2160 2161 300.000000 0.957200
2160 2162 300.000000 0.957200
2161 2162 300.000000 1.513901
2163 2164 300.000000 0.957200
2163 2165 300.000000 0.957200
2164 2165 300.000000 1.513901
2166 2167 300.000000 0.957200
2166 2168 300.000000 0.957200
2167 2168 300.000000 1.513901
2169 2170 300.000000 0.957200
2169 2171 300.000000 0.957200
2170 2171 300.000000 1.513901
2172 2173 300.000000 0.957200
2172 2174 300.000000 0.957200
2173 2174 300.000000 1.513901
2175 2176 300.000000 0.957200
2175 2177 300.000000 0.957200
2176 2177 300.000000 1.513901
2178 2179 300.000000 0.957200
2178 2180 300.000000 0.957200
2179 2180 300.000000 1.513901
2181 2182 300.000000 0.957200
2181 2183 300.000000 0.957200
2182 2183 300.000000 1.513901
2184 2185 300.000000 0.957200
2184 2186 300.000000 0.957200
2185 2186 300.000000 1.513901
2187 2188 300.000000 0.957200
2187 2189 300.000000 0.957200
2188 2189 300.000000 1.513901
2190 2191 300.000000 0.957200
2190 2192 300.000000 0.957200
2191 2192 300.000000 1.513901
2193 2194 300.000000 0.957200
2193 2195 300.000000 0.957200
2194 2195 300.000000 1.513901
2196 2197 300.000000 0.957200
2196 2198 300.000000 0.957200
2197 2198 300.000000 1.513901
2199 2200 300.000000 0.957200
2199 2201 300.000000 0.957200
2200 2201 300.000000 1.513901
2202 2203 300.000000 0.957200
2202 2204 300.000000 0.957200
2203 2204 300.000000 1.513901
2205 2206 300.000000 0.957200
2205 2207 300.000000 0.957200
2206 2207 300.000000 1.513901
2208 2209 300.000000 0.957200
2208 2210 300.000000 0.957200
2209 2210 300.000000 1.513901
2211 2212 300.000000 0.957200
2211 2213 300.000000 0.957200
2212 2213 300.000000 1.513901
2214 2215 300.000000 0.957200
2214 2216 300.000000 0.957200
2215 2216 300.000000 1.513901
2217 2218 300.000000 0.957200
2217 2219 300.000000 0.957200
2218 2219 300.000000 1.513901
2220 2221 300.000000 0.957200
2220 2222 300.000000 0.957200
2221 2222 300.000000 1.513901
2223 2224 300.000000 0.957200
2223 2225 300.000000 0.957200
2224 2225 300.000000 1.513901
2226 2227 300.000000 0.957200
2226 2228 300.000000 0.957200
2227 2228 300.000000 1.513901
2229 2230 300.000000 0.957200
2229 2231 300.000000 0.957200
2230 2231 300.000000 1.513901
2232 2233 300.000000 0.957200
2232 2234 300.000000 0.957200
2233 2234 300.000000 1.513901
2235 2236 300.000000 0.957200
2235 2237 300.000000 0.957200
2236 2237 300.000000 1.513901
2238 2239 300.000000 0.957200
2238 2240 300.000000 0.957200
2239 2240 300.000000 1.513901
2241 2242 300.000000 0.957200
2241 2243 300.000000 0.957200
2242 2243 300.000000 1.513901
2244 2245 300.000000 0.957200
2244 2246 300.000000 0.957200
2245 2246 300.000000 1.513901
2247 2248 300.000000 0.957200
2247 2249 300.000000 0.957200
2248 2249 300.000000 1.513901
2250 2251 300.000000 0.957200
2250 2252 300.000000 0.957200
2251 2252 300.000000 1.513901
2253 2254 300.000000 0.957200
2253 2255 300.000000 0.957200
2254 2255 300.000000 1.513901
2256 2257 300.000000 0.957200
2256 2258 300.000000 0.957200
2257 2258 300.000000 1.513901
2259 2260 300.000000 0.957200
2259 2261 300.000000 0.957200
2260 2261 300.000000 1.513901
2262 2263 300.000000 0.957200
2262 2264 300.000000 0.957200
2263 2264 300.000000 1.513901
2265 2266 300.000000 0.957200
2265 2267 300.000000 0.957200
2266 2267 300.000000 1.513901
2268 2269 300.000000 0.957200
2268 2270 300.000000 0.957200
2269 2270 300.000000 1.513901
2271 2272 300.000000 0.957200
2271 2273 300.000000 0.957200
2272 2273 300.000000 1.513901
2274 2275 300.000000 0.957200
2274 2276 300.000000 0.957200
2275 2276 300.000000 1.513901
2277 2278 300.000000 0.957200
2277 2279 300.000000 0.957200
2278 2279 300.000000 1.513901
2280 2281 300.000000 0.957200
2280 2282 300.000000 0.957200
2281 2282 300.000000 1.513901
2283 2284 300.000000 0.957200
2283 2285 300.000000 0.957200
2284 2285 300.000000 1.513901
2286 2287 300.000000 0.957200
2286 2288 300.000000 0.957200
2287 2288 300.000000 1.513901
2289 2290 300.000000 0.957200
2289 2291 300.000000 0.957200
2290 2291 300.000000 1.513901
2292 2293 300.000000 0.957200
2292 2294 300.000000 0.957200
2293 2294 300.000000 1.513901
2295 2296 300.000000 0.957200
2295 2297 300.000000 0.957200
2296 2297 300.000000 1.513901
2298 2299 300.000000 0.957200
2298 2300 300.000000 0.957200
2299 2300 300.000000 1.513901
2301 2302 300.000000 0.957200
2301 2303 300.000000 0.957200
2302 2303 300.000000 1.513901
2304 2305 300.000000 0.957200
2304 2306 300.000000 0.957200
2305 2306 300.000000 1.513901
2307 2308 300.000000 0.957200
2307 2309 300.000000 0.957200
2308 2309 300.000000 1.513901
2310 2311 300.000000 0.957200
2310 2312 300.000000 0.957200
2311 2312 300.000000 1.513901
2313 2314 300.000000 0.957200
2313 2315 300.000000 0.957200
2314 2315 300.000000 1.513901
2316 2317 300.000000 0.957200
2316 2318 300.000000 0.957200
2317 2318 300.000000 1.513901
2319 2320 300.000000 0.957200
2319 2321 300.000000 0.957200
2320 2321 300.000000 1.513901
2322 2323 300.000000 0.957200
2322 2324 300.000000 0.957200
2323 2324 300.000000 1.513901
2325 2326 300.000000 0.957200
2325 2327 300.000000 0.957200
2326 2327 300.000000 1.513901
2328 2329 300.000000 0.957200
2328 2330 300.000000 0.957200
2329 2330 300.000000 1.513901
2331 2332 300.000000 0.957200
2331 2333 300.000000 0.957200
2332 2333 300.000000 1.513901
2334 2335 300.000000 0.957200
2334 2336 300.000000 0.957200
2335 2336 300.000000 1.513901
2337 2338 300.000000 0.957200
2337 2339 300.000000 0.957200
2338 2339 300.000000 1.513901
2340 2341 300.000000 0.957200
2340 2342 300.000000 0.957200
2341 2342 300.000000 1.513901
2343 2344 300.000000 0.957200
2343 2345 300.000000 0.957200
2344 2345 300.000000 1.513901
2346 2347 300.000000 0.957200
2346 2348 300.000000 0.957200
2347 2348 300.000000 1.513901
2349 2350 300.000000 0.957200
2349 2351 300.000000 0.957200
2350 2351 300.000000 1.513901
2352 2353 300.000000 0.957200
2352 2354 300.000000 0.957200
2353 2354 300.000000 1.513901
2355 2356 300.000000 0.957200
2355 2357 300.000000 0.957200
2356 2357 300.000000 1.513901
2358 2359 300.000000 0.957200
2358 2360 300.000000 0.957200
2359 2360 300.000000 1.513901
2361 2362 300.000000 0.957200
2361 2363 300.000000 0.957200
2362 2363 300.000000 1.513901
2364 2365 300.000000 0.957200
2364 2366 300.000000 0.957200
2365 2366 300.000000 1.513901
2367 2368 300.000000 0.957200
2367 2369 300.000000 0.957200
2368 2369 300.000000 1.513901
2370 2371 300.000000 0.957200
2370 2372 300.000000 0.957200
2371 2372 300.000000 1.513901
2373 2374 300.000000 0.957200
2373 2375 300.000000 0.957200
2374 2375 300.000000 1.513901
2376 2377 300.000000 0.957200
2376 2378 300.000000 0.957200
2377 2378 300.000000 1.513901
2379 2380 300.000000 0.957200
2379 2381 300.000000 0.957200
2380 2381 300.000000 1.513901
2382 2383 300.000000 0.957200
2382 2384 300.000000 0.957200
2383 2384 300.000000 1.513901
2385 2386 300.000000 0.957200
2385 2387 300.000000 0.957200
2386 2387 300.000000 1.513901
2388 2389 300.000000 0.957200
2388 2390 300.000000 0.957200
2389 2390 300.000000 1.513901
2391 2392 300.000000 0.957200
2391 2393 300.000000 0.957200
2392 2393 300.000000 1.513901
2394 2395 300.000000 0.957200
2394 2396 300.000000 0.957200
2395 2396 300.000000 1.513901
2397 2398 300.000000 0.957200
2397 2399 300.000000 0.957200
2398 2399 300.000000 1.513901
2400 2401 300.000000 0.957200
2400 2402 300.000000 0.957200
2401 2402 300.000000 1.513901
2403 2404 300.000000 0.957200
2403 2405 300.000000 0.957200
2404 2405 300.000000 1.513901
2406 2407 300.000000 0.957200
2406 2408 300.000000 0.957200
2407 2408 300.000000 1.513901
2409 2410 300.000000 0.957200
2409 2411 300.000000 0.957200
2410 2411 300.000000 1.513901
2412 2413 300.000000 0.957200
2412 2414 300.000000 0.957200
2413 2414 300.000000 1.513901
2415 2416 300.000000 0.957200
2415 2417 300.000000 0.957200
2416 2417 300.000000 1.513901
2418 2419 300.000000 0.957200
2418 2420 300.000000 0.957200
2419 2420 300.000000 1.513901
2421 2422 300.000000 0.957200
2421 2423 300.000000 0.957200
2422 2423 300.000000 1.513901
2424 2425 300.000000 0.957200
2424 2426 300.000000 0.957200
2425 2426 300.000000 1.513901
2427 2428 300.000000 0.957200
2427 2429 300.000000 0.957200
2428 2429 300.000000 1.513901
2430 2431 300.000000 0.957200
2430 2432 300.000000 0.957200
2431 2432 300.000000 1.513901
2433 2434 300.000000 0.957200
2433 2435 300.000000 0.957200
2434 2435 300.000000 1.513901
2436 2437 300.000000 0.957200
2436 2438 300.000000 0.957200
2437 2438 300.000000 1.513901
2439 2440 300.000000 0.957200
2439 2441 300.000000 0.957200
2440 2441 300.000000 1.513901
2442 2443 300.000000 0.957200
2442 2444 300.000000 0.957200
2443 2444 300.000000 1.513901
2445 2446 300.000000 0.957200
2445 2447 300.000000 0.957200
2446 2447 300.000000 1.513901
2448 2449 300.000000 0.957200
2448 2450 300.000000 0.957200
2449 2450 300.000000 1.513901
2451 2452 300.000000 0.957200
2451 2453 300.000000 0.957200
2452 2453 300.000000 1.513901
2454 2455 300.000000 0.957200
2454 2456 300.000000 0.957200
2455 2456 300.000000 1.513901
2457 2458 300.000000 0.957200
2457 2459 300.000000 0.957200
2458 2459 300.000000 1.513901
2460 2461 300.000000 0.957200
2460 2462 300.000000 0.957200
2461 2462 300.000000 1.513901
2463 2464 300.000000 0.957200
2463 2465 300.000000 0.957200
2464 2465 300.000000 1.513901
2466 2467 300.000000 0.957200
2466 2468 300.000000 0.957200
2467 2468 300.000000 1.513901
2469 2470 300.000000 0.957200
2469 2471 300.000000 0.957200
2470 2471 300.000000 1.513901
2472 2473 300.000000 0.957200
2472 2474 300.000000 0.957200
2473 2474 300.000000 1.513901
2475 2476 300.000000 0.957200
2475 2477 300.000000 0.957200
2476 2477 300.000000 1.513901
2478 2479 300.000000 0.957200
2478 2480 300.000000 0.957200
2479 2480 300.000000 1.513901
2481 2482 300.000000 0.957200
2481 2483 300.000000 0.957200
2482 2483 300.000000 1.513901
2484 2485 300.000000 0.957200
2484 2486 300.000000 0.957200
2485 2486 300.000000 1.513901
2487 2488 300.000000 0.957200
2487 2489 300.000000 0.957200
2488 2489 300.000000 1.513901
2490 2491 300.000000 0.957200
2490 2492 300.000000 0.957200
2491 2492 300.000000 1.513901
2493 2494 300.000000 0.957200
2493 2495 300.000000 0.957200
2494 2495 300.000000 1.513901
2496 2497 300.000000 0.957200
2496 2498 300.000000 0.957200
2497 2498 300.000000 1.513901
2499 2500 300.000000 0.957200
2499 2501 300.000000 0.957200
2500 2501 300.000000 1.513901
2502 2503 300.000000 0.957200
2502 2504 300.000000 0.957200
2503 2504 300.000000 1.513901
2505 2506 300.000000 0.957200
2505 2507 300.000000 0.957200
2506 2507 300.000000 1.513901
2508 2509 300.000000 0.957200
2508 2510 300.000000 0.957200
2509 2510 300.000000 1.513901
2511 2512 300.000000 0.957200
2511 2513 300.000000 0.957200
2512 2513 300.000000 1.513901
2514 2515 300.000000 0.957200
2514 2516 300.000000 0.957200
2515 2516 300.000000 1.513901
2517 2518 300.000000 0.957200
2517 2519 300.000000 0.957200
2518 2519 300.000000 1.513901
2520 2521 300.000000 0.957200
2520 2522 300.000000 0.957200
2521 2522 300.000000 1.513901
2523 2524 300.000000 0.957200
2523 2525 300.000000 0.957200
2524 2525 300.000000 1.513901
2526 2527 300.000000 0.957200
2526 2528 300.000000 0.957200
2527 2528 300.000000 1.513901
2529 2530 300.000000 0.957200
2529 2531 300.000000 0.957200
2530 2531 300.000000 1.513901
2532 2533 300.000000 0.957200
2532 2534 300.000000 0.957200
2533 2534 300.000000 1.513901
2535 2536 300.000000 0.957200
2535 2537 300.000000 0.957200
2536 2537 300.000000 1.513901
2538 2539 300.000000 0.957200
2538 2540 300.000000 0.957200
2539 2540 300.000000 1.513901
2541 2542 300.000000 0.957200
2541 2543 300.000000 0.957200
2542 2543 300.000000 1.513901
2544 2545 300.000000 0.957200
2544 2546 300.000000 0.957200
2545 2546 300.000000 1.513901
2547 2548 300.000000 0.957200
2547 2549 300.000000 0.957200
2548 2549 300.000000 1.513901
2550 2551 300.000000 0.957200
2550 2552 300.000000 0.957200
2551 2552 300.000000 1.513901
2553 2554 300.000000 0.957200
2553 2555 300.000000 0.957200
2554 2555 300.000000 1.513901
2556 2557 300.000000 0.957200
2556 2558 300.000000 0.957200
2557 2558 300.000000 1.513901
2559 2560 300.000000 0.957200
2559 2561 300.000000 0.957200
2560 2561 300.000000 1.513901
2562 2563 300.000000 0.957200
2562 2564 300.000000 0.957200
2563 2564 300.000000 1.513901
2565 2566 300.000000 0.957200
2565 2567 300.000000 0.957200
2566 2567 300.000000 1.513901
2568 2569 300.000000 0.957200
2568 2570 300.000000 0.957200
2569 2570 300.000000 1.513901
2571 2572 300.000000 0.957200
2571 2573 300.000000 0.957200
2572 2573 300.000000 1.513901
2574 2575 300.000000 0.957200
2574 2576 300.000000 0.957200
2575 2576 300.000000 1.513901
2577 2578 300.000000 0.957200
2577 2579 300.000000 0.957200
2578 2579 300.000000 1.513901
2580 2581 300.000000 0.957200
2580 2582 300.000000 0.957200
2581 2582 300.000000 1.513901
2583 2584 300.000000 0.957200
2583 2585 300.000000 0.957200
2584 2585 300.000000 1.513901
2586 2587 300.000000 0.957200
2586 2588 300.000000 0.957200
2587 2588 300.000000 1.513901
2589 2590 300.000000 0.957200
2589 2591 300.000000 0.957200
2590 2591 300.000000 1.513901
2592 2593 300.000000 0.957200
2592 2594 300.000000 0.957200
2593 2594 300.000000 1.513901
2595 2596 300.000000 0.957200
2595 2597 300.000000 0.957200
2596 2597 300.000000 1.513901
2598 2599 300.000000 0.957200
2598 2600 300.000000 0.957200
2599 2600 300.000000 1.513901
2601 2602 300.000000 0.957200
2601 2603 300.000000 0.957200
2602 2603 300.000000 1.513901
2604 2605 300.000000 0.957200
2604 2606 300.000000 0.957200
2605 2606 300.000000 1.513901
2607 2608 300.000000 0.957200
2607 2609 300.000000 0.957200
2608 2609 300.000000 1.513901
2610 2611 300.000000 0.957200
2610 2612 300.000000 0.957200
2611 2612 300.000000 1.513901
2613 2614 300.000000 0.957200
2613 2615 300.000000 0.957200
2614 2615 300.000000 1.513901
2616 2617 300.000000 0.957200
2616 2618 300.000000 0.957200
2617 2618 300.000000 1.513901
2619 2620 300.000000 0.957200
2619 2621 300.000000 0.957200
2620 2621 300.000000 1.513901
2622 2623 300.000000 0.957200
2622 2624 300.000000 0.957200
2623 2624 300.000000 1.513901
2625 2626 300.000000 0.957200
2625 2627 300.000000 0.957200
2626 2627 300.000000 1.513901
2628 2629 300.000000 0.957200
2628 2630 300.000000 0.957200
2629 2630 300.000000 1.513901
2631 2632 300.000000 0.957200
2631 2633 300.000000 0.957200
2632 2633 300.000000 1.513901
2634 2635 300.000000 0.957200
2634 2636 300.000000 0.957200
2635 2636 300.000000 1.513901
2637 2638 300.000000 0.957200
2637 2639 300.000000 0.957200
2638 2639 300.000000 1.513901
2640 2641 300.000000 0.957200
2640 2642 300.000000 0.957200
2641 2642 300.000000 1.513901
2643 2644 300.000000 0.957200
2643 2645 300.000000 0.957200
2644 2645 300.000000 1.513901
2646 2647 300.000000 0.957200
2646 2648 300.000000 0.957200
2647 2648 300.000000 1.513901
2649 2650 300.000000 0.957200
2649 2651 300.000000 0.957200
2650 2651 300.000000 1.513901
2652 2653 300.000000 0.957200
2652 2654 300.000000 0.957200
2653 2654 300.000000 1.513901
2655 2656 300.000000 0.957200
2655 2657 300.000000 0.957200
2656 2657 300.000000 1.513901
2658 2659 300.000000 0.957200
2658 2660 300.000000 0.957200
2659 2660 300.000000 1.513901
2661 2662 300.000000 0.957200
2661 2663 300.000000 0.957200
2662 2663 300.000000 1.513901
2664 2665 300.000000 0.957200
2664 2666 300.000000 0.957200
2665 2666 300.000000 1.513901
2667 2668 300.000000 0.957200
2667 2669 300.000000 0.957200
2668 2669 300.000000 1.513901
2670 2671 300.000000 0.957200
2670 2672 300.000000 0.957200
2671 2672 300.000000 1.513901
2673 2674 300.000000 0.957200
2673 2675 300.000000 0.957200
2674 2675 300.000000 1.513901
2676 2677 300.000000 0.957200
2676 2678 300.000000 0.957200
2677 2678 300.000000 1.513901
2679 2680 300.000000 0.957200
2679 2681 300.000000 0.957200
2680 2681 300.000000 1.513901
2682 2683 300.000000 0.957200
2682 2684 300.000000 0.957200
2683 2684 300.000000 1.513901
2685 2686 300.000000 0.957200
2685 2687 300.000000 0.957200
2686 2687 300.000000 1.513901
2688 2689 300.000000 0.957200
2688 2690 300.000000 0.957200
2689 2690 300.000000 1.513901
2691 2692 300.000000 0.957200
2691 2693 300.000000 0.957200
2692 2693 300.000000 1.513901
2694 2695 300.000000 0.957200
2694 2696 300.000000 0.957200
2695 2696 300.000000 1.513901
2697 2698 300.000000 0.957200
2697 2699 300.000000 0.957200
2698 2699 300.000000 1.513901
2700 2701 300.000000 0.957200
2700 2702 300.000000 0.957200
2701 2702 300.000000 1.513901
2703 2704 300.000000 0.957200
2703 2705 300.000000 0.957200
2704 2705 300.000000 1.513901
2706 2707 300.000000 0.957200
2706 2708 300.000000 0.957200
2707 2708 300.000000 1.513901
2709 2710 300.000000 0.957200
2709 2711 300.000000 0.957200
2710 2711 300.000000 1.513901
2712 2713 300.000000 0.957200
2712 2714 300.000000 0.957200
2713 2714 300.000000 1.513901
2715 2716 300.000000 0.957200
2715 2717 300.000000 0.957200
2716 2717 300.000000 1.513901
2718 2719 300.000000 0.957200
2718 2720 300.000000 0.957200
2719 2720 300.000000 1.513901
2721 2722 300.000000 0.957200
2721 2723 300.000000 0.957200
2722 2723 300.000000 1.513901
2724 2725 300.000000 0.957200
2724 2726 300.000000 0.957200
2725 2726 300.000000 1.513901
2727 2728 300.000000 0.957200
2727 2729 300.000000 0.957200
2728 2729 300.000000 1.513901
2730 2731 300.000000 0.957200
2730 2732 300.000000 0.957200
2731 2732 300.000000 1.513901
2733 2734 300.000000 0.957200
2733 2735 300.000000 0.957200
2734 2735 300.000000 1.513901
2736 2737 300.000000 0.957200
2736 2738 300.000000 0.957200
2737 2738 300.000000 1.513901
2739 2740 300.000000 0.957200
2739 2741 300.000000 0.957200
2740 2741 300.000000 1.513901
2742 2743 300.000000 0.957200
2742 2744 300.000000 0.957200
2743 2744 300.000000 1.513901
2745 2746 300.000000 0.957200
2745 2747 300.000000 0.957200
2746 2747 300.000000 1.513901
2748 2749 300.000000 0.957200
2748 2750 300.000000 0.957200
2749 2750 300.000000 1.513901
2751 2752 300.000000 0.957200
2751 2753 300.000000 0.957200
2752 2753 300.000000 1.513901
2754 2755 300.000000 0.957200
2754 2756 300.000000 0.957200
2755 2756 300.000000 1.513901
2757 2758 300.000000 0.957200
2757 2759 300.000000 0.957200
2758 2759 300.000000 1.513901
2760 2761 300.000000 0.957200
2760 2762 300.000000 0.957200
2761 2762 300.000000 1.513901
2763 2764 300.000000 0.957200
2763 2765 300.000000 0.957200
2764 2765 300.000000 1.513901
2766 2767 300.000000 0.957200
2766 2768 300.000000 0.957200
2767 2768 300.000000 1.513901
2769 2770 300.000000 0.957200
2769 2771 300.000000 0.957200
2770 2771 300.000000 1.513901
2772 2773 300.000000 0.957200
2772 2774 300.000000 0.957200
2773 2774 300.000000 1.513901
2775 2776 300.000000 0.957200
2775 2777 300.000000 0.957200
2776 2777 300.000000 1.513901
2778 2779 300.000000 0.957200
2778 2780 300.000000 0.957200
2779 2780 300.000000 1.513901
2781 2782 300.000000 0.957200
2781 2783 300.000000 0.957200
2782 2783 300.000000 1.513901
2784 2785 300.000000 0.957200
2784 2786 300.000000 0.957200
2785 2786 300.000000 1.513901
2787 2788 300.000000 0.957200
2787 2789 300.000000 0.957200
2788 2789 300.000000 1.513901
2790 2791 300.000000 0.957200
2790 2792 300.000000 0.957200
2791 2792 300.000000 1.513901
2793 2794 300.000000 0.957200
2793 2795 300.000000 0.957200
2794 2795 300.000000 1.513901
2796 2797 300.000000 0.957200
2796 2798 300.000000 0.957200
2797 2798 300.000000 1.513901
2799 2800 300.000000 0.957200
2799 2801 300.000000 0.957200
2800 2801 300.000000 1.513901
2802 2803 300.000000 0.957200
2802 2804 300.000000 0.957200
2803 2804 300.000000 1.513901
2805 2806 300.000000 0.957200
2805 2807 300.000000 0.957200
2806 2807 300.000000 1.513901
2808 2809 300.000000 0.957200
2808 2810 300.000000 0.957200
2809 2810 300.000000 1.513901
2811 2812 300.000000 0.957200
2811 2813 300.000000 0.957200
2812 2813 300.000000 1.513901
2814 2815 300.000000 0.957200
2814 2816 300.000000 0.957200
2815 2816 300.000000 1.513901
2817 2818 300.000000 0.957200
2817 2819 300.000000 0.957200
2818 2819 300.000000 1.513901
2820 2821 300.000000 0.957200
2820 2822 300.000000 0.957200
2821 2822 300.000000 1.513901
2823 2824 300.000000 0.957200
2823 2825 300.000000 0.957200
2824 2825 300.000000 1.513901
2826 2827 300.000000 0.957200
2826 2828 300.000000 0.957200
2827 2828 300.000000 1.513901
2829 2830 300.000000 0.957200
2829 2831 300.000000 0.957200
2830 2831 300.000000 1.513901
2832 2833 300.000000 0.957200
2832 2834 300.000000 0.957200
2833 2834 300.000000 1.513901
2835 2836 300.000000 0.957200
2835 2837 300.000000 0.957200
2836 2837 300.000000 1.513901
2838 2839 300.000000 0.957200
2838 2840 300.000000 0.957200
2839 2840 300.000000 1.513901
2841 2842 300.000000 0.957200
2841 2843 300.000000 0.957200
2842 2843 300.000000 1.513901
2844 2845 300.000000 0.957200
2844 2846 300.000000 0.957200
2845 2846 300.000000 1.513901
2847 2848 300.000000 0.957200
2847 2849 300.000000 0.957200
2848 2849 300.000000 1.513901
2850 2851 300.000000 0.957200
2850 2852 300.000000 0.957200
2851 2852 300.000000 1.513901
2853 2854 300.000000 0.957200
2853 2855 300.000000 0.957200
2854 2855 300.000000 1.513901
2856 2857 300.000000 0.957200
2856 2858 300.000000 0.957200
2857 2858 300.000000 1.513901
2859 2860 300.000000 0.957200
2859 2861 300.000000 0.957200
2860 2861 300.000000 1.513901
2862 2863 300.000000 0.957200
2862 2864 300.000000 0.957200
2863 2864 300.000000 1.513901
2865 2866 300.000000 0.957200
2865 2867 300.000000 0.957200
2866 2867 300.000000 1.513901
2868 2869 300.000000 0.957200
2868 2870 300.000000 0.957200
2869 2870 300.000000 1.513901
2871 2872 300.000000 0.957200
2871 2873 300.000000 0.957200
2872 2873 300.000000 1.513901
2874 2875 300.000000 0.957200
2874 2876 300.000000 0.957200
2875 2876 300.000000 1.513901
2877 2878 300.000000 0.957200
2877 2879 300.000000 0.957200
2878 2879 300.000000 1.513901
2880 2881 300.000000 0.957200
2880 2882 300.000000 0.957200
2881 2882 300.000000 1.513901
2883 2884 300.000000 0.957200
2883 2885 300.000000 0.957200
2884 2885 300.000000 1.513901
2886 2887 300.000000 0.957200
2886 2888 300.000000 0.957200
2887 2888 300.000000 1.513901
2889 2890 300.000000 0.957200
2889 2891 300.000000 0.957200
2890 2891 300.000000 1.513901
2892 2893 300.000000 0.957200
2892 2894 300.000000 0.957200
2893 2894 300.000000 1.513901
2895 2896 300.000000 0.957200
2895 2897 300.000000 0.957200
2896 2897 300.000000 1.513901
2898 2899 300.000000 0.957200
2898 2900 300.000000 0.957200
2899 2900 300.000000 1.513901
2901 2902 300.000000 0.957200
2901 2903 300.000000 0.957200
2902 2903 300.000000 1.513901
2904 2905 300.000000 0.957200
2904 2906 300.000000 0.957200
2905 2906 300.000000 1.513901
2907 2908 300.000000 0.957200
2907 2909 300.000000 0.957200
2908 2909 300.000000 1.513901
2910 2911 300.000000 0.957200
2910 2912 300.000000 0.957200
2911 2912 300.000000 1.513901
2913 2914 300.000000 0.957200
2913 2915 300.000000 0.957200
2914 2915 300.000000 1.513901
2916 2917 300.000000 0.957200
2916 2918 300.000000 0.957200
2917 2918 300.000000 1.513901
2919 2920 300.000000 0.957200
2919 2921 300.000000 0.957200
2920 2921 300.000000 1.513901
2922 2923 300.000000 0.957200
2922 2924 300.000000 0.957200
2923 2924 300.000000 1.513901
2925 2926 300.000000 0.957200
2925 2927 300.000000 0.957200
2926 2927 300.000000 1.513901
2928 2929 300.000000 0.957200
2928 2930 300.000000 0.957200
2929 2930 300.000000 1.513901
2931 2932 300.000000 0.957200
2931 2933 300.000000 0.957200
2932 2933 300.000000 1.513901
2934 2935 300.000000 0.957200
2934 2936 300.000000 0.957200
2935 2936 300.000000 1.513901
2937 2938 300.000000 0.957200
2937 2939 300.000000 0.957200
2938 2939 300.000000 1.513901
2940 2941 300.000000 0.957200
2940 2942 300.000000 0.957200
2941 2942 300.000000 1.513901
2943 2944 300.000000 0.957200
2943 2945 300.000000 0.957200
2944 2945 300.000000 1.513901
2946 2947 300.000000 0.957200
2946 2948 300.000000 0.957200
2947 2948 300.000000 1.513901
2949 2950 300.000000 0.957200
2949 2951 300.000000 0.957200
2950 2951 300.000000 1.513901
2952 2953 300.000000 0.957200
2952 2954 300.000000 0.957200
2953 2954 300.000000 1.513901
2955 2956 300.000000 0.957200
2955 2957 300.000000 0.957200
2956 2957 300.000000 1.513901
2958 2959 300.000000 0.957200
2958 2960 300.000000 0.957200
2959 2960 300.000000 1.513901
2961 2962 300.000000 0.957200
2961 2963 300.000000 0.957200
2962 2963 300.000000 1.513901
2964 2965 300.000000 0.957200
2964 2966 300.000000 0.957200
2965 2966 300.000000 1.513901
2967 2968 300.000000 0.957200
2967 2969 300.000000 0.957200
2968 2969 300.000000 1.513901
2970 2971 300.000000 0.957200
2970 2972 300.000000 0.957200
2971 2972 300.000000 1.513901
2973 2974 300.000000 0.957200
2973 2975 300.000000 0.957200
2974 2975 300.000000 1.513901
2976 2977 300.000000 0.957200
2976 2978 300.000000 0.957200
2977 2978 300.000000 1.513901
2979 2980 300.000000 0.957200
2979 2981 300.000000 0.957200
2980 2981 300.000000 1.513901
2982 2983 300.000000 0.957200
2982 2984 300.000000 0.957200
2983 2984 300.000000 1.513901
2985 2986 300.000000 0.957200
2985 2987 300.000000 0.957200
2986 2987 300.000000 1.513901
2988 2989 300.000000 0.957200
2988 2990 300.000000 0.957200
2989 2990 300.000000 1.513901
2991 2992 300.000000 0.957200
2991 2993 300.000000 0.957200
2992 2993 300.000000 1.513901
2994 2995 300.000000 0.957200
2994 2996 300.000000 0.957200
2995 2996 300.000000 1.513901
2997 2998 300.000000 0.957200
2997 2999 300.000000 0.957200
2998 2999 300.000000 1.513901
3000 3001 300.000000 0.957200
3000 3002 300.000000 0.957200
3001 3002 300.000000 1.513901
3003 3004 300.000000 0.957200
3003 3005 300.000000 0.957200
3004 3005 300.000000 1.513901
3006 3007 300.000000 0.957200
3006 3008 300.000000 0.957200
3007 3008 300.000000 1.513901
3009 3010 300.000000 0.957200
3009 3011 300.000000 0.957200
3010 3011 300.000000 1.513901
3012 3013 300.000000 0.957200
3012 3014 300.000000 0.957200
3013 3014 300.000000 1.513901
3015 3016 300.000000 0.957200
3015 3017 300.000000 0.957200
3016 3017 300.000000 1.513901
3018 3019 300.000000 0.957200
3018 3020 300.000000 0.957200
3019 3020 300.000000 1.513901
3021 3022 300.000000 0.957200
3021 3023 300.000000 0.957200
3022 3023 300.000000 1.513901
3024 3025 300.000000 0.957200
3024 3026 300.000000 0.957200
3025 3026 300.000000 1.513901
3027 3028 300.000000 0.957200
3027 3029 300.000000 0.957200
3028 3029 300.000000 1.513901
3030 3031 300.000000 0.957200
3030 3032 300.000000 0.957200
3031 3032 300.000000 1.513901
3033 3034 300.000000 0.957200
3033 3035 300.000000 0.957200
3034 3035 300.000000 1.513901
3036 3037 300.000000 0.957200
3036 3038 300.000000 0.957200
3037 3038 300.000000 1.513901
3039 3040 300.000000 0.957200
3039 3041 300.000000 0.957200
3040 3041 300.000000 1.513901
3042 3043 300.000000 0.957200
3042 3044 300.000000 0.957200
3043 3044 300.000000 1.513901
3045 3046 300.000000 0.957200
3045 3047 300.000000 0.957200
3046 3047 300.000000 1.513901
3048 3049 300.000000 0.957200
3048 3050 300.000000 0.957200
3049 3050 300.000000 1.513901
3051 3052 300.000000 0.957200
3051 3053 300.000000 0.957200
3052 3053 300.000000 1.513901
3054 3055 300.000000 0.957200
3054 3056 300.000000 0.957200
3055 3056 300.000000 1.513901
3057 3058 300.000000 0.957200
3057 3059 300.000000 0.957200
3058 3059 300.000000 1.513901
3060 3061 300.000000 0.957200
3060 3062 300.000000 0.957200
3061 3062 300.000000 1.513901
3063 3064 300.000000 0.957200
3063 3065 300.000000 0.957200
3064 3065 300.000000 1.513901
3066 3067 300.000000 0.957200
3066 3068 300.000000 0.957200
3067 3068 300.000000 1.513901
3069 3070 300.000000 0.957200
3069 3071 300.000000 0.957200
3070 3071 300.000000 1.513901
3072 3073 300.000000 0.957200
3072 3074 300.000000 0.957200
3073 3074 300.000000 1.513901
3075 3076 300.000000 0.957200
3075 3077 300.000000 0.957200
3076 3077 300.000000 1.513901
3078 3079 300.000000 0.957200
3078 3080 300.000000 0.957200
3079 3080 300.000000 1.513901
3081 3082 300.000000 0.957200
3081 3083 300.000000 0.957200
3082 3083 300.000000 1.513901
3084 3085 300.000000 0.957200
3084 3086 300.000000 0.957200
3085 3086 300.000000 1.513901
3087 3088 300.000000 0.957200
3087 3089 300.000000 0.957200
3088 3089 300.000000 1.513901
3090 3091 300.000000 0.957200
3090 3092 300.000000 0.957200
3091 3092 300.000000 1.513901
3093 3094 300.000000 0.957200
3093 3095 300.000000 0.957200
3094 3095 300.000000 1.513901
3096 3097 300.000000 0.957200
3096 3098 300.000000 0.957200
3097 3098 300.000000 1.513901
3099 3100 300.000000 0.957200
3099 3101 300.000000 0.957200
3100 3101 300.000000 1.513901
3102 3103 300.000000 0.957200
3102 3104 300.000000 0.957200
3103 3104 300.000000 1.513901
3105 3106 300.000000 0.957200
3105 3107 300.000000 0.957200
3106 3107 300.000000 1.513901
3108 3109 300.000000 0.957200
3108 3110 300.000000 0.957200
3109 3110 300.000000 1.513901
3111 3112 300.000000 0.957200
3111 3113 300.000000 0.957200
3112 3113 300.000000 1.513901
3114 3115 300.000000 0.957200
3114 3116 300.000000 0.957200
3115 3116 300.000000 1.513901
3117 3118 300.000000 0.957200
3117 3119 300.000000 0.957200
3118 3119 300.000000 1.513901
3120 3121 300.000000 0.957200
3120 3122 300.000000 0.957200
3121 3122 300.000000 1.513901
3123 3124 300.000000 0.957200
3123 3125 300.000000 0.957200
3124 3125 300.000000 1.513901
3126 3127 300.000000 0.957200
3126 3128 300.000000 0.957200
3127 3128 300.000000 1.513901
3129 3130 300.000000 0.957200
3129 3131 300.000000 0.957200
3130 3131 300.000000 1.513901
3132 3133 300.000000 0.957200
3132 3134 300.000000 0.957200
3133 3134 300.000000 1.513901
3135 3136 300.000000 0.957200
3135 3137 300.000000 0.957200
3136 3137 300.000000 1.513901
3138 3139 300.000000 0.957200
3138 3140 300.000000 0.957200
3139 3140 300.000000 1.513901
3141 3142 300.000000 0.957200
3141 3143 300.000000 0.957200
3142 3143 300.000000 1.513901
3144 3145 300.000000 0.957200
3144 3146 300.000000 0.957200
3145 3146 300.000000 1.513901
3147 3148 300.000000 0.957200
3147 3149 300.000000 0.957200
3148 3149 300.000000 1.513901
3150 3151 300.000000 0.957200
3150 3152 300.000000 0.957200
3151 3152 300.000000 1.513901
3153 3154 300.000000 0.957200
3153 3155 300.000000 0.957200
3154 3155 300.000000 1.513901
3156 3157 300.000000 0.957200
3156 3158 300.000000 0.957200
3157 3158 300.000000 1.513901
3159 3160 300.000000 0.957200
3159 3161 300.000000 0.957200
3160 3161 300.000000 1.513901
3162 3163 300.000000 0.957200
3162 3164 300.000000 0.957200
3163 3164 300.000000 1.513901
3165 3166 300.000000 0.957200
3165 3167 300.000000 0.957200
3166 3167 300.000000 1.513901
3168 3169 300.000000 0.957200
3168 3170 300.000000 0.957200
3169 3170 300.000000 1.513901
3171 3172 300.000000 0.957200
3171 3173 300.000000 0.957200
3172 3173 300.000000 1.513901
3174 3175 300.000000 0.957200
3174 3176 300.000000 0.957200
3175 3176 300.000000 1.513901
3177 3178 300.000000 0.957200
3177 3179 300.000000 0.957200
3178 3179 300.000000 1.513901
3180 3181 300.000000 0.957200
3180 3182 300.000000 0.957200
3181 3182 300.000000 1.513901
3183 3184 300.000000 0.957200
3183 3185 300.000000 0.957200
3184 3185 300.000000 1.513901
3186 3187 300.000000 0.957200
3186 3188 300.000000 0.957200
3187 3188 300.000000 1.513901
3189 3190 300.000000 0.957200
3189 3191 300.000000 0.957200
3190 3191 300.000000 1.513901
3192 3193 300.000000 0.957200
3192 3194 300.000000 0.957200
3193 3194 300.000000 1.513901
3195 3196 300.000000 0.957200
3195 3197 300.000000 0.957200
3196 3197 300.000000 1.513901
3198 3199 300.000000 0.957200
3198 3200 300.000000 0.957200
3199 3200 300.000000 1.513901
3201 3202 300.000000 0.957200
3201 3203 300.000000 0.957200
3202 3203 300.000000 1.513901
3204 3205 300.000000 0.957200
3204 3206 300.000000 0.957200
3205 3206 300.000000 1.513901
3207 3208 300.000000 0.957200
3207 3209 300.000000 0.957200
3208 3209 300.000000 1.513901
3210 3211 300.000000 0.957200
3210 3212 300.000000 0.957200
3211 3212 300.000000 1.513901
3213 3214 300.000000 0.957200
3213 3215 300.000000 0.957200
3214 3215 300.000000 1.513901
3216 3217 300.000000 0.957200
3216 3218 300.000000 0.957200
3217 3218 300.000000 1.513901
3219 3220 300.000000 0.957200
3219 3221 300.000000 0.957200
3220 3221 300.000000 1.513901
3222 3223 300.000000 0.957200
3222 3224 300.000000 0.957200
3223 3224 300.000000 1.513901
3225 3226 300.000000 0.957200
3225 3227 300.000000 0.957200
3226 3227 300.000000 1.513901
3228 3229 300.000000 0.957200
3228 3230 300.000000 0.957200
3229 3230 300.000000 1.513901
3231 3232 300.000000 0.957200
3231 3233 300.000000 0.957200
3232 3233 300.000000 1.513901
3234 3235 300.000000 0.957200
3234 3236 300.000000 0.957200
3235 3236 300.000000 1.513901
3237 3238 300.000000 0.957200
3237 3239 300.000000 0.957200
3238 3239 300.000000 1.513901
3240 3241 300.000000 0.957200
3240 3242 300.000000 0.957200
3241 3242 300.000000 1.513901
3243 3244 300.000000 0.957200
3243 3245 300.000000 0.957200
3244 3245 300.000000 1.513901
3246 3247 300.000000 0.957200
3246 3248 300.000000 0.957200
3247 3248 300.000000 1.513901
3249 3250 300.000000 0.957200
3249 3251 300.000000 0.957200
3250 3251 300.000000 1.513901
3252 3253 300.000000 0.957200
3252 3254 300.000000 0.957200
3253 3254 300.000000 1.513901
3255 3256 300.000000 0.957200
3255 3257 300.000000 0.957200
3256 3257 300.000000 1.513901
3258 3259 300.000000 0.957200
3258 3260 300.000000 0.957200
3259 3260 300.000000 1.513901
3261 3262 300.000000 0.957200
3261 3263 300.000000 0.957200
3262 3263 300.000000 1.513901
3264 3265 300.000000 0.957200
3264 3266 300.000000 0.957200
3265 3266 300.000000 1.513901
3267 3268 300.000000 0.957200
3267 3269 300.000000 0.957200
3268 3269 300.000000 1.513901
3270 3271 300.000000 0.957200
3270 3272 300.000000 0.957200
3271 3272 300.000000 1.513901
3273 3274 300.000000 0.957200
3273 3275 300.000000 0.957200
3274 3275 300.000000 1.513901
3276 3277 300.000000 0.957200
3276 3278 300.000000 0.957200
3277 3278 300.000000 1.513901
3279 3280 300.000000 0.957200
3279 3281 300.000000 0.957200
3280 3281 300.000000 1.513901
3282 3283 300.000000 0.957200
3282 3284 300.000000 0.957200
3283 3284 300.000000 1.513901
3285 3286 300.000000 0.957200
3285 3287 300.000000 0.957200
3286 3287 300.000000 1.513901
3288 3289 300.000000 0.957200
3288 3290 300.000000 0.957200
3289 3290 300.000000 1.513901
3291 3292 300.000000 0.957200
3291 3293 300.000000 0.957200
3292 3293 300.000000 1.513901
3294 3295 300.000000 0.957200
3294 3296 300.000000 0.957200
3295 3296 300.000000 1.513901
3297 3298 300.000000 0.957200
3297 3299 300.000000 0.957200
3298 3299 300.000000 1.513901
3300 3301 300.000000 0.957200
3300 3302 300.000000 0.957200
3301 3302 300.000000 1.513901
3303 3304 300.000000 0.957200
3303 3305 300.000000 0.957200
3304 3305 300.000000 1.513901
3306 3307 300.000000 0.957200
3306 3308 300.000000 0.957200
3307 3308 300.000000 1.513901
3309 3310 300.000000 0.957200
3309 3311 300.000000 0.957200
3310 3311 300.000000 1.513901
3312 3313 300.000000 0.957200
3312 3314 300.000000 0.957200
3313 3314 300.000000 1.513901
3315 3316 300.000000 0.957200
3315 3317 300.000000 0.957200
3316 3317 300.000000 1.513901
3318 3319 300.000000 0.957200
3318 3320 300.000000 0.957200
3319 3320 300.000000 1.513901
3321 3322 300.000000 0.957200
3321 3323 300.000000 0.957200
3322 3323 300.000000 1.513901
3324 3325 300.000000 0.957200
3324 3326 300.000000 0.957200
3325 3326 300.000000 1.513901
3327 3328 300.000000 0.957200
3327 3329 300.000000 0.957200
3328 3329 300.000000 1.513901
3330 3331 300.000000 0.957200
3330 3332 300.000000 0.957200
3331 3332 300.000000 1.513901
3333 3334 300.000000 0.957200
3333 3335 300.000000 0.957200
3334 3335 300.000000 1.513901
3336 3337 300.000000 0.957200
3336 3338 300.000000 0.957200
3337 3338 300.000000 1.513901
3339 3340 300.000000 0.957200
3339 3341 300.000000 0.957200
3340 3341 300.000000 1.513901
3342 3343 300.000000 0.957200
3342 3344 300.000000 0.957200
3343 3344 300.000000 1.513901
3345 3346 300.000000 0.957200
3345 3347 300.000000 0.957200
3346 3347 300.000000 1.513901
3348 3349 300.000000 0.957200
3348 3350 300.000000 0.957200
3349 3350 300.000000 1.513901
3351 3352 300.000000 0.957200
3351 3353 300.000000 0.957200
3352 3353 300.000000 1.513901
3354 3355 300.000000 0.957200
3354 3356 300.000000 0.957200
3355 3356 300.000000 1.513901
3357 3358 300.000000 0.957200
3357 3359 300.000000 0.957200
3358 3359 300.000000 1.513901
3360 3361 300.000000 0.957200
3360 3362 300.000000 0.957200
3361 3362 300.000000 1.513901
3363 3364 300.000000 0.957200
3363 3365 300.000000 0.957200
3364 3365 300.000000 1.513901
3366 3367 300.000000 0.957200
3366 3368 300.000000 0.957200
3367 3368 300.000000 1.513901
3369 3370 300.000000 0.957200
3369 3371 300.000000 0.957200
3370 3371 300.000000 1.513901
3372 3373 300.000000 0.957200
3372 3374 300.000000 0.957200
3373 3374 300.000000 1.513901
3375 3376 300.000000 0.957200
3375 3377 300.000000 0.957200
3376 3377 300.000000 1.513901
3378 3379 300.000000 0.957200
3378 3380 300.000000 0.957200
3379 3380 300.000000 1.513901
3381 3382 300.000000 0.957200
3381 3383 300.000000 0.957200
3382 3383 300.000000 1.513901
3384 3385 300.000000 0.957200
3384 3386 300.000000 0.957200
3385 3386 300.000000 1.513901
3387 3388 300.000000 0.957200
3387 3389 300.000000 0.957200
3388 3389 300.000000 1.513901
3390 3391 300.000000 0.957200
3390 3392 300.000000 0.957200
3391 3392 300.000000 1.513901
3393 3394 300.000000 0.957200
3393 3395 300.000000 0.957200
3394 3395 300.000000 1.513901
3396 3397 300.000000 0.957200
3396 3398 300.000000 0.957200
3397 3398 300.000000 1.513901
3399 3400 300.000000 0.957200
3399 3401 300.000000 0.957200
3400 3401 300.000000 1.513901
3402 3403 300.000000 0.957200
3402 3404 300.000000 0.957200
3403 3404 300.000000 1.513901
3405 3406 300.000000 0.957200
3405 3407 300.000000 0.957200
3406 3407 300.000000 1.513901
3408 3409 300.000000 0.957200
3408 3410 300.000000 0.957200
3409 3410 300.000000 1.513901
3411 3412 300.000000 0.957200
3411 3413 300.000000 0.957200
3412 3413 300.000000 1.513901
3414 3415 300.000000 0.957200
3414 3416 300.000000 0.957200
3415 3416 300.000000 1.513901
3417 3418 300.000000 0.957200
3417 3419 300.000000 0.957200
3418 3419 300.000000 1.513901
3420 3421 300.000000 0.957200
3420 3422 300.000000 0.957200
3421 3422 300.000000 1.513901
3423 3424 300.000000 0.957200
3423 3425 300.000000 0.957200
3424 3425 300.000000 1.513901
3426 3427 300.000000 0.957200
3426 3428 300.000000 0.957200
3427 3428 300.000000 1.513901
3429 3430 300.000000 0.957200
3429 3431 300.000000 0.957200
3430 3431 300.000000 1.513901
3432 3433 300.000000 0.957200
3432 3434 300.000000 0.957200
3433 3434 300.000000 1.513901
3435 3436 300.000000 0.957200
3435 3437 300.000000 0.957200
3436 3437 300.000000 1.513901
3438 3439 300.000000 0.957200
3438 3440 300.000000 0.957200
3439 3440 300.000000 1.513901
3441 3442 300.000000 0.957200
3441 3443 300.000000 0.957200
3442 3443 300.000000 1.513901
3444 3445 300.000000 0.957200
3444 3446 300.000000 0.957200
3445 3446 300.000000 1.513901
3447 3448 300.000000 0.957200
3447 3449 300.000000 0.957200
3448 3449 300.000000 1.513901
3450 3451 300.000000 0.957200
3450 3452 300.000000 0.957200
3451 3452 300.000000 1.513901
3453 3454 300.000000 0.957200
3453 3455 300.000000 0.957200
3454 3455 300.000000 1.513901
3456 3457 300.000000 0.957200
3456 3458 300.000000 0.957200
3457 3458 300.000000 1.513901
3459 3460 300.000000 0.957200
3459 3461 300.000000 0.957200
3460 3461 300.000000 1.513901
3462 3463 300.000000 0.957200
3462 3464 300.000000 0.957200
3463 3464 300.000000 1.513901
3465 3466 300.000000 0.957200
3465 3467 300.000000 0.957200
3466 3467 300.000000 1.513901
3468 3469 300.000000 0.957200
3468 3470 300.000000 0.957200
3469 3470 300.000000 1.513901
3471 3472 300.000000 0.957200
3471 3473 300.000000 0.957200
3472 3473 300.000000 1.513901
3474 3475 300.000000 0.957200
3474 3476 300.000000 0.957200
3475 3476 300.000000 1.513901
3477 3478 300.000000 0.957200
3477 3479 300.000000 0.957200
3478 3479 300.000000 1.513901
3480 3481 300.000000 0.957200
3480 3482 300.000000 0.957200
3481 3482 300.000000 1.513901
3483 3484 300.000000 0.957200
3483 3485 300.000000 0.957200
3484 3485 300.000000 1.513901
3486 3487 300.000000 0.957200
3486 3488 300.000000 0.957200
3487 3488 300.000000 1.513901
3489 3490 300.000000 0.957200
3489 3491 300.000000 0.957200
3490 3491 300.000000 1.513901
3492 3493 300.000000 0.957200
3492 3494 300.000000 0.957200
3493 3494 300.000000 1.513901
3495 3496 300.000000 0.957200
3495 3497 300.000000 0.957200
3496 3497 300.000000 1.513901
3498 3499 300.000000 0.957200
3498 3500 300.000000 0.957200
3499 3500 300.000000 1.513901
3501 3502 300.000000 0.957200
3501 3503 300.000000 0.957200
3502 3503 300.000000 1.513901
3504 3505 300.000000 0.957200
3504 3506 300.000000 0.957200
3505 3506 300.000000 1.513901
3507 3508 300.000000 0.957200
3507 3509 300.000000 0.957200
3508 3509 300.000000 1.513901
3510 3511 300.000000 0.957200
3510 3512 300.000000 0.957200
3511 3512 300.000000 1.513901
3513 3514 300.000000 0.957200
3513 3515 300.000000 0.957200
3514 3515 300.000000 1.513901
3516 3517 300.000000 0.957200
3516 3518 300.000000 0.957200
3517 3518 300.000000 1.513901
3519 3520 300.000000 0.957200
3519 3521 300.000000 0.957200
3520 3521 300.000000 1.513901
3522 3523 300.000000 0.957200
3522 3524 300.000000 0.957200
3523 3524 300.000000 1.513901
3525 3526 300.000000 0.957200
3525 3527 300.000000 0.957200
3526 3527 300.000000 1.513901
3528 3529 300.000000 0.957200
3528 3530 300.000000 0.957200
3529 3530 300.000000 1.513901
3531 3532 300.000000 0.957200
3531 3533 300.000000 0.957200
3532 3533 300.000000 1.513901
3534 3535 300.000000 0.957200
3534 3536 300.000000 0.957200
3535 3536 300.000000 1.513901
3537 3538 300.000000 0.957200
3537 3539 300.000000 0.957200
3538 3539 300.000000 1.513901
3540 3541 300.000000 0.957200
3540 3542 300.000000 0.957200
3541 3542 300.000000 1.513901
3543 3544 300.000000 0.957200
3543 3545 300.000000 0.957200
3544 3545 300.000000 1.513901
3546 3547 300.000000 0.957200
3546 3548 300.000000 0.957200
3547 3548 300.000000 1.513901
3549 3550 300.000000 0.957200
3549 3551 300.000000 0.957200
3550 3551 300.000000 1.513901
3552 3553 300.000000 0.957200
3552 3554 300.000000 0.957200
3553 3554 300.000000 1.513901
3555 3556 300.000000 0.957200
3555 3557 300.000000 0.957200
3556 3557 300.000000 1.513901
3558 3559 300.000000 0.957200
3558 3560 300.000000 0.957200
3559 3560 300.000000 1.513901
3561 3562 300.000000 0.957200
3561 3563 300.000000 0.957200
3562 3563 300.000000 1.513901
3564 3565 300.000000 0.957200
3564 3566 300.000000 0.957200
3565 3566 300.000000 1.513901
3567 3568 300.000000 0.957200
3567 3569 300.000000 0.957200
3568 3569 300.000000 1.513901
3570 3571 300.000000 0.957200
3570 3572 300.000000 0.957200
3571 3572 300.000000 1.513901
3573 3574 300.000000 0.957200
3573 3575 300.000000 0.957200
3574 3575 300.000000 1.513901
3576 3577 300.000000 0.957200
3576 3578 300.000000 0.957200
3577 3578 300.000000 1.513901
3579 3580 300.000000 0.957200
3579 3581 300.000000 0.957200
3580 3581 300.000000 1.513901
3582 3583 300.000000 0.957200
3582 3584 300.000000 0.957200
3583 3584 300.000000 1.513901
3585 3586 300.000000 0.957200
3585 3587 300.000000 0.957200
3586 3587 300.000000 1.513901
3588 3589 300.000000 0.957200
3588 3590 300.000000 0.957200
3589 3590 300.000000 1.513901
3591 3592 300.000000 0.957200
3591 3593 300.000000 0.957200
3592 3593 300.000000 1.513901
3594 3595 300.000000 0.957200
3594 3596 300.000000 0.957200
3595 3596 300.000000 1.513901
3597 3598 300.000000 0.957200
3597 3599 300.000000 0.957200
3598 3599 300.000000 1.513901
3600 3601 300.000000 0.957200
3600 3602 300.000000 0.957200
3601 3602 300.000000 1.513901
3603 3604 300.000000 0.957200
3603 3605 300.000000 0.957200
3604 3605 300.000000 1.513901
3606 3607 300.000000 0.957200
3606 3608 300.000000 0.957200
3607 3608 300.000000 1.513901
3609 3610 300.000000 0.957200
3609 3611 300.000000 0.957200
3610 3611 300.000000 1.513901
3612 3613 300.000000 0.957200
3612 3614 300.000000 0.957200
3613 3614 300.000000 1.513901
3615 3616 300.000000 0.957200
3615 3617 300.000000 0.957200
3616 3617 300.000000 1.513901
3618 3619 300.000000 0.957200
3618 3620 300.000000 0.957200
3619 3620 300.000000 1.513901
3621 3622 300.000000 0.957200
3621 3623 300.000000 0.957200
3622 3623 300.000000 1.513901
3624 3625 300.000000 0.957200
3624 3626 300.000000 0.957200
3625 3626 300.000000 1.513901
3627 3628 300.000000 0.957200
3627 3629 300.000000 0.957200
3628 3629 300.000000 1.513901
3630 3631 300.000000 0.957200
3630 3632 300.000000 0.957200
3631 3632 300.000000 1.513901
3633 3634 300.000000 0.957200
3633 3635 300.000000 0.957200
3634 3635 300.000000 1.513901
3636 3637 300.000000 0.957200
3636 3638 300.000000 0.957200
3637 3638 300.000000 1.513901
3639 3640 300.000000 0.957200
3639 3641 300.000000 0.957200
3640 3641 300.000000 1.513901
3642 3643 300.000000 0.957200
3642 3644 300.000000 0.957200
3643 3644 300.000000 1.513901
3645 3646 300.000000 0.957200
3645 3647 300.000000 0.957200
3646 3647 300.000000 1.513901
3648 3649 300.000000 0.957200
3648 3650 300.000000 0.957200
3649 3650 300.000000 1.513901
3651 3652 300.000000 0.957200
3651 3653 300.000000 0.957200
3652 3653 300.000000 1.513901
3654 3655 300.000000 0.957200
3654 3656 300.000000 0.957200
3655 3656 300.000000 1.513901
3657 3658 300.000000 0.957200
3657 3659 300.000000 0.957200
3658 3659 300.000000 1.513901
3660 3661 300.000000 0.957200
3660 3662 300.000000 0.957200
3661 3662 300.000000 1.513901
3663 3664 300.000000 0.957200
3663 3665 300.000000 0.957200
3664 3665 300.000000 1.513901
3666 3667 300.000000 0.957200
3666 3668 300.000000 0.957200
3667 3668 300.000000 1.513901
3669 3670 300.000000 0.957200
3669 3671 300.000000 0.957200
3670 3671 300.000000 1.513901
3672 3673 300.000000 0.957200
3672 3674 300.000000 0.957200
3673 3674 300.000000 1.513901
3675 3676 300.000000 0.957200
3675 3677 300.000000 0.957200
3676 3677 300.000000 1.513901
3678 3679 300.000000 0.957200
3678 3680 300.000000 0.957200
3679 3680 300.000000 1.513901
3681 3682 300.000000 0.957200
3681 3683 300.000000 0.957200
3682 3683 300.000000 1.513901
3684 3685 300.000000 0.957200
3684 3686 300.000000 0.957200
3685 3686 300.000000 1.513901
3687 3688 300.000000 0.957200
3687 3689 300.000000 0.957200
3688 3689 300.000000 1.513901
3690 3691 300.000000 0.957200
3690 3692 300.000000 0.957200
3691 3692 300.000000 1.513901
3693 3694 300.000000 0.957200
3693 3695 300.000000 0.957200
3694 3695 300.000000 1.513901
3696 3697 300.000000 0.957200
3696 3698 300.000000 0.957200
3697 3698 300.000000 1.513901
3699 3700 300.000000 0.957200
3699 3701 300.000000 0.957200
3700 3701 300.000000 1.513901
3702 3703 300.000000 0.957200
3702 3704 300.000000 0.957200
3703 3704 300.000000 1.513901
3705 3706 300.000000 0.957200
3705 3707 300.000000 0.957200
3706 3707 300.000000 1.513901
3708 3709 300.000000 0.957200
3708 3710 300.000000 0.957200
3709 3710 300.000000 1.513901
3711 3712 300.000000 0.957200
3711 3713 300.000000 0.957200
3712 3713 300.000000 1.513901
3714 3715 300.000000 0.957200
3714 3716 300.000000 0.957200
3715 3716 300.000000 1.513901
3717 3718 300.000000 0.957200
3717 3719 300.000000 0.957200
3718 3719 300.000000 1.513901
3720 3721 300.000000 0.957200
3720 3722 300.000000 0.957200
3721 3722 300.000000 1.513901
3723 3724 300.000000 0.957200
3723 3725 300.000000 0.957200
3724 3725 300.000000 1.513901
3726 3727 300.000000 0.957200
3726 3728 300.000000 0.957200
3727 3728 300.000000 1.513901
3729 3730 300.000000 0.957200
3729 3731 300.000000 0.957200
3730 3731 300.000000 1.513901
3732 3733 300.000000 0.957200
3732 3734 300.000000 0.957200
3733 3734 300.000000 1.513901
3735 3736 300.000000 0.957200
3735 3737 300.000000 0.957200
3736 3737 300.000000 1.513901
3738 3739 300.000000 0.957200
3738 3740 300.000000 0.957200
3739 3740 300.000000 1.513901
3741 3742 300.000000 0.957200
3741 3743 300.000000 0.957200
3742 3743 300.000000 1.513901
3744 3745 300.000000 0.957200
3744 3746 300.000000 0.957200
3745 3746 300.000000 1.513901
3747 3748 300.000000 0.957200
3747 3749 300.000000 0.957200
3748 3749 300.000000 1.513901
3750 3751 300.000000 0.957200
3750 3752 300.000000 0.957200
3751 3752 300.000000 1.513901
3753 3754 300.000000 0.957200
3753 3755 300.000000 0.957200
3754 3755 300.000000 1.513901
3756 3757 300.000000 0.957200
3756 3758 300.000000 0.957200
3757 3758 300.000000 1.513901
3759 3760 300.000000 0.957200
3759 3761 300.000000 0.957200
3760 3761 300.000000 1.513901
3762 3763 300.000000 0.957200
3762 3764 300.000000 0.957200
3763 3764 300.000000 1.513901
3765 3766 300.000000 0.957200
3765 3767 300.000000 0.957200
3766 3767 300.000000 1.513901
3768 3769 300.000000 0.957200
3768 3770 300.000000 0.957200
3769 3770 300.000000 1.513901
3771 3772 300.000000 0.957200
3771 3773 300.000000 0.957200
3772 3773 300.000000 1.513901
3774 3775 300.000000 0.957200
3774 3776 300.000000 0.957200
3775 3776 300.000000 1.513901
3777 3778 300.000000 0.957200
3777 3779 300.000000 0.957200
3778 3779 300.000000 1.513901
3780 3781 300.000000 0.957200
3780 3782 300.000000 0.957200
3781 3782 300.000000 1.513901
3783 3784 300.000000 0.957200
3783 3785 300.000000 0.957200
3784 3785 300.000000 1.513901
3786 3787 300.000000 0.957200
3786 3788 300.000000 0.957200
3787 3788 300.000000 1.513901
3789 3790 300.000000 0.957200
3789 3791 300.000000 0.957200
3790 3791 300.000000 1.513901
3792 3793 300.000000 0.957200
3792 3794 300.000000 0.957200
3793 3794 300.000000 1.513901
3795 3796 300.000000 0.957200
3795 3797 300.000000 0.957200
3796 3797 300.000000 1.513901
3798 3799 300.000000 0.957200
3798 3800 300.000000 0.957200
3799 3800 300.000000 1.513901
3801 3802 300.000000 0.957200
3801 3803 300.000000 0.957200
3802 3803 300.000000 1.513901
3804 3805 300.000000 0.957200
3804 3806 300.000000 0.957200
3805 3806 300.000000 1.513901
3807 3808 300.000000 0.957200
3807 3809 300.000000 0.957200
3808 3809 300.000000 1.513901
3810 3811 300.000000 0.957200
3810 3812 300.000000 0.957200
3811 3812 300.000000 1.513901
3813 3814 300.000000 0.957200
3813 3815 300.000000 0.957200
3814 3815 300.000000 1.513901
3816 3817 300.000000 0.957200
3816 3818 300.000000 0.957200
3817 3818 300.000000 1.513901
3819 3820 300.000000 0.957200
3819 3821 300.000000 0.957200
3820 3821 300.000000 1.513901
3822 3823 300.000000 0.957200
3822 3824 300.000000 0.957200
3823 3824 300.000000 1.513901
3825 3826 300.000000 0.957200
3825 3827 300.000000 0.957200
3826 3827 300.000000 1.513901
3828 3829 300.000000 0.957200
3828 3830 300.000000 0.957200
3829 3830 300.000000 1.513901
3831 3832 300.000000 0.957200
3831 3833 300.000000 0.957200
3832 3833 300.000000 1.513901
3834 3835 300.000000 0.957200
3834 3836 300.000000 0.957200
3835 3836 300.000000 1.513901
3837 3838 300.000000 0.957200
3837 3839 300.000000 0.957200
3838 3839 300.000000 1.513901
3840 3841 300.000000 0.957200
3840 3842 300.000000 0.957200
3841 3842 300.000000 1.513901
3843 3844 300.000000 0.957200
3843 3845 300.000000 0.957200
3844 3845 300.000000 1.513901
3846 3847 300.000000 0.957200
3846 3848 300.000000 0.957200
3847 3848 300.000000 1.513901
3849 3850 300.000000 0.957200
3849 3851 300.000000 0.957200
3850 3851 300.000000 1.513901
3852 3853 300.000000 0.957200
3852 3854 300.000000 0.957200
3853 3854 300.000000 1.513901
3855 3856 300.000000 0.957200
3855 3857 300.000000 0.957200
3856 3857 300.000000 1.513901
3858 3859 300.000000 0.957200
3858 3860 300.000000 0.957200
3859 3860 300.000000 1.513901
3861 3862 300.000000 0.957200
3861 3863 300.000000 0.957200
3862 3863 300.000000 1.513901
3864 3865 300.000000 0.957200
3864 3866 300.000000 0.957200
3865 3866 300.000000 1.513901
3867 3868 300.000000 0.957200
3867 3869 300.000000 0.957200
3868 3869 300.000000 1.513901
3870 3871 300.000000 0.957200
3870 3872 300.000000 0.957200
3871 3872 300.000000 1.513901
3873 3874 300.000000 0.957200
3873 3875 300.000000 0.957200
3874 3875 300.000000 1.513901
3876 3877 300.000000 0.957200
3876 3878 300.000000 0.957200
3877 3878 300.000000 1.513901
3879 3880 300.000000 0.957200
3879 3881 300.000000 0.957200
3880 3881 300.000000 1.513901
3882 3883 300.000000 0.957200
3882 3884 300.000000 0.957200
3883 3884 300.000000 1.513901
3885 3886 300.000000 0.957200
3885 3887 300.000000 0.957200
3886 3887 300.000000 1.513901
3888 3889 300.000000 0.957200
3888 3890 300.000000 0.957200
3889 3890 300.000000 1.513901
3891 3892 300.000000 0.957200
3891 3893 300.000000 0.957200
3892 3893 300.000000 1.513901
3894 3895 300.000000 0.957200
3894 3896 300.000000 0.957200
3895 3896 300.000000 1.513901
3897 3898 300.000000 0.957200
3897 3899 300.000000 0.957200
3898 3899 300.000000 1.513901
3900 3901 300.000000 0.957200
3900 3902 300.000000 0.957200
3901 3902 300.000000 1.513901
3903 3904 300.000000 0.957200
3903 3905 300.000000 0.957200
3904 3905 300.000000 1.513901
3906 3907 300.000000 0.957200
3906 3908 300.000000 0.957200
3907 3908 300.000000 1.513901
3909 3910 300.000000 0.957200
3909 3911 300.000000 0.957200
3910 3911 300.000000 1.513901
3912 3913 300.000000 0.957200
3912 3914 300.000000 0.957200
3913 3914 300.000000 1.513901
3915 3916 300.000000 0.957200
3915 3917 300.000000 0.957200
3916 3917 300.000000 1.513901
3918 3919 300.000000 0.957200
3918 3920 300.000000 0.957200
3919 3920 300.000000 1.513901
3921 3922 300.000000 0.957200
3921 3923 300.000000 0.957200
3922 3923 300.000000 1.513901
3924 3925 300.000000 0.957200
3924 3926 300.000000 0.957200
3925 3926 300.000000 1.513901
3927 3928 300.000000 0.957200
3927 3929 300.000000 0.957200
3928 3929 300.000000 1.513901
3930 3931 300.000000 0.957200
3930 3932 300.000000 0.957200
3931 3932 300.000000 1.513901
3933 3934 300.000000 0.957200
3933 3935 300.000000 0.957200
3934 3935 300.000000 1.513901
3936 3937 300.000000 0.957200
3936 3938 300.000000 0.957200
3937 3938 300.000000 1.513901
3939 3940 300.000000 0.957200
3939 3941 300.000000 0.957200
3940 3941 300.000000 1.513901
3942 3943 300.000000 0.957200
3942 3944 300.000000 0.957200
3943 3944 300.000000 1.513901
3945 3946 300.000000 0.957200
3945 3947 300.000000 0.957200
3946 3947 300.000000 1.513901
3948 3949 300.000000 0.957200
3948 3950 300.000000 0.957200
3949 3950 300.000000 1.513901
3951 3952 300.000000 0.957200
3951 3953 300.000000 0.957200
3952 3953 300.000000 1.513901
3954 3955 300.000000 0.957200
3954 3956 300.000000 0.957200
3955 3956 300.000000 1.513901
3957 3958 300.000000 0.957200
3957 3959 300.000000 0.957200
3958 3959 300.000000 1.513901
3960 3961 300.000000 0.957200
3960 3962 300.000000 0.957200
3961 3962 300.000000 1.513901
3963 3964 300.000000 0.957200
3963 3965 300.000000 0.957200
3964 3965 300.000000 1.513901
3966 3967 300.000000 0.957200
3966 3968 300.000000 0.957200
3967 3968 300.000000 1.513901
3969 3970 300.000000 0.957200
3969 3971 300.000000 0.957200
3970 3971 300.000000 1.513901
3972 3973 300.000000 0.957200
3972 3974 300.000000 0.957200
3973 3974 300.000000 1.513901
3975 3976 300.000000 0.957200
3975 3977 300.000000 0.957200
3976 3977 300.000000 1.513901
3978 3979 300.000000 0.957200
3978 3980 300.000000 0.957200
3979 3980 300.000000 1.513901
3981 3982 300.000000 0.957200
3981 3983 300.000000 0.957200
3982 3983 300.000000 1.513901
3984 3985 300.000000 0.957200
3984 3986 300.000000 0.957200
3985 3986 300.000000 1.513901
3987 3988 300.000000 0.957200
3987 3989 300.000000 0.957200
3988 3989 300.000000 1.513901
3990 3991 300.000000 0.957200
3990 3992 300.000000 0.957200
3991 3992 300.000000 1.513901
3993 3994 300.000000 0.957200
3993 3995 300.000000 0.957200
3994 3995 300.000000 1.513901
3996 3997 300.000000 0.957200
3996 3998 300.000000 0.957200
3997 3998 300.000000 1.513901
3999 4000 300.000000 0.957200
3999 4001 300.000000 0.957200
4000 4001 300.000000 1.513901
4002 4003 300.000000 0.957200
4002 4004 300.000000 0.957200
4003 4004 300.000000 1.513901
4005 4006 300.000000 0.957200
4005 4007 300.000000 0.957200
4006 4007 300.000000 1.513901
4008 4009 300.000000 0.957200
4008 4010 300.000000 0.957200
4009 4010 300.000000 1.513901
4011 4012 300.000000 0.957200
4011 4013 300.000000 0.957200
4012 4013 300.000000 1.513901
4014 4015 300.000000 0.957200
4014 4016 300.000000 0.957200
4015 4016 300.000000 1.513901
4017 4018 300.000000 0.957200
4017 4019 300.000000 0.957200
4018 4019 300.000000 1.513901
4020 4021 300.000000 0.957200
4020 4022 300.000000 0.957200
4021 4022 300.000000 1.513901
4023 4024 300.000000 0.957200
4023 4025 300.000000 0.957200
4024 4025 300.000000 1.513901
4026 4027 300.000000 0.957200
4026 4028 300.000000 0.957200
4027 4028 300.000000 1.513901
4029 4030 300.000000 0.957200
4029 4031 300.000000 0.957200
4030 4031 300.000000 1.513901
4032 4033 300.000000 0.957200
4032 4034 300.000000 0.957200
4033 4034 300.000000 1.513901
4035 4036 300.000000 0.957200
4035 4037 300.000000 0.957200
4036 4037 300.000000 1.513901
4038 4039 300.000000 0.957200
4038 4040 300.000000 0.957200
4039 4040 300.000000 1.513901
4041 4042 300.000000 0.957200
4041 4043 300.000000 0.957200
4042 4043 300.000000 1.513901
4044 4045 300.000000 0.957200
4044 4046 300.000000 0.957200
4045 4046 300.000000 1.513901
4047 4048 300.000000 0.957200
4047 4049 300.000000 0.957200
4048 4049 300.000000 1.513901
4050 4051 300.000000 0.957200
4050 4052 300.000000 0.957200
4051 4052 300.000000 1.513901
4053 4054 300.000000 0.957200
4053 4055 300.000000 0.957200
4054 4055 300.000000 1.513901
4056 4057 300.000000 0.957200
4056 4058 300.000000 0.957200
4057 4058 300.000000 1.513901
4059 4060 300.000000 0.957200
4059 4061 300.000000 0.957200
4060 4061 300.000000 1.513901
4062 4063 300.000000 0.957200
4062 4064 300.000000 0.957200
4063 4064 300.000000 1.513901
4065 4066 300.000000 0.957200
4065 4067 300.000000 0.957200
4066 4067 300.000000 1.513901
4068 4069 300.000000 0.957200
4068 4070 300.000000 0.957200
4069 4070 300.000000 1.513901
4071 4072 300.000000 0.957200
4071 4073 300.000000 0.957200
4072 4073 300.000000 1.513901
4074 4075 300.000000 0.957200
4074 4076 300.000000 0.957200
4075 4076 300.000000 1.513901
4077 4078 300.000000 0.957200
4077 4079 300.000000 0.957200
4078 4079 300.000000 1.513901
4080 4081 300.000000 0.957200
4080 4082 300.000000 0.957200
4081 4082 300.000000 1.513901
4083 4084 300.000000 0.957200
4083 4085 300.000000 0.957200
4084 4085 300.000000 1.513901
4086 4087 300.000000 0.957200
4086 4088 300.000000 0.957200
4087 4088 300.000000 1.513901
4089 4090 300.000000 0.957200
4089 4091 300.000000 0.957200
4090 4091 300.000000 1.513901
4092 4093 300.000000 0.957200
4092 4094 300.000000 0.957200
4093 4094 300.000000 1.513901
4095 4096 300.000000 0.957200
4095 4097 300.000000 0.957200
4096 4097 300.000000 1.513901
4098 4099 300.000000 0.957200
4098 4100 300.000000 0.957200
4099 4100 300.000000 1.513901
4101 4102 300.000000 0.957200
4101 4103 300.000000 0.957200
4102 4103 300.000000 1.513901
4104 4105 300.000000 0.957200
4104 4106 300.000000 0.957200
4105 4106 300.000000 1.513901
4107 4108 300.000000 0.957200
4107 4109 300.000000 0.957200
4108 4109 300.000000 1.513901
4110 4111 300.000000 0.957200
4110 4112 300.000000 0.957200
4111 4112 300.000000 1.513901
4113 4114 300.000000 0.957200
4113 4115 300.000000 0.957200
4114 4115 300.000000 1.513901
4116 4117 300.000000 0.957200
4116 4118 300.000000 0.957200
4117 4118 300.000000 1.513901
4119 4120 300.000000 0.957200
4119 4121 300.000000 0.957200
4120 4121 300.000000 1.513901
4122 4123 300.000000 0.957200
4122 4124 300.000000 0.957200
4123 4124 300.000000 1.513901
4125 4126 300.000000 0.957200
4125 4127 300.000000 0.957200
4126 4127 300.000000 1.513901
4128 4129 300.000000 0.957200
4128 4130 300.000000 0.957200
4129 4130 300.000000 1.513901
4131 4132 300.000000 0.957200
4131 4133 300.000000 0.957200
4132 4133 300.000000 1.513901
4134 4135 300.000000 0.957200
4134 4136 300.000000 0.957200
4135 4136 300.000000 1.513901
4137 4138 300.000000 0.957200
4137 4139 300.000000 0.957200
4138 4139 300.000000 1.513901
4140 4141 300.000000 0.957200
4140 4142 300.000000 0.957200
4141 4142 300.000000 1.513901
4143 4144 300.000000 0.957200
4143 4145 300.000000 0.957200
4144 4145 300.000000 1.513901
4146 4147 300.000000 0.957200
4146 4148 300.000000 0.957200
4147 4148 300.000000 1.513901
4149 4150 300.000000 0.957200
4149 4151 300.000000 0.957200
4150 4151 300.000000 1.513901
4152 4153 300.000000 0.957200
4152 4154 300.000000 0.957200
4153 4154 300.000000 1.513901
4155 4156 300.000000 0.957200
4155 4157 300.000000 0.957200
4156 4157 300.000000 1.513901
4158 4159 300.000000 0.957200
4158 4160 300.000000 0.957200
4159 4160 300.000000 1.513901
4161 4162 300.000000 0.957200
4161 4163 300.000000 0.957200
4162 4163 300.000000 1.513901
4164 4165 300.000000 0.957200
4164 4166 300.000000 0.957200
4165 4166 300.000000 1.513901
4167 4168 300.000000 0.957200
4167 4169 300.000000 0.957200
4168 4169 300.000000 1.513901
4170 4171 300.000000 0.957200
4170 4172 300.000000 0.957200
4171 4172 300.000000 1.513901
4173 4174 300.000000 0.957200
4173 4175 300.000000 0.957200
4174 4175 300.000000 1.513901
4176 4177 300.000000 0.957200
4176 4178 300.000000 0.957200
4177 4178 300.000000 1.513901
4179 4180 300.000000 0.957200
4179 4181 300.000000 0.957200
4180 4181 300.000000 1.513901
4182 4183 300.000000 0.957200
4182 4184 300.000000 0.957200
4183 4184 300.000000 1.513901
4185 4186 300.000000 0.957200
4185 4187 300.000000 0.957200
4186 4187 300.000000 1.513901
4188 4189 300.000000 0.957200
4188 4190 300.000000 0.957200
4189 4190 300.000000 1.513901
4191 4192 300.000000 0.957200
4191 4193 300.000000 0.957200
4192 4193 300.000000 1.513901
4194 4195 300.000000 0.957200
4194 4196 300.000000 0.957200
4195 4196 300.000000 1.513901
4197 4198 300.000000 0.957200
4197 4199 300.000000 0.957200
4198 4199 300.000000 1.513901
4200 4201 300.000000 0.957200
4200 4202 300.000000 0.957200
4201 4202 300.000000 1.513901
4203 4204 300.000000 0.957200
4203 4205 300.000000 0.957200
4204 4205 300.000000 1.513901
4206 4207 300.000000 0.957200
4206 4208 300.000000 0.957200
4207 4208 300.000000 1.513901
4209 4210 300.000000 0.957200
4209 4211 300.000000 0.957200
4210 4211 300.000000 1.513901
4212 4213 300.000000 0.957200
4212 4214 300.000000 0.957200
4213 4214 300.000000 1.513901
4215 4216 300.000000 0.957200
4215 4217 300.000000 0.957200
4216 4217 300.000000 1.513901
4218 4219 300.000000 0.957200
4218 4220 300.000000 0.957200
4219 4220 300.000000 1.513901
4221 4222 300.000000 0.957200
4221 4223 300.000000 0.957200
4222 4223 300.000000 1.513901
4224 4225 300.000000 0.957200
4224 4226 300.000000 0.957200
4225 4226 300.000000 1.513901
4227 4228 300.000000 0.957200
4227 4229 300.000000 0.957200
4228 4229 300.000000 1.513901
4230 4231 300.000000 0.957200
4230 4232 300.000000 0.957200
4231 4232 300.000000 1.513901
4233 4234 300.000000 0.957200
4233 4235 300.000000 0.957200
4234 4235 300.000000 1.513901
4236 4237 300.000000 0.957200
4236 4238 300.000000 0.957200
4237 4238 300.000000 1.513901
4239 4240 300.000000 0.957200
4239 4241 300.000000 0.957200
4240 4241 300.000000 1.513901
4242 4243 300.000000 0.957200
4242 4244 300.000000 0.957200
4243 4244 300.000000 1.513901
4245 4246 300.000000 0.957200
4245 4247 300.000000 0.957200
4246 4247 300.000000 1.513901
4248 4249 300.000000 0.957200
4248 4250 300.000000 0.957200
4249 4250 300.000000 1.513901
4251 4252 300.000000 0.957200
4251 4253 300.000000 0.957200
4252 4253 300.000000 1.513901
4254 4255 300.000000 0.957200
4254 4256 300.000000 0.957200
4255 4256 300.000000 1.513901
4257 4258 300.000000 0.957200
4257 4259 300.000000 0.957200
4258 4259 300.000000 1.513901
4260 4261 300.000000 0.957200
4260 4262 300.000000 0.957200
4261 4262 300.000000 1.513901
4263 4264 300.000000 0.957200
4263 4265 300.000000 0.957200
4264 4265 300.000000 1.513901
4266 4267 300.000000 0.957200
4266 4268 300.000000 0.957200
4267 4268 300.000000 1.513901
4269 4270 300.000000 0.957200
4269 4271 300.000000 0.957200
4270 4271 300.000000 1.513901
4272 4273 300.000000 0.957200
4272 4274 300.000000 0.957200
4273 4274 300.000000 1.513901
4275 4276 300.000000 0.957200
4275 4277 300.000000 0.957200
4276 4277 300.000000 1.513901
4278 4279 300.000000 0.957200
4278 4280 300.000000 0.957200
4279 4280 300.000000 1.513901
4281 4282 300.000000 0.957200
4281 4283 300.000000 0.957200
4282 4283 300.000000 1.513901
4284 4285 300.000000 0.957200
4284 4286 300.000000 0.957200
4285 4286 300.000000 1.513901
4287 4288 300.000000 0.957200
4287 4289 300.000000 0.957200
4288 4289 300.000000 1.513901
4290 4291 300.000000 0.957200
4290 4292 300.000000 0.957200
4291 4292 300.000000 1.513901
4293 4294 300.000000 0.957200
4293 4295 300.000000 0.957200
4294 4295 300.000000 1.513901
4296 4297 300.000000 0.957200
4296 4298 300.000000 0.957200
4297 4298 300.000000 1.513901
4299 4300 300.000000 0.957200
4299 4301 300.000000 0.957200
4300 4301 300.000000 1.513901
4302 4303 300.000000 0.957200
4302 4304 300.000000 0.957200
4303 4304 300.000000 1.513901
4305 4306 300.000000 0.957200
4305 4307 300.000000 0.957200
4306 4307 300.000000 1.513901
4308 4309 300.000000 0.957200
4308 4310 300.000000 0.957200
4309 4310 300.000000 1.513901
4311 4312 300.000000 0.957200
4311 4313 300.000000 0.957200
4312 4313 300.000000 1.513901
4314 4315 300.000000 0.957200
4314 4316 300.000000 0.957200
4315 4316 300.000000 1.513901
4317 4318 300.000000 0.957200
4317 4319 300.000000 0.957200
4318 4319 300.000000 1.513901
4320 4321 300.000000 0.957200
4320 4322 300.000000 0.957200
4321 4322 300.000000 1.513901
4323 4324 300.000000 0.957200
4323 4325 300.000000 0.957200
4324 4325 300.000000 1.513901
4326 4327 300.000000 0.957200
4326 4328 300.000000 0.957200
4327 4328 300.000000 1.513901
4329 4330 300.000000 0.957200
4329 4331 300.000000 0.957200
4330 4331 300.000000 1.513901
4332 4333 300.000000 0.957200
4332 4334 300.000000 0.957200
4333 4334 300.000000 1.513901
4335 4336 300.000000 0.957200
4335 4337 300.000000 0.957200
4336 4337 300.000000 1.513901
4338 4339 300.000000 0.957200
4338 4340 300.000000 0.957200
4339 4340 300.000000 1.513901
4341 4342 300.000000 0.957200
4341 4343 300.000000 0.957200
4342 4343 300.000000 1.513901
4344 4345 300.000000 0.957200
4344 4346 300.000000 0.957200
4345 4346 300.000000 1.513901
4347 4348 300.000000 0.957200
4347 4349 300.000000 0.957200
4348 4349 300.000000 1.513901
4350 4351 300.000000 0.957200
4350 4352 300.000000 0.957200
4351 4352 300.000000 1.513901
4353 4354 300.000000 0.957200
4353 4355 300.000000 0.957200
4354 4355 300.000000 1.513901
4356 4357 300.000000 0.957200
4356 4358 300.000000 0.957200
4357 4358 300.000000 1.513901
4359 4360 300.000000 0.957200
4359 4361 300.000000 0.957200
4360 4361 300.000000 1.513901
4362 4363 300.000000 0.957200
4362 4364 300.000000 0.957200
4363 4364 300.000000 1.513901
4365 4366 300.000000 0.957200
4365 4367 300.000000 0.957200
4366 4367 300.000000 1.513901
4368 4369 300.000000 0.957200
4368 4370 300.000000 0.957200
4369 4370 300.000000 1.513901
4371 4372 300.000000 0.957200
4371 4373 300.000000 0.957200
4372 4373 300.000000 1.513901
4374 4375 300.000000 0.957200
4374 4376 300.000000 0.957200
4375 4376 300.000000 1.513901
4377 4378 300.000000 0.957200
4377 4379 300.000000 0.957200
4378 4379 300.000000 1.513901
4380 4381 300.000000 0.957200
4380 4382 300.000000 0.957200
4381 4382 300.000000 1.513901
4383 4384 300.000000 0.957200
4383 4385 300.000000 0.957200
4384 4385 300.000000 1.513901
4386 4387 300.000000 0.957200
4386 4388 300.000000 0.957200
4387 4388 300.000000 1.513901
4389 4390 300.000000 0.957200
4389 4391 300.000000 0.957200
4390 4391 300.000000 1.513901
4392 4393 300.000000 0.957200
4392 4394 300.000000 0.957200
4393 4394 300.000000 1.513901
4395 4396 300.000000 0.957200
4395 4397 300.000000 0.957200
4396 4397 300.000000 1.513901
4398 4399 300.000000 0.957200
4398 4400 300.000000 0.957200
4399 4400 300.000000 1.513901
4401 4402 300.000000 0.957200
4401 4403 300.000000 0.957200
4402 4403 300.000000 1.513901
4404 4405 300.000000 0.957200
4404 4406 300.000000 0.957200
4405 4406 300.000000 1.513901
4407 4408 300.000000 0.957200
4407 4409 300.000000 0.957200
4408 4409 300.000000 1.513901
4410 4411 300.000000 0.957200
4410 4412 300.000000 0.957200
4411 4412 300.000000 1.513901
4413 4414 300.000000 0.957200
4413 4415 300.000000 0.957200
4414 4415 300.000000 1.513901
4416 4417 300.000000 0.957200
4416 4418 300.000000 0.957200
4417 4418 300.000000 1.513901
4419 4420 300.000000 0.957200
4419 4421 300.000000 0.957200
4420 4421 300.000000 1.513901
4422 4423 300.000000 0.957200
4422 4424 300.000000 0.957200
4423 4424 300.000000 1.513901
4425 4426 300.000000 0.957200
4425 4427 300.000000 0.957200
4426 4427 300.000000 1.513901
4428 4429 300.000000 0.957200
4428 4430 300.000000 0.957200
4429 4430 300.000000 1.513901
4431 4432 300.000000 0.957200
4431 4433 300.000000 0.957200
4432 4433 300.000000 1.513901
4434 4435 300.000000 0.957200
4434 4436 300.000000 0.957200
4435 4436 300.000000 1.513901
4437 4438 300.000000 0.957200
4437 4439 300.000000 0.957200
4438 4439 300.000000 1.513901
4440 4441 300.000000 0.957200
4440 4442 300.000000 0.957200
4441 4442 300.000000 1.513901
4443 4444 300.000000 0.957200
4443 4445 300.000000 0.957200
4444 4445 300.000000 1.513901
4446 4447 300.000000 0.957200
4446 4448 300.000000 0.957200
4447 4448 300.000000 1.513901
4449 4450 300.000000 0.957200
4449 4451 300.000000 0.957200
4450 4451 300.000000 1.513901
4452 4453 300.000000 0.957200
4452 4454 300.000000 0.957200
4453 4454 300.000000 1.513901
4455 4456 300.000000 0.957200
4455 4457 300.000000 0.957200
4456 4457 300.000000 1.513901
4458 4459 300.000000 0.957200
4458 4460 300.000000 0.957200
4459 4460 300.000000 1.513901
4461 4462 300.000000 0.957200
4461 4463 300.000000 0.957200
4462 4463 300.000000 1.513901
4464 4465 300.000000 0.957200
4464 4466 300.000000 0.957200
4465 4466 300.000000 1.513901
4467 4468 300.000000 0.957200
4467 4469 300.000000 0.957200
4468 4469 300.000000 1.513901
4470 4471 300.000000 0.957200
4470 4472 300.000000 0.957200
4471 4472 300.000000 1.513901
4473 4474 300.000000 0.957200
4473 4475 300.000000 0.957200
4474 4475 300.000000 1.513901
4476 4477 300.000000 0.957200
4476 4478 300.000000 0.957200
4477 4478 300.000000 1.513901
4479 4480 300.000000 0.957200
4479 4481 300.000000 0.957200
4480 4481 300.000000 1.513901
4482 4483 300.000000 0.957200
4482 4484 300.000000 0.957200
4483 4484 300.000000 1.513901
4485 4486 300.000000 0.957200
4485 4487 300.000000 0.957200
4486 4487 300.000000 1.513901
4488 4489 300.000000 0.957200
4488 4490 300.000000 0.957200
4489 4490 300.000000 1.513901
4491 4492 300.000000 0.957200
4491 4493 300.000000 0.957200
4492 4493 300.000000 1.513901
4494 4495 300.000000 0.957200
4494 4496 300.000000 0.957200
4495 4496 300.000000 1.513901
4497 4498 300.000000 0.957200
4497 4499 300.000000 0.957200
4498 4499 300.000000 1.513901
4500 4501 300.000000 0.957200
4500 4502 300.000000 0.957200
4501 4502 300.000000 1.513901
4503 4504 300.000000 0.957200
4503 4505 300.000000 0.957200
4504 4505 300.000000 1.513901
4506 4507 300.000000 0.957200
4506 4508 300.000000 0.957200
4507 4508 300.000000 1.513901
4509 4510 300.000000 0.957200
4509 4511 300.000000 0.957200
4510 4511 300.000000 1.513901
4512 4513 300.000000 0.957200
4512 4514 300.000000 0.957200
4513 4514 300.000000 1.513901
4515 4516 300.000000 0.957200
4515 4517 300.000000 0.957200
4516 4517 300.000000 1.513901
4518 4519 300.000000 0.957200
4518 4520 300.000000 0.957200
4519 4520 300.000000 1.513901
4521 4522 300.000000 0.957200
4521 4523 300.000000 0.957200
4522 4523 300.000000 1.513901
4524 4525 300.000000 0.957200
4524 4526 300.000000 0.957200
4525 4526 300.000000 1.513901
4527 4528 300.000000 0.957200
4527 4529 300.000000 0.957200
4528 4529 300.000000 1.513901
4530 4531 300.000000 0.957200
4530 4532 300.000000 0.957200
4531 4532 300.000000 1.513901
4533 4534 300.000000 0.957200
4533 4535 300.000000 0.957200
4534 4535 300.000000 1.513901
4536 4537 300.000000 0.957200
4536 4538 300.000000 0.957200
4537 4538 300.000000 1.513901
4539 4540 300.000000 0.957200
4539 4541 300.000000 0.957200
4540 4541 300.000000 1.513901
4542 4543 300.000000 0.957200
4542 4544 300.000000 0.957200
4543 4544 300.000000 1.513901
4545 4546 300.000000 0.957200
4545 4547 300.000000 0.957200
4546 4547 300.000000 1.513901
4548 4549 300.000000 0.957200
4548 4550 300.000000 0.957200
4549 4550 300.000000 1.513901
4551 4552 300.000000 0.957200
4551 4553 300.000000 0.957200
4552 4553 300.000000 1.513901
4554 4555 300.000000 0.957200
4554 4556 300.000000 0.957200
4555 4556 300.000000 1.513901
4557 4558 300.000000 0.957200
4557 4559 300.000000 0.957200
4558 4559 300.000000 1.513901
4560 4561 300.000000 0.957200
4560 4562 300.000000 0.957200
4561 4562 300.000000 1.513901
4563 4564 300.000000 0.957200
4563 4565 300.000000 0.957200
4564 4565 300.000000 1.513901
4566 4567 300.000000 0.957200
4566 4568 300.000000 0.957200
4567 4568 300.000000 1.513901
4569 4570 300.000000 0.957200
4569 4571 300.000000 0.957200
4570 4571 300.000000 1.513901
4572 4573 300.000000 0.957200
4572 4574 300.000000 0.957200
4573 4574 300.000000 1.513901
4575 4576 300.000000 0.957200
4575 4577 300.000000 0.957200
4576 4577 300.000000 1.513901
4578 4579 300.000000 0.957200
4578 4580 300.000000 0.957200
4579 4580 300.000000 1.513901
4581 4582 300.000000 0.957200
4581 4583 300.000000 0.957200
4582 4583 300.000000 1.513901
4584 4585 300.000000 0.957200
4584 4586 300.000000 0.957200
4585 4586 300.000000 1.513901
4587 4588 300.000000 0.957200
4587 4589 300.000000 0.957200
4588 4589 300.000000 1.513901
4590 4591 300.000000 0.957200
4590 4592 300.000000 0.957200
4591 4592 300.000000 1.513901
4593 4594 300.000000 0.957200
4593 4595 300.000000 0.957200
4594 4595 300.000000 1.513901
4596 4597 300.000000 0.957200
4596 4598 300.000000 0.957200
4597 4598 300.000000 1.513901
4599 4600 300.000000 0.957200
4599 4601 300.000000 0.957200
4600 4601 300.000000 1.513901
4602 4603 300.000000 0.957200
4602 4604 300.000000 0.957200
4603 4604 300.000000 1.513901
4605 4606 300.000000 0.957200
4605 4607 300.000000 0.957200
4606 4607 300.000000 1.513901
4608 4609 300.000000 0.957200
4608 4610 300.000000 0.957200
4609 4610 300.000000 1.513901
4611 4612 300.000000 0.957200
4611 4613 300.000000 0.957200
4612 4613 300.000000 1.513901
4614 4615 300.000000 0.957200
4614 4616 300.000000 0.957200
4615 4616 300.000000 1.513901
4617 4618 300.000000 0.957200
4617 4619 300.000000 0.957200
4618 4619 300.000000 1.513901
4620 4621 300.000000 0.957200
4620 4622 300.000000 0.957200
4621 4622 300.000000 1.513901
4623 4624 300.000000 0.957200
4623 4625 300.000000 0.957200
4624 4625 300.000000 1.513901
4626 4627 300.000000 0.957200
4626 4628 300.000000 0.957200
4627 4628 300.000000 1.513901
4629 4630 300.000000 0.957200
4629 4631 300.000000 0.957200
4630 4631 300.000000 1.513901
4632 4633 300.000000 0.957200
4632 4634 300.000000 0.957200
4633 4634 300.000000 1.513901
4635 4636 300.000000 0.957200
4635 4637 300.000000 0.957200
4636 4637 300.000000 1.513901
4638 4639 300.000000 0.957200
4638 4640 300.000000 0.957200
4639 4640 300.000000 1.513901
4641 4642 300.000000 0.957200
4641 4643 300.000000 0.957200
4642 4643 300.000000 1.513901
4644 4645 300.000000 0.957200
4644 4646 300.000000 0.957200
4645 4646 300.000000 1.513901
4647 4648 300.000000 0.957200
4647 4649 300.000000 0.957200
4648 4649 300.000000 1.513901
4650 4651 300.000000 0.957200
4650 4652 300.000000 0.957200
4651 4652 300.000000 1.513901
4653 4654 300.000000 0.957200
4653 4655 300.000000 0.957200
4654 4655 300.000000 1.513901
4656 4657 300.000000 0.957200
4656 4658 300.000000 0.957200
4657 4658 300.000000 1.513901
4659 4660 300.000000 0.957200
4659 4661 300.000000 0.957200
4660 4661 300.000000 1.513901
4662 4663 300.000000 0.957200
4662 4664 300.000000 0.957200
4663 4664 300.000000 1.513901
4665 4666 300.000000 0.957200
4665 4667 300.000000 0.957200
4666 4667 300.000000 1.513901
4668 4669 300.000000 0.957200
4668 4670 300.000000 0.957200
4669 4670 300.000000 1.513901
4671 4672 300.000000 0.957200
4671 4673 300.000000 0.957200
4672 4673 300.000000 1.513901
4674 4675 300.000000 0.957200
4674 4676 300.000000 0.957200
4675 4676 300.000000 1.513901
4677 4678 300.000000 0.957200
4677 4679 300.000000 0.957200
4678 4679 300.000000 1.513901
4680 4681 300.000000 0.957200
4680 4682 300.000000 0.957200
4681 4682 300.000000 1.513901
4683 4684 300.000000 0.957200
4683 4685 300.000000 0.957200
4684 4685 300.000000 1.513901
4686 4687 300.000000 0.957200
4686 4688 300.000000 0.957200
4687 4688 300.000000 1.513901
4689 4690 300.000000 0.957200
4689 4691 300.000000 0.957200
4690 4691 300.000000 1.513901
4692 4693 300.000000 0.957200
4692 4694 300.000000 0.957200
4693 4694 300.000000 1.513901
4695 4696 300.000000 0.957200
4695 4697 300.000000 0.957200
4696 4697 300.000000 1.513901
4698 4699 300.000000 0.957200
4698 4700 300.000000 0.957200
4699 4700 300.000000 1.513901
4701 4702 300.000000 0.957200
4701 4703 300.000000 0.957200
4702 4703 300.000000 1.513901
4704 4705 300.000000 0.957200
4704 4706 300.000000 0.957200
4705 4706 300.000000 1.513901
4707 4708 300.000000 0.957200
4707 4709 300.000000 0.957200
4708 4709 300.000000 1.513901
4710 4711 300.000000 0.957200
4710 4712 300.000000 0.957200
4711 4712 300.000000 1.513901
4713 4714 300.000000 0.957200
4713 4715 300.000000 0.957200
4714 4715 300.000000 1.513901
4716 4717 300.000000 0.957200
4716 4718 300.000000 0.957200
4717 4718 300.000000 1.513901
4719 4720 300.000000 0.957200
4719 4721 300.000000 0.957200
4720 4721 300.000000 1.513901
4722 4723 300.000000 0.957200
4722 4724 300.000000 0.957200
4723 4724 300.000000 1.513901
4725 4726 300.000000 0.957200
4725 4727 300.000000 0.957200
4726 4727 300.000000 1.513901
4728 4729 300.000000 0.957200
4728 4730 300.000000 0.957200
4729 4730 300.000000 1.513901
4731 4732 300.000000 0.957200
4731 4733 300.000000 0.957200
4732 4733 300.000000 1.513901
4734 4735 300.000000 0.957200
4734 4736 300.000000 0.957200
4735 4736 300.000000 1.513901
4737 4738 300.000000 0.957200
4737 4739 300.000000 0.957200
4738 4739 300.000000 1.513901
4740 4741 300.000000 0.957200
4740 4742 300.000000 0.957200
4741 4742 300.000000 1.513901
4743 4744 300.000000 0.957200
4743 4745 300.000000 0.957200
4744 4745 300.000000 1.513901
4746 4747 300.000000 0.957200
4746 4748 300.000000 0.957200
4747 4748 300.000000 1.513901
4749 4750 300.000000 0.957200
4749 4751 300.000000 0.957200
4750 4751 300.000000 1.513901
4752 4753 300.000000 0.957200
4752 4754 300.000000 0.957200
4753 4754 300.000000 1.513901
4755 4756 300.000000 0.957200
4755 4757 300.000000 0.957200
4756 4757 300.000000 1.513901
4758 4759 300.000000 0.957200
4758 4760 300.000000 0.957200
4759 4760 300.000000 1.513901
4761 4762 300.000000 0.957200
4761 4763 300.000000 0.957200
4762 4763 300.000000 1.513901
4764 4765 300.000000 0.957200
4764 4766 300.000000 0.957200
4765 4766 300.000000 1.513901
4767 4768 300.000000 0.957200
4767 4769 300.000000 0.957200
4768 4769 300.000000 1.513901
4770 4771 300.000000 0.957200
4770 4772 300.000000 0.957200
4771 4772 300.000000 1.513901
4773 4774 300.000000 0.957200
4773 4775 300.000000 0.957200
4774 4775 300.000000 1.513901
4776 4777 300.000000 0.957200
4776 4778 300.000000 0.957200
4777 4778 300.000000 1.513901
4779 4780 300.000000 0.957200
4779 4781 300.000000 0.957200
4780 4781 300.000000 1.513901
4782 4783 300.000000 0.957200
4782 4784 300.000000 0.957200
4783 4784 300.000000 1.513901
4785 4786 300.000000 0.957200
4785 4787 300.000000 0.957200
4786 4787 300.000000 1.513901
4788 4789 300.000000 0.957200
4788 4790 300.000000 0.957200
4789 4790 300.000000 1.513901
4791 4792 300.000000 0.957200
4791 4793 300.000000 0.957200
4792 4793 300.000000 1.513901
4794 4795 300.000000 0.957200
4794 4796 300.000000 0.957200
4795 4796 300.000000 1.513901
4797 4798 300.000000 0.957200
4797 4799 300.000000 0.957200
4798 4799 300.000000 1.513901
4800 4801 300.000000 0.957200
4800 4802 300.000000 0.957200
4801 4802 300.000000 1.513901
4803 4804 300.000000 0.957200
4803 4805 300.000000 0.957200
4804 4805 300.000000 1.513901
4806 4807 300.000000 0.957200
4806 4808 300.000000 0.957200
4807 4808 300.000000 1.513901
4809 4810 300.000000 0.957200
4809 4811 300.000000 0.957200
4810 4811 300.000000 1.513901
4812 4813 300.000000 0.957200
4812 4814 300.000000 0.957200
4813 4814 300.000000 1.513901
4815 4816 300.000000 0.957200
4815 4817 300.000000 0.957200
4816 4817 300.000000 1.513901
4818 4819 300.000000 0.957200
4818 4820 300.000000 0.957200
4819 4820 300.000000 1.513901
4821 4822 300.000000 0.957200
4821 4823 300.000000 0.957200
4822 4823 300.000000 1.513901
4824 4825 300.000000 0.957200
4824 4826 300.000000 0.957200
4825 4826 300.000000 1.513901
4827 4828 300.000000 0.957200
4827 4829 300.000000 0.957200
4828 4829 300.000000 1.513901
4830 4831 300.000000 0.957200
4830 4832 300.000000 0.957200
4831 4832 300.000000 1.513901
4833 4834 300.000000 0.957200
4833 4835 300.000000 0.957200
4834 4835 300.000000 1.513901
4836 4837 300.000000 0.957200
4836 4838 300.000000 0.957200
4837 4838 300.000000 1.513901
4839 4840 300.000000 0.957200
4839 4841 300.000000 0.957200
4840 4841 300.000000 1.513901
4842 4843 300.000000 0.957200
4842 4844 300.000000 0.957200
4843 4844 300.000000 1.513901
4845 4846 300.000000 0.957200
4845 4847 300.000000 0.957200
4846 4847 300.000000 1.513901
4848 4849 300.000000 0.957200
4848 4850 300.000000 0.957200
4849 4850 300.000000 1.513901
4851 4852 300.000000 0.957200
4851 4853 300.000000 0.957200
4852 4853 300.000000 1.513901
4854 4855 300.000000 0.957200
4854 4856 300.000000 0.957200
4855 4856 300.000000 1.513901
4857 4858 300.000000 0.957200
4857 4859 300.000000 0.957200
4858 4859 300.000000 1.513901
4860 4861 300.000000 0.957200
4860 4862 300.000000 0.957200
4861 4862 300.000000 1.513901
4863 4864 300.000000 0.957200
4863 4865 300.000000 0.957200
4864 4865 300.000000 1.513901
4866 4867 300.000000 0.957200
4866 4868 300.000000 0.957200
4867 4868 300.000000 1.513901
4869 4870 300.000000 0.957200
4869 4871 300.000000 0.957200
4870 4871 300.000000 1.513901
4872 4873 300.000000 0.957200
4872 4874 300.000000 0.957200
4873 4874 300.000000 1.513901
4875 4876 300.000000 0.957200
4875 4877 300.000000 0.957200
4876 4877 300.000000 1.513901
4878 4879 300.000000 0.957200
4878 4880 300.000000 0.957200
4879 4880 300.000000 1.513901
4881 4882 300.000000 0.957200
4881 4883 300.000000 0.957200
4882 4883 300.000000 1.513901
4884 4885 300.000000 0.957200
4884 4886 300.000000 0.957200
4885 4886 300.000000 1.513901
4887 4888 300.000000 0.957200
4887 4889 300.000000 0.957200
4888 4889 300.000000 1.513901
4890 4891 300.000000 0.957200
4890 4892 300.000000 0.957200
4891 4892 300.000000 1.513901
4893 4894 300.000000 0.957200
4893 4895 300.000000 0.957200
4894 4895 300.000000 1.513901
4896 4897 300.000000 0.957200
4896 4898 300.000000 0.957200
4897 4898 300.000000 1.513901
4899 4900 300.000000 0.957200
4899 4901 300.000000 0.957200
4900 4901 300.000000 1.513901
4902 4903 300.000000 0.957200
4902 4904 300.000000 0.957200
4903 4904 300.000000 1.513901
4905 4906 300.000000 0.957200
4905 4907 300.000000 0.957200
4906 4907 300.000000 1.513901
4908 4909 300.000000 0.957200
4908 4910 300.000000 0.957200
4909 4910 300.000000 1.513901
4911 4912 300.000000 0.957200
4911 4913 300.000000 0.957200
4912 4913 300.000000 1.513901
4914 4915 300.000000 0.957200
4914 4916 300.000000 0.957200
4915 4916 300.000000 1.513901
4917 4918 300.000000 0.957200
4917 4919 300.000000 0.957200
4918 4919 300.000000 1.513901
4920 4921 300.000000 0.957200
4920 4922 300.000000 0.957200
4921 4922 300.000000 1.513901
4923 4924 300.000000 0.957200
4923 4925 300.000000 0.957200
4924 4925 300.000000 1.513901
4926 4927 300.000000 0.957200
4926 4928 300.000000 0.957200
4927 4928 300.000000 1.513901
4929 4930 300.000000 0.957200
4929 4931 300.000000 0.957200
4930 4931 300.000000 1.513901
4932 4933 300.000000 0.957200
4932 4934 300.000000 0.957200
4933 4934 300.000000 1.513901
4935 4936 300.000000 0.957200
4935 4937 300.000000 0.957200
4936 4937 300.000000 1.513901
4938 4939 300.000000 0.957200
4938 4940 300.000000 0.957200
4939 4940 300.000000 1.513901
4941 4942 300.000000 0.957200
4941 4943 300.000000 0.957200
4942 4943 300.000000 1.513901
4944 4945 300.000000 0.957200
4944 4946 300.000000 0.957200
4945 4946 300.000000 1.513901
4947 4948 300.000000 0.957200
4947 4949 300.000000 0.957200
4948 4949 300.000000 1.513901
4950 4951 300.000000 0.957200
4950 4952 300.000000 0.957200
4951 4952 300.000000 1.513901
4953 4954 300.000000 0.957200
4953 4955 300.000000 0.957200
4954 4955 300.000000 1.513901
4956 4957 300.000000 0.957200
4956 4958 300.000000 0.957200
4957 4958 300.000000 1.513901
4959 4960 300.000000 0.957200
4959 4961 300.000000 0.957200
4960 4961 300.000000 1.513901
4962 4963 300.000000 0.957200
4962 4964 300.000000 0.957200
4963 4964 300.000000 1.513901
4965 4966 300.000000 0.957200
4965 4967 300.000000 0.957200
4966 4967 300.000000 1.513901
4968 4969 300.000000 0.957200
4968 4970 300.000000 0.957200
4969 4970 300.000000 1.513901
4971 4972 300.000000 0.957200
4971 4973 300.000000 0.957200
4972 4973 300.000000 1.513901
4974 4975 300.000000 0.957200
4974 4976 300.000000 0.957200
4975 4976 300.000000 1.513901
4977 4978 300.000000 0.957200
4977 4979 300.000000 0.957200
4978 4979 300.000000 1.513901
4980 4981 300.000000 0.957200
4980 4982 300.000000 0.957200
4981 4982 300.000000 1.513901
4983 4984 300.000000 0.957200
4983 4985 300.000000 0.957200
4984 4985 300.000000 1.513901
4986 4987 300.000000 0.957200
4986 4988 300.000000 0.957200
4987 4988 300.000000 1.513901
4989 4990 300.000000 0.957200
4989 4991 300.000000 0.957200
4990 4991 300.000000 1.513901
4992 4993 300.000000 0.957200
4992 4994 300.000000 0.957200
4993 4994 300.000000 1.513901
4995 4996 300.000000 0.957200
4995 4997 300.000000 0.957200
4996 4997 300.000000 1.513901
4998 4999 300.000000 0.957200
4998 5000 300.000000 0.957200
4999 5000 300.000000 1.513901
5001 5002 300.000000 0.957200
5001 5003 300.000000 0.957200
5002 5003 300.000000 1.513901
5004 5005 300.000000 0.957200
5004 5006 300.000000 0.957200
5005 5006 300.000000 1.513901
5007 5008 300.000000 0.957200
5007 5009 300.000000 0.957200
5008 5009 300.000000 1.513901
5010 5011 300.000000 0.957200
5010 5012 300.000000 0.957200
5011 5012 300.000000 1.513901
5013 5014 300.000000 0.957200
5013 5015 300.000000 0.957200
5014 5015 300.000000 1.513901
5016 5017 300.000000 0.957200
5016 5018 300.000000 0.957200
5017 5018 300.000000 1.513901
5019 5020 300.000000 0.957200
5019 5021 300.000000 0.957200
5020 5021 300.000000 1.513901
5022 5023 300.000000 0.957200
5022 5024 300.000000 0.957200
5023 5024 300.000000 1.513901
5025 5026 300.000000 0.957200
5025 5027 300.000000 0.957200
5026 5027 300.000000 1.513901
5028 5029 300.000000 0.957200
5028 5030 300.000000 0.957200
5029 5030 300.000000 1.513901
5031 5032 300.000000 0.957200
5031 5033 300.000000 0.957200
5032 5033 300.000000 1.513901
5034 5035 300.000000 0.957200
5034 5036 300.000000 0.957200
5035 5036 300.000000 1.513901
5037 5038 300.000000 0.957200
5037 5039 300.000000 0.957200
5038 5039 300.000000 1.513901
5040 5041 300.000000 0.957200
5040 5042 300.000000 0.957200
5041 5042 300.000000 1.513901
5043 5044 300.000000 0.957200
5043 5045 300.000000 0.957200
5044 5045 300.000000 1.513901
5046 5047 300.000000 0.957200
5046 5048 300.000000 0.957200
5047 5048 300.000000 1.513901
5049 5050 300.000000 0.957200
5049 5051 300.000000 0.957200
5050 5051 300.000000 1.513901
5052 5053 300.000000 0.957200
5052 5054 300.000000 0.957200
5053 5054 300.000000 1.513901
5055 5056 300.000000 0.957200
5055 5057 300.000000 0.957200
5056 5057 300.000000 1.513901
5058 5059 300.000000 0.957200
5058 5060 300.000000 0.957200
5059 5060 300.000000 1.513901
5061 5062 300.000000 0.957200
5061 5063 300.000000 0.957200
5062 5063 300.000000 1.513901
5064 5065 300.000000 0.957200
5064 5066 300.000000 0.957200
5065 5066 300.000000 1.513901
5067 5068 300.000000 0.957200
5067 5069 300.000000 0.957200
5068 5069 300.000000 1.513901
5070 5071 300.000000 0.957200
5070 5072 300.000000 0.957200
5071 5072 300.000000 1.513901
5073 5074 300.000000 0.957200
5073 5075 300.000000 0.957200
5074 5075 300.000000 1.513901
5076 5077 300.000000 0.957200
5076 5078 300.000000 0.957200
5077 5078 300.000000 1.513901
5079 5080 300.000000 0.957200
5079 5081 300.000000 0.957200
5080 5081 300.000000 1.513901
5082 5083 300.000000 0.957200
5082 5084 300.000000 0.957200
5083 5084 300.000000 1.513901
5085 5086 300.000000 0.957200
5085 5087 300.000000 0.957200
5086 5087 300.000000 1.513901
5088 5089 300.000000 0.957200
5088 5090 300.000000 0.957200
5089 5090 300.000000 1.513901
5091 5092 300.000000 0.957200
5091 5093 300.000000 0.957200
5092 5093 300.000000 1.513901
5094 5095 300.000000 0.957200
5094 5096 300.000000 0.957200
5095 5096 300.000000 1.513901
5097 5098 300.000000 0.957200
5097 5099 300.000000 0.957200
5098 5099 300.000000 1.513901
5100 5101 300.000000 0.957200
5100 5102 300.000000 0.957200
5101 5102 300.000000 1.513901
5103 5104 300.000000 0.957200
5103 5105 300.000000 0.957200
5104 5105 300.000000 1.513901
5106 5107 300.000000 0.957200
5106 5108 300.000000 0.957200
5107 5108 300.000000 1.513901
5109 5110 300.000000 0.957200
5109 5111 300.000000 0.957200
5110 5111 300.000000 1.513901
5112 5113 300.000000 0.957200
5112 5114 300.000000 0.957200
5113 5114 300.000000 1.513901
5115 5116 300.000000 0.957200
5115 5117 300.000000 0.957200
5116 5117 300.000000 1.513901
5118 5119 300.000000 0.957200
5118 5120 300.000000 0.957200
5119 5120 300.000000 1.513901
5121 5122 300.000000 0.957200
5121 5123 300.000000 0.957200
5122 5123 300.000000 1.513901
5124 5125 300.000000 0.957200
5124 5126 300.000000 0.957200
5125 5126 300.000000 1.513901
5127 5128 300.000000 0.957200
5127 5129 300.000000 0.957200
5128 5129 300.000000 1.513901
5130 5131 300.000000 0.957200
5130 5132 300.000000 0.957200
5131 5132 300.000000 1.513901
5133 5134 300.000000 0.957200
5133 5135 300.000000 0.957200
5134 5135 300.000000 1.513901
5136 5137 300.000000 0.957200
5136 5138 300.000000 0.957200
5137 5138 300.000000 1.513901
5139 5140 300.000000 0.957200
5139 5141 300.000000 0.957200
5140 5141 300.000000 1.513901
5142 5143 300.000000 0.957200
5142 5144 300.000000 0.957200
5143 5144 300.000000 1.513901
5145 5146 300.000000 0.957200
5145 5147 300.000000 0.957200
5146 5147 300.000000 1.513901
5148 5149 300.000000 0.957200
5148 5150 300.000000 0.957200
5149 5150 300.000000 1.513901
5151 5152 300.000000 0.957200
5151 5153 300.000000 0.957200
5152 5153 300.000000 1.513901
5154 5155 300.000000 0.957200
5154 5156 300.000000 0.957200
5155 5156 300.000000 1.513901
5157 5158 300.000000 0.957200
5157 5159 300.000000 0.957200
5158 5159 300.000000 1.513901
5160 5161 300.000000 0.957200
5160 5162 300.000000 0.957200
5161 5162 300.000000 1.513901
5163 5164 300.000000 0.957200
5163 5165 300.000000 0.957200
5164 5165 300.000000 1.513901
5166 5167 300.000000 0.957200
5166 5168 300.000000 0.957200
5167 5168 300.000000 1.513901
5169 5170 300.000000 0.957200
5169 5171 300.000000 0.957200
5170 5171 300.000000 1.513901
5172 5173 300.000000 0.957200
5172 5174 300.000000 0.957200
5173 5174 300.000000 1.513901
5175 5176 300.000000 0.957200
5175 5177 300.000000 0.957200
5176 5177 300.000000 1.513901
5178 5179 300.000000 0.957200
5178 5180 300.000000 0.957200
5179 5180 300.000000 1.513901
5181 5182 300.000000 0.957200
5181 5183 300.000000 0.957200
5182 5183 300.000000 1.513901
5184 5185 300.000000 0.957200
5184 5186 300.000000 0.957200
5185 5186 300.000000 1.513901
5187 5188 300.000000 0.957200
5187 5189 300.000000 0.957200
5188 5189 300.000000 1.513901
5190 5191 300.000000 0.957200
5190 5192 300.000000 0.957200
5191 5192 300.000000 1.513901
5193 5194 300.000000 0.957200
5193 5195 300.000000 0.957200
5194 5195 300.000000 1.513901
5196 5197 300.000000 0.957200
5196 5198 300.000000 0.957200
5197 5198 300.000000 1.513901
5199 5200 300.000000 0.957200
5199 5201 300.000000 0.957200
5200 5201 300.000000 1.513901
5202 5203 300.000000 0.957200
5202 5204 300.000000 0.957200
5203 5204 300.000000 1.513901
5205 5206 300.000000 0.957200
5205 5207 300.000000 0.957200
5206 5207 300.000000 1.513901
5208 5209 300.000000 0.957200
5208 5210 300.000000 0.957200
5209 5210 300.000000 1.513901
5211 5212 300.000000 0.957200
5211 5213 300.000000 0.957200
5212 5213 300.000000 1.513901
5214 5215 300.000000 0.957200
5214 5216 300.000000 0.957200
5215 5216 300.000000 1.513901
5217 5218 300.000000 0.957200
5217 5219 300.000000 0.957200
5218 5219 300.000000 1.513901
5220 5221 300.000000 0.957200
5220 5222 300.000000 0.957200
5221 5222 300.000000 1.513901
5223 5224 300.000000 0.957200
5223 5225 300.000000 0.957200
5224 5225 300.000000 1.513901
5226 5227 300.000000 0.957200
5226 5228 300.000000 0.957200
5227 5228 300.000000 1.513901
5229 5230 300.000000 0.957200
5229 5231 300.000000 0.957200
5230 5231 300.000000 1.513901
5232 5233 300.000000 0.957200
5232 5234 300.000000 0.957200
5233 5234 300.000000 1.513901
5235 5236 300.000000 0.957200
5235 5237 300.000000 0.957200
5236 5237 300.000000 1.513901
5238 5239 300.000000 0.957200
5238 5240 300.000000 0.957200
5239 5240 300.000000 1.513901
5241 5242 300.000000 0.957200
5241 5243 300.000000 0.957200
5242 5243 300.000000 1.513901
5244 5245 300.000000 0.957200
5244 5246 300.000000 0.957200
5245 5246 300.000000 1.513901
5247 5248 300.000000 0.957200
5247 5249 300.000000 0.957200
5248 5249 300.000000 1.513901
5250 5251 300.000000 0.957200
5250 5252 300.000000 0.957200
5251 5252 300.000000 1.513901
5253 5254 300.000000 0.957200
5253 5255 300.000000 0.957200
5254 5255 300.000000 1.513901
5256 5257 300.000000 0.957200
5256 5258 300.000000 0.957200
5257 5258 300.000000 1.513901
5259 5260 300.000000 0.957200
5259 5261 300.000000 0.957200
5260 5261 300.000000 1.513901
5262 5263 300.000000 0.957200
5262 5264 300.000000 0.957200
5263 5264 300.000000 1.513901
5265 5266 300.000000 0.957200
5265 5267 300.000000 0.957200
5266 5267 300.000000 1.513901
5268 5269 300.000000 0.957200
5268 5270 300.000000 0.957200
5269 5270 300.000000 1.513901
5271 5272 300.000000 0.957200
5271 5273 300.000000 0.957200
5272 5273 300.000000 1.513901
5274 5275 300.000000 0.957200
5274 5276 300.000000 0.957200
5275 5276 300.000000 1.513901
5277 5278 300.000000 0.957200
5277 5279 300.000000 0.957200
5278 5279 300.000000 1.513901
5280 5281 300.000000 0.957200
5280 5282 300.000000 0.957200
5281 5282 300.000000 1.513901
5283 5284 300.000000 0.957200
5283 5285 300.000000 0.957200
5284 5285 300.000000 1.513901
5286 5287 300.000000 0.957200
5286 5288 300.000000 0.957200
5287 5288 300.000000 1.513901
5289 5290 300.000000 0.957200
5289 5291 300.000000 0.957200
5290 5291 300.000000 1.513901
5292 5293 300.000000 0.957200
5292 5294 300.000000 0.957200
5293 5294 300.000000 1.513901
5295 5296 300.000000 0.957200
5295 5297 300.000000 0.957200
5296 5297 300.000000 1.513901
5298 5299 300.000000 0.957200
5298 5300 300.000000 0.957200
5299 5300 300.000000 1.513901
5301 5302 300.000000 0.957200
5301 5303 300.000000 0.957200
5302 5303 300.000000 1.513901
5304 5305 300.000000 0.957200
5304 5306 300.000000 0.957200
5305 5306 300.000000 1.513901
5307 5308 300.000000 0.957200
5307 5309 300.000000 0.957200
5308 5309 300.000000 1.513901
5310 5311 300.000000 0.957200
5310 5312 300.000000 0.957200
5311 5312 300.000000 1.513901
5313 5314 300.000000 0.957200
5313 5315 300.000000 0.957200
5314 5315 300.000000 1.513901
5316 5317 300.000000 0.957200
5316 5318 300.000000 0.957200
5317 5318 300.000000 1.513901
5319 5320 300.000000 0.957200
5319 5321 300.000000 0.957200
5320 5321 300.000000 1.513901
5322 5323 300.000000 0.957200
5322 5324 300.000000 0.957200
5323 5324 300.000000 1.513901
5325 5326 300.000000 0.957200
5325 5327 300.000000 0.957200
5326 5327 300.000000 1.513901
5328 5329 300.000000 0.957200
5328 5330 300.000000 0.957200
5329 5330 300.000000 1.513901
5331 5332 300.000000 0.957200
5331 5333 300.000000 0.957200
5332 5333 300.000000 1.513901
5334 5335 300.000000 0.957200
5334 5336 300.000000 0.957200
5335 5336 300.000000 1.513901
5337 5338 300.000000 0.957200
5337 5339 300.000000 0.957200
5338 5339 300.000000 1.513901
5340 5341 300.000000 0.957200
5340 5342 300.000000 0.957200
5341 5342 300.000000 1.513901
5343 5344 300.000000 0.957200
5343 5345 300.000000 0.957200
5344 5345 300.000000 1.513901
5346 5347 300.000000 0.957200
5346 5348 300.000000 0.957200
5347 5348 300.000000 1.513901
5349 5350 300.000000 0.957200
5349 5351 300.000000 0.957200
5350 5351 300.000000 1.513901
5352 5353 300.000000 0.957200
5352 5354 300.000000 0.957200
5353 5354 300.000000 1.513901
5355 5356 300.000000 0.957200
5355 5357 300.000000 0.957200
5356 5357 300.000000 1.513901
5358 5359 300.000000 0.957200
5358 5360 300.000000 0.957200
5359 5360 300.000000 1.513901
5361 5362 300.000000 0.957200
5361 5363 300.000000 0.957200
5362 5363 300.000000 1.513901
5364 5365 300.000000 0.957200
5364 5366 300.000000 0.957200
5365 5366 300.000000 1.513901
5367 5368 300.000000 0.957200
5367 5369 300.000000 0.957200
5368 5369 300.000000 1.513901
5370 5371 300.000000 0.957200
5370 5372 300.000000 0.957200
5371 5372 300.000000 1.513901
5373 5374 300.000000 0.957200
5373 5375 300.000000 0.957200
5374 5375 300.000000 1.513901
5376 5377 300.000000 0.957200
5376 5378 300.000000 0.957200
5377 5378 300.000000 1.513901
5379 5380 300.000000 0.957200
5379 5381 300.000000 0.957200
5380 5381 300.000000 1.513901
5382 5383 300.000000 0.957200
5382 5384 300.000000 0.957200
5383 5384 300.000000 1.513901
5385 5386 300.000000 0.957200
5385 5387 300.000000 0.957200
5386 5387 300.000000 1.513901
5388 5389 300.000000 0.957200
5388 5390 300.000000 0.957200
5389 5390 300.000000 1.513901
5391 5392 300.000000 0.957200
5391 5393 300.000000 0.957200
5392 5393 300.000000 1.513901
5394 5395 300.000000 0.957200
5394 5396 300.000000 0.957200
5395 5396 300.000000 1.513901
5397 5398 300.000000 0.957200
5397 5399 300.000000 0.957200
5398 5399 300.000000 1.513901
5400 5401 300.000000 0.957200
5400 5402 300.000000 0.957200
5401 5402 300.000000 1.513901
5403 5404 300.000000 0.957200
5403 5405 300.000000 0.957200
5404 5405 300.000000 1.513901
5406 5407 300.000000 0.957200
5406 5408 300.000000 0.957200
5407 5408 300.000000 1.513901
5409 5410 300.000000 0.957200
5409 5411 300.000000 0.957200
5410 5411 300.000000 1.513901
5412 5413 300.000000 0.957200
5412 5414 300.000000 0.957200
5413 5414 300.000000 1.513901
5415 5416 300.000000 0.957200
5415 5417 300.000000 0.957200
5416 5417 300.000000 1.513901
5418 5419 300.000000 0.957200
5418 5420 300.000000 0.957200
5419 5420 300.000000 1.513901
5421 5422 300.000000 0.957200
5421 5423 300.000000 0.957200
5422 5423 300.000000 1.513901
5424 5425 300.000000 0.957200
5424 5426 300.000000 0.957200
5425 5426 300.000000 1.513901
5427 5428 300.000000 0.957200
5427 5429 300.000000 0.957200
5428 5429 300.000000 1.513901
5430 5431 300.000000 0.957200
5430 5432 300.000000 0.957200
5431 5432 300.000000 1.513901
5433 5434 300.000000 0.957200
5433 5435 300.000000 0.957200
5434 5435 300.000000 1.513901
5436 5437 300.000000 0.957200
5436 5438 300.000000 0.957200
5437 5438 300.000000 1.513901
5439 5440 300.000000 0.957200
5439 5441 300.000000 0.957200
5440 5441 300.000000 1.513901
5442 5443 300.000000 0.957200
5442 5444 300.000000 0.957200
5443 5444 300.000000 1.513901
5445 5446 300.000000 0.957200
5445 5447 300.000000 0.957200
5446 5447 300.000000 1.513901
5448 5449 300.000000 0.957200
5448 5450 300.000000 0.957200
5449 5450 300.000000 1.513901
5451 5452 300.000000 0.957200
5451 5453 300.000000 0.957200
5452 5453 300.000000 1.513901
5454 5455 300.000000 0.957200
5454 5456 300.000000 0.957200
5455 5456 300.000000 1.513901
5457 5458 300.000000 0.957200
5457 5459 300.000000 0.957200
5458 5459 300.000000 1.513901
5460 5461 300.000000 0.957200
5460 5462 300.000000 0.957200
5461 5462 300.000000 1.513901
5463 5464 300.000000 0.957200
5463 5465 300.000000 0.957200
5464 5465 300.000000 1.513901
5466 5467 300.000000 0.957200
5466 5468 300.000000 0.957200
5467 5468 300.000000 1.513901
5469 5470 300.000000 0.957200
5469 5471 300.000000 0.957200
5470 5471 300.000000 1.513901
5472 5473 300.000000 0.957200
5472 5474 300.000000 0.957200
5473 5474 300.000000 1.513901
5475 5476 300.000000 0.957200
5475 5477 300.000000 0.957200
5476 5477 300.000000 1.513901
5478 5479 300.000000 0.957200
5478 5480 300.000000 0.957200
5479 5480 300.000000 1.513901
5481 5482 300.000000 0.957200
5481 5483 300.000000 0.957200
5482 5483 300.000000 1.513901
5484 5485 300.000000 0.957200
5484 5486 300.000000 0.957200
5485 5486 300.000000 1.513901
5487 5488 300.000000 0.957200
5487 5489 300.000000 0.957200
5488 5489 300.000000 1.513901
5490 5491 300.000000 0.957200
5490 5492 300.000000 0.957200
5491 5492 300.000000 1.513901
5493 5494 300.000000 0.957200
5493 5495 300.000000 0.957200
5494 5495 300.000000 1.513901
5496 5497 300.000000 0.957200
5496 5498 300.000000 0.957200
5497 5498 300.000000 1.513901
5499 5500 300.000000 0.957200
5499 5501 300.000000 0.957200
5500 5501 300.000000 1.513901
5502 5503 300.000000 0.957200
5502 5504 300.000000 0.957200
5503 5504 300.000000 1.513901
5505 5506 300.000000 0.957200
5505 5507 300.000000 0.957200
5506 5507 300.000000 1.513901
5508 5509 300.000000 0.957200
5508 5510 300.000000 0.957200
5509 5510 300.000000 1.513901
5511 5512 300.000000 0.957200
5511 5513 300.000000 0.957200
5512 5513 300.000000 1.513901
5514 5515 300.000000 0.957200
5514 5516 300.000000 0.957200
5515 5516 300.000000 1.513901
5517 5518 300.000000 0.957200
5517 5519 300.000000 0.957200
5518 5519 300.000000 1.513901
5520 5521 300.000000 0.957200
5520 5522 300.000000 0.957200
5521 5522 300.000000 1.513901
5523 5524 300.000000 0.957200
5523 5525 300.000000 0.957200
5524 5525 300.000000 1.513901
5526 5527 300.000000 0.957200
5526 5528 300.000000 0.957200
5527 5528 300.000000 1.513901
5529 5530 300.000000 0.957200
5529 5531 300.000000 0.957200
5530 5531 300.000000 1.513901
5532 5533 300.000000 0.957200
5532 5534 300.000000 0.957200
5533 5534 300.000000 1.513901
5535 5536 300.000000 0.957200
5535 5537 300.000000 0.957200
5536 5537 300.000000 1.513901
5538 5539 300.000000 0.957200
5538 5540 300.000000 0.957200
5539 5540 300.000000 1.513901
5541 5542 300.000000 0.957200
5541 5543 300.000000 0.957200
5542 5543 300.000000 1.513901
5544 5545 300.000000 0.957200
5544 5546 300.000000 0.957200
5545 5546 300.000000 1.513901
5547 5548 300.000000 0.957200
5547 5549 300.000000 0.957200
5548 5549 300.000000 1.513901
5550 5551 300.000000 0.957200
5550 5552 300.000000 0.957200
5551 5552 300.000000 1.513901
5553 5554 300.000000 0.957200
5553 5555 300.000000 0.957200
5554 5555 300.000000 1.513901
5556 5557 300.000000 0.957200
5556 5558 300.000000 0.957200
5557 5558 300.000000 1.513901
5559 5560 300.000000 0.957200
5559 5561 300.000000 0.957200
5560 5561 300.000000 1.513901
5562 5563 300.000000 0.957200
5562 5564 300.000000 0.957200
5563 5564 300.000000 1.513901
5565 5566 300.000000 0.957200
5565 5567 300.000000 0.957200
5566 5567 300.000000 1.513901
5568 5569 300.000000 0.957200
5568 5570 300.000000 0.957200
5569 5570 300.000000 1.513901
5571 5572 300.000000 0.957200
5571 5573 300.000000 0.957200
5572 5573 300.000000 1.513901
5574 5575 300.000000 0.957200
5574 5576 300.000000 0.957200
5575 5576 300.000000 1.513901
5577 5578 300.000000 0.957200
5577 5579 300.000000 0.957200
5578 5579 300.000000 1.513901
5580 5581 300.000000 0.957200
5580 5582 300.000000 0.957200
5581 5582 300.000000 1.513901
5583 5584 300.000000 0.957200
5583 5585 300.000000 0.957200
5584 5585 300.000000 1.513901
5586 5587 300.000000 0.957200
5586 5588 300.000000 0.957200
5587 5588 300.000000 1.513901
5589 5590 300.000000 0.957200
5589 5591 300.000000 0.957200
5590 5591 300.000000 1.513901
5592 5593 300.000000 0.957200
5592 5594 300.000000 0.957200
5593 5594 300.000000 1.513901
5595 5596 300.000000 0.957200
5595 5597 300.000000 0.957200
5596 5597 300.000000 1.513901
5598 5599 300.000000 0.957200
5598 5600 300.000000 0.957200
5599 5600 300.000000 1.513901
5601 5602 300.000000 0.957200
5601 5603 300.000000 0.957200
5602 5603 300.000000 1.513901
5604 5605 300.000000 0.957200
5604 5606 300.000000 0.957200
5605 5606 300.000000 1.513901
5607 5608 300.000000 0.957200
5607 5609 300.000000 0.957200
5608 5609 300.000000 1.513901
5610 5611 300.000000 0.957200
5610 5612 300.000000 0.957200
5611 5612 300.000000 1.513901
5613 5614 300.000000 0.957200
5613 5615 300.000000 0.957200
5614 5615 300.000000 1.513901
5616 5617 300.000000 0.957200
5616 5618 300.000000 0.957200
5617 5618 300.000000 1.513901
5619 5620 300.000000 0.957200
5619 5621 300.000000 0.957200
5620 5621 300.000000 1.513901
5622 5623 300.000000 0.957200
5622 5624 300.000000 0.957200
5623 5624 300.000000 1.513901
5625 5626 300.000000 0.957200
5625 5627 300.000000 0.957200
5626 5627 300.000000 1.513901
5628 5629 300.000000 0.957200
5628 5630 300.000000 0.957200
5629 5630 300.000000 1.513901
5631 5632 300.000000 0.957200
5631 5633 300.000000 0.957200
5632 5633 300.000000 1.513901
5634 5635 300.000000 0.957200
5634 5636 300.000000 0.957200
5635 5636 300.000000 1.513901
5637 5638 300.000000 0.957200
5637 5639 300.000000 0.957200
5638 5639 300.000000 1.513901
5640 5641 300.000000 0.957200
5640 5642 300.000000 0.957200
5641 5642 300.000000 1.513901
5643 5644 300.000000 0.957200
5643 5645 300.000000 0.957200
5644 5645 300.000000 1.513901
5646 5647 300.000000 0.957200
5646 5648 300.000000 0.957200
5647 5648 300.000000 1.513901
5649 5650 300.000000 0.957200
5649 5651 300.000000 0.957200
5650 5651 300.000000 1.513901
5652 5653 300.000000 0.957200
5652 5654 300.000000 0.957200
5653 5654 300.000000 1.513901
5655 5656 300.000000 0.957200
5655 5657 300.000000 0.957200
5656 5657 300.000000 1.513901
5658 5659 300.000000 0.957200
5658 5660 300.000000 0.957200
5659 5660 300.000000 1.513901
5661 5662 300.000000 0.957200
5661 5663 300.000000 0.957200
5662 5663 300.000000 1.513901
5664 5665 300.000000 0.957200
5664 5666 300.000000 0.957200
5665 5666 300.000000 1.513901
5667 5668 300.000000 0.957200
5667 5669 300.000000 0.957200
5668 5669 300.000000 1.513901
5670 5671 300.000000 0.957200
5670 5672 300.000000 0.957200
5671 5672 300.000000 1.513901
5673 5674 300.000000 0.957200
5673 5675 300.000000 0.957200
5674 5675 300.000000 1.513901
5676 5677 300.000000 0.957200
5676 5678 300.000000 0.957200
5677 5678 300.000000 1.513901
5679 5680 300.000000 0.957200
5679 5681 300.000000 0.957200
5680 5681 300.000000 1.513901
5682 5683 300.000000 0.957200
5682 5684 300.000000 0.957200
5683 5684 300.000000 1.513901
5685 5686 300.000000 0.957200
5685 5687 300.000000 0.957200
5686 5687 300.000000 1.513901
5688 5689 300.000000 0.957200
5688 5690 300.000000 0.957200
5689 5690 300.000000 1.513901
5691 5692 300.000000 0.957200
5691 5693 300.000000 0.957200
5692 5693 300.000000 1.513901
5694 5695 300.000000 0.957200
5694 5696 300.000000 0.957200
5695 5696 300.000000 1.513901
5697 5698 300.000000 0.957200
5697 5699 300.000000 0.957200
5698 5699 300.000000 1.513901
5700 5701 300.000000 0.957200
5700 5702 300.000000 0.957200
5701 5702 300.000000 1.513901
5703 5704 300.000000 0.957200
5703 5705 300.000000 0.957200
5704 5705 300.000000 1.513901
5706 5707 300.000000 0.957200
5706 5708 300.000000 0.957200
5707 5708 300.000000 1.513901
5709 5710 300.000000 0.957200
5709 5711 300.000000 0.957200
5710 5711 300.000000 1.513901
5712 5713 300.000000 0.957200
5712 5714 300.000000 0.957200
5713 5714 300.000000 1.513901
5715 5716 300.000000 0.957200
5715 5717 300.000000 0.957200
5716 5717 300.000000 1.513901
5718 5719 300.000000 0.957200
5718 5720 300.000000 0.957200
5719 5720 300.000000 1.513901
5721 5722 300.000000 0.957200
5721 5723 300.000000 0.957200
5722 5723 300.000000 1.513901
5724 5725 300.000000 0.957200
5724 5726 300.000000 0.957200
5725 5726 300.000000 1.513901
5727 5728 300.000000 0.957200
5727 5729 300.000000 0.957200
5728 5729 300.000000 1.513901
5730 5731 300.000000 0.957200
5730 5732 300.000000 0.957200
5731 5732 300.000000 1.513901
5733 5734 300.000000 0.957200
5733 5735 300.000000 0.957200
5734 5735 300.000000 1.513901
5736 5737 300.000000 0.957200
5736 5738 300.000000 0.957200
5737 5738 300.000000 1.513901
5739 5740 300.000000 0.957200
5739 5741 300.000000 0.957200
5740 5741 300.000000 1.513901
5742 5743 300.000000 0.957200
5742 5744 300.000000 0.957200
5743 5744 300.000000 1.513901
5745 5746 300.000000 0.957200
5745 5747 300.000000 0.957200
5746 5747 300.000000 1.513901
5748 5749 300.000000 0.957200
5748 5750 300.000000 0.957200
5749 5750 300.000000 1.513901
5751 5752 300.000000 0.957200
5751 5753 300.000000 0.957200
5752 5753 300.000000 1.513901
5754 5755 300.000000 0.957200
5754 5756 300.000000 0.957200
5755 5756 300.000000 1.513901
5757 5758 300.000000 0.957200
5757 5759 300.000000 0.957200
5758 5759 300.000000 1.513901
5760 5761 300.000000 0.957200
5760 5762 300.000000 0.957200
5761 5762 300.000000 1.513901
5763 5764 300.000000 0.957200
5763 5765 300.000000 0.957200
5764 5765 300.000000 1.513901
5766 5767 300.000000 0.957200
5766 5768 300.000000 0.957200
5767 5768 300.000000 1.513901
5769 5770 300.000000 0.957200
5769 5771 300.000000 0.957200
5770 5771 300.000000 1.513901
5772 5773 300.000000 0.957200
5772 5774 300.000000 0.957200
5773 5774 300.000000 1.513901
5775 5776 300.000000 0.957200
5775 5777 300.000000 0.957200
5776 5777 300.000000 1.513901
5778 5779 300.000000 0.957200
5778 5780 300.000000 0.957200
5779 5780 300.000000 1.513901
5781 5782 300.000000 0.957200
5781 5783 300.000000 0.957200
5782 5783 300.000000 1.513901
5784 5785 300.000000 0.957200
5784 5786 300.000000 0.957200
5785 5786 300.000000 1.513901
5787 5788 300.000000 0.957200
5787 5789 300.000000 0.957200
5788 5789 300.000000 1.513901
5790 5791 300.000000 0.957200
5790 5792 300.000000 0.957200
5791 5792 300.000000 1.513901
5793 5794 300.000000 0.957200
5793 5795 300.000000 0.957200
5794 5795 300.000000 1.513901
5796 5797 300.000000 0.957200
5796 5798 300.000000 0.957200
5797 5798 300.000000 1.513901
5799 5800 300.000000 0.957200
5799 5801 300.000000 0.957200
5800 5801 300.000000 1.513901
5802 5803 300.000000 0.957200
5802 5804 300.000000 0.957200
5803 5804 300.000000 1.513901
5805 5806 300.000000 0.957200
5805 5807 300.000000 0.957200
5806 5807 300.000000 1.513901
5808 5809 300.000000 0.957200
5808 5810 300.000000 0.957200
5809 5810 300.000000 1.513901
5811 5812 300.000000 0.957200
5811 5813 300.000000 0.957200
5812 5813 300.000000 1.513901
5814 5815 300.000000 0.957200
5814 5816 300.000000 0.957200
5815 5816 300.000000 1.513901
5817 5818 300.000000 0.957200
5817 5819 300.000000 0.957200
5818 5819 300.000000 1.513901
5820 5821 300.000000 0.957200
5820 5822 300.000000 0.957200
5821 5822 300.000000 1.513901
5823 5824 300.000000 0.957200
5823 5825 300.000000 0.957200
5824 5825 300.000000 1.513901
5826 5827 300.000000 0.957200
5826 5828 300.000000 0.957200
5827 5828 300.000000 1.513901
5829 5830 300.000000 0.957200
5829 5831 300.000000 0.957200
5830 5831 300.000000 1.513901
5832 5833 300.000000 0.957200
5832 5834 300.000000 0.957200
5833 5834 300.000000 1.513901
5835 5836 300.000000 0.957200
5835 5837 300.000000 0.957200
5836 5837 300.000000 1.513901
5838 5839 300.000000 0.957200
5838 5840 300.000000 0.957200
5839 5840 300.000000 1.513901
5841 5842 300.000000 0.957200
5841 5843 300.000000 0.957200
5842 5843 300.000000 1.513901
5844 5845 300.000000 0.957200
5844 5846 300.000000 0.957200
5845 5846 300.000000 1.513901
5847 5848 300.000000 0.957200
5847 5849 300.000000 0.957200
5848 5849 300.000000 1.513901
5850 5851 300.000000 0.957200
5850 5852 300.000000 0.957200
5851 5852 300.000000 1.513901
5853 5854 300.000000 0.957200
5853 5855 300.000000 0.957200
5854 5855 300.000000 1.513901
5856 5857 300.000000 0.957200
5856 5858 300.000000 0.957200
5857 5858 300.000000 1.513901
5859 5860 300.000000 0.957200
5859 5861 300.000000 0.957200
5860 5861 300.000000 1.513901
5862 5863 300.000000 0.957200
5862 5864 300.000000 0.957200
5863 5864 300.000000 1.513901
5865 5866 300.000000 0.957200
5865 5867 300.000000 0.957200
5866 5867 300.000000 1.513901
5868 5869 300.000000 0.957200
5868 5870 300.000000 0.957200
5869 5870 300.000000 1.513901
5871 5872 300.000000 0.957200
5871 5873 300.000000 0.957200
5872 5873 300.000000 1.513901
5874 5875 300.000000 0.957200
5874 5876 300.000000 0.957200
5875 5876 300.000000 1.513901
5877 5878 300.000000 0.957200
5877 5879 300.000000 0.957200
5878 5879 300.000000 1.513901
5880 5881 300.000000 0.957200
5880 5882 300.000000 0.957200
5881 5882 300.000000 1.513901
5883 5884 300.000000 0.957200
5883 5885 300.000000 0.957200
5884 5885 300.000000 1.513901
5886 5887 300.000000 0.957200
5886 5888 300.000000 0.957200
5887 5888 300.000000 1.513901
5889 5890 300.000000 0.957200
5889 5891 300.000000 0.957200
5890 5891 300.000000 1.513901
5892 5893 300.000000 0.957200
5892 5894 300.000000 0.957200
5893 5894 300.000000 1.513901
5895 5896 300.000000 0.957200
5895 5897 300.000000 0.957200
5896 5897 300.000000 1.513901
5898 5899 300.000000 0.957200
5898 5900 300.000000 0.957200
5899 5900 300.000000 1.513901
5901 5902 300.000000 0.957200
5901 5903 300.000000 0.957200
5902 5903 300.000000 1.513901
5904 5905 300.000000 0.957200
5904 5906 300.000000 0.957200
5905 5906 300.000000 1.513901
5907 5908 300.000000 0.957200
5907 5909 300.000000 0.957200
5908 5909 300.000000 1.513901
5910 5911 300.000000 0.957200
5910 5912 300.000000 0.957200
5911 5912 300.000000 1.513901
5913 5914 300.000000 0.957200
5913 5915 300.000000 0.957200
5914 5915 300.000000 1.513901
5916 5917 300.000000 0.957200
5916 5918 300.000000 0.957200
5917 5918 300.000000 1.513901
5919 5920 300.000000 0.957200
5919 5921 300.000000 0.957200
5920 5921 300.000000 1.513901
5922 5923 300.000000 0.957200
5922 5924 300.000000 0.957200
5923 5924 300.000000 1.513901
5925 5926 300.000000 0.957200
5925 5927 300.000000 0.957200
5926 5927 300.000000 1.513901
5928 5929 300.000000 0.957200
5928 5930 300.000000 0.957200
5929 5930 300.000000 1.513901
5931 5932 300.000000 0.957200
5931 5933 300.000000 0.957200
5932 5933 300.000000 1.513901
5934 5935 300.000000 0.957200
5934 5936 300.000000 0.957200
5935 5936 300.000000 1.513901
5937 5938 300.000000 0.957200
5937 5939 300.000000 0.957200
5938 5939 300.000000 1.513901
5940 5941 300.000000 0.957200
5940 5942 300.000000 0.957200
5941 5942 300.000000 1.513901
5943 5944 300.000000 0.957200
5943 5945 300.000000 0.957200
5944 5945 300.000000 1.513901
5946 5947 300.000000 0.957200
5946 5948 300.000000 0.957200
5947 5948 300.000000 1.513901
5949 5950 300.000000 0.957200
5949 5951 300.000000 0.957200
5950 5951 300.000000 1.513901
5952 5953 300.000000 0.957200
5952 5954 300.000000 0.957200
5953 5954 300.000000 1.513901
5955 5956 300.000000 0.957200
5955 5957 300.000000 0.957200
5956 5957 300.000000 1.513901
5958 5959 300.000000 0.957200
5958 5960 300.000000 0.957200
5959 5960 300.000000 1.513901
5961 5962 300.000000 0.957200
5961 5963 300.000000 0.957200
5962 5963 300.000000 1.513901
5964 5965 300.000000 0.957200
5964 5966 300.000000 0.957200
5965 5966 300.000000 1.513901
5967 5968 300.000000 0.957200
5967 5969 300.000000 0.957200
5968 5969 300.000000 1.513901
5970 5971 300.000000 0.957200
5970 5972 300.000000 0.957200
5971 5972 300.000000 1.513901
5973 5974 300.000000 0.957200
5973 5975 300.000000 0.957200
5974 5975 300.000000 1.513901
5976 5977 300.000000 0.957200
5976 5978 300.000000 0.957200
5977 5978 300.000000 1.513901
5979 5980 300.000000 0.957200
5979 5981 300.000000 0.957200
5980 5981 300.000000 1.513901
5982 5983 300.000000 0.957200
5982 5984 300.000000 0.957200
5983 5984 300.000000 1.513901
5985 5986 300.000000 0.957200
5985 5987 300.000000 0.957200
5986 5987 300.000000 1.513901
5988 5989 300.000000 0.957200
5988 5990 300.000000 0.957200
5989 5990 300.000000 1.513901
5991 5992 300.000000 0.957200
5991 5993 300.000000 0.957200
5992 5993 300.000000 1.513901
5994 5995 300.000000 0.957200
5994 5996 300.000000 0.957200
5995 5996 300.000000 1.513901
5997 5998 300.000000 0.957200
5997 5999 300.000000 0.957200
5998 5999 300.000000 1.513901
6000 6001 300.000000 0.957200
6000 6002 300.000000 0.957200
6001 6002 300.000000 1.513901
6003 6004 300.000000 0.957200
6003 6005 300.000000 0.957200
6004 6005 300.000000 1.513901
6006 6007 300.000000 0.957200
6006 6008 300.000000 0.957200
6007 6008 300.000000 1.513901
6009 6010 300.000000 0.957200
6009 6011 300.000000 0.957200
6010 6011 300.000000 1.513901
6012 6013 300.000000 0.957200
6012 6014 300.000000 0.957200
6013 6014 300.000000 1.513901
6015 6016 300.000000 0.957200
6015 6017 300.000000 0.957200
6016 6017 300.000000 1.513901
6018 6019 300.000000 0.957200
6018 6020 300.000000 0.957200
6019 6020 300.000000 1.513901
6021 6022 300.000000 0.957200
6021 6023 300.000000 0.957200
6022 6023 300.000000 1.513901
6024 6025 300.000000 0.957200
6024 6026 300.000000 0.957200
6025 6026 300.000000 1.513901
6027 6028 300.000000 0.957200
6027 6029 300.000000 0.957200
6028 6029 300.000000 1.513901
6030 6031 300.000000 0.957200
6030 6032 300.000000 0.957200
6031 6032 300.000000 1.513901
6033 6034 300.000000 0.957200
6033 6035 300.000000 0.957200
6034 6035 300.000000 1.513901
6036 6037 300.000000 0.957200
6036 6038 300.000000 0.957200
6037 6038 300.000000 1.513901
6039 6040 300.000000 0.957200
6039 6041 300.000000 0.957200
6040 6041 300.000000 1.513901
6042 6043 300.000000 0.957200
6042 6044 300.000000 0.957200
6043 6044 300.000000 1.513901
6045 6046 300.000000 0.957200
6045 6047 300.000000 0.957200
6046 6047 300.000000 1.513901
6048 6049 300.000000 0.957200
6048 6050 300.000000 0.957200
6049 6050 300.000000 1.513901
6051 6052 300.000000 0.957200
6051 6053 300.000000 0.957200
6052 6053 300.000000 1.513901
6054 6055 300.000000 0.957200
6054 6056 300.000000 0.957200
6055 6056 300.000000 1.513901
6057 6058 300.000000 0.957200
6057 6059 300.000000 0.957200
6058 6059 300.000000 1.513901
6060 6061 300.000000 0.957200
6060 6062 300.000000 0.957200
6061 6062 300.000000 1.513901
6063 6064 300.000000 0.957200
6063 6065 300.000000 0.957200
6064 6065 300.000000 1.513901
6066 6067 300.000000 0.957200
6066 6068 300.000000 0.957200
6067 6068 300.000000 1.513901
6069 6070 300.000000 0.957200
6069 6071 300.000000 0.957200
6070 6071 300.000000 1.513901
6072 6073 300.000000 0.957200
6072 6074 300.000000 0.957200
6073 6074 300.000000 1.513901
6075 6076 300.000000 0.957200
6075 6077 300.000000 0.957200
6076 6077 300.000000 1.513901
6078 6079 300.000000 0.957200
6078 6080 300.000000 0.957200
6079 6080 300.000000 1.513901
6081 6082 300.000000 0.957200
6081 6083 300.000000 0.957200
6082 6083 300.000000 1.513901
6084 6085 300.000000 0.957200
6084 6086 300.000000 0.957200
6085 6086 300.000000 1.513901
6087 6088 300.000000 0.957200
6087 6089 300.000000 0.957200
6088 6089 300.000000 1.513901
6090 6091 300.000000 0.957200
6090 6092 300.000000 0.957200
6091 6092 300.000000 1.513901
6093 6094 300.000000 0.957200
6093 6095 300.000000 0.957200
6094 6095 300.000000 1.513901
6096 6097 300.000000 0.957200
6096 6098 300.000000 0.957200
6097 6098 300.000000 1.513901
6099 6100 300.000000 0.957200
6099 6101 300.000000 0.957200
6100 6101 300.000000 1.513901
6102 6103 300.000000 0.957200
6102 6104 300.000000 0.957200
6103 6104 300.000000 1.513901
6105 6106 300.000000 0.957200
6105 6107 300.000000 0.957200
6106 6107 300.000000 1.513901
6108 6109 300.000000 0.957200
6108 6110 300.000000 0.957200
6109 6110 300.000000 1.513901
6111 6112 300.000000 0.957200
6111 6113 300.000000 0.957200
6112 6113 300.000000 1.513901
6114 6115 300.000000 0.957200
6114 6116 300.000000 0.957200
6115 6116 300.000000 1.513901
6117 6118 300.000000 0.957200
6117 6119 300.000000 0.957200
6118 6119 300.000000 1.513901
6120 6121 300.000000 0.957200
6120 6122 300.000000 0.957200
6121 6122 300.000000 1.513901
6123 6124 300.000000 0.957200
6123 6125 300.000000 0.957200
6124 6125 300.000000 1.513901
6126 6127 300.000000 0.957200
6126 6128 300.000000 0.957200
6127 6128 300.000000 1.513901
6129 6130 300.000000 0.957200
6129 6131 300.000000 0.957200
6130 6131 300.000000 1.513901
6132 6133 300.000000 0.957200
6132 6134 300.000000 0.957200
6133 6134 300.000000 1.513901
6135 6136 300.000000 0.957200
6135 6137 300.000000 0.957200
6136 6137 300.000000 1.513901
6138 6139 300.000000 0.957200
6138 6140 300.000000 0.957200
6139 6140 300.000000 1.513901
6141 6142 300.000000 0.957200
6141 6143 300.000000 0.957200
6142 6143 300.000000 1.513901
6144 6145 300.000000 0.957200
6144 6146 300.000000 0.957200
6145 6146 300.000000 1.513901
6147 6148 300.000000 0.957200
6147 6149 300.000000 0.957200
6148 6149 300.000000 1.513901
6150 6151 300.000000 0.957200
6150 6152 300.000000 0.957200
6151 6152 300.000000 1.513901
6153 6154 300.000000 0.957200
6153 6155 300.000000 0.957200
6154 6155 300.000000 1.513901
6156 6157 300.000000 0.957200
6156 6158 300.000000 0.957200
6157 6158 300.000000 1.513901
6159 6160 300.000000 0.957200
6159 6161 300.000000 0.957200
6160 6161 300.000000 1.513901
6162 6163 300.000000 0.957200
6162 6164 300.000000 0.957200
6163 6164 300.000000 1.513901
6165 6166 300.000000 0.957200
6165 6167 300.000000 0.957200
6166 6167 300.000000 1.513901
6168 6169 300.000000 0.957200
6168 6170 300.000000 0.957200
6169 6170 300.000000 1.513901
6171 6172 300.000000 0.957200
6171 6173 300.000000 0.957200
6172 6173 300.000000 1.513901
6174 6175 300.000000 0.957200
6174 6176 300.000000 0.957200
6175 6176 300.000000 1.513901
6177 6178 300.000000 0.957200
6177 6179 300.000000 0.957200
6178 6179 300.000000 1.513901
6180 6181 300.000000 0.957200
6180 6182 300.000000 0.957200
6181 6182 300.000000 1.513901
6183 6184 300.000000 0.957200
6183 6185 300.000000 0.957200
6184 6185 300.000000 1.513901
6186 6187 300.000000 0.957200
6186 6188 300.000000 0.957200
6187 6188 300.000000 1.513901
6189 6190 300.000000 0.957200
6189 6191 300.000000 0.957200
6190 6191 300.000000 1.513901
6192 6193 300.000000 0.957200
6192 6194 300.000000 0.957200
6193 6194 300.000000 1.513901
6195 6196 300.000000 0.957200
6195 6197 300.000000 0.957200
6196 6197 300.000000 1.513901
6198 6199 300.000000 0.957200
6198 6200 300.000000 0.957200
6199 6200 300.000000 1.513901
6201 6202 300.000000 0.957200
6201 6203 300.000000 0.957200
6202 6203 300.000000 1.513901
6204 6205 300.000000 0.957200
6204 6206 300.000000 0.957200
6205 6206 300.000000 1.513901
6207 6208 300.000000 0.957200
6207 6209 300.000000 0.957200
6208 6209 300.000000 1.513901
6210 6211 300.000000 0.957200
6210 6212 300.000000 0.957200
6211 6212 300.000000 1.513901
6213 6214 300.000000 0.957200
6213 6215 300.000000 0.957200
6214 6215 300.000000 1.513901
6216 6217 300.000000 0.957200
6216 6218 300.000000 0.957200
6217 6218 300.000000 1.513901
6219 6220 300.000000 0.957200
6219 6221 300.000000 0.957200
6220 6221 300.000000 1.513901
6222 6223 300.000000 0.957200
6222 6224 300.000000 0.957200
6223 6224 300.000000 1.513901
6225 6226 300.000000 0.957200
6225 6227 300.000000 0.957200
6226 6227 300.000000 1.513901
6228 6229 300.000000 0.957200
6228 6230 300.000000 0.957200
6229 6230 300.000000 1.513901
6231 6232 300.000000 0.957200
6231 6233 300.000000 0.957200
6232 6233 300.000000 1.513901
6234 6235 300.000000 0.957200
6234 6236 300.000000 0.957200
6235 6236 300.000000 1.513901
6237 6238 300.000000 0.957200
6237 6239 300.000000 0.957200
6238 6239 300.000000 1.513901
6240 6241 300.000000 0.957200
6240 6242 300.000000 0.957200
6241 6242 300.000000 1.513901
6243 6244 300.000000 0.957200
6243 6245 300.000000 0.957200
6244 6245 300.000000 1.513901
6246 6247 300.000000 0.957200
6246 6248 300.000000 0.957200
6247 6248 300.000000 1.513901
6249 6250 300.000000 0.957200
6249 6251 300.000000 0.957200
6250 6251 300.000000 1.513901
6252 6253 300.000000 0.957200
6252 6254 300.000000 0.957200
6253 6254 300.000000 1.513901
6255 6256 300.000000 0.957200
6255 6257 300.000000 0.957200
6256 6257 300.000000 1.513901
6258 6259 300.000000 0.957200
6258 6260 300.000000 0.957200
6259 6260 300.000000 1.513901
6261 6262 300.000000 0.957200
6261 6263 300.000000 0.957200
6262 6263 300.000000 1.513901
6264 6265 300.000000 0.957200
6264 6266 300.000000 0.957200
6265 6266 300.000000 1.513901
6267 6268 300.000000 0.957200
6267 6269 300.000000 0.957200
6268 6269 300.000000 1.513901
6270 6271 300.000000 0.957200
6270 6272 300.000000 0.957200
6271 6272 300.000000 1.513901
6273 6274 300.000000 0.957200
6273 6275 300.000000 0.957200
6274 6275 300.000000 1.513901
6276 6277 300.000000 0.957200
6276 6278 300.000000 0.957200
6277 6278 300.000000 1.513901
6279 6280 300.000000 0.957200
6279 6281 300.000000 0.957200
6280 6281 300.000000 1.513901
6282 6283 300.000000 0.957200
6282 6284 300.000000 0.957200
6283 6284 300.000000 1.513901
6285 6286 300.000000 0.957200
6285 6287 300.000000 0.957200
6286 6287 300.000000 1.513901
6288 6289 300.000000 0.957200
6288 6290 300.000000 0.957200
6289 6290 300.000000 1.513901
6291 6292 300.000000 0.957200
6291 6293 300.000000 0.957200
6292 6293 300.000000 1.513901
6294 6295 300.000000 0.957200
6294 6296 300.000000 0.957200
6295 6296 300.000000 1.513901
6297 6298 300.000000 0.957200
6297 6299 300.000000 0.957200
6298 6299 300.000000 1.513901
6300 6301 300.000000 0.957200
6300 6302 300.000000 0.957200
6301 6302 300.000000 1.513901
6303 6304 300.000000 0.957200
6303 6305 300.000000 0.957200
6304 6305 300.000000 1.513901
6306 6307 300.000000 0.957200
6306 6308 300.000000 0.957200
6307 6308 300.000000 1.513901
6309 6310 300.000000 0.957200
6309 6311 300.000000 0.957200
6310 6311 300.000000 1.513901
6312 6313 300.000000 0.957200
6312 6314 300.000000 0.957200
6313 6314 300.000000 1.513901
6315 6316 300.000000 0.957200
6315 6317 300.000000 0.957200
6316 6317 300.000000 1.513901
6318 6319 300.000000 0.957200
6318 6320 300.000000 0.957200
6319 6320 300.000000 1.513901
6321 6322 300.000000 0.957200
6321 6323 300.000000 0.957200
6322 6323 300.000000 1.513901
6324 6325 300.000000 0.957200
6324 6326 300.000000 0.957200
6325 6326 300.000000 1.513901
6327 6328 300.000000 0.957200
6327 6329 300.000000 0.957200
6328 6329 300.000000 1.513901
6330 6331 300.000000 0.957200
6330 6332 300.000000 0.957200
6331 6332 300.000000 1.513901
6333 6334 300.000000 0.957200
6333 6335 300.000000 0.957200
6334 6335 300.000000 1.513901
6336 6337 300.000000 0.957200
6336 6338 300.000000 0.957200
6337 6338 300.000000 1.513901
6339 6340 300.000000 0.957200
6339 6341 300.000000 0.957200
6340 6341 300.000000 1.513901
6342 6343 300.000000 0.957200
6342 6344 300.000000 0.957200
6343 6344 300.000000 1.513901
6345 6346 300.000000 0.957200
6345 6347 300.000000 0.957200
6346 6347 300.000000 1.513901
6348 6349 300.000000 0.957200
6348 6350 300.000000 0.957200
6349 6350 300.000000 1.513901
6351 6352 300.000000 0.957200
6351 6353 300.000000 0.957200
6352 6353 300.000000 1.513901
6354 6355 300.000000 0.957200
6354 6356 300.000000 0.957200
6355 6356 300.000000 1.513901
6357 6358 300.000000 0.957200
6357 6359 300.000000 0.957200
6358 6359 300.000000 1.513901
6360 6361 300.000000 0.957200
6360 6362 300.000000 0.957200
6361 6362 300.000000 1.513901
6363 6364 300.000000 0.957200
6363 6365 300.000000 0.957200
6364 6365 300.000000 1.513901
6366 6367 300.000000 0.957200
6366 6368 300.000000 0.957200
6367 6368 300.000000 1.513901
6369 6370 300.000000 0.957200
6369 6371 300.000000 0.957200
6370 6371 300.000000 1.513901
6372 6373 300.000000 0.957200
6372 6374 300.000000 0.957200
6373 6374 300.000000 1.513901
6375 6376 300.000000 0.957200
6375 6377 300.000000 0.957200
6376 6377 300.000000 1.513901
6378 6379 300.000000 0.957200
6378 6380 300.000000 0.957200
6379 6380 300.000000 1.513901
6381 6382 300.000000 0.957200
6381 6383 300.000000 0.957200
6382 6383 300.000000 1.513901
6384 6385 300.000000 0.957200
6384 6386 300.000000 0.957200
6385 6386 300.000000 1.513901
6387 6388 300.000000 0.957200
6387 6389 300.000000 0.957200
6388 6389 300.000000 1.513901
6390 6391 300.000000 0.957200
6390 6392 300.000000 0.957200
6391 6392 300.000000 1.513901
6393 6394 300.000000 0.957200
6393 6395 300.000000 0.957200
6394 6395 300.000000 1.513901
6396 6397 300.000000 0.957200
6396 6398 300.000000 0.957200
6397 6398 300.000000 1.513901
6399 6400 300.000000 0.957200
6399 6401 300.000000 0.957200
6400 6401 300.000000 1.513901
6402 6403 300.000000 0.957200
6402 6404 300.000000 0.957200
6403 6404 300.000000 1.513901
6405 6406 300.000000 0.957200
6405 6407 300.000000 0.957200
6406 6407 300.000000 1.513901
6408 6409 300.000000 0.957200
6408 6410 300.000000 0.957200
6409 6410 300.000000 1.513901
6411 6412 300.000000 0.957200
6411 6413 300.000000 0.957200
6412 6413 300.000000 1.513901
6414 6415 300.000000 0.957200
6414 6416 300.000000 0.957200
6415 6416 300.000000 1.513901
6417 6418 300.000000 0.957200
6417 6419 300.000000 0.957200
6418 6419 300.000000 1.513901
6420 6421 300.000000 0.957200
6420 6422 300.000000 0.957200
6421 6422 300.000000 1.513901
6423 6424 300.000000 0.957200
6423 6425 300.000000 0.957200
6424 6425 300.000000 1.513901
6426 6427 300.000000 0.957200
6426 6428 300.000000 0.957200
6427 6428 300.000000 1.513901
6429 6430 300.000000 0.957200
6429 6431 300.000000 0.957200
6430 6431 300.000000 1.513901
6432 6433 300.000000 0.957200
6432 6434 300.000000 0.957200
6433 6434 300.000000 1.513901
6435 6436 300.000000 0.957200
6435 6437 300.000000 0.957200
6436 6437 300.000000 1.513901
6438 6439 300.000000 0.957200
6438 6440 300.000000 0.957200
6439 6440 300.000000 1.513901
6441 6442 300.000000 0.957200
6441 6443 300.000000 0.957200
6442 6443 300.000000 1.513901
6444 6445 300.000000 0.957200
6444 6446 300.000000 0.957200
6445 6446 300.000000 1.513901
6447 6448 300.000000 0.957200
6447 6449 300.000000 0.957200
6448 6449 300.000000 1.513901
6450 6451 300.000000 0.957200
6450 6452 300.000000 0.957200
6451 6452 300.000000 1.513901
6453 6454 300.000000 0.957200
6453 6455 300.000000 0.957200
6454 6455 300.000000 1.513901
6456 6457 300.000000 0.957200
6456 6458 300.000000 0.957200
6457 6458 300.000000 1.513901
6459 6460 300.000000 0.957200
6459 6461 300.000000 0.957200
6460 6461 300.000000 1.513901
6462 6463 300.000000 0.957200
6462 6464 300.000000 0.957200
6463 6464 300.000000 1.513901
6465 6466 300.000000 0.957200
6465 6467 300.000000 0.957200
6466 6467 300.000000 1.513901
6468 6469 300.000000 0.957200
6468 6470 300.000000 0.957200
6469 6470 300.000000 1.513901
6471 6472 300.000000 0.957200
6471 6473 300.000000 0.957200
6472 6473 300.000000 1.513901
6474 6475 300.000000 0.957200
6474 6476 300.000000 0.957200
6475 6476 300.000000 1.513901
6477 6478 300.000000 0.957200
6477 6479 300.000000 0.957200
6478 6479 300.000000 1.513901
6480 6481 300.000000 0.957200
6480 6482 300.000000 0.957200
6481 6482 300.000000 1.513901
6483 6484 300.000000 0.957200
6483 6485 300.000000 0.957200
6484 6485 300.000000 1.513901
6486 6487 300.000000 0.957200
6486 6488 300.000000 0.957200
6487 6488 300.000000 1.513901
6489 6490 300.000000 0.957200
6489 6491 300.000000 0.957200
6490 6491 300.000000 1.513901
6492 6493 300.000000 0.957200
6492 6494 300.000000 0.957200
6493 6494 300.000000 1.513901
6495 6496 300.000000 0.957200
6495 6497 300.000000 0.957200
6496 6497 300.000000 1.513901
6498 6499 300.000000 0.957200
6498 6500 300.000000 0.957200
6499 6500 300.000000 1.513901
6501 6502 300.000000 0.957200
6501 6503 300.000000 0.957200
6502 6503 300.000000 1.513901
6504 6505 300.000000 0.957200
6504 6506 300.000000 0.957200
6505 6506 300.000000 1.513901
6507 6508 300.000000 0.957200
6507 6509 300.000000 0.957200
6508 6509 300.000000 1.513901
6510 6511 300.000000 0.957200
6510 6512 300.000000 0.957200
6511 6512 300.000000 1.513901
6513 6514 300.000000 0.957200
6513 6515 300.000000 0.957200
6514 6515 300.000000 1.513901
6516 6517 300.000000 0.957200
6516 6518 300.000000 0.957200
6517 6518 300.000000 1.513901
6519 6520 300.000000 0.957200
6519 6521 300.000000 0.957200
6520 6521 300.000000 1.513901
6522 6523 300.000000 0.957200
6522 6524 300.000000 0.957200
6523 6524 300.000000 1.513901
6525 6526 300.000000 0.957200
6525 6527 300.000000 0.957200
6526 6527 300.000000 1.513901
6528 6529 300.000000 0.957200
6528 6530 300.000000 0.957200
6529 6530 300.000000 1.513901
6531 6532 300.000000 0.957200
6531 6533 300.000000 0.957200
6532 6533 300.000000 1.513901
6534 6535 300.000000 0.957200
6534 6536 300.000000 0.957200
6535 6536 300.000000 1.513901
6537 6538 300.000000 0.957200
6537 6539 300.000000 0.957200
6538 6539 300.000000 1.513901
6540 6541 300.000000 0.957200
6540 6542 300.000000 0.957200
6541 6542 300.000000 1.513901
6543 6544 300.000000 0.957200
6543 6545 300.000000 0.957200
6544 6545 300.000000 1.513901
6546 6547 300.000000 0.957200
6546 6548 300.000000 0.957200
6547 6548 300.000000 1.513901
6549 6550 300.000000 0.957200
6549 6551 300.000000 0.957200
6550 6551 300.000000 1.513901
6552 6553 300.000000 0.957200
6552 6554 300.000000 0.957200
6553 6554 300.000000 1.513901
6555 6556 300.000000 0.957200
6555 6557 300.000000 0.957200
6556 6557 300.000000 1.513901
6558 6559 300.000000 0.957200
6558 6560 300.000000 0.957200
6559 6560 300.000000 1.513901
6561 6562 300.000000 0.957200
6561 6563 300.000000 0.957200
6562 6563 300.000000 1.513901
6564 6565 300.000000 0.957200
6564 6566 300.000000 0.957200
6565 6566 300.000000 1.513901
6567 6568 300.000000 0.957200
6567 6569 300.000000 0.957200
6568 6569 300.000000 1.513901
6570 6571 300.000000 0.957200
6570 6572 300.000000 0.957200
6571 6572 300.000000 1.513901
6573 6574 300.000000 0.957200
6573 6575 300.000000 0.957200
6574 6575 300.000000 1.513901
6576 6577 300.000000 0.957200
6576 6578 300.000000 0.957200
6577 6578 300.000000 1.513901
6579 6580 300.000000 0.957200
6579 6581 300.000000 0.957200
6580 6581 300.000000 1.513901
6582 6583 300.000000 0.957200
6582 6584 300.000000 0.957200
6583 6584 300.000000 1.513901
6585 6586 300.000000 0.957200
6585 6587 300.000000 0.957200
6586 6587 300.000000 1.513901
6588 6589 300.000000 0.957200
6588 6590 300.000000 0.957200
6589 6590 300.000000 1.513901
6591 6592 300.000000 0.957200
6591 6593 300.000000 0.957200
6592 6593 300.000000 1.513901
6594 6595 300.000000 0.957200
6594 6596 300.000000 0.957200
6595 6596 300.000000 1.513901
6597 6598 300.000000 0.957200
6597 6599 300.000000 0.957200
6598 6599 300.000000 1.513901
6600 6601 300.000000 0.957200
6600 6602 300.000000 0.957200
6601 6602 300.000000 1.513901
6603 6604 300.000000 0.957200
6603 6605 300.000000 0.957200
6604 6605 300.000000 1.513901
6606 6607 300.000000 0.957200
6606 6608 300.000000 0.957200
6607 6608 300.000000 1.513901
6609 6610 300.000000 0.957200
6609 6611 300.000000 0.957200
6610 6611 300.000000 1.513901
6612 6613 300.000000 0.957200
6612 6614 300.000000 0.957200
6613 6614 300.000000 1.513901
6615 6616 300.000000 0.957200
6615 6617 300.000000 0.957200
6616 6617 300.000000 1.513901
6618 6619 300.000000 0.957200
6618 6620 300.000000 0.957200
6619 6620 300.000000 1.513901
6621 6622 300.000000 0.957200
6621 6623 300.000000 0.957200
6622 6623 300.000000 1.513901
6624 6625 300.000000 0.957200
6624 6626 300.000000 0.957200
6625 6626 300.000000 1.513901
6627 6628 300.000000 0.957200
6627 6629 300.000000 0.957200
6628 6629 300.000000 1.513901
6630 6631 300.000000 0.957200
6630 6632 300.000000 0.957200
6631 6632 300.000000 1.513901
6633 6634 300.000000 0.957200
6633 6635 300.000000 0.957200
6634 6635 300.000000 1.513901
6636 6637 300.000000 0.957200
6636 6638 300.000000 0.957200
6637 6638 300.000000 1.513901
6639 6640 300.000000 0.957200
6639 6641 300.000000 0.957200
6640 6641 300.000000 1.513901
6642 6643 300.000000 0.957200
6642 6644 300.000000 0.957200
6643 6644 300.000000 1.513901
6645 6646 300.000000 0.957200
6645 6647 300.000000 0.957200
6646 6647 300.000000 1.513901
6648 6649 300.000000 0.957200
6648 6650 300.000000 0.957200
6649 6650 300.000000 1.513901
6651 6652 300.000000 0.957200
6651 6653 300.000000 0.957200
6652 6653 300.000000 1.513901
6654 6655 300.000000 0.957200
6654 6656 300.000000 0.957200
6655 6656 300.000000 1.513901
6657 6658 300.000000 0.957200
6657 6659 300.000000 0.957200
6658 6659 300.000000 1.513901
6660 6661 300.000000 0.957200
6660 6662 300.000000 0.957200
6661 6662 300.000000 1.513901
6663 6664 300.000000 0.957200
6663 6665 300.000000 0.957200
6664 6665 300.000000 1.513901
6666 6667 300.000000 0.957200
6666 6668 300.000000 0.957200
6667 6668 300.000000 1.513901
6669 6670 300.000000 0.957200
6669 6671 300.000000 0.957200
6670 6671 300.000000 1.513901
6672 6673 300.000000 0.957200
6672 6674 300.000000 0.957200
6673 6674 300.000000 1.513901
6675 6676 300.000000 0.957200
6675 6677 300.000000 0.957200
6676 6677 300.000000 1.513901
6678 6679 300.000000 0.957200
6678 6680 300.000000 0.957200
6679 6680 300.000000 1.513901
6681 6682 300.000000 0.957200
6681 6683 300.000000 0.957200
6682 6683 300.000000 1.513901
6684 6685 300.000000 0.957200
6684 6686 300.000000 0.957200
6685 6686 300.000000 1.513901
6687 6688 300.000000 0.957200
6687 6689 300.000000 0.957200
6688 6689 300.000000 1.513901
6690 6691 300.000000 0.957200
6690 6692 300.000000 0.957200
6691 6692 300.000000 1.513901
6693 6694 300.000000 0.957200
6693 6695 300.000000 0.957200
6694 6695 300.000000 1.513901
6696 6697 300.000000 0.957200
6696 6698 300.000000 0.957200
6697 6698 300.000000 1.513901
6699 6700 300.000000 0.957200
6699 6701 300.000000 0.957200
6700 6701 300.000000 1.513901
6702 6703 300.000000 0.957200
6702 6704 300.000000 0.957200
6703 6704 300.000000 1.513901
6705 6706 300.000000 0.957200
6705 6707 300.000000 0.957200
6706 6707 300.000000 1.513901
6708 6709 300.000000 0.957200
6708 6710 300.000000 0.957200
6709 6710 300.000000 1.513901
6711 6712 300.000000 0.957200
6711 6713 300.000000 0.957200
6712 6713 300.000000 1.513901
6714 6715 300.000000 0.957200
6714 6716 300.000000 0.957200
6715 6716 300.000000 1.513901
6717 6718 300.000000 0.957200
6717 6719 300.000000 0.957200
6718 6719 300.000000 1.513901
6720 6721 300.000000 0.957200
6720 6722 300.000000 0.957200
6721 6722 300.000000 1.513901
6723 6724 300.000000 0.957200
6723 6725 300.000000 0.957200
6724 6725 300.000000 1.513901
6726 6727 300.000000 0.957200
6726 6728 300.000000 0.957200
6727 6728 300.000000 1.513901
6729 6730 300.000000 0.957200
6729 6731 300.000000 0.957200
6730 6731 300.000000 1.513901
6732 6733 300.000000 0.957200
6732 6734 300.000000 0.957200
6733 6734 300.000000 1.513901
6735 6736 300.000000 0.957200
6735 6737 300.000000 0.957200
6736 6737 300.000000 1.513901
6738 6739 300.000000 0.957200
6738 6740 300.000000 0.957200
6739 6740 300.000000 1.513901
6741 6742 300.000000 0.957200
6741 6743 300.000000 0.957200
6742 6743 300.000000 1.513901
6744 6745 300.000000 0.957200
6744 6746 300.000000 0.957200
6745 6746 300.000000 1.513901
6747 6748 300.000000 0.957200
6747 6749 300.000000 0.957200
6748 6749 300.000000 1.513901
6750 6751 300.000000 0.957200
6750 6752 300.000000 0.957200
6751 6752 300.000000 1.513901
6753 6754 300.000000 0.957200
6753 6755 300.000000 0.957200
6754 6755 300.000000 1.513901
6756 6757 300.000000 0.957200
6756 6758 300.000000 0.957200
6757 6758 300.000000 1.513901
6759 6760 300.000000 0.957200
6759 6761 300.000000 0.957200
6760 6761 300.000000 1.513901
6762 6763 300.000000 0.957200
6762 6764 300.000000 0.957200
6763 6764 300.000000 1.513901
6765 6766 300.000000 0.957200
6765 6767 300.000000 0.957200
6766 6767 300.000000 1.513901
6768 6769 300.000000 0.957200
6768 6770 300.000000 0.957200
6769 6770 300.000000 1.513901
6771 6772 300.000000 0.957200
6771 6773 300.000000 0.957200
6772 6773 300.000000 1.513901
6774 6775 300.000000 0.957200
6774 6776 300.000000 0.957200
6775 6776 300.000000 1.513901
6777 6778 300.000000 0.957200
6777 6779 300.000000 0.957200
6778 6779 300.000000 1.513901
6780 6781 300.000000 0.957200
6780 6782 300.000000 0.957200
6781 6782 300.000000 1.513901
6783 6784 300.000000 0.957200
6783 6785 300.000000 0.957200
6784 6785 300.000000 1.513901
6786 6787 300.000000 0.957200
6786 6788 300.000000 0.957200
6787 6788 300.000000 1.513901
6789 6790 300.000000 0.957200
6789 6791 300.000000 0.957200
6790 6791 300.000000 1.513901
6792 6793 300.000000 0.957200
6792 6794 300.000000 0.957200
6793 6794 300.000000 1.513901
6795 6796 300.000000 0.957200
6795 6797 300.000000 0.957200
6796 6797 300.000000 1.513901
6798 6799 300.000000 0.957200
6798 6800 300.000000 0.957200
6799 6800 300.000000 1.513901
6801 6802 300.000000 0.957200
6801 6803 300.000000 0.957200
6802 6803 300.000000 1.513901
6804 6805 300.000000 0.957200
6804 6806 300.000000 0.957200
6805 6806 300.000000 1.513901
6807 6808 300.000000 0.957200
6807 6809 300.000000 0.957200
6808 6809 300.000000 1.513901
6810 6811 300.000000 0.957200
6810 6812 300.000000 0.957200
6811 6812 300.000000 1.513901
6813 6814 300.000000 0.957200
6813 6815 300.000000 0.957200
6814 6815 300.000000 1.513901
6816 6817 300.000000 0.957200
6816 6818 300.000000 0.957200
6817 6818 300.000000 1.513901
6819 6820 300.000000 0.957200
6819 6821 300.000000 0.957200
6820 6821 300.000000 1.513901
6822 6823 300.000000 0.957200
6822 6824 300.000000 0.957200
6823 6824 300.000000 1.513901
6825 6826 300.000000 0.957200
6825 6827 300.000000 0.957200
6826 6827 300.000000 1.513901
6828 6829 300.000000 0.957200
6828 6830 300.000000 0.957200
6829 6830 300.000000 1.513901
6831 6832 300.000000 0.957200
6831 6833 300.000000 0.957200
6832 6833 300.000000 1.513901
6834 6835 300.000000 0.957200
6834 6836 300.000000 0.957200
6835 6836 300.000000 1.513901
6837 6838 300.000000 0.957200
6837 6839 300.000000 0.957200
6838 6839 300.000000 1.513901
6840 6841 300.000000 0.957200
6840 6842 300.000000 0.957200
6841 6842 300.000000 1.513901
6843 6844 300.000000 0.957200
6843 6845 300.000000 0.957200
6844 6845 300.000000 1.513901
6846 6847 300.000000 0.957200
6846 6848 300.000000 0.957200
6847 6848 300.000000 1.513901
6849 6850 300.000000 0.957200
6849 6851 300.000000 0.957200
6850 6851 300.000000 1.513901
6852 6853 300.000000 0.957200
6852 6854 300.000000 0.957200
6853 6854 300.000000 1.513901
6855 6856 300.000000 0.957200
6855 6857 300.000000 0.957200
6856 6857 300.000000 1.513901
6858 6859 300.000000 0.957200
6858 6860 300.000000 0.957200
6859 6860 300.000000 1.513901
6861 6862 300.000000 0.957200
6861 6863 300.000000 0.957200
6862 6863 300.000000 1.513901
6864 6865 300.000000 0.957200
6864 6866 300.000000 0.957200
6865 6866 300.000000 1.513901
6867 6868 300.000000 0.957200
6867 6869 300.000000 0.957200
6868 6869 300.000000 1.513901
6870 6871 300.000000 0.957200
6870 6872 300.000000 0.957200
6871 6872 300.000000 1.513901
6873 6874 300.000000 0.957200
6873 6875 300.000000 0.957200
6874 6875 300.000000 1.513901
6876 6877 300.000000 0.957200
6876 6878 300.000000 0.957200
6877 6878 300.000000 1.513901
6879 6880 300.000000 0.957200
6879 6881 300.000000 0.957200
6880 6881 300.000000 1.513901
6882 6883 300.000000 0.957200
6882 6884 300.000000 0.957200
6883 6884 300.000000 1.513901
6885 6886 300.000000 0.957200
6885 6887 300.000000 0.957200
6886 6887 300.000000 1.513901
6888 6889 300.000000 0.957200
6888 6890 300.000000 0.957200
6889 6890 300.000000 1.513901
6891 6892 300.000000 0.957200
6891 6893 300.000000 0.957200
6892 6893 300.000000 1.513901
6894 6895 300.000000 0.957200
6894 6896 300.000000 0.957200
6895 6896 300.000000 1.513901
6897 6898 300.000000 0.957200
6897 6899 300.000000 0.957200
6898 6899 300.000000 1.513901
6900 6901 300.000000 0.957200
6900 6902 300.000000 0.957200
6901 6902 300.000000 1.513901
6903 6904 300.000000 0.957200
6903 6905 300.000000 0.957200
6904 6905 300.000000 1.513901
6906 6907 300.000000 0.957200
6906 6908 300.000000 0.957200
6907 6908 300.000000 1.513901
6909 6910 300.000000 0.957200
6909 6911 300.000000 0.957200
6910 6911 300.000000 1.513901
6912 6913 300.000000 0.957200
6912 6914 300.000000 0.957200
6913 6914 300.000000 1.513901
6915 6916 300.000000 0.957200
6915 6917 300.000000 0.957200
6916 6917 300.000000 1.513901
6918 6919 300.000000 0.957200
6918 6920 300.000000 0.957200
6919 6920 300.000000 1.513901
6921 6922 300.000000 0.957200
6921 6923 300.000000 0.957200
6922 6923 300.000000 1.513901
6924 6925 300.000000 0.957200
6924 6926 300.000000 0.957200
6925 6926 300.000000 1.513901
6927 6928 300.000000 0.957200
6927 6929 300.000000 0.957200
6928 6929 300.000000 1.513901
6930 6931 300.000000 0.957200
6930 6932 300.000000 0.957200
6931 6932 300.000000 1.513901
6933 6934 300.000000 0.957200
6933 6935 300.000000 0.957200
6934 6935 300.000000 1.513901
6936 6937 300.000000 0.957200
6936 6938 300.000000 0.957200
6937 6938 300.000000 1.513901
6939 6940 300.000000 0.957200
6939 6941 300.000000 0.957200
6940 6941 300.000000 1.513901
6942 6943 300.000000 0.957200
6942 6944 300.000000 0.957200
6943 6944 300.000000 1.513901
6945 6946 300.000000 0.957200
6945 6947 300.000000 0.957200
6946 6947 300.000000 1.513901
6948 6949 300.000000 0.957200
6948 6950 300.000000 0.957200
6949 6950 300.000000 1.513901
6951 6952 300.000000 0.957200
6951 6953 300.000000 0.957200
6952 6953 300.000000 1.513901
6954 6955 300.000000 0.957200
6954 6956 300.000000 0.957200
6955 6956 300.000000 1.513901
6957 6958 300.000000 0.957200
6957 6959 300.000000 0.957200
6958 6959 300.000000 1.513901
6960 6961 300.000000 0.957200
6960 6962 300.000000 0.957200
6961 6962 300.000000 1.513901
6963 6964 300.000000 0.957200
6963 6965 300.000000 0.957200
6964 6965 300.000000 1.513901
6966 6967 300.000000 0.957200
6966 6968 300.000000 0.957200
6967 6968 300.000000 1.513901
6969 6970 300.000000 0.957200
6969 6971 300.000000 0.957200
6970 6971 300.000000 1.513901
6972 6973 300.000000 0.957200
6972 6974 300.000000 0.957200
6973 6974 300.000000 1.513901
6975 6976 300.000000 0.957200
6975 6977 300.000000 0.957200
6976 6977 300.000000 1.513901
6978 6979 300.000000 0.957200
6978 6980 300.000000 0.957200
6979 6980 300.000000 1.513901
6981 6982 300.000000 0.957200
6981 6983 300.000000 0.957200
6982 6983 300.000000 1.513901
6984 6985 300.000000 0.957200
6984 6986 300.000000 0.957200
6985 6986 300.000000 1.513901
6987 6988 300.000000 0.957200
6987 6989 300.000000 0.957200
6988 6989 300.000000 1.513901
6990 6991 300.000000 0.957200
6990 6992 300.000000 0.957200
6991 6992 300.000000 1.513901
6993 6994 300.000000 0.957200
6993 6995 300.000000 0.957200
6994 6995 300.000000 1.513901
6996 6997 300.000000 0.957200
6996 6998 300.000000 0.957200
6997 6998 300.000000 1.513901
6999 7000 300.000000 0.957200
6999 7001 300.000000 0.957200
7000 7001 300.000000 1.513901
7002 7003 300.000000 0.957200
7002 7004 300.000000 0.957200
7003 7004 300.000000 1.513901
7005 7006 300.000000 0.957200
7005 7007 300.000000 0.957200
7006 7007 300.000000 1.513901
7008 7009 300.000000 0.957200
7008 7010 300.000000 0.957200
7009 7010 300.000000 1.513901
7011 7012 300.000000 0.957200
7011 7013 300.000000 0.957200
7012 7013 300.000000 1.513901
7014 7015 300.000000 0.957200
7014 7016 300.000000 0.957200
7015 7016 300.000000 1.513901
7017 7018 300.000000 0.957200
7017 7019 300.000000 0.957200
7018 7019 300.000000 1.513901
7020 7021 300.000000 0.957200
7020 7022 300.000000 0.957200
7021 7022 300.000000 1.513901
7023 7024 300.000000 0.957200
7023 7025 300.000000 0.957200
7024 7025 300.000000 1.513901
7026 7027 300.000000 0.957200
7026 7028 300.000000 0.957200
7027 7028 300.000000 1.513901
7029 7030 300.000000 0.957200
7029 7031 300.000000 0.957200
7030 7031 300.000000 1.513901
7032 7033 300.000000 0.957200
7032 7034 300.000000 0.957200
7033 7034 300.000000 1.513901
7035 7036 300.000000 0.957200
7035 7037 300.000000 0.957200
7036 7037 300.000000 1.513901
7038 7039 300.000000 0.957200
7038 7040 300.000000 0.957200
7039 7040 300.000000 1.513901
7041 7042 300.000000 0.957200
7041 7043 300.000000 0.957200
7042 7043 300.000000 1.513901
7044 7045 300.000000 0.957200
7044 7046 300.000000 0.957200
7045 7046 300.000000 1.513901
7047 7048 300.000000 0.957200
7047 7049 300.000000 0.957200
7048 7049 300.000000 1.513901
7050 7051 300.000000 0.957200
7050 7052 300.000000 0.957200
7051 7052 300.000000 1.513901
7053 7054 300.000000 0.957200
7053 7055 300.000000 0.957200
7054 7055 300.000000 1.513901
7056 7057 300.000000 0.957200
7056 7058 300.000000 0.957200
7057 7058 300.000000 1.513901
7059 7060 300.000000 0.957200
7059 7061 300.000000 0.957200
7060 7061 300.000000 1.513901
7062 7063 300.000000 0.957200
7062 7064 300.000000 0.957200
7063 7064 300.000000 1.513901
7065 7066 300.000000 0.957200
7065 7067 300.000000 0.957200
7066 7067 300.000000 1.513901
7068 7069 300.000000 0.957200
7068 7070 300.000000 0.957200
7069 7070 300.000000 1.513901
7071 7072 300.000000 0.957200
7071 7073 300.000000 0.957200
7072 7073 300.000000 1.513901
7074 7075 300.000000 0.957200
7074 7076 300.000000 0.957200
7075 7076 300.000000 1.513901
7077 7078 300.000000 0.957200
7077 7079 300.000000 0.957200
7078 7079 300.000000 1.513901
7080 7081 300.000000 0.957200
7080 7082 300.000000 0.957200
7081 7082 300.000000 1.513901
7083 7084 300.000000 0.957200
7083 7085 300.000000 0.957200
7084 7085 300.000000 1.513901
7086 7087 300.000000 0.957200
7086 7088 300.000000 0.957200
7087 7088 300.000000 1.513901
7089 7090 300.000000 0.957200
7089 7091 300.000000 0.957200
7090 7091 300.000000 1.513901
7092 7093 300.000000 0.957200
7092 7094 300.000000 0.957200
7093 7094 300.000000 1.513901
7095 7096 300.000000 0.957200
7095 7097 300.000000 0.957200
7096 7097 300.000000 1.513901
7098 7099 300.000000 0.957200
7098 7100 300.000000 0.957200
7099 7100 300.000000 1.513901
7101 7102 300.000000 0.957200
7101 7103 300.000000 0.957200
7102 7103 300.000000 1.513901
7104 7105 300.000000 0.957200
7104 7106 300.000000 0.957200
7105 7106 300.000000 1.513901
7107 7108 300.000000 0.957200
7107 7109 300.000000 0.957200
7108 7109 300.000000 1.513901
7110 7111 300.000000 0.957200
7110 7112 300.000000 0.957200
7111 7112 300.000000 1.513901
7113 7114 300.000000 0.957200
7113 7115 300.000000 0.957200
7114 7115 300.000000 1.513901
7116 7117 300.000000 0.957200
7116 7118 300.000000 0.957200
7117 7118 300.000000 1.513901
7119 7120 300.000000 0.957200
7119 7121 300.000000 0.957200
7120 7121 300.000000 1.513901
7122 7123 300.000000 0.957200
7122 7124 300.000000 0.957200
7123 7124 300.000000 1.513901
7125 7126 300.000000 0.957200
7125 7127 300.000000 0.957200
7126 7127 300.000000 1.513901
7128 7129 300.000000 0.957200
7128 7130 300.000000 0.957200
7129 7130 300.000000 1.513901
7131 7132 300.000000 0.957200
7131 7133 300.000000 0.957200
7132 7133 300.000000 1.513901
7134 7135 300.000000 0.957200
7134 7136 300.000000 0.957200
7135 7136 300.000000 1.513901
7137 7138 300.000000 0.957200
7137 7139 300.000000 0.957200
7138 7139 300.000000 1.513901
7140 7141 300.000000 0.957200
7140 7142 300.000000 0.957200
7141 7142 300.000000 1.513901
7143 7144 300.000000 0.957200
7143 7145 300.000000 0.957200
7144 7145 300.000000 1.513901
7146 7147 300.000000 0.957200
7146 7148 300.000000 0.957200
7147 7148 300.000000 1.513901
7149 7150 300.000000 0.957200
7149 7151 300.000000 0.957200
7150 7151 300.000000 1.513901
7152 7153 300.000000 0.957200
7152 7154 300.000000 0.957200
7153 7154 300.000000 1.513901
7155 7156 300.000000 0.957200
7155 7157 300.000000 0.957200
7156 7157 300.000000 1.513901
7158 7159 300.000000 0.957200
7158 7160 300.000000 0.957200
7159 7160 300.000000 1.513901
7161 7162 300.000000 0.957200
7161 7163 300.000000 0.957200
7162 7163 300.000000 1.513901
7164 7165 300.000000 0.957200
7164 7166 300.000000 0.957200
7165 7166 300.000000 1.513901
7167 7168 300.000000 0.957200
7167 7169 300.000000 0.957200
7168 7169 300.000000 1.513901
7170 7171 300.000000 0.957200
7170 7172 300.000000 0.957200
7171 7172 300.000000 1.513901
7173 7174 300.000000 0.957200
7173 7175 300.000000 0.957200
7174 7175 300.000000 1.513901
7176 7177 300.000000 0.957200
7176 7178 300.000000 0.957200
7177 7178 300.000000 1.513901
7179 7180 300.000000 0.957200
7179 7181 300.000000 0.957200
7180 7181 300.000000 1.513901
7182 7183 300.000000 0.957200
7182 7184 300.000000 0.957200
7183 7184 300.000000 1.513901
7185 7186 300.000000 0.957200
7185 7187 300.000000 0.957200
7186 7187 300.000000 1.513901
7188 7189 300.000000 0.957200
7188 7190 300.000000 0.957200
7189 7190 300.000000 1.513901
7191 7192 300.000000 0.957200
7191 7193 300.000000 0.957200
7192 7193 300.000000 1.513901
7194 7195 300.000000 0.957200
7194 7196 300.000000 0.957200
7195 7196 300.000000 1.513901
7197 7198 300.000000 0.957200
7197 7199 300.000000 0.957200
7198 7199 300.000000 1.513901
7200 7201 300.000000 0.957200
7200 7202 300.000000 0.957200
7201 7202 300.000000 1.513901
7203 7204 300.000000 0.957200
7203 7205 300.000000 0.957200
7204 7205 300.000000 1.513901
7206 7207 300.000000 0.957200
7206 7208 300.000000 0.957200
7207 7208 300.000000 1.513901
7209 7210 300.000000 0.957200
7209 7211 300.000000 0.957200
7210 7211 300.000000 1.513901
7212 7213 300.000000 0.957200
7212 7214 300.000000 0.957200
7213 7214 300.000000 1.513901
7215 7216 300.000000 0.957200
7215 7217 300.000000 0.957200
7216 7217 300.000000 1.513901
7218 7219 300.000000 0.957200
7218 7220 300.000000 0.957200
7219 7220 300.000000 1.513901
7221 7222 300.000000 0.957200
7221 7223 300.000000 0.957200
7222 7223 300.000000 1.513901
7224 7225 300.000000 0.957200
7224 7226 300.000000 0.957200
7225 7226 300.000000 1.513901
7227 7228 300.000000 0.957200
7227 7229 300.000000 0.957200
7228 7229 300.000000 1.513901
7230 7231 300.000000 0.957200
7230 7232 300.000000 0.957200
7231 7232 300.000000 1.513901
7233 7234 300.000000 0.957200
7233 7235 300.000000 0.957200
7234 7235 300.000000 1.513901
7236 7237 300.000000 0.957200
7236 7238 300.000000 0.957200
7237 7238 300.000000 1.513901
7239 7240 300.000000 0.957200
7239 7241 300.000000 0.957200
7240 7241 300.000000 1.513901
7242 7243 300.000000 0.957200
7242 7244 300.000000 0.957200
7243 7244 300.000000 1.513901
7245 7246 300.000000 0.957200
7245 7247 300.000000 0.957200
7246 7247 300.000000 1.513901
7248 7249 300.000000 0.957200
7248 7250 300.000000 0.957200
7249 7250 300.000000 1.513901
7251 7252 300.000000 0.957200
7251 7253 300.000000 0.957200
7252 7253 300.000000 1.513901
7254 7255 300.000000 0.957200
7254 7256 300.000000 0.957200
7255 7256 300.000000 1.513901
7257 7258 300.000000 0.957200
7257 7259 300.000000 0.957200
7258 7259 300.000000 1.513901
7260 7261 300.000000 0.957200
7260 7262 300.000000 0.957200
7261 7262 300.000000 1.513901
7263 7264 300.000000 0.957200
7263 7265 300.000000 0.957200
7264 7265 300.000000 1.513901
7266 7267 300.000000 0.957200
7266 7268 300.000000 0.957200
7267 7268 300.000000 1.513901
7269 7270 300.000000 0.957200
7269 7271 300.000000 0.957200
7270 7271 300.000000 1.513901
7272 7273 300.000000 0.957200
7272 7274 300.000000 0.957200
7273 7274 300.000000 1.513901
7275 7276 300.000000 0.957200
7275 7277 300.000000 0.957200
7276 7277 300.000000 1.513901
7278 7279 300.000000 0.957200
7278 7280 300.000000 0.957200
7279 7280 300.000000 1.513901
7281 7282 300.000000 0.957200
7281 7283 300.000000 0.957200
7282 7283 300.000000 1.513901
7284 7285 300.000000 0.957200
7284 7286 300.000000 0.957200
7285 7286 300.000000 1.513901
7287 7288 300.000000 0.957200
7287 7289 300.000000 0.957200
7288 7289 300.000000 1.513901
7290 7291 300.000000 0.957200
7290 7292 300.000000 0.957200
7291 7292 300.000000 1.513901
7293 7294 300.000000 0.957200
7293 7295 300.000000 0.957200
7294 7295 300.000000 1.513901
7296 7297 300.000000 0.957200
7296 7298 300.000000 0.957200
7297 7298 300.000000 1.513901
7299 7300 300.000000 0.957200
7299 7301 300.000000 0.957200
7300 7301 300.000000 1.513901
7302 7303 300.000000 0.957200
7302 7304 300.000000 0.957200
7303 7304 300.000000 1.513901
7305 7306 300.000000 0.957200
7305 7307 300.000000 0.957200
7306 7307 300.000000 1.513901
7308 7309 300.000000 0.957200
7308 7310 300.000000 0.957200
7309 7310 300.000000 1.513901
7311 7312 300.000000 0.957200
7311 7313 300.000000 0.957200
7312 7313 300.000000 1.513901
7314 7315 300.000000 0.957200
7314 7316 300.000000 0.957200
7315 7316 300.000000 1.513901
7317 7318 300.000000 0.957200
7317 7319 300.000000 0.957200
7318 7319 300.000000 1.513901
7320 7321 300.000000 0.957200
7320 7322 300.000000 0.957200
7321 7322 300.000000 1.513901
7323 7324 300.000000 0.957200
7323 7325 300.000000 0.957200
7324 7325 300.000000 1.513901
7326 7327 300.000000 0.957200
7326 7328 300.000000 0.957200
7327 7328 300.000000 1.513901
7329 7330 300.000000 0.957200
7329 7331 300.000000 0.957200
7330 7331 300.000000 1.513901
7332 7333 300.000000 0.957200
7332 7334 300.000000 0.957200
7333 7334 300.000000 1.513901
7335 7336 300.000000 0.957200
7335 7337 300.000000 0.957200
7336 7337 300.000000 1.513901
7338 7339 300.000000 0.957200
7338 7340 300.000000 0.957200
7339 7340 300.000000 1.513901
7341 7342 300.000000 0.957200
7341 7343 300.000000 0.957200
7342 7343 300.000000 1.513901
7344 7345 300.000000 0.957200
7344 7346 300.000000 0.957200
7345 7346 300.000000 1.513901
7347 7348 300.000000 0.957200
7347 7349 300.000000 0.957200
7348 7349 300.000000 1.513901
7350 7351 300.000000 0.957200
7350 7352 300.000000 0.957200
7351 7352 300.000000 1.513901
7353 7354 300.000000 0.957200
7353 7355 300.000000 0.957200
7354 7355 300.000000 1.513901
7356 7357 300.000000 0.957200
7356 7358 300.000000 0.957200
7357 7358 300.000000 1.513901
7359 7360 300.000000 0.957200
7359 7361 300.000000 0.957200
7360 7361 300.000000 1.513901
7362 7363 300.000000 0.957200
7362 7364 300.000000 0.957200
7363 7364 300.000000 1.513901
7365 7366 300.000000 0.957200
7365 7367 300.000000 0.957200
7366 7367 300.000000 1.513901
7368 7369 300.000000 0.957200
7368 7370 300.000000 0.957200
7369 7370 300.000000 1.513901
7371 7372 300.000000 0.957200
7371 7373 300.000000 0.957200
7372 7373 300.000000 1.513901
7374 7375 300.000000 0.957200
7374 7376 300.000000 0.957200
7375 7376 300.000000 1.513901
7377 7378 300.000000 0.957200
7377 7379 300.000000 0.957200
7378 7379 300.000000 1.513901
7380 7381 300.000000 0.957200
7380 7382 300.000000 0.957200
7381 7382 300.000000 1.513901
7383 7384 300.000000 0.957200
7383 7385 300.000000 0.957200
7384 7385 300.000000 1.513901
7386 7387 300.000000 0.957200
7386 7388 300.000000 0.957200
7387 7388 300.000000 1.513901
7389 7390 300.000000 0.957200
7389 7391 300.000000 0.957200
7390 7391 300.000000 1.513901
7392 7393 300.000000 0.957200
7392 7394 300.000000 0.957200
7393 7394 300.000000 1.513901
7395 7396 300.000000 0.957200
7395 7397 300.000000 0.957200
7396 7397 300.000000 1.513901
7398 7399 300.000000 0.957200
7398 7400 300.000000 0.957200
7399 7400 300.000000 1.513901
7401 7402 300.000000 0.957200
7401 7403 300.000000 0.957200
7402 7403 300.000000 1.513901
7404 7405 300.000000 0.957200
7404 7406 300.000000 0.957200
7405 7406 300.000000 1.513901
7407 7408 300.000000 0.957200
7407 7409 300.000000 0.957200
7408 7409 300.000000 1.513901
7410 7411 300.000000 0.957200
7410 7412 300.000000 0.957200
7411 7412 300.000000 1.513901
7413 7414 300.000000 0.957200
7413 7415 300.000000 0.957200
7414 7415 300.000000 1.513901
7416 7417 300.000000 0.957200
7416 7418 300.000000 0.957200
7417 7418 300.000000 1.513901
7419 7420 300.000000 0.957200
7419 7421 300.000000 0.957200
7420 7421 300.000000 1.513901
7422 7423 300.000000 0.957200
7422 7424 300.000000 0.957200
7423 7424 300.000000 1.513901
7425 7426 300.000000 0.957200
7425 7427 300.000000 0.957200
7426 7427 300.000000 1.513901
7428 7429 300.000000 0.957200
7428 7430 300.000000 0.957200
7429 7430 300.000000 1.513901
7431 7432 300.000000 0.957200
7431 7433 300.000000 0.957200
7432 7433 300.000000 1.513901
7434 7435 300.000000 0.957200
7434 7436 300.000000 0.957200
7435 7436 300.000000 1.513901
7437 7438 300.000000 0.957200
7437 7439 300.000000 0.957200
7438 7439 300.000000 1.513901
7440 7441 300.000000 0.957200
7440 7442 300.000000 0.957200
7441 7442 300.000000 1.513901
7443 7444 300.000000 0.957200
7443 7445 300.000000 0.957200
7444 7445 300.000000 1.513901
7446 7447 300.000000 0.957200
7446 7448 300.000000 0.957200
7447 7448 300.000000 1.513901
7449 7450 300.000000 0.957200
7449 7451 300.000000 0.957200
7450 7451 300.000000 1.513901
7452 7453 300.000000 0.957200
7452 7454 300.000000 0.957200
7453 7454 300.000000 1.513901
7455 7456 300.000000 0.957200
7455 7457 300.000000 0.957200
7456 7457 300.000000 1.513901
7458 7459 300.000000 0.957200
7458 7460 300.000000 0.957200
7459 7460 300.000000 1.513901
7461 7462 300.000000 0.957200
7461 7463 300.000000 0.957200
7462 7463 300.000000 1.513901
7464 7465 300.000000 0.957200
7464 7466 300.000000 0.957200
7465 7466 300.000000 1.513901
7467 7468 300.000000 0.957200
7467 7469 300.000000 0.957200
7468 7469 300.000000 1.513901
7470 7471 300.000000 0.957200
7470 7472 300.000000 0.957200
7471 7472 300.000000 1.513901
7473 7474 300.000000 0.957200
7473 7475 300.000000 0.957200
7474 7475 300.000000 1.513901
7476 7477 300.000000 0.957200
7476 7478 300.000000 0.957200
7477 7478 300.000000 1.513901
7479 7480 300.000000 0.957200
7479 7481 300.000000 0.957200
7480 7481 300.000000 1.513901
7482 7483 300.000000 0.957200
7482 7484 300.000000 0.957200
7483 7484 300.000000 1.513901
7485 7486 300.000000 0.957200
7485 7487 300.000000 0.957200
7486 7487 300.000000 1.513901
7488 7489 300.000000 0.957200
7488 7490 300.000000 0.957200
7489 7490 300.000000 1.513901
7491 7492 300.000000 0.957200
7491 7493 300.000000 0.957200
7492 7493 300.000000 1.513901
7494 7495 300.000000 0.957200
7494 7496 300.000000 0.957200
7495 7496 300.000000 1.513901
7497 7498 300.000000 0.957200
7497 7499 300.000000 0.957200
7498 7499 300.000000 1.513901
7500 7501 300.000000 0.957200
7500 7502 300.000000 0.957200
7501 7502 300.000000 1.513901
7503 7504 300.000000 0.957200
7503 7505 300.000000 0.957200
7504 7505 300.000000 1.513901
7506 7507 300.000000 0.957200
7506 7508 300.000000 0.957200
7507 7508 300.000000 1.513901
7509 7510 300.000000 0.957200
7509 7511 300.000000 0.957200
7510 7511 300.000000 1.513901
7512 7513 300.000000 0.957200
7512 7514 300.000000 0.957200
7513 7514 300.000000 1.513901
7515 7516 300.000000 0.957200
7515 7517 300.000000 0.957200
7516 7517 300.000000 1.513901
7518 7519 300.000000 0.957200
7518 7520 300.000000 0.957200
7519 7520 300.000000 1.513901
7521 7522 300.000000 0.957200
7521 7523 300.000000 0.957200
7522 7523 300.000000 1.513901
7524 7525 300.000000 0.957200
7524 7526 300.000000 0.957200
7525 7526 300.000000 1.513901
7527 7528 300.000000 0.957200
7527 7529 300.000000 0.957200
7528 7529 300.000000 1.513901
7530 7531 300.000000 0.957200
7530 7532 300.000000 0.957200
7531 7532 300.000000 1.513901
7533 7534 300.000000 0.957200
7533 7535 300.000000 0.957200
7534 7535 300.000000 1.513901
7536 7537 300.000000 0.957200
7536 7538 300.000000 0.957200
7537 7538 300.000000 1.513901
7539 7540 300.000000 0.957200
7539 7541 300.000000 0.957200
7540 7541 300.000000 1.513901
7542 7543 300.000000 0.957200
7542 7544 300.000000 0.957200
7543 7544 300.000000 1.513901
7545 7546 300.000000 0.957200
7545 7547 300.000000 0.957200
7546 7547 300.000000 1.513901
7548 7549 300.000000 0.957200
7548 7550 300.000000 0.957200
7549 7550 300.000000 1.513901
7551 7552 300.000000 0.957200
7551 7553 300.000000 0.957200
7552 7553 300.000000 1.513901
7554 7555 300.000000 0.957200
7554 7556 300.000000 0.957200
7555 7556 300.000000 1.513901
7557 7558 300.000000 0.957200
7557 7559 300.000000 0.957200
7558 7559 300.000000 1.513901
7560 7561 300.000000 0.957200
7560 7562 300.000000 0.957200
7561 7562 300.000000 1.513901
7563 7564 300.000000 0.957200
7563 7565 300.000000 0.957200
7564 7565 300.000000 1.513901
7566 7567 300.000000 0.957200
7566 7568 300.000000 0.957200
7567 7568 300.000000 1.513901
7569 7570 300.000000 0.957200
7569 7571 300.000000 0.957200
7570 7571 300.000000 1.513901
7572 7573 300.000000 0.957200
7572 7574 300.000000 0.957200
7573 7574 300.000000 1.513901
7575 7576 300.000000 0.957200
7575 7577 300.000000 0.957200
7576 7577 300.000000 1.513901
7578 7579 300.000000 0.957200
7578 7580 300.000000 0.957200
7579 7580 300.000000 1.513901
7581 7582 300.000000 0.957200
7581 7583 300.000000 0.957200
7582 7583 300.000000 1.513901
7584 7585 300.000000 0.957200
7584 7586 300.000000 0.957200
7585 7586 300.000000 1.513901
7587 7588 300.000000 0.957200
7587 7589 300.000000 0.957200
7588 7589 300.000000 1.513901
7590 7591 300.000000 0.957200
7590 7592 300.000000 0.957200
7591 7592 300.000000 1.513901
7593 7594 300.000000 0.957200
7593 7595 300.000000 0.957200
7594 7595 300.000000 1.513901
7596 7597 300.000000 0.957200
7596 7598 300.000000 0.957200
7597 7598 300.000000 1.513901
7599 7600 300.000000 0.957200
7599 7601 300.000000 0.957200
7600 7601 300.000000 1.513901
7602 7603 300.000000 0.957200
7602 7604 300.000000 0.957200
7603 7604 300.000000 1.513901
7605 7606 300.000000 0.957200
7605 7607 300.000000 0.957200
7606 7607 300.000000 1.513901
7608 7609 300.000000 0.957200
7608 7610 300.000000 0.957200
7609 7610 300.000000 1.513901
7611 7612 300.000000 0.957200
7611 7613 300.000000 0.957200
7612 7613 300.000000 1.513901
7614 7615 300.000000 0.957200
7614 7616 300.000000 0.957200
7615 7616 300.000000 1.513901
7617 7618 300.000000 0.957200
7617 7619 300.000000 0.957200
7618 7619 300.000000 1.513901
7620 7621 300.000000 0.957200
7620 7622 300.000000 0.957200
7621 7622 300.000000 1.513901
7623 7624 300.000000 0.957200
7623 7625 300.000000 0.957200
7624 7625 300.000000 1.513901
7626 7627 300.000000 0.957200
7626 7628 300.000000 0.957200
7627 7628 300.000000 1.513901
7629 7630 300.000000 0.957200
7629 7631 300.000000 0.957200
7630 7631 300.000000 1.513901
7632 7633 300.000000 0.957200
7632 7634 300.000000 0.957200
7633 7634 300.000000 1.513901
7635 7636 300.000000 0.957200
7635 7637 300.000000 0.957200
7636 7637 300.000000 1.513901
7638 7639 300.000000 0.957200
7638 7640 300.000000 0.957200
7639 7640 300.000000 1.513901
7641 7642 300.000000 0.957200
7641 7643 300.000000 0.957200
7642 7643 300.000000 1.513901
7644 7645 300.000000 0.957200
7644 7646 300.000000 0.957200
7645 7646 300.000000 1.513901
7647 7648 300.000000 0.957200
7647 7649 300.000000 0.957200
7648 7649 300.000000 1.513901
7650 7651 300.000000 0.957200
7650 7652 300.000000 0.957200
7651 7652 300.000000 1.513901
7653 7654 300.000000 0.957200
7653 7655 300.000000 0.957200
7654 7655 300.000000 1.513901
7656 7657 300.000000 0.957200
7656 7658 300.000000 0.957200
7657 7658 300.000000 1.513901
7659 7660 300.000000 0.957200
7659 7661 300.000000 0.957200
7660 7661 300.000000 1.513901
7662 7663 300.000000 0.957200
7662 7664 300.000000 0.957200
7663 7664 300.000000 1.513901
7665 7666 300.000000 0.957200
7665 7667 300.000000 0.957200
7666 7667 300.000000 1.513901
7668 7669 300.000000 0.957200
7668 7670 300.000000 0.957200
7669 7670 300.000000 1.513901
7671 7672 300.000000 0.957200
7671 7673 300.000000 0.957200
7672 7673 300.000000 1.513901
7674 7675 300.000000 0.957200
7674 7676 300.000000 0.957200
7675 7676 300.000000 1.513901
7677 7678 300.000000 0.957200
7677 7679 300.000000 0.957200
7678 7679 300.000000 1.513901
7680 7681 300.000000 0.957200
7680 7682 300.000000 0.957200
7681 7682 300.000000 1.513901
7683 7684 300.000000 0.957200
7683 7685 300.000000 0.957200
7684 7685 300.000000 1.513901
7686 7687 300.000000 0.957200
7686 7688 300.000000 0.957200
7687 7688 300.000000 1.513901
7689 7690 300.000000 0.957200
7689 7691 300.000000 0.957200
7690 7691 300.000000 1.513901
7692 7693 300.000000 0.957200
7692 7694 300.000000 0.957200
7693 7694 300.000000 1.513901
7695 7696 300.000000 0.957200
7695 7697 300.000000 0.957200
7696 7697 300.000000 1.513901
7698 7699 300.000000 0.957200
7698 7700 300.000000 0.957200
7699 7700 300.000000 1.513901
7701 7702 300.000000 0.957200
7701 7703 300.000000 0.957200
7702 7703 300.000000 1.513901
7704 7705 300.000000 0.957200
7704 7706 300.000000 0.957200
7705 7706 300.000000 1.513901
7707 7708 300.000000 0.957200
7707 7709 300.000000 0.957200
7708 7709 300.000000 1.513901
7710 7711 300.000000 0.957200
7710 7712 300.000000 0.957200
7711 7712 300.000000 1.513901
7713 7714 300.000000 0.957200
7713 7715 300.000000 0.957200
7714 7715 300.000000 1.513901
7716 7717 300.000000 0.957200
7716 7718 300.000000 0.957200
7717 7718 300.000000 1.513901
7719 7720 300.000000 0.957200
7719 7721 300.000000 0.957200
7720 7721 300.000000 1.513901
7722 7723 300.000000 0.957200
7722 7724 300.000000 0.957200
7723 7724 300.000000 1.513901
7725 7726 300.000000 0.957200
7725 7727 300.000000 0.957200
7726 7727 300.000000 1.513901
7728 7729 300.000000 0.957200
7728 7730 300.000000 0.957200
7729 7730 300.000000 1.513901
7731 7732 300.000000 0.957200
7731 7733 300.000000 0.957200
7732 7733 300.000000 1.513901
7734 7735 300.000000 0.957200
7734 7736 300.000000 0.957200
7735 7736 300.000000 1.513901
7737 7738 300.000000 0.957200
7737 7739 300.000000 0.957200
7738 7739 300.000000 1.513901
7740 7741 300.000000 0.957200
7740 7742 300.000000 0.957200
7741 7742 300.000000 1.513901
7743 7744 300.000000 0.957200
7743 7745 300.000000 0.957200
7744 7745 300.000000 1.513901
7746 7747 300.000000 0.957200
7746 7748 300.000000 0.957200
7747 7748 300.000000 1.513901
7749 7750 300.000000 0.957200
7749 7751 300.000000 0.957200
7750 7751 300.000000 1.513901
7752 7753 300.000000 0.957200
7752 7754 300.000000 0.957200
7753 7754 300.000000 1.513901
7755 7756 300.000000 0.957200
7755 7757 300.000000 0.957200
7756 7757 300.000000 1.513901
7758 7759 300.000000 0.957200
7758 7760 300.000000 0.957200
7759 7760 300.000000 1.513901
7761 7762 300.000000 0.957200
7761 7763 300.000000 0.957200
7762 7763 300.000000 1.513901
7764 7765 300.000000 0.957200
7764 7766 300.000000 0.957200
7765 7766 300.000000 1.513901
7767 7768 300.000000 0.957200
7767 7769 300.000000 0.957200
7768 7769 300.000000 1.513901
7770 7771 300.000000 0.957200
7770 7772 300.000000 0.957200
7771 7772 300.000000 1.513901
7773 7774 300.000000 0.957200
7773 7775 300.000000 0.957200
7774 7775 300.000000 1.513901
7776 7777 300.000000 0.957200
7776 7778 300.000000 0.957200
7777 7778 300.000000 1.513901
7779 7780 300.000000 0.957200
7779 7781 300.000000 0.957200
7780 7781 300.000000 1.513901
7782 7783 300.000000 0.957200
7782 7784 300.000000 0.957200
7783 7784 300.000000 1.513901
7785 7786 300.000000 0.957200
7785 7787 300.000000 0.957200
7786 7787 300.000000 1.513901
7788 7789 300.000000 0.957200
7788 7790 300.000000 0.957200
7789 7790 300.000000 1.513901
7791 7792 300.000000 0.957200
7791 7793 300.000000 0.957200
7792 7793 300.000000 1.513901
7794 7795 300.000000 0.957200
7794 7796 300.000000 0.957200
7795 7796 300.000000 1.513901
7797 7798 300.000000 0.957200
7797 7799 300.000000 0.957200
7798 7799 300.000000 1.513901
7800 7801 300.000000 0.957200
7800 7802 300.000000 0.957200
7801 7802 300.000000 1.513901
7803 7804 300.000000 0.957200
7803 7805 300.000000 0.957200
7804 7805 300.000000 1.513901
7806 7807 300.000000 0.957200
7806 7808 300.000000 0.957200
7807 7808 300.000000 1.513901
7809 7810 300.000000 0.957200
7809 7811 300.000000 0.957200
7810 7811 300.000000 1.513901
7812 7813 300.000000 0.957200
7812 7814 300.000000 0.957200
7813 7814 300.000000 1.513901
7815 7816 300.000000 0.957200
7815 7817 300.000000 0.957200
7816 7817 300.000000 1.513901
7818 7819 300.000000 0.957200
7818 7820 300.000000 0.957200
7819 7820 300.000000 1.513901
7821 7822 300.000000 0.957200
7821 7823 300.000000 0.957200
7822 7823 300.000000 1.513901
7824 7825 300.000000 0.957200
7824 7826 300.000000 0.957200
7825 7826 300.000000 1.513901
7827 7828 300.000000 0.957200
7827 7829 300.000000 0.957200
7828 7829 300.000000 1.513901
7830 7831 300.000000 0.957200
7830 7832 300.000000 0.957200
7831 7832 300.000000 1.513901
7833 7834 300.000000 0.957200
7833 7835 300.000000 0.957200
7834 7835 300.000000 1.513901
7836 7837 300.000000 0.957200
7836 7838 300.000000 0.957200
7837 7838 300.000000 1.513901
7839 7840 300.000000 0.957200
7839 7841 300.000000 0.957200
7840 7841 300.000000 1.513901
7842 7843 300.000000 0.957200
7842 7844 300.000000 0.957200
7843 7844 300.000000 1.513901
7845 7846 300.000000 0.957200
7845 7847 300.000000 0.957200
7846 7847 300.000000 1.513901
7848 7849 300.000000 0.957200
7848 7850 300.000000 0.957200
7849 7850 300.000000 1.513901
7851 7852 300.000000 0.957200
7851 7853 300.000000 0.957200
7852 7853 300.000000 1.513901
7854 7855 300.000000 0.957200
7854 7856 300.000000 0.957200
7855 7856 300.000000 1.513901
7857 7858 300.000000 0.957200
7857 7859 300.000000 0.957200
7858 7859 300.000000 1.513901
7860 7861 300.000000 0.957200
7860 7862 300.000000 0.957200
7861 7862 300.000000 1.513901
7863 7864 300.000000 0.957200
7863 7865 300.000000 0.957200
7864 7865 300.000000 1.513901
7866 7867 300.000000 0.957200
7866 7868 300.000000 0.957200
7867 7868 300.000000 1.513901
7869 7870 300.000000 0.957200
7869 7871 300.000000 0.957200
7870 7871 300.000000 1.513901
7872 7873 300.000000 0.957200
7872 7874 300.000000 0.957200
7873 7874 300.000000 1.513901
7875 7876 300.000000 0.957200
7875 7877 300.000000 0.957200
7876 7877 300.000000 1.513901
7878 7879 300.000000 0.957200
7878 7880 300.000000 0.957200
7879 7880 300.000000 1.513901
7881 7882 300.000000 0.957200
7881 7883 300.000000 0.957200
7882 7883 300.000000 1.513901
7884 7885 300.000000 0.957200
7884 7886 300.000000 0.957200
7885 7886 300.000000 1.513901
7887 7888 300.000000 0.957200
7887 7889 300.000000 0.957200
7888 7889 300.000000 1.513901
7890 7891 300.000000 0.957200
7890 7892 300.000000 0.957200
7891 7892 300.000000 1.513901
7893 7894 300.000000 0.957200
7893 7895 300.000000 0.957200
7894 7895 300.000000 1.513901
7896 7897 300.000000 0.957200
7896 7898 300.000000 0.957200
7897 7898 300.000000 1.513901
7899 7900 300.000000 0.957200
7899 7901 300.000000 0.957200
7900 7901 300.000000 1.513901
7902 7903 300.000000 0.957200
7902 7904 300.000000 0.957200
7903 7904 300.000000 1.513901
7905 7906 300.000000 0.957200
7905 7907 300.000000 0.957200
7906 7907 300.000000 1.513901
7908 7909 300.000000 0.957200
7908 7910 300.000000 0.957200
7909 7910 300.000000 1.513901
7911 7912 300.000000 0.957200
7911 7913 300.000000 0.957200
7912 7913 300.000000 1.513901
7914 7915 300.000000 0.957200
7914 7916 300.000000 0.957200
7915 7916 300.000000 1.513901
7917 7918 300.000000 0.957200
7917 7919 300.000000 0.957200
7918 7919 300.000000 1.513901
7920 7921 300.000000 0.957200
7920 7922 300.000000 0.957200
7921 7922 300.000000 1.513901
7923 7924 300.000000 0.957200
7923 7925 300.000000 0.957200
7924 7925 300.000000 1.513901
7926 7927 300.000000 0.957200
7926 7928 300.000000 0.957200
7927 7928 300.000000 1.513901
7929 7930 300.000000 0.957200
7929 7931 300.000000 0.957200
7930 7931 300.000000 1.513901
7932 7933 300.000000 0.957200
7932 7934 300.000000 0.957200
7933 7934 300.000000 1.513901
7935 7936 300.000000 0.957200
7935 7937 300.000000 0.957200
7936 7937 300.000000 1.513901
7938 7939 300.000000 0.957200
7938 7940 300.000000 0.957200
7939 7940 300.000000 1.513901
7941 7942 300.000000 0.957200
7941 7943 300.000000 0.957200
7942 7943 300.000000 1.513901
7944 7945 300.000000 0.957200
7944 7946 300.000000 0.957200
7945 7946 300.000000 1.513901
7947 7948 300.000000 0.957200
7947 7949 300.000000 0.957200
7948 7949 300.000000 1.513901
7950 7951 300.000000 0.957200
7950 7952 300.000000 0.957200
7951 7952 300.000000 1.513901
7953 7954 300.000000 0.957200
7953 7955 300.000000 0.957200
7954 7955 300.000000 1.513901
7956 7957 300.000000 0.957200
7956 7958 300.000000 0.957200
7957 7958 300.000000 1.513901
7959 7960 300.000000 0.957200
7959 7961 300.000000 0.957200
7960 7961 300.000000 1.513901
7962 7963 300.000000 0.957200
7962 7964 300.000000 0.957200
7963 7964 300.000000 1.513901
7965 7966 300.000000 0.957200
7965 7967 300.000000 0.957200
7966 7967 300.000000 1.513901
7968 7969 300.000000 0.957200
7968 7970 300.000000 0.957200
7969 7970 300.000000 1.513901
7971 7972 300.000000 0.957200
7971 7973 300.000000 0.957200
7972 7973 300.000000 1.513901
7974 7975 300.000000 0.957200
7974 7976 300.000000 0.957200
7975 7976 300.000000 1.513901
7977 7978 300.000000 0.957200
7977 7979 300.000000 0.957200
7978 7979 300.000000 1.513901
7980 7981 300.000000 0.957200
7980 7982 300.000000 0.957200
7981 7982 300.000000 1.513901
7983 7984 300.000000 0.957200
7983 7985 300.000000 0.957200
7984 7985 300.000000 1.513901
7986 7987 300.000000 0.957200
7986 7988 300.000000 0.957200
7987 7988 300.000000 1.513901
7989 7990 300.000000 0.957200
7989 7991 300.000000 0.957200
7990 7991 300.000000 1.513901
7992 7993 300.000000 0.957200
7992 7994 300.000000 0.957200
7993 7994 300.000000 1.513901
7995 7996 300.000000 0.957200
7995 7997 300.000000 0.957200
7996 7997 300.000000 1.513901
7998 7999 300.000000 0.957200
7998 8000 300.000000 0.957200
7999 8000 300.000000 1.513901
8001 8002 300.000000 0.957200
8001 8003 300.000000 0.957200
8002 8003 300.000000 1.513901
8004 8005 300.000000 0.957200
8004 8006 300.000000 0.957200
8005 8006 300.000000 1.513901
8007 8008 300.000000 0.957200
8007 8009 300.000000 0.957200
8008 8009 300.000000 1.513901
8010 8011 300.000000 0.957200
8010 8012 300.000000 0.957200
8011 8012 300.000000 1.513901
8013 8014 300.000000 0.957200
8013 8015 300.000000 0.957200
8014 8015 300.000000 1.513901
8016 8017 300.000000 0.957200
8016 8018 300.000000 0.957200
8017 8018 300.000000 1.513901
8019 8020 300.000000 0.957200
8019 8021 300.000000 0.957200
8020 8021 300.000000 1.513901
8022 8023 300.000000 0.957200
8022 8024 300.000000 0.957200
8023 8024 300.000000 1.513901
8025 8026 300.000000 0.957200
8025 8027 300.000000 0.957200
8026 8027 300.000000 1.513901
8028 8029 300.000000 0.957200
8028 8030 300.000000 0.957200
8029 8030 300.000000 1.513901
8031 8032 300.000000 0.957200
8031 8033 300.000000 0.957200
8032 8033 300.000000 1.513901
8034 8035 300.000000 0.957200
8034 8036 300.000000 0.957200
8035 8036 300.000000 1.513901
8037 8038 300.000000 0.957200
8037 8039 300.000000 0.957200
8038 8039 300.000000 1.513901
8040 8041 300.000000 0.957200
8040 8042 300.000000 0.957200
8041 8042 300.000000 1.513901
8043 8044 300.000000 0.957200
8043 8045 300.000000 0.957200
8044 8045 300.000000 1.513901
8046 8047 300.000000 0.957200
8046 8048 300.000000 0.957200
8047 8048 300.000000 1.513901
8049 8050 300.000000 0.957200
8049 8051 300.000000 0.957200
8050 8051 300.000000 1.513901
8052 8053 300.000000 0.957200
8052 8054 300.000000 0.957200
8053 8054 300.000000 1.513901
8055 8056 300.000000 0.957200
8055 8057 300.000000 0.957200
8056 8057 300.000000 1.513901
8058 8059 300.000000 0.957200
8058 8060 300.000000 0.957200
8059 8060 300.000000 1.513901
8061 8062 300.000000 0.957200
8061 8063 300.000000 0.957200
8062 8063 300.000000 1.513901
8064 8065 300.000000 0.957200
8064 8066 300.000000 0.957200
8065 8066 300.000000 1.513901
8067 8068 300.000000 0.957200
8067 8069 300.000000 0.957200
8068 8069 300.000000 1.513901
8070 8071 300.000000 0.957200
8070 8072 300.000000 0.957200
8071 8072 300.000000 1.513901
8073 8074 300.000000 0.957200
8073 8075 300.000000 0.957200
8074 8075 300.000000 1.513901
8076 8077 300.000000 0.957200
8076 8078 300.000000 0.957200
8077 8078 300.000000 1.513901
8079 8080 300.000000 0.957200
8079 8081 300.000000 0.957200
8080 8081 300.000000 1.513901
8082 8083 300.000000 0.957200
8082 8084 300.000000 0.957200
8083 8084 300.000000 1.513901
8085 8086 300.000000 0.957200
8085 8087 300.000000 0.957200
8086 8087 300.000000 1.513901
8088 8089 300.000000 0.957200
8088 8090 300.000000 0.957200
8089 8090 300.000000 1.513901
8091 8092 300.000000 0.957200
8091 8093 300.000000 0.957200
8092 8093 300.000000 1.513901
8094 8095 300.000000 0.957200
8094 8096 300.000000 0.957200
8095 8096 300.000000 1.513901
8097 8098 300.000000 0.957200
8097 8099 300.000000 0.957200
8098 8099 300.000000 1.513901
8100 8101 300.000000 0.957200
8100 8102 300.000000 0.957200
8101 8102 300.000000 1.513901
8103 8104 300.000000 0.957200
8103 8105 300.000000 0.957200
8104 8105 300.000000 1.513901
8106 8107 300.000000 0.957200
8106 8108 300.000000 0.957200
8107 8108 300.000000 1.513901
8109 8110 300.000000 0.957200
8109 8111 300.000000 0.957200
8110 8111 300.000000 1.513901
8112 8113 300.000000 0.957200
8112 8114 300.000000 0.957200
8113 8114 300.000000 1.513901
8115 8116 300.000000 0.957200
8115 8117 300.000000 0.957200
8116 8117 300.000000 1.513901
8118 8119 300.000000 0.957200
8118 8120 300.000000 0.957200
8119 8120 300.000000 1.513901
8121 8122 300.000000 0.957200
8121 8123 300.000000 0.957200
8122 8123 300.000000 1.513901
8124 8125 300.000000 0.957200
8124 8126 300.000000 0.957200
8125 8126 300.000000 1.513901
8127 8128 300.000000 0.957200
8127 8129 300.000000 0.957200
8128 8129 300.000000 1.513901
8130 8131 300.000000 0.957200
8130 8132 300.000000 0.957200
8131 8132 300.000000 1.513901
8133 8134 300.000000 0.957200
8133 8135 300.000000 0.957200
8134 8135 300.000000 1.513901
8136 8137 300.000000 0.957200
8136 8138 300.000000 0.957200
8137 8138 300.000000 1.513901
8139 8140 300.000000 0.957200
8139 8141 300.000000 0.957200
8140 8141 300.000000 1.513901
8142 8143 300.000000 0.957200
8142 8144 300.000000 0.957200
8143 8144 300.000000 1.513901
8145 8146 300.000000 0.957200
8145 8147 300.000000 0.957200
8146 8147 300.000000 1.513901
8148 8149 300.000000 0.957200
8148 8150 300.000000 0.957200
8149 8150 300.000000 1.513901
8151 8152 300.000000 0.957200
8151 8153 300.000000 0.957200
8152 8153 300.000000 1.513901
8154 8155 300.000000 0.957200
8154 8156 300.000000 0.957200
8155 8156 300.000000 1.513901
8157 8158 300.000000 0.957200
8157 8159 300.000000 0.957200
8158 8159 300.000000 1.513901
8160 8161 300.000000 0.957200
8160 8162 300.000000 0.957200
8161 8162 300.000000 1.513901
8163 8164 300.000000 0.957200
8163 8165 300.000000 0.957200
8164 8165 300.000000 1.513901
8166 8167 300.000000 0.957200
8166 8168 300.000000 0.957200
8167 8168 300.000000 1.513901
8169 8170 300.000000 0.957200
8169 8171 300.000000 0.957200
8170 8171 300.000000 1.513901
8172 8173 300.000000 0.957200
8172 8174 300.000000 0.957200
8173 8174 300.000000 1.513901
8175 8176 300.000000 0.957200
8175 8177 300.000000 0.957200
8176 8177 300.000000 1.513901
8178 8179 300.000000 0.957200
8178 8180 300.000000 0.957200
8179 8180 300.000000 1.513901
8181 8182 300.000000 0.957200
8181 8183 300.000000 0.957200
8182 8183 300.000000 1.513901
8184 8185 300.000000 0.957200
8184 8186 300.000000 0.957200
8185 8186 300.000000 1.513901
8187 8188 300.000000 0.957200
8187 8189 300.000000 0.957200
8188 8189 300.000000 1.513901
8190 8191 300.000000 0.957200
8190 8192 300.000000 0.957200
8191 8192 300.000000 1.513901
8193 8194 300.000000 0.957200
8193 8195 300.000000 0.957200
8194 8195 300.000000 1.513901
8196 8197 300.000000 0.957200
8196 8198 300.000000 0.957200
8197 8198 300.000000 1.513901
8199 8200 300.000000 0.957200
8199 8201 300.000000 0.957200
8200 8201 300.000000 1.513901
8202 8203 300.000000 0.957200
8202 8204 300.000000 0.957200
8203 8204 300.000000 1.513901
8205 8206 300.000000 0.957200
8205 8207 300.000000 0.957200
8206 8207 300.000000 1.513901
8208 8209 300.000000 0.957200
8208 8210 300.000000 0.957200
8209 8210 300.000000 1.513901
8211 8212 300.000000 0.957200
8211 8213 300.000000 0.957200
8212 8213 300.000000 1.513901
8214 8215 300.000000 0.957200
8214 8216 300.000000 0.957200
8215 8216 300.000000 1.513901
8217 8218 300.000000 0.957200
8217 8219 300.000000 0.957200
8218 8219 300.000000 1.513901
8220 8221 300.000000 0.957200
8220 8222 300.000000 0.957200
8221 8222 300.000000 1.513901
8223 8224 300.000000 0.957200
8223 8225 300.000000 0.957200
8224 8225 300.000000 1.513901
8226 8227 300.000000 0.957200
8226 8228 300.000000 0.957200
8227 8228 300.000000 1.513901
8229 8230 300.000000 0.957200
8229 8231 300.000000 0.957200
8230 8231 300.000000 1.513901
8232 8233 300.000000 0.957200
8232 8234 300.000000 0.957200
8233 8234 300.000000 1.513901
8235 8236 300.000000 0.957200
8235 8237 300.000000 0.957200
8236 8237 300.000000 1.513901
8238 8239 300.000000 0.957200
8238 8240 300.000000 0.957200
8239 8240 300.000000 1.513901
8241 8242 300.000000 0.957200
8241 8243 300.000000 0.957200
8242 8243 300.000000 1.513901
8244 8245 300.000000 0.957200
8244 8246 300.000000 0.957200
8245 8246 300.000000 1.513901
8247 8248 300.000000 0.957200
8247 8249 300.000000 0.957200
8248 8249 300.000000 1.513901
8250 8251 300.000000 0.957200
8250 8252 300.000000 0.957200
8251 8252 300.000000 1.513901
8253 8254 300.000000 0.957200
8253 8255 300.000000 0.957200
8254 8255 300.000000 1.513901
8256 8257 300.000000 0.957200
8256 8258 300.000000 0.957200
8257 8258 300.000000 1.513901
8259 8260 300.000000 0.957200
8259 8261 300.000000 0.957200
8260 8261 300.000000 1.513901
8262 8263 300.000000 0.957200
8262 8264 300.000000 0.957200
8263 8264 300.000000 1.513901
8265 8266 300.000000 0.957200
8265 8267 300.000000 0.957200
8266 8267 300.000000 1.513901
8268 8269 300.000000 0.957200
8268 8270 300.000000 0.957200
8269 8270 300.000000 1.513901
8271 8272 300.000000 0.957200
8271 8273 300.000000 0.957200
8272 8273 300.000000 1.513901
8274 8275 300.000000 0.957200
8274 8276 300.000000 0.957200
8275 8276 300.000000 1.513901
8277 8278 300.000000 0.957200
8277 8279 300.000000 0.957200
8278 8279 300.000000 1.513901
8280 8281 300.000000 0.957200
8280 8282 300.000000 0.957200
8281 8282 300.000000 1.513901
8283 8284 300.000000 0.957200
8283 8285 300.000000 0.957200
8284 8285 300.000000 1.513901
8286 8287 300.000000 0.957200
8286 8288 300.000000 0.957200
8287 8288 300.000000 1.513901
8289 8290 300.000000 0.957200
8289 8291 300.000000 0.957200
8290 8291 300.000000 1.513901
8292 8293 300.000000 0.957200
8292 8294 300.000000 0.957200
8293 8294 300.000000 1.513901
8295 8296 300.000000 0.957200
8295 8297 300.000000 0.957200
8296 8297 300.000000 1.513901
8298 8299 300.000000 0.957200
8298 8300 300.000000 0.957200
8299 8300 300.000000 1.513901
8301 8302 300.000000 0.957200
8301 8303 300.000000 0.957200
8302 8303 300.000000 1.513901
8304 8305 300.000000 0.957200
8304 8306 300.000000 0.957200
8305 8306 300.000000 1.513901
8307 8308 300.000000 0.957200
8307 8309 300.000000 0.957200
8308 8309 300.000000 1.513901
8310 8311 300.000000 0.957200
8310 8312 300.000000 0.957200
8311 8312 300.000000 1.513901
8313 8314 300.000000 0.957200
8313 8315 300.000000 0.957200
8314 8315 300.000000 1.513901
8316 8317 300.000000 0.957200
8316 8318 300.000000 0.957200
8317 8318 300.000000 1.513901
8319 8320 300.000000 0.957200
8319 8321 300.000000 0.957200
8320 8321 300.000000 1.513901
8322 8323 300.000000 0.957200
8322 8324 300.000000 0.957200
8323 8324 300.000000 1.513901
8325 8326 300.000000 0.957200
8325 8327 300.000000 0.957200
8326 8327 300.000000 1.513901
8328 8329 300.000000 0.957200
8328 8330 300.000000 0.957200
8329 8330 300.000000 1.513901
8331 8332 300.000000 0.957200
8331 8333 300.000000 0.957200
8332 8333 300.000000 1.513901
8334 8335 300.000000 0.957200
8334 8336 300.000000 0.957200
8335 8336 300.000000 1.513901
8337 8338 300.000000 0.957200
8337 8339 300.000000 0.957200
8338 8339 300.000000 1.513901
8340 8341 300.000000 0.957200
8340 8342 300.000000 0.957200
8341 8342 300.000000 1.513901
8343 8344 300.000000 0.957200
8343 8345 300.000000 0.957200
8344 8345 300.000000 1.513901
8346 8347 300.000000 0.957200
8346 8348 300.000000 0.957200
8347 8348 300.000000 1.513901
8349 8350 300.000000 0.957200
8349 8351 300.000000 0.957200
8350 8351 300.000000 1.513901
8352 8353 300.000000 0.957200
8352 8354 300.000000 0.957200
8353 8354 300.000000 1.513901
8355 8356 300.000000 0.957200
8355 8357 300.000000 0.957200
8356 8357 300.000000 1.513901
8358 8359 300.000000 0.957200
8358 8360 300.000000 0.957200
8359 8360 300.000000 1.513901
8361 8362 300.000000 0.957200
8361 8363 300.000000 0.957200
8362 8363 300.000000 1.513901
8364 8365 300.000000 0.957200
8364 8366 300.000000 0.957200
8365 8366 300.000000 1.513901
8367 8368 300.000000 0.957200
8367 8369 300.000000 0.957200
8368 8369 300.000000 1.513901
8370 8371 300.000000 0.957200
8370 8372 300.000000 0.957200
8371 8372 300.000000 1.513901
8373 8374 300.000000 0.957200
8373 8375 300.000000 0.957200
8374 8375 300.000000 1.513901
8376 8377 300.000000 0.957200
8376 8378 300.000000 0.957200
8377 8378 300.000000 1.513901
8379 8380 300.000000 0.957200
8379 8381 300.000000 0.957200
8380 8381 300.000000 1.513901
8382 8383 300.000000 0.957200
8382 8384 300.000000 0.957200
8383 8384 300.000000 1.513901
8385 8386 300.000000 0.957200
8385 8387 300.000000 0.957200
8386 8387 300.000000 1.513901
8388 8389 300.000000 0.957200
8388 8390 300.000000 0.957200
8389 8390 300.000000 1.513901
8391 8392 300.000000 0.957200
8391 8393 300.000000 0.957200
8392 8393 300.000000 1.513901
8394 8395 300.000000 0.957200
8394 8396 300.000000 0.957200
8395 8396 300.000000 1.513901
8397 8398 300.000000 0.957200
8397 8399 300.000000 0.957200
8398 8399 300.000000 1.513901
8400 8401 300.000000 0.957200
8400 8402 300.000000 0.957200
8401 8402 300.000000 1.513901
8403 8404 300.000000 0.957200
8403 8405 300.000000 0.957200
8404 8405 300.000000 1.513901
8406 8407 300.000000 0.957200
8406 8408 300.000000 0.957200
8407 8408 300.000000 1.513901
8409 8410 300.000000 0.957200
8409 8411 300.000000 0.957200
8410 8411 300.000000 1.513901
8412 8413 300.000000 0.957200
8412 8414 300.000000 0.957200
8413 8414 300.000000 1.513901
8415 8416 300.000000 0.957200
8415 8417 300.000000 0.957200
8416 8417 300.000000 1.513901
8418 8419 300.000000 0.957200
8418 8420 300.000000 0.957200
8419 8420 300.000000 1.513901
8421 8422 300.000000 0.957200
8421 8423 300.000000 0.957200
8422 8423 300.000000 1.513901
8424 8425 300.000000 0.957200
8424 8426 300.000000 0.957200
8425 8426 300.000000 1.513901
8427 8428 300.000000 0.957200
8427 8429 300.000000 0.957200
8428 8429 300.000000 1.513901
8430 8431 300.000000 0.957200
8430 8432 300.000000 0.957200
8431 8432 300.000000 1.513901
8433 8434 300.000000 0.957200
8433 8435 300.000000 0.957200
8434 8435 300.000000 1.513901
8436 8437 300.000000 0.957200
8436 8438 300.000000 0.957200
8437 8438 300.000000 1.513901
8439 8440 300.000000 0.957200
8439 8441 300.000000 0.957200
8440 8441 300.000000 1.513901
8442 8443 300.000000 0.957200
8442 8444 300.000000 0.957200
8443 8444 300.000000 1.513901
8445 8446 300.000000 0.957200
8445 8447 300.000000 0.957200
8446 8447 300.000000 1.513901
8448 8449 300.000000 0.957200
8448 8450 300.000000 0.957200
8449 8450 300.000000 1.513901
8451 8452 300.000000 0.957200
8451 8453 300.000000 0.957200
8452 8453 300.000000 1.513901
8454 8455 300.000000 0.957200
8454 8456 300.000000 0.957200
8455 8456 300.000000 1.513901
8457 8458 300.000000 0.957200
8457 8459 300.000000 0.957200
8458 8459 300.000000 1.513901
8460 8461 300.000000 0.957200
8460 8462 300.000000 0.957200
8461 8462 300.000000 1.513901
8463 8464 300.000000 0.957200
8463 8465 300.000000 0.957200
8464 8465 300.000000 1.513901
8466 8467 300.000000 0.957200
8466 8468 300.000000 0.957200
8467 8468 300.000000 1.513901
8469 8470 300.000000 0.957200
8469 8471 300.000000 0.957200
8470 8471 300.000000 1.513901
8472 8473 300.000000 0.957200
8472 8474 300.000000 0.957200
8473 8474 300.000000 1.513901
8475 8476 300.000000 0.957200
8475 8477 300.000000 0.957200
8476 8477 300.000000 1.513901
8478 8479 300.000000 0.957200
8478 8480 300.000000 0.957200
8479 8480 300.000000 1.513901
8481 8482 300.000000 0.957200
8481 8483 300.000000 0.957200
8482 8483 300.000000 1.513901
8484 8485 300.000000 0.957200
8484 8486 300.000000 0.957200
8485 8486 300.000000 1.513901
8487 8488 300.000000 0.957200
8487 8489 300.000000 0.957200
8488 8489 300.000000 1.513901
8490 8491 300.000000 0.957200
8490 8492 300.000000 0.957200
8491 8492 300.000000 1.513901
8493 8494 300.000000 0.957200
8493 8495 300.000000 0.957200
8494 8495 300.000000 1.513901
8496 8497 300.000000 0.957200
8496 8498 300.000000 0.957200
8497 8498 300.000000 1.513901
8499 8500 300.000000 0.957200
8499 8501 300.000000 0.957200
8500 8501 300.000000 1.513901
8502 8503 300.000000 0.957200
8502 8504 300.000000 0.957200
8503 8504 300.000000 1.513901
8505 8506 300.000000 0.957200
8505 8507 300.000000 0.957200
8506 8507 300.000000 1.513901
8508 8509 300.000000 0.957200
8508 8510 300.000000 0.957200
8509 8510 300.000000 1.513901
8511 8512 300.000000 0.957200
8511 8513 300.000000 0.957200
8512 8513 300.000000 1.513901
8514 8515 300.000000 0.957200
8514 8516 300.000000 0.957200
8515 8516 300.000000 1.513901
8517 8518 300.000000 0.957200
8517 8519 300.000000 0.957200
8518 8519 300.000000 1.513901
8520 8521 300.000000 0.957200
8520 8522 300.000000 0.957200
8521 8522 300.000000 1.513901
8523 8524 300.000000 0.957200
8523 8525 300.000000 0.957200
8524 8525 300.000000 1.513901
8526 8527 300.000000 0.957200
8526 8528 300.000000 0.957200
8527 8528 300.000000 1.513901
8529 8530 300.000000 0.957200
8529 8531 300.000000 0.957200
8530 8531 300.000000 1.513901
8532 8533 300.000000 0.957200
8532 8534 300.000000 0.957200
8533 8534 300.000000 1.513901
8535 8536 300.000000 0.957200
8535 8537 300.000000 0.957200
8536 8537 300.000000 1.513901
8538 8539 300.000000 0.957200
8538 8540 300.000000 0.957200
8539 8540 300.000000 1.513901
8541 8542 300.000000 0.957200
8541 8543 300.000000 0.957200
8542 8543 300.000000 1.513901
8544 8545 300.000000 0.957200
8544 8546 300.000000 0.957200
8545 8546 300.000000 1.513901
8547 8548 300.000000 0.957200
8547 8549 300.000000 0.957200
8548 8549 300.000000 1.513901
8550 8551 300.000000 0.957200
8550 8552 300.000000 0.957200
8551 8552 300.000000 1.513901
8553 8554 300.000000 0.957200
8553 8555 300.000000 0.957200
8554 8555 300.000000 1.513901
8556 8557 300.000000 0.957200
8556 8558 300.000000 0.957200
8557 8558 300.000000 1.513901
8559 8560 300.000000 0.957200
8559 8561 300.000000 0.957200
8560 8561 300.000000 1.513901
8562 8563 300.000000 0.957200
8562 8564 300.000000 0.957200
8563 8564 300.000000 1.513901
8565 8566 300.000000 0.957200
8565 8567 300.000000 0.957200
8566 8567 300.000000 1.513901
8568 8569 300.000000 0.957200
8568 8570 300.000000 0.957200
8569 8570 300.000000 1.513901
8571 8572 300.000000 0.957200
8571 8573 300.000000 0.957200
8572 8573 300.000000 1.513901
8574 8575 300.000000 0.957200
8574 8576 300.000000 0.957200
8575 8576 300.000000 1.513901
8577 8578 300.000000 0.957200
8577 8579 300.000000 0.957200
8578 8579 300.000000 1.513901
8580 8581 300.000000 0.957200
8580 8582 300.000000 0.957200
8581 8582 300.000000 1.513901
8583 8584 300.000000 0.957200
8583 8585 300.000000 0.957200
8584 8585 300.000000 1.513901
8586 8587 300.000000 0.957200
8586 8588 300.000000 0.957200
8587 8588 300.000000 1.513901
8589 8590 300.000000 0.957200
8589 8591 300.000000 0.957200
8590 8591 300.000000 1.513901
8592 8593 300.000000 0.957200
8592 8594 300.000000 0.957200
8593 8594 300.000000 1.513901
8595 8596 300.000000 0.957200
8595 8597 300.000000 0.957200
8596 8597 300.000000 1.513901
8598 8599 300.000000 0.957200
8598 8600 300.000000 0.957200
8599 8600 300.000000 1.513901
8601 8602 300.000000 0.957200
8601 8603 300.000000 0.957200
8602 8603 300.000000 1.513901
8604 8605 300.000000 0.957200
8604 8606 300.000000 0.957200
8605 8606 300.000000 1.513901
8607 8608 300.000000 0.957200
8607 8609 300.000000 0.957200
8608 8609 300.000000 1.513901
8610 8611 300.000000 0.957200
8610 8612 300.000000 0.957200
8611 8612 300.000000 1.513901
8613 8614 300.000000 0.957200
8613 8615 300.000000 0.957200
8614 8615 300.000000 1.513901
8616 8617 300.000000 0.957200
8616 8618 300.000000 0.957200
8617 8618 300.000000 1.513901
8619 8620 300.000000 0.957200
8619 8621 300.000000 0.957200
8620 8621 300.000000 1.513901
8622 8623 300.000000 0.957200
8622 8624 300.000000 0.957200
8623 8624 300.000000 1.513901
8625 8626 300.000000 0.957200
8625 8627 300.000000 0.957200
8626 8627 300.000000 1.513901
8628 8629 300.000000 0.957200
8628 8630 300.000000 0.957200
8629 8630 300.000000 1.513901
8631 8632 300.000000 0.957200
8631 8633 300.000000 0.957200
8632 8633 300.000000 1.513901
8634 8635 300.000000 0.957200
8634 8636 300.000000 0.957200
8635 8636 300.000000 1.513901
8637 8638 300.000000 0.957200
8637 8639 300.000000 0.957200
8638 8639 300.000000 1.513901
8640 8641 300.000000 0.957200
8640 8642 300.000000 0.957200
8641 8642 300.000000 1.513901
8643 8644 300.000000 0.957200
8643 8645 300.000000 0.957200
8644 8645 300.000000 1.513901
8646 8647 300.000000 0.957200
8646 8648 300.000000 0.957200
8647 8648 300.000000 1.513901
8649 8650 300.000000 0.957200
8649 8651 300.000000 0.957200
8650 8651 300.000000 1.513901
8652 8653 300.000000 0.957200
8652 8654 300.000000 0.957200
8653 8654 300.000000 1.513901
8655 8656 300.000000 0.957200
8655 8657 300.000000 0.957200
8656 8657 300.000000 1.513901
8658 8659 300.000000 0.957200
8658 8660 300.000000 0.957200
8659 8660 300.000000 1.513901
8661 8662 300.000000 0.957200
8661 8663 300.000000 0.957200
8662 8663 300.000000 1.513901
8664 8665 300.000000 0.957200
8664 8666 300.000000 0.957200
8665 8666 300.000000 1.513901
8667 8668 300.000000 0.957200
8667 8669 300.000000 0.957200
8668 8669 300.000000 1.513901
8670 8671 300.000000 0.957200
8670 8672 300.000000 0.957200
8671 8672 300.000000 1.513901
8673 8674 300.000000 0.957200
8673 8675 300.000000 0.957200
8674 8675 300.000000 1.513901
8676 8677 300.000000 0.957200
8676 8678 300.000000 0.957200
8677 8678 300.000000 1.513901
8679 8680 300.000000 0.957200
8679 8681 300.000000 0.957200
8680 8681 300.000000 1.513901
8682 8683 300.000000 0.957200
8682 8684 300.000000 0.957200
8683 8684 300.000000 1.513901
8685 8686 300.000000 0.957200
8685 8687 300.000000 0.957200
8686 8687 300.000000 1.513901
8688 8689 300.000000 0.957200
8688 8690 300.000000 0.957200
8689 8690 300.000000 1.513901
8691 8692 300.000000 0.957200
8691 8693 300.000000 0.957200
8692 8693 300.000000 1.513901
8694 8695 300.000000 0.957200
8694 8696 300.000000 0.957200
8695 8696 300.000000 1.513901
8697 8698 300.000000 0.957200
8697 8699 300.000000 0.957200
8698 8699 300.000000 1.513901
8700 8701 300.000000 0.957200
8700 8702 300.000000 0.957200
8701 8702 300.000000 1.513901
8703 8704 300.000000 0.957200
8703 8705 300.000000 0.957200
8704 8705 300.000000 1.513901
8706 8707 300.000000 0.957200
8706 8708 300.000000 0.957200
8707 8708 300.000000 1.513901
8709 8710 300.000000 0.957200
8709 8711 300.000000 0.957200
8710 8711 300.000000 1.513901
8712 8713 300.000000 0.957200
8712 8714 300.000000 0.957200
8713 8714 300.000000 1.513901
8715 8716 300.000000 0.957200
8715 8717 300.000000 0.957200
8716 8717 300.000000 1.513901
8718 8719 300.000000 0.957200
8718 8720 300.000000 0.957200
8719 8720 300.000000 1.513901
8721 8722 300.000000 0.957200
8721 8723 300.000000 0.957200
8722 8723 300.000000 1.513901
8724 8725 300.000000 0.957200
8724 8726 300.000000 0.957200
8725 8726 300.000000 1.513901
8727 8728 300.000000 0.957200
8727 8729 300.000000 0.957200
8728 8729 300.000000 1.513901
8730 8731 300.000000 0.957200
8730 8732 300.000000 0.957200
8731 8732 300.000000 1.513901
8733 8734 300.000000 0.957200
8733 8735 300.000000 0.957200
8734 8735 300.000000 1.513901
8736 8737 300.000000 0.957200
8736 8738 300.000000 0.957200
8737 8738 300.000000 1.513901
8739 8740 300.000000 0.957200
8739 8741 300.000000 0.957200
8740 8741 300.000000 1.513901
8742 8743 300.000000 0.957200
8742 8744 300.000000 0.957200
8743 8744 300.000000 1.513901
8745 8746 300.000000 0.957200
8745 8747 300.000000 0.957200
8746 8747 300.000000 1.513901
8748 8749 300.000000 0.957200
8748 8750 300.000000 0.957200
8749 8750 300.000000 1.513901
8751 8752 300.000000 0.957200
8751 8753 300.000000 0.957200
8752 8753 300.000000 1.513901
8754 8755 300.000000 0.957200
8754 8756 300.000000 0.957200
8755 8756 300.000000 1.513901
8757 8758 300.000000 0.957200
8757 8759 300.000000 0.957200
8758 8759 300.000000 1.513901
8760 8761 300.000000 0.957200
8760 8762 300.000000 0.957200
8761 8762 300.000000 1.513901
8763 8764 300.000000 0.957200
8763 8765 300.000000 0.957200
8764 8765 300.000000 1.513901
8766 8767 300.000000 0.957200
8766 8768 300.000000 0.957200
8767 8768 300.000000 1.513901
8769 8770 300.000000 0.957200
8769 8771 300.000000 0.957200
8770 8771 300.000000 1.513901
8772 8773 300.000000 0.957200
8772 8774 300.000000 0.957200
8773 8774 300.000000 1.513901
8775 8776 300.000000 0.957200
8775 8777 300.000000 0.957200
8776 8777 300.000000 1.513901
8778 8779 300.000000 0.957200
8778 8780 300.000000 0.957200
8779 8780 300.000000 1.513901
8781 8782 300.000000 0.957200
8781 8783 300.000000 0.957200
8782 8783 300.000000 1.513901
8784 8785 300.000000 0.957200
8784 8786 300.000000 0.957200
8785 8786 300.000000 1.513901
8787 8788 300.000000 0.957200
8787 8789 300.000000 0.957200
8788 8789 300.000000 1.513901
8790 8791 300.000000 0.957200
8790 8792 300.000000 0.957200
8791 8792 300.000000 1.513901
8793 8794 300.000000 0.957200
8793 8795 300.000000 0.957200
8794 8795 300.000000 1.513901
8796 8797 300.000000 0.957200
8796 8798 300.000000 0.957200
8797 8798 300.000000 1.513901
8799 8800 300.000000 0.957200
8799 8801 300.000000 0.957200
8800 8801 300.000000 1.513901
8802 8803 300.000000 0.957200
8802 8804 300.000000 0.957200
8803 8804 300.000000 1.513901
8805 8806 300.000000 0.957200
8805 8807 300.000000 0.957200
8806 8807 300.000000 1.513901
8808 8809 300.000000 0.957200
8808 8810 300.000000 0.957200
8809 8810 300.000000 1.513901
8811 8812 300.000000 0.957200
8811 8813 300.000000 0.957200
8812 8813 300.000000 1.513901
8814 8815 300.000000 0.957200
8814 8816 300.000000 0.957200
8815 8816 300.000000 1.513901
8817 8818 300.000000 0.957200
8817 8819 300.000000 0.957200
8818 8819 300.000000 1.513901
8820 8821 300.000000 0.957200
8820 8822 300.000000 0.957200
8821 8822 300.000000 1.513901
8823 8824 300.000000 0.957200
8823 8825 300.000000 0.957200
8824 8825 300.000000 1.513901
8826 8827 300.000000 0.957200
8826 8828 300.000000 0.957200
8827 8828 300.000000 1.513901
8829 8830 300.000000 0.957200
8829 8831 300.000000 0.957200
8830 8831 300.000000 1.513901
8832 8833 300.000000 0.957200
8832 8834 300.000000 0.957200
8833 8834 300.000000 1.513901
8835 8836 300.000000 0.957200
8835 8837 300.000000 0.957200
8836 8837 300.000000 1.513901
8838 8839 300.000000 0.957200
8838 8840 300.000000 0.957200
8839 8840 300.000000 1.513901
8841 8842 300.000000 0.957200
8841 8843 300.000000 0.957200
8842 8843 300.000000 1.513901
8844 8845 300.000000 0.957200
8844 8846 300.000000 0.957200
8845 8846 300.000000 1.513901
8847 8848 300.000000 0.957200
8847 8849 300.000000 0.957200
8848 8849 300.000000 1.513901
8850 8851 300.000000 0.957200
8850 8852 300.000000 0.957200
8851 8852 300.000000 1.513901
8853 8854 300.000000 0.957200
8853 8855 300.000000 0.957200
8854 8855 300.000000 1.513901
8856 8857 300.000000 0.957200
8856 8858 300.000000 0.957200
8857 8858 300.000000 1.513901
8859 8860 300.000000 0.957200
8859 8861 300.000000 0.957200
8860 8861 300.000000 1.513901
8862 8863 300.000000 0.957200
8862 8864 300.000000 0.957200
8863 8864 300.000000 1.513901
8865 8866 300.000000 0.957200
8865 8867 300.000000 0.957200
8866 8867 300.000000 1.513901
8868 8869 300.000000 0.957200
8868 8870 300.000000 0.957200
8869 8870 300.000000 1.513901
8871 8872 300.000000 0.957200
8871 8873 300.000000 0.957200
8872 8873 300.000000 1.513901
8874 8875 300.000000 0.957200
8874 8876 300.000000 0.957200
8875 8876 300.000000 1.513901
8877 8878 300.000000 0.957200
8877 8879 300.000000 0.957200
8878 8879 300.000000 1.513901
8880 8881 300.000000 0.957200
8880 8882 300.000000 0.957200
8881 8882 300.000000 1.513901
8883 8884 300.000000 0.957200
8883 8885 300.000000 0.957200
8884 8885 300.000000 1.513901
8886 8887 300.000000 0.957200
8886 8888 300.000000 0.957200
8887 8888 300.000000 1.513901
8889 8890 300.000000 0.957200
8889 8891 300.000000 0.957200
8890 8891 300.000000 1.513901
8892 8893 300.000000 0.957200
8892 8894 300.000000 0.957200
8893 8894 300.000000 1.513901
8895 8896 300.000000 0.957200
8895 8897 300.000000 0.957200
8896 8897 300.000000 1.513901
8898 8899 300.000000 0.957200
8898 8900 300.000000 0.957200
8899 8900 300.000000 1.513901
8901 8902 300.000000 0.957200
8901 8903 300.000000 0.957200
8902 8903 300.000000 1.513901
8904 8905 300.000000 0.957200
8904 8906 300.000000 0.957200
8905 8906 300.000000 1.513901
8907 8908 300.000000 0.957200
8907 8909 300.000000 0.957200
8908 8909 300.000000 1.513901
8910 8911 300.000000 0.957200
8910 8912 300.000000 0.957200
8911 8912 300.000000 1.513901
8913 8914 300.000000 0.957200
8913 8915 300.000000 0.957200
8914 8915 300.000000 1.513901
8916 8917 300.000000 0.957200
8916 8918 300.000000 0.957200
8917 8918 300.000000 1.513901
8919 8920 300.000000 0.957200
8919 8921 300.000000 0.957200
8920 8921 300.000000 1.513901
8922 8923 300.000000 0.957200
8922 8924 300.000000 0.957200
8923 8924 300.000000 1.513901
8925 8926 300.000000 0.957200
8925 8927 300.000000 0.957200
8926 8927 300.000000 1.513901
8928 8929 300.000000 0.957200
8928 8930 300.000000 0.957200
8929 8930 300.000000 1.513901
8931 8932 300.000000 0.957200
8931 8933 300.000000 0.957200
8932 8933 300.000000 1.513901
8934 8935 300.000000 0.957200
8934 8936 300.000000 0.957200
8935 8936 300.000000 1.513901
8937 8938 300.000000 0.957200
8937 8939 300.000000 0.957200
8938 8939 300.000000 1.513901
8940 8941 300.000000 0.957200
8940 8942 300.000000 0.957200
8941 8942 300.000000 1.513901
8943 8944 300.000000 0.957200
8943 8945 300.000000 0.957200
8944 8945 300.000000 1.513901
8946 8947 300.000000 0.957200
8946 8948 300.000000 0.957200
8947 8948 300.000000 1.513901
8949 8950 300.000000 0.957200
8949 8951 300.000000 0.957200
8950 8951 300.000000 1.513901
8952 8953 300.000000 0.957200
8952 8954 300.000000 0.957200
8953 8954 300.000000 1.513901
8955 8956 300.000000 0.957200
8955 8957 300.000000 0.957200
8956 8957 300.000000 1.513901
8958 8959 300.000000 0.957200
8958 8960 300.000000 0.957200
8959 8960 300.000000 1.513901
8961 8962 300.000000 0.957200
8961 8963 300.000000 0.957200
8962 8963 300.000000 1.513901
8964 8965 300.000000 0.957200
8964 8966 300.000000 0.957200
8965 8966 300.000000 1.513901
8967 8968 300.000000 0.957200
8967 8969 300.000000 0.957200
8968 8969 300.000000 1.513901
8970 8971 300.000000 0.957200
8970 8972 300.000000 0.957200
8971 8972 300.000000 1.513901
8973 8974 300.000000 0.957200
8973 8975 300.000000 0.957200
8974 8975 300.000000 1.513901
8976 8977 300.000000 0.957200
8976 8978 300.000000 0.957200
8977 8978 300.000000 1.513901
8979 8980 300.000000 0.957200
8979 8981 300.000000 0.957200
8980 8981 300.000000 1.513901
8982 8983 300.000000 0.957200
8982 8984 300.000000 0.957200
8983 8984 300.000000 1.513901
8985 8986 300.000000 0.957200
8985 8987 300.000000 0.957200
8986 8987 300.000000 1.513901
8988 8989 300.000000 0.957200
8988 8990 300.000000 0.957200
8989 8990 300.000000 1.513901
8991 8992 300.000000 0.957200
8991 8993 300.000000 0.957200
8992 8993 300.000000 1.513901
8994 8995 300.000000 0.957200
8994 8996 300.000000 0.957200
8995 8996 300.000000 1.513901
8997 8998 300.000000 0.957200
8997 8999 300.000000 0.957200
8998 8999 300.000000 1.513901
9000 9001 300.000000 0.957200
9000 9002 300.000000 0.957200
9001 9002 300.000000 1.513901
9003 9004 300.000000 0.957200
9003 9005 300.000000 0.957200
9004 9005 300.000000 1.513901
9006 9007 300.000000 0.957200
9006 9008 300.000000 0.957200
9007 9008 300.000000 1.513901
9009 9010 300.000000 0.957200
9009 9011 300.000000 0.957200
9010 9011 300.000000 1.513901
9012 9013 300.000000 0.957200
9012 9014 300.000000 0.957200
9013 9014 300.000000 1.513901
9015 9016 300.000000 0.957200
9015 9017 300.000000 0.957200
9016 9017 300.000000 1.513901
9018 9019 300.000000 0.957200
9018 9020 300.000000 0.957200
9019 9020 300.000000 1.513901
9021 9022 300.000000 0.957200
9021 9023 300.000000 0.957200
9022 9023 300.000000 1.513901
9024 9025 300.000000 0.957200
9024 9026 300.000000 0.957200
9025 9026 300.000000 1.513901
9027 9028 300.000000 0.957200
9027 9029 300.000000 0.957200
9028 9029 300.000000 1.513901
9030 9031 300.000000 0.957200
9030 9032 300.000000 0.957200
9031 9032 300.000000 1.513901
9033 9034 300.000000 0.957200
9033 9035 300.000000 0.957200
9034 9035 300.000000 1.513901
9036 9037 300.000000 0.957200
9036 9038 300.000000 0.957200
9037 9038 300.000000 1.513901
9039 9040 300.000000 0.957200
9039 9041 300.000000 0.957200
9040 9041 300.000000 1.513901
9042 9043 300.000000 0.957200
9042 9044 300.000000 0.957200
9043 9044 300.000000 1.513901
9045 9046 300.000000 0.957200
9045 9047 300.000000 0.957200
9046 9047 300.000000 1.513901
9048 9049 300.000000 0.957200
9048 9050 300.000000 0.957200
9049 9050 300.000000 1.513901
9051 9052 300.000000 0.957200
9051 9053 300.000000 0.957200
9052 9053 300.000000 1.513901
9054 9055 300.000000 0.957200
9054 9056 300.000000 0.957200
9055 9056 300.000000 1.513901
9057 9058 300.000000 0.957200
9057 9059 300.000000 0.957200
9058 9059 300.000000 1.513901
9060 9061 300.000000 0.957200
9060 9062 300.000000 0.957200
9061 9062 300.000000 1.513901
9063 9064 300.000000 0.957200
9063 9065 300.000000 0.957200
9064 9065 300.000000 1.513901
9066 9067 300.000000 0.957200
9066 9068 300.000000 0.957200
9067 9068 300.000000 1.513901
9069 9070 300.000000 0.957200
9069 9071 300.000000 0.957200
9070 9071 300.000000 1.513901
9072 9073 300.000000 0.957200
9072 9074 300.000000 0.957200
9073 9074 300.000000 1.513901
9075 9076 300.000000 0.957200
9075 9077 300.000000 0.957200
9076 9077 300.000000 1.513901
9078 9079 300.000000 0.957200
9078 9080 300.000000 0.957200
9079 9080 300.000000 1.513901
9081 9082 300.000000 0.957200
9081 9083 300.000000 0.957200
9082 9083 300.000000 1.513901
9084 9085 300.000000 0.957200
9084 9086 300.000000 0.957200
9085 9086 300.000000 1.513901
9087 9088 300.000000 0.957200
9087 9089 300.000000 0.957200
9088 9089 300.000000 1.513901
9090 9091 300.000000 0.957200
9090 9092 300.000000 0.957200
9091 9092 300.000000 1.513901
9093 9094 300.000000 0.957200
9093 9095 300.000000 0.957200
9094 9095 300.000000 1.513901
9096 9097 300.000000 0.957200
9096 9098 300.000000 0.957200
9097 9098 300.000000 1.513901
9099 9100 300.000000 0.957200
9099 9101 300.000000 0.957200
9100 9101 300.000000 1.513901
9102 9103 300.000000 0.957200
9102 9104 300.000000 0.957200
9103 9104 300.000000 1.513901
9105 9106 300.000000 0.957200
9105 9107 300.000000 0.957200
9106 9107 300.000000 1.513901
9108 9109 300.000000 0.957200
9108 9110 300.000000 0.957200
9109 9110 300.000000 1.513901
9111 9112 300.000000 0.957200
9111 9113 300.000000 0.957200
9112 9113 300.000000 1.513901
9114 9115 300.000000 0.957200
9114 9116 300.000000 0.957200
9115 9116 300.000000 1.513901
9117 9118 300.000000 0.957200
9117 9119 300.000000 0.957200
9118 9119 300.000000 1.513901
9120 9121 300.000000 0.957200
9120 9122 300.000000 0.957200
9121 9122 300.000000 1.513901
9123 9124 300.000000 0.957200
9123 9125 300.000000 0.957200
9124 9125 300.000000 1.513901
9126 9127 300.000000 0.957200
9126 9128 300.000000 0.957200
9127 9128 300.000000 1.513901
9129 9130 300.000000 0.957200
9129 9131 300.000000 0.957200
9130 9131 300.000000 1.513901
9132 9133 300.000000 0.957200
9132 9134 300.000000 0.957200
9133 9134 300.000000 1.513901
9135 9136 300.000000 0.957200
9135 9137 300.000000 0.957200
9136 9137 300.000000 1.513901
9138 9139 300.000000 0.957200
9138 9140 300.000000 0.957200
9139 9140 300.000000 1.513901
9141 9142 300.000000 0.957200
9141 9143 300.000000 0.957200
9142 9143 300.000000 1.513901
9144 9145 300.000000 0.957200
9144 9146 300.000000 0.957200
9145 9146 300.000000 1.513901
9147 9148 300.000000 0.957200
9147 9149 300.000000 0.957200
9148 9149 300.000000 1.513901
9150 9151 300.000000 0.957200
9150 9152 300.000000 0.957200
9151 9152 300.000000 1.513901
9153 9154 300.000000 0.957200
9153 9155 300.000000 0.957200
9154 9155 300.000000 1.513901
9156 9157 300.000000 0.957200
9156 9158 300.000000 0.957200
9157 9158 300.000000 1.513901
9159 9160 300.000000 0.957200
9159 9161 300.000000 0.957200
9160 9161 300.000000 1.513901
9162 9163 300.000000 0.957200
9162 9164 300.000000 0.957200
9163 9164 300.000000 1.513901
9165 9166 300.000000 0.957200
9165 9167 300.000000 0.957200
9166 9167 300.000000 1.513901
9168 9169 300.000000 0.957200
9168 9170 300.000000 0.957200
9169 9170 300.000000 1.513901
9171 9172 300.000000 0.957200
9171 9173 300.000000 0.957200
9172 9173 300.000000 1.513901
9174 9175 300.000000 0.957200
9174 9176 300.000000 0.957200
9175 9176 300.000000 1.513901
9177 9178 300.000000 0.957200
9177 9179 300.000000 0.957200
9178 9179 300.000000 1.513901
9180 9181 300.000000 0.957200
9180 9182 300.000000 0.957200
9181 9182 300.000000 1.513901
9183 9184 300.000000 0.957200
9183 9185 300.000000 0.957200
9184 9185 300.000000 1.513901
9186 9187 300.000000 0.957200
9186 9188 300.000000 0.957200
9187 9188 300.000000 1.513901
9189 9190 300.000000 0.957200
9189 9191 300.000000 0.957200
9190 9191 300.000000 1.513901
9192 9193 300.000000 0.957200
9192 9194 300.000000 0.957200
9193 9194 300.000000 1.513901
9195 9196 300.000000 0.957200
9195 9197 300.000000 0.957200
9196 9197 300.000000 1.513901
9198 9199 300.000000 0.957200
9198 9200 300.000000 0.957200
9199 9200 300.000000 1.513901
9201 9202 300.000000 0.957200
9201 9203 300.000000 0.957200
9202 9203 300.000000 1.513901
9204 9205 300.000000 0.957200
9204 9206 300.000000 0.957200
9205 9206 300.000000 1.513901
9207 9208 300.000000 0.957200
9207 9209 300.000000 0.957200
9208 9209 300.000000 1.513901
9210 9211 300.000000 0.957200
9210 9212 300.000000 0.957200
9211 9212 300.000000 1.513901
9213 9214 300.000000 0.957200
9213 9215 300.000000 0.957200
9214 9215 300.000000 1.513901
9216 9217 300.000000 0.957200
9216 9218 300.000000 0.957200
9217 9218 300.000000 1.513901
9219 9220 300.000000 0.957200
9219 9221 300.000000 0.957200
9220 9221 300.000000 1.513901
9222 9223 300.000000 0.957200
9222 9224 300.000000 0.957200
9223 9224 300.000000 1.513901
9225 9226 300.000000 0.957200
9225 9227 300.000000 0.957200
9226 9227 300.000000 1.513901
9228 9229 300.000000 0.957200
9228 9230 300.000000 0.957200
9229 9230 300.000000 1.513901
9231 9232 300.000000 0.957200
9231 9233 300.000000 0.957200
9232 9233 300.000000 1.513901
9234 9235 300.000000 0.957200
9234 9236 300.000000 0.957200
9235 9236 300.000000 1.513901
9237 9238 300.000000 0.957200
9237 9239 300.000000 0.957200
9238 9239 300.000000 1.513901
9240 9241 300.000000 0.957200
9240 9242 300.000000 0.957200
9241 9242 300.000000 1.513901
9243 9244 300.000000 0.957200
9243 9245 300.000000 0.957200
9244 9245 300.000000 1.513901
9246 9247 300.000000 0.957200
9246 9248 300.000000 0.957200
9247 9248 300.000000 1.513901
9249 9250 300.000000 0.957200
9249 9251 300.000000 0.957200
9250 9251 300.000000 1.513901
9252 9253 300.000000 0.957200
9252 9254 300.000000 0.957200
9253 9254 300.000000 1.513901
9255 9256 300.000000 0.957200
9255 9257 300.000000 0.957200
9256 9257 300.000000 1.513901
9258 9259 300.000000 0.957200
9258 9260 300.000000 0.957200
9259 9260 300.000000 1.513901
9261 9262 300.000000 0.957200
9261 9263 300.000000 0.957200
9262 9263 300.000000 1.513901
9264 9265 300.000000 0.957200
9264 9266 300.000000 0.957200
9265 9266 300.000000 1.513901
9267 9268 300.000000 0.957200
9267 9269 300.000000 0.957200
9268 9269 300.000000 1.513901
9270 9271 300.000000 0.957200
9270 9272 300.000000 0.957200
9271 9272 300.000000 1.513901
9273 9274 300.000000 0.957200
9273 9275 300.000000 0.957200
9274 9275 300.000000 1.513901
9276 9277 300.000000 0.957200
9276 9278 300.000000 0.957200
9277 9278 300.000000 1.513901
9279 9280 300.000000 0.957200
9279 9281 300.000000 0.957200
9280 9281 300.000000 1.513901
9282 9283 300.000000 0.957200
9282 9284 300.000000 0.957200
9283 9284 300.000000 1.513901
9285 9286 300.000000 0.957200
9285 9287 300.000000 0.957200
9286 9287 300.000000 1.513901
9288 9289 300.000000 0.957200
9288 9290 300.000000 0.957200
9289 9290 300.000000 1.513901
9291 9292 300.000000 0.957200
9291 9293 300.000000 0.957200
9292 9293 300.000000 1.513901
9294 9295 300.000000 0.957200
9294 9296 300.000000 0.957200
9295 9296 300.000000 1.513901
9297 9298 300.000000 0.957200
9297 9299 300.000000 0.957200
9298 9299 300.000000 1.513901
9300 9301 300.000000 0.957200
9300 9302 300.000000 0.957200
9301 9302 300.000000 1.513901
9303 9304 300.000000 0.957200
9303 9305 300.000000 0.957200
9304 9305 300.000000 1.513901
9306 9307 300.000000 0.957200
9306 9308 300.000000 0.957200
9307 9308 300.000000 1.513901
9309 9310 300.000000 0.957200
9309 9311 300.000000 0.957200
9310 9311 300.000000 1.513901
9312 9313 300.000000 0.957200
9312 9314 300.000000 0.957200
9313 9314 300.000000 1.513901
9315 9316 300.000000 0.957200
9315 9317 300.000000 0.957200
9316 9317 300.000000 1.513901
9318 9319 300.000000 0.957200
9318 9320 300.000000 0.957200
9319 9320 300.000000 1.513901
9321 9322 300.000000 0.957200
9321 9323 300.000000 0.957200
9322 9323 300.000000 1.513901
9324 9325 300.000000 0.957200
9324 9326 300.000000 0.957200
9325 9326 300.000000 1.513901
9327 9328 300.000000 0.957200
9327 9329 300.000000 0.957200
9328 9329 300.000000 1.513901
9330 9331 300.000000 0.957200
9330 9332 300.000000 0.957200
9331 9332 300.000000 1.513901
9333 9334 300.000000 0.957200
9333 9335 300.000000 0.957200
9334 9335 300.000000 1.513901
9336 9337 300.000000 0.957200
9336 9338 300.000000 0.957200
9337 9338 300.000000 1.513901
9339 9340 300.000000 0.957200
9339 9341 300.000000 0.957200
9340 9341 300.000000 1.513901
9342 9343 300.000000 0.957200
9342 9344 300.000000 0.957200
9343 9344 300.000000 1.513901
9345 9346 300.000000 0.957200
9345 9347 300.000000 0.957200
9346 9347 300.000000 1.513901
9348 9349 300.000000 0.957200
9348 9350 300.000000 0.957200
9349 9350 300.000000 1.513901
9351 9352 300.000000 0.957200
9351 9353 300.000000 0.957200
9352 9353 300.000000 1.513901
9354 9355 300.000000 0.957200
9354 9356 300.000000 0.957200
9355 9356 300.000000 1.513901
9357 9358 300.000000 0.957200
9357 9359 300.000000 0.957200
9358 9359 300.000000 1.513901
9360 9361 300.000000 0.957200
9360 9362 300.000000 0.957200
9361 9362 300.000000 1.513901
9363 9364 300.000000 0.957200
9363 9365 300.000000 0.957200
9364 9365 300.000000 1.513901
9366 9367 300.000000 0.957200
9366 9368 300.000000 0.957200
9367 9368 300.000000 1.513901
9369 9370 300.000000 0.957200
9369 9371 300.000000 0.957200
9370 9371 300.000000 1.513901
9372 9373 300.000000 0.957200
9372 9374 300.000000 0.957200
9373 9374 300.000000 1.513901
9375 9376 300.000000 0.957200
9375 9377 300.000000 0.957200
9376 9377 300.000000 1.513901
9378 9379 300.000000 0.957200
9378 9380 300.000000 0.957200
9379 9380 300.000000 1.513901
9381 9382 300.000000 0.957200
9381 9383 300.000000 0.957200
9382 9383 300.000000 1.513901
9384 9385 300.000000 0.957200
9384 9386 300.000000 0.957200
9385 9386 300.000000 1.513901
9387 9388 300.000000 0.957200
9387 9389 300.000000 0.957200
9388 9389 300.000000 1.513901
9390 9391 300.000000 0.957200
9390 9392 300.000000 0.957200
9391 9392 300.000000 1.513901
9393 9394 300.000000 0.957200
9393 9395 300.000000 0.957200
9394 9395 300.000000 1.513901
9396 9397 300.000000 0.957200
9396 9398 300.000000 0.957200
9397 9398 300.000000 1.513901
9399 9400 300.000000 0.957200
9399 9401 300.000000 0.957200
9400 9401 300.000000 1.513901
9402 9403 300.000000 0.957200
9402 9404 300.000000 0.957200
9403 9404 300.000000 1.513901
9405 9406 300.000000 0.957200
9405 9407 300.000000 0.957200
9406 9407 300.000000 1.513901
9408 9409 300.000000 0.957200
9408 9410 300.000000 0.957200
9409 9410 300.000000 1.513901
9411 9412 300.000000 0.957200
9411 9413 300.000000 0.957200
9412 9413 300.000000 1.513901
9414 9415 300.000000 0.957200
9414 9416 300.000000 0.957200
9415 9416 300.000000 1.513901
9417 9418 300.000000 0.957200
9417 9419 300.000000 0.957200
9418 9419 300.000000 1.513901
9420 9421 300.000000 0.957200
9420 9422 300.000000 0.957200
9421 9422 300.000000 1.513901
9423 9424 300.000000 0.957200
9423 9425 300.000000 0.957200
9424 9425 300.000000 1.513901
9426 9427 300.000000 0.957200
9426 9428 300.000000 0.957200
9427 9428 300.000000 1.513901
9429 9430 300.000000 0.957200
9429 9431 300.000000 0.957200
9430 9431 300.000000 1.513901
9432 9433 300.000000 0.957200
9432 9434 300.000000 0.957200
9433 9434 300.000000 1.513901
9435 9436 300.000000 0.957200
9435 9437 300.000000 0.957200
9436 9437 300.000000 1.513901
9438 9439 300.000000 0.957200
9438 9440 300.000000 0.957200
9439 9440 300.000000 1.513901
9441 9442 300.000000 0.957200
9441 9443 300.000000 0.957200
9442 9443 300.000000 1.513901
9444 9445 300.000000 0.957200
9444 9446 300.000000 0.957200
9445 9446 300.000000 1.513901
9447 9448 300.000000 0.957200
9447 9449 300.000000 0.957200
9448 9449 300.000000 1.513901
9450 9451 300.000000 0.957200
9450 9452 300.000000 0.957200
9451 9452 300.000000 1.513901
9453 9454 300.000000 0.957200
9453 9455 300.000000 0.957200
9454 9455 300.000000 1.513901
9456 9457 300.000000 0.957200
9456 9458 300.000000 0.957200
9457 9458 300.000000 1.513901
9459 9460 300.000000 0.957200
9459 9461 300.000000 0.957200
9460 9461 300.000000 1.513901
9462 9463 300.000000 0.957200
9462 9464 300.000000 0.957200
9463 9464 300.000000 1.513901
9465 9466 300.000000 0.957200
9465 9467 300.000000 0.957200
9466 9467 300.000000 1.513901
9468 9469 300.000000 0.957200
9468 9470 300.000000 0.957200
9469 9470 300.000000 1.513901
9471 9472 300.000000 0.957200
9471 9473 300.000000 0.957200
9472 9473 300.000000 1.513901
9474 9475 300.000000 0.957200
9474 9476 300.000000 0.957200
9475 9476 300.000000 1.513901
9477 9478 300.000000 0.957200
9477 9479 300.000000 0.957200
9478 9479 300.000000 1.513901
9480 9481 300.000000 0.957200
9480 9482 300.000000 0.957200
9481 9482 300.000000 1.513901
9483 9484 300.000000 0.957200
9483 9485 300.000000 0.957200
9484 9485 300.000000 1.513901
9486 9487 300.000000 0.957200
9486 9488 300.000000 0.957200
9487 9488 300.000000 1.513901
9489 9490 300.000000 0.957200
9489 9491 300.000000 0.957200
9490 9491 300.000000 1.513901
9492 9493 300.000000 0.957200
9492 9494 300.000000 0.957200
9493 9494 300.000000 1.513901
9495 9496 300.000000 0.957200
9495 9497 300.000000 0.957200
9496 9497 300.000000 1.513901
9498 9499 300.000000 0.957200
9498 9500 300.000000 0.957200
9499 9500 300.000000 1.513901
9501 9502 300.000000 0.957200
9501 9503 300.000000 0.957200
9502 9503 300.000000 1.513901
9504 9505 300.000000 0.957200
9504 9506 300.000000 0.957200
9505 9506 300.000000 1.513901
9507 9508 300.000000 0.957200
9507 9509 300.000000 0.957200
9508 9509 300.000000 1.513901
9510 9511 300.000000 0.957200
9510 9512 300.000000 0.957200
9511 9512 300.000000 1.513901
9513 9514 300.000000 0.957200
9513 9515 300.000000 0.957200
9514 9515 300.000000 1.513901
9516 9517 300.000000 0.957200
9516 9518 300.000000 0.957200
9517 9518 300.000000 1.513901
9519 9520 300.000000 0.957200
9519 9521 300.000000 0.957200
9520 9521 300.000000 1.513901
9522 9523 300.000000 0.957200
9522 9524 300.000000 0.957200
9523 9524 300.000000 1.513901
9525 9526 300.000000 0.957200
9525 9527 300.000000 0.957200
9526 9527 300.000000 1.513901
9528 9529 300.000000 0.957200
9528 9530 300.000000 0.957200
9529 9530 300.000000 1.513901
9531 9532 300.000000 0.957200
9531 9533 300.000000 0.957200
9532 9533 300.000000 1.513901
9534 9535 300.000000 0.957200
9534 9536 300.000000 0.957200
9535 9536 300.000000 1.513901
9537 9538 300.000000 0.957200
9537 9539 300.000000 0.957200
9538 9539 300.000000 1.513901
9540 9541 300.000000 0.957200
9540 9542 300.000000 0.957200
9541 9542 300.000000 1.513901
9543 9544 300.000000 0.957200
9543 9545 300.000000 0.957200
9544 9545 300.000000 1.513901
9546 9547 300.000000 0.957200
9546 9548 300.000000 0.957200
9547 9548 300.000000 1.513901
9549 9550 300.000000 0.957200
9549 9551 300.000000 0.957200
9550 9551 300.000000 1.513901
9552 9553 300.000000 0.957200
9552 9554 300.000000 0.957200
9553 9554 300.000000 1.513901
9555 9556 300.000000 0.957200
9555 9557 300.000000 0.957200
9556 9557 300.000000 1.513901
9558 9559 300.000000 0.957200
9558 9560 300.000000 0.957200
9559 9560 300.000000 1.513901
9561 9562 300.000000 0.957200
9561 9563 300.000000 0.957200
9562 9563 300.000000 1.513901
9564 9565 300.000000 0.957200
9564 9566 300.000000 0.957200
9565 9566 300.000000 1.513901
9567 9568 300.000000 0.957200
9567 9569 300.000000 0.957200
9568 9569 300.000000 1.513901
9570 9571 300.000000 0.957200
9570 9572 300.000000 0.957200
9571 9572 300.000000 1.513901
9573 9574 300.000000 0.957200
9573 9575 300.000000 0.957200
9574 9575 300.000000 1.513901
9576 9577 300.000000 0.957200
9576 9578 300.000000 0.957200
9577 9578 300.000000 1.513901
9579 9580 300.000000 0.957200
9579 9581 300.000000 0.957200
9580 9581 300.000000 1.513901
9582 9583 300.000000 0.957200
9582 9584 300.000000 0.957200
9583 9584 300.000000 1.513901
9585 9586 300.000000 0.957200
9585 9587 300.000000 0.957200
9586 9587 300.000000 1.513901
9588 9589 300.000000 0.957200
9588 9590 300.000000 0.957200
9589 9590 300.000000 1.513901
9591 9592 300.000000 0.957200
9591 9593 300.000000 0.957200
9592 9593 300.000000 1.513901
9594 9595 300.000000 0.957200
9594 9596 300.000000 0.957200
9595 9596 300.000000 1.513901
9597 9598 300.000000 0.957200
9597 9599 300.000000 0.957200
9598 9599 300.000000 1.513901
9600 9601 300.000000 0.957200
9600 9602 300.000000 0.957200
9601 9602 300.000000 1.513901
9603 9604 300.000000 0.957200
9603 9605 300.000000 0.957200
9604 9605 300.000000 1.513901
9606 9607 300.000000 0.957200
9606 9608 300.000000 0.957200
9607 9608 300.000000 1.513901
9609 9610 300.000000 0.957200
9609 9611 300.000000 0.957200
9610 9611 300.000000 1.513901
9612 9613 300.000000 0.957200
9612 9614 300.000000 0.957200
9613 9614 300.000000 1.513901
9615 9616 300.000000 0.957200
9615 9617 300.000000 0.957200
9616 9617 300.000000 1.513901
9618 9619 300.000000 0.957200
9618 9620 300.000000 0.957200
9619 9620 300.000000 1.513901
9621 9622 300.000000 0.957200
9621 9623 300.000000 0.957200
9622 9623 300.000000 1.513901
9624 9625 300.000000 0.957200
9624 9626 300.000000 0.957200
9625 9626 300.000000 1.513901
9627 9628 300.000000 0.957200
9627 9629 300.000000 0.957200
9628 9629 300.000000 1.513901
9630 9631 300.000000 0.957200
9630 9632 300.000000 0.957200
9631 9632 300.000000 1.513901
9633 9634 300.000000 0.957200
9633 9635 300.000000 0.957200
9634 9635 300.000000 1.513901
9636 9637 300.000000 0.957200
9636 9638 300.000000 0.957200
9637 9638 300.000000 1.513901
9639 9640 300.000000 0.957200
9639 9641 300.000000 0.957200
9640 9641 300.000000 1.513901
9642 9643 300.000000 0.957200
9642 9644 300.000000 0.957200
9643 9644 300.000000 1.513901
9645 9646 300.000000 0.957200
9645 9647 300.000000 0.957200
9646 9647 300.000000 1.513901
9648 9649 300.000000 0.957200
9648 9650 300.000000 0.957200
9649 9650 300.000000 1.513901
9651 9652 300.000000 0.957200
9651 9653 300.000000 0.957200
9652 9653 300.000000 1.513901
9654 9655 300.000000 0.957200
9654 9656 300.000000 0.957200
9655 9656 300.000000 1.513901
9657 9658 300.000000 0.957200
9657 9659 300.000000 0.957200
9658 9659 300.000000 1.513901
9660 9661 300.000000 0.957200
9660 9662 300.000000 0.957200
9661 9662 300.000000 1.513901
9663 9664 300.000000 0.957200
9663 9665 300.000000 0.957200
9664 9665 300.000000 1.513901
9666 9667 300.000000 0.957200
9666 9668 300.000000 0.957200
9667 9668 300.000000 1.513901
9669 9670 300.000000 0.957200
9669 9671 300.000000 0.957200
9670 9671 300.000000 1.513901
9672 9673 300.000000 0.957200
9672 9674 300.000000 0.957200
9673 9674 300.000000 1.513901
9675 9676 300.000000 0.957200
9675 9677 300.000000 0.957200
9676 9677 300.000000 1.513901
9678 9679 300.000000 0.957200
9678 9680 300.000000 0.957200
9679 9680 300.000000 1.513901
9681 9682 300.000000 0.957200
9681 9683 300.000000 0.957200
9682 9683 300.000000 1.513901
9684 9685 300.000000 0.957200
9684 9686 300.000000 0.957200
9685 9686 300.000000 1.513901
9687 9688 300.000000 0.957200
9687 9689 300.000000 0.957200
9688 9689 300.000000 1.513901
9690 9691 300.000000 0.957200
9690 9692 300.000000 0.957200
9691 9692 300.000000 1.513901
9693 9694 300.000000 0.957200
9693 9695 300.000000 0.957200
9694 9695 300.000000 1.513901
9696 9697 300.000000 0.957200
9696 9698 300.000000 0.957200
9697 9698 300.000000 1.513901
9699 9700 300.000000 0.957200
9699 9701 300.000000 0.957200
9700 9701 300.000000 1.513901
9702 9703 300.000000 0.957200
9702 9704 300.000000 0.957200
9703 9704 300.000000 1.513901
9705 9706 300.000000 0.957200
9705 9707 300.000000 0.957200
9706 9707 300.000000 1.513901
9708 9709 300.000000 0.957200
9708 9710 300.000000 0.957200
9709 9710 300.000000 1.513901
9711 9712 300.000000 0.957200
9711 9713 300.000000 0.957200
9712 9713 300.000000 1.513901
9714 9715 300.000000 0.957200
9714 9716 300.000000 0.957200
9715 9716 300.000000 1.513901
9717 9718 300.000000 0.957200
9717 9719 300.000000 0.957200
9718 9719 300.000000 1.513901
9720 9721 300.000000 0.957200
9720 9722 300.000000 0.957200
9721 9722 300.000000 1.513901
9723 9724 300.000000 0.957200
9723 9725 300.000000 0.957200
9724 9725 300.000000 1.513901
9726 9727 300.000000 0.957200
9726 9728 300.000000 0.957200
9727 9728 300.000000 1.513901
9729 9730 300.000000 0.957200
9729 9731 300.000000 0.957200
9730 9731 300.000000 1.513901
9732 9733 300.000000 0.957200
9732 9734 300.000000 0.957200
9733 9734 300.000000 1.513901
9735 9736 300.000000 0.957200
9735 9737 300.000000 0.957200
9736 9737 300.000000 1.513901
9738 9739 300.000000 0.957200
9738 9740 300.000000 0.957200
9739 9740 300.000000 1.513901
9741 9742 300.000000 0.957200
9741 9743 300.000000 0.957200
9742 9743 300.000000 1.513901
9744 9745 300.000000 0.957200
9744 9746 300.000000 0.957200
9745 9746 300.000000 1.513901
9747 9748 300.000000 0.957200
9747 9749 300.000000 0.957200
9748 9749 300.000000 1.513901
9750 9751 300.000000 0.957200
9750 9752 300.000000 0.957200
9751 9752 300.000000 1.513901
9753 9754 300.000000 0.957200
9753 9755 300.000000 0.957200
9754 9755 300.000000 1.513901
9756 9757 300.000000 0.957200
9756 9758 300.000000 0.957200
9757 9758 300.000000 1.513901
9759 9760 300.000000 0.957200
9759 9761 300.000000 0.957200
9760 9761 300.000000 1.513901
9762 9763 300.000000 0.957200
9762 9764 300.000000 0.957200
9763 9764 300.000000 1.513901
9765 9766 300.000000 0.957200
9765 9767 300.000000 0.957200
9766 9767 300.000000 1.513901
9768 9769 300.000000 0.957200
9768 9770 300.000000 0.957200
9769 9770 300.000000 1.513901
9771 9772 300.000000 0.957200
9771 9773 300.000000 0.957200
9772 9773 300.000000 1.513901
9774 9775 300.000000 0.957200
9774 9776 300.000000 0.957200
9775 9776 300.000000 1.513901
9777 9778 300.000000 0.957200
9777 9779 300.000000 0.957200
9778 9779 300.000000 1.513901
9780 9781 300.000000 0.957200
9780 9782 300.000000 0.957200
9781 9782 300.000000 1.513901
9783 9784 300.000000 0.957200
9783 9785 300.000000 0.957200
9784 9785 300.000000 1.513901
9786 9787 300.000000 0.957200
9786 9788 300.000000 0.957200
9787 9788 300.000000 1.513901
9789 9790 300.000000 0.957200
9789 9791 300.000000 0.957200
9790 9791 300.000000 1.513901
9792 9793 300.000000 0.957200
9792 9794 300.000000 0.957200
9793 9794 300.000000 1.513901
9795 9796 300.000000 0.957200
9795 9797 300.000000 0.957200
9796 9797 300.000000 1.513901
9798 9799 300.000000 0.957200
9798 9800 300.000000 0.957200
9799 9800 300.000000 1.513901
9801 9802 300.000000 0.957200
9801 9803 300.000000 0.957200
9802 9803 300.000000 1.513901
9804 9805 300.000000 0.957200
9804 9806 300.000000 0.957200
9805 9806 300.000000 1.513901
9807 9808 300.000000 0.957200
9807 9809 300.000000 0.957200
9808 9809 300.000000 1.513901
9810 9811 300.000000 0.957200
9810 9812 300.000000 0.957200
9811 9812 300.000000 1.513901
9813 9814 300.000000 0.957200
9813 9815 300.000000 0.957200
9814 9815 300.000000 1.513901
9816 9817 300.000000 0.957200
9816 9818 300.000000 0.957200
9817 9818 300.000000 1.513901
9819 9820 300.000000 0.957200
9819 9821 300.000000 0.957200
9820 9821 300.000000 1.513901
9822 9823 300.000000 0.957200
9822 9824 300.000000 0.957200
9823 9824 300.000000 1.513901
9825 9826 300.000000 0.957200
9825 9827 300.000000 0.957200
9826 9827 300.000000 1.513901
9828 9829 300.000000 0.957200
9828 9830 300.000000 0.957200
9829 9830 300.000000 1.513901
9831 9832 300.000000 0.957200
9831 9833 300.000000 0.957200
9832 9833 300.000000 1.513901
9834 9835 300.000000 0.957200
9834 9836 300.000000 0.957200
9835 9836 300.000000 1.513901
9837 9838 300.000000 0.957200
9837 9839 300.000000 0.957200
9838 9839 300.000000 1.513901
9840 9841 300.000000 0.957200
9840 9842 300.000000 0.957200
9841 9842 300.000000 1.513901
9843 9844 300.000000 0.957200
9843 9845 300.000000 0.957200
9844 9845 300.000000 1.513901
9846 9847 300.000000 0.957200
9846 9848 300.000000 0.957200
9847 9848 300.000000 1.513901
9849 9850 300.000000 0.957200
9849 9851 300.000000 0.957200
9850 9851 300.000000 1.513901
9852 9853 300.000000 0.957200
9852 9854 300.000000 0.957200
9853 9854 300.000000 1.513901
9855 9856 300.000000 0.957200
9855 9857 300.000000 0.957200
9856 9857 300.000000 1.513901
9858 9859 300.000000 0.957200
9858 9860 300.000000 0.957200
9859 9860 300.000000 1.513901
9861 9862 300.000000 0.957200
9861 9863 300.000000 0.957200
9862 9863 300.000000 1.513901
9864 9865 300.000000 0.957200
9864 9866 300.000000 0.957200
9865 9866 300.000000 1.513901
9867 9868 300.000000 0.957200
9867 9869 300.000000 0.957200
9868 9869 300.000000 1.513901
9870 9871 300.000000 0.957200
9870 9872 300.000000 0.957200
9871 9872 300.000000 1.513901
9873 9874 300.000000 0.957200
9873 9875 300.000000 0.957200
9874 9875 300.000000 1.513901
9876 9877 300.000000 0.957200
9876 9878 300.000000 0.957200
9877 9878 300.000000 1.513901
9879 9880 300.000000 0.957200
9879 9881 300.000000 0.957200
9880 9881 300.000000 1.513901
9882 9883 300.000000 0.957200
9882 9884 300.000000 0.957200
9883 9884 300.000000 1.513901
9885 9886 300.000000 0.957200
9885 9887 300.000000 0.957200
9886 9887 300.000000 1.513901
9888 9889 300.000000 0.957200
9888 9890 300.000000 0.957200
9889 9890 300.000000 1.513901
9891 9892 300.000000 0.957200
9891 9893 300.000000 0.957200
9892 9893 300.000000 1.513901
9894 9895 300.000000 0.957200
9894 9896 300.000000 0.957200
9895 9896 300.000000 1.513901
9897 9898 300.000000 0.957200
9897 9899 300.000000 0.957200
9898 9899 300.000000 1.513901
9900 9901 300.000000 0.957200
9900 9902 300.000000 0.957200
9901 9902 300.000000 1.513901
9903 9904 300.000000 0.957200
9903 9905 300.000000 0.957200
9904 9905 300.000000 1.513901
9906 9907 300.000000 0.957200
9906 9908 300.000000 0.957200
9907 9908 300.000000 1.513901
9909 9910 300.000000 0.957200
9909 9911 300.000000 0.957200
9910 9911 300.000000 1.513901
9912 9913 300.000000 0.957200
9912 9914 300.000000 0.957200
9913 9914 300.000000 1.513901
9915 9916 300.000000 0.957200
9915 9917 300.000000 0.957200
9916 9917 300.000000 1.513901
9918 9919 300.000000 0.957200
9918 9920 300.000000 0.957200
9919 9920 300.000000 1.513901
9921 9922 300.000000 0.957200
9921 9923 300.000000 0.957200
9922 9923 300.000000 1.513901
9924 9925 300.000000 0.957200
9924 9926 300.000000 0.957200
9925 9926 300.000000 1.513901
9927 9928 300.000000 0.957200
9927 9929 300.000000 0.957200
9928 9929 300.000000 1.513901
9930 9931 300.000000 0.957200
9930 9932 300.000000 0.957200
9931 9932 300.000000 1.513901
9933 9934 300.000000 0.957200
9933 9935 300.000000 0.957200
9934 9935 300.000000 1.513901
9936 9937 300.000000 0.957200
9936 9938 300.000000 0.957200
9937 9938 300.000000 1.513901
9939 9940 300.000000 0.957200
9939 9941 300.000000 0.957200
9940 9941 300.000000 1.513901
9942 9943 300.000000 0.957200
9942 9944 300.000000 0.957200
9943 9944 300.000000 1.513901
9945 9946 300.000000 0.957200
9945 9947 300.000000 0.957200
9946 9947 300.000000 1.513901
9948 9949 300.000000 0.957200
9948 9950 300.000000 0.957200
9949 9950 300.000000 1.513901
9951 9952 300.000000 0.957200
9951 9953 300.000000 0.957200
9952 9953 300.000000 1.513901
9954 9955 300.000000 0.957200
9954 9956 300.000000 0.957200
9955 9956 300.000000 1.513901
9957 9958 300.000000 0.957200
9957 9959 300.000000 0.957200
9958 9959 300.000000 1.513901
9960 9961 300.000000 0.957200
9960 9962 300.000000 0.957200
9961 9962 300.000000 1.513901
9963 9964 300.000000 0.957200
9963 9965 300.000000 0.957200
9964 9965 300.000000 1.513901
9966 9967 300.000000 0.957200
9966 9968 300.000000 0.957200
9967 9968 300.000000 1.513901
9969 9970 300.000000 0.957200
9969 9971 300.000000 0.957200
9970 9971 300.000000 1.513901
9972 9973 300.000000 0.957200
9972 9974 300.000000 0.957200
9973 9974 300.000000 1.513901
9975 9976 300.000000 0.957200
9975 9977 300.000000 0.957200
9976 9977 300.000000 1.513901
9978 9979 300.000000 0.957200
9978 9980 300.000000 0.957200
9979 9980 300.000000 1.513901
9981 9982 300.000000 0.957200
9981 9983 300.000000 0.957200
9982 9983 300.000000 1.513901
9984 9985 300.000000 0.957200
9984 9986 300.000000 0.957200
9985 9986 300.000000 1.513901
9987 9988 300.000000 0.957200
9987 9989 300.000000 0.957200
9988 9989 300.000000 1.513901
9990 9991 300.000000 0.957200
9990 9992 300.000000 0.957200
9991 9992 300.000000 1.513901
9993 9994 300.000000 0.957200
9993 9995 300.000000 0.957200
9994 9995 300.000000 1.513901
9996 9997 300.000000 0.957200
9996 9998 300.000000 0.957200
9997 9998 300.000000 1.513901
9999 10000 300.000000 0.957200
9999 10001 300.000000 0.957200
10000 10001 300.000000 1.513901
10002 10003 300.000000 0.957200
10002 10004 300.000000 0.957200
10003 10004 300.000000 1.513901
10005 10006 300.000000 0.957200
10005 10007 300.000000 0.957200
10006 10007 300.000000 1.513901
10008 10009 300.000000 0.957200
10008 10010 300.000000 0.957200
10009 10010 300.000000 1.513901
10011 10012 300.000000 0.957200
10011 10013 300.000000 0.957200
10012 10013 300.000000 1.513901
10014 10015 300.000000 0.957200
10014 10016 300.000000 0.957200
10015 10016 300.000000 1.513901
10017 10018 300.000000 0.957200
10017 10019 300.000000 0.957200
10018 10019 300.000000 1.513901
10020 10021 300.000000 0.957200
10020 10022 300.000000 0.957200
10021 10022 300.000000 1.513901
10023 10024 300.000000 0.957200
10023 10025 300.000000 0.957200
10024 10025 300.000000 1.513901
10026 10027 300.000000 0.957200
10026 10028 300.000000 0.957200
10027 10028 300.000000 1.513901
10029 10030 300.000000 0.957200
10029 10031 300.000000 0.957200
10030 10031 300.000000 1.513901
10032 10033 300.000000 0.957200
10032 10034 300.000000 0.957200
10033 10034 300.000000 1.513901
10035 10036 300.000000 0.957200
10035 10037 300.000000 0.957200
10036 10037 300.000000 1.513901
10038 10039 300.000000 0.957200
10038 10040 300.000000 0.957200
10039 10040 300.000000 1.513901
10041 10042 300.000000 0.957200
10041 10043 300.000000 0.957200
10042 10043 300.000000 1.513901
10044 10045 300.000000 0.957200
10044 10046 300.000000 0.957200
10045 10046 300.000000 1.513901
10047 10048 300.000000 0.957200
10047 10049 300.000000 0.957200
10048 10049 300.000000 1.513901
10050 10051 300.000000 0.957200
10050 10052 300.000000 0.957200
10051 10052 300.000000 1.513901
10053 10054 300.000000 0.957200
10053 10055 300.000000 0.957200
10054 10055 300.000000 1.513901
10056 10057 300.000000 0.957200
10056 10058 300.000000 0.957200
10057 10058 300.000000 1.513901
10059 10060 300.000000 0.957200
10059 10061 300.000000 0.957200
10060 10061 300.000000 1.513901
10062 10063 300.000000 0.957200
10062 10064 300.000000 0.957200
10063 10064 300.000000 1.513901
10065 10066 300.000000 0.957200
10065 10067 300.000000 0.957200
10066 10067 300.000000 1.513901
10068 10069 300.000000 0.957200
10068 10070 300.000000 0.957200
10069 10070 300.000000 1.513901
10071 10072 300.000000 0.957200
10071 10073 300.000000 0.957200
10072 10073 300.000000 1.513901
10074 10075 300.000000 0.957200
10074 10076 300.000000 0.957200
10075 10076 300.000000 1.513901
10077 10078 300.000000 0.957200
10077 10079 300.000000 0.957200
10078 10079 300.000000 1.513901
10080 10081 300.000000 0.957200
10080 10082 300.000000 0.957200
10081 10082 300.000000 1.513901
10083 10084 300.000000 0.957200
10083 10085 300.000000 0.957200
10084 10085 300.000000 1.513901
10086 10087 300.000000 0.957200
10086 10088 300.000000 0.957200
10087 10088 300.000000 1.513901
10089 10090 300.000000 0.957200
10089 10091 300.000000 0.957200
10090 10091 300.000000 1.513901
10092 10093 300.000000 0.957200
10092 10094 300.000000 0.957200
10093 10094 300.000000 1.513901
10095 10096 300.000000 0.957200
10095 10097 300.000000 0.957200
10096 10097 300.000000 1.513901
10098 10099 300.000000 0.957200
10098 10100 300.000000 0.957200
10099 10100 300.000000 1.513901
10101 10102 300.000000 0.957200
10101 10103 300.000000 0.957200
10102 10103 300.000000 1.513901
10104 10105 300.000000 0.957200
10104 10106 300.000000 0.957200
10105 10106 300.000000 1.513901
10107 10108 300.000000 0.957200
10107 10109 300.000000 0.957200
10108 10109 300.000000 1.513901
10110 10111 300.000000 0.957200
10110 10112 300.000000 0.957200
10111 10112 300.000000 1.513901
10113 10114 300.000000 0.957200
10113 10115 300.000000 0.957200
10114 10115 300.000000 1.513901
10116 10117 300.000000 0.957200
10116 10118 300.000000 0.957200
10117 10118 300.000000 1.513901
10119 10120 300.000000 0.957200
10119 10121 300.000000 0.957200
10120 10121 300.000000 1.513901
10122 10123 300.000000 0.957200
10122 10124 300.000000 0.957200
10123 10124 300.000000 1.513901
10125 10126 300.000000 0.957200
10125 10127 300.000000 0.957200
10126 10127 300.000000 1.513901
10128 10129 300.000000 0.957200
10128 10130 300.000000 0.957200
10129 10130 300.000000 1.513901
10131 10132 300.000000 0.957200
10131 10133 300.000000 0.957200
10132 10133 300.000000 1.513901
10134 10135 300.000000 0.957200
10134 10136 300.000000 0.957200
10135 10136 300.000000 1.513901
10137 10138 300.000000 0.957200
10137 10139 300.000000 0.957200
10138 10139 300.000000 1.513901
10140 10141 300.000000 0.957200
10140 10142 300.000000 0.957200
10141 10142 300.000000 1.513901
10143 10144 300.000000 0.957200
10143 10145 300.000000 0.957200
10144 10145 300.000000 1.513901
10146 10147 300.000000 0.957200
10146 10148 300.000000 0.957200
10147 10148 300.000000 1.513901
10149 10150 300.000000 0.957200
10149 10151 300.000000 0.957200
10150 10151 300.000000 1.513901
10152 10153 300.000000 0.957200
10152 10154 300.000000 0.957200
10153 10154 300.000000 1.513901
10155 10156 300.000000 0.957200
10155 10157 300.000000 0.957200
10156 10157 300.000000 1.513901
10158 10159 300.000000 0.957200
10158 10160 300.000000 0.957200
10159 10160 300.000000 1.513901
10161 10162 300.000000 0.957200
10161 10163 300.000000 0.957200
10162 10163 300.000000 1.513901
10164 10165 300.000000 0.957200
10164 10166 300.000000 0.957200
10165 10166 300.000000 1.513901
10167 10168 300.000000 0.957200
10167 10169 300.000000 0.957200
10168 10169 300.000000 1.513901
10170 10171 300.000000 0.957200
10170 10172 300.000000 0.957200
10171 10172 300.000000 1.513901
10173 10174 300.000000 0.957200
10173 10175 300.000000 0.957200
10174 10175 300.000000 1.513901
10176 10177 300.000000 0.957200
10176 10178 300.000000 0.957200
10177 10178 300.000000 1.513901
10179 10180 300.000000 0.957200
10179 10181 300.000000 0.957200
10180 10181 300.000000 1.513901
10182 10183 300.000000 0.957200
10182 10184 300.000000 0.957200
10183 10184 300.000000 1.513901
10185 10186 300.000000 0.957200
10185 10187 300.000000 0.957200
10186 10187 300.000000 1.513901
10188 10189 300.000000 0.957200
10188 10190 300.000000 0.957200
10189 10190 300.000000 1.513901
10191 10192 300.000000 0.957200
10191 10193 300.000000 0.957200
10192 10193 300.000000 1.513901
10194 10195 300.000000 0.957200
10194 10196 300.000000 0.957200
10195 10196 300.000000 1.513901
10197 10198 300.000000 0.957200
10197 10199 300.000000 0.957200
10198 10199 300.000000 1.513901
10200 10201 300.000000 0.957200
10200 10202 300.000000 0.957200
10201 10202 300.000000 1.513901
10203 10204 300.000000 0.957200
10203 10205 300.000000 0.957200
10204 10205 300.000000 1.513901
10206 10207 300.000000 0.957200
10206 10208 300.000000 0.957200
10207 10208 300.000000 1.513901
10209 10210 300.000000 0.957200
10209 10211 300.000000 0.957200
10210 10211 300.000000 1.513901
10212 10213 300.000000 0.957200
10212 10214 300.000000 0.957200
10213 10214 300.000000 1.513901
10215 10216 300.000000 0.957200
10215 10217 300.000000 0.957200
10216 10217 300.000000 1.513901
10218 10219 300.000000 0.957200
10218 10220 300.000000 0.957200
10219 10220 300.000000 1.513901
10221 10222 300.000000 0.957200
10221 10223 300.000000 0.957200
10222 10223 300.000000 1.513901
10224 10225 300.000000 0.957200
10224 10226 300.000000 0.957200
10225 10226 300.000000 1.513901
10227 10228 300.000000 0.957200
10227 10229 300.000000 0.957200
10228 10229 300.000000 1.513901
10230 10231 300.000000 0.957200
10230 10232 300.000000 0.957200
10231 10232 300.000000 1.513901
10233 10234 300.000000 0.957200
10233 10235 300.000000 0.957200
10234 10235 300.000000 1.513901
10236 10237 300.000000 0.957200
10236 10238 300.000000 0.957200
10237 10238 300.000000 1.513901
10239 10240 300.000000 0.957200
10239 10241 300.000000 0.957200
10240 10241 300.000000 1.513901
10242 10243 300.000000 0.957200
10242 10244 300.000000 0.957200
10243 10244 300.000000 1.513901
10245 10246 300.000000 0.957200
10245 10247 300.000000 0.957200
10246 10247 300.000000 1.513901
10248 10249 300.000000 0.957200
10248 10250 300.000000 0.957200
10249 10250 300.000000 1.513901
10251 10252 300.000000 0.957200
10251 10253 300.000000 0.957200
10252 10253 300.000000 1.513901
10254 10255 300.000000 0.957200
10254 10256 300.000000 0.957200
10255 10256 300.000000 1.513901
10257 10258 300.000000 0.957200
10257 10259 300.000000 0.957200
10258 10259 300.000000 1.513901
10260 10261 300.000000 0.957200
10260 10262 300.000000 0.957200
10261 10262 300.000000 1.513901
10263 10264 300.000000 0.957200
10263 10265 300.000000 0.957200
10264 10265 300.000000 1.513901
10266 10267 300.000000 0.957200
10266 10268 300.000000 0.957200
10267 10268 300.000000 1.513901
10269 10270 300.000000 0.957200
10269 10271 300.000000 0.957200
10270 10271 300.000000 1.513901
10272 10273 300.000000 0.957200
10272 10274 300.000000 0.957200
10273 10274 300.000000 1.513901
10275 10276 300.000000 0.957200
10275 10277 300.000000 0.957200
10276 10277 300.000000 1.513901
10278 10279 300.000000 0.957200
10278 10280 300.000000 0.957200
10279 10280 300.000000 1.513901
10281 10282 300.000000 0.957200
10281 10283 300.000000 0.957200
10282 10283 300.000000 1.513901
10284 10285 300.000000 0.957200
10284 10286 300.000000 0.957200
10285 10286 300.000000 1.513901
10287 10288 300.000000 0.957200
10287 10289 300.000000 0.957200
10288 10289 300.000000 1.513901
10290 10291 300.000000 0.957200
10290 10292 300.000000 0.957200
10291 10292 300.000000 1.513901
10293 10294 300.000000 0.957200
10293 10295 300.000000 0.957200
10294 10295 300.000000 1.513901
10296 10297 300.000000 0.957200
10296 10298 300.000000 0.957200
10297 10298 300.000000 1.513901
10299 10300 300.000000 0.957200
10299 10301 300.000000 0.957200
10300 10301 300.000000 1.513901
10302 10303 300.000000 0.957200
10302 10304 300.000000 0.957200
10303 10304 300.000000 1.513901
10305 10306 300.000000 0.957200
10305 10307 300.000000 0.957200
10306 10307 300.000000 1.513901
10308 10309 300.000000 0.957200
10308 10310 300.000000 0.957200
10309 10310 300.000000 1.513901
10311 10312 300.000000 0.957200
10311 10313 300.000000 0.957200
10312 10313 300.000000 1.513901
10314 10315 300.000000 0.957200
10314 10316 300.000000 0.957200
10315 10316 300.000000 1.513901
10317 10318 300.000000 0.957200
10317 10319 300.000000 0.957200
10318 10319 300.000000 1.513901
10320 10321 300.000000 0.957200
10320 10322 300.000000 0.957200
10321 10322 300.000000 1.513901
10323 10324 300.000000 0.957200
10323 10325 300.000000 0.957200
10324 10325 300.000000 1.513901
10326 10327 300.000000 0.957200
10326 10328 300.000000 0.957200
10327 10328 300.000000 1.513901
10329 10330 300.000000 0.957200
10329 10331 300.000000 0.957200
10330 10331 300.000000 1.513901
10332 10333 300.000000 0.957200
10332 10334 300.000000 0.957200
10333 10334 300.000000 1.513901
10335 10336 300.000000 0.957200
10335 10337 300.000000 0.957200
10336 10337 300.000000 1.513901
10338 10339 300.000000 0.957200
10338 10340 300.000000 0.957200
10339 10340 300.000000 1.513901
10341 10342 300.000000 0.957200
10341 10343 300.000000 0.957200
10342 10343 300.000000 1.513901
10344 10345 300.000000 0.957200
10344 10346 300.000000 0.957200
10345 10346 300.000000 1.513901
10347 10348 300.000000 0.957200
10347 10349 300.000000 0.957200
10348 10349 300.000000 1.513901
10350 10351 300.000000 0.957200
10350 10352 300.000000 0.957200
10351 10352 300.000000 1.513901
10353 10354 300.000000 0.957200
10353 10355 300.000000 0.957200
10354 10355 300.000000 1.513901
10356 10357 300.000000 0.957200
10356 10358 300.000000 0.957200
10357 10358 300.000000 1.513901
10359 10360 300.000000 0.957200
10359 10361 300.000000 0.957200
10360 10361 300.000000 1.513901
10362 10363 300.000000 0.957200
10362 10364 300.000000 0.957200
10363 10364 300.000000 1.513901
10365 10366 300.000000 0.957200
10365 10367 300.000000 0.957200
10366 10367 300.000000 1.513901
10368 10369 300.000000 0.957200
10368 10370 300.000000 0.957200
10369 10370 300.000000 1.513901
10371 10372 300.000000 0.957200
10371 10373 300.000000 0.957200
10372 10373 300.000000 1.513901
10374 10375 300.000000 0.957200
10374 10376 300.000000 0.957200
10375 10376 300.000000 1.513901
10377 10378 300.000000 0.957200
10377 10379 300.000000 0.957200
10378 10379 300.000000 1.513901
10380 10381 300.000000 0.957200
10380 10382 300.000000 0.957200
10381 10382 300.000000 1.513901
10383 10384 300.000000 0.957200
10383 10385 300.000000 0.957200
10384 10385 300.000000 1.513901
10386 10387 300.000000 0.957200
10386 10388 300.000000 0.957200
10387 10388 300.000000 1.513901
10389 10390 300.000000 0.957200
10389 10391 300.000000 0.957200
10390 10391 300.000000 1.513901
10392 10393 300.000000 0.957200
10392 10394 300.000000 0.957200
10393 10394 300.000000 1.513901
10395 10396 300.000000 0.957200
10395 10397 300.000000 0.957200
10396 10397 300.000000 1.513901
10398 10399 300.000000 0.957200
10398 10400 300.000000 0.957200
10399 10400 300.000000 1.513901
10401 10402 300.000000 0.957200
10401 10403 300.000000 0.957200
10402 10403 300.000000 1.513901
10404 10405 300.000000 0.957200
10404 10406 300.000000 0.957200
10405 10406 300.000000 1.513901
10407 10408 300.000000 0.957200
10407 10409 300.000000 0.957200
10408 10409 300.000000 1.513901
10410 10411 300.000000 0.957200
10410 10412 300.000000 0.957200
10411 10412 300.000000 1.513901
10413 10414 300.000000 0.957200
10413 10415 300.000000 0.957200
10414 10415 300.000000 1.513901
10416 10417 300.000000 0.957200
10416 10418 300.000000 0.957200
10417 10418 300.000000 1.513901
10419 10420 300.000000 0.957200
10419 10421 300.000000 0.957200
10420 10421 300.000000 1.513901
10422 10423 300.000000 0.957200
10422 10424 300.000000 0.957200
10423 10424 300.000000 1.513901
10425 10426 300.000000 0.957200
10425 10427 300.000000 0.957200
10426 10427 300.000000 1.513901
10428 10429 300.000000 0.957200
10428 10430 300.000000 0.957200
10429 10430 300.000000 1.513901
10431 10432 300.000000 0.957200
10431 10433 300.000000 0.957200
10432 10433 300.000000 1.513901
10434 10435 300.000000 0.957200
10434 10436 300.000000 0.957200
10435 10436 300.000000 1.513901
10437 10438 300.000000 0.957200
10437 10439 300.000000 0.957200
10438 10439 300.000000 1.513901
10440 10441 300.000000 0.957200
10440 10442 300.000000 0.957200
10441 10442 300.000000 1.513901
10443 10444 300.000000 0.957200
10443 10445 300.000000 0.957200
10444 10445 300.000000 1.513901
10446 10447 300.000000 0.957200
10446 10448 300.000000 0.957200
10447 10448 300.000000 1.513901
10449 10450 300.000000 0.957200
10449 10451 300.000000 0.957200
10450 10451 300.000000 1.513901
10452 10453 300.000000 0.957200
10452 10454 300.000000 0.957200
10453 10454 300.000000 1.513901
10455 10456 300.000000 0.957200
10455 10457 300.000000 0.957200
10456 10457 300.000000 1.513901
10458 10459 300.000000 0.957200
10458 10460 300.000000 0.957200
10459 10460 300.000000 1.513901
10461 10462 300.000000 0.957200
10461 10463 300.000000 0.957200
10462 10463 300.000000 1.513901
10464 10465 300.000000 0.957200
10464 10466 300.000000 0.957200
10465 10466 300.000000 1.513901
10467 10468 300.000000 0.957200
10467 10469 300.000000 0.957200
10468 10469 300.000000 1.513901
10470 10471 300.000000 0.957200
10470 10472 300.000000 0.957200
10471 10472 300.000000 1.513901
10473 10474 300.000000 0.957200
10473 10475 300.000000 0.957200
10474 10475 300.000000 1.513901
10476 10477 300.000000 0.957200
10476 10478 300.000000 0.957200
10477 10478 300.000000 1.513901
10479 10480 300.000000 0.957200
10479 10481 300.000000 0.957200
10480 10481 300.000000 1.513901
10482 10483 300.000000 0.957200
10482 10484 300.000000 0.957200
10483 10484 300.000000 1.513901
10485 10486 300.000000 0.957200
10485 10487 300.000000 0.957200
10486 10487 300.000000 1.513901
10488 10489 300.000000 0.957200
10488 10490 300.000000 0.957200
10489 10490 300.000000 1.513901
10491 10492 300.000000 0.957200
10491 10493 300.000000 0.957200
10492 10493 300.000000 1.513901
10494 10495 300.000000 0.957200
10494 10496 300.000000 0.957200
10495 10496 300.000000 1.513901
10497 10498 300.000000 0.957200
10497 10499 300.000000 0.957200
10498 10499 300.000000 1.513901
10500 10501 300.000000 0.957200
10500 10502 300.000000 0.957200
10501 10502 300.000000 1.513901
10503 10504 300.000000 0.957200
10503 10505 300.000000 0.957200
10504 10505 300.000000 1.513901
10506 10507 300.000000 0.957200
10506 10508 300.000000 0.957200
10507 10508 300.000000 1.513901
10509 10510 300.000000 0.957200
10509 10511 300.000000 0.957200
10510 10511 300.000000 1.513901
10512 10513 300.000000 0.957200
10512 10514 300.000000 0.957200
10513 10514 300.000000 1.513901
10515 10516 300.000000 0.957200
10515 10517 300.000000 0.957200
10516 10517 300.000000 1.513901
10518 10519 300.000000 0.957200
10518 10520 300.000000 0.957200
10519 10520 300.000000 1.513901
10521 10522 300.000000 0.957200
10521 10523 300.000000 0.957200
10522 10523 300.000000 1.513901
10524 10525 300.000000 0.957200
10524 10526 300.000000 0.957200
10525 10526 300.000000 1.513901
10527 10528 300.000000 0.957200
10527 10529 300.000000 0.957200
10528 10529 300.000000 1.513901
10530 10531 300.000000 0.957200
10530 10532 300.000000 0.957200
10531 10532 300.000000 1.513901
10533 10534 300.000000 0.957200
10533 10535 300.000000 0.957200
10534 10535 300.000000 1.513901
10536 10537 300.000000 0.957200
10536 10538 300.000000 0.957200
10537 10538 300.000000 1.513901
10539 10540 300.000000 0.957200
10539 10541 300.000000 0.957200
10540 10541 300.000000 1.513901
10542 10543 300.000000 0.957200
10542 10544 300.000000 0.957200
10543 10544 300.000000 1.513901
10545 10546 300.000000 0.957200
10545 10547 300.000000 0.957200
10546 10547 300.000000 1.513901
10548 10549 300.000000 0.957200
10548 10550 300.000000 0.957200
10549 10550 300.000000 1.513901
10551 10552 300.000000 0.957200
10551 10553 300.000000 0.957200
10552 10553 300.000000 1.513901
10554 10555 300.000000 0.957200
10554 10556 300.000000 0.957200
10555 10556 300.000000 1.513901
10557 10558 300.000000 0.957200
10557 10559 300.000000 0.957200
10558 10559 300.000000 1.513901
10560 10561 300.000000 0.957200
10560 10562 300.000000 0.957200
10561 10562 300.000000 1.513901
10563 10564 300.000000 0.957200
10563 10565 300.000000 0.957200
10564 10565 300.000000 1.513901
10566 10567 300.000000 0.957200
10566 10568 300.000000 0.957200
10567 10568 300.000000 1.513901
10569 10570 300.000000 0.957200
10569 10571 300.000000 0.957200
10570 10571 300.000000 1.513901
10572 10573 300.000000 0.957200
10572 10574 300.000000 0.957200
10573 10574 300.000000 1.513901
10575 10576 300.000000 0.957200
10575 10577 300.000000 0.957200
10576 10577 300.000000 1.513901
10578 10579 300.000000 0.957200
10578 10580 300.000000 0.957200
10579 10580 300.000000 1.513901
10581 10582 300.000000 0.957200
10581 10583 300.000000 0.957200
10582 10583 300.000000 1.513901
10584 10585 300.000000 0.957200
10584 10586 300.000000 0.957200
10585 10586 300.000000 1.513901
10587 10588 300.000000 0.957200
10587 10589 300.000000 0.957200
10588 10589 300.000000 1.513901
10590 10591 300.000000 0.957200
10590 10592 300.000000 0.957200
10591 10592 300.000000 1.513901
10593 10594 300.000000 0.957200
10593 10595 300.000000 0.957200
10594 10595 300.000000 1.513901
10596 10597 300.000000 0.957200
10596 10598 300.000000 0.957200
10597 10598 300.000000 1.513901
10599 10600 300.000000 0.957200
10599 10601 300.000000 0.957200
10600 10601 300.000000 1.513901
10602 10603 300.000000 0.957200
10602 10604 300.000000 0.957200
10603 10604 300.000000 1.513901
10605 10606 300.000000 0.957200
10605 10607 300.000000 0.957200
10606 10607 300.000000 1.513901
10608 10609 300.000000 0.957200
10608 10610 300.000000 0.957200
10609 10610 300.000000 1.513901
10611 10612 300.000000 0.957200
10611 10613 300.000000 0.957200
10612 10613 300.000000 1.513901
10614 10615 300.000000 0.957200
10614 10616 300.000000 0.957200
10615 10616 300.000000 1.513901
10617 10618 300.000000 0.957200
10617 10619 300.000000 0.957200
10618 10619 300.000000 1.513901
10620 10621 300.000000 0.957200
10620 10622 300.000000 0.957200
10621 10622 300.000000 1.513901
10623 10624 300.000000 0.957200
10623 10625 300.000000 0.957200
10624 10625 300.000000 1.513901
10626 10627 300.000000 0.957200
10626 10628 300.000000 0.957200
10627 10628 300.000000 1.513901
10629 10630 300.000000 0.957200
10629 10631 300.000000 0.957200
10630 10631 300.000000 1.513901
10632 10633 300.000000 0.957200
10632 10634 300.000000 0.957200
10633 10634 300.000000 1.513901
10635 10636 300.000000 0.957200
10635 10637 300.000000 0.957200
10636 10637 300.000000 1.513901
10638 10639 300.000000 0.957200
10638 10640 300.000000 0.957200
10639 10640 300.000000 1.513901
10641 10642 300.000000 0.957200
10641 10643 300.000000 0.957200
10642 10643 300.000000 1.513901
10644 10645 300.000000 0.957200
10644 10646 300.000000 0.957200
10645 10646 300.000000 1.513901
10647 10648 300.000000 0.957200
10647 10649 300.000000 0.957200
10648 10649 300.000000 1.513901
10650 10651 300.000000 0.957200
10650 10652 300.000000 0.957200
10651 10652 300.000000 1.513901
10653 10654 300.000000 0.957200
10653 10655 300.000000 0.957200
10654 10655 300.000000 1.513901
10656 10657 300.000000 0.957200
10656 10658 300.000000 0.957200
10657 10658 300.000000 1.513901
10659 10660 300.000000 0.957200
10659 10661 300.000000 0.957200
10660 10661 300.000000 1.513901
10662 10663 300.000000 0.957200
10662 10664 300.000000 0.957200
10663 10664 300.000000 1.513901
10665 10666 300.000000 0.957200
10665 10667 300.000000 0.957200
10666 10667 300.000000 1.513901
10668 10669 300.000000 0.957200
10668 10670 300.000000 0.957200
10669 10670 300.000000 1.513901
10671 10672 300.000000 0.957200
10671 10673 300.000000 0.957200
10672 10673 300.000000 1.513901
10674 10675 300.000000 0.957200
10674 10676 300.000000 0.957200
10675 10676 300.000000 1.513901
10677 10678 300.000000 0.957200
10677 10679 300.000000 0.957200
10678 10679 300.000000 1.513901
10680 10681 300.000000 0.957200
10680 10682 300.000000 0.957200
10681 10682 300.000000 1.513901
10683 10684 300.000000 0.957200
10683 10685 300.000000 0.957200
10684 10685 300.000000 1.513901
10686 10687 300.000000 0.957200
10686 10688 300.000000 0.957200
10687 10688 300.000000 1.513901
10689 10690 300.000000 0.957200
10689 10691 300.000000 0.957200
10690 10691 300.000000 1.513901
10692 10693 300.000000 0.957200
10692 10694 300.000000 0.957200
10693 10694 300.000000 1.513901
10695 10696 300.000000 0.957200
10695 10697 300.000000 0.957200
10696 10697 300.000000 1.513901
10698 10699 300.000000 0.957200
10698 10700 300.000000 0.957200
10699 10700 300.000000 1.513901
10701 10702 300.000000 0.957200
10701 10703 300.000000 0.957200
10702 10703 300.000000 1.513901
10704 10705 300.000000 0.957200
10704 10706 300.000000 0.957200
10705 10706 300.000000 1.513901
10707 10708 300.000000 0.957200
10707 10709 300.000000 0.957200
10708 10709 300.000000 1.513901
10710 10711 300.000000 0.957200
10710 10712 300.000000 0.957200
10711 10712 300.000000 1.513901
10713 10714 300.000000 0.957200
10713 10715 300.000000 0.957200
10714 10715 300.000000 1.513901
10716 10717 300.000000 0.957200
10716 10718 300.000000 0.957200
10717 10718 300.000000 1.513901
10719 10720 300.000000 0.957200
10719 10721 300.000000 0.957200
10720 10721 300.000000 1.513901
10722 10723 300.000000 0.957200
10722 10724 300.000000 0.957200
10723 10724 300.000000 1.513901
10725 10726 300.000000 0.957200
10725 10727 300.000000 0.957200
10726 10727 300.000000 1.513901
10728 10729 300.000000 0.957200
10728 10730 300.000000 0.957200
10729 10730 300.000000 1.513901
10731 10732 300.000000 0.957200
10731 10733 300.000000 0.957200
10732 10733 300.000000 1.513901
10734 10735 300.000000 0.957200
10734 10736 300.000000 0.957200
10735 10736 300.000000 1.513901
10737 10738 300.000000 0.957200
10737 10739 300.000000 0.957200
10738 10739 300.000000 1.513901
10740 10741 300.000000 0.957200
10740 10742 300.000000 0.957200
10741 10742 300.000000 1.513901
10743 10744 300.000000 0.957200
10743 10745 300.000000 0.957200
10744 10745 300.000000 1.513901
10746 10747 300.000000 0.957200
10746 10748 300.000000 0.957200
10747 10748 300.000000 1.513901
10749 10750 300.000000 0.957200
10749 10751 300.000000 0.957200
10750 10751 300.000000 1.513901
10752 10753 300.000000 0.957200
10752 10754 300.000000 0.957200
10753 10754 300.000000 1.513901
10755 10756 300.000000 0.957200
10755 10757 300.000000 0.957200
10756 10757 300.000000 1.513901
10758 10759 300.000000 0.957200
10758 10760 300.000000 0.957200
10759 10760 300.000000 1.513901
10761 10762 300.000000 0.957200
10761 10763 300.000000 0.957200
10762 10763 300.000000 1.513901
10764 10765 300.000000 0.957200
10764 10766 300.000000 0.957200
10765 10766 300.000000 1.513901
10767 10768 300.000000 0.957200
10767 10769 300.000000 0.957200
10768 10769 300.000000 1.513901
10770 10771 300.000000 0.957200
10770 10772 300.000000 0.957200
10771 10772 300.000000 1.513901
10773 10774 300.000000 0.957200
10773 10775 300.000000 0.957200
10774 10775 300.000000 1.513901
10776 10777 300.000000 0.957200
10776 10778 300.000000 0.957200
10777 10778 300.000000 1.513901
10779 10780 300.000000 0.957200
10779 10781 300.000000 0.957200
10780 10781 300.000000 1.513901
10782 10783 300.000000 0.957200
10782 10784 300.000000 0.957200
10783 10784 300.000000 1.513901
10785 10786 300.000000 0.957200
10785 10787 300.000000 0.957200
10786 10787 300.000000 1.513901
10788 10789 300.000000 0.957200
10788 10790 300.000000 0.957200
10789 10790 300.000000 1.513901
10791 10792 300.000000 0.957200
10791 10793 300.000000 0.957200
10792 10793 300.000000 1.513901
10794 10795 300.000000 0.957200
10794 10796 300.000000 0.957200
10795 10796 300.000000 1.513901
10797 10798 300.000000 0.957200
10797 10799 300.000000 0.957200
10798 10799 300.000000 1.513901
10800 10801 300.000000 0.957200
10800 10802 300.000000 0.957200
10801 10802 300.000000 1.513901
10803 10804 300.000000 0.957200
10803 10805 300.000000 0.957200
10804 10805 300.000000 1.513901
10806 10807 300.000000 0.957200
10806 10808 300.000000 0.957200
10807 10808 300.000000 1.513901
10809 10810 300.000000 0.957200
10809 10811 300.000000 0.957200
10810 10811 300.000000 1.513901
10812 10813 300.000000 0.957200
10812 10814 300.000000 0.957200
10813 10814 300.000000 1.513901
10815 10816 300.000000 0.957200
10815 10817 300.000000 0.957200
10816 10817 300.000000 1.513901
10818 10819 300.000000 0.957200
10818 10820 300.000000 0.957200
10819 10820 300.000000 1.513901
10821 10822 300.000000 0.957200
10821 10823 300.000000 0.957200
10822 10823 300.000000 1.513901
10824 10825 300.000000 0.957200
10824 10826 300.000000 0.957200
10825 10826 300.000000 1.513901
10827 10828 300.000000 0.957200
10827 10829 300.000000 0.957200
10828 10829 300.000000 1.513901
10830 10831 300.000000 0.957200
10830 10832 300.000000 0.957200
10831 10832 300.000000 1.513901
10833 10834 300.000000 0.957200
10833 10835 300.000000 0.957200
10834 10835 300.000000 1.513901
10836 10837 300.000000 0.957200
10836 10838 300.000000 0.957200
10837 10838 300.000000 1.513901
10839 10840 300.000000 0.957200
10839 10841 300.000000 0.957200
10840 10841 300.000000 1.513901
10842 10843 300.000000 0.957200
10842 10844 300.000000 0.957200
10843 10844 300.000000 1.513901
10845 10846 300.000000 0.957200
10845 10847 300.000000 0.957200
10846 10847 300.000000 1.513901
10848 10849 300.000000 0.957200
10848 10850 300.000000 0.957200
10849 10850 300.000000 1.513901
10851 10852 300.000000 0.957200
10851 10853 300.000000 0.957200
10852 10853 300.000000 1.513901
10854 10855 300.000000 0.957200
10854 10856 300.000000 0.957200
10855 10856 300.000000 1.513901
10857 10858 300.000000 0.957200
10857 10859 300.000000 0.957200
10858 10859 300.000000 1.513901
10860 10861 300.000000 0.957200
10860 10862 300.000000 0.957200
10861 10862 300.000000 1.513901
10863 10864 300.000000 0.957200
10863 10865 300.000000 0.957200
10864 10865 300.000000 1.513901
10866 10867 300.000000 0.957200
10866 10868 300.000000 0.957200
10867 10868 300.000000 1.513901
10869 10870 300.000000 0.957200
10869 10871 300.000000 0.957200
10870 10871 300.000000 1.513901
10872 10873 300.000000 0.957200
10872 10874 300.000000 0.957200
10873 10874 300.000000 1.513901
10875 10876 300.000000 0.957200
10875 10877 300.000000 0.957200
10876 10877 300.000000 1.513901
10878 10879 300.000000 0.957200
10878 10880 300.000000 0.957200
10879 10880 300.000000 1.513901
10881 10882 300.000000 0.957200
10881 10883 300.000000 0.957200
10882 10883 300.000000 1.513901
10884 10885 300.000000 0.957200
10884 10886 300.000000 0.957200
10885 10886 300.000000 1.513901
10887 10888 300.000000 0.957200
10887 10889 300.000000 0.957200
10888 10889 300.000000 1.513901
10890 10891 300.000000 0.957200
10890 10892 300.000000 0.957200
10891 10892 300.000000 1.513901
10893 10894 300.000000 0.957200
10893 10895 300.000000 0.957200
10894 10895 300.000000 1.513901
10896 10897 300.000000 0.957200
10896 10898 300.000000 0.957200
10897 10898 300.000000 1.513901
10899 10900 300.000000 0.957200
10899 10901 300.000000 0.957200
10900 10901 300.000000 1.513901
10902 10903 300.000000 0.957200
10902 10904 300.000000 0.957200
10903 10904 300.000000 1.513901
10905 10906 300.000000 0.957200
10905 10907 300.000000 0.957200
10906 10907 300.000000 1.513901
10908 10909 300.000000 0.957200
10908 10910 300.000000 0.957200
10909 10910 300.000000 1.513901
10911 10912 300.000000 0.957200
10911 10913 300.000000 0.957200
10912 10913 300.000000 1.513901
10914 10915 300.000000 0.957200
10914 10916 300.000000 0.957200
10915 10916 300.000000 1.513901
10917 10918 300.000000 0.957200
10917 10919 300.000000 0.957200
10918 10919 300.000000 1.513901
10920 10921 300.000000 0.957200
10920 10922 300.000000 0.957200
10921 10922 300.000000 1.513901
10923 10924 300.000000 0.957200
10923 10925 300.000000 0.957200
10924 10925 300.000000 1.513901
10926 10927 300.000000 0.957200
10926 10928 300.000000 0.957200
10927 10928 300.000000 1.513901
10929 10930 300.000000 0.957200
10929 10931 300.000000 0.957200
10930 10931 300.000000 1.513901
10932 10933 300.000000 0.957200
10932 10934 300.000000 0.957200
10933 10934 300.000000 1.513901
10935 10936 300.000000 0.957200
10935 10937 300.000000 0.957200
10936 10937 300.000000 1.513901
10938 10939 300.000000 0.957200
10938 10940 300.000000 0.957200
10939 10940 300.000000 1.513901
10941 10942 300.000000 0.957200
10941 10943 300.000000 0.957200
10942 10943 300.000000 1.513901
10944 10945 300.000000 0.957200
10944 10946 300.000000 0.957200
10945 10946 300.000000 1.513901
10947 10948 300.000000 0.957200
10947 10949 300.000000 0.957200
10948 10949 300.000000 1.513901
10950 10951 300.000000 0.957200
10950 10952 300.000000 0.957200
10951 10952 300.000000 1.513901
10953 10954 300.000000 0.957200
10953 10955 300.000000 0.957200
10954 10955 300.000000 1.513901
10956 10957 300.000000 0.957200
10956 10958 300.000000 0.957200
10957 10958 300.000000 1.513901
10959 10960 300.000000 0.957200
10959 10961 300.000000 0.957200
10960 10961 300.000000 1.513901
10962 10963 300.000000 0.957200
10962 10964 300.000000 0.957200
10963 10964 300.000000 1.513901
10965 10966 300.000000 0.957200
10965 10967 300.000000 0.957200
10966 10967 300.000000 1.513901
10968 10969 300.000000 0.957200
10968 10970 300.000000 0.957200
10969 10970 300.000000 1.513901
10971 10972 300.000000 0.957200
10971 10973 300.000000 0.957200
10972 10973 300.000000 1.513901
10974 10975 300.000000 0.957200
10974 10976 300.000000 0.957200
10975 10976 300.000000 1.513901
10977 10978 300.000000 0.957200
10977 10979 300.000000 0.957200
10978 10979 300.000000 1.513901
10980 10981 300.000000 0.957200
10980 10982 300.000000 0.957200
10981 10982 300.000000 1.513901
10983 10984 300.000000 0.957200
10983 10985 300.000000 0.957200
10984 10985 300.000000 1.513901
10986 10987 300.000000 0.957200
10986 10988 300.000000 0.957200
10987 10988 300.000000 1.513901
10989 10990 300.000000 0.957200
10989 10991 300.000000 0.957200
10990 10991 300.000000 1.513901
10992 10993 300.000000 0.957200
10992 10994 300.000000 0.957200
10993 10994 300.000000 1.513901
10995 10996 300.000000 0.957200
10995 10997 300.000000 0.957200
10996 10997 300.000000 1.513901
10998 10999 300.000000 0.957200
10998 11000 300.000000 0.957200
10999 11000 300.000000 1.513901
11001 11002 300.000000 0.957200
11001 11003 300.000000 0.957200
11002 11003 300.000000 1.513901
11004 11005 300.000000 0.957200
11004 11006 300.000000 0.957200
11005 11006 300.000000 1.513901
11007 11008 300.000000 0.957200
11007 11009 300.000000 0.957200
11008 11009 300.000000 1.513901
11010 11011 300.000000 0.957200
11010 11012 300.000000 0.957200
11011 11012 300.000000 1.513901
11013 11014 300.000000 0.957200
11013 11015 300.000000 0.957200
11014 11015 300.000000 1.513901
11016 11017 300.000000 0.957200
11016 11018 300.000000 0.957200
11017 11018 300.000000 1.513901
11019 11020 300.000000 0.957200
11019 11021 300.000000 0.957200
11020 11021 300.000000 1.513901
11022 11023 300.000000 0.957200
11022 11024 300.000000 0.957200
11023 11024 300.000000 1.513901
11025 11026 300.000000 0.957200
11025 11027 300.000000 0.957200
11026 11027 300.000000 1.513901
11028 11029 300.000000 0.957200
11028 11030 300.000000 0.957200
11029 11030 300.000000 1.513901
11031 11032 300.000000 0.957200
11031 11033 300.000000 0.957200
11032 11033 300.000000 1.513901
11034 11035 300.000000 0.957200
11034 11036 300.000000 0.957200
11035 11036 300.000000 1.513901
11037 11038 300.000000 0.957200
11037 11039 300.000000 0.957200
11038 11039 300.000000 1.513901
11040 11041 300.000000 0.957200
11040 11042 300.000000 0.957200
11041 11042 300.000000 1.513901
11043 11044 300.000000 0.957200
11043 11045 300.000000 0.957200
11044 11045 300.000000 1.513901
11046 11047 300.000000 0.957200
11046 11048 300.000000 0.957200
11047 11048 300.000000 1.513901
11049 11050 300.000000 0.957200
11049 11051 300.000000 0.957200
11050 11051 300.000000 1.513901
11052 11053 300.000000 0.957200
11052 11054 300.000000 0.957200
11053 11054 300.000000 1.513901
11055 11056 300.000000 0.957200
11055 11057 300.000000 0.957200
11056 11057 300.000000 1.513901
11058 11059 300.000000 0.957200
11058 11060 300.000000 0.957200
11059 11060 300.000000 1.513901
11061 11062 300.000000 0.957200
11061 11063 300.000000 0.957200
11062 11063 300.000000 1.513901
11064 11065 300.000000 0.957200
11064 11066 300.000000 0.957200
11065 11066 300.000000 1.513901
11067 11068 300.000000 0.957200
11067 11069 300.000000 0.957200
11068 11069 300.000000 1.513901
11070 11071 300.000000 0.957200
11070 11072 300.000000 0.957200
11071 11072 300.000000 1.513901
11073 11074 300.000000 0.957200
11073 11075 300.000000 0.957200
11074 11075 300.000000 1.513901
11076 11077 300.000000 0.957200
11076 11078 300.000000 0.957200
11077 11078 300.000000 1.513901
11079 11080 300.000000 0.957200
11079 11081 300.000000 0.957200
11080 11081 300.000000 1.513901
11082 11083 300.000000 0.957200
11082 11084 300.000000 0.957200
11083 11084 300.000000 1.513901
11085 11086 300.000000 0.957200
11085 11087 300.000000 0.957200
11086 11087 300.000000 1.513901
11088 11089 300.000000 0.957200
11088 11090 300.000000 0.957200
11089 11090 300.000000 1.513901
11091 11092 300.000000 0.957200
11091 11093 300.000000 0.957200
11092 11093 300.000000 1.513901
11094 11095 300.000000 0.957200
11094 11096 300.000000 0.957200
11095 11096 300.000000 1.513901
11097 11098 300.000000 0.957200
11097 11099 300.000000 0.957200
11098 11099 300.000000 1.513901
11100 11101 300.000000 0.957200
11100 11102 300.000000 0.957200
11101 11102 300.000000 1.513901
11103 11104 300.000000 0.957200
11103 11105 300.000000 0.957200
11104 11105 300.000000 1.513901
11106 11107 300.000000 0.957200
11106 11108 300.000000 0.957200
11107 11108 300.000000 1.513901
11109 11110 300.000000 0.957200
11109 11111 300.000000 0.957200
11110 11111 300.000000 1.513901
11112 11113 300.000000 0.957200
11112 11114 300.000000 0.957200
11113 11114 300.000000 1.513901
11115 11116 300.000000 0.957200
11115 11117 300.000000 0.957200
11116 11117 300.000000 1.513901
11118 11119 300.000000 0.957200
11118 11120 300.000000 0.957200
11119 11120 300.000000 1.513901
11121 11122 300.000000 0.957200
11121 11123 300.000000 0.957200
11122 11123 300.000000 1.513901
11124 11125 300.000000 0.957200
11124 11126 300.000000 0.957200
11125 11126 300.000000 1.513901
11127 11128 300.000000 0.957200
11127 11129 300.000000 0.957200
11128 11129 300.000000 1.513901
11130 11131 300.000000 0.957200
11130 11132 300.000000 0.957200
11131 11132 300.000000 1.513901
11133 11134 300.000000 0.957200
11133 11135 300.000000 0.957200
11134 11135 300.000000 1.513901
11136 11137 300.000000 0.957200
11136 11138 300.000000 0.957200
11137 11138 300.000000 1.513901
11139 11140 300.000000 0.957200
11139 11141 300.000000 0.957200
11140 11141 300.000000 1.513901
11142 11143 300.000000 0.957200
11142 11144 300.000000 0.957200
11143 11144 300.000000 1.513901
11145 11146 300.000000 0.957200
11145 11147 300.000000 0.957200
11146 11147 300.000000 1.513901
11148 11149 300.000000 0.957200
11148 11150 300.000000 0.957200
11149 11150 300.000000 1.513901
11151 11152 300.000000 0.957200
11151 11153 300.000000 0.957200
11152 11153 300.000000 1.513901
11154 11155 300.000000 0.957200
11154 11156 300.000000 0.957200
11155 11156 300.000000 1.513901
11157 11158 300.000000 0.957200
11157 11159 300.000000 0.957200
11158 11159 300.000000 1.513901
11160 11161 300.000000 0.957200
11160 11162 300.000000 0.957200
11161 11162 300.000000 1.513901
11163 11164 300.000000 0.957200
11163 11165 300.000000 0.957200
11164 11165 300.000000 1.513901
11166 11167 300.000000 0.957200
11166 11168 300.000000 0.957200
11167 11168 300.000000 1.513901
11169 11170 300.000000 0.957200
11169 11171 300.000000 0.957200
11170 11171 300.000000 1.513901
11172 11173 300.000000 0.957200
11172 11174 300.000000 0.957200
11173 11174 300.000000 1.513901
11175 11176 300.000000 0.957200
11175 11177 300.000000 0.957200
11176 11177 300.000000 1.513901
11178 11179 300.000000 0.957200
11178 11180 300.000000 0.957200
11179 11180 300.000000 1.513901
11181 11182 300.000000 0.957200
11181 11183 300.000000 0.957200
11182 11183 300.000000 1.513901
11184 11185 300.000000 0.957200
11184 11186 300.000000 0.957200
11185 11186 300.000000 1.513901
11187 11188 300.000000 0.957200
11187 11189 300.000000 0.957200
11188 11189 300.000000 1.513901
11190 11191 300.000000 0.957200
11190 11192 300.000000 0.957200
11191 11192 300.000000 1.513901
11193 11194 300.000000 0.957200
11193 11195 300.000000 0.957200
11194 11195 300.000000 1.513901
11196 11197 300.000000 0.957200
11196 11198 300.000000 0.957200
11197 11198 300.000000 1.513901
11199 11200 300.000000 0.957200
11199 11201 300.000000 0.957200
11200 11201 300.000000 1.513901
11202 11203 300.000000 0.957200
11202 11204 300.000000 0.957200
11203 11204 300.000000 1.513901
11205 11206 300.000000 0.957200
11205 11207 300.000000 0.957200
11206 11207 300.000000 1.513901
11208 11209 300.000000 0.957200
11208 11210 300.000000 0.957200
11209 11210 300.000000 1.513901
11211 11212 300.000000 0.957200
11211 11213 300.000000 0.957200
11212 11213 300.000000 1.513901
11214 11215 300.000000 0.957200
11214 11216 300.000000 0.957200
11215 11216 300.000000 1.513901
11217 11218 300.000000 0.957200
11217 11219 300.000000 0.957200
11218 11219 300.000000 1.513901
11220 11221 300.000000 0.957200
11220 11222 300.000000 0.957200
11221 11222 300.000000 1.513901
11223 11224 300.000000 0.957200
11223 11225 300.000000 0.957200
11224 11225 300.000000 1.513901
11226 11227 300.000000 0.957200
11226 11228 300.000000 0.957200
11227 11228 300.000000 1.513901
11229 11230 300.000000 0.957200
11229 11231 300.000000 0.957200
11230 11231 300.000000 1.513901
11232 11233 300.000000 0.957200
11232 11234 300.000000 0.957200
11233 11234 300.000000 1.513901
11235 11236 300.000000 0.957200
11235 11237 300.000000 0.957200
11236 11237 300.000000 1.513901
11238 11239 300.000000 0.957200
11238 11240 300.000000 0.957200
11239 11240 300.000000 1.513901
11241 11242 300.000000 0.957200
11241 11243 300.000000 0.957200
11242 11243 300.000000 1.513901
11244 11245 300.000000 0.957200
11244 11246 300.000000 0.957200
11245 11246 300.000000 1.513901
11247 11248 300.000000 0.957200
11247 11249 300.000000 0.957200
11248 11249 300.000000 1.513901
11250 11251 300.000000 0.957200
11250 11252 300.000000 0.957200
11251 11252 300.000000 1.513901
11253 11254 300.000000 0.957200
11253 11255 300.000000 0.957200
11254 11255 300.000000 1.513901
11256 11257 300.000000 0.957200
11256 11258 300.000000 0.957200
11257 11258 300.000000 1.513901
11259 11260 300.000000 0.957200
11259 11261 300.000000 0.957200
11260 11261 300.000000 1.513901
11262 11263 300.000000 0.957200
11262 11264 300.000000 0.957200
11263 11264 300.000000 1.513901
11265 11266 300.000000 0.957200
11265 11267 300.000000 0.957200
11266 11267 300.000000 1.513901
11268 11269 300.000000 0.957200
11268 11270 300.000000 0.957200
11269 11270 300.000000 1.513901
11271 11272 300.000000 0.957200
11271 11273 300.000000 0.957200
11272 11273 300.000000 1.513901
11274 11275 300.000000 0.957200
11274 11276 300.000000 0.957200
11275 11276 300.000000 1.513901
11277 11278 300.000000 0.957200
11277 11279 300.000000 0.957200
11278 11279 300.000000 1.513901
11280 11281 300.000000 0.957200
11280 11282 300.000000 0.957200
11281 11282 300.000000 1.513901
11283 11284 300.000000 0.957200
11283 11285 300.000000 0.957200
11284 11285 300.000000 1.513901
11286 11287 300.000000 0.957200
11286 11288 300.000000 0.957200
11287 11288 300.000000 1.513901
11289 11290 300.000000 0.957200
11289 11291 300.000000 0.957200
11290 11291 300.000000 1.513901
11292 11293 300.000000 0.957200
11292 11294 300.000000 0.957200
11293 11294 300.000000 1.513901
11295 11296 300.000000 0.957200
11295 11297 300.000000 0.957200
11296 11297 300.000000 1.513901
11298 11299 300.000000 0.957200
11298 11300 300.000000 0.957200
11299 11300 300.000000 1.513901
11301 11302 300.000000 0.957200
11301 11303 300.000000 0.957200
11302 11303 300.000000 1.513901
11304 11305 300.000000 0.957200
11304 11306 300.000000 0.957200
11305 11306 300.000000 1.513901
11307 11308 300.000000 0.957200
11307 11309 300.000000 0.957200
11308 11309 300.000000 1.513901
11310 11311 300.000000 0.957200
11310 11312 300.000000 0.957200
11311 11312 300.000000 1.513901
11313 11314 300.000000 0.957200
11313 11315 300.000000 0.957200
11314 11315 300.000000 1.513901
11316 11317 300.000000 0.957200
11316 11318 300.000000 0.957200
11317 11318 300.000000 1.513901
11319 11320 300.000000 0.957200
11319 11321 300.000000 0.957200
11320 11321 300.000000 1.513901
11322 11323 300.000000 0.957200
11322 11324 300.000000 0.957200
11323 11324 300.000000 1.513901
11325 11326 300.000000 0.957200
11325 11327 300.000000 0.957200
11326 11327 300.000000 1.513901
11328 11329 300.000000 0.957200
11328 11330 300.000000 0.957200
11329 11330 300.000000 1.513901
11331 11332 300.000000 0.957200
11331 11333 300.000000 0.957200
11332 11333 300.000000 1.513901
11334 11335 300.000000 0.957200
11334 11336 300.000000 0.957200
11335 11336 300.000000 1.513901
11337 11338 300.000000 0.957200
11337 11339 300.000000 0.957200
11338 11339 300.000000 1.513901
11340 11341 300.000000 0.957200
11340 11342 300.000000 0.957200
11341 11342 300.000000 1.513901
11343 11344 300.000000 0.957200
11343 11345 300.000000 0.957200
11344 11345 300.000000 1.513901
11346 11347 300.000000 0.957200
11346 11348 300.000000 0.957200
11347 11348 300.000000 1.513901
11349 11350 300.000000 0.957200
11349 11351 300.000000 0.957200
11350 11351 300.000000 1.513901
11352 11353 300.000000 0.957200
11352 11354 300.000000 0.957200
11353 11354 300.000000 1.513901
11355 11356 300.000000 0.957200
11355 11357 300.000000 0.957200
11356 11357 300.000000 1.513901
11358 11359 300.000000 0.957200
11358 11360 300.000000 0.957200
11359 11360 300.000000 1.513901
11361 11362 300.000000 0.957200
11361 11363 300.000000 0.957200
11362 11363 300.000000 1.513901
11364 11365 300.000000 0.957200
11364 11366 300.000000 0.957200
11365 11366 300.000000 1.513901
11367 11368 300.000000 0.957200
11367 11369 300.000000 0.957200
11368 11369 300.000000 1.513901
11370 11371 300.000000 0.957200
11370 11372 300.000000 0.957200
11371 11372 300.000000 1.513901
11373 11374 300.000000 0.957200
11373 11375 300.000000 0.957200
11374 11375 300.000000 1.513901
11376 11377 300.000000 0.957200
11376 11378 300.000000 0.957200
11377 11378 300.000000 1.513901
11379 11380 300.000000 0.957200
11379 11381 300.000000 0.957200
11380 11381 300.000000 1.513901
11382 11383 300.000000 0.957200
11382 11384 300.000000 0.957200
11383 11384 300.000000 1.513901
11385 11386 300.000000 0.957200
11385 11387 300.000000 0.957200
11386 11387 300.000000 1.513901
11388 11389 300.000000 0.957200
11388 11390 300.000000 0.957200
11389 11390 300.000000 1.513901
11391 11392 300.000000 0.957200
11391 11393 300.000000 0.957200
11392 11393 300.000000 1.513901
11394 11395 300.000000 0.957200
11394 11396 300.000000 0.957200
11395 11396 300.000000 1.513901
11397 11398 300.000000 0.957200
11397 11399 300.000000 0.957200
11398 11399 300.000000 1.513901
11400 11401 300.000000 0.957200
11400 11402 300.000000 0.957200
11401 11402 300.000000 1.513901
11403 11404 300.000000 0.957200
11403 11405 300.000000 0.957200
11404 11405 300.000000 1.513901
11406 11407 300.000000 0.957200
11406 11408 300.000000 0.957200
11407 11408 300.000000 1.513901
11409 11410 300.000000 0.957200
11409 11411 300.000000 0.957200
11410 11411 300.000000 1.513901
11412 11413 300.000000 0.957200
11412 11414 300.000000 0.957200
11413 11414 300.000000 1.513901
11415 11416 300.000000 0.957200
11415 11417 300.000000 0.957200
11416 11417 300.000000 1.513901
11418 11419 300.000000 0.957200
11418 11420 300.000000 0.957200
11419 11420 300.000000 1.513901
11421 11422 300.000000 0.957200
11421 11423 300.000000 0.957200
11422 11423 300.000000 1.513901
11424 11425 300.000000 0.957200
11424 11426 300.000000 0.957200
11425 11426 300.000000 1.513901
11427 11428 300.000000 0.957200
11427 11429 300.000000 0.957200
11428 11429 300.000000 1.513901
11430 11431 300.000000 0.957200
11430 11432 300.000000 0.957200
11431 11432 300.000000 1.513901
11433 11434 300.000000 0.957200
11433 11435 300.000000 0.957200
11434 11435 300.000000 1.513901
11436 11437 300.000000 0.957200
11436 11438 300.000000 0.957200
11437 11438 300.000000 1.513901
11439 11440 300.000000 0.957200
11439 11441 300.000000 0.957200
11440 11441 300.000000 1.513901
11442 11443 300.000000 0.957200
11442 11444 300.000000 0.957200
11443 11444 300.000000 1.513901
11445 11446 300.000000 0.957200
11445 11447 300.000000 0.957200
11446 11447 300.000000 1.513901
11448 11449 300.000000 0.957200
11448 11450 300.000000 0.957200
11449 11450 300.000000 1.513901
11451 11452 300.000000 0.957200
11451 11453 300.000000 0.957200
11452 11453 300.000000 1.513901
11454 11455 300.000000 0.957200
11454 11456 300.000000 0.957200
11455 11456 300.000000 1.513901
11457 11458 300.000000 0.957200
11457 11459 300.000000 0.957200
11458 11459 300.000000 1.513901
11460 11461 300.000000 0.957200
11460 11462 300.000000 0.957200
11461 11462 300.000000 1.513901
11463 11464 300.000000 0.957200
11463 11465 300.000000 0.957200
11464 11465 300.000000 1.513901
11466 11467 300.000000 0.957200
11466 11468 300.000000 0.957200
11467 11468 300.000000 1.513901
11469 11470 300.000000 0.957200
11469 11471 300.000000 0.957200
11470 11471 300.000000 1.513901
11472 11473 300.000000 0.957200
11472 11474 300.000000 0.957200
11473 11474 300.000000 1.513901
11475 11476 300.000000 0.957200
11475 11477 300.000000 0.957200
11476 11477 300.000000 1.513901
11478 11479 300.000000 0.957200
11478 11480 300.000000 0.957200
11479 11480 300.000000 1.513901
11481 11482 300.000000 0.957200
11481 11483 300.000000 0.957200
11482 11483 300.000000 1.513901
11484 11485 300.000000 0.957200
11484 11486 300.000000 0.957200
11485 11486 300.000000 1.513901
11487 11488 300.000000 0.957200
11487 11489 300.000000 0.957200
11488 11489 300.000000 1.513901
11490 11491 300.000000 0.957200
11490 11492 300.000000 0.957200
11491 11492 300.000000 1.513901
11493 11494 300.000000 0.957200
11493 11495 300.000000 0.957200
11494 11495 300.000000 1.513901
11496 11497 300.000000 0.957200
11496 11498 300.000000 0.957200
11497 11498 300.000000 1.513901
11499 11500 300.000000 0.957200
11499 11501 300.000000 0.957200
11500 11501 300.000000 1.513901
11502 11503 300.000000 0.957200
11502 11504 300.000000 0.957200
11503 11504 300.000000 1.513901
11505 11506 300.000000 0.957200
11505 11507 300.000000 0.957200
11506 11507 300.000000 1.513901
11508 11509 300.000000 0.957200
11508 11510 300.000000 0.957200
11509 11510 300.000000 1.513901
11511 11512 300.000000 0.957200
11511 11513 300.000000 0.957200
11512 11513 300.000000 1.513901
11514 11515 300.000000 0.957200
11514 11516 300.000000 0.957200
11515 11516 300.000000 1.513901
11517 11518 300.000000 0.957200
11517 11519 300.000000 0.957200
11518 11519 300.000000 1.513901
11520 11521 300.000000 0.957200
11520 11522 300.000000 0.957200
11521 11522 300.000000 1.513901
11523 11524 300.000000 0.957200
11523 11525 300.000000 0.957200
11524 11525 300.000000 1.513901
11526 11527 300.000000 0.957200
11526 11528 300.000000 0.957200
11527 11528 300.000000 1.513901
11529 11530 300.000000 0.957200
11529 11531 300.000000 0.957200
11530 11531 300.000000 1.513901
11532 11533 300.000000 0.957200
11532 11534 300.000000 0.957200
11533 11534 300.000000 1.513901
11535 11536 300.000000 0.957200
11535 11537 300.000000 0.957200
11536 11537 300.000000 1.513901
11538 11539 300.000000 0.957200
11538 11540 300.000000 0.957200
11539 11540 300.000000 1.513901
11541 11542 300.000000 0.957200
11541 11543 300.000000 0.957200
11542 11543 300.000000 1.513901
11544 11545 300.000000 0.957200
11544 11546 300.000000 0.957200
11545 11546 300.000000 1.513901
11547 11548 300.000000 0.957200
11547 11549 300.000000 0.957200
11548 11549 300.000000 1.513901
11550 11551 300.000000 0.957200
11550 11552 300.000000 0.957200
11551 11552 300.000000 1.513901
11553 11554 300.000000 0.957200
11553 11555 300.000000 0.957200
11554 11555 300.000000 1.513901
11556 11557 300.000000 0.957200
11556 11558 300.000000 0.957200
11557 11558 300.000000 1.513901
11559 11560 300.000000 0.957200
11559 11561 300.000000 0.957200
11560 11561 300.000000 1.513901
11562 11563 300.000000 0.957200
11562 11564 300.000000 0.957200
11563 11564 300.000000 1.513901
11565 11566 300.000000 0.957200
11565 11567 300.000000 0.957200
11566 11567 300.000000 1.513901
11568 11569 300.000000 0.957200
11568 11570 300.000000 0.957200
11569 11570 300.000000 1.513901
11571 11572 300.000000 0.957200
11571 11573 300.000000 0.957200
11572 11573 300.000000 1.513901
11574 11575 300.000000 0.957200
11574 11576 300.000000 0.957200
11575 11576 300.000000 1.513901
11577 11578 300.000000 0.957200
11577 11579 300.000000 0.957200
11578 11579 300.000000 1.513901
11580 11581 300.000000 0.957200
11580 11582 300.000000 0.957200
11581 11582 300.000000 1.513901
11583 11584 300.000000 0.957200
11583 11585 300.000000 0.957200
11584 11585 300.000000 1.513901
11586 11587 300.000000 0.957200
11586 11588 300.000000 0.957200
11587 11588 300.000000 1.513901
11589 11590 300.000000 0.957200
11589 11591 300.000000 0.957200
11590 11591 300.000000 1.513901
11592 11593 300.000000 0.957200
11592 11594 300.000000 0.957200
11593 11594 300.000000 1.513901
11595 11596 300.000000 0.957200
11595 11597 300.000000 0.957200
11596 11597 300.000000 1.513901
11598 11599 300.000000 0.957200
11598 11600 300.000000 0.957200
11599 11600 300.000000 1.513901
11601 11602 300.000000 0.957200
11601 11603 300.000000 0.957200
11602 11603 300.000000 1.513901
11604 11605 300.000000 0.957200
11604 11606 300.000000 0.957200
11605 11606 300.000000 1.513901
11607 11608 300.000000 0.957200
11607 11609 300.000000 0.957200
11608 11609 300.000000 1.513901
11610 11611 300.000000 0.957200
11610 11612 300.000000 0.957200
11611 11612 300.000000 1.513901
11613 11614 300.000000 0.957200
11613 11615 300.000000 0.957200
11614 11615 300.000000 1.513901
11616 11617 300.000000 0.957200
11616 11618 300.000000 0.957200
11617 11618 300.000000 1.513901
11619 11620 300.000000 0.957200
11619 11621 300.000000 0.957200
11620 11621 300.000000 1.513901
11622 11623 300.000000 0.957200
11622 11624 300.000000 0.957200
11623 11624 300.000000 1.513901
11625 11626 300.000000 0.957200
11625 11627 300.000000 0.957200
11626 11627 300.000000 1.513901
11628 11629 300.000000 0.957200
11628 11630 300.000000 0.957200
11629 11630 300.000000 1.513901
11631 11632 300.000000 0.957200
11631 11633 300.000000 0.957200
11632 11633 300.000000 1.513901
11634 11635 300.000000 0.957200
11634 11636 300.000000 0.957200
11635 11636 300.000000 1.513901
11637 11638 300.000000 0.957200
11637 11639 300.000000 0.957200
11638 11639 300.000000 1.513901
11640 11641 300.000000 0.957200
11640 11642 300.000000 0.957200
11641 11642 300.000000 1.513901
11643 11644 300.000000 0.957200
11643 11645 300.000000 0.957200
11644 11645 300.000000 1.513901
11646 11647 300.000000 0.957200
11646 11648 300.000000 0.957200
11647 11648 300.000000 1.513901
11649 11650 300.000000 0.957200
11649 11651 300.000000 0.957200
11650 11651 300.000000 1.513901
11652 11653 300.000000 0.957200
11652 11654 300.000000 0.957200
11653 11654 300.000000 1.513901
11655 11656 300.000000 0.957200
11655 11657 300.000000 0.957200
11656 11657 300.000000 1.513901
11658 11659 300.000000 0.957200
11658 11660 300.000000 0.957200
11659 11660 300.000000 1.513901
11661 11662 300.000000 0.957200
11661 11663 300.000000 0.957200
11662 11663 300.000000 1.513901
11664 11665 300.000000 0.957200
11664 11666 300.000000 0.957200
11665 11666 300.000000 1.513901
11667 11668 300.000000 0.957200
11667 11669 300.000000 0.957200
11668 11669 300.000000 1.513901
11670 11671 300.000000 0.957200
11670 11672 300.000000 0.957200
11671 11672 300.000000 1.513901
11673 11674 300.000000 0.957200
11673 11675 300.000000 0.957200
11674 11675 300.000000 1.513901
11676 11677 300.000000 0.957200
11676 11678 300.000000 0.957200
11677 11678 300.000000 1.513901
11679 11680 300.000000 0.957200
11679 11681 300.000000 0.957200
11680 11681 300.000000 1.513901
11682 11683 300.000000 0.957200
11682 11684 300.000000 0.957200
11683 11684 300.000000 1.513901
11685 11686 300.000000 0.957200
11685 11687 300.000000 0.957200
11686 11687 300.000000 1.513901
11688 11689 300.000000 0.957200
11688 11690 300.000000 0.957200
11689 11690 300.000000 1.513901
11691 11692 300.000000 0.957200
11691 11693 300.000000 0.957200
11692 11693 300.000000 1.513901
11694 11695 300.000000 0.957200
11694 11696 300.000000 0.957200
11695 11696 300.000000 1.513901
11697 11698 300.000000 0.957200
11697 11699 300.000000 0.957200
11698 11699 300.000000 1.513901
11700 11701 300.000000 0.957200
11700 11702 300.000000 0.957200
11701 11702 300.000000 1.513901
11703 11704 300.000000 0.957200
11703 11705 300.000000 0.957200
11704 11705 300.000000 1.513901
11706 11707 300.000000 0.957200
11706 11708 300.000000 0.957200
11707 11708 300.000000 1.513901
11709 11710 300.000000 0.957200
11709 11711 300.000000 0.957200
11710 11711 300.000000 1.513901
11712 11713 300.000000 0.957200
11712 11714 300.000000 0.957200
11713 11714 300.000000 1.513901
11715 11716 300.000000 0.957200
11715 11717 300.000000 0.957200
11716 11717 300.000000 1.513901
11718 11719 300.000000 0.957200
11718 11720 300.000000 0.957200
11719 11720 300.000000 1.513901
11721 11722 300.000000 0.957200
11721 11723 300.000000 0.957200
11722 11723 300.000000 1.513901
11724 11725 300.000000 0.957200
11724 11726 300.000000 0.957200
11725 11726 300.000000 1.513901
11727 11728 300.000000 0.957200
11727 11729 300.000000 0.957200
11728 11729 300.000000 1.513901
11730 11731 300.000000 0.957200
11730 11732 300.000000 0.957200
11731 11732 300.000000 1.513901
11733 11734 300.000000 0.957200
11733 11735 300.000000 0.957200
11734 11735 300.000000 1.513901
11736 11737 300.000000 0.957200
11736 11738 300.000000 0.957200
11737 11738 300.000000 1.513901
11739 11740 300.000000 0.957200
11739 11741 300.000000 0.957200
11740 11741 300.000000 1.513901
11742 11743 300.000000 0.957200
11742 11744 300.000000 0.957200
11743 11744 300.000000 1.513901
11745 11746 300.000000 0.957200
11745 11747 300.000000 0.957200
11746 11747 300.000000 1.513901
11748 11749 300.000000 0.957200
11748 11750 300.000000 0.957200
11749 11750 300.000000 1.513901
11751 11752 300.000000 0.957200
11751 11753 300.000000 0.957200
11752 11753 300.000000 1.513901
11754 11755 300.000000 0.957200
11754 11756 300.000000 0.957200
11755 11756 300.000000 1.513901
11757 11758 300.000000 0.957200
11757 11759 300.000000 0.957200
11758 11759 300.000000 1.513901
11760 11761 300.000000 0.957200
11760 11762 300.000000 0.957200
11761 11762 300.000000 1.513901
11763 11764 300.000000 0.957200
11763 11765 300.000000 0.957200
11764 11765 300.000000 1.513901
11766 11767 300.000000 0.957200
11766 11768 300.000000 0.957200
11767 11768 300.000000 1.513901
11769 11770 300.000000 0.957200
11769 11771 300.000000 0.957200
11770 11771 300.000000 1.513901
11772 11773 300.000000 0.957200
11772 11774 300.000000 0.957200
11773 11774 300.000000 1.513901
11775 11776 300.000000 0.957200
11775 11777 300.000000 0.957200
11776 11777 300.000000 1.513901
11778 11779 300.000000 0.957200
11778 11780 300.000000 0.957200
11779 11780 300.000000 1.513901
11781 11782 300.000000 0.957200
11781 11783 300.000000 0.957200
11782 11783 300.000000 1.513901
11784 11785 300.000000 0.957200
11784 11786 300.000000 0.957200
11785 11786 300.000000 1.513901
11787 11788 300.000000 0.957200
11787 11789 300.000000 0.957200
11788 11789 300.000000 1.513901
11790 11791 300.000000 0.957200
11790 11792 300.000000 0.957200
11791 11792 300.000000 1.513901
11793 11794 300.000000 0.957200
11793 11795 300.000000 0.957200
11794 11795 300.000000 1.513901
11796 11797 300.000000 0.957200
11796 11798 300.000000 0.957200
11797 11798 300.000000 1.513901
11799 11800 300.000000 0.957200
11799 11801 300.000000 0.957200
11800 11801 300.000000 1.513901
11802 11803 300.000000 0.957200
11802 11804 300.000000 0.957200
11803 11804 300.000000 1.513901
11805 11806 300.000000 0.957200
11805 11807 300.000000 0.957200
11806 11807 300.000000 1.513901
11808 11809 300.000000 0.957200
11808 11810 300.000000 0.957200
11809 11810 300.000000 1.513901
11811 11812 300.000000 0.957200
11811 11813 300.000000 0.957200
11812 11813 300.000000 1.513901
11814 11815 300.000000 0.957200
11814 11816 300.000000 0.957200
11815 11816 300.000000 1.513901
11817 11818 300.000000 0.957200
11817 11819 300.000000 0.957200
11818 11819 300.000000 1.513901
11820 11821 300.000000 0.957200
11820 11822 300.000000 0.957200
11821 11822 300.000000 1.513901
11823 11824 300.000000 0.957200
11823 11825 300.000000 0.957200
11824 11825 300.000000 1.513901
11826 11827 300.000000 0.957200
11826 11828 300.000000 0.957200
11827 11828 300.000000 1.513901
11829 11830 300.000000 0.957200
11829 11831 300.000000 0.957200
11830 11831 300.000000 1.513901
11832 11833 300.000000 0.957200
11832 11834 300.000000 0.957200
11833 11834 300.000000 1.513901
11835 11836 300.000000 0.957200
11835 11837 300.000000 0.957200
11836 11837 300.000000 1.513901
11838 11839 300.000000 0.957200
11838 11840 300.000000 0.957200
11839 11840 300.000000 1.513901
11841 11842 300.000000 0.957200
11841 11843 300.000000 0.957200
11842 11843 300.000000 1.513901
11844 11845 300.000000 0.957200
11844 11846 300.000000 0.957200
11845 11846 300.000000 1.513901
11847 11848 300.000000 0.957200
11847 11849 300.000000 0.957200
11848 11849 300.000000 1.513901
11850 11851 300.000000 0.957200
11850 11852 300.000000 0.957200
11851 11852 300.000000 1.513901
11853 11854 300.000000 0.957200
11853 11855 300.000000 0.957200
11854 11855 300.000000 1.513901
11856 11857 300.000000 0.957200
11856 11858 300.000000 0.957200
11857 11858 300.000000 1.513901
11859 11860 300.000000 0.957200
11859 11861 300.000000 0.957200
11860 11861 300.000000 1.513901
11862 11863 300.000000 0.957200
11862 11864 300.000000 0.957200
11863 11864 300.000000 1.513901
11865 11866 300.000000 0.957200
11865 11867 300.000000 0.957200
11866 11867 300.000000 1.513901
11868 11869 300.000000 0.957200
11868 11870 300.000000 0.957200
11869 11870 300.000000 1.513901
11871 11872 300.000000 0.957200
11871 11873 300.000000 0.957200
11872 11873 300.000000 1.513901
11874 11875 300.000000 0.957200
11874 11876 300.000000 0.957200
11875 11876 300.000000 1.513901
11877 11878 300.000000 0.957200
11877 11879 300.000000 0.957200
11878 11879 300.000000 1.513901
11880 11881 300.000000 0.957200
11880 11882 300.000000 0.957200
11881 11882 300.000000 1.513901
11883 11884 300.000000 0.957200
11883 11885 300.000000 0.957200
11884 11885 300.000000 1.513901
11886 11887 300.000000 0.957200
11886 11888 300.000000 0.957200
11887 11888 300.000000 1.513901
11889 11890 300.000000 0.957200
11889 11891 300.000000 0.957200
11890 11891 300.000000 1.513901
11892 11893 300.000000 0.957200
11892 11894 300.000000 0.957200
11893 11894 300.000000 1.513901
11895 11896 300.000000 0.957200
11895 11897 300.000000 0.957200
11896 11897 300.000000 1.513901
11898 11899 300.000000 0.957200
11898 11900 300.000000 0.957200
11899 11900 300.000000 1.513901
11901 11902 300.000000 0.957200
11901 11903 300.000000 0.957200
11902 11903 300.000000 1.513901
11904 11905 300.000000 0.957200
11904 11906 300.000000 0.957200
11905 11906 300.000000 1.513901
11907 11908 300.000000 0.957200
11907 11909 300.000000 0.957200
11908 11909 300.000000 1.513901
11910 11911 300.000000 0.957200
11910 11912 300.000000 0.957200
11911 11912 300.000000 1.513901
11913 11914 300.000000 0.957200
11913 11915 300.000000 0.957200
11914 11915 300.000000 1.513901
11916 11917 300.000000 0.957200
11916 11918 300.000000 0.957200
11917 11918 300.000000 1.513901
11919 11920 300.000000 0.957200
11919 11921 300.000000 0.957200
11920 11921 300.000000 1.513901
11922 11923 300.000000 0.957200
11922 11924 300.000000 0.957200
11923 11924 300.000000 1.513901
11925 11926 300.000000 0.957200
11925 11927 300.000000 0.957200
11926 11927 300.000000 1.513901
11928 11929 300.000000 0.957200
11928 11930 300.000000 0.957200
11929 11930 300.000000 1.513901
11931 11932 300.000000 0.957200
11931 11933 300.000000 0.957200
11932 11933 300.000000 1.513901
11934 11935 300.000000 0.957200
11934 11936 300.000000 0.957200
11935 11936 300.000000 1.513901
11937 11938 300.000000 0.957200
11937 11939 300.000000 0.957200
11938 11939 300.000000 1.513901
11940 11941 300.000000 0.957200
11940 11942 300.000000 0.957200
11941 11942 300.000000 1.513901
11943 11944 300.000000 0.957200
11943 11945 300.000000 0.957200
11944 11945 300.000000 1.513901
11946 11947 300.000000 0.957200
11946 11948 300.000000 0.957200
11947 11948 300.000000 1.513901
11949 11950 300.000000 0.957200
11949 11951 300.000000 0.957200
11950 11951 300.000000 1.513901
11952 11953 300.000000 0.957200
11952 11954 300.000000 0.957200
11953 11954 300.000000 1.513901
11955 11956 300.000000 0.957200
11955 11957 300.000000 0.957200
11956 11957 300.000000 1.513901
11958 11959 300.000000 0.957200
11958 11960 300.000000 0.957200
11959 11960 300.000000 1.513901
11961 11962 300.000000 0.957200
11961 11963 300.000000 0.957200
11962 11963 300.000000 1.513901
11964 11965 300.000000 0.957200
11964 11966 300.000000 0.957200
11965 11966 300.000000 1.513901
11967 11968 300.000000 0.957200
11967 11969 300.000000 0.957200
11968 11969 300.000000 1.513901
11970 11971 300.000000 0.957200
11970 11972 300.000000 0.957200
11971 11972 300.000000 1.513901
11973 11974 300.000000 0.957200
11973 11975 300.000000 0.957200
11974 11975 300.000000 1.513901
11976 11977 300.000000 0.957200
11976 11978 300.000000 0.957200
11977 11978 300.000000 1.513901
11979 11980 300.000000 0.957200
11979 11981 300.000000 0.957200
11980 11981 300.000000 1.513901
11982 11983 300.000000 0.957200
11982 11984 300.000000 0.957200
11983 11984 300.000000 1.513901
11985 11986 300.000000 0.957200
11985 11987 300.000000 0.957200
11986 11987 300.000000 1.513901
11988 11989 300.000000 0.957200
11988 11990 300.000000 0.957200
11989 11990 300.000000 1.513901
11991 11992 300.000000 0.957200
11991 11993 300.000000 0.957200
11992 11993 300.000000 1.513901
11994 11995 300.000000 0.957200
11994 11996 300.000000 0.957200
11995 11996 300.000000 1.513901
11997 11998 300.000000 0.957200
11997 11999 300.000000 0.957200
11998 11999 300.000000 1.513901
12000 12001 300.000000 0.957200
12000 12002 300.000000 0.957200
12001 12002 300.000000 1.513901
12003 12004 300.000000 0.957200
12003 12005 300.000000 0.957200
12004 12005 300.000000 1.513901
12006 12007 300.000000 0.957200
12006 12008 300.000000 0.957200
12007 12008 300.000000 1.513901
12009 12010 300.000000 0.957200
12009 12011 300.000000 0.957200
12010 12011 300.000000 1.513901
12012 12013 300.000000 0.957200
12012 12014 300.000000 0.957200
12013 12014 300.000000 1.513901
12015 12016 300.000000 0.957200
12015 12017 300.000000 0.957200
12016 12017 300.000000 1.513901
12018 12019 300.000000 0.957200
12018 12020 300.000000 0.957200
12019 12020 300.000000 1.513901
12021 12022 300.000000 0.957200
12021 12023 300.000000 0.957200
12022 12023 300.000000 1.513901
12024 12025 300.000000 0.957200
12024 12026 300.000000 0.957200
12025 12026 300.000000 1.513901
12027 12028 300.000000 0.957200
12027 12029 300.000000 0.957200
12028 12029 300.000000 1.513901
12030 12031 300.000000 0.957200
12030 12032 300.000000 0.957200
12031 12032 300.000000 1.513901
12033 12034 300.000000 0.957200
12033 12035 300.000000 0.957200
12034 12035 300.000000 1.513901
12036 12037 300.000000 0.957200
12036 12038 300.000000 0.957200
12037 12038 300.000000 1.513901
12039 12040 300.000000 0.957200
12039 12041 300.000000 0.957200
12040 12041 300.000000 1.513901
12042 12043 300.000000 0.957200
12042 12044 300.000000 0.957200
12043 12044 300.000000 1.513901
12045 12046 300.000000 0.957200
12045 12047 300.000000 0.957200
12046 12047 300.000000 1.513901
12048 12049 300.000000 0.957200
12048 12050 300.000000 0.957200
12049 12050 300.000000 1.513901
12051 12052 300.000000 0.957200
12051 12053 300.000000 0.957200
12052 12053 300.000000 1.513901
12054 12055 300.000000 0.957200
12054 12056 300.000000 0.957200
12055 12056 300.000000 1.513901
12057 12058 300.000000 0.957200
12057 12059 300.000000 0.957200
12058 12059 300.000000 1.513901
12060 12061 300.000000 0.957200
12060 12062 300.000000 0.957200
12061 12062 300.000000 1.513901
12063 12064 300.000000 0.957200
12063 12065 300.000000 0.957200
12064 12065 300.000000 1.513901
12066 12067 300.000000 0.957200
12066 12068 300.000000 0.957200
12067 12068 300.000000 1.513901
12069 12070 300.000000 0.957200
12069 12071 300.000000 0.957200
12070 12071 300.000000 1.513901
12072 12073 300.000000 0.957200
12072 12074 300.000000 0.957200
12073 12074 300.000000 1.513901
12075 12076 300.000000 0.957200
12075 12077 300.000000 0.957200
12076 12077 300.000000 1.513901
12078 12079 300.000000 0.957200
12078 12080 300.000000 0.957200
12079 12080 300.000000 1.513901
12081 12082 300.000000 0.957200
12081 12083 300.000000 0.957200
12082 12083 300.000000 1.513901
12084 12085 300.000000 0.957200
12084 12086 300.000000 0.957200
12085 12086 300.000000 1.513901
12087 12088 300.000000 0.957200
12087 12089 300.000000 0.957200
12088 12089 300.000000 1.513901
12090 12091 300.000000 0.957200
12090 12092 300.000000 0.957200
12091 12092 300.000000 1.513901
12093 12094 300.000000 0.957200
12093 12095 300.000000 0.957200
12094 12095 300.000000 1.513901
12096 12097 300.000000 0.957200
12096 12098 300.000000 0.957200
12097 12098 300.000000 1.513901
12099 12100 300.000000 0.957200
12099 12101 300.000000 0.957200
12100 12101 300.000000 1.513901
12102 12103 300.000000 0.957200
12102 12104 300.000000 0.957200
12103 12104 300.000000 1.513901
12105 12106 300.000000 0.957200
12105 12107 300.000000 0.957200
12106 12107 300.000000 1.513901
12108 12109 300.000000 0.957200
12108 12110 300.000000 0.957200
12109 12110 300.000000 1.513901
12111 12112 300.000000 0.957200
12111 12113 300.000000 0.957200
12112 12113 300.000000 1.513901
12114 12115 300.000000 0.957200
12114 12116 300.000000 0.957200
12115 12116 300.000000 1.513901
12117 12118 300.000000 0.957200
12117 12119 300.000000 0.957200
12118 12119 300.000000 1.513901
12120 12121 300.000000 0.957200
12120 12122 300.000000 0.957200
12121 12122 300.000000 1.513901
12123 12124 300.000000 0.957200
12123 12125 300.000000 0.957200
12124 12125 300.000000 1.513901
12126 12127 300.000000 0.957200
12126 12128 300.000000 0.957200
12127 12128 300.000000 1.513901
12129 12130 300.000000 0.957200
12129 12131 300.000000 0.957200
12130 12131 300.000000 1.513901
12132 12133 300.000000 0.957200
12132 12134 300.000000 0.957200
12133 12134 300.000000 1.513901
12135 12136 300.000000 0.957200
12135 12137 300.000000 0.957200
12136 12137 300.000000 1.513901
12138 12139 300.000000 0.957200
12138 12140 300.000000 0.957200
12139 12140 300.000000 1.513901
12141 12142 300.000000 0.957200
12141 12143 300.000000 0.957200
12142 12143 300.000000 1.513901
12144 12145 300.000000 0.957200
12144 12146 300.000000 0.957200
12145 12146 300.000000 1.513901
12147 12148 300.000000 0.957200
12147 12149 300.000000 0.957200
12148 12149 300.000000 1.513901
12150 12151 300.000000 0.957200
12150 12152 300.000000 0.957200
12151 12152 300.000000 1.513901
12153 12154 300.000000 0.957200
12153 12155 300.000000 0.957200
12154 12155 300.000000 1.513901
12156 12157 300.000000 0.957200
12156 12158 300.000000 0.957200
12157 12158 300.000000 1.513901
12159 12160 300.000000 0.957200
12159 12161 300.000000 0.957200
12160 12161 300.000000 1.513901
12162 12163 300.000000 0.957200
12162 12164 300.000000 0.957200
12163 12164 300.000000 1.513901
12165 12166 300.000000 0.957200
12165 12167 300.000000 0.957200
12166 12167 300.000000 1.513901
12168 12169 300.000000 0.957200
12168 12170 300.000000 0.957200
12169 12170 300.000000 1.513901
12171 12172 300.000000 0.957200
12171 12173 300.000000 0.957200
12172 12173 300.000000 1.513901
12174 12175 300.000000 0.957200
12174 12176 300.000000 0.957200
12175 12176 300.000000 1.513901
12177 12178 300.000000 0.957200
12177 12179 300.000000 0.957200
12178 12179 300.000000 1.513901
12180 12181 300.000000 0.957200
12180 12182 300.000000 0.957200
12181 12182 300.000000 1.513901
12183 12184 300.000000 0.957200
12183 12185 300.000000 0.957200
12184 12185 300.000000 1.513901
12186 12187 300.000000 0.957200
12186 12188 300.000000 0.957200
12187 12188 300.000000 1.513901
12189 12190 300.000000 0.957200
12189 12191 300.000000 0.957200
12190 12191 300.000000 1.513901
12192 12193 300.000000 0.957200
12192 12194 300.000000 0.957200
12193 12194 300.000000 1.513901
12195 12196 300.000000 0.957200
12195 12197 300.000000 0.957200
12196 12197 300.000000 1.513901
12198 12199 300.000000 0.957200
12198 12200 300.000000 0.957200
12199 12200 300.000000 1.513901
12201 12202 300.000000 0.957200
12201 12203 300.000000 0.957200
12202 12203 300.000000 1.513901
12204 12205 300.000000 0.957200
12204 12206 300.000000 0.957200
12205 12206 300.000000 1.513901
12207 12208 300.000000 0.957200
12207 12209 300.000000 0.957200
12208 12209 300.000000 1.513901
12210 12211 300.000000 0.957200
12210 12212 300.000000 0.957200
12211 12212 300.000000 1.513901
12213 12214 300.000000 0.957200
12213 12215 300.000000 0.957200
12214 12215 300.000000 1.513901
12216 12217 300.000000 0.957200
12216 12218 300.000000 0.957200
12217 12218 300.000000 1.513901
12219 12220 300.000000 0.957200
12219 12221 300.000000 0.957200
12220 12221 300.000000 1.513901
12222 12223 300.000000 0.957200
12222 12224 300.000000 0.957200
12223 12224 300.000000 1.513901
12225 12226 300.000000 0.957200
12225 12227 300.000000 0.957200
12226 12227 300.000000 1.513901
12228 12229 300.000000 0.957200
12228 12230 300.000000 0.957200
12229 12230 300.000000 1.513901
12231 12232 300.000000 0.957200
12231 12233 300.000000 0.957200
12232 12233 300.000000 1.513901
12234 12235 300.000000 0.957200
12234 12236 300.000000 0.957200
12235 12236 300.000000 1.513901
12237 12238 300.000000 0.957200
12237 12239 300.000000 0.957200
12238 12239 300.000000 1.513901
12240 12241 300.000000 0.957200
12240 12242 300.000000 0.957200
12241 12242 300.000000 1.513901
12243 12244 300.000000 0.957200
12243 12245 300.000000 0.957200
12244 12245 300.000000 1.513901
12246 12247 300.000000 0.957200
12246 12248 300.000000 0.957200
12247 12248 300.000000 1.513901
12249 12250 300.000000 0.957200
12249 12251 300.000000 0.957200
12250 12251 300.000000 1.513901
12252 12253 300.000000 0.957200
12252 12254 300.000000 0.957200
12253 12254 300.000000 1.513901
12255 12256 300.000000 0.957200
12255 12257 300.000000 0.957200
12256 12257 300.000000 1.513901
12258 12259 300.000000 0.957200
12258 12260 300.000000 0.957200
12259 12260 300.000000 1.513901
12261 12262 300.000000 0.957200
12261 12263 300.000000 0.957200
12262 12263 300.000000 1.513901
12264 12265 300.000000 0.957200
12264 12266 300.000000 0.957200
12265 12266 300.000000 1.513901
12267 12268 300.000000 0.957200
12267 12269 300.000000 0.957200
12268 12269 300.000000 1.513901
12270 12271 300.000000 0.957200
12270 12272 300.000000 0.957200
12271 12272 300.000000 1.513901
12273 12274 300.000000 0.957200
12273 12275 300.000000 0.957200
12274 12275 300.000000 1.513901
12276 12277 300.000000 0.957200
12276 12278 300.000000 0.957200
12277 12278 300.000000 1.513901
12279 12280 300.000000 0.957200
12279 12281 300.000000 0.957200
12280 12281 300.000000 1.513901
12282 12283 300.000000 0.957200
12282 12284 300.000000 0.957200
12283 12284 300.000000 1.513901
12285 12286 300.000000 0.957200
12285 12287 300.000000 0.957200
12286 12287 300.000000 1.513901
12288 12289 300.000000 0.957200
12288 12290 300.000000 0.957200
12289 12290 300.000000 1.513901
12291 12292 300.000000 0.957200
12291 12293 300.000000 0.957200
12292 12293 300.000000 1.513901
12294 12295 300.000000 0.957200
12294 12296 300.000000 0.957200
12295 12296 300.000000 1.513901
12297 12298 300.000000 0.957200
12297 12299 300.000000 0.957200
12298 12299 300.000000 1.513901
12300 12301 300.000000 0.957200
12300 12302 300.000000 0.957200
12301 12302 300.000000 1.513901
12303 12304 300.000000 0.957200
12303 12305 300.000000 0.957200
12304 12305 300.000000 1.513901
12306 12307 300.000000 0.957200
12306 12308 300.000000 0.957200
12307 12308 300.000000 1.513901
12309 12310 300.000000 0.957200
12309 12311 300.000000 0.957200
12310 12311 300.000000 1.513901
12312 12313 300.000000 0.957200
12312 12314 300.000000 0.957200
12313 12314 300.000000 1.513901
12315 12316 300.000000 0.957200
12315 12317 300.000000 0.957200
12316 12317 300.000000 1.513901
12318 12319 300.000000 0.957200
12318 12320 300.000000 0.957200
12319 12320 300.000000 1.513901
12321 12322 300.000000 0.957200
12321 12323 300.000000 0.957200
12322 12323 300.000000 1.513901
12324 12325 300.000000 0.957200
12324 12326 300.000000 0.957200
12325 12326 300.000000 1.513901
12327 12328 300.000000 0.957200
12327 12329 300.000000 0.957200
12328 12329 300.000000 1.513901
12330 12331 300.000000 0.957200
12330 12332 300.000000 0.957200
12331 12332 300.000000 1.513901
12333 12334 300.000000 0.957200
12333 12335 300.000000 0.957200
12334 12335 300.000000 1.513901
12336 12337 300.000000 0.957200
12336 12338 300.000000 0.957200
12337 12338 300.000000 1.513901
12339 12340 300.000000 0.957200
12339 12341 300.000000 0.957200
12340 12341 300.000000 1.513901
12342 12343 300.000000 0.957200
12342 12344 300.000000 0.957200
12343 12344 300.000000 1.513901
12345 12346 300.000000 0.957200
12345 12347 300.000000 0.957200
12346 12347 300.000000 1.513901
12348 12349 300.000000 0.957200
12348 12350 300.000000 0.957200
12349 12350 300.000000 1.513901
12351 12352 300.000000 0.957200
12351 12353 300.000000 0.957200
12352 12353 300.000000 1.513901
12354 12355 300.000000 0.957200
12354 12356 300.000000 0.957200
12355 12356 300.000000 1.513901
12357 12358 300.000000 0.957200
12357 12359 300.000000 0.957200
12358 12359 300.000000 1.513901
12360 12361 300.000000 0.957200
12360 12362 300.000000 0.957200
12361 12362 300.000000 1.513901
12363 12364 300.000000 0.957200
12363 12365 300.000000 0.957200
12364 12365 300.000000 1.513901
12366 12367 300.000000 0.957200
12366 12368 300.000000 0.957200
12367 12368 300.000000 1.513901
12369 12370 300.000000 0.957200
12369 12371 300.000000 0.957200
12370 12371 300.000000 1.513901
12372 12373 300.000000 0.957200
12372 12374 300.000000 0.957200
12373 12374 300.000000 1.513901
12375 12376 300.000000 0.957200
12375 12377 300.000000 0.957200
12376 12377 300.000000 1.513901
12378 12379 300.000000 0.957200
12378 12380 300.000000 0.957200
12379 12380 300.000000 1.513901
12381 12382 300.000000 0.957200
12381 12383 300.000000 0.957200
12382 12383 300.000000 1.513901
12384 12385 300.000000 0.957200
12384 12386 300.000000 0.957200
12385 12386 300.000000 1.513901
12387 12388 300.000000 0.957200
12387 12389 300.000000 0.957200
12388 12389 300.000000 1.513901
12390 12391 300.000000 0.957200
12390 12392 300.000000 0.957200
12391 12392 300.000000 1.513901
12393 12394 300.000000 0.957200
12393 12395 300.000000 0.957200
12394 12395 300.000000 1.513901
12396 12397 300.000000 0.957200
12396 12398 300.000000 0.957200
12397 12398 300.000000 1.513901
12399 12400 300.000000 0.957200
12399 12401 300.000000 0.957200
12400 12401 300.000000 1.513901
12402 12403 300.000000 0.957200
12402 12404 300.000000 0.957200
12403 12404 300.000000 1.513901
12405 12406 300.000000 0.957200
12405 12407 300.000000 0.957200
12406 12407 300.000000 1.513901
12408 12409 300.000000 0.957200
12408 12410 300.000000 0.957200
12409 12410 300.000000 1.513901
12411 12412 300.000000 0.957200
12411 12413 300.000000 0.957200
12412 12413 300.000000 1.513901
12414 12415 300.000000 0.957200
12414 12416 300.000000 0.957200
12415 12416 300.000000 1.513901
12417 12418 300.000000 0.957200
12417 12419 300.000000 0.957200
12418 12419 300.000000 1.513901
12420 12421 300.000000 0.957200
12420 12422 300.000000 0.957200
12421 12422 300.000000 1.513901
12423 12424 300.000000 0.957200
12423 12425 300.000000 0.957200
12424 12425 300.000000 1.513901
12426 12427 300.000000 0.957200
12426 12428 300.000000 0.957200
12427 12428 300.000000 1.513901
12429 12430 300.000000 0.957200
12429 12431 300.000000 0.957200
12430 12431 300.000000 1.513901
12432 12433 300.000000 0.957200
12432 12434 300.000000 0.957200
12433 12434 300.000000 1.513901
12435 12436 300.000000 0.957200
12435 12437 300.000000 0.957200
12436 12437 300.000000 1.513901
12438 12439 300.000000 0.957200
12438 12440 300.000000 0.957200
12439 12440 300.000000 1.513901
12441 12442 300.000000 0.957200
12441 12443 300.000000 0.957200
12442 12443 300.000000 1.513901
12444 12445 300.000000 0.957200
12444 12446 300.000000 0.957200
12445 12446 300.000000 1.513901
12447 12448 300.000000 0.957200
12447 12449 300.000000 0.957200
12448 12449 300.000000 1.513901
12450 12451 300.000000 0.957200
12450 12452 300.000000 0.957200
12451 12452 300.000000 1.513901
12453 12454 300.000000 0.957200
12453 12455 300.000000 0.957200
12454 12455 300.000000 1.513901
12456 12457 300.000000 0.957200
12456 12458 300.000000 0.957200
12457 12458 300.000000 1.513901
12459 12460 300.000000 0.957200
12459 12461 300.000000 0.957200
12460 12461 300.000000 1.513901
12462 12463 300.000000 0.957200
12462 12464 300.000000 0.957200
12463 12464 300.000000 1.513901
12465 12466 300.000000 0.957200
12465 12467 300.000000 0.957200
12466 12467 300.000000 1.513901
12468 12469 300.000000 0.957200
12468 12470 300.000000 0.957200
12469 12470 300.000000 1.513901
12471 12472 300.000000 0.957200
12471 12473 300.000000 0.957200
12472 12473 300.000000 1.513901
12474 12475 300.000000 0.957200
12474 12476 300.000000 0.957200
12475 12476 300.000000 1.513901
12477 12478 300.000000 0.957200
12477 12479 300.000000 0.957200
12478 12479 300.000000 1.513901
12480 12481 300.000000 0.957200
12480 12482 300.000000 0.957200
12481 12482 300.000000 1.513901
12483 12484 300.000000 0.957200
12483 12485 300.000000 0.957200
12484 12485 300.000000 1.513901
12486 12487 300.000000 0.957200
12486 12488 300.000000 0.957200
12487 12488 300.000000 1.513901
12489 12490 300.000000 0.957200
12489 12491 300.000000 0.957200
12490 12491 300.000000 1.513901
12492 12493 300.000000 0.957200
12492 12494 300.000000 0.957200
12493 12494 300.000000 1.513901
12495 12496 300.000000 0.957200
12495 12497 300.000000 0.957200
12496 12497 300.000000 1.513901
12498 12499 300.000000 0.957200
12498 12500 300.000000 0.957200
12499 12500 300.000000 1.513901
12501 12502 300.000000 0.957200
12501 12503 300.000000 0.957200
12502 12503 300.000000 1.513901
12504 12505 300.000000 0.957200
12504 12506 300.000000 0.957200
12505 12506 300.000000 1.513901
12507 12508 300.000000 0.957200
12507 12509 300.000000 0.957200
12508 12509 300.000000 1.513901
12510 12511 300.000000 0.957200
12510 12512 300.000000 0.957200
12511 12512 300.000000 1.513901
12513 12514 300.000000 0.957200
12513 12515 300.000000 0.957200
12514 12515 300.000000 1.513901
12516 12517 300.000000 0.957200
12516 12518 300.000000 0.957200
12517 12518 300.000000 1.513901
12519 12520 300.000000 0.957200
12519 12521 300.000000 0.957200
12520 12521 300.000000 1.513901
12522 12523 300.000000 0.957200
12522 12524 300.000000 0.957200
12523 12524 300.000000 1.513901
12525 12526 300.000000 0.957200
12525 12527 300.000000 0.957200
12526 12527 300.000000 1.513901
12528 12529 300.000000 0.957200
12528 12530 300.000000 0.957200
12529 12530 300.000000 1.513901
12531 12532 300.000000 0.957200
12531 12533 300.000000 0.957200
12532 12533 300.000000 1.513901
12534 12535 300.000000 0.957200
12534 12536 300.000000 0.957200
12535 12536 300.000000 1.513901
12537 12538 300.000000 0.957200
12537 12539 300.000000 0.957200
12538 12539 300.000000 1.513901
12540 12541 300.000000 0.957200
12540 12542 300.000000 0.957200
12541 12542 300.000000 1.513901
12543 12544 300.000000 0.957200
12543 12545 300.000000 0.957200
12544 12545 300.000000 1.513901
12546 12547 300.000000 0.957200
12546 12548 300.000000 0.957200
12547 12548 300.000000 1.513901
12549 12550 300.000000 0.957200
12549 12551 300.000000 0.957200
12550 12551 300.000000 1.513901
12552 12553 300.000000 0.957200
12552 12554 300.000000 0.957200
12553 12554 300.000000 1.513901
12555 12556 300.000000 0.957200
12555 12557 300.000000 0.957200
12556 12557 300.000000 1.513901
12558 12559 300.000000 0.957200
12558 12560 300.000000 0.957200
12559 12560 300.000000 1.513901
12561 12562 300.000000 0.957200
12561 12563 300.000000 0.957200
12562 12563 300.000000 1.513901
12564 12565 300.000000 0.957200
12564 12566 300.000000 0.957200
12565 12566 300.000000 1.513901
12567 12568 300.000000 0.957200
12567 12569 300.000000 0.957200
12568 12569 300.000000 1.513901
12570 12571 300.000000 0.957200
12570 12572 300.000000 0.957200
12571 12572 300.000000 1.513901
12573 12574 300.000000 0.957200
12573 12575 300.000000 0.957200
12574 12575 300.000000 1.513901
12576 12577 300.000000 0.957200
12576 12578 300.000000 0.957200
12577 12578 300.000000 1.513901
12579 12580 300.000000 0.957200
12579 12581 300.000000 0.957200
12580 12581 300.000000 1.513901
12582 12583 300.000000 0.957200
12582 12584 300.000000 0.957200
12583 12584 300.000000 1.513901
12585 12586 300.000000 0.957200
12585 12587 300.000000 0.957200
12586 12587 300.000000 1.513901
12588 12589 300.000000 0.957200
12588 12590 300.000000 0.957200
12589 12590 300.000000 1.513901
12591 12592 300.000000 0.957200
12591 12593 300.000000 0.957200
12592 12593 300.000000 1.513901
12594 12595 300.000000 0.957200
12594 12596 300.000000 0.957200
12595 12596 300.000000 1.513901
12597 12598 300.000000 0.957200
12597 12599 300.000000 0.957200
12598 12599 300.000000 1.513901
12600 12601 300.000000 0.957200
12600 12602 300.000000 0.957200
12601 12602 300.000000 1.513901
12603 12604 300.000000 0.957200
12603 12605 300.000000 0.957200
12604 12605 300.000000 1.513901
12606 12607 300.000000 0.957200
12606 12608 300.000000 0.957200
12607 12608 300.000000 1.513901
12609 12610 300.000000 0.957200
12609 12611 300.000000 0.957200
12610 12611 300.000000 1.513901
12612 12613 300.000000 0.957200
12612 12614 300.000000 0.957200
12613 12614 300.000000 1.513901
12615 12616 300.000000 0.957200
12615 12617 300.000000 0.957200
12616 12617 300.000000 1.513901
12618 12619 300.000000 0.957200
12618 12620 300.000000 0.957200
12619 12620 300.000000 1.513901
12621 12622 300.000000 0.957200
12621 12623 300.000000 0.957200
12622 12623 300.000000 1.513901
12624 12625 300.000000 0.957200
12624 12626 300.000000 0.957200
12625 12626 300.000000 1.513901
12627 12628 300.000000 0.957200
12627 12629 300.000000 0.957200
12628 12629 300.000000 1.513901
12630 12631 300.000000 0.957200
12630 12632 300.000000 0.957200
12631 12632 300.000000 1.513901
12633 12634 300.000000 0.957200
12633 12635 300.000000 0.957200
12634 12635 300.000000 1.513901
12636 12637 300.000000 0.957200
12636 12638 300.000000 0.957200
12637 12638 300.000000 1.513901
12639 12640 300.000000 0.957200
12639 12641 300.000000 0.957200
12640 12641 300.000000 1.513901
12642 12643 300.000000 0.957200
12642 12644 300.000000 0.957200
12643 12644 300.000000 1.513901
12645 12646 300.000000 0.957200
12645 12647 300.000000 0.957200
12646 12647 300.000000 1.513901
12648 12649 300.000000 0.957200
12648 12650 300.000000 0.957200
12649 12650 300.000000 1.513901
12651 12652 300.000000 0.957200
12651 12653 300.000000 0.957200
12652 12653 300.000000 1.513901
12654 12655 300.000000 0.957200
12654 12656 300.000000 0.957200
12655 12656 300.000000 1.513901
12657 12658 300.000000 0.957200
12657 12659 300.000000 0.957200
12658 12659 300.000000 1.513901
12660 12661 300.000000 0.957200
12660 12662 300.000000 0.957200
12661 12662 300.000000 1.513901
12663 12664 300.000000 0.957200
12663 12665 300.000000 0.957200
12664 12665 300.000000 1.513901
12666 12667 300.000000 0.957200
12666 12668 300.000000 0.957200
12667 12668 300.000000 1.513901
12669 12670 300.000000 0.957200
12669 12671 300.000000 0.957200
12670 12671 300.000000 1.513901
12672 12673 300.000000 0.957200
12672 12674 300.000000 0.957200
12673 12674 300.000000 1.513901
12675 12676 300.000000 0.957200
12675 12677 300.000000 0.957200
12676 12677 300.000000 1.513901
12678 12679 300.000000 0.957200
12678 12680 300.000000 0.957200
12679 12680 300.000000 1.513901
12681 12682 300.000000 0.957200
12681 12683 300.000000 0.957200
12682 12683 300.000000 1.513901
12684 12685 300.000000 0.957200
12684 12686 300.000000 0.957200
12685 12686 300.000000 1.513901
12687 12688 300.000000 0.957200
12687 12689 300.000000 0.957200
12688 12689 300.000000 1.513901
12690 12691 300.000000 0.957200
12690 12692 300.000000 0.957200
12691 12692 300.000000 1.513901
12693 12694 300.000000 0.957200
12693 12695 300.000000 0.957200
12694 12695 300.000000 1.513901
12696 12697 300.000000 0.957200
12696 12698 300.000000 0.957200
12697 12698 300.000000 1.513901
12699 12700 300.000000 0.957200
12699 12701 300.000000 0.957200
12700 12701 300.000000 1.513901
12702 12703 300.000000 0.957200
12702 12704 300.000000 0.957200
12703 12704 300.000000 1.513901
12705 12706 300.000000 0.957200
12705 12707 300.000000 0.957200
12706 12707 300.000000 1.513901
12708 12709 300.000000 0.957200
12708 12710 300.000000 0.957200
12709 12710 300.000000 1.513901
12711 12712 300.000000 0.957200
12711 12713 300.000000 0.957200
12712 12713 300.000000 1.513901
12714 12715 300.000000 0.957200
12714 12716 300.000000 0.957200
12715 12716 300.000000 1.513901
12717 12718 300.000000 0.957200
12717 12719 300.000000 0.957200
12718 12719 300.000000 1.513901
12720 12721 300.000000 0.957200
12720 12722 300.000000 0.957200
12721 12722 300.000000 1.513901
12723 12724 300.000000 0.957200
12723 12725 300.000000 0.957200
12724 12725 300.000000 1.513901
12726 12727 300.000000 0.957200
12726 12728 300.000000 0.957200
12727 12728 300.000000 1.513901
12729 12730 300.000000 0.957200
12729 12731 300.000000 0.957200
12730 12731 300.000000 1.513901
12732 12733 300.000000 0.957200
12732 12734 300.000000 0.957200
12733 12734 300.000000 1.513901
12735 12736 300.000000 0.957200
12735 12737 300.000000 0.957200
12736 12737 300.000000 1.513901
12738 12739 300.000000 0.957200
12738 12740 300.000000 0.957200
12739 12740 300.000000 1.513901
12741 12742 300.000000 0.957200
12741 12743 300.000000 0.957200
12742 12743 300.000000 1.513901
12744 12745 300.000000 0.957200
12744 12746 300.000000 0.957200
12745 12746 300.000000 1.513901
12747 12748 300.000000 0.957200
12747 12749 300.000000 0.957200
12748 12749 300.000000 1.513901
12750 12751 300.000000 0.957200
12750 12752 300.000000 0.957200
12751 12752 300.000000 1.513901
12753 12754 300.000000 0.957200
12753 12755 300.000000 0.957200
12754 12755 300.000000 1.513901
12756 12757 300.000000 0.957200
12756 12758 300.000000 0.957200
12757 12758 300.000000 1.513901
12759 12760 300.000000 0.957200
12759 12761 300.000000 0.957200
12760 12761 300.000000 1.513901
12762 12763 300.000000 0.957200
12762 12764 300.000000 0.957200
12763 12764 300.000000 1.513901
12765 12766 300.000000 0.957200
12765 12767 300.000000 0.957200
12766 12767 300.000000 1.513901
12768 12769 300.000000 0.957200
12768 12770 300.000000 0.957200
12769 12770 300.000000 1.513901
12771 12772 300.000000 0.957200
12771 12773 300.000000 0.957200
12772 12773 300.000000 1.513901
12774 12775 300.000000 0.957200
12774 12776 300.000000 0.957200
12775 12776 300.000000 1.513901
12777 12778 300.000000 0.957200
12777 12779 300.000000 0.957200
12778 12779 300.000000 1.513901
12780 12781 300.000000 0.957200
12780 12782 300.000000 0.957200
12781 12782 300.000000 1.513901
12783 12784 300.000000 0.957200
12783 12785 300.000000 0.957200
12784 12785 300.000000 1.513901
12786 12787 300.000000 0.957200
12786 12788 300.000000 0.957200
12787 12788 300.000000 1.513901
12789 12790 300.000000 0.957200
12789 12791 300.000000 0.957200
12790 12791 300.000000 1.513901
12792 12793 300.000000 0.957200
12792 12794 300.000000 0.957200
12793 12794 300.000000 1.513901
12795 12796 300.000000 0.957200
12795 12797 300.000000 0.957200
12796 12797 300.000000 1.513901
12798 12799 300.000000 0.957200
12798 12800 300.000000 0.957200
12799 12800 300.000000 1.513901
12801 12802 300.000000 0.957200
12801 12803 300.000000 0.957200
12802 12803 300.000000 1.513901
12804 12805 300.000000 0.957200
12804 12806 300.000000 0.957200
12805 12806 300.000000 1.513901
12807 12808 300.000000 0.957200
12807 12809 300.000000 0.957200
12808 12809 300.000000 1.513901
12810 12811 300.000000 0.957200
12810 12812 300.000000 0.957200
12811 12812 300.000000 1.513901
12813 12814 300.000000 0.957200
12813 12815 300.000000 0.957200
12814 12815 300.000000 1.513901
12816 12817 300.000000 0.957200
12816 12818 300.000000 0.957200
12817 12818 300.000000 1.513901
12819 12820 300.000000 0.957200
12819 12821 300.000000 0.957200
12820 12821 300.000000 1.513901
12822 12823 300.000000 0.957200
12822 12824 300.000000 0.957200
12823 12824 300.000000 1.513901
12825 12826 300.000000 0.957200
12825 12827 300.000000 0.957200
12826 12827 300.000000 1.513901
12828 12829 300.000000 0.957200
12828 12830 300.000000 0.957200
12829 12830 300.000000 1.513901
12831 12832 300.000000 0.957200
12831 12833 300.000000 0.957200
12832 12833 300.000000 1.513901
12834 12835 300.000000 0.957200
12834 12836 300.000000 0.957200
12835 12836 300.000000 1.513901
12837 12838 300.000000 0.957200
12837 12839 300.000000 0.957200
12838 12839 300.000000 1.513901
12840 12841 300.000000 0.957200
12840 12842 300.000000 0.957200
12841 12842 300.000000 1.513901
12843 12844 300.000000 0.957200
12843 12845 300.000000 0.957200
12844 12845 300.000000 1.513901
12846 12847 300.000000 0.957200
12846 12848 300.000000 0.957200
12847 12848 300.000000 1.513901
12849 12850 300.000000 0.957200
12849 12851 300.000000 0.957200
12850 12851 300.000000 1.513901
12852 12853 300.000000 0.957200
12852 12854 300.000000 0.957200
12853 12854 300.000000 1.513901
12855 12856 300.000000 0.957200
12855 12857 300.000000 0.957200
12856 12857 300.000000 1.513901
12858 12859 300.000000 0.957200
12858 12860 300.000000 0.957200
12859 12860 300.000000 1.513901
12861 12862 300.000000 0.957200
12861 12863 300.000000 0.957200
12862 12863 300.000000 1.513901
12864 12865 300.000000 0.957200
12864 12866 300.000000 0.957200
12865 12866 300.000000 1.513901
12867 12868 300.000000 0.957200
12867 12869 300.000000 0.957200
12868 12869 300.000000 1.513901
12870 12871 300.000000 0.957200
12870 12872 300.000000 0.957200
12871 12872 300.000000 1.513901
12873 12874 300.000000 0.957200
12873 12875 300.000000 0.957200
12874 12875 300.000000 1.513901
12876 12877 300.000000 0.957200
12876 12878 300.000000 0.957200
12877 12878 300.000000 1.513901
12879 12880 300.000000 0.957200
12879 12881 300.000000 0.957200
12880 12881 300.000000 1.513901
12882 12883 300.000000 0.957200
12882 12884 300.000000 0.957200
12883 12884 300.000000 1.513901
12885 12886 300.000000 0.957200
12885 12887 300.000000 0.957200
12886 12887 300.000000 1.513901
12888 12889 300.000000 0.957200
12888 12890 300.000000 0.957200
12889 12890 300.000000 1.513901
12891 12892 300.000000 0.957200
12891 12893 300.000000 0.957200
12892 12893 300.000000 1.513901
12894 12895 300.000000 0.957200
12894 12896 300.000000 0.957200
12895 12896 300.000000 1.513901
12897 12898 300.000000 0.957200
12897 12899 300.000000 0.957200
12898 12899 300.000000 1.513901
12900 12901 300.000000 0.957200
12900 12902 300.000000 0.957200
12901 12902 300.000000 1.513901
12903 12904 300.000000 0.957200
12903 12905 300.000000 0.957200
12904 12905 300.000000 1.513901
12906 12907 300.000000 0.957200
12906 12908 300.000000 0.957200
12907 12908 300.000000 1.513901
12909 12910 300.000000 0.957200
12909 12911 300.000000 0.957200
12910 12911 300.000000 1.513901
12912 12913 300.000000 0.957200
12912 12914 300.000000 0.957200
12913 12914 300.000000 1.513901
12915 12916 300.000000 0.957200
12915 12917 300.000000 0.957200
12916 12917 300.000000 1.513901
12918 12919 300.000000 0.957200
12918 12920 300.000000 0.957200
12919 12920 300.000000 1.513901
12921 12922 300.000000 0.957200
12921 12923 300.000000 0.957200
12922 12923 300.000000 1.513901
12924 12925 300.000000 0.957200
12924 12926 300.000000 0.957200
12925 12926 300.000000 1.513901
12927 12928 300.000000 0.957200
12927 12929 300.000000 0.957200
12928 12929 300.000000 1.513901
12930 12931 300.000000 0.957200
12930 12932 300.000000 0.957200
12931 12932 300.000000 1.513901
12933 12934 300.000000 0.957200
12933 12935 300.000000 0.957200
12934 12935 300.000000 1.513901
12936 12937 300.000000 0.957200
12936 12938 300.000000 0.957200
12937 12938 300.000000 1.513901
12939 12940 300.000000 0.957200
12939 12941 300.000000 0.957200
12940 12941 300.000000 1.513901
12942 12943 300.000000 0.957200
12942 12944 300.000000 0.957200
12943 12944 300.000000 1.513901
12945 12946 300.000000 0.957200
12945 12947 300.000000 0.957200
12946 12947 300.000000 1.513901
12948 12949 300.000000 0.957200
12948 12950 300.000000 0.957200
12949 12950 300.000000 1.513901
12951 12952 300.000000 0.957200
12951 12953 300.000000 0.957200
12952 12953 300.000000 1.513901
12954 12955 300.000000 0.957200
12954 12956 300.000000 0.957200
12955 12956 300.000000 1.513901
12957 12958 300.000000 0.957200
12957 12959 300.000000 0.957200
12958 12959 300.000000 1.513901
12960 12961 300.000000 0.957200
12960 12962 300.000000 0.957200
12961 12962 300.000000 1.513901
12963 12964 300.000000 0.957200
12963 12965 300.000000 0.957200
12964 12965 300.000000 1.513901
12966 12967 300.000000 0.957200
12966 12968 300.000000 0.957200
12967 12968 300.000000 1.513901
12969 12970 300.000000 0.957200
12969 12971 300.000000 0.957200
12970 12971 300.000000 1.513901
12972 12973 300.000000 0.957200
12972 12974 300.000000 0.957200
12973 12974 300.000000 1.513901
12975 12976 300.000000 0.957200
12975 12977 300.000000 0.957200
12976 12977 300.000000 1.513901
12978 12979 300.000000 0.957200
12978 12980 300.000000 0.957200
12979 12980 300.000000 1.513901
12981 12982 300.000000 0.957200
12981 12983 300.000000 0.957200
12982 12983 300.000000 1.513901
12984 12985 300.000000 0.957200
12984 12986 300.000000 0.957200
12985 12986 300.000000 1.513901
12987 12988 300.000000 0.957200
12987 12989 300.000000 0.957200
12988 12989 300.000000 1.513901
12990 12991 300.000000 0.957200
12990 12992 300.000000 0.957200
12991 12992 300.000000 1.513901
12993 12994 300.000000 0.957200
12993 12995 300.000000 0.957200
12994 12995 300.000000 1.513901
12996 12997 300.000000 0.957200
12996 12998 300.000000 0.957200
12997 12998 300.000000 1.513901
12999 13000 300.000000 0.957200
12999 13001 300.000000 0.957200
13000 13001 300.000000 1.513901
13002 13003 300.000000 0.957200
13002 13004 300.000000 0.957200
13003 13004 300.000000 1.513901
13005 13006 300.000000 0.957200
13005 13007 300.000000 0.957200
13006 13007 300.000000 1.513901
13008 13009 300.000000 0.957200
13008 13010 300.000000 0.957200
13009 13010 300.000000 1.513901
13011 13012 300.000000 0.957200
13011 13013 300.000000 0.957200
13012 13013 300.000000 1.513901
13014 13015 300.000000 0.957200
13014 13016 300.000000 0.957200
13015 13016 300.000000 1.513901
13017 13018 300.000000 0.957200
13017 13019 300.000000 0.957200
13018 13019 300.000000 1.513901
13020 13021 300.000000 0.957200
13020 13022 300.000000 0.957200
13021 13022 300.000000 1.513901
13023 13024 300.000000 0.957200
13023 13025 300.000000 0.957200
13024 13025 300.000000 1.513901
13026 13027 300.000000 0.957200
13026 13028 300.000000 0.957200
13027 13028 300.000000 1.513901
13029 13030 300.000000 0.957200
13029 13031 300.000000 0.957200
13030 13031 300.000000 1.513901
13032 13033 300.000000 0.957200
13032 13034 300.000000 0.957200
13033 13034 300.000000 1.513901
13035 13036 300.000000 0.957200
13035 13037 300.000000 0.957200
13036 13037 300.000000 1.513901
13038 13039 300.000000 0.957200
13038 13040 300.000000 0.957200
13039 13040 300.000000 1.513901
13041 13042 300.000000 0.957200
13041 13043 300.000000 0.957200
13042 13043 300.000000 1.513901
13044 13045 300.000000 0.957200
13044 13046 300.000000 0.957200
13045 13046 300.000000 1.513901
13047 13048 300.000000 0.957200
13047 13049 300.000000 0.957200
13048 13049 300.000000 1.513901
13050 13051 300.000000 0.957200
13050 13052 300.000000 0.957200
13051 13052 300.000000 1.513901
13053 13054 300.000000 0.957200
13053 13055 300.000000 0.957200
13054 13055 300.000000 1.513901
13056 13057 300.000000 0.957200
13056 13058 300.000000 0.957200
13057 13058 300.000000 1.513901
13059 13060 300.000000 0.957200
13059 13061 300.000000 0.957200
13060 13061 300.000000 1.513901
13062 13063 300.000000 0.957200
13062 13064 300.000000 0.957200
13063 13064 300.000000 1.513901
13065 13066 300.000000 0.957200
13065 13067 300.000000 0.957200
13066 13067 300.000000 1.513901
13068 13069 300.000000 0.957200
13068 13070 300.000000 0.957200
13069 13070 300.000000 1.513901
13071 13072 300.000000 0.957200
13071 13073 300.000000 0.957200
13072 13073 300.000000 1.513901
13074 13075 300.000000 0.957200
13074 13076 300.000000 0.957200
13075 13076 300.000000 1.513901
13077 13078 300.000000 0.957200
13077 13079 300.000000 0.957200
13078 13079 300.000000 1.513901
13080 13081 300.000000 0.957200
13080 13082 300.000000 0.957200
13081 13082 300.000000 1.513901
13083 13084 300.000000 0.957200
13083 13085 300.000000 0.957200
13084 13085 300.000000 1.513901
13086 13087 300.000000 0.957200
13086 13088 300.000000 0.957200
13087 13088 300.000000 1.513901
13089 13090 300.000000 0.957200
13089 13091 300.000000 0.957200
13090 13091 300.000000 1.513901
13092 13093 300.000000 0.957200
13092 13094 300.000000 0.957200
13093 13094 300.000000 1.513901
13095 13096 300.000000 0.957200
13095 13097 300.000000 0.957200
13096 13097 300.000000 1.513901
13098 13099 300.000000 0.957200
13098 13100 300.000000 0.957200
13099 13100 300.000000 1.513901
13101 13102 300.000000 0.957200
13101 13103 300.000000 0.957200
13102 13103 300.000000 1.513901
13104 13105 300.000000 0.957200
13104 13106 300.000000 0.957200
13105 13106 300.000000 1.513901
13107 13108 300.000000 0.957200
13107 13109 300.000000 0.957200
13108 13109 300.000000 1.513901
13110 13111 300.000000 0.957200
13110 13112 300.000000 0.957200
13111 13112 300.000000 1.513901
13113 13114 300.000000 0.957200
13113 13115 300.000000 0.957200
13114 13115 300.000000 1.513901
13116 13117 300.000000 0.957200
13116 13118 300.000000 0.957200
13117 13118 300.000000 1.513901
13119 13120 300.000000 0.957200
13119 13121 300.000000 0.957200
13120 13121 300.000000 1.513901
13122 13123 300.000000 0.957200
13122 13124 300.000000 0.957200
13123 13124 300.000000 1.513901
13125 13126 300.000000 0.957200
13125 13127 300.000000 0.957200
13126 13127 300.000000 1.513901
13128 13129 300.000000 0.957200
13128 13130 300.000000 0.957200
13129 13130 300.000000 1.513901
13131 13132 300.000000 0.957200
13131 13133 300.000000 0.957200
13132 13133 300.000000 1.513901
13134 13135 300.000000 0.957200
13134 13136 300.000000 0.957200
13135 13136 300.000000 1.513901
13137 13138 300.000000 0.957200
13137 13139 300.000000 0.957200
13138 13139 300.000000 1.513901
13140 13141 300.000000 0.957200
13140 13142 300.000000 0.957200
13141 13142 300.000000 1.513901
13143 13144 300.000000 0.957200
13143 13145 300.000000 0.957200
13144 13145 300.000000 1.513901
13146 13147 300.000000 0.957200
13146 13148 300.000000 0.957200
13147 13148 300.000000 1.513901
13149 13150 300.000000 0.957200
13149 13151 300.000000 0.957200
13150 13151 300.000000 1.513901
13152 13153 300.000000 0.957200
13152 13154 300.000000 0.957200
13153 13154 300.000000 1.513901
13155 13156 300.000000 0.957200
13155 13157 300.000000 0.957200
13156 13157 300.000000 1.513901
13158 13159 300.000000 0.957200
13158 13160 300.000000 0.957200
13159 13160 300.000000 1.513901
13161 13162 300.000000 0.957200
13161 13163 300.000000 0.957200
13162 13163 300.000000 1.513901
13164 13165 300.000000 0.957200
13164 13166 300.000000 0.957200
13165 13166 300.000000 1.513901
13167 13168 300.000000 0.957200
13167 13169 300.000000 0.957200
13168 13169 300.000000 1.513901
13170 13171 300.000000 0.957200
13170 13172 300.000000 0.957200
13171 13172 300.000000 1.513901
13173 13174 300.000000 0.957200
13173 13175 300.000000 0.957200
13174 13175 300.000000 1.513901
13176 13177 300.000000 0.957200
13176 13178 300.000000 0.957200
13177 13178 300.000000 1.513901
13179 13180 300.000000 0.957200
13179 13181 300.000000 0.957200
13180 13181 300.000000 1.513901
13182 13183 300.000000 0.957200
13182 13184 300.000000 0.957200
13183 13184 300.000000 1.513901
13185 13186 300.000000 0.957200
13185 13187 300.000000 0.957200
13186 13187 300.000000 1.513901
13188 13189 300.000000 0.957200
13188 13190 300.000000 0.957200
13189 13190 300.000000 1.513901
13191 13192 300.000000 0.957200
13191 13193 300.000000 0.957200
13192 13193 300.000000 1.513901
13194 13195 300.000000 0.957200
13194 13196 300.000000 0.957200
13195 13196 300.000000 1.513901
13197 13198 300.000000 0.957200
13197 13199 300.000000 0.957200
13198 13199 300.000000 1.513901
13200 13201 300.000000 0.957200
13200 13202 300.000000 0.957200
13201 13202 300.000000 1.513901
13203 13204 300.000000 0.957200
13203 13205 300.000000 0.957200
13204 13205 300.000000 1.513901
13206 13207 300.000000 0.957200
13206 13208 300.000000 0.957200
13207 13208 300.000000 1.513901
13209 13210 300.000000 0.957200
13209 13211 300.000000 0.957200
13210 13211 300.000000 1.513901
13212 13213 300.000000 0.957200
13212 13214 300.000000 0.957200
13213 13214 300.000000 1.513901
13215 13216 300.000000 0.957200
13215 13217 300.000000 0.957200
13216 13217 300.000000 1.513901
13218 13219 300.000000 0.957200
13218 13220 300.000000 0.957200
13219 13220 300.000000 1.513901
13221 13222 300.000000 0.957200
13221 13223 300.000000 0.957200
13222 13223 300.000000 1.513901
13224 13225 300.000000 0.957200
13224 13226 300.000000 0.957200
13225 13226 300.000000 1.513901
13227 13228 300.000000 0.957200
13227 13229 300.000000 0.957200
13228 13229 300.000000 1.513901
13230 13231 300.000000 0.957200
13230 13232 300.000000 0.957200
13231 13232 300.000000 1.513901
13233 13234 300.000000 0.957200
13233 13235 300.000000 0.957200
13234 13235 300.000000 1.513901
13236 13237 300.000000 0.957200
13236 13238 300.000000 0.957200
13237 13238 300.000000 1.513901
13239 13240 300.000000 0.957200
13239 13241 300.000000 0.957200
13240 13241 300.000000 1.513901
13242 13243 300.000000 0.957200
13242 13244 300.000000 0.957200
13243 13244 300.000000 1.513901
13245 13246 300.000000 0.957200
13245 13247 300.000000 0.957200
13246 13247 300.000000 1.513901
13248 13249 300.000000 0.957200
13248 13250 300.000000 0.957200
13249 13250 300.000000 1.513901
13251 13252 300.000000 0.957200
13251 13253 300.000000 0.957200
13252 13253 300.000000 1.513901
13254 13255 300.000000 0.957200
13254 13256 300.000000 0.957200
13255 13256 300.000000 1.513901
13257 13258 300.000000 0.957200
13257 13259 300.000000 0.957200
13258 13259 300.000000 1.513901
13260 13261 300.000000 0.957200
13260 13262 300.000000 0.957200
13261 13262 300.000000 1.513901
13263 13264 300.000000 0.957200
13263 13265 300.000000 0.957200
13264 13265 300.000000 1.513901
13266 13267 300.000000 0.957200
13266 13268 300.000000 0.957200
13267 13268 300.000000 1.513901
13269 13270 300.000000 0.957200
13269 13271 300.000000 0.957200
13270 13271 300.000000 1.513901
13272 13273 300.000000 0.957200
13272 13274 300.000000 0.957200
13273 13274 300.000000 1.513901
13275 13276 300.000000 0.957200
13275 13277 300.000000 0.957200
13276 13277 300.000000 1.513901
13278 13279 300.000000 0.957200
13278 13280 300.000000 0.957200
13279 13280 300.000000 1.513901
13281 13282 300.000000 0.957200
13281 13283 300.000000 0.957200
13282 13283 300.000000 1.513901
13284 13285 300.000000 0.957200
13284 13286 300.000000 0.957200
13285 13286 300.000000 1.513901
13287 13288 300.000000 0.957200
13287 13289 300.000000 0.957200
13288 13289 300.000000 1.513901
13290 13291 300.000000 0.957200
13290 13292 300.000000 0.957200
13291 13292 300.000000 1.513901
13293 13294 300.000000 0.957200
13293 13295 300.000000 0.957200
13294 13295 300.000000 1.513901
13296 13297 300.000000 0.957200
13296 13298 300.000000 0.957200
13297 13298 300.000000 1.513901
13299 13300 300.000000 0.957200
13299 13301 300.000000 0.957200
13300 13301 300.000000 1.513901
13302 13303 300.000000 0.957200
13302 13304 300.000000 0.957200
13303 13304 300.000000 1.513901
13305 13306 300.000000 0.957200
13305 13307 300.000000 0.957200
13306 13307 300.000000 1.513901
13308 13309 300.000000 0.957200
13308 13310 300.000000 0.957200
13309 13310 300.000000 1.513901
13311 13312 300.000000 0.957200
13311 13313 300.000000 0.957200
13312 13313 300.000000 1.513901
13314 13315 300.000000 0.957200
13314 13316 300.000000 0.957200
13315 13316 300.000000 1.513901
13317 13318 300.000000 0.957200
13317 13319 300.000000 0.957200
13318 13319 300.000000 1.513901
13320 13321 300.000000 0.957200
13320 13322 300.000000 0.957200
13321 13322 300.000000 1.513901
13323 13324 300.000000 0.957200
13323 13325 300.000000 0.957200
13324 13325 300.000000 1.513901
13326 13327 300.000000 0.957200
13326 13328 300.000000 0.957200
13327 13328 300.000000 1.513901
13329 13330 300.000000 0.957200
13329 13331 300.000000 0.957200
13330 13331 300.000000 1.513901
13332 13333 300.000000 0.957200
13332 13334 300.000000 0.957200
13333 13334 300.000000 1.513901
13335 13336 300.000000 0.957200
13335 13337 300.000000 0.957200
13336 13337 300.000000 1.513901
13338 13339 300.000000 0.957200
13338 13340 300.000000 0.957200
13339 13340 300.000000 1.513901
13341 13342 300.000000 0.957200
13341 13343 300.000000 0.957200
13342 13343 300.000000 1.513901
13344 13345 300.000000 0.957200
13344 13346 300.000000 0.957200
13345 13346 300.000000 1.513901
13347 13348 300.000000 0.957200
13347 13349 300.000000 0.957200
13348 13349 300.000000 1.513901
13350 13351 300.000000 0.957200
13350 13352 300.000000 0.957200
13351 13352 300.000000 1.513901
13353 13354 300.000000 0.957200
13353 13355 300.000000 0.957200
13354 13355 300.000000 1.513901
13356 13357 300.000000 0.957200
13356 13358 300.000000 0.957200
13357 13358 300.000000 1.513901
13359 13360 300.000000 0.957200
13359 13361 300.000000 0.957200
13360 13361 300.000000 1.513901
13362 13363 300.000000 0.957200
13362 13364 300.000000 0.957200
13363 13364 300.000000 1.513901
13365 13366 300.000000 0.957200
13365 13367 300.000000 0.957200
13366 13367 300.000000 1.513901
13368 13369 300.000000 0.957200
13368 13370 300.000000 0.957200
13369 13370 300.000000 1.513901
13371 13372 300.000000 0.957200
13371 13373 300.000000 0.957200
13372 13373 300.000000 1.513901
13374 13375 300.000000 0.957200
13374 13376 300.000000 0.957200
13375 13376 300.000000 1.513901
13377 13378 300.000000 0.957200
13377 13379 300.000000 0.957200
13378 13379 300.000000 1.513901
13380 13381 300.000000 0.957200
13380 13382 300.000000 0.957200
13381 13382 300.000000 1.513901
13383 13384 300.000000 0.957200
13383 13385 300.000000 0.957200
13384 13385 300.000000 1.513901
13386 13387 300.000000 0.957200
13386 13388 300.000000 0.957200
13387 13388 300.000000 1.513901
13389 13390 300.000000 0.957200
13389 13391 300.000000 0.957200
13390 13391 300.000000 1.513901
13392 13393 300.000000 0.957200
13392 13394 300.000000 0.957200
13393 13394 300.000000 1.513901
13395 13396 300.000000 0.957200
13395 13397 300.000000 0.957200
13396 13397 300.000000 1.513901
13398 13399 300.000000 0.957200
13398 13400 300.000000 0.957200
13399 13400 300.000000 1.513901
13401 13402 300.000000 0.957200
13401 13403 300.000000 0.957200
13402 13403 300.000000 1.513901
13404 13405 300.000000 0.957200
13404 13406 300.000000 0.957200
13405 13406 300.000000 1.513901
13407 13408 300.000000 0.957200
13407 13409 300.000000 0.957200
13408 13409 300.000000 1.513901
13410 13411 300.000000 0.957200
13410 13412 300.000000 0.957200
13411 13412 300.000000 1.513901
13413 13414 300.000000 0.957200
13413 13415 300.000000 0.957200
13414 13415 300.000000 1.513901
13416 13417 300.000000 0.957200
13416 13418 300.000000 0.957200
13417 13418 300.000000 1.513901
13419 13420 300.000000 0.957200
13419 13421 300.000000 0.957200
13420 13421 300.000000 1.513901
13422 13423 300.000000 0.957200
13422 13424 300.000000 0.957200
13423 13424 300.000000 1.513901
13425 13426 300.000000 0.957200
13425 13427 300.000000 0.957200
13426 13427 300.000000 1.513901
13428 13429 300.000000 0.957200
13428 13430 300.000000 0.957200
13429 13430 300.000000 1.513901
13431 13432 300.000000 0.957200
13431 13433 300.000000 0.957200
13432 13433 300.000000 1.513901
13434 13435 300.000000 0.957200
13434 13436 300.000000 0.957200
13435 13436 300.000000 1.513901
13437 13438 300.000000 0.957200
13437 13439 300.000000 0.957200
13438 13439 300.000000 1.513901
13440 13441 300.000000 0.957200
13440 13442 300.000000 0.957200
13441 13442 300.000000 1.513901
13443 13444 300.000000 0.957200
13443 13445 300.000000 0.957200
13444 13445 300.000000 1.513901
13446 13447 300.000000 0.957200
13446 13448 300.000000 0.957200
13447 13448 300.000000 1.513901
13449 13450 300.000000 0.957200
13449 13451 300.000000 0.957200
13450 13451 300.000000 1.513901
13452 13453 300.000000 0.957200
13452 13454 300.000000 0.957200
13453 13454 300.000000 1.513901
13455 13456 300.000000 0.957200
13455 13457 300.000000 0.957200
13456 13457 300.000000 1.513901
13458 13459 300.000000 0.957200
13458 13460 300.000000 0.957200
13459 13460 300.000000 1.513901
13461 13462 300.000000 0.957200
13461 13463 300.000000 0.957200
13462 13463 300.000000 1.513901
13464 13465 300.000000 0.957200
13464 13466 300.000000 0.957200
13465 13466 300.000000 1.513901
13467 13468 300.000000 0.957200
13467 13469 300.000000 0.957200
13468 13469 300.000000 1.513901
13470 13471 300.000000 0.957200
13470 13472 300.000000 0.957200
13471 13472 300.000000 1.513901
13473 13474 300.000000 0.957200
13473 13475 300.000000 0.957200
13474 13475 300.000000 1.513901
13476 13477 300.000000 0.957200
13476 13478 300.000000 0.957200
13477 13478 300.000000 1.513901
13479 13480 300.000000 0.957200
13479 13481 300.000000 0.957200
13480 13481 300.000000 1.513901
13482 13483 300.000000 0.957200
13482 13484 300.000000 0.957200
13483 13484 300.000000 1.513901
13485 13486 300.000000 0.957200
13485 13487 300.000000 0.957200
13486 13487 300.000000 1.513901
13488 13489 300.000000 0.957200
13488 13490 300.000000 0.957200
13489 13490 300.000000 1.513901
13491 13492 300.000000 0.957200
13491 13493 300.000000 0.957200
13492 13493 300.000000 1.513901
13494 13495 300.000000 0.957200
13494 13496 300.000000 0.957200
13495 13496 300.000000 1.513901
13497 13498 300.000000 0.957200
13497 13499 300.000000 0.957200
13498 13499 300.000000 1.513901
13500 13501 300.000000 0.957200
13500 13502 300.000000 0.957200
13501 13502 300.000000 1.513901
13503 13504 300.000000 0.957200
13503 13505 300.000000 0.957200
13504 13505 300.000000 1.513901
13506 13507 300.000000 0.957200
13506 13508 300.000000 0.957200
13507 13508 300.000000 1.513901
13509 13510 300.000000 0.957200
13509 13511 300.000000 0.957200
13510 13511 300.000000 1.513901
13512 13513 300.000000 0.957200
13512 13514 300.000000 0.957200
13513 13514 300.000000 1.513901
13515 13516 300.000000 0.957200
13515 13517 300.000000 0.957200
13516 13517 300.000000 1.513901
13518 13519 300.000000 0.957200
13518 13520 300.000000 0.957200
13519 13520 300.000000 1.513901
13521 13522 300.000000 0.957200
13521 13523 300.000000 0.957200
13522 13523 300.000000 1.513901
13524 13525 300.000000 0.957200
13524 13526 300.000000 0.957200
13525 13526 300.000000 1.513901
13527 13528 300.000000 0.957200
13527 13529 300.000000 0.957200
13528 13529 300.000000 1.513901
13530 13531 300.000000 0.957200
13530 13532 300.000000 0.957200
13531 13532 300.000000 1.513901
13533 13534 300.000000 0.957200
13533 13535 300.000000 0.957200
13534 13535 300.000000 1.513901
13536 13537 300.000000 0.957200
13536 13538 300.000000 0.957200
13537 13538 300.000000 1.513901
13539 13540 300.000000 0.957200
13539 13541 300.000000 0.957200
13540 13541 300.000000 1.513901
13542 13543 300.000000 0.957200
13542 13544 300.000000 0.957200
13543 13544 300.000000 1.513901
13545 13546 300.000000 0.957200
13545 13547 300.000000 0.957200
13546 13547 300.000000 1.513901
13548 13549 300.000000 0.957200
13548 13550 300.000000 0.957200
13549 13550 300.000000 1.513901
13551 13552 300.000000 0.957200
13551 13553 300.000000 0.957200
13552 13553 300.000000 1.513901
13554 13555 300.000000 0.957200
13554 13556 300.000000 0.957200
13555 13556 300.000000 1.513901
13557 13558 300.000000 0.957200
13557 13559 300.000000 0.957200
13558 13559 300.000000 1.513901
13560 13561 300.000000 0.957200
13560 13562 300.000000 0.957200
13561 13562 300.000000 1.513901
13563 13564 300.000000 0.957200
13563 13565 300.000000 0.957200
13564 13565 300.000000 1.513901
13566 13567 300.000000 0.957200
13566 13568 300.000000 0.957200
13567 13568 300.000000 1.513901
13569 13570 300.000000 0.957200
13569 13571 300.000000 0.957200
13570 13571 300.000000 1.513901
13572 13573 300.000000 0.957200
13572 13574 300.000000 0.957200
13573 13574 300.000000 1.513901
13575 13576 300.000000 0.957200
13575 13577 300.000000 0.957200
13576 13577 300.000000 1.513901
13578 13579 300.000000 0.957200
13578 13580 300.000000 0.957200
13579 13580 300.000000 1.513901
13581 13582 300.000000 0.957200
13581 13583 300.000000 0.957200
13582 13583 300.000000 1.513901
13584 13585 300.000000 0.957200
13584 13586 300.000000 0.957200
13585 13586 300.000000 1.513901
13587 13588 300.000000 0.957200
13587 13589 300.000000 0.957200
13588 13589 300.000000 1.513901
13590 13591 300.000000 0.957200
13590 13592 300.000000 0.957200
13591 13592 300.000000 1.513901
13593 13594 300.000000 0.957200
13593 13595 300.000000 0.957200
13594 13595 300.000000 1.513901
13596 13597 300.000000 0.957200
13596 13598 300.000000 0.957200
13597 13598 300.000000 1.513901
13599 13600 300.000000 0.957200
13599 13601 300.000000 0.957200
13600 13601 300.000000 1.513901
13602 13603 300.000000 0.957200
13602 13604 300.000000 0.957200
13603 13604 300.000000 1.513901
13605 13606 300.000000 0.957200
13605 13607 300.000000 0.957200
13606 13607 300.000000 1.513901
13608 13609 300.000000 0.957200
13608 13610 300.000000 0.957200
13609 13610 300.000000 1.513901
13611 13612 300.000000 0.957200
13611 13613 300.000000 0.957200
13612 13613 300.000000 1.513901
13614 13615 300.000000 0.957200
13614 13616 300.000000 0.957200
13615 13616 300.000000 1.513901
13617 13618 300.000000 0.957200
13617 13619 300.000000 0.957200
13618 13619 300.000000 1.513901
13620 13621 300.000000 0.957200
13620 13622 300.000000 0.957200
13621 13622 300.000000 1.513901
13623 13624 300.000000 0.957200
13623 13625 300.000000 0.957200
13624 13625 300.000000 1.513901
13626 13627 300.000000 0.957200
13626 13628 300.000000 0.957200
13627 13628 300.000000 1.513901
13629 13630 300.000000 0.957200
13629 13631 300.000000 0.957200
13630 13631 300.000000 1.513901
13632 13633 300.000000 0.957200
13632 13634 300.000000 0.957200
13633 13634 300.000000 1.513901
13635 13636 300.000000 0.957200
13635 13637 300.000000 0.957200
13636 13637 300.000000 1.513901
13638 13639 300.000000 0.957200
13638 13640 300.000000 0.957200
13639 13640 300.000000 1.513901
13641 13642 300.000000 0.957200
13641 13643 300.000000 0.957200
13642 13643 300.000000 1.513901
13644 13645 300.000000 0.957200
13644 13646 300.000000 0.957200
13645 13646 300.000000 1.513901
13647 13648 300.000000 0.957200
13647 13649 300.000000 0.957200
13648 13649 300.000000 1.513901
13650 13651 300.000000 0.957200
13650 13652 300.000000 0.957200
13651 13652 300.000000 1.513901
13653 13654 300.000000 0.957200
13653 13655 300.000000 0.957200
13654 13655 300.000000 1.513901
13656 13657 300.000000 0.957200
13656 13658 300.000000 0.957200
13657 13658 300.000000 1.513901
13659 13660 300.000000 0.957200
13659 13661 300.000000 0.957200
13660 13661 300.000000 1.513901
13662 13663 300.000000 0.957200
13662 13664 300.000000 0.957200
13663 13664 300.000000 1.513901
13665 13666 300.000000 0.957200
13665 13667 300.000000 0.957200
13666 13667 300.000000 1.513901
13668 13669 300.000000 0.957200
13668 13670 300.000000 0.957200
13669 13670 300.000000 1.513901
13671 13672 300.000000 0.957200
13671 13673 300.000000 0.957200
13672 13673 300.000000 1.513901
13674 13675 300.000000 0.957200
13674 13676 300.000000 0.957200
13675 13676 300.000000 1.513901
13677 13678 300.000000 0.957200
13677 13679 300.000000 0.957200
13678 13679 300.000000 1.513901
13680 13681 300.000000 0.957200
13680 13682 300.000000 0.957200
13681 13682 300.000000 1.513901
13683 13684 300.000000 0.957200
13683 13685 300.000000 0.957200
13684 13685 300.000000 1.513901
13686 13687 300.000000 0.957200
13686 13688 300.000000 0.957200
13687 13688 300.000000 1.513901
13689 13690 300.000000 0.957200
13689 13691 300.000000 0.957200
13690 13691 300.000000 1.513901
13692 13693 300.000000 0.957200
13692 13694 300.000000 0.957200
13693 13694 300.000000 1.513901
13695 13696 300.000000 0.957200
13695 13697 300.000000 0.957200
13696 13697 300.000000 1.513901
13698 13699 300.000000 0.957200
13698 13700 300.000000 0.957200
13699 13700 300.000000 1.513901
13701 13702 300.000000 0.957200
13701 13703 300.000000 0.957200
13702 13703 300.000000 1.513901
13704 13705 300.000000 0.957200
13704 13706 300.000000 0.957200
13705 13706 300.000000 1.513901
13707 13708 300.000000 0.957200
13707 13709 300.000000 0.957200
13708 13709 300.000000 1.513901
13710 13711 300.000000 0.957200
13710 13712 300.000000 0.957200
13711 13712 300.000000 1.513901
13713 13714 300.000000 0.957200
13713 13715 300.000000 0.957200
13714 13715 300.000000 1.513901
13716 13717 300.000000 0.957200
13716 13718 300.000000 0.957200
13717 13718 300.000000 1.513901
13719 13720 300.000000 0.957200
13719 13721 300.000000 0.957200
13720 13721 300.000000 1.513901
13722 13723 300.000000 0.957200
13722 13724 300.000000 0.957200
13723 13724 300.000000 1.513901
13725 13726 300.000000 0.957200
13725 13727 300.000000 0.957200
13726 13727 300.000000 1.513901
13728 13729 300.000000 0.957200
13728 13730 300.000000 0.957200
13729 13730 300.000000 1.513901
13731 13732 300.000000 0.957200
13731 13733 300.000000 0.957200
13732 13733 300.000000 1.513901
13734 13735 300.000000 0.957200
13734 13736 300.000000 0.957200
13735 13736 300.000000 1.513901
13737 13738 300.000000 0.957200
13737 13739 300.000000 0.957200
13738 13739 300.000000 1.513901
13740 13741 300.000000 0.957200
13740 13742 300.000000 0.957200
13741 13742 300.000000 1.513901
13743 13744 300.000000 0.957200
13743 13745 300.000000 0.957200
13744 13745 300.000000 1.513901
13746 13747 300.000000 0.957200
13746 13748 300.000000 0.957200
13747 13748 300.000000 1.513901
13749 13750 300.000000 0.957200
13749 13751 300.000000 0.957200
13750 13751 300.000000 1.513901
13752 13753 300.000000 0.957200
13752 13754 300.000000 0.957200
13753 13754 300.000000 1.513901
13755 13756 300.000000 0.957200
13755 13757 300.000000 0.957200
13756 13757 300.000000 1.513901
13758 13759 300.000000 0.957200
13758 13760 300.000000 0.957200
13759 13760 300.000000 1.513901
13761 13762 300.000000 0.957200
13761 13763 300.000000 0.957200
13762 13763 300.000000 1.513901
13764 13765 300.000000 0.957200
13764 13766 300.000000 0.957200
13765 13766 300.000000 1.513901
13767 13768 300.000000 0.957200
13767 13769 300.000000 0.957200
13768 13769 300.000000 1.513901
13770 13771 300.000000 0.957200
13770 13772 300.000000 0.957200
13771 13772 300.000000 1.513901
13773 13774 300.000000 0.957200
13773 13775 300.000000 0.957200
13774 13775 300.000000 1.513901
13776 13777 300.000000 0.957200
13776 13778 300.000000 0.957200
13777 13778 300.000000 1.513901
13779 13780 300.000000 0.957200
13779 13781 300.000000 0.957200
13780 13781 300.000000 1.513901
13782 13783 300.000000 0.957200
13782 13784 300.000000 0.957200
13783 13784 300.000000 1.513901
13785 13786 300.000000 0.957200
13785 13787 300.000000 0.957200
13786 13787 300.000000 1.513901
13788 13789 300.000000 0.957200
13788 13790 300.000000 0.957200
13789 13790 300.000000 1.513901
13791 13792 300.000000 0.957200
13791 13793 300.000000 0.957200
13792 13793 300.000000 1.513901
13794 13795 300.000000 0.957200
13794 13796 300.000000 0.957200
13795 13796 300.000000 1.513901
13797 13798 300.000000 0.957200
13797 13799 300.000000 0.957200
13798 13799 300.000000 1.513901
13800 13801 300.000000 0.957200
13800 13802 300.000000 0.957200
13801 13802 300.000000 1.513901
13803 13804 300.000000 0.957200
13803 13805 300.000000 0.957200
13804 13805 300.000000 1.513901
13806 13807 300.000000 0.957200
13806 13808 300.000000 0.957200
13807 13808 300.000000 1.513901
13809 13810 300.000000 0.957200
13809 13811 300.000000 0.957200
13810 13811 300.000000 1.513901
13812 13813 300.000000 0.957200
13812 13814 300.000000 0.957200
13813 13814 300.000000 1.513901
13815 13816 300.000000 0.957200
13815 13817 300.000000 0.957200
13816 13817 300.000000 1.513901
13818 13819 300.000000 0.957200
13818 13820 300.000000 0.957200
13819 13820 300.000000 1.513901
13821 13822 300.000000 0.957200
13821 13823 300.000000 0.957200
13822 13823 300.000000 1.513901
13824 13825 300.000000 0.957200
13824 13826 300.000000 0.957200
13825 13826 300.000000 1.513901
13827 13828 300.000000 0.957200
13827 13829 300.000000 0.957200
13828 13829 300.000000 1.513901
13830 13831 300.000000 0.957200
13830 13832 300.000000 0.957200
13831 13832 300.000000 1.513901
13833 13834 300.000000 0.957200
13833 13835 300.000000 0.957200
13834 13835 300.000000 1.513901
13836 13837 300.000000 0.957200
13836 13838 300.000000 0.957200
13837 13838 300.000000 1.513901
13839 13840 300.000000 0.957200
13839 13841 300.000000 0.957200
13840 13841 300.000000 1.513901
13842 13843 300.000000 0.957200
13842 13844 300.000000 0.957200
13843 13844 300.000000 1.513901
13845 13846 300.000000 0.957200
13845 13847 300.000000 0.957200
13846 13847 300.000000 1.513901
13848 13849 300.000000 0.957200
13848 13850 300.000000 0.957200
13849 13850 300.000000 1.513901
13851 13852 300.000000 0.957200
13851 13853 300.000000 0.957200
13852 13853 300.000000 1.513901
13854 13855 300.000000 0.957200
13854 13856 300.000000 0.957200
13855 13856 300.000000 1.513901
13857 13858 300.000000 0.957200
13857 13859 300.000000 0.957200
13858 13859 300.000000 1.513901
13860 13861 300.000000 0.957200
13860 13862 300.000000 0.957200
13861 13862 300.000000 1.513901
13863 13864 300.000000 0.957200
13863 13865 300.000000 0.957200
13864 13865 300.000000 1.513901
13866 13867 300.000000 0.957200
13866 13868 300.000000 0.957200
13867 13868 300.000000 1.513901
13869 13870 300.000000 0.957200
13869 13871 300.000000 0.957200
13870 13871 300.000000 1.513901
13872 13873 300.000000 0.957200
13872 13874 300.000000 0.957200
13873 13874 300.000000 1.513901
13875 13876 300.000000 0.957200
13875 13877 300.000000 0.957200
13876 13877 300.000000 1.513901
13878 13879 300.000000 0.957200
13878 13880 300.000000 0.957200
13879 13880 300.000000 1.513901
13881 13882 300.000000 0.957200
13881 13883 300.000000 0.957200
13882 13883 300.000000 1.513901
13884 13885 300.000000 0.957200
13884 13886 300.000000 0.957200
13885 13886 300.000000 1.513901
13887 13888 300.000000 0.957200
13887 13889 300.000000 0.957200
13888 13889 300.000000 1.513901
13890 13891 300.000000 0.957200
13890 13892 300.000000 0.957200
13891 13892 300.000000 1.513901
13893 13894 300.000000 0.957200
13893 13895 300.000000 0.957200
13894 13895 300.000000 1.513901
13896 13897 300.000000 0.957200
13896 13898 300.000000 0.957200
13897 13898 300.000000 1.513901
13899 13900 300.000000 0.957200
13899 13901 300.000000 0.957200
13900 13901 300.000000 1.513901
13902 13903 300.000000 0.957200
13902 13904 300.000000 0.957200
13903 13904 300.000000 1.513901
13905 13906 300.000000 0.957200
13905 13907 300.000000 0.957200
13906 13907 300.000000 1.513901
13908 13909 300.000000 0.957200
13908 13910 300.000000 0.957200
13909 13910 300.000000 1.513901
13911 13912 300.000000 0.957200
13911 13913 300.000000 0.957200
13912 13913 300.000000 1.513901
13914 13915 300.000000 0.957200
13914 13916 300.000000 0.957200
13915 13916 300.000000 1.513901
13917 13918 300.000000 0.957200
13917 13919 300.000000 0.957200
13918 13919 300.000000 1.513901
13920 13921 300.000000 0.957200
13920 13922 300.000000 0.957200
13921 13922 300.000000 1.513901
13923 13924 300.000000 0.957200
13923 13925 300.000000 0.957200
13924 13925 300.000000 1.513901
13926 13927 300.000000 0.957200
13926 13928 300.000000 0.957200
13927 13928 300.000000 1.513901
13929 13930 300.000000 0.957200
13929 13931 300.000000 0.957200
13930 13931 300.000000 1.513901
13932 13933 300.000000 0.957200
13932 13934 300.000000 0.957200
13933 13934 300.000000 1.513901
13935 13936 300.000000 0.957200
13935 13937 300.000000 0.957200
13936 13937 300.000000 1.513901
13938 13939 300.000000 0.957200
13938 13940 300.000000 0.957200
13939 13940 300.000000 1.513901
13941 13942 300.000000 0.957200
13941 13943 300.000000 0.957200
13942 13943 300.000000 1.513901
13944 13945 300.000000 0.957200
13944 13946 300.000000 0.957200
13945 13946 300.000000 1.513901
13947 13948 300.000000 0.957200
13947 13949 300.000000 0.957200
13948 13949 300.000000 1.513901
13950 13951 300.000000 0.957200
13950 13952 300.000000 0.957200
13951 13952 300.000000 1.513901
13953 13954 300.000000 0.957200
13953 13955 300.000000 0.957200
13954 13955 300.000000 1.513901
13956 13957 300.000000 0.957200
13956 13958 300.000000 0.957200
13957 13958 300.000000 1.513901
13959 13960 300.000000 0.957200
13959 13961 300.000000 0.957200
13960 13961 300.000000 1.513901
13962 13963 300.000000 0.957200
13962 13964 300.000000 0.957200
13963 13964 300.000000 1.513901
13965 13966 300.000000 0.957200
13965 13967 300.000000 0.957200
13966 13967 300.000000 1.513901
13968 13969 300.000000 0.957200
13968 13970 300.000000 0.957200
13969 13970 300.000000 1.513901
13971 13972 300.000000 0.957200
13971 13973 300.000000 0.957200
13972 13973 300.000000 1.513901
13974 13975 300.000000 0.957200
13974 13976 300.000000 0.957200
13975 13976 300.000000 1.513901
13977 13978 300.000000 0.957200
13977 13979 300.000000 0.957200
13978 13979 300.000000 1.513901
13980 13981 300.000000 0.957200
13980 13982 300.000000 0.957200
13981 13982 300.000000 1.513901
13983 13984 300.000000 0.957200
13983 13985 300.000000 0.957200
13984 13985 300.000000 1.513901
13986 13987 300.000000 0.957200
13986 13988 300.000000 0.957200
13987 13988 300.000000 1.513901
13989 13990 300.000000 0.957200
13989 13991 300.000000 0.957200
13990 13991 300.000000 1.513901
13992 13993 300.000000 0.957200
13992 13994 300.000000 0.957200
13993 13994 300.000000 1.513901
13995 13996 300.000000 0.957200
13995 13997 300.000000 0.957200
13996 13997 300.000000 1.513901
13998 13999 300.000000 0.957200
13998 14000 300.000000 0.957200
13999 14000 300.000000 1.513901
14001 14002 300.000000 0.957200
14001 14003 300.000000 0.957200
14002 14003 300.000000 1.513901
14004 14005 300.000000 0.957200
14004 14006 300.000000 0.957200
14005 14006 300.000000 1.513901
14007 14008 300.000000 0.957200
14007 14009 300.000000 0.957200
14008 14009 300.000000 1.513901
14010 14011 300.000000 0.957200
14010 14012 300.000000 0.957200
14011 14012 300.000000 1.513901
14013 14014 300.000000 0.957200
14013 14015 300.000000 0.957200
14014 14015 300.000000 1.513901
14016 14017 300.000000 0.957200
14016 14018 300.000000 0.957200
14017 14018 300.000000 1.513901
14019 14020 300.000000 0.957200
14019 14021 300.000000 0.957200
14020 14021 300.000000 1.513901
14022 14023 300.000000 0.957200
14022 14024 300.000000 0.957200
14023 14024 300.000000 1.513901
14025 14026 300.000000 0.957200
14025 14027 300.000000 0.957200
14026 14027 300.000000 1.513901
14028 14029 300.000000 0.957200
14028 14030 300.000000 0.957200
14029 14030 300.000000 1.513901
14031 14032 300.000000 0.957200
14031 14033 300.000000 0.957200
14032 14033 300.000000 1.513901
14034 14035 300.000000 0.957200
14034 14036 300.000000 0.957200
14035 14036 300.000000 1.513901
14037 14038 300.000000 0.957200
14037 14039 300.000000 0.957200
14038 14039 300.000000 1.513901
14040 14041 300.000000 0.957200
14040 14042 300.000000 0.957200
14041 14042 300.000000 1.513901
14043 14044 300.000000 0.957200
14043 14045 300.000000 0.957200
14044 14045 300.000000 1.513901
14046 14047 300.000000 0.957200
14046 14048 300.000000 0.957200
14047 14048 300.000000 1.513901
14049 14050 300.000000 0.957200
14049 14051 300.000000 0.957200
14050 14051 300.000000 1.513901
14052 14053 300.000000 0.957200
14052 14054 300.000000 0.957200
14053 14054 300.000000 1.513901
14055 14056 300.000000 0.957200
14055 14057 300.000000 0.957200
14056 14057 300.000000 1.513901
14058 14059 300.000000 0.957200
14058 14060 300.000000 0.957200
14059 14060 300.000000 1.513901
14061 14062 300.000000 0.957200
14061 14063 300.000000 0.957200
14062 14063 300.000000 1.513901
14064 14065 300.000000 0.957200
14064 14066 300.000000 0.957200
14065 14066 300.000000 1.513901
14067 14068 300.000000 0.957200
14067 14069 300.000000 0.957200
14068 14069 300.000000 1.513901
14070 14071 300.000000 0.957200
14070 14072 300.000000 0.957200
14071 14072 300.000000 1.513901
14073 14074 300.000000 0.957200
14073 14075 300.000000 0.957200
14074 14075 300.000000 1.513901
14076 14077 300.000000 0.957200
14076 14078 300.000000 0.957200
14077 14078 300.000000 1.513901
14079 14080 300.000000 0.957200
14079 14081 300.000000 0.957200
14080 14081 300.000000 1.513901
14082 14083 300.000000 0.957200
14082 14084 300.000000 0.957200
14083 14084 300.000000 1.513901
14085 14086 300.000000 0.957200
14085 14087 300.000000 0.957200
14086 14087 300.000000 1.513901
14088 14089 300.000000 0.957200
14088 14090 300.000000 0.957200
14089 14090 300.000000 1.513901
14091 14092 300.000000 0.957200
14091 14093 300.000000 0.957200
14092 14093 300.000000 1.513901
14094 14095 300.000000 0.957200
14094 14096 300.000000 0.957200
14095 14096 300.000000 1.513901
14097 14098 300.000000 0.957200
14097 14099 300.000000 0.957200
14098 14099 300.000000 1.513901
14100 14101 300.000000 0.957200
14100 14102 300.000000 0.957200
14101 14102 300.000000 1.513901
14103 14104 300.000000 0.957200
14103 14105 300.000000 0.957200
14104 14105 300.000000 1.513901
14106 14107 300.000000 0.957200
14106 14108 300.000000 0.957200
14107 14108 300.000000 1.513901
14109 14110 300.000000 0.957200
14109 14111 300.000000 0.957200
14110 14111 300.000000 1.513901
14112 14113 300.000000 0.957200
14112 14114 300.000000 0.957200
14113 14114 300.000000 1.513901
14115 14116 300.000000 0.957200
14115 14117 300.000000 0.957200
14116 14117 300.000000 1.513901
14118 14119 300.000000 0.957200
14118 14120 300.000000 0.957200
14119 14120 300.000000 1.513901
14121 14122 300.000000 0.957200
14121 14123 300.000000 0.957200
14122 14123 300.000000 1.513901
14124 14125 300.000000 0.957200
14124 14126 300.000000 0.957200
14125 14126 300.000000 1.513901
14127 14128 300.000000 0.957200
14127 14129 300.000000 0.957200
14128 14129 300.000000 1.513901
14130 14131 300.000000 0.957200
14130 14132 300.000000 0.957200
14131 14132 300.000000 1.513901
14133 14134 300.000000 0.957200
14133 14135 300.000000 0.957200
14134 14135 300.000000 1.513901
14136 14137 300.000000 0.957200
14136 14138 300.000000 0.957200
14137 14138 300.000000 1.513901
14139 14140 300.000000 0.957200
14139 14141 300.000000 0.957200
14140 14141 300.000000 1.513901
14142 14143 300.000000 0.957200
14142 14144 300.000000 0.957200
14143 14144 300.000000 1.513901
14145 14146 300.000000 0.957200
14145 14147 300.000000 0.957200
14146 14147 300.000000 1.513901
14148 14149 300.000000 0.957200
14148 14150 300.000000 0.957200
14149 14150 300.000000 1.513901
14151 14152 300.000000 0.957200
14151 14153 300.000000 0.957200
14152 14153 300.000000 1.513901
14154 14155 300.000000 0.957200
14154 14156 300.000000 0.957200
14155 14156 300.000000 1.513901
14157 14158 300.000000 0.957200
14157 14159 300.000000 0.957200
14158 14159 300.000000 1.513901
14160 14161 300.000000 0.957200
14160 14162 300.000000 0.957200
14161 14162 300.000000 1.513901
14163 14164 300.000000 0.957200
14163 14165 300.000000 0.957200
14164 14165 300.000000 1.513901
14166 14167 300.000000 0.957200
14166 14168 300.000000 0.957200
14167 14168 300.000000 1.513901
14169 14170 300.000000 0.957200
14169 14171 300.000000 0.957200
14170 14171 300.000000 1.513901
14172 14173 300.000000 0.957200
14172 14174 300.000000 0.957200
14173 14174 300.000000 1.513901
14175 14176 300.000000 0.957200
14175 14177 300.000000 0.957200
14176 14177 300.000000 1.513901
14178 14179 300.000000 0.957200
14178 14180 300.000000 0.957200
14179 14180 300.000000 1.513901
14181 14182 300.000000 0.957200
14181 14183 300.000000 0.957200
14182 14183 300.000000 1.513901
14184 14185 300.000000 0.957200
14184 14186 300.000000 0.957200
14185 14186 300.000000 1.513901
14187 14188 300.000000 0.957200
14187 14189 300.000000 0.957200
14188 14189 300.000000 1.513901
14190 14191 300.000000 0.957200
14190 14192 300.000000 0.957200
14191 14192 300.000000 1.513901
14193 14194 300.000000 0.957200
14193 14195 300.000000 0.957200
14194 14195 300.000000 1.513901
14196 14197 300.000000 0.957200
14196 14198 300.000000 0.957200
14197 14198 300.000000 1.513901
14199 14200 300.000000 0.957200
14199 14201 300.000000 0.957200
14200 14201 300.000000 1.513901
14202 14203 300.000000 0.957200
14202 14204 300.000000 0.957200
14203 14204 300.000000 1.513901
14205 14206 300.000000 0.957200
14205 14207 300.000000 0.957200
14206 14207 300.000000 1.513901
14208 14209 300.000000 0.957200
14208 14210 300.000000 0.957200
14209 14210 300.000000 1.513901
14211 14212 300.000000 0.957200
14211 14213 300.000000 0.957200
14212 14213 300.000000 1.513901
14214 14215 300.000000 0.957200
14214 14216 300.000000 0.957200
14215 14216 300.000000 1.513901
14217 14218 300.000000 0.957200
14217 14219 300.000000 0.957200
14218 14219 300.000000 1.513901
14220 14221 300.000000 0.957200
14220 14222 300.000000 0.957200
14221 14222 300.000000 1.513901
14223 14224 300.000000 0.957200
14223 14225 300.000000 0.957200
14224 14225 300.000000 1.513901
14226 14227 300.000000 0.957200
14226 14228 300.000000 0.957200
14227 14228 300.000000 1.513901
14229 14230 300.000000 0.957200
14229 14231 300.000000 0.957200
14230 14231 300.000000 1.513901
14232 14233 300.000000 0.957200
14232 14234 300.000000 0.957200
14233 14234 300.000000 1.513901
14235 14236 300.000000 0.957200
14235 14237 300.000000 0.957200
14236 14237 300.000000 1.513901
14238 14239 300.000000 0.957200
14238 14240 300.000000 0.957200
14239 14240 300.000000 1.513901
14241 14242 300.000000 0.957200
14241 14243 300.000000 0.957200
14242 14243 300.000000 1.513901
14244 14245 300.000000 0.957200
14244 14246 300.000000 0.957200
14245 14246 300.000000 1.513901
14247 14248 300.000000 0.957200
14247 14249 300.000000 0.957200
14248 14249 300.000000 1.513901
14250 14251 300.000000 0.957200
14250 14252 300.000000 0.957200
14251 14252 300.000000 1.513901
14253 14254 300.000000 0.957200
14253 14255 300.000000 0.957200
14254 14255 300.000000 1.513901
14256 14257 300.000000 0.957200
14256 14258 300.000000 0.957200
14257 14258 300.000000 1.513901
14259 14260 300.000000 0.957200
14259 14261 300.000000 0.957200
14260 14261 300.000000 1.513901
14262 14263 300.000000 0.957200
14262 14264 300.000000 0.957200
14263 14264 300.000000 1.513901
14265 14266 300.000000 0.957200
14265 14267 300.000000 0.957200
14266 14267 300.000000 1.513901
14268 14269 300.000000 0.957200
14268 14270 300.000000 0.957200
14269 14270 300.000000 1.513901
14271 14272 300.000000 0.957200
14271 14273 300.000000 0.957200
14272 14273 300.000000 1.513901
14274 14275 300.000000 0.957200
14274 14276 300.000000 0.957200
14275 14276 300.000000 1.513901
14277 14278 300.000000 0.957200
14277 14279 300.000000 0.957200
14278 14279 300.000000 1.513901
14280 14281 300.000000 0.957200
14280 14282 300.000000 0.957200
14281 14282 300.000000 1.513901
14283 14284 300.000000 0.957200
14283 14285 300.000000 0.957200
14284 14285 300.000000 1.513901
14286 14287 300.000000 0.957200
14286 14288 300.000000 0.957200
14287 14288 300.000000 1.513901
14289 14290 300.000000 0.957200
14289 14291 300.000000 0.957200
14290 14291 300.000000 1.513901
14292 14293 300.000000 0.957200
14292 14294 300.000000 0.957200
14293 14294 300.000000 1.513901
14295 14296 300.000000 0.957200
14295 14297 300.000000 0.957200
14296 14297 300.000000 1.513901
14298 14299 300.000000 0.957200
14298 14300 300.000000 0.957200
14299 14300 300.000000 1.513901
14301 14302 300.000000 0.957200
14301 14303 300.000000 0.957200
14302 14303 300.000000 1.513901
14304 14305 300.000000 0.957200
14304 14306 300.000000 0.957200
14305 14306 300.000000 1.513901
14307 14308 300.000000 0.957200
14307 14309 300.000000 0.957200
14308 14309 300.000000 1.513901
14310 14311 300.000000 0.957200
14310 14312 300.000000 0.957200
14311 14312 300.000000 1.513901
14313 14314 300.000000 0.957200
14313 14315 300.000000 0.957200
14314 14315 300.000000 1.513901
14316 14317 300.000000 0.957200
14316 14318 300.000000 0.957200
14317 14318 300.000000 1.513901
14319 14320 300.000000 0.957200
14319 14321 300.000000 0.957200
14320 14321 300.000000 1.513901
14322 14323 300.000000 0.957200
14322 14324 300.000000 0.957200
14323 14324 300.000000 1.513901
14325 14326 300.000000 0.957200
14325 14327 300.000000 0.957200
14326 14327 300.000000 1.513901
14328 14329 300.000000 0.957200
14328 14330 300.000000 0.957200
14329 14330 300.000000 1.513901
14331 14332 300.000000 0.957200
14331 14333 300.000000 0.957200
14332 14333 300.000000 1.513901
14334 14335 300.000000 0.957200
14334 14336 300.000000 0.957200
14335 14336 300.000000 1.513901
14337 14338 300.000000 0.957200
14337 14339 300.000000 0.957200
14338 14339 300.000000 1.513901
14340 14341 300.000000 0.957200
14340 14342 300.000000 0.957200
14341 14342 300.000000 1.513901
14343 14344 300.000000 0.957200
14343 14345 300.000000 0.957200
14344 14345 300.000000 1.513901
14346 14347 300.000000 0.957200
14346 14348 300.000000 0.957200
14347 14348 300.000000 1.513901
14349 14350 300.000000 0.957200
14349 14351 300.000000 0.957200
14350 14351 300.000000 1.513901
14352 14353 300.000000 0.957200
14352 14354 300.000000 0.957200
14353 14354 300.000000 1.513901
14355 14356 300.000000 0.957200
14355 14357 300.000000 0.957200
14356 14357 300.000000 1.513901
14358 14359 300.000000 0.957200
14358 14360 300.000000 0.957200
14359 14360 300.000000 1.513901
14361 14362 300.000000 0.957200
14361 14363 300.000000 0.957200
14362 14363 300.000000 1.513901
14364 14365 300.000000 0.957200
14364 14366 300.000000 0.957200
14365 14366 300.000000 1.513901
14367 14368 300.000000 0.957200
14367 14369 300.000000 0.957200
14368 14369 300.000000 1.513901
14370 14371 300.000000 0.957200
14370 14372 300.000000 0.957200
14371 14372 300.000000 1.513901
14373 14374 300.000000 0.957200
14373 14375 300.000000 0.957200
14374 14375 300.000000 1.513901
14376 14377 300.000000 0.957200
14376 14378 300.000000 0.957200
14377 14378 300.000000 1.513901
14379 14380 300.000000 0.957200
14379 14381 300.000000 0.957200
14380 14381 300.000000 1.513901
14382 14383 300.000000 0.957200
14382 14384 300.000000 0.957200
14383 14384 300.000000 1.513901
14385 14386 300.000000 0.957200
14385 14387 300.000000 0.957200
14386 14387 300.000000 1.513901
14388 14389 300.000000 0.957200
14388 14390 300.000000 0.957200
14389 14390 300.000000 1.513901
14391 14392 300.000000 0.957200
14391 14393 300.000000 0.957200
14392 14393 300.000000 1.513901
14394 14395 300.000000 0.957200
14394 14396 300.000000 0.957200
14395 14396 300.000000 1.513901
14397 14398 300.000000 0.957200
14397 14399 300.000000 0.957200
14398 14399 300.000000 1.513901
14400 14401 300.000000 0.957200
14400 14402 300.000000 0.957200
14401 14402 300.000000 1.513901
14403 14404 300.000000 0.957200
14403 14405 300.000000 0.957200
14404 14405 300.000000 1.513901
14406 14407 300.000000 0.957200
14406 14408 300.000000 0.957200
14407 14408 300.000000 1.513901
14409 14410 300.000000 0.957200
14409 14411 300.000000 0.957200
14410 14411 300.000000 1.513901
14412 14413 300.000000 0.957200
14412 14414 300.000000 0.957200
14413 14414 300.000000 1.513901
14415 14416 300.000000 0.957200
14415 14417 300.000000 0.957200
14416 14417 300.000000 1.513901
14418 14419 300.000000 0.957200
14418 14420 300.000000 0.957200
14419 14420 300.000000 1.513901
14421 14422 300.000000 0.957200
14421 14423 300.000000 0.957200
14422 14423 300.000000 1.513901
14424 14425 300.000000 0.957200
14424 14426 300.000000 0.957200
14425 14426 300.000000 1.513901
14427 14428 300.000000 0.957200
14427 14429 300.000000 0.957200
14428 14429 300.000000 1.513901
14430 14431 300.000000 0.957200
14430 14432 300.000000 0.957200
14431 14432 300.000000 1.513901
14433 14434 300.000000 0.957200
14433 14435 300.000000 0.957200
14434 14435 300.000000 1.513901
14436 14437 300.000000 0.957200
14436 14438 300.000000 0.957200
14437 14438 300.000000 1.513901
14439 14440 300.000000 0.957200
14439 14441 300.000000 0.957200
14440 14441 300.000000 1.513901
14442 14443 300.000000 0.957200
14442 14444 300.000000 0.957200
14443 14444 300.000000 1.513901
14445 14446 300.000000 0.957200
14445 14447 300.000000 0.957200
14446 14447 300.000000 1.513901
14448 14449 300.000000 0.957200
14448 14450 300.000000 0.957200
14449 14450 300.000000 1.513901
14451 14452 300.000000 0.957200
14451 14453 300.000000 0.957200
14452 14453 300.000000 1.513901
14454 14455 300.000000 0.957200
14454 14456 300.000000 0.957200
14455 14456 300.000000 1.513901
14457 14458 300.000000 0.957200
14457 14459 300.000000 0.957200
14458 14459 300.000000 1.513901
14460 14461 300.000000 0.957200
14460 14462 300.000000 0.957200
14461 14462 300.000000 1.513901
14463 14464 300.000000 0.957200
14463 14465 300.000000 0.957200
14464 14465 300.000000 1.513901
14466 14467 300.000000 0.957200
14466 14468 300.000000 0.957200
14467 14468 300.000000 1.513901
14469 14470 300.000000 0.957200
14469 14471 300.000000 0.957200
14470 14471 300.000000 1.513901
14472 14473 300.000000 0.957200
14472 14474 300.000000 0.957200
14473 14474 300.000000 1.513901
14475 14476 300.000000 0.957200
14475 14477 300.000000 0.957200
14476 14477 300.000000 1.513901
14478 14479 300.000000 0.957200
14478 14480 300.000000 0.957200
14479 14480 300.000000 1.513901
14481 14482 300.000000 0.957200
14481 14483 300.000000 0.957200
14482 14483 300.000000 1.513901
14484 14485 300.000000 0.957200
14484 14486 300.000000 0.957200
14485 14486 300.000000 1.513901
14487 14488 300.000000 0.957200
14487 14489 300.000000 0.957200
14488 14489 300.000000 1.513901
14490 14491 300.000000 0.957200
14490 14492 300.000000 0.957200
14491 14492 300.000000 1.513901
14493 14494 300.000000 0.957200
14493 14495 300.000000 0.957200
14494 14495 300.000000 1.513901
14496 14497 300.000000 0.957200
14496 14498 300.000000 0.957200
14497 14498 300.000000 1.513901
14499 14500 300.000000 0.957200
14499 14501 300.000000 0.957200
14500 14501 300.000000 1.513901
14502 14503 300.000000 0.957200
14502 14504 300.000000 0.957200
14503 14504 300.000000 1.513901
14505 14506 300.000000 0.957200
14505 14507 300.000000 0.957200
14506 14507 300.000000 1.513901
14508 14509 300.000000 0.957200
14508 14510 300.000000 0.957200
14509 14510 300.000000 1.513901
14511 14512 300.000000 0.957200
14511 14513 300.000000 0.957200
14512 14513 300.000000 1.513901
14514 14515 300.000000 0.957200
14514 14516 300.000000 0.957200
14515 14516 300.000000 1.513901
14517 14518 300.000000 0.957200
14517 14519 300.000000 0.957200
14518 14519 300.000000 1.513901
14520 14521 300.000000 0.957200
14520 14522 300.000000 0.957200
14521 14522 300.000000 1.513901
14523 14524 300.000000 0.957200
14523 14525 300.000000 0.957200
14524 14525 300.000000 1.513901
14526 14527 300.000000 0.957200
14526 14528 300.000000 0.957200
14527 14528 300.000000 1.513901
14529 14530 300.000000 0.957200
14529 14531 300.000000 0.957200
14530 14531 300.000000 1.513901
14532 14533 300.000000 0.957200
14532 14534 300.000000 0.957200
14533 14534 300.000000 1.513901
14535 14536 300.000000 0.957200
14535 14537 300.000000 0.957200
14536 14537 300.000000 1.513901
14538 14539 300.000000 0.957200
14538 14540 300.000000 0.957200
14539 14540 300.000000 1.513901
14541 14542 300.000000 0.957200
14541 14543 300.000000 0.957200
14542 14543 300.000000 1.513901
14544 14545 300.000000 0.957200
14544 14546 300.000000 0.957200
14545 14546 300.000000 1.513901
14547 14548 300.000000 0.957200
14547 14549 300.000000 0.957200
14548 14549 300.000000 1.513901
14550 14551 300.000000 0.957200
14550 14552 300.000000 0.957200
14551 14552 300.000000 1.513901
14553 14554 300.000000 0.957200
14553 14555 300.000000 0.957200
14554 14555 300.000000 1.513901
14556 14557 300.000000 0.957200
14556 14558 300.000000 0.957200
14557 14558 300.000000 1.513901
14559 14560 300.000000 0.957200
14559 14561 300.000000 0.957200
14560 14561 300.000000 1.513901
14562 14563 300.000000 0.957200
14562 14564 300.000000 0.957200
14563 14564 300.000000 1.513901
14565 14566 300.000000 0.957200
14565 14567 300.000000 0.957200
14566 14567 300.000000 1.513901
14568 14569 300.000000 0.957200
14568 14570 300.000000 0.957200
14569 14570 300.000000 1.513901
14571 14572 300.000000 0.957200
14571 14573 300.000000 0.957200
14572 14573 300.000000 1.513901
14574 14575 300.000000 0.957200
14574 14576 300.000000 0.957200
14575 14576 300.000000 1.513901
14577 14578 300.000000 0.957200
14577 14579 300.000000 0.957200
14578 14579 300.000000 1.513901
14580 14581 300.000000 0.957200
14580 14582 300.000000 0.957200
14581 14582 300.000000 1.513901
14583 14584 300.000000 0.957200
14583 14585 300.000000 0.957200
14584 14585 300.000000 1.513901
14586 14587 300.000000 0.957200
14586 14588 300.000000 0.957200
14587 14588 300.000000 1.513901
14589 14590 300.000000 0.957200
14589 14591 300.000000 0.957200
14590 14591 300.000000 1.513901
14592 14593 300.000000 0.957200
14592 14594 300.000000 0.957200
14593 14594 300.000000 1.513901
14595 14596 300.000000 0.957200
14595 14597 300.000000 0.957200
14596 14597 300.000000 1.513901
14598 14599 300.000000 0.957200
14598 14600 300.000000 0.957200
14599 14600 300.000000 1.513901
14601 14602 300.000000 0.957200
14601 14603 300.000000 0.957200
14602 14603 300.000000 1.513901
14604 14605 300.000000 0.957200
14604 14606 300.000000 0.957200
14605 14606 300.000000 1.513901
14607 14608 300.000000 0.957200
14607 14609 300.000000 0.957200
14608 14609 300.000000 1.513901
14610 14611 300.000000 0.957200
14610 14612 300.000000 0.957200
14611 14612 300.000000 1.513901
14613 14614 300.000000 0.957200
14613 14615 300.000000 0.957200
14614 14615 300.000000 1.513901
14616 14617 300.000000 0.957200
14616 14618 300.000000 0.957200
14617 14618 300.000000 1.513901
14619 14620 300.000000 0.957200
14619 14621 300.000000 0.957200
14620 14621 300.000000 1.513901
14622 14623 300.000000 0.957200
14622 14624 300.000000 0.957200
14623 14624 300.000000 1.513901
14625 14626 300.000000 0.957200
14625 14627 300.000000 0.957200
14626 14627 300.000000 1.513901
14628 14629 300.000000 0.957200
14628 14630 300.000000 0.957200
14629 14630 300.000000 1.513901
14631 14632 300.000000 0.957200
14631 14633 300.000000 0.957200
14632 14633 300.000000 1.513901
14634 14635 300.000000 0.957200
14634 14636 300.000000 0.957200
14635 14636 300.000000 1.513901
14637 14638 300.000000 0.957200
14637 14639 300.000000 0.957200
14638 14639 300.000000 1.513901
14640 14641 300.000000 0.957200
14640 14642 300.000000 0.957200
14641 14642 300.000000 1.513901
14643 14644 300.000000 0.957200
14643 14645 300.000000 0.957200
14644 14645 300.000000 1.513901
14646 14647 300.000000 0.957200
14646 14648 300.000000 0.957200
14647 14648 300.000000 1.513901
14649 14650 300.000000 0.957200
14649 14651 300.000000 0.957200
14650 14651 300.000000 1.513901
14652 14653 300.000000 0.957200
14652 14654 300.000000 0.957200
14653 14654 300.000000 1.513901
14655 14656 300.000000 0.957200
14655 14657 300.000000 0.957200
14656 14657 300.000000 1.513901
14658 14659 300.000000 0.957200
14658 14660 300.000000 0.957200
14659 14660 300.000000 1.513901
14661 14662 300.000000 0.957200
14661 14663 300.000000 0.957200
14662 14663 300.000000 1.513901
14664 14665 300.000000 0.957200
14664 14666 300.000000 0.957200
14665 14666 300.000000 1.513901
14667 14668 300.000000 0.957200
14667 14669 300.000000 0.957200
14668 14669 300.000000 1.513901
14670 14671 300.000000 0.957200
14670 14672 300.000000 0.957200
14671 14672 300.000000 1.513901
14673 14674 300.000000 0.957200
14673 14675 300.000000 0.957200
14674 14675 300.000000 1.513901
14676 14677 300.000000 0.957200
14676 14678 300.000000 0.957200
14677 14678 300.000000 1.513901
14679 14680 300.000000 0.957200
14679 14681 300.000000 0.957200
14680 14681 300.000000 1.513901
14682 14683 300.000000 0.957200
14682 14684 300.000000 0.957200
14683 14684 300.000000 1.513901
14685 14686 300.000000 0.957200
14685 14687 300.000000 0.957200
14686 14687 300.000000 1.513901
14688 14689 300.000000 0.957200
14688 14690 300.000000 0.957200
14689 14690 300.000000 1.513901
14691 14692 300.000000 0.957200
14691 14693 300.000000 0.957200
14692 14693 300.000000 1.513901
14694 14695 300.000000 0.957200
14694 14696 300.000000 0.957200
14695 14696 300.000000 1.513901
14697 14698 300.000000 0.957200
14697 14699 300.000000 0.957200
14698 14699 300.000000 1.513901
14700 14701 300.000000 0.957200
14700 14702 300.000000 0.957200
14701 14702 300.000000 1.513901
14703 14704 300.000000 0.957200
14703 14705 300.000000 0.957200
14704 14705 300.000000 1.513901
14706 14707 300.000000 0.957200
14706 14708 300.000000 0.957200
14707 14708 300.000000 1.513901
14709 14710 300.000000 0.957200
14709 14711 300.000000 0.957200
14710 14711 300.000000 1.513901
14712 14713 300.000000 0.957200
14712 14714 300.000000 0.957200
14713 14714 300.000000 1.513901
14715 14716 300.000000 0.957200
14715 14717 300.000000 0.957200
14716 14717 300.000000 1.513901
14718 14719 300.000000 0.957200
14718 14720 300.000000 0.957200
14719 14720 300.000000 1.513901
14721 14722 300.000000 0.957200
14721 14723 300.000000 0.957200
14722 14723 300.000000 1.513901
14724 14725 300.000000 0.957200
14724 14726 300.000000 0.957200
14725 14726 300.000000 1.513901
14727 14728 300.000000 0.957200
14727 14729 300.000000 0.957200
14728 14729 300.000000 1.513901
14730 14731 300.000000 0.957200
14730 14732 300.000000 0.957200
14731 14732 300.000000 1.513901
14733 14734 300.000000 0.957200
14733 14735 300.000000 0.957200
14734 14735 300.000000 1.513901
14736 14737 300.000000 0.957200
14736 14738 300.000000 0.957200
14737 14738 300.000000 1.513901
14739 14740 300.000000 0.957200
14739 14741 300.000000 0.957200
14740 14741 300.000000 1.513901
14742 14743 300.000000 0.957200
14742 14744 300.000000 0.957200
14743 14744 300.000000 1.513901
14745 14746 300.000000 0.957200
14745 14747 300.000000 0.957200
14746 14747 300.000000 1.513901
14748 14749 300.000000 0.957200
14748 14750 300.000000 0.957200
14749 14750 300.000000 1.513901
14751 14752 300.000000 0.957200
14751 14753 300.000000 0.957200
14752 14753 300.000000 1.513901
14754 14755 300.000000 0.957200
14754 14756 300.000000 0.957200
14755 14756 300.000000 1.513901
14757 14758 300.000000 0.957200
14757 14759 300.000000 0.957200
14758 14759 300.000000 1.513901
14760 14761 300.000000 0.957200
14760 14762 300.000000 0.957200
14761 14762 300.000000 1.513901
14763 14764 300.000000 0.957200
14763 14765 300.000000 0.957200
14764 14765 300.000000 1.513901
14766 14767 300.000000 0.957200
14766 14768 300.000000 0.957200
14767 14768 300.000000 1.513901
14769 14770 300.000000 0.957200
14769 14771 300.000000 0.957200
14770 14771 300.000000 1.513901
14772 14773 300.000000 0.957200
14772 14774 300.000000 0.957200
14773 14774 300.000000 1.513901
14775 14776 300.000000 0.957200
14775 14777 300.000000 0.957200
14776 14777 300.000000 1.513901
14778 14779 300.000000 0.957200
14778 14780 300.000000 0.957200
14779 14780 300.000000 1.513901
14781 14782 300.000000 0.957200
14781 14783 300.000000 0.957200
14782 14783 300.000000 1.513901
14784 14785 300.000000 0.957200
14784 14786 300.000000 0.957200
14785 14786 300.000000 1.513901
14787 14788 300.000000 0.957200
14787 14789 300.000000 0.957200
14788 14789 300.000000 1.513901
14790 14791 300.000000 0.957200
14790 14792 300.000000 0.957200
14791 14792 300.000000 1.513901
14793 14794 300.000000 0.957200
14793 14795 300.000000 0.957200
14794 14795 300.000000 1.513901
14796 14797 300.000000 0.957200
14796 14798 300.000000 0.957200
14797 14798 300.000000 1.513901
14799 14800 300.000000 0.957200
14799 14801 300.000000 0.957200
14800 14801 300.000000 1.513901
14802 14803 300.000000 0.957200
14802 14804 300.000000 0.957200
14803 14804 300.000000 1.513901
14805 14806 300.000000 0.957200
14805 14807 300.000000 0.957200
14806 14807 300.000000 1.513901
14808 14809 300.000000 0.957200
14808 14810 300.000000 0.957200
14809 14810 300.000000 1.513901
14811 14812 300.000000 0.957200
14811 14813 300.000000 0.957200
14812 14813 300.000000 1.513901
14814 14815 300.000000 0.957200
14814 14816 300.000000 0.957200
14815 14816 300.000000 1.513901
14817 14818 300.000000 0.957200
14817 14819 300.000000 0.957200
14818 14819 300.000000 1.513901
14820 14821 300.000000 0.957200
14820 14822 300.000000 0.957200
14821 14822 300.000000 1.513901
14823 14824 300.000000 0.957200
14823 14825 300.000000 0.957200
14824 14825 300.000000 1.513901
14826 14827 300.000000 0.957200
14826 14828 300.000000 0.957200
14827 14828 300.000000 1.513901
14829 14830 300.000000 0.957200
14829 14831 300.000000 0.957200
14830 14831 300.000000 1.513901
14832 14833 300.000000 0.957200
14832 14834 300.000000 0.957200
14833 14834 300.000000 1.513901
14835 14836 300.000000 0.957200
14835 14837 300.000000 0.957200
14836 14837 300.000000 1.513901
14838 14839 300.000000 0.957200
14838 14840 300.000000 0.957200
14839 14840 300.000000 1.513901
14841 14842 300.000000 0.957200
14841 14843 300.000000 0.957200
14842 14843 300.000000 1.513901
14844 14845 300.000000 0.957200
14844 14846 300.000000 0.957200
14845 14846 300.000000 1.513901
14847 14848 300.000000 0.957200
14847 14849 300.000000 0.957200
14848 14849 300.000000 1.513901
14850 14851 300.000000 0.957200
14850 14852 300.000000 0.957200
14851 14852 300.000000 1.513901
14853 14854 300.000000 0.957200
14853 14855 300.000000 0.957200
14854 14855 300.000000 1.513901
14856 14857 300.000000 0.957200
14856 14858 300.000000 0.957200
14857 14858 300.000000 1.513901
14859 14860 300.000000 0.957200
14859 14861 300.000000 0.957200
14860 14861 300.000000 1.513901
14862 14863 300.000000 0.957200
14862 14864 300.000000 0.957200
14863 14864 300.000000 1.513901
14865 14866 300.000000 0.957200
14865 14867 300.000000 0.957200
14866 14867 300.000000 1.513901
14868 14869 300.000000 0.957200
14868 14870 300.000000 0.957200
14869 14870 300.000000 1.513901
14871 14872 300.000000 0.957200
14871 14873 300.000000 0.957200
14872 14873 300.000000 1.513901
14874 14875 300.000000 0.957200
14874 14876 300.000000 0.957200
14875 14876 300.000000 1.513901
14877 14878 300.000000 0.957200
14877 14879 300.000000 0.957200
14878 14879 300.000000 1.513901
14880 14881 300.000000 0.957200
14880 14882 300.000000 0.957200
14881 14882 300.000000 1.513901
14883 14884 300.000000 0.957200
14883 14885 300.000000 0.957200
14884 14885 300.000000 1.513901
14886 14887 300.000000 0.957200
14886 14888 300.000000 0.957200
14887 14888 300.000000 1.513901
14889 14890 300.000000 0.957200
14889 14891 300.000000 0.957200
14890 14891 300.000000 1.513901
14892 14893 300.000000 0.957200
14892 14894 300.000000 0.957200
14893 14894 300.000000 1.513901
14895 14896 300.000000 0.957200
14895 14897 300.000000 0.957200
14896 14897 300.000000 1.513901
14898 14899 300.000000 0.957200
14898 14900 300.000000 0.957200
14899 14900 300.000000 1.513901
14901 14902 300.000000 0.957200
14901 14903 300.000000 0.957200
14902 14903 300.000000 1.513901
14904 14905 300.000000 0.957200
14904 14906 300.000000 0.957200
14905 14906 300.000000 1.513901
14907 14908 300.000000 0.957200
14907 14909 300.000000 0.957200
14908 14909 300.000000 1.513901
14910 14911 300.000000 0.957200
14910 14912 300.000000 0.957200
14911 14912 300.000000 1.513901
14913 14914 300.000000 0.957200
14913 14915 300.000000 0.957200
14914 14915 300.000000 1.513901
14916 14917 300.000000 0.957200
14916 14918 300.000000 0.957200
14917 14918 300.000000 1.513901
14919 14920 300.000000 0.957200
14919 14921 300.000000 0.957200
14920 14921 300.000000 1.513901
14922 14923 300.000000 0.957200
14922 14924 300.000000 0.957200
14923 14924 300.000000 1.513901
14925 14926 300.000000 0.957200
14925 14927 300.000000 0.957200
14926 14927 300.000000 1.513901
14928 14929 300.000000 0.957200
14928 14930 300.000000 0.957200
14929 14930 300.000000 1.513901
14931 14932 300.000000 0.957200
14931 14933 300.000000 0.957200
14932 14933 300.000000 1.513901
14934 14935 300.000000 0.957200
14934 14936 300.000000 0.957200
14935 14936 300.000000 1.513901
14937 14938 300.000000 0.957200
14937 14939 300.000000 0.957200
14938 14939 300.000000 1.513901
14940 14941 300.000000 0.957200
14940 14942 300.000000 0.957200
14941 14942 300.000000 1.513901
14943 14944 300.000000 0.957200
14943 14945 300.000000 0.957200
14944 14945 300.000000 1.513901
14946 14947 300.000000 0.957200
14946 14948 300.000000 0.957200
14947 14948 300.000000 1.513901
14949 14950 300.000000 0.957200
14949 14951 300.000000 0.957200
14950 14951 300.000000 1.513901
14952 14953 300.000000 0.957200
14952 14954 300.000000 0.957200
14953 14954 300.000000 1.513901
14955 14956 300.000000 0.957200
14955 14957 300.000000 0.957200
14956 14957 300.000000 1.513901
14958 14959 300.000000 0.957200
14958 14960 300.000000 0.957200
14959 14960 300.000000 1.513901
14961 14962 300.000000 0.957200
14961 14963 300.000000 0.957200
14962 14963 300.000000 1.513901
14964 14965 300.000000 0.957200
14964 14966 300.000000 0.957200
14965 14966 300.000000 1.513901
14967 14968 300.000000 0.957200
14967 14969 300.000000 0.957200
14968 14969 300.000000 1.513901
14970 14971 300.000000 0.957200
14970 14972 300.000000 0.957200
14971 14972 300.000000 1.513901
14973 14974 300.000000 0.957200
14973 14975 300.000000 0.957200
14974 14975 300.000000 1.513901
14976 14977 300.000000 0.957200
14976 14978 300.000000 0.957200
14977 14978 300.000000 1.513901
14979 14980 300.000000 0.957200
14979 14981 300.000000 0.957200
14980 14981 300.000000 1.513901
14982 14983 300.000000 0.957200
14982 14984 300.000000 0.957200
14983 14984 300.000000 1.513901
14985 14986 300.000000 0.957200
14985 14987 300.000000 0.957200
14986 14987 300.000000 1.513901
14988 14989 300.000000 0.957200
14988 14990 300.000000 0.957200
14989 14990 300.000000 1.513901
14991 14992 300.000000 0.957200
14991 14993 300.000000 0.957200
14992 14993 300.000000 1.513901
14994 14995 300.000000 0.957200
14994 14996 300.000000 0.957200
14995 14996 300.000000 1.513901
14997 14998 300.000000 0.957200
14997 14999 300.000000 0.957200
14998 14999 300.000000 1.513901
15000 15001 300.000000 0.957200
15000 15002 300.000000 0.957200
15001 15002 300.000000 1.513901
15003 15004 300.000000 0.957200
15003 15005 300.000000 0.957200
15004 15005 300.000000 1.513901
15006 15007 300.000000 0.957200
15006 15008 300.000000 0.957200
15007 15008 300.000000 1.513901
15009 15010 300.000000 0.957200
15009 15011 300.000000 0.957200
15010 15011 300.000000 1.513901
15012 15013 300.000000 0.957200
15012 15014 300.000000 0.957200
15013 15014 300.000000 1.513901
15015 15016 300.000000 0.957200
15015 15017 300.000000 0.957200
15016 15017 300.000000 1.513901
15018 15019 300.000000 0.957200
15018 15020 300.000000 0.957200
15019 15020 300.000000 1.513901
15021 15022 300.000000 0.957200
15021 15023 300.000000 0.957200
15022 15023 300.000000 1.513901
15024 15025 300.000000 0.957200
15024 15026 300.000000 0.957200
15025 15026 300.000000 1.513901
15027 15028 300.000000 0.957200
15027 15029 300.000000 0.957200
15028 15029 300.000000 1.513901
15030 15031 300.000000 0.957200
15030 15032 300.000000 0.957200
15031 15032 300.000000 1.513901
15033 15034 300.000000 0.957200
15033 15035 300.000000 0.957200
15034 15035 300.000000 1.513901
15036 15037 300.000000 0.957200
15036 15038 300.000000 0.957200
15037 15038 300.000000 1.513901
15039 15040 300.000000 0.957200
15039 15041 300.000000 0.957200
15040 15041 300.000000 1.513901
15042 15043 300.000000 0.957200
15042 15044 300.000000 0.957200
15043 15044 300.000000 1.513901
15045 15046 300.000000 0.957200
15045 15047 300.000000 0.957200
15046 15047 300.000000 1.513901
15048 15049 300.000000 0.957200
15048 15050 300.000000 0.957200
15049 15050 300.000000 1.513901
15051 15052 300.000000 0.957200
15051 15053 300.000000 0.957200
15052 15053 300.000000 1.513901
15054 15055 300.000000 0.957200
15054 15056 300.000000 0.957200
15055 15056 300.000000 1.513901
15057 15058 300.000000 0.957200
15057 15059 300.000000 0.957200
15058 15059 300.000000 1.513901
15060 15061 300.000000 0.957200
15060 15062 300.000000 0.957200
15061 15062 300.000000 1.513901
15063 15064 300.000000 0.957200
15063 15065 300.000000 0.957200
15064 15065 300.000000 1.513901
15066 15067 300.000000 0.957200
15066 15068 300.000000 0.957200
15067 15068 300.000000 1.513901
15069 15070 300.000000 0.957200
15069 15071 300.000000 0.957200
15070 15071 300.000000 1.513901
15072 15073 300.000000 0.957200
15072 15074 300.000000 0.957200
15073 15074 300.000000 1.513901
15075 15076 300.000000 0.957200
15075 15077 300.000000 0.957200
15076 15077 300.000000 1.513901
15078 15079 300.000000 0.957200
15078 15080 300.000000 0.957200
15079 15080 300.000000 1.513901
15081 15082 300.000000 0.957200
15081 15083 300.000000 0.957200
15082 15083 300.000000 1.513901
15084 15085 300.000000 0.957200
15084 15086 300.000000 0.957200
15085 15086 300.000000 1.513901
15087 15088 300.000000 0.957200
15087 15089 300.000000 0.957200
15088 15089 300.000000 1.513901
15090 15091 300.000000 0.957200
15090 15092 300.000000 0.957200
15091 15092 300.000000 1.513901
15093 15094 300.000000 0.957200
15093 15095 300.000000 0.957200
15094 15095 300.000000 1.513901
15096 15097 300.000000 0.957200
15096 15098 300.000000 0.957200
15097 15098 300.000000 1.513901
15099 15100 300.000000 0.957200
15099 15101 300.000000 0.957200
15100 15101 300.000000 1.513901
15102 15103 300.000000 0.957200
15102 15104 300.000000 0.957200
15103 15104 300.000000 1.513901
15105 15106 300.000000 0.957200
15105 15107 300.000000 0.957200
15106 15107 300.000000 1.513901
15108 15109 300.000000 0.957200
15108 15110 300.000000 0.957200
15109 15110 300.000000 1.513901
15111 15112 300.000000 0.957200
15111 15113 300.000000 0.957200
15112 15113 300.000000 1.513901
15114 15115 300.000000 0.957200
15114 15116 300.000000 0.957200
15115 15116 300.000000 1.513901
15117 15118 300.000000 0.957200
15117 15119 300.000000 0.957200
15118 15119 300.000000 1.513901
15120 15121 300.000000 0.957200
15120 15122 300.000000 0.957200
15121 15122 300.000000 1.513901
15123 15124 300.000000 0.957200
15123 15125 300.000000 0.957200
15124 15125 300.000000 1.513901
15126 15127 300.000000 0.957200
15126 15128 300.000000 0.957200
15127 15128 300.000000 1.513901
15129 15130 300.000000 0.957200
15129 15131 300.000000 0.957200
15130 15131 300.000000 1.513901
15132 15133 300.000000 0.957200
15132 15134 300.000000 0.957200
15133 15134 300.000000 1.513901
15135 15136 300.000000 0.957200
15135 15137 300.000000 0.957200
15136 15137 300.000000 1.513901
15138 15139 300.000000 0.957200
15138 15140 300.000000 0.957200
15139 15140 300.000000 1.513901
15141 15142 300.000000 0.957200
15141 15143 300.000000 0.957200
15142 15143 300.000000 1.513901
15144 15145 300.000000 0.957200
15144 15146 300.000000 0.957200
15145 15146 300.000000 1.513901
15147 15148 300.000000 0.957200
15147 15149 300.000000 0.957200
15148 15149 300.000000 1.513901
15150 15151 300.000000 0.957200
15150 15152 300.000000 0.957200
15151 15152 300.000000 1.513901
15153 15154 300.000000 0.957200
15153 15155 300.000000 0.957200
15154 15155 300.000000 1.513901
15156 15157 300.000000 0.957200
15156 15158 300.000000 0.957200
15157 15158 300.000000 1.513901
15159 15160 300.000000 0.957200
15159 15161 300.000000 0.957200
15160 15161 300.000000 1.513901
15162 15163 300.000000 0.957200
15162 15164 300.000000 0.957200
15163 15164 300.000000 1.513901
15165 15166 300.000000 0.957200
15165 15167 300.000000 0.957200
15166 15167 300.000000 1.513901
15168 15169 300.000000 0.957200
15168 15170 300.000000 0.957200
15169 15170 300.000000 1.513901
15171 15172 300.000000 0.957200
15171 15173 300.000000 0.957200
15172 15173 300.000000 1.513901
15174 15175 300.000000 0.957200
15174 15176 300.000000 0.957200
15175 15176 300.000000 1.513901
15177 15178 300.000000 0.957200
15177 15179 300.000000 0.957200
15178 15179 300.000000 1.513901
15180 15181 300.000000 0.957200
15180 15182 300.000000 0.957200
15181 15182 300.000000 1.513901
15183 15184 300.000000 0.957200
15183 15185 300.000000 0.957200
15184 15185 300.000000 1.513901
15186 15187 300.000000 0.957200
15186 15188 300.000000 0.957200
15187 15188 300.000000 1.513901
15189 15190 300.000000 0.957200
15189 15191 300.000000 0.957200
15190 15191 300.000000 1.513901
15192 15193 300.000000 0.957200
15192 15194 300.000000 0.957200
15193 15194 300.000000 1.513901
15195 15196 300.000000 0.957200
15195 15197 300.000000 0.957200
15196 15197 300.000000 1.513901
15198 15199 300.000000 0.957200
15198 15200 300.000000 0.957200
15199 15200 300.000000 1.513901
15201 15202 300.000000 0.957200
15201 15203 300.000000 0.957200
15202 15203 300.000000 1.513901
15204 15205 300.000000 0.957200
15204 15206 300.000000 0.957200
15205 15206 300.000000 1.513901
15207 15208 300.000000 0.957200
15207 15209 300.000000 0.957200
15208 15209 300.000000 1.513901
15210 15211 300.000000 0.957200
15210 15212 300.000000 0.957200
15211 15212 300.000000 1.513901
15213 15214 300.000000 0.957200
15213 15215 300.000000 0.957200
15214 15215 300.000000 1.513901
15216 15217 300.000000 0.957200
15216 15218 300.000000 0.957200
15217 15218 300.000000 1.513901
15219 15220 300.000000 0.957200
15219 15221 300.000000 0.957200
15220 15221 300.000000 1.513901
15222 15223 300.000000 0.957200
15222 15224 300.000000 0.957200
15223 15224 300.000000 1.513901
15225 15226 300.000000 0.957200
15225 15227 300.000000 0.957200
15226 15227 300.000000 1.513901
15228 15229 300.000000 0.957200
15228 15230 300.000000 0.957200
15229 15230 300.000000 1.513901
15231 15232 300.000000 0.957200
15231 15233 300.000000 0.957200
15232 15233 300.000000 1.513901
15234 15235 300.000000 0.957200
15234 15236 300.000000 0.957200
15235 15236 300.000000 1.513901
15237 15238 300.000000 0.957200
15237 15239 300.000000 0.957200
15238 15239 300.000000 1.513901
15240 15241 300.000000 0.957200
15240 15242 300.000000 0.957200
15241 15242 300.000000 1.513901
15243 15244 300.000000 0.957200
15243 15245 300.000000 0.957200
15244 15245 300.000000 1.513901
15246 15247 300.000000 0.957200
15246 15248 300.000000 0.957200
15247 15248 300.000000 1.513901
15249 15250 300.000000 0.957200
15249 15251 300.000000 0.957200
15250 15251 300.000000 1.513901
15252 15253 300.000000 0.957200
15252 15254 300.000000 0.957200
15253 15254 300.000000 1.513901
15255 15256 300.000000 0.957200
15255 15257 300.000000 0.957200
15256 15257 300.000000 1.513901
15258 15259 300.000000 0.957200
15258 15260 300.000000 0.957200
15259 15260 300.000000 1.513901
15261 15262 300.000000 0.957200
15261 15263 300.000000 0.957200
15262 15263 300.000000 1.513901
15264 15265 300.000000 0.957200
15264 15266 300.000000 0.957200
15265 15266 300.000000 1.513901
15267 15268 300.000000 0.957200
15267 15269 300.000000 0.957200
15268 15269 300.000000 1.513901
15270 15271 300.000000 0.957200
15270 15272 300.000000 0.957200
15271 15272 300.000000 1.513901
15273 15274 300.000000 0.957200
15273 15275 300.000000 0.957200
15274 15275 300.000000 1.513901
15276 15277 300.000000 0.957200
15276 15278 300.000000 0.957200
15277 15278 300.000000 1.513901
15279 15280 300.000000 0.957200
15279 15281 300.000000 0.957200
15280 15281 300.000000 1.513901
15282 15283 300.000000 0.957200
15282 15284 300.000000 0.957200
15283 15284 300.000000 1.513901
15285 15286 300.000000 0.957200
15285 15287 300.000000 0.957200
15286 15287 300.000000 1.513901
15288 15289 300.000000 0.957200
15288 15290 300.000000 0.957200
15289 15290 300.000000 1.513901
15291 15292 300.000000 0.957200
15291 15293 300.000000 0.957200
15292 15293 300.000000 1.513901
15294 15295 300.000000 0.957200
15294 15296 300.000000 0.957200
15295 15296 300.000000 1.513901
15297 15298 300.000000 0.957200
15297 15299 300.000000 0.957200
15298 15299 300.000000 1.513901
15300 15301 300.000000 0.957200
15300 15302 300.000000 0.957200
15301 15302 300.000000 1.513901
15303 15304 300.000000 0.957200
15303 15305 300.000000 0.957200
15304 15305 300.000000 1.513901
15306 15307 300.000000 0.957200
15306 15308 300.000000 0.957200
15307 15308 300.000000 1.513901
15309 15310 300.000000 0.957200
15309 15311 300.000000 0.957200
15310 15311 300.000000 1.513901
15312 15313 300.000000 0.957200
15312 15314 300.000000 0.957200
15313 15314 300.000000 1.513901
15315 15316 300.000000 0.957200
15315 15317 300.000000 0.957200
15316 15317 300.000000 1.513901
15318 15319 300.000000 0.957200
15318 15320 300.000000 0.957200
15319 15320 300.000000 1.513901
15321 15322 300.000000 0.957200
15321 15323 300.000000 0.957200
15322 15323 300.000000 1.513901
15324 15325 300.000000 0.957200
15324 15326 300.000000 0.957200
15325 15326 300.000000 1.513901
15327 15328 300.000000 0.957200
15327 15329 300.000000 0.957200
15328 15329 300.000000 1.513901
15330 15331 300.000000 0.957200
15330 15332 300.000000 0.957200
15331 15332 300.000000 1.513901
15333 15334 300.000000 0.957200
15333 15335 300.000000 0.957200
15334 15335 300.000000 1.513901
15336 15337 300.000000 0.957200
15336 15338 300.000000 0.957200
15337 15338 300.000000 1.513901
15339 15340 300.000000 0.957200
15339 15341 300.000000 0.957200
15340 15341 300.000000 1.513901
15342 15343 300.000000 0.957200
15342 15344 300.000000 0.957200
15343 15344 300.000000 1.513901
15345 15346 300.000000 0.957200
15345 15347 300.000000 0.957200
15346 15347 300.000000 1.513901
15348 15349 300.000000 0.957200
15348 15350 300.000000 0.957200
15349 15350 300.000000 1.513901
15351 15352 300.000000 0.957200
15351 15353 300.000000 0.957200
15352 15353 300.000000 1.513901
15354 15355 300.000000 0.957200
15354 15356 300.000000 0.957200
15355 15356 300.000000 1.513901
15357 15358 300.000000 0.957200
15357 15359 300.000000 0.957200
15358 15359 300.000000 1.513901
15360 15361 300.000000 0.957200
15360 15362 300.000000 0.957200
15361 15362 300.000000 1.513901
15363 15364 300.000000 0.957200
15363 15365 300.000000 0.957200
15364 15365 300.000000 1.513901
15366 15367 300.000000 0.957200
15366 15368 300.000000 0.957200
15367 15368 300.000000 1.513901
15369 15370 300.000000 0.957200
15369 15371 300.000000 0.957200
15370 15371 300.000000 1.513901
15372 15373 300.000000 0.957200
15372 15374 300.000000 0.957200
15373 15374 300.000000 1.513901
15375 15376 300.000000 0.957200
15375 15377 300.000000 0.957200
15376 15377 300.000000 1.513901
15378 15379 300.000000 0.957200
15378 15380 300.000000 0.957200
15379 15380 300.000000 1.513901
15381 15382 300.000000 0.957200
15381 15383 300.000000 0.957200
15382 15383 300.000000 1.513901
15384 15385 300.000000 0.957200
15384 15386 300.000000 0.957200
15385 15386 300.000000 1.513901
15387 15388 300.000000 0.957200
15387 15389 300.000000 0.957200
15388 15389 300.000000 1.513901
15390 15391 300.000000 0.957200
15390 15392 300.000000 0.957200
15391 15392 300.000000 1.513901
15393 15394 300.000000 0.957200
15393 15395 300.000000 0.957200
15394 15395 300.000000 1.513901
15396 15397 300.000000 0.957200
15396 15398 300.000000 0.957200
15397 15398 300.000000 1.513901
15399 15400 300.000000 0.957200
15399 15401 300.000000 0.957200
15400 15401 300.000000 1.513901
15402 15403 300.000000 0.957200
15402 15404 300.000000 0.957200
15403 15404 300.000000 1.513901
15405 15406 300.000000 0.957200
15405 15407 300.000000 0.957200
15406 15407 300.000000 1.513901
15408 15409 300.000000 0.957200
15408 15410 300.000000 0.957200
15409 15410 300.000000 1.513901
15411 15412 300.000000 0.957200
15411 15413 300.000000 0.957200
15412 15413 300.000000 1.513901
15414 15415 300.000000 0.957200
15414 15416 300.000000 0.957200
15415 15416 300.000000 1.513901
15417 15418 300.000000 0.957200
15417 15419 300.000000 0.957200
15418 15419 300.000000 1.513901
15420 15421 300.000000 0.957200
15420 15422 300.000000 0.957200
15421 15422 300.000000 1.513901
15423 15424 300.000000 0.957200
15423 15425 300.000000 0.957200
15424 15425 300.000000 1.513901
15426 15427 300.000000 0.957200
15426 15428 300.000000 0.957200
15427 15428 300.000000 1.513901
15429 15430 300.000000 0.957200
15429 15431 300.000000 0.957200
15430 15431 300.000000 1.513901
15432 15433 300.000000 0.957200
15432 15434 300.000000 0.957200
15433 15434 300.000000 1.513901
15435 15436 300.000000 0.957200
15435 15437 300.000000 0.957200
15436 15437 300.000000 1.513901
15438 15439 300.000000 0.957200
15438 15440 300.000000 0.957200
15439 15440 300.000000 1.513901
15441 15442 300.000000 0.957200
15441 15443 300.000000 0.957200
15442 15443 300.000000 1.513901
15444 15445 300.000000 0.957200
15444 15446 300.000000 0.957200
15445 15446 300.000000 1.513901
15447 15448 300.000000 0.957200
15447 15449 300.000000 0.957200
15448 15449 300.000000 1.513901
15450 15451 300.000000 0.957200
15450 15452 300.000000 0.957200
15451 15452 300.000000 1.513901
15453 15454 300.000000 0.957200
15453 15455 300.000000 0.957200
15454 15455 300.000000 1.513901
15456 15457 300.000000 0.957200
15456 15458 300.000000 0.957200
15457 15458 300.000000 1.513901
15459 15460 300.000000 0.957200
15459 15461 300.000000 0.957200
15460 15461 300.000000 1.513901
15462 15463 300.000000 0.957200
15462 15464 300.000000 0.957200
15463 15464 300.000000 1.513901
15465 15466 300.000000 0.957200
15465 15467 300.000000 0.957200
15466 15467 300.000000 1.513901
15468 15469 300.000000 0.957200
15468 15470 300.000000 0.957200
15469 15470 300.000000 1.513901
15471 15472 300.000000 0.957200
15471 15473 300.000000 0.957200
15472 15473 300.000000 1.513901
15474 15475 300.000000 0.957200
15474 15476 300.000000 0.957200
15475 15476 300.000000 1.513901
15477 15478 300.000000 0.957200
15477 15479 300.000000 0.957200
15478 15479 300.000000 1.513901
15480 15481 300.000000 0.957200
15480 15482 300.000000 0.957200
15481 15482 300.000000 1.513901
15483 15484 300.000000 0.957200
15483 15485 300.000000 0.957200
15484 15485 300.000000 1.513901
15486 15487 300.000000 0.957200
15486 15488 300.000000 0.957200
15487 15488 300.000000 1.513901
15489 15490 300.000000 0.957200
15489 15491 300.000000 0.957200
15490 15491 300.000000 1.513901
15492 15493 300.000000 0.957200
15492 15494 300.000000 0.957200
15493 15494 300.000000 1.513901
15495 15496 300.000000 0.957200
15495 15497 300.000000 0.957200
15496 15497 300.000000 1.513901
15498 15499 300.000000 0.957200
15498 15500 300.000000 0.957200
15499 15500 300.000000 1.513901
15501 15502 300.000000 0.957200
15501 15503 300.000000 0.957200
15502 15503 300.000000 1.513901
15504 15505 300.000000 0.957200
15504 15506 300.000000 0.957200
15505 15506 300.000000 1.513901
15507 15508 300.000000 0.957200
15507 15509 300.000000 0.957200
15508 15509 300.000000 1.513901
15510 15511 300.000000 0.957200
15510 15512 300.000000 0.957200
15511 15512 300.000000 1.513901
15513 15514 300.000000 0.957200
15513 15515 300.000000 0.957200
15514 15515 300.000000 1.513901
15516 15517 300.000000 0.957200
15516 15518 300.000000 0.957200
15517 15518 300.000000 1.513901
15519 15520 300.000000 0.957200
15519 15521 300.000000 0.957200
15520 15521 300.000000 1.513901
15522 15523 300.000000 0.957200
15522 15524 300.000000 0.957200
15523 15524 300.000000 1.513901
15525 15526 300.000000 0.957200
15525 15527 300.000000 0.957200
15526 15527 300.000000 1.513901
15528 15529 300.000000 0.957200
15528 15530 300.000000 0.957200
15529 15530 300.000000 1.513901
15531 15532 300.000000 0.957200
15531 15533 300.000000 0.957200
15532 15533 300.000000 1.513901
15534 15535 300.000000 0.957200
15534 15536 300.000000 0.957200
15535 15536 300.000000 1.513901
15537 15538 300.000000 0.957200
15537 15539 300.000000 0.957200
15538 15539 300.000000 1.513901
15540 15541 300.000000 0.957200
15540 15542 300.000000 0.957200
15541 15542 300.000000 1.513901
15543 15544 300.000000 0.957200
15543 15545 300.000000 0.957200
15544 15545 300.000000 1.513901
15546 15547 300.000000 0.957200
15546 15548 300.000000 0.957200
15547 15548 300.000000 1.513901
15549 15550 300.000000 0.957200
15549 15551 300.000000 0.957200
15550 15551 300.000000 1.513901
15552 15553 300.000000 0.957200
15552 15554 300.000000 0.957200
15553 15554 300.000000 1.513901
15555 15556 300.000000 0.957200
15555 15557 300.000000 0.957200
15556 15557 300.000000 1.513901
15558 15559 300.000000 0.957200
15558 15560 300.000000 0.957200
15559 15560 300.000000 1.513901
15561 15562 300.000000 0.957200
15561 15563 300.000000 0.957200
15562 15563 300.000000 1.513901
15564 15565 300.000000 0.957200
15564 15566 300.000000 0.957200
15565 15566 300.000000 1.513901
15567 15568 300.000000 0.957200
15567 15569 300.000000 0.957200
15568 15569 300.000000 1.513901
15570 15571 300.000000 0.957200
15570 15572 300.000000 0.957200
15571 15572 300.000000 1.513901
15573 15574 300.000000 0.957200
15573 15575 300.000000 0.957200
15574 15575 300.000000 1.513901
15576 15577 300.000000 0.957200
15576 15578 300.000000 0.957200
15577 15578 300.000000 1.513901
15579 15580 300.000000 0.957200
15579 15581 300.000000 0.957200
15580 15581 300.000000 1.513901
15582 15583 300.000000 0.957200
15582 15584 300.000000 0.957200
15583 15584 300.000000 1.513901
15585 15586 300.000000 0.957200
15585 15587 300.000000 0.957200
15586 15587 300.000000 1.513901
15588 15589 300.000000 0.957200
15588 15590 300.000000 0.957200
15589 15590 300.000000 1.513901
15591 15592 300.000000 0.957200
15591 15593 300.000000 0.957200
15592 15593 300.000000 1.513901
15594 15595 300.000000 0.957200
15594 15596 300.000000 0.957200
15595 15596 300.000000 1.513901
15597 15598 300.000000 0.957200
15597 15599 300.000000 0.957200
15598 15599 300.000000 1.513901
15600 15601 300.000000 0.957200
15600 15602 300.000000 0.957200
15601 15602 300.000000 1.513901
15603 15604 300.000000 0.957200
15603 15605 300.000000 0.957200
15604 15605 300.000000 1.513901
15606 15607 300.000000 0.957200
15606 15608 300.000000 0.957200
15607 15608 300.000000 1.513901
15609 15610 300.000000 0.957200
15609 15611 300.000000 0.957200
15610 15611 300.000000 1.513901
15612 15613 300.000000 0.957200
15612 15614 300.000000 0.957200
15613 15614 300.000000 1.513901
15615 15616 300.000000 0.957200
15615 15617 300.000000 0.957200
15616 15617 300.000000 1.513901
15618 15619 300.000000 0.957200
15618 15620 300.000000 0.957200
15619 15620 300.000000 1.513901
15621 15622 300.000000 0.957200
15621 15623 300.000000 0.957200
15622 15623 300.000000 1.513901
15624 15625 300.000000 0.957200
15624 15626 300.000000 0.957200
15625 15626 300.000000 1.513901
15627 15628 300.000000 0.957200
15627 15629 300.000000 0.957200
15628 15629 300.000000 1.513901
15630 15631 300.000000 0.957200
15630 15632 300.000000 0.957200
15631 15632 300.000000 1.513901
15633 15634 300.000000 0.957200
15633 15635 300.000000 0.957200
15634 15635 300.000000 1.513901
15636 15637 300.000000 0.957200
15636 15638 300.000000 0.957200
15637 15638 300.000000 1.513901
15639 15640 300.000000 0.957200
15639 15641 300.000000 0.957200
15640 15641 300.000000 1.513901
15642 15643 300.000000 0.957200
15642 15644 300.000000 0.957200
15643 15644 300.000000 1.513901
15645 15646 300.000000 0.957200
15645 15647 300.000000 0.957200
15646 15647 300.000000 1.513901
15648 15649 300.000000 0.957200
15648 15650 300.000000 0.957200
15649 15650 300.000000 1.513901
15651 15652 300.000000 0.957200
15651 15653 300.000000 0.957200
15652 15653 300.000000 1.513901
15654 15655 300.000000 0.957200
15654 15656 300.000000 0.957200
15655 15656 300.000000 1.513901
15657 15658 300.000000 0.957200
15657 15659 300.000000 0.957200
15658 15659 300.000000 1.513901
15660 15661 300.000000 0.957200
15660 15662 300.000000 0.957200
15661 15662 300.000000 1.513901
15663 15664 300.000000 0.957200
15663 15665 300.000000 0.957200
15664 15665 300.000000 1.513901
15666 15667 300.000000 0.957200
15666 15668 300.000000 0.957200
15667 15668 300.000000 1.513901
15669 15670 300.000000 0.957200
15669 15671 300.000000 0.957200
15670 15671 300.000000 1.513901
15672 15673 300.000000 0.957200
15672 15674 300.000000 0.957200
15673 15674 300.000000 1.513901
15675 15676 300.000000 0.957200
15675 15677 300.000000 0.957200
15676 15677 300.000000 1.513901
15678 15679 300.000000 0.957200
15678 15680 300.000000 0.957200
15679 15680 300.000000 1.513901
15681 15682 300.000000 0.957200
15681 15683 300.000000 0.957200
15682 15683 300.000000 1.513901
15684 15685 300.000000 0.957200
15684 15686 300.000000 0.957200
15685 15686 300.000000 1.513901
15687 15688 300.000000 0.957200
15687 15689 300.000000 0.957200
15688 15689 300.000000 1.513901
15690 15691 300.000000 0.957200
15690 15692 300.000000 0.957200
15691 15692 300.000000 1.513901
15693 15694 300.000000 0.957200
15693 15695 300.000000 0.957200
15694 15695 300.000000 1.513901
15696 15697 300.000000 0.957200
15696 15698 300.000000 0.957200
15697 15698 300.000000 1.513901
15699 15700 300.000000 0.957200
15699 15701 300.000000 0.957200
15700 15701 300.000000 1.513901
15702 15703 300.000000 0.957200
15702 15704 300.000000 0.957200
15703 15704 300.000000 1.513901
15705 15706 300.000000 0.957200
15705 15707 300.000000 0.957200
15706 15707 300.000000 1.513901
15708 15709 300.000000 0.957200
15708 15710 300.000000 0.957200
15709 15710 300.000000 1.513901
15711 15712 300.000000 0.957200
15711 15713 300.000000 0.957200
15712 15713 300.000000 1.513901
15714 15715 300.000000 0.957200
15714 15716 300.000000 0.957200
15715 15716 300.000000 1.513901
15717 15718 300.000000 0.957200
15717 15719 300.000000 0.957200
15718 15719 300.000000 1.513901
15720 15721 300.000000 0.957200
15720 15722 300.000000 0.957200
15721 15722 300.000000 1.513901
15723 15724 300.000000 0.957200
15723 15725 300.000000 0.957200
15724 15725 300.000000 1.513901
15726 15727 300.000000 0.957200
15726 15728 300.000000 0.957200
15727 15728 300.000000 1.513901
15729 15730 300.000000 0.957200
15729 15731 300.000000 0.957200
15730 15731 300.000000 1.513901
15732 15733 300.000000 0.957200
15732 15734 300.000000 0.957200
15733 15734 300.000000 1.513901
15735 15736 300.000000 0.957200
15735 15737 300.000000 0.957200
15736 15737 300.000000 1.513901
15738 15739 300.000000 0.957200
15738 15740 300.000000 0.957200
15739 15740 300.000000 1.513901
15741 15742 300.000000 0.957200
15741 15743 300.000000 0.957200
15742 15743 300.000000 1.513901
15744 15745 300.000000 0.957200
15744 15746 300.000000 0.957200
15745 15746 300.000000 1.513901
15747 15748 300.000000 0.957200
15747 15749 300.000000 0.957200
15748 15749 300.000000 1.513901
15750 15751 300.000000 0.957200
15750 15752 300.000000 0.957200
15751 15752 300.000000 1.513901
15753 15754 300.000000 0.957200
15753 15755 300.000000 0.957200
15754 15755 300.000000 1.513901
15756 15757 300.000000 0.957200
15756 15758 300.000000 0.957200
15757 15758 300.000000 1.513901
15759 15760 300.000000 0.957200
15759 15761 300.000000 0.957200
15760 15761 300.000000 1.513901
15762 15763 300.000000 0.957200
15762 15764 300.000000 0.957200
15763 15764 300.000000 1.513901
15765 15766 300.000000 0.957200
15765 15767 300.000000 0.957200
15766 15767 300.000000 1.513901
15768 15769 300.000000 0.957200
15768 15770 300.000000 0.957200
15769 15770 300.000000 1.513901
15771 15772 300.000000 0.957200
15771 15773 300.000000 0.957200
15772 15773 300.000000 1.513901
15774 15775 300.000000 0.957200
15774 15776 300.000000 0.957200
15775 15776 300.000000 1.513901
15777 15778 300.000000 0.957200
15777 15779 300.000000 0.957200
15778 15779 300.000000 1.513901
15780 15781 300.000000 0.957200
15780 15782 300.000000 0.957200
15781 15782 300.000000 1.513901
15783 15784 300.000000 0.957200
15783 15785 300.000000 0.957200
15784 15785 300.000000 1.513901
15786 15787 300.000000 0.957200
15786 15788 300.000000 0.957200
15787 15788 300.000000 1.513901
15789 15790 300.000000 0.957200
15789 15791 300.000000 0.957200
15790 15791 300.000000 1.513901
15792 15793 300.000000 0.957200
15792 15794 300.000000 0.957200
15793 15794 300.000000 1.513901
15795 15796 300.000000 0.957200
15795 15797 300.000000 0.957200
15796 15797 300.000000 1.513901
15798 15799 300.000000 0.957200
15798 15800 300.000000 0.957200
15799 15800 300.000000 1.513901
15801 15802 300.000000 0.957200
15801 15803 300.000000 0.957200
15802 15803 300.000000 1.513901
15804 15805 300.000000 0.957200
15804 15806 300.000000 0.957200
15805 15806 300.000000 1.513901
15807 15808 300.000000 0.957200
15807 15809 300.000000 0.957200
15808 15809 300.000000 1.513901
15810 15811 300.000000 0.957200
15810 15812 300.000000 0.957200
15811 15812 300.000000 1.513901
15813 15814 300.000000 0.957200
15813 15815 300.000000 0.957200
15814 15815 300.000000 1.513901
15816 15817 300.000000 0.957200
15816 15818 300.000000 0.957200
15817 15818 300.000000 1.513901
15819 15820 300.000000 0.957200
15819 15821 300.000000 0.957200
15820 15821 300.000000 1.513901
15822 15823 300.000000 0.957200
15822 15824 300.000000 0.957200
15823 15824 300.000000 1.513901
15825 15826 300.000000 0.957200
15825 15827 300.000000 0.957200
15826 15827 300.000000 1.513901
15828 15829 300.000000 0.957200
15828 15830 300.000000 0.957200
15829 15830 300.000000 1.513901
15831 15832 300.000000 0.957200
15831 15833 300.000000 0.957200
15832 15833 300.000000 1.513901
15834 15835 300.000000 0.957200
15834 15836 300.000000 0.957200
15835 15836 300.000000 1.513901
15837 15838 300.000000 0.957200
15837 15839 300.000000 0.957200
15838 15839 300.000000 1.513901
15840 15841 300.000000 0.957200
15840 15842 300.000000 0.957200
15841 15842 300.000000 1.513901
15843 15844 300.000000 0.957200
15843 15845 300.000000 0.957200
15844 15845 300.000000 1.513901
15846 15847 300.000000 0.957200
15846 15848 300.000000 0.957200
15847 15848 300.000000 1.513901
15849 15850 300.000000 0.957200
15849 15851 300.000000 0.957200
15850 15851 300.000000 1.513901
15852 15853 300.000000 0.957200
15852 15854 300.000000 0.957200
15853 15854 300.000000 1.513901
15855 15856 300.000000 0.957200
15855 15857 300.000000 0.957200
15856 15857 300.000000 1.513901
15858 15859 300.000000 0.957200
15858 15860 300.000000 0.957200
15859 15860 300.000000 1.513901
15861 15862 300.000000 0.957200
15861 15863 300.000000 0.957200
15862 15863 300.000000 1.513901
15864 15865 300.000000 0.957200
15864 15866 300.000000 0.957200
15865 15866 300.000000 1.513901
15867 15868 300.000000 0.957200
15867 15869 300.000000 0.957200
15868 15869 300.000000 1.513901
15870 15871 300.000000 0.957200
15870 15872 300.000000 0.957200
15871 15872 300.000000 1.513901
15873 15874 300.000000 0.957200
15873 15875 300.000000 0.957200
15874 15875 300.000000 1.513901
15876 15877 300.000000 0.957200
15876 15878 300.000000 0.957200
15877 15878 300.000000 1.513901
15879 15880 300.000000 0.957200
15879 15881 300.000000 0.957200
15880 15881 300.000000 1.513901
15882 15883 300.000000 0.957200
15882 15884 300.000000 0.957200
15883 15884 300.000000 1.513901
15885 15886 300.000000 0.957200
15885 15887 300.000000 0.957200
15886 15887 300.000000 1.513901
15888 15889 300.000000 0.957200
15888 15890 300.000000 0.957200
15889 15890 300.000000 1.513901
15891 15892 300.000000 0.957200
15891 15893 300.000000 0.957200
15892 15893 300.000000 1.513901
15894 15895 300.000000 0.957200
15894 15896 300.000000 0.957200
15895 15896 300.000000 1.513901
15897 15898 300.000000 0.957200
15897 15899 300.000000 0.957200
15898 15899 300.000000 1.513901
15900 15901 300.000000 0.957200
15900 15902 300.000000 0.957200
15901 15902 300.000000 1.513901
15903 15904 300.000000 0.957200
15903 15905 300.000000 0.957200
15904 15905 300.000000 1.513901
15906 15907 300.000000 0.957200
15906 15908 300.000000 0.957200
15907 15908 300.000000 1.513901
15909 15910 300.000000 0.957200
15909 15911 300.000000 0.957200
15910 15911 300.000000 1.513901
15912 15913 300.000000 0.957200
15912 15914 300.000000 0.957200
15913 15914 300.000000 1.513901
15915 15916 300.000000 0.957200
15915 15917 300.000000 0.957200
15916 15917 300.000000 1.513901
15918 15919 300.000000 0.957200
15918 15920 300.000000 0.957200
15919 15920 300.000000 1.513901
15921 15922 300.000000 0.957200
15921 15923 300.000000 0.957200
15922 15923 300.000000 1.513901
15924 15925 300.000000 0.957200
15924 15926 300.000000 0.957200
15925 15926 300.000000 1.513901
15927 15928 300.000000 0.957200
15927 15929 300.000000 0.957200
15928 15929 300.000000 1.513901
15930 15931 300.000000 0.957200
15930 15932 300.000000 0.957200
15931 15932 300.000000 1.513901
15933 15934 300.000000 0.957200
15933 15935 300.000000 0.957200
15934 15935 300.000000 1.513901
15936 15937 300.000000 0.957200
15936 15938 300.000000 0.957200
15937 15938 300.000000 1.513901
15939 15940 300.000000 0.957200
15939 15941 300.000000 0.957200
15940 15941 300.000000 1.513901
15942 15943 300.000000 0.957200
15942 15944 300.000000 0.957200
15943 15944 300.000000 1.513901
15945 15946 300.000000 0.957200
15945 15947 300.000000 0.957200
15946 15947 300.000000 1.513901
15948 15949 300.000000 0.957200
15948 15950 300.000000 0.957200
15949 15950 300.000000 1.513901
15951 15952 300.000000 0.957200
15951 15953 300.000000 0.957200
15952 15953 300.000000 1.513901
15954 15955 300.000000 0.957200
15954 15956 300.000000 0.957200
15955 15956 300.000000 1.513901
15957 15958 300.000000 0.957200
15957 15959 300.000000 0.957200
15958 15959 300.000000 1.513901
15960 15961 300.000000 0.957200
15960 15962 300.000000 0.957200
15961 15962 300.000000 1.513901
15963 15964 300.000000 0.957200
15963 15965 300.000000 0.957200
15964 15965 300.000000 1.513901
15966 15967 300.000000 0.957200
15966 15968 300.000000 0.957200
15967 15968 300.000000 1.513901
15969 15970 300.000000 0.957200
15969 15971 300.000000 0.957200
15970 15971 300.000000 1.513901
15972 15973 300.000000 0.957200
15972 15974 300.000000 0.957200
15973 15974 300.000000 1.513901
15975 15976 300.000000 0.957200
15975 15977 300.000000 0.957200
15976 15977 300.000000 1.513901
15978 15979 300.000000 0.957200
15978 15980 300.000000 0.957200
15979 15980 300.000000 1.513901
15981 15982 300.000000 0.957200
15981 15983 300.000000 0.957200
15982 15983 300.000000 1.513901
15984 15985 300.000000 0.957200
15984 15986 300.000000 0.957200
15985 15986 300.000000 1.513901
15987 15988 300.000000 0.957200
15987 15989 300.000000 0.957200
15988 15989 300.000000 1.513901
15990 15991 300.000000 0.957200
15990 15992 300.000000 0.957200
15991 15992 300.000000 1.513901
15993 15994 300.000000 0.957200
15993 15995 300.000000 0.957200
15994 15995 300.000000 1.513901
15996 15997 300.000000 0.957200
15996 15998 300.000000 0.957200
15997 15998 300.000000 1.513901
15999 16000 300.000000 0.957200
15999 16001 300.000000 0.957200
16000 16001 300.000000 1.513901
16002 16003 300.000000 0.957200
16002 16004 300.000000 0.957200
16003 16004 300.000000 1.513901
16005 16006 300.000000 0.957200
16005 16007 300.000000 0.957200
16006 16007 300.000000 1.513901
16008 16009 300.000000 0.957200
16008 16010 300.000000 0.957200
16009 16010 300.000000 1.513901
16011 16012 300.000000 0.957200
16011 16013 300.000000 0.957200
16012 16013 300.000000 1.513901
16014 16015 300.000000 0.957200
16014 16016 300.000000 0.957200
16015 16016 300.000000 1.513901
16017 16018 300.000000 0.957200
16017 16019 300.000000 0.957200
16018 16019 300.000000 1.513901
16020 16021 300.000000 0.957200
16020 16022 300.000000 0.957200
16021 16022 300.000000 1.513901
16023 16024 300.000000 0.957200
16023 16025 300.000000 0.957200
16024 16025 300.000000 1.513901
16026 16027 300.000000 0.957200
16026 16028 300.000000 0.957200
16027 16028 300.000000 1.513901
16029 16030 300.000000 0.957200
16029 16031 300.000000 0.957200
16030 16031 300.000000 1.513901
16032 16033 300.000000 0.957200
16032 16034 300.000000 0.957200
16033 16034 300.000000 1.513901
16035 16036 300.000000 0.957200
16035 16037 300.000000 0.957200
16036 16037 300.000000 1.513901
16038 16039 300.000000 0.957200
16038 16040 300.000000 0.957200
16039 16040 300.000000 1.513901
16041 16042 300.000000 0.957200
16041 16043 300.000000 0.957200
16042 16043 300.000000 1.513901
16044 16045 300.000000 0.957200
16044 16046 300.000000 0.957200
16045 16046 300.000000 1.513901
16047 16048 300.000000 0.957200
16047 16049 300.000000 0.957200
16048 16049 300.000000 1.513901
16050 16051 300.000000 0.957200
16050 16052 300.000000 0.957200
16051 16052 300.000000 1.513901
16053 16054 300.000000 0.957200
16053 16055 300.000000 0.957200
16054 16055 300.000000 1.513901
16056 16057 300.000000 0.957200
16056 16058 300.000000 0.957200
16057 16058 300.000000 1.513901
16059 16060 300.000000 0.957200
16059 16061 300.000000 0.957200
16060 16061 300.000000 1.513901
16062 16063 300.000000 0.957200
16062 16064 300.000000 0.957200
16063 16064 300.000000 1.513901
16065 16066 300.000000 0.957200
16065 16067 300.000000 0.957200
16066 16067 300.000000 1.513901
16068 16069 300.000000 0.957200
16068 16070 300.000000 0.957200
16069 16070 300.000000 1.513901
16071 16072 300.000000 0.957200
16071 16073 300.000000 0.957200
16072 16073 300.000000 1.513901
16074 16075 300.000000 0.957200
16074 16076 300.000000 0.957200
16075 16076 300.000000 1.513901
16077 16078 300.000000 0.957200
16077 16079 300.000000 0.957200
16078 16079 300.000000 1.513901
16080 16081 300.000000 0.957200
16080 16082 300.000000 0.957200
16081 16082 300.000000 1.513901
16083 16084 300.000000 0.957200
16083 16085 300.000000 0.957200
16084 16085 300.000000 1.513901
16086 16087 300.000000 0.957200
16086 16088 300.000000 0.957200
16087 16088 300.000000 1.513901
16089 16090 300.000000 0.957200
16089 16091 300.000000 0.957200
16090 16091 300.000000 1.513901
16092 16093 300.000000 0.957200
16092 16094 300.000000 0.957200
16093 16094 300.000000 1.513901
16095 16096 300.000000 0.957200
16095 16097 300.000000 0.957200
16096 16097 300.000000 1.513901
16098 16099 300.000000 0.957200
16098 16100 300.000000 0.957200
16099 16100 300.000000 1.513901
16101 16102 300.000000 0.957200
16101 16103 300.000000 0.957200
16102 16103 300.000000 1.513901
16104 16105 300.000000 0.957200
16104 16106 300.000000 0.957200
16105 16106 300.000000 1.513901
16107 16108 300.000000 0.957200
16107 16109 300.000000 0.957200
16108 16109 300.000000 1.513901
16110 16111 300.000000 0.957200
16110 16112 300.000000 0.957200
16111 16112 300.000000 1.513901
16113 16114 300.000000 0.957200
16113 16115 300.000000 0.957200
16114 16115 300.000000 1.513901
16116 16117 300.000000 0.957200
16116 16118 300.000000 0.957200
16117 16118 300.000000 1.513901
16119 16120 300.000000 0.957200
16119 16121 300.000000 0.957200
16120 16121 300.000000 1.513901
16122 16123 300.000000 0.957200
16122 16124 300.000000 0.957200
16123 16124 300.000000 1.513901
16125 16126 300.000000 0.957200
16125 16127 300.000000 0.957200
16126 16127 300.000000 1.513901
16128 16129 300.000000 0.957200
16128 16130 300.000000 0.957200
16129 16130 300.000000 1.513901
16131 16132 300.000000 0.957200
16131 16133 300.000000 0.957200
16132 16133 300.000000 1.513901
16134 16135 300.000000 0.957200
16134 16136 300.000000 0.957200
16135 16136 300.000000 1.513901
16137 16138 300.000000 0.957200
16137 16139 300.000000 0.957200
16138 16139 300.000000 1.513901
16140 16141 300.000000 0.957200
16140 16142 300.000000 0.957200
16141 16142 300.000000 1.513901
16143 16144 300.000000 0.957200
16143 16145 300.000000 0.957200
16144 16145 300.000000 1.513901
16146 16147 300.000000 0.957200
16146 16148 300.000000 0.957200
16147 16148 300.000000 1.513901
16149 16150 300.000000 0.957200
16149 16151 300.000000 0.957200
16150 16151 300.000000 1.513901
16152 16153 300.000000 0.957200
16152 16154 300.000000 0.957200
16153 16154 300.000000 1.513901
16155 16156 300.000000 0.957200
16155 16157 300.000000 0.957200
16156 16157 300.000000 1.513901
16158 16159 300.000000 0.957200
16158 16160 300.000000 0.957200
16159 16160 300.000000 1.513901
16161 16162 300.000000 0.957200
16161 16163 300.000000 0.957200
16162 16163 300.000000 1.513901
16164 16165 300.000000 0.957200
16164 16166 300.000000 0.957200
16165 16166 300.000000 1.513901
16167 16168 300.000000 0.957200
16167 16169 300.000000 0.957200
16168 16169 300.000000 1.513901
16170 16171 300.000000 0.957200
16170 16172 300.000000 0.957200
16171 16172 300.000000 1.513901
16173 16174 300.000000 0.957200
16173 16175 300.000000 0.957200
16174 16175 300.000000 1.513901
16176 16177 300.000000 0.957200
16176 16178 300.000000 0.957200
16177 16178 300.000000 1.513901
16179 16180 300.000000 0.957200
16179 16181 300.000000 0.957200
16180 16181 300.000000 1.513901
16182 16183 300.000000 0.957200
16182 16184 300.000000 0.957200
16183 16184 300.000000 1.513901
16185 16186 300.000000 0.957200
16185 16187 300.000000 0.957200
16186 16187 300.000000 1.513901
16188 16189 300.000000 0.957200
16188 16190 300.000000 0.957200
16189 16190 300.000000 1.513901
16191 16192 300.000000 0.957200
16191 16193 300.000000 0.957200
16192 16193 300.000000 1.513901
16194 16195 300.000000 0.957200
16194 16196 300.000000 0.957200
16195 16196 300.000000 1.513901
16197 16198 300.000000 0.957200
16197 16199 300.000000 0.957200
16198 16199 300.000000 1.513901
16200 16201 300.000000 0.957200
16200 16202 300.000000 0.957200
16201 16202 300.000000 1.513901
16203 16204 300.000000 0.957200
16203 16205 300.000000 0.957200
16204 16205 300.000000 1.513901
16206 16207 300.000000 0.957200
16206 16208 300.000000 0.957200
16207 16208 300.000000 1.513901
16209 16210 300.000000 0.957200
16209 16211 300.000000 0.957200
16210 16211 300.000000 1.513901
16212 16213 300.000000 0.957200
16212 16214 300.000000 0.957200
16213 16214 300.000000 1.513901
16215 16216 300.000000 0.957200
16215 16217 300.000000 0.957200
16216 16217 300.000000 1.513901
16218 16219 300.000000 0.957200
16218 16220 300.000000 0.957200
16219 16220 300.000000 1.513901
16221 16222 300.000000 0.957200
16221 16223 300.000000 0.957200
16222 16223 300.000000 1.513901
16224 16225 300.000000 0.957200
16224 16226 300.000000 0.957200
16225 16226 300.000000 1.513901
16227 16228 300.000000 0.957200
16227 16229 300.000000 0.957200
16228 16229 300.000000 1.513901
16230 16231 300.000000 0.957200
16230 16232 300.000000 0.957200
16231 16232 300.000000 1.513901
16233 16234 300.000000 0.957200
16233 16235 300.000000 0.957200
16234 16235 300.000000 1.513901
16236 16237 300.000000 0.957200
16236 16238 300.000000 0.957200
16237 16238 300.000000 1.513901
16239 16240 300.000000 0.957200
16239 16241 300.000000 0.957200
16240 16241 300.000000 1.513901
16242 16243 300.000000 0.957200
16242 16244 300.000000 0.957200
16243 16244 300.000000 1.513901
16245 16246 300.000000 0.957200
16245 16247 300.000000 0.957200
16246 16247 300.000000 1.513901
16248 16249 300.000000 0.957200
16248 16250 300.000000 0.957200
16249 16250 300.000000 1.513901
16251 16252 300.000000 0.957200
16251 16253 300.000000 0.957200
16252 16253 300.000000 1.513901
16254 16255 300.000000 0.957200
16254 16256 300.000000 0.957200
16255 16256 300.000000 1.513901
16257 16258 300.000000 0.957200
16257 16259 300.000000 0.957200
16258 16259 300.000000 1.513901
16260 16261 300.000000 0.957200
16260 16262 300.000000 0.957200
16261 16262 300.000000 1.513901
16263 16264 300.000000 0.957200
16263 16265 300.000000 0.957200
16264 16265 300.000000 1.513901
16266 16267 300.000000 0.957200
16266 16268 300.000000 0.957200
16267 16268 300.000000 1.513901
16269 16270 300.000000 0.957200
16269 16271 300.000000 0.957200
16270 16271 300.000000 1.513901
16272 16273 300.000000 0.957200
16272 16274 300.000000 0.957200
16273 16274 300.000000 1.513901
16275 16276 300.000000 0.957200
16275 16277 300.000000 0.957200
16276 16277 300.000000 1.513901
16278 16279 300.000000 0.957200
16278 16280 300.000000 0.957200
16279 16280 300.000000 1.513901
16281 16282 300.000000 0.957200
16281 16283 300.000000 0.957200
16282 16283 300.000000 1.513901
16284 16285 300.000000 0.957200
16284 16286 300.000000 0.957200
16285 16286 300.000000 1.513901
16287 16288 300.000000 0.957200
16287 16289 300.000000 0.957200
16288 16289 300.000000 1.513901
16290 16291 300.000000 0.957200
16290 16292 300.000000 0.957200
16291 16292 300.000000 1.513901
16293 16294 300.000000 0.957200
16293 16295 300.000000 0.957200
16294 16295 300.000000 1.513901
16296 16297 300.000000 0.957200
16296 16298 300.000000 0.957200
16297 16298 300.000000 1.513901
16299 16300 300.000000 0.957200
16299 16301 300.000000 0.957200
16300 16301 300.000000 1.513901
16302 16303 300.000000 0.957200
16302 16304 300.000000 0.957200
16303 16304 300.000000 1.513901
16305 16306 300.000000 0.957200
16305 16307 300.000000 0.957200
16306 16307 300.000000 1.513901
16308 16309 300.000000 0.957200
16308 16310 300.000000 0.957200
16309 16310 300.000000 1.513901
16311 16312 300.000000 0.957200
16311 16313 300.000000 0.957200
16312 16313 300.000000 1.513901
16314 16315 300.000000 0.957200
16314 16316 300.000000 0.957200
16315 16316 300.000000 1.513901
16317 16318 300.000000 0.957200
16317 16319 300.000000 0.957200
16318 16319 300.000000 1.513901
16320 16321 300.000000 0.957200
16320 16322 300.000000 0.957200
16321 16322 300.000000 1.513901
16323 16324 300.000000 0.957200
16323 16325 300.000000 0.957200
16324 16325 300.000000 1.513901
16326 16327 300.000000 0.957200
16326 16328 300.000000 0.957200
16327 16328 300.000000 1.513901
16329 16330 300.000000 0.957200
16329 16331 300.000000 0.957200
16330 16331 300.000000 1.513901
16332 16333 300.000000 0.957200
16332 16334 300.000000 0.957200
16333 16334 300.000000 1.513901
16335 16336 300.000000 0.957200
16335 16337 300.000000 0.957200
16336 16337 300.000000 1.513901
16338 16339 300.000000 0.957200
16338 16340 300.000000 0.957200
16339 16340 300.000000 1.513901
16341 16342 300.000000 0.957200
16341 16343 300.000000 0.957200
16342 16343 300.000000 1.513901
16344 16345 300.000000 0.957200
16344 16346 300.000000 0.957200
16345 16346 300.000000 1.513901
16347 16348 300.000000 0.957200
16347 16349 300.000000 0.957200
16348 16349 300.000000 1.513901
16350 16351 300.000000 0.957200
16350 16352 300.000000 0.957200
16351 16352 300.000000 1.513901
16353 16354 300.000000 0.957200
16353 16355 300.000000 0.957200
16354 16355 300.000000 1.513901
16356 16357 300.000000 0.957200
16356 16358 300.000000 0.957200
16357 16358 300.000000 1.513901
16359 16360 300.000000 0.957200
16359 16361 300.000000 0.957200
16360 16361 300.000000 1.513901
16362 16363 300.000000 0.957200
16362 16364 300.000000 0.957200
16363 16364 300.000000 1.513901
16365 16366 300.000000 0.957200
16365 16367 300.000000 0.957200
16366 16367 300.000000 1.513901
16368 16369 300.000000 0.957200
16368 16370 300.000000 0.957200
16369 16370 300.000000 1.513901
16371 16372 300.000000 0.957200
16371 16373 300.000000 0.957200
16372 16373 300.000000 1.513901
16374 16375 300.000000 0.957200
16374 16376 300.000000 0.957200
16375 16376 300.000000 1.513901
16377 16378 300.000000 0.957200
16377 16379 300.000000 0.957200
16378 16379 300.000000 1.513901
16380 16381 300.000000 0.957200
16380 16382 300.000000 0.957200
16381 16382 300.000000 1.513901
16383 16384 300.000000 0.957200
16383 16385 300.000000 0.957200
16384 16385 300.000000 1.513901
16386 16387 300.000000 0.957200
16386 16388 300.000000 0.957200
16387 16388 300.000000 1.513901
16389 16390 300.000000 0.957200
16389 16391 300.000000 0.957200
16390 16391 300.000000 1.513901
16392 16393 300.000000 0.957200
16392 16394 300.000000 0.957200
16393 16394 300.000000 1.513901
16395 16396 300.000000 0.957200
16395 16397 300.000000 0.957200
16396 16397 300.000000 1.513901
16398 16399 300.000000 0.957200
16398 16400 300.000000 0.957200
16399 16400 300.000000 1.513901
16401 16402 300.000000 0.957200
16401 16403 300.000000 0.957200
16402 16403 300.000000 1.513901
16404 16405 300.000000 0.957200
16404 16406 300.000000 0.957200
16405 16406 300.000000 1.513901
16407 16408 300.000000 0.957200
16407 16409 300.000000 0.957200
16408 16409 300.000000 1.513901
16410 16411 300.000000 0.957200
16410 16412 300.000000 0.957200
16411 16412 300.000000 1.513901
16413 16414 300.000000 0.957200
16413 16415 300.000000 0.957200
16414 16415 300.000000 1.513901
16416 16417 300.000000 0.957200
16416 16418 300.000000 0.957200
16417 16418 300.000000 1.513901
16419 16420 300.000000 0.957200
16419 16421 300.000000 0.957200
16420 16421 300.000000 1.513901
16422 16423 300.000000 0.957200
16422 16424 300.000000 0.957200
16423 16424 300.000000 1.513901
16425 16426 300.000000 0.957200
16425 16427 300.000000 0.957200
16426 16427 300.000000 1.513901
16428 16429 300.000000 0.957200
16428 16430 300.000000 0.957200
16429 16430 300.000000 1.513901
16431 16432 300.000000 0.957200
16431 16433 300.000000 0.957200
16432 16433 300.000000 1.513901
16434 16435 300.000000 0.957200
16434 16436 300.000000 0.957200
16435 16436 300.000000 1.513901
16437 16438 300.000000 0.957200
16437 16439 300.000000 0.957200
16438 16439 300.000000 1.513901
16440 16441 300.000000 0.957200
16440 16442 300.000000 0.957200
16441 16442 300.000000 1.513901
16443 16444 300.000000 0.957200
16443 16445 300.000000 0.957200
16444 16445 300.000000 1.513901
16446 16447 300.000000 0.957200
16446 16448 300.000000 0.957200
16447 16448 300.000000 1.513901
16449 16450 300.000000 0.957200
16449 16451 300.000000 0.957200
16450 16451 300.000000 1.513901
16452 16453 300.000000 0.957200
16452 16454 300.000000 0.957200
16453 16454 300.000000 1.513901
16455 16456 300.000000 0.957200
16455 16457 300.000000 0.957200
16456 16457 300.000000 1.513901
16458 16459 300.000000 0.957200
16458 16460 300.000000 0.957200
16459 16460 300.000000 1.513901
16461 16462 300.000000 0.957200
16461 16463 300.000000 0.957200
16462 16463 300.000000 1.513901
16464 16465 300.000000 0.957200
16464 16466 300.000000 0.957200
16465 16466 300.000000 1.513901
16467 16468 300.000000 0.957200
16467 16469 300.000000 0.957200
16468 16469 300.000000 1.513901
16470 16471 300.000000 0.957200
16470 16472 300.000000 0.957200
16471 16472 300.000000 1.513901
16473 16474 300.000000 0.957200
16473 16475 300.000000 0.957200
16474 16475 300.000000 1.513901
16476 16477 300.000000 0.957200
16476 16478 300.000000 0.957200
16477 16478 300.000000 1.513901
16479 16480 300.000000 0.957200
16479 16481 300.000000 0.957200
16480 16481 300.000000 1.513901
16482 16483 300.000000 0.957200
16482 16484 300.000000 0.957200
16483 16484 300.000000 1.513901
16485 16486 300.000000 0.957200
16485 16487 300.000000 0.957200
16486 16487 300.000000 1.513901
16488 16489 300.000000 0.957200
16488 16490 300.000000 0.957200
16489 16490 300.000000 1.513901
16491 16492 300.000000 0.957200
16491 16493 300.000000 0.957200
16492 16493 300.000000 1.513901
16494 16495 300.000000 0.957200
16494 16496 300.000000 0.957200
16495 16496 300.000000 1.513901
16497 16498 300.000000 0.957200
16497 16499 300.000000 0.957200
16498 16499 300.000000 1.513901
16500 16501 300.000000 0.957200
16500 16502 300.000000 0.957200
16501 16502 300.000000 1.513901
16503 16504 300.000000 0.957200
16503 16505 300.000000 0.957200
16504 16505 300.000000 1.513901
16506 16507 300.000000 0.957200
16506 16508 300.000000 0.957200
16507 16508 300.000000 1.513901
16509 16510 300.000000 0.957200
16509 16511 300.000000 0.957200
16510 16511 300.000000 1.513901
16512 16513 300.000000 0.957200
16512 16514 300.000000 0.957200
16513 16514 300.000000 1.513901
16515 16516 300.000000 0.957200
16515 16517 300.000000 0.957200
16516 16517 300.000000 1.513901
16518 16519 300.000000 0.957200
16518 16520 300.000000 0.957200
16519 16520 300.000000 1.513901
16521 16522 300.000000 0.957200
16521 16523 300.000000 0.957200
16522 16523 300.000000 1.513901
16524 16525 300.000000 0.957200
16524 16526 300.000000 0.957200
16525 16526 300.000000 1.513901
16527 16528 300.000000 0.957200
16527 16529 300.000000 0.957200
16528 16529 300.000000 1.513901
16530 16531 300.000000 0.957200
16530 16532 300.000000 0.957200
16531 16532 300.000000 1.513901
16533 16534 300.000000 0.957200
16533 16535 300.000000 0.957200
16534 16535 300.000000 1.513901
16536 16537 300.000000 0.957200
16536 16538 300.000000 0.957200
16537 16538 300.000000 1.513901
16539 16540 300.000000 0.957200
16539 16541 300.000000 0.957200
16540 16541 300.000000 1.513901
16542 16543 300.000000 0.957200
16542 16544 300.000000 0.957200
16543 16544 300.000000 1.513901
16545 16546 300.000000 0.957200
16545 16547 300.000000 0.957200
16546 16547 300.000000 1.513901
16548 16549 300.000000 0.957200
16548 16550 300.000000 0.957200
16549 16550 300.000000 1.513901
16551 16552 300.000000 0.957200
16551 16553 300.000000 0.957200
16552 16553 300.000000 1.513901
16554 16555 300.000000 0.957200
16554 16556 300.000000 0.957200
16555 16556 300.000000 1.513901
16557 16558 300.000000 0.957200
16557 16559 300.000000 0.957200
16558 16559 300.000000 1.513901
16560 16561 300.000000 0.957200
16560 16562 300.000000 0.957200
16561 16562 300.000000 1.513901
16563 16564 300.000000 0.957200
16563 16565 300.000000 0.957200
16564 16565 300.000000 1.513901
16566 16567 300.000000 0.957200
16566 16568 300.000000 0.957200
16567 16568 300.000000 1.513901
16569 16570 300.000000 0.957200
16569 16571 300.000000 0.957200
16570 16571 300.000000 1.513901
16572 16573 300.000000 0.957200
16572 16574 300.000000 0.957200
16573 16574 300.000000 1.513901
16575 16576 300.000000 0.957200
16575 16577 300.000000 0.957200
16576 16577 300.000000 1.513901
16578 16579 300.000000 0.957200
16578 16580 300.000000 0.957200
16579 16580 300.000000 1.513901
16581 16582 300.000000 0.957200
16581 16583 300.000000 0.957200
16582 16583 300.000000 1.513901
16584 16585 300.000000 0.957200
16584 16586 300.000000 0.957200
16585 16586 300.000000 1.513901
16587 16588 300.000000 0.957200
16587 16589 300.000000 0.957200
16588 16589 300.000000 1.513901
16590 16591 300.000000 0.957200
16590 16592 300.000000 0.957200
16591 16592 300.000000 1.513901
16593 16594 300.000000 0.957200
16593 16595 300.000000 0.957200
16594 16595 300.000000 1.513901
16596 16597 300.000000 0.957200
16596 16598 300.000000 0.957200
16597 16598 300.000000 1.513901
16599 16600 300.000000 0.957200
16599 16601 300.000000 0.957200
16600 16601 300.000000 1.513901
16602 16603 300.000000 0.957200
16602 16604 300.000000 0.957200
16603 16604 300.000000 1.513901
16605 16606 300.000000 0.957200
16605 16607 300.000000 0.957200
16606 16607 300.000000 1.513901
16608 16609 300.000000 0.957200
16608 16610 300.000000 0.957200
16609 16610 300.000000 1.513901
16611 16612 300.000000 0.957200
16611 16613 300.000000 0.957200
16612 16613 300.000000 1.513901
16614 16615 300.000000 0.957200
16614 16616 300.000000 0.957200
16615 16616 300.000000 1.513901
16617 16618 300.000000 0.957200
16617 16619 300.000000 0.957200
16618 16619 300.000000 1.513901
16620 16621 300.000000 0.957200
16620 16622 300.000000 0.957200
16621 16622 300.000000 1.513901
16623 16624 300.000000 0.957200
16623 16625 300.000000 0.957200
16624 16625 300.000000 1.513901
16626 16627 300.000000 0.957200
16626 16628 300.000000 0.957200
16627 16628 300.000000 1.513901
16629 16630 300.000000 0.957200
16629 16631 300.000000 0.957200
16630 16631 300.000000 1.513901
16632 16633 300.000000 0.957200
16632 16634 300.000000 0.957200
16633 16634 300.000000 1.513901
16635 16636 300.000000 0.957200
16635 16637 300.000000 0.957200
16636 16637 300.000000 1.513901
16638 16639 300.000000 0.957200
16638 16640 300.000000 0.957200
16639 16640 300.000000 1.513901
16641 16642 300.000000 0.957200
16641 16643 300.000000 0.957200
16642 16643 300.000000 1.513901
16644 16645 300.000000 0.957200
16644 16646 300.000000 0.957200
16645 16646 300.000000 1.513901
16647 16648 300.000000 0.957200
16647 16649 300.000000 0.957200
16648 16649 300.000000 1.513901
16650 16651 300.000000 0.957200
16650 16652 300.000000 0.957200
16651 16652 300.000000 1.513901
16653 16654 300.000000 0.957200
16653 16655 300.000000 0.957200
16654 16655 300.000000 1.513901
16656 16657 300.000000 0.957200
16656 16658 300.000000 0.957200
16657 16658 300.000000 1.513901
16659 16660 300.000000 0.957200
16659 16661 300.000000 0.957200
16660 16661 300.000000 1.513901
16662 16663 300.000000 0.957200
16662 16664 300.000000 0.957200
16663 16664 300.000000 1.513901
16665 16666 300.000000 0.957200
16665 16667 300.000000 0.957200
16666 16667 300.000000 1.513901
16668 16669 300.000000 0.957200
16668 16670 300.000000 0.957200
16669 16670 300.000000 1.513901
16671 16672 300.000000 0.957200
16671 16673 300.000000 0.957200
16672 16673 300.000000 1.513901
16674 16675 300.000000 0.957200
16674 16676 300.000000 0.957200
16675 16676 300.000000 1.513901
16677 16678 300.000000 0.957200
16677 16679 300.000000 0.957200
16678 16679 300.000000 1.513901
16680 16681 300.000000 0.957200
16680 16682 300.000000 0.957200
16681 16682 300.000000 1.513901
16683 16684 300.000000 0.957200
16683 16685 300.000000 0.957200
16684 16685 300.000000 1.513901
16686 16687 300.000000 0.957200
16686 16688 300.000000 0.957200
16687 16688 300.000000 1.513901
16689 16690 300.000000 0.957200
16689 16691 300.000000 0.957200
16690 16691 300.000000 1.513901
16692 16693 300.000000 0.957200
16692 16694 300.000000 0.957200
16693 16694 300.000000 1.513901
16695 16696 300.000000 0.957200
16695 16697 300.000000 0.957200
16696 16697 300.000000 1.513901
16698 16699 300.000000 0.957200
16698 16700 300.000000 0.957200
16699 16700 300.000000 1.513901
16701 16702 300.000000 0.957200
16701 16703 300.000000 0.957200
16702 16703 300.000000 1.513901
16704 16705 300.000000 0.957200
16704 16706 300.000000 0.957200
16705 16706 300.000000 1.513901
16707 16708 300.000000 0.957200
16707 16709 300.000000 0.957200
16708 16709 300.000000 1.513901
16710 16711 300.000000 0.957200
16710 16712 300.000000 0.957200
16711 16712 300.000000 1.513901
16713 16714 300.000000 0.957200
16713 16715 300.000000 0.957200
16714 16715 300.000000 1.513901
16716 16717 300.000000 0.957200
16716 16718 300.000000 0.957200
16717 16718 300.000000 1.513901
16719 16720 300.000000 0.957200
16719 16721 300.000000 0.957200
16720 16721 300.000000 1.513901
16722 16723 300.000000 0.957200
16722 16724 300.000000 0.957200
16723 16724 300.000000 1.513901
16725 16726 300.000000 0.957200
16725 16727 300.000000 0.957200
16726 16727 300.000000 1.513901
16728 16729 300.000000 0.957200
16728 16730 300.000000 0.957200
16729 16730 300.000000 1.513901
16731 16732 300.000000 0.957200
16731 16733 300.000000 0.957200
16732 16733 300.000000 1.513901
16734 16735 300.000000 0.957200
16734 16736 300.000000 0.957200
16735 16736 300.000000 1.513901
16737 16738 300.000000 0.957200
16737 16739 300.000000 0.957200
16738 16739 300.000000 1.513901
16740 16741 300.000000 0.957200
16740 16742 300.000000 0.957200
16741 16742 300.000000 1.513901
16743 16744 300.000000 0.957200
16743 16745 300.000000 0.957200
16744 16745 300.000000 1.513901
16746 16747 300.000000 0.957200
16746 16748 300.000000 0.957200
16747 16748 300.000000 1.513901
16749 16750 300.000000 0.957200
16749 16751 300.000000 0.957200
16750 16751 300.000000 1.513901
16752 16753 300.000000 0.957200
16752 16754 300.000000 0.957200
16753 16754 300.000000 1.513901
16755 16756 300.000000 0.957200
16755 16757 300.000000 0.957200
16756 16757 300.000000 1.513901
16758 16759 300.000000 0.957200
16758 16760 300.000000 0.957200
16759 16760 300.000000 1.513901
16761 16762 300.000000 0.957200
16761 16763 300.000000 0.957200
16762 16763 300.000000 1.513901
16764 16765 300.000000 0.957200
16764 16766 300.000000 0.957200
16765 16766 300.000000 1.513901
16767 16768 300.000000 0.957200
16767 16769 300.000000 0.957200
16768 16769 300.000000 1.513901
16770 16771 300.000000 0.957200
16770 16772 300.000000 0.957200
16771 16772 300.000000 1.513901
16773 16774 300.000000 0.957200
16773 16775 300.000000 0.957200
16774 16775 300.000000 1.513901
16776 16777 300.000000 0.957200
16776 16778 300.000000 0.957200
16777 16778 300.000000 1.513901
16779 16780 300.000000 0.957200
16779 16781 300.000000 0.957200
16780 16781 300.000000 1.513901
16782 16783 300.000000 0.957200
16782 16784 300.000000 0.957200
16783 16784 300.000000 1.513901
16785 16786 300.000000 0.957200
16785 16787 300.000000 0.957200
16786 16787 300.000000 1.513901
16788 16789 300.000000 0.957200
16788 16790 300.000000 0.957200
16789 16790 300.000000 1.513901
16791 16792 300.000000 0.957200
16791 16793 300.000000 0.957200
16792 16793 300.000000 1.513901
16794 16795 300.000000 0.957200
16794 16796 300.000000 0.957200
16795 16796 300.000000 1.513901
16797 16798 300.000000 0.957200
16797 16799 300.000000 0.957200
16798 16799 300.000000 1.513901
16800 16801 300.000000 0.957200
16800 16802 300.000000 0.957200
16801 16802 300.000000 1.513901
16803 16804 300.000000 0.957200
16803 16805 300.000000 0.957200
16804 16805 300.000000 1.513901
16806 16807 300.000000 0.957200
16806 16808 300.000000 0.957200
16807 16808 300.000000 1.513901
16809 16810 300.000000 0.957200
16809 16811 300.000000 0.957200
16810 16811 300.000000 1.513901
16812 16813 300.000000 0.957200
16812 16814 300.000000 0.957200
16813 16814 300.000000 1.513901
16815 16816 300.000000 0.957200
16815 16817 300.000000 0.957200
16816 16817 300.000000 1.513901
16818 16819 300.000000 0.957200
16818 16820 300.000000 0.957200
16819 16820 300.000000 1.513901
16821 16822 300.000000 0.957200
16821 16823 300.000000 0.957200
16822 16823 300.000000 1.513901
16824 16825 300.000000 0.957200
16824 16826 300.000000 0.957200
16825 16826 300.000000 1.513901
16827 16828 300.000000 0.957200
16827 16829 300.000000 0.957200
16828 16829 300.000000 1.513901
16830 16831 300.000000 0.957200
16830 16832 300.000000 0.957200
16831 16832 300.000000 1.513901
16833 16834 300.000000 0.957200
16833 16835 300.000000 0.957200
16834 16835 300.000000 1.513901
16836 16837 300.000000 0.957200
16836 16838 300.000000 0.957200
16837 16838 300.000000 1.513901
16839 16840 300.000000 0.957200
16839 16841 300.000000 0.957200
16840 16841 300.000000 1.513901
16842 16843 300.000000 0.957200
16842 16844 300.000000 0.957200
16843 16844 300.000000 1.513901
16845 16846 300.000000 0.957200
16845 16847 300.000000 0.957200
16846 16847 300.000000 1.513901
16848 16849 300.000000 0.957200
16848 16850 300.000000 0.957200
16849 16850 300.000000 1.513901
16851 16852 300.000000 0.957200
16851 16853 300.000000 0.957200
16852 16853 300.000000 1.513901
16854 16855 300.000000 0.957200
16854 16856 300.000000 0.957200
16855 16856 300.000000 1.513901
16857 16858 300.000000 0.957200
16857 16859 300.000000 0.957200
16858 16859 300.000000 1.513901
16860 16861 300.000000 0.957200
16860 16862 300.000000 0.957200
16861 16862 300.000000 1.513901
16863 16864 300.000000 0.957200
16863 16865 300.000000 0.957200
16864 16865 300.000000 1.513901
16866 16867 300.000000 0.957200
16866 16868 300.000000 0.957200
16867 16868 300.000000 1.513901
16869 16870 300.000000 0.957200
16869 16871 300.000000 0.957200
16870 16871 300.000000 1.513901
16872 16873 300.000000 0.957200
16872 16874 300.000000 0.957200
16873 16874 300.000000 1.513901
16875 16876 300.000000 0.957200
16875 16877 300.000000 0.957200
16876 16877 300.000000 1.513901
16878 16879 300.000000 0.957200
16878 16880 300.000000 0.957200
16879 16880 300.000000 1.513901
16881 16882 300.000000 0.957200
16881 16883 300.000000 0.957200
16882 16883 300.000000 1.513901
16884 16885 300.000000 0.957200
16884 16886 300.000000 0.957200
16885 16886 300.000000 1.513901
16887 16888 300.000000 0.957200
16887 16889 300.000000 0.957200
16888 16889 300.000000 1.513901
16890 16891 300.000000 0.957200
16890 16892 300.000000 0.957200
16891 16892 300.000000 1.513901
16893 16894 300.000000 0.957200
16893 16895 300.000000 0.957200
16894 16895 300.000000 1.513901
16896 16897 300.000000 0.957200
16896 16898 300.000000 0.957200
16897 16898 300.000000 1.513901
16899 16900 300.000000 0.957200
16899 16901 300.000000 0.957200
16900 16901 300.000000 1.513901
16902 16903 300.000000 0.957200
16902 16904 300.000000 0.957200
16903 16904 300.000000 1.513901
16905 16906 300.000000 0.957200
16905 16907 300.000000 0.957200
16906 16907 300.000000 1.513901
16908 16909 300.000000 0.957200
16908 16910 300.000000 0.957200
16909 16910 300.000000 1.513901
16911 16912 300.000000 0.957200
16911 16913 300.000000 0.957200
16912 16913 300.000000 1.513901
16914 16915 300.000000 0.957200
16914 16916 300.000000 0.957200
16915 16916 300.000000 1.513901
16917 16918 300.000000 0.957200
16917 16919 300.000000 0.957200
16918 16919 300.000000 1.513901
16920 16921 300.000000 0.957200
16920 16922 300.000000 0.957200
16921 16922 300.000000 1.513901
16923 16924 300.000000 0.957200
16923 16925 300.000000 0.957200
16924 16925 300.000000 1.513901
16926 16927 300.000000 0.957200
16926 16928 300.000000 0.957200
16927 16928 300.000000 1.513901
16929 16930 300.000000 0.957200
16929 16931 300.000000 0.957200
16930 16931 300.000000 1.513901
16932 16933 300.000000 0.957200
16932 16934 300.000000 0.957200
16933 16934 300.000000 1.513901
16935 16936 300.000000 0.957200
16935 16937 300.000000 0.957200
16936 16937 300.000000 1.513901
16938 16939 300.000000 0.957200
16938 16940 300.000000 0.957200
16939 16940 300.000000 1.513901
16941 16942 300.000000 0.957200
16941 16943 300.000000 0.957200
16942 16943 300.000000 1.513901
16944 16945 300.000000 0.957200
16944 16946 300.000000 0.957200
16945 16946 300.000000 1.513901
16947 16948 300.000000 0.957200
16947 16949 300.000000 0.957200
16948 16949 300.000000 1.513901
16950 16951 300.000000 0.957200
16950 16952 300.000000 0.957200
16951 16952 300.000000 1.513901
16953 16954 300.000000 0.957200
16953 16955 300.000000 0.957200
16954 16955 300.000000 1.513901
16956 16957 300.000000 0.957200
16956 16958 300.000000 0.957200
16957 16958 300.000000 1.513901
16959 16960 300.000000 0.957200
16959 16961 300.000000 0.957200
16960 16961 300.000000 1.513901
16962 16963 300.000000 0.957200
16962 16964 300.000000 0.957200
16963 16964 300.000000 1.513901
16965 16966 300.000000 0.957200
16965 16967 300.000000 0.957200
16966 16967 300.000000 1.513901
16968 16969 300.000000 0.957200
16968 16970 300.000000 0.957200
16969 16970 300.000000 1.513901
16971 16972 300.000000 0.957200
16971 16973 300.000000 0.957200
16972 16973 300.000000 1.513901
16974 16975 300.000000 0.957200
16974 16976 300.000000 0.957200
16975 16976 300.000000 1.513901
16977 16978 300.000000 0.957200
16977 16979 300.000000 0.957200
16978 16979 300.000000 1.513901
16980 16981 300.000000 0.957200
16980 16982 300.000000 0.957200
16981 16982 300.000000 1.513901
16983 16984 300.000000 0.957200
16983 16985 300.000000 0.957200
16984 16985 300.000000 1.513901
16986 16987 300.000000 0.957200
16986 16988 300.000000 0.957200
16987 16988 300.000000 1.513901
16989 16990 300.000000 0.957200
16989 16991 300.000000 0.957200
16990 16991 300.000000 1.513901
16992 16993 300.000000 0.957200
16992 16994 300.000000 0.957200
16993 16994 300.000000 1.513901
16995 16996 300.000000 0.957200
16995 16997 300.000000 0.957200
16996 16997 300.000000 1.513901
16998 16999 300.000000 0.957200
16998 17000 300.000000 0.957200
16999 17000 300.000000 1.513901
17001 17002 300.000000 0.957200
17001 17003 300.000000 0.957200
17002 17003 300.000000 1.513901
17004 17005 300.000000 0.957200
17004 17006 300.000000 0.957200
17005 17006 300.000000 1.513901
17007 17008 300.000000 0.957200
17007 17009 300.000000 0.957200
17008 17009 300.000000 1.513901
17010 17011 300.000000 0.957200
17010 17012 300.000000 0.957200
17011 17012 300.000000 1.513901
17013 17014 300.000000 0.957200
17013 17015 300.000000 0.957200
17014 17015 300.000000 1.513901
17016 17017 300.000000 0.957200
17016 17018 300.000000 0.957200
17017 17018 300.000000 1.513901
17019 17020 300.000000 0.957200
17019 17021 300.000000 0.957200
17020 17021 300.000000 1.513901
17022 17023 300.000000 0.957200
17022 17024 300.000000 0.957200
17023 17024 300.000000 1.513901
17025 17026 300.000000 0.957200
17025 17027 300.000000 0.957200
17026 17027 300.000000 1.513901
17028 17029 300.000000 0.957200
17028 17030 300.000000 0.957200
17029 17030 300.000000 1.513901
17031 17032 300.000000 0.957200
17031 17033 300.000000 0.957200
17032 17033 300.000000 1.513901
17034 17035 300.000000 0.957200
17034 17036 300.000000 0.957200
17035 17036 300.000000 1.513901
17037 17038 300.000000 0.957200
17037 17039 300.000000 0.957200
17038 17039 300.000000 1.513901
17040 17041 300.000000 0.957200
17040 17042 300.000000 0.957200
17041 17042 300.000000 1.513901
17043 17044 300.000000 0.957200
17043 17045 300.000000 0.957200
17044 17045 300.000000 1.513901
17046 17047 300.000000 0.957200
17046 17048 300.000000 0.957200
17047 17048 300.000000 1.513901
17049 17050 300.000000 0.957200
17049 17051 300.000000 0.957200
17050 17051 300.000000 1.513901
17052 17053 300.000000 0.957200
17052 17054 300.000000 0.957200
17053 17054 300.000000 1.513901
17055 17056 300.000000 0.957200
17055 17057 300.000000 0.957200
17056 17057 300.000000 1.513901
17058 17059 300.000000 0.957200
17058 17060 300.000000 0.957200
17059 17060 300.000000 1.513901
17061 17062 300.000000 0.957200
17061 17063 300.000000 0.957200
17062 17063 300.000000 1.513901
17064 17065 300.000000 0.957200
17064 17066 300.000000 0.957200
17065 17066 300.000000 1.513901
17067 17068 300.000000 0.957200
17067 17069 300.000000 0.957200
17068 17069 300.000000 1.513901
17070 17071 300.000000 0.957200
17070 17072 300.000000 0.957200
17071 17072 300.000000 1.513901
17073 17074 300.000000 0.957200
17073 17075 300.000000 0.957200
17074 17075 300.000000 1.513901
17076 17077 300.000000 0.957200
17076 17078 300.000000 0.957200
17077 17078 300.000000 1.513901
17079 17080 300.000000 0.957200
17079 17081 300.000000 0.957200
17080 17081 300.000000 1.513901
17082 17083 300.000000 0.957200
17082 17084 300.000000 0.957200
17083 17084 300.000000 1.513901
17085 17086 300.000000 0.957200
17085 17087 300.000000 0.957200
17086 17087 300.000000 1.513901
17088 17089 300.000000 0.957200
17088 17090 300.000000 0.957200
17089 17090 300.000000 1.513901
17091 17092 300.000000 0.957200
17091 17093 300.000000 0.957200
17092 17093 300.000000 1.513901
17094 17095 300.000000 0.957200
17094 17096 300.000000 0.957200
17095 17096 300.000000 1.513901
17097 17098 300.000000 0.957200
17097 17099 300.000000 0.957200
17098 17099 300.000000 1.513901
17100 17101 300.000000 0.957200
17100 17102 300.000000 0.957200
17101 17102 300.000000 1.513901
17103 17104 300.000000 0.957200
17103 17105 300.000000 0.957200
17104 17105 300.000000 1.513901
17106 17107 300.000000 0.957200
17106 17108 300.000000 0.957200
17107 17108 300.000000 1.513901
17109 17110 300.000000 0.957200
17109 17111 300.000000 0.957200
17110 17111 300.000000 1.513901
17112 17113 300.000000 0.957200
17112 17114 300.000000 0.957200
17113 17114 300.000000 1.513901
17115 17116 300.000000 0.957200
17115 17117 300.000000 0.957200
17116 17117 300.000000 1.513901
17118 17119 300.000000 0.957200
17118 17120 300.000000 0.957200
17119 17120 300.000000 1.513901
17121 17122 300.000000 0.957200
17121 17123 300.000000 0.957200
17122 17123 300.000000 1.513901
17124 17125 300.000000 0.957200
17124 17126 300.000000 0.957200
17125 17126 300.000000 1.513901
17127 17128 300.000000 0.957200
17127 17129 300.000000 0.957200
17128 17129 300.000000 1.513901
17130 17131 300.000000 0.957200
17130 17132 300.000000 0.957200
17131 17132 300.000000 1.513901
17133 17134 300.000000 0.957200
17133 17135 300.000000 0.957200
17134 17135 300.000000 1.513901
17136 17137 300.000000 0.957200
17136 17138 300.000000 0.957200
17137 17138 300.000000 1.513901
17139 17140 300.000000 0.957200
17139 17141 300.000000 0.957200
17140 17141 300.000000 1.513901
17142 17143 300.000000 0.957200
17142 17144 300.000000 0.957200
17143 17144 300.000000 1.513901
17145 17146 300.000000 0.957200
17145 17147 300.000000 0.957200
17146 17147 300.000000 1.513901
17148 17149 300.000000 0.957200
17148 17150 300.000000 0.957200
17149 17150 300.000000 1.513901
17151 17152 300.000000 0.957200
17151 17153 300.000000 0.957200
17152 17153 300.000000 1.513901
17154 17155 300.000000 0.957200
17154 17156 300.000000 0.957200
17155 17156 300.000000 1.513901
17157 17158 300.000000 0.957200
17157 17159 300.000000 0.957200
17158 17159 300.000000 1.513901
17160 17161 300.000000 0.957200
17160 17162 300.000000 0.957200
17161 17162 300.000000 1.513901
17163 17164 300.000000 0.957200
17163 17165 300.000000 0.957200
17164 17165 300.000000 1.513901
17166 17167 300.000000 0.957200
17166 17168 300.000000 0.957200
17167 17168 300.000000 1.513901
17169 17170 300.000000 0.957200
17169 17171 300.000000 0.957200
17170 17171 300.000000 1.513901
17172 17173 300.000000 0.957200
17172 17174 300.000000 0.957200
17173 17174 300.000000 1.513901
17175 17176 300.000000 0.957200
17175 17177 300.000000 0.957200
17176 17177 300.000000 1.513901
17178 17179 300.000000 0.957200
17178 17180 300.000000 0.957200
17179 17180 300.000000 1.513901
17181 17182 300.000000 0.957200
17181 17183 300.000000 0.957200
17182 17183 300.000000 1.513901
17184 17185 300.000000 0.957200
17184 17186 300.000000 0.957200
17185 17186 300.000000 1.513901
17187 17188 300.000000 0.957200
17187 17189 300.000000 0.957200
17188 17189 300.000000 1.513901
17190 17191 300.000000 0.957200
17190 17192 300.000000 0.957200
17191 17192 300.000000 1.513901
17193 17194 300.000000 0.957200
17193 17195 300.000000 0.957200
17194 17195 300.000000 1.513901
17196 17197 300.000000 0.957200
17196 17198 300.000000 0.957200
17197 17198 300.000000 1.513901
17199 17200 300.000000 0.957200
17199 17201 300.000000 0.957200
17200 17201 300.000000 1.513901
17202 17203 300.000000 0.957200
17202 17204 300.000000 0.957200
17203 17204 300.000000 1.513901
17205 17206 300.000000 0.957200
17205 17207 300.000000 0.957200
17206 17207 300.000000 1.513901
17208 17209 300.000000 0.957200
17208 17210 300.000000 0.957200
17209 17210 300.000000 1.513901
17211 17212 300.000000 0.957200
17211 17213 300.000000 0.957200
17212 17213 300.000000 1.513901
17214 17215 300.000000 0.957200
17214 17216 300.000000 0.957200
17215 17216 300.000000 1.513901
17217 17218 300.000000 0.957200
17217 17219 300.000000 0.957200
17218 17219 300.000000 1.513901
17220 17221 300.000000 0.957200
17220 17222 300.000000 0.957200
17221 17222 300.000000 1.513901
17223 17224 300.000000 0.957200
17223 17225 300.000000 0.957200
17224 17225 300.000000 1.513901
17226 17227 300.000000 0.957200
17226 17228 300.000000 0.957200
17227 17228 300.000000 1.513901
17229 17230 300.000000 0.957200
17229 17231 300.000000 0.957200
17230 17231 300.000000 1.513901
17232 17233 300.000000 0.957200
17232 17234 300.000000 0.957200
17233 17234 300.000000 1.513901
17235 17236 300.000000 0.957200
17235 17237 300.000000 0.957200
17236 17237 300.000000 1.513901
17238 17239 300.000000 0.957200
17238 17240 300.000000 0.957200
17239 17240 300.000000 1.513901
17241 17242 300.000000 0.957200
17241 17243 300.000000 0.957200
17242 17243 300.000000 1.513901
17244 17245 300.000000 0.957200
17244 17246 300.000000 0.957200
17245 17246 300.000000 1.513901
17247 17248 300.000000 0.957200
17247 17249 300.000000 0.957200
17248 17249 300.000000 1.513901
17250 17251 300.000000 0.957200
17250 17252 300.000000 0.957200
17251 17252 300.000000 1.513901
17253 17254 300.000000 0.957200
17253 17255 300.000000 0.957200
17254 17255 300.000000 1.513901
17256 17257 300.000000 0.957200
17256 17258 300.000000 0.957200
17257 17258 300.000000 1.513901
17259 17260 300.000000 0.957200
17259 17261 300.000000 0.957200
17260 17261 300.000000 1.513901
17262 17263 300.000000 0.957200
17262 17264 300.000000 0.957200
17263 17264 300.000000 1.513901
17265 17266 300.000000 0.957200
17265 17267 300.000000 0.957200
17266 17267 300.000000 1.513901
17268 17269 300.000000 0.957200
17268 17270 300.000000 0.957200
17269 17270 300.000000 1.513901
17271 17272 300.000000 0.957200
17271 17273 300.000000 0.957200
17272 17273 300.000000 1.513901
17274 17275 300.000000 0.957200
17274 17276 300.000000 0.957200
17275 17276 300.000000 1.513901
17277 17278 300.000000 0.957200
17277 17279 300.000000 0.957200
17278 17279 300.000000 1.513901
17280 17281 300.000000 0.957200
17280 17282 300.000000 0.957200
17281 17282 300.000000 1.513901
17283 17284 300.000000 0.957200
17283 17285 300.000000 0.957200
17284 17285 300.000000 1.513901
17286 17287 300.000000 0.957200
17286 17288 300.000000 0.957200
17287 17288 300.000000 1.513901
17289 17290 300.000000 0.957200
17289 17291 300.000000 0.957200
17290 17291 300.000000 1.513901
17292 17293 300.000000 0.957200
17292 17294 300.000000 0.957200
17293 17294 300.000000 1.513901
17295 17296 300.000000 0.957200
17295 17297 300.000000 0.957200
17296 17297 300.000000 1.513901
17298 17299 300.000000 0.957200
17298 17300 300.000000 0.957200
17299 17300 300.000000 1.513901
17301 17302 300.000000 0.957200
17301 17303 300.000000 0.957200
17302 17303 300.000000 1.513901
17304 17305 300.000000 0.957200
17304 17306 300.000000 0.957200
17305 17306 300.000000 1.513901
17307 17308 300.000000 0.957200
17307 17309 300.000000 0.957200
17308 17309 300.000000 1.513901
17310 17311 300.000000 0.957200
17310 17312 300.000000 0.957200
17311 17312 300.000000 1.513901
17313 17314 300.000000 0.957200
17313 17315 300.000000 0.957200
17314 17315 300.000000 1.513901
17316 17317 300.000000 0.957200
17316 17318 300.000000 0.957200
17317 17318 300.000000 1.513901
17319 17320 300.000000 0.957200
17319 17321 300.000000 0.957200
17320 17321 300.000000 1.513901
17322 17323 300.000000 0.957200
17322 17324 300.000000 0.957200
17323 17324 300.000000 1.513901
17325 17326 300.000000 0.957200
17325 17327 300.000000 0.957200
17326 17327 300.000000 1.513901
17328 17329 300.000000 0.957200
17328 17330 300.000000 0.957200
17329 17330 300.000000 1.513901
17331 17332 300.000000 0.957200
17331 17333 300.000000 0.957200
17332 17333 300.000000 1.513901
17334 17335 300.000000 0.957200
17334 17336 300.000000 0.957200
17335 17336 300.000000 1.513901
17337 17338 300.000000 0.957200
17337 17339 300.000000 0.957200
17338 17339 300.000000 1.513901
17340 17341 300.000000 0.957200
17340 17342 300.000000 0.957200
17341 17342 300.000000 1.513901
17343 17344 300.000000 0.957200
17343 17345 300.000000 0.957200
17344 17345 300.000000 1.513901
17346 17347 300.000000 0.957200
17346 17348 300.000000 0.957200
17347 17348 300.000000 1.513901
17349 17350 300.000000 0.957200
17349 17351 300.000000 0.957200
17350 17351 300.000000 1.513901
17352 17353 300.000000 0.957200
17352 17354 300.000000 0.957200
17353 17354 300.000000 1.513901
17355 17356 300.000000 0.957200
17355 17357 300.000000 0.957200
17356 17357 300.000000 1.513901
17358 17359 300.000000 0.957200
17358 17360 300.000000 0.957200
17359 17360 300.000000 1.513901
17361 17362 300.000000 0.957200
17361 17363 300.000000 0.957200
17362 17363 300.000000 1.513901
17364 17365 300.000000 0.957200
17364 17366 300.000000 0.957200
17365 17366 300.000000 1.513901
17367 17368 300.000000 0.957200
17367 17369 300.000000 0.957200
17368 17369 300.000000 1.513901
17370 17371 300.000000 0.957200
17370 17372 300.000000 0.957200
17371 17372 300.000000 1.513901
17373 17374 300.000000 0.957200
17373 17375 300.000000 0.957200
17374 17375 300.000000 1.513901
17376 17377 300.000000 0.957200
17376 17378 300.000000 0.957200
17377 17378 300.000000 1.513901
17379 17380 300.000000 0.957200
17379 17381 300.000000 0.957200
17380 17381 300.000000 1.513901
17382 17383 300.000000 0.957200
17382 17384 300.000000 0.957200
17383 17384 300.000000 1.513901
17385 17386 300.000000 0.957200
17385 17387 300.000000 0.957200
17386 17387 300.000000 1.513901
17388 17389 300.000000 0.957200
17388 17390 300.000000 0.957200
17389 17390 300.000000 1.513901
17391 17392 300.000000 0.957200
17391 17393 300.000000 0.957200
17392 17393 300.000000 1.513901
17394 17395 300.000000 0.957200
17394 17396 300.000000 0.957200
17395 17396 300.000000 1.513901
17397 17398 300.000000 0.957200
17397 17399 300.000000 0.957200
17398 17399 300.000000 1.513901
17400 17401 300.000000 0.957200
17400 17402 300.000000 0.957200
17401 17402 300.000000 1.513901
17403 17404 300.000000 0.957200
17403 17405 300.000000 0.957200
17404 17405 300.000000 1.513901
17406 17407 300.000000 0.957200
17406 17408 300.000000 0.957200
17407 17408 300.000000 1.513901
17409 17410 300.000000 0.957200
17409 17411 300.000000 0.957200
17410 17411 300.000000 1.513901
17412 17413 300.000000 0.957200
17412 17414 300.000000 0.957200
17413 17414 300.000000 1.513901
17415 17416 300.000000 0.957200
17415 17417 300.000000 0.957200
17416 17417 300.000000 1.513901
17418 17419 300.000000 0.957200
17418 17420 300.000000 0.957200
17419 17420 300.000000 1.513901
17421 17422 300.000000 0.957200
17421 17423 300.000000 0.957200
17422 17423 300.000000 1.513901
17424 17425 300.000000 0.957200
17424 17426 300.000000 0.957200
17425 17426 300.000000 1.513901
17427 17428 300.000000 0.957200
17427 17429 300.000000 0.957200
17428 17429 300.000000 1.513901
17430 17431 300.000000 0.957200
17430 17432 300.000000 0.957200
17431 17432 300.000000 1.513901
17433 17434 300.000000 0.957200
17433 17435 300.000000 0.957200
17434 17435 300.000000 1.513901
17436 17437 300.000000 0.957200
17436 17438 300.000000 0.957200
17437 17438 300.000000 1.513901
17439 17440 300.000000 0.957200
17439 17441 300.000000 0.957200
17440 17441 300.000000 1.513901
17442 17443 300.000000 0.957200
17442 17444 300.000000 0.957200
17443 17444 300.000000 1.513901
17445 17446 300.000000 0.957200
17445 17447 300.000000 0.957200
17446 17447 300.000000 1.513901
17448 17449 300.000000 0.957200
17448 17450 300.000000 0.957200
17449 17450 300.000000 1.513901
17451 17452 300.000000 0.957200
17451 17453 300.000000 0.957200
17452 17453 300.000000 1.513901
17454 17455 300.000000 0.957200
17454 17456 300.000000 0.957200
17455 17456 300.000000 1.513901
17457 17458 300.000000 0.957200
17457 17459 300.000000 0.957200
17458 17459 300.000000 1.513901
17460 17461 300.000000 0.957200
17460 17462 300.000000 0.957200
17461 17462 300.000000 1.513901
17463 17464 300.000000 0.957200
17463 17465 300.000000 0.957200
17464 17465 300.000000 1.513901
17466 17467 300.000000 0.957200
17466 17468 300.000000 0.957200
17467 17468 300.000000 1.513901
17469 17470 300.000000 0.957200
17469 17471 300.000000 0.957200
17470 17471 300.000000 1.513901
17472 17473 300.000000 0.957200
17472 17474 300.000000 0.957200
17473 17474 300.000000 1.513901
17475 17476 300.000000 0.957200
17475 17477 300.000000 0.957200
17476 17477 300.000000 1.513901
17478 17479 300.000000 0.957200
17478 17480 300.000000 0.957200
17479 17480 300.000000 1.513901
17481 17482 300.000000 0.957200
17481 17483 300.000000 0.957200
17482 17483 300.000000 1.513901
17484 17485 300.000000 0.957200
17484 17486 300.000000 0.957200
17485 17486 300.000000 1.513901
17487 17488 300.000000 0.957200
17487 17489 300.000000 0.957200
17488 17489 300.000000 1.513901
17490 17491 300.000000 0.957200
17490 17492 300.000000 0.957200
17491 17492 300.000000 1.513901
17493 17494 300.000000 0.957200
17493 17495 300.000000 0.957200
17494 17495 300.000000 1.513901
17496 17497 300.000000 0.957200
17496 17498 300.000000 0.957200
17497 17498 300.000000 1.513901
17499 17500 300.000000 0.957200
17499 17501 300.000000 0.957200
17500 17501 300.000000 1.513901
17502 17503 300.000000 0.957200
17502 17504 300.000000 0.957200
17503 17504 300.000000 1.513901
17505 17506 300.000000 0.957200
17505 17507 300.000000 0.957200
17506 17507 300.000000 1.513901
17508 17509 300.000000 0.957200
17508 17510 300.000000 0.957200
17509 17510 300.000000 1.513901
17511 17512 300.000000 0.957200
17511 17513 300.000000 0.957200
17512 17513 300.000000 1.513901
17514 17515 300.000000 0.957200
17514 17516 300.000000 0.957200
17515 17516 300.000000 1.513901
17517 17518 300.000000 0.957200
17517 17519 300.000000 0.957200
17518 17519 300.000000 1.513901
17520 17521 300.000000 0.957200
17520 17522 300.000000 0.957200
17521 17522 300.000000 1.513901
17523 17524 300.000000 0.957200
17523 17525 300.000000 0.957200
17524 17525 300.000000 1.513901
17526 17527 300.000000 0.957200
17526 17528 300.000000 0.957200
17527 17528 300.000000 1.513901
17529 17530 300.000000 0.957200
17529 17531 300.000000 0.957200
17530 17531 300.000000 1.513901
17532 17533 300.000000 0.957200
17532 17534 300.000000 0.957200
17533 17534 300.000000 1.513901
17535 17536 300.000000 0.957200
17535 17537 300.000000 0.957200
17536 17537 300.000000 1.513901
17538 17539 300.000000 0.957200
17538 17540 300.000000 0.957200
17539 17540 300.000000 1.513901
17541 17542 300.000000 0.957200
17541 17543 300.000000 0.957200
17542 17543 300.000000 1.513901
17544 17545 300.000000 0.957200
17544 17546 300.000000 0.957200
17545 17546 300.000000 1.513901
17547 17548 300.000000 0.957200
17547 17549 300.000000 0.957200
17548 17549 300.000000 1.513901
17550 17551 300.000000 0.957200
17550 17552 300.000000 0.957200
17551 17552 300.000000 1.513901
17553 17554 300.000000 0.957200
17553 17555 300.000000 0.957200
17554 17555 300.000000 1.513901
17556 17557 300.000000 0.957200
17556 17558 300.000000 0.957200
17557 17558 300.000000 1.513901
17559 17560 300.000000 0.957200
17559 17561 300.000000 0.957200
17560 17561 300.000000 1.513901
17562 17563 300.000000 0.957200
17562 17564 300.000000 0.957200
17563 17564 300.000000 1.513901
17565 17566 300.000000 0.957200
17565 17567 300.000000 0.957200
17566 17567 300.000000 1.513901
17568 17569 300.000000 0.957200
17568 17570 300.000000 0.957200
17569 17570 300.000000 1.513901
17571 17572 300.000000 0.957200
17571 17573 300.000000 0.957200
17572 17573 300.000000 1.513901
17574 17575 300.000000 0.957200
17574 17576 300.000000 0.957200
17575 17576 300.000000 1.513901
17577 17578 300.000000 0.957200
17577 17579 300.000000 0.957200
17578 17579 300.000000 1.513901
17580 17581 300.000000 0.957200
17580 17582 300.000000 0.957200
17581 17582 300.000000 1.513901
17583 17584 300.000000 0.957200
17583 17585 300.000000 0.957200
17584 17585 300.000000 1.513901
17586 17587 300.000000 0.957200
17586 17588 300.000000 0.957200
17587 17588 300.000000 1.513901
17589 17590 300.000000 0.957200
17589 17591 300.000000 0.957200
17590 17591 300.000000 1.513901
17592 17593 300.000000 0.957200
17592 17594 300.000000 0.957200
17593 17594 300.000000 1.513901
17595 17596 300.000000 0.957200
17595 17597 300.000000 0.957200
17596 17597 300.000000 1.513901
17598 17599 300.000000 0.957200
17598 17600 300.000000 0.957200
17599 17600 300.000000 1.513901
17601 17602 300.000000 0.957200
17601 17603 300.000000 0.957200
17602 17603 300.000000 1.513901
17604 17605 300.000000 0.957200
17604 17606 300.000000 0.957200
17605 17606 300.000000 1.513901
17607 17608 300.000000 0.957200
17607 17609 300.000000 0.957200
17608 17609 300.000000 1.513901
17610 17611 300.000000 0.957200
17610 17612 300.000000 0.957200
17611 17612 300.000000 1.513901
17613 17614 300.000000 0.957200
17613 17615 300.000000 0.957200
17614 17615 300.000000 1.513901
17616 17617 300.000000 0.957200
17616 17618 300.000000 0.957200
17617 17618 300.000000 1.513901
17619 17620 300.000000 0.957200
17619 17621 300.000000 0.957200
17620 17621 300.000000 1.513901
17622 17623 300.000000 0.957200
17622 17624 300.000000 0.957200
17623 17624 300.000000 1.513901
17625 17626 300.000000 0.957200
17625 17627 300.000000 0.957200
17626 17627 300.000000 1.513901
17628 17629 300.000000 0.957200
17628 17630 300.000000 0.957200
17629 17630 300.000000 1.513901
17631 17632 300.000000 0.957200
17631 17633 300.000000 0.957200
17632 17633 300.000000 1.513901
17634 17635 300.000000 0.957200
17634 17636 300.000000 0.957200
17635 17636 300.000000 1.513901
17637 17638 300.000000 0.957200
17637 17639 300.000000 0.957200
17638 17639 300.000000 1.513901
17640 17641 300.000000 0.957200
17640 17642 300.000000 0.957200
17641 17642 300.000000 1.513901
17643 17644 300.000000 0.957200
17643 17645 300.000000 0.957200
17644 17645 300.000000 1.513901
17646 17647 300.000000 0.957200
17646 17648 300.000000 0.957200
17647 17648 300.000000 1.513901
17649 17650 300.000000 0.957200
17649 17651 300.000000 0.957200
17650 17651 300.000000 1.513901
17652 17653 300.000000 0.957200
17652 17654 300.000000 0.957200
17653 17654 300.000000 1.513901
17655 17656 300.000000 0.957200
17655 17657 300.000000 0.957200
17656 17657 300.000000 1.513901
17658 17659 300.000000 0.957200
17658 17660 300.000000 0.957200
17659 17660 300.000000 1.513901
17661 17662 300.000000 0.957200
17661 17663 300.000000 0.957200
17662 17663 300.000000 1.513901
17664 17665 300.000000 0.957200
17664 17666 300.000000 0.957200
17665 17666 300.000000 1.513901
17667 17668 300.000000 0.957200
17667 17669 300.000000 0.957200
17668 17669 300.000000 1.513901
17670 17671 300.000000 0.957200
17670 17672 300.000000 0.957200
17671 17672 300.000000 1.513901
17673 17674 300.000000 0.957200
17673 17675 300.000000 0.957200
17674 17675 300.000000 1.513901
17676 17677 300.000000 0.957200
17676 17678 300.000000 0.957200
17677 17678 300.000000 1.513901
17679 17680 300.000000 0.957200
17679 17681 300.000000 0.957200
17680 17681 300.000000 1.513901
17682 17683 300.000000 0.957200
17682 17684 300.000000 0.957200
17683 17684 300.000000 1.513901
17685 17686 300.000000 0.957200
17685 17687 300.000000 0.957200
17686 17687 300.000000 1.513901
17688 17689 300.000000 0.957200
17688 17690 300.000000 0.957200
17689 17690 300.000000 1.513901
17691 17692 300.000000 0.957200
17691 17693 300.000000 0.957200
17692 17693 300.000000 1.513901
17694 17695 300.000000 0.957200
17694 17696 300.000000 0.957200
17695 17696 300.000000 1.513901
17697 17698 300.000000 0.957200
17697 17699 300.000000 0.957200
17698 17699 300.000000 1.513901
17700 17701 300.000000 0.957200
17700 17702 300.000000 0.957200
17701 17702 300.000000 1.513901
17703 17704 300.000000 0.957200
17703 17705 300.000000 0.957200
17704 17705 300.000000 1.513901
17706 17707 300.000000 0.957200
17706 17708 300.000000 0.957200
17707 17708 300.000000 1.513901
17709 17710 300.000000 0.957200
17709 17711 300.000000 0.957200
17710 17711 300.000000 1.513901
17712 17713 300.000000 0.957200
17712 17714 300.000000 0.957200
17713 17714 300.000000 1.513901
17715 17716 300.000000 0.957200
17715 17717 300.000000 0.957200
17716 17717 300.000000 1.513901
17718 17719 300.000000 0.957200
17718 17720 300.000000 0.957200
17719 17720 300.000000 1.513901
17721 17722 300.000000 0.957200
17721 17723 300.000000 0.957200
17722 17723 300.000000 1.513901
17724 17725 300.000000 0.957200
17724 17726 300.000000 0.957200
17725 17726 300.000000 1.513901
17727 17728 300.000000 0.957200
17727 17729 300.000000 0.957200
17728 17729 300.000000 1.513901
17730 17731 300.000000 0.957200
17730 17732 300.000000 0.957200
17731 17732 300.000000 1.513901
17733 17734 300.000000 0.957200
17733 17735 300.000000 0.957200
17734 17735 300.000000 1.513901
17736 17737 300.000000 0.957200
17736 17738 300.000000 0.957200
17737 17738 300.000000 1.513901
17739 17740 300.000000 0.957200
17739 17741 300.000000 0.957200
17740 17741 300.000000 1.513901
17742 17743 300.000000 0.957200
17742 17744 300.000000 0.957200
17743 17744 300.000000 1.513901
17745 17746 300.000000 0.957200
17745 17747 300.000000 0.957200
17746 17747 300.000000 1.513901
17748 17749 300.000000 0.957200
17748 17750 300.000000 0.957200
17749 17750 300.000000 1.513901
17751 17752 300.000000 0.957200
17751 17753 300.000000 0.957200
17752 17753 300.000000 1.513901
17754 17755 300.000000 0.957200
17754 17756 300.000000 0.957200
17755 17756 300.000000 1.513901
17757 17758 300.000000 0.957200
17757 17759 300.000000 0.957200
17758 17759 300.000000 1.513901
17760 17761 300.000000 0.957200
17760 17762 300.000000 0.957200
17761 17762 300.000000 1.513901
17763 17764 300.000000 0.957200
17763 17765 300.000000 0.957200
17764 17765 300.000000 1.513901
17766 17767 300.000000 0.957200
17766 17768 300.000000 0.957200
17767 17768 300.000000 1.513901
17769 17770 300.000000 0.957200
17769 17771 300.000000 0.957200
17770 17771 300.000000 1.513901
17772 17773 300.000000 0.957200
17772 17774 300.000000 0.957200
17773 17774 300.000000 1.513901
17775 17776 300.000000 0.957200
17775 17777 300.000000 0.957200
17776 17777 300.000000 1.513901
17778 17779 300.000000 0.957200
17778 17780 300.000000 0.957200
17779 17780 300.000000 1.513901
17781 17782 300.000000 0.957200
17781 17783 300.000000 0.957200
17782 17783 300.000000 1.513901
17784 17785 300.000000 0.957200
17784 17786 300.000000 0.957200
17785 17786 300.000000 1.513901
17787 17788 300.000000 0.957200
17787 17789 300.000000 0.957200
17788 17789 300.000000 1.513901
17790 17791 300.000000 0.957200
17790 17792 300.000000 0.957200
17791 17792 300.000000 1.513901
17793 17794 300.000000 0.957200
17793 17795 300.000000 0.957200
17794 17795 300.000000 1.513901
17796 17797 300.000000 0.957200
17796 17798 300.000000 0.957200
17797 17798 300.000000 1.513901
17799 17800 300.000000 0.957200
17799 17801 300.000000 0.957200
17800 17801 300.000000 1.513901
17802 17803 300.000000 0.957200
17802 17804 300.000000 0.957200
17803 17804 300.000000 1.513901
17805 17806 300.000000 0.957200
17805 17807 300.000000 0.957200
17806 17807 300.000000 1.513901
17808 17809 300.000000 0.957200
17808 17810 300.000000 0.957200
17809 17810 300.000000 1.513901
17811 17812 300.000000 0.957200
17811 17813 300.000000 0.957200
17812 17813 300.000000 1.513901
17814 17815 300.000000 0.957200
17814 17816 300.000000 0.957200
17815 17816 300.000000 1.513901
17817 17818 300.000000 0.957200
17817 17819 300.000000 0.957200
17818 17819 300.000000 1.513901
17820 17821 300.000000 0.957200
17820 17822 300.000000 0.957200
17821 17822 300.000000 1.513901
17823 17824 300.000000 0.957200
17823 17825 300.000000 0.957200
17824 17825 300.000000 1.513901
17826 17827 300.000000 0.957200
17826 17828 300.000000 0.957200
17827 17828 300.000000 1.513901
17829 17830 300.000000 0.957200
17829 17831 300.000000 0.957200
17830 17831 300.000000 1.513901
17832 17833 300.000000 0.957200
17832 17834 300.000000 0.957200
17833 17834 300.000000 1.513901
17835 17836 300.000000 0.957200
17835 17837 300.000000 0.957200
17836 17837 300.000000 1.513901
17838 17839 300.000000 0.957200
17838 17840 300.000000 0.957200
17839 17840 300.000000 1.513901
17841 17842 300.000000 0.957200
17841 17843 300.000000 0.957200
17842 17843 300.000000 1.513901
17844 17845 300.000000 0.957200
17844 17846 300.000000 0.957200
17845 17846 300.000000 1.513901
17847 17848 300.000000 0.957200
17847 17849 300.000000 0.957200
17848 17849 300.000000 1.513901
17850 17851 300.000000 0.957200
17850 17852 300.000000 0.957200
17851 17852 300.000000 1.513901
17853 17854 300.000000 0.957200
17853 17855 300.000000 0.957200
17854 17855 300.000000 1.513901
17856 17857 300.000000 0.957200
17856 17858 300.000000 0.957200
17857 17858 300.000000 1.513901
17859 17860 300.000000 0.957200
17859 17861 300.000000 0.957200
17860 17861 300.000000 1.513901
17862 17863 300.000000 0.957200
17862 17864 300.000000 0.957200
17863 17864 300.000000 1.513901
17865 17866 300.000000 0.957200
17865 17867 300.000000 0.957200
17866 17867 300.000000 1.513901
17868 17869 300.000000 0.957200
17868 17870 300.000000 0.957200
17869 17870 300.000000 1.513901
17871 17872 300.000000 0.957200
17871 17873 300.000000 0.957200
17872 17873 300.000000 1.513901
17874 17875 300.000000 0.957200
17874 17876 300.000000 0.957200
17875 17876 300.000000 1.513901
17877 17878 300.000000 0.957200
17877 17879 300.000000 0.957200
17878 17879 300.000000 1.513901
17880 17881 300.000000 0.957200
17880 17882 300.000000 0.957200
17881 17882 300.000000 1.513901
17883 17884 300.000000 0.957200
17883 17885 300.000000 0.957200
17884 17885 300.000000 1.513901
17886 17887 300.000000 0.957200
17886 17888 300.000000 0.957200
17887 17888 300.000000 1.513901
17889 17890 300.000000 0.957200
17889 17891 300.000000 0.957200
17890 17891 300.000000 1.513901
17892 17893 300.000000 0.957200
17892 17894 300.000000 0.957200
17893 17894 300.000000 1.513901
17895 17896 300.000000 0.957200
17895 17897 300.000000 0.957200
17896 17897 300.000000 1.513901
17898 17899 300.000000 0.957200
17898 17900 300.000000 0.957200
17899 17900 300.000000 1.513901
17901 17902 300.000000 0.957200
17901 17903 300.000000 0.957200
17902 17903 300.000000 1.513901
17904 17905 300.000000 0.957200
17904 17906 300.000000 0.957200
17905 17906 300.000000 1.513901
17907 17908 300.000000 0.957200
17907 17909 300.000000 0.957200
17908 17909 300.000000 1.513901
17910 17911 300.000000 0.957200
17910 17912 300.000000 0.957200
17911 17912 300.000000 1.513901
17913 17914 300.000000 0.957200
17913 17915 300.000000 0.957200
17914 17915 300.000000 1.513901
17916 17917 300.000000 0.957200
17916 17918 300.000000 0.957200
17917 17918 300.000000 1.513901
17919 17920 300.000000 0.957200
17919 17921 300.000000 0.957200
17920 17921 300.000000 1.513901
17922 17923 300.000000 0.957200
17922 17924 300.000000 0.957200
17923 17924 300.000000 1.513901
17925 17926 300.000000 0.957200
17925 17927 300.000000 0.957200
17926 17927 300.000000 1.513901
17928 17929 300.000000 0.957200
17928 17930 300.000000 0.957200
17929 17930 300.000000 1.513901
17931 17932 300.000000 0.957200
17931 17933 300.000000 0.957200
17932 17933 300.000000 1.513901
17934 17935 300.000000 0.957200
17934 17936 300.000000 0.957200
17935 17936 300.000000 1.513901
17937 17938 300.000000 0.957200
17937 17939 300.000000 0.957200
17938 17939 300.000000 1.513901
17940 17941 300.000000 0.957200
17940 17942 300.000000 0.957200
17941 17942 300.000000 1.513901
17943 17944 300.000000 0.957200
17943 17945 300.000000 0.957200
17944 17945 300.000000 1.513901
17946 17947 300.000000 0.957200
17946 17948 300.000000 0.957200
17947 17948 300.000000 1.513901
17949 17950 300.000000 0.957200
17949 17951 300.000000 0.957200
17950 17951 300.000000 1.513901
17952 17953 300.000000 0.957200
17952 17954 300.000000 0.957200
17953 17954 300.000000 1.513901
17955 17956 300.000000 0.957200
17955 17957 300.000000 0.957200
17956 17957 300.000000 1.513901
17958 17959 300.000000 0.957200
17958 17960 300.000000 0.957200
17959 17960 300.000000 1.513901
17961 17962 300.000000 0.957200
17961 17963 300.000000 0.957200
17962 17963 300.000000 1.513901
17964 17965 300.000000 0.957200
17964 17966 300.000000 0.957200
17965 17966 300.000000 1.513901
17967 17968 300.000000 0.957200
17967 17969 300.000000 0.957200
17968 17969 300.000000 1.513901
17970 17971 300.000000 0.957200
17970 17972 300.000000 0.957200
17971 17972 300.000000 1.513901
17973 17974 300.000000 0.957200
17973 17975 300.000000 0.957200
17974 17975 300.000000 1.513901
17976 17977 300.000000 0.957200
17976 17978 300.000000 0.957200
17977 17978 300.000000 1.513901
17979 17980 300.000000 0.957200
17979 17981 300.000000 0.957200
17980 17981 300.000000 1.513901
17982 17983 300.000000 0.957200
17982 17984 300.000000 0.957200
17983 17984 300.000000 1.513901
17985 17986 300.000000 0.957200
17985 17987 300.000000 0.957200
17986 17987 300.000000 1.513901
17988 17989 300.000000 0.957200
17988 17990 300.000000 0.957200
17989 17990 300.000000 1.513901
17991 17992 300.000000 0.957200
17991 17993 300.000000 0.957200
17992 17993 300.000000 1.513901
17994 17995 300.000000 0.957200
17994 17996 300.000000 0.957200
17995 17996 300.000000 1.513901
17997 17998 300.000000 0.957200
17997 17999 300.000000 0.957200
17998 17999 300.000000 1.513901
18000 18001 300.000000 0.957200
18000 18002 300.000000 0.957200
18001 18002 300.000000 1.513901
18003 18004 300.000000 0.957200
18003 18005 300.000000 0.957200
18004 18005 300.000000 1.513901
18006 18007 300.000000 0.957200
18006 18008 300.000000 0.957200
18007 18008 300.000000 1.513901
18009 18010 300.000000 0.957200
18009 18011 300.000000 0.957200
18010 18011 300.000000 1.513901
18012 18013 300.000000 0.957200
18012 18014 300.000000 0.957200
18013 18014 300.000000 1.513901
18015 18016 300.000000 0.957200
18015 18017 300.000000 0.957200
18016 18017 300.000000 1.513901
18018 18019 300.000000 0.957200
18018 18020 300.000000 0.957200
18019 18020 300.000000 1.513901
18021 18022 300.000000 0.957200
18021 18023 300.000000 0.957200
18022 18023 300.000000 1.513901
18024 18025 300.000000 0.957200
18024 18026 300.000000 0.957200
18025 18026 300.000000 1.513901
18027 18028 300.000000 0.957200
18027 18029 300.000000 0.957200
18028 18029 300.000000 1.513901
18030 18031 300.000000 0.957200
18030 18032 300.000000 0.957200
18031 18032 300.000000 1.513901
18033 18034 300.000000 0.957200
18033 18035 300.000000 0.957200
18034 18035 300.000000 1.513901
18036 18037 300.000000 0.957200
18036 18038 300.000000 0.957200
18037 18038 300.000000 1.513901
18039 18040 300.000000 0.957200
18039 18041 300.000000 0.957200
18040 18041 300.000000 1.513901
18042 18043 300.000000 0.957200
18042 18044 300.000000 0.957200
18043 18044 300.000000 1.513901
18045 18046 300.000000 0.957200
18045 18047 300.000000 0.957200
18046 18047 300.000000 1.513901
18048 18049 300.000000 0.957200
18048 18050 300.000000 0.957200
18049 18050 300.000000 1.513901
18051 18052 300.000000 0.957200
18051 18053 300.000000 0.957200
18052 18053 300.000000 1.513901
18054 18055 300.000000 0.957200
18054 18056 300.000000 0.957200
18055 18056 300.000000 1.513901
18057 18058 300.000000 0.957200
18057 18059 300.000000 0.957200
18058 18059 300.000000 1.513901
18060 18061 300.000000 0.957200
18060 18062 300.000000 0.957200
18061 18062 300.000000 1.513901
18063 18064 300.000000 0.957200
18063 18065 300.000000 0.957200
18064 18065 300.000000 1.513901
18066 18067 300.000000 0.957200
18066 18068 300.000000 0.957200
18067 18068 300.000000 1.513901
18069 18070 300.000000 0.957200
18069 18071 300.000000 0.957200
18070 18071 300.000000 1.513901
18072 18073 300.000000 0.957200
18072 18074 300.000000 0.957200
18073 18074 300.000000 1.513901
18075 18076 300.000000 0.957200
18075 18077 300.000000 0.957200
18076 18077 300.000000 1.513901
18078 18079 300.000000 0.957200
18078 18080 300.000000 0.957200
18079 18080 300.000000 1.513901
18081 18082 300.000000 0.957200
18081 18083 300.000000 0.957200
18082 18083 300.000000 1.513901
18084 18085 300.000000 0.957200
18084 18086 300.000000 0.957200
18085 18086 300.000000 1.513901
18087 18088 300.000000 0.957200
18087 18089 300.000000 0.957200
18088 18089 300.000000 1.513901
18090 18091 300.000000 0.957200
18090 18092 300.000000 0.957200
18091 18092 300.000000 1.513901
18093 18094 300.000000 0.957200
18093 18095 300.000000 0.957200
18094 18095 300.000000 1.513901
18096 18097 300.000000 0.957200
18096 18098 300.000000 0.957200
18097 18098 300.000000 1.513901
18099 18100 300.000000 0.957200
18099 18101 300.000000 0.957200
18100 18101 300.000000 1.513901
18102 18103 300.000000 0.957200
18102 18104 300.000000 0.957200
18103 18104 300.000000 1.513901
18105 18106 300.000000 0.957200
18105 18107 300.000000 0.957200
18106 18107 300.000000 1.513901
18108 18109 300.000000 0.957200
18108 18110 300.000000 0.957200
18109 18110 300.000000 1.513901
18111 18112 300.000000 0.957200
18111 18113 300.000000 0.957200
18112 18113 300.000000 1.513901
18114 18115 300.000000 0.957200
18114 18116 300.000000 0.957200
18115 18116 300.000000 1.513901
18117 18118 300.000000 0.957200
18117 18119 300.000000 0.957200
18118 18119 300.000000 1.513901
18120 18121 300.000000 0.957200
18120 18122 300.000000 0.957200
18121 18122 300.000000 1.513901
18123 18124 300.000000 0.957200
18123 18125 300.000000 0.957200
18124 18125 300.000000 1.513901
18126 18127 300.000000 0.957200
18126 18128 300.000000 0.957200
18127 18128 300.000000 1.513901
18129 18130 300.000000 0.957200
18129 18131 300.000000 0.957200
18130 18131 300.000000 1.513901
18132 18133 300.000000 0.957200
18132 18134 300.000000 0.957200
18133 18134 300.000000 1.513901
18135 18136 300.000000 0.957200
18135 18137 300.000000 0.957200
18136 18137 300.000000 1.513901
18138 18139 300.000000 0.957200
18138 18140 300.000000 0.957200
18139 18140 300.000000 1.513901
18141 18142 300.000000 0.957200
18141 18143 300.000000 0.957200
18142 18143 300.000000 1.513901
18144 18145 300.000000 0.957200
18144 18146 300.000000 0.957200
18145 18146 300.000000 1.513901
18147 18148 300.000000 0.957200
18147 18149 300.000000 0.957200
18148 18149 300.000000 1.513901
18150 18151 300.000000 0.957200
18150 18152 300.000000 0.957200
18151 18152 300.000000 1.513901
18153 18154 300.000000 0.957200
18153 18155 300.000000 0.957200
18154 18155 300.000000 1.513901
18156 18157 300.000000 0.957200
18156 18158 300.000000 0.957200
18157 18158 300.000000 1.513901
18159 18160 300.000000 0.957200
18159 18161 300.000000 0.957200
18160 18161 300.000000 1.513901
18162 18163 300.000000 0.957200
18162 18164 300.000000 0.957200
18163 18164 300.000000 1.513901
18165 18166 300.000000 0.957200
18165 18167 300.000000 0.957200
18166 18167 300.000000 1.513901
18168 18169 300.000000 0.957200
18168 18170 300.000000 0.957200
18169 18170 300.000000 1.513901
18171 18172 300.000000 0.957200
18171 18173 300.000000 0.957200
18172 18173 300.000000 1.513901
18174 18175 300.000000 0.957200
18174 18176 300.000000 0.957200
18175 18176 300.000000 1.513901
18177 18178 300.000000 0.957200
18177 18179 300.000000 0.957200
18178 18179 300.000000 1.513901
18180 18181 300.000000 0.957200
18180 18182 300.000000 0.957200
18181 18182 300.000000 1.513901
18183 18184 300.000000 0.957200
18183 18185 300.000000 0.957200
18184 18185 300.000000 1.513901
18186 18187 300.000000 0.957200
18186 18188 300.000000 0.957200
18187 18188 300.000000 1.513901
18189 18190 300.000000 0.957200
18189 18191 300.000000 0.957200
18190 18191 300.000000 1.513901
18192 18193 300.000000 0.957200
18192 18194 300.000000 0.957200
18193 18194 300.000000 1.513901
18195 18196 300.000000 0.957200
18195 18197 300.000000 0.957200
18196 18197 300.000000 1.513901
18198 18199 300.000000 0.957200
18198 18200 300.000000 0.957200
18199 18200 300.000000 1.513901
18201 18202 300.000000 0.957200
18201 18203 300.000000 0.957200
18202 18203 300.000000 1.513901
18204 18205 300.000000 0.957200
18204 18206 300.000000 0.957200
18205 18206 300.000000 1.513901
18207 18208 300.000000 0.957200
18207 18209 300.000000 0.957200
18208 18209 300.000000 1.513901
18210 18211 300.000000 0.957200
18210 18212 300.000000 0.957200
18211 18212 300.000000 1.513901
18213 18214 300.000000 0.957200
18213 18215 300.000000 0.957200
18214 18215 300.000000 1.513901
18216 18217 300.000000 0.957200
18216 18218 300.000000 0.957200
18217 18218 300.000000 1.513901
18219 18220 300.000000 0.957200
18219 18221 300.000000 0.957200
18220 18221 300.000000 1.513901
18222 18223 300.000000 0.957200
18222 18224 300.000000 0.957200
18223 18224 300.000000 1.513901
18225 18226 300.000000 0.957200
18225 18227 300.000000 0.957200
18226 18227 300.000000 1.513901
18228 18229 300.000000 0.957200
18228 18230 300.000000 0.957200
18229 18230 300.000000 1.513901
18231 18232 300.000000 0.957200
18231 18233 300.000000 0.957200
18232 18233 300.000000 1.513901
18234 18235 300.000000 0.957200
18234 18236 300.000000 0.957200
18235 18236 300.000000 1.513901
18237 18238 300.000000 0.957200
18237 18239 300.000000 0.957200
18238 18239 300.000000 1.513901
18240 18241 300.000000 0.957200
18240 18242 300.000000 0.957200
18241 18242 300.000000 1.513901
18243 18244 300.000000 0.957200
18243 18245 300.000000 0.957200
18244 18245 300.000000 1.513901
18246 18247 300.000000 0.957200
18246 18248 300.000000 0.957200
18247 18248 300.000000 1.513901
18249 18250 300.000000 0.957200
18249 18251 300.000000 0.957200
18250 18251 300.000000 1.513901
18252 18253 300.000000 0.957200
18252 18254 300.000000 0.957200
18253 18254 300.000000 1.513901
18255 18256 300.000000 0.957200
18255 18257 300.000000 0.957200
18256 18257 300.000000 1.513901
18258 18259 300.000000 0.957200
18258 18260 300.000000 0.957200
18259 18260 300.000000 1.513901
18261 18262 300.000000 0.957200
18261 18263 300.000000 0.957200
18262 18263 300.000000 1.513901
18264 18265 300.000000 0.957200
18264 18266 300.000000 0.957200
18265 18266 300.000000 1.513901
18267 18268 300.000000 0.957200
18267 18269 300.000000 0.957200
18268 18269 300.000000 1.513901
18270 18271 300.000000 0.957200
18270 18272 300.000000 0.957200
18271 18272 300.000000 1.513901
18273 18274 300.000000 0.957200
18273 18275 300.000000 0.957200
18274 18275 300.000000 1.513901
18276 18277 300.000000 0.957200
18276 18278 300.000000 0.957200
18277 18278 300.000000 1.513901
18279 18280 300.000000 0.957200
18279 18281 300.000000 0.957200
18280 18281 300.000000 1.513901
18282 18283 300.000000 0.957200
18282 18284 300.000000 0.957200
18283 18284 300.000000 1.513901
18285 18286 300.000000 0.957200
18285 18287 300.000000 0.957200
18286 18287 300.000000 1.513901
18288 18289 300.000000 0.957200
18288 18290 300.000000 0.957200
18289 18290 300.000000 1.513901
18291 18292 300.000000 0.957200
18291 18293 300.000000 0.957200
18292 18293 300.000000 1.513901
18294 18295 300.000000 0.957200
18294 18296 300.000000 0.957200
18295 18296 300.000000 1.513901
18297 18298 300.000000 0.957200
18297 18299 300.000000 0.957200
18298 18299 300.000000 1.513901
18300 18301 300.000000 0.957200
18300 18302 300.000000 0.957200
18301 18302 300.000000 1.513901
18303 18304 300.000000 0.957200
18303 18305 300.000000 0.957200
18304 18305 300.000000 1.513901
18306 18307 300.000000 0.957200
18306 18308 300.000000 0.957200
18307 18308 300.000000 1.513901
18309 18310 300.000000 0.957200
18309 18311 300.000000 0.957200
18310 18311 300.000000 1.513901
18312 18313 300.000000 0.957200
18312 18314 300.000000 0.957200
18313 18314 300.000000 1.513901
18315 18316 300.000000 0.957200
18315 18317 300.000000 0.957200
18316 18317 300.000000 1.513901
18318 18319 300.000000 0.957200
18318 18320 300.000000 0.957200
18319 18320 300.000000 1.513901
18321 18322 300.000000 0.957200
18321 18323 300.000000 0.957200
18322 18323 300.000000 1.513901
18324 18325 300.000000 0.957200
18324 18326 300.000000 0.957200
18325 18326 300.000000 1.513901
18327 18328 300.000000 0.957200
18327 18329 300.000000 0.957200
18328 18329 300.000000 1.513901
18330 18331 300.000000 0.957200
18330 18332 300.000000 0.957200
18331 18332 300.000000 1.513901
18333 18334 300.000000 0.957200
18333 18335 300.000000 0.957200
18334 18335 300.000000 1.513901
18336 18337 300.000000 0.957200
18336 18338 300.000000 0.957200
18337 18338 300.000000 1.513901
18339 18340 300.000000 0.957200
18339 18341 300.000000 0.957200
18340 18341 300.000000 1.513901
18342 18343 300.000000 0.957200
18342 18344 300.000000 0.957200
18343 18344 300.000000 1.513901
18345 18346 300.000000 0.957200
18345 18347 300.000000 0.957200
18346 18347 300.000000 1.513901
18348 18349 300.000000 0.957200
18348 18350 300.000000 0.957200
18349 18350 300.000000 1.513901
18351 18352 300.000000 0.957200
18351 18353 300.000000 0.957200
18352 18353 300.000000 1.513901
18354 18355 300.000000 0.957200
18354 18356 300.000000 0.957200
18355 18356 300.000000 1.513901
18357 18358 300.000000 0.957200
18357 18359 300.000000 0.957200
18358 18359 300.000000 1.513901
18360 18361 300.000000 0.957200
18360 18362 300.000000 0.957200
18361 18362 300.000000 1.513901
18363 18364 300.000000 0.957200
18363 18365 300.000000 0.957200
18364 18365 300.000000 1.513901
18366 18367 300.000000 0.957200
18366 18368 300.000000 0.957200
18367 18368 300.000000 1.513901
18369 18370 300.000000 0.957200
18369 18371 300.000000 0.957200
18370 18371 300.000000 1.513901
18372 18373 300.000000 0.957200
18372 18374 300.000000 0.957200
18373 18374 300.000000 1.513901
18375 18376 300.000000 0.957200
18375 18377 300.000000 0.957200
18376 18377 300.000000 1.513901
18378 18379 300.000000 0.957200
18378 18380 300.000000 0.957200
18379 18380 300.000000 1.513901
18381 18382 300.000000 0.957200
18381 18383 300.000000 0.957200
18382 18383 300.000000 1.513901
18384 18385 300.000000 0.957200
18384 18386 300.000000 0.957200
18385 18386 300.000000 1.513901
18387 18388 300.000000 0.957200
18387 18389 300.000000 0.957200
18388 18389 300.000000 1.513901
18390 18391 300.000000 0.957200
18390 18392 300.000000 0.957200
18391 18392 300.000000 1.513901
18393 18394 300.000000 0.957200
18393 18395 300.000000 0.957200
18394 18395 300.000000 1.513901
18396 18397 300.000000 0.957200
18396 18398 300.000000 0.957200
18397 18398 300.000000 1.513901
18399 18400 300.000000 0.957200
18399 18401 300.000000 0.957200
18400 18401 300.000000 1.513901
18402 18403 300.000000 0.957200
18402 18404 300.000000 0.957200
18403 18404 300.000000 1.513901
18405 18406 300.000000 0.957200
18405 18407 300.000000 0.957200
18406 18407 300.000000 1.513901
18408 18409 300.000000 0.957200
18408 18410 300.000000 0.957200
18409 18410 300.000000 1.513901
18411 18412 300.000000 0.957200
18411 18413 300.000000 0.957200
18412 18413 300.000000 1.513901
18414 18415 300.000000 0.957200
18414 18416 300.000000 0.957200
18415 18416 300.000000 1.513901
18417 18418 300.000000 0.957200
18417 18419 300.000000 0.957200
18418 18419 300.000000 1.513901
18420 18421 300.000000 0.957200
18420 18422 300.000000 0.957200
18421 18422 300.000000 1.513901
18423 18424 300.000000 0.957200
18423 18425 300.000000 0.957200
18424 18425 300.000000 1.513901
18426 18427 300.000000 0.957200
18426 18428 300.000000 0.957200
18427 18428 300.000000 1.513901
18429 18430 300.000000 0.957200
18429 18431 300.000000 0.957200
18430 18431 300.000000 1.513901
18432 18433 300.000000 0.957200
18432 18434 300.000000 0.957200
18433 18434 300.000000 1.513901
18435 18436 300.000000 0.957200
18435 18437 300.000000 0.957200
18436 18437 300.000000 1.513901
18438 18439 300.000000 0.957200
18438 18440 300.000000 0.957200
18439 18440 300.000000 1.513901
18441 18442 300.000000 0.957200
18441 18443 300.000000 0.957200
18442 18443 300.000000 1.513901
18444 18445 300.000000 0.957200
18444 18446 300.000000 0.957200
18445 18446 300.000000 1.513901
18447 18448 300.000000 0.957200
18447 18449 300.000000 0.957200
18448 18449 300.000000 1.513901
18450 18451 300.000000 0.957200
18450 18452 300.000000 0.957200
18451 18452 300.000000 1.513901
18453 18454 300.000000 0.957200
18453 18455 300.000000 0.957200
18454 18455 300.000000 1.513901
18456 18457 300.000000 0.957200
18456 18458 300.000000 0.957200
18457 18458 300.000000 1.513901
18459 18460 300.000000 0.957200
18459 18461 300.000000 0.957200
18460 18461 300.000000 1.513901
18462 18463 300.000000 0.957200
18462 18464 300.000000 0.957200
18463 18464 300.000000 1.513901
18465 18466 300.000000 0.957200
18465 18467 300.000000 0.957200
18466 18467 300.000000 1.513901
18468 18469 300.000000 0.957200
18468 18470 300.000000 0.957200
18469 18470 300.000000 1.513901
18471 18472 300.000000 0.957200
18471 18473 300.000000 0.957200
18472 18473 300.000000 1.513901
18474 18475 300.000000 0.957200
18474 18476 300.000000 0.957200
18475 18476 300.000000 1.513901
18477 18478 300.000000 0.957200
18477 18479 300.000000 0.957200
18478 18479 300.000000 1.513901
18480 18481 300.000000 0.957200
18480 18482 300.000000 0.957200
18481 18482 300.000000 1.513901
18483 18484 300.000000 0.957200
18483 18485 300.000000 0.957200
18484 18485 300.000000 1.513901
18486 18487 300.000000 0.957200
18486 18488 300.000000 0.957200
18487 18488 300.000000 1.513901
18489 18490 300.000000 0.957200
18489 18491 300.000000 0.957200
18490 18491 300.000000 1.513901
18492 18493 300.000000 0.957200
18492 18494 300.000000 0.957200
18493 18494 300.000000 1.513901
18495 18496 300.000000 0.957200
18495 18497 300.000000 0.957200
18496 18497 300.000000 1.513901
18498 18499 300.000000 0.957200
18498 18500 300.000000 0.957200
18499 18500 300.000000 1.513901
18501 18502 300.000000 0.957200
18501 18503 300.000000 0.957200
18502 18503 300.000000 1.513901
18504 18505 300.000000 0.957200
18504 18506 300.000000 0.957200
18505 18506 300.000000 1.513901
18507 18508 300.000000 0.957200
18507 18509 300.000000 0.957200
18508 18509 300.000000 1.513901
18510 18511 300.000000 0.957200
18510 18512 300.000000 0.957200
18511 18512 300.000000 1.513901
18513 18514 300.000000 0.957200
18513 18515 300.000000 0.957200
18514 18515 300.000000 1.513901
18516 18517 300.000000 0.957200
18516 18518 300.000000 0.957200
18517 18518 300.000000 1.513901
18519 18520 300.000000 0.957200
18519 18521 300.000000 0.957200
18520 18521 300.000000 1.513901
18522 18523 300.000000 0.957200
18522 18524 300.000000 0.957200
18523 18524 300.000000 1.513901
18525 18526 300.000000 0.957200
18525 18527 300.000000 0.957200
18526 18527 300.000000 1.513901
18528 18529 300.000000 0.957200
18528 18530 300.000000 0.957200
18529 18530 300.000000 1.513901
18531 18532 300.000000 0.957200
18531 18533 300.000000 0.957200
18532 18533 300.000000 1.513901
18534 18535 300.000000 0.957200
18534 18536 300.000000 0.957200
18535 18536 300.000000 1.513901
18537 18538 300.000000 0.957200
18537 18539 300.000000 0.957200
18538 18539 300.000000 1.513901
18540 18541 300.000000 0.957200
18540 18542 300.000000 0.957200
18541 18542 300.000000 1.513901
18543 18544 300.000000 0.957200
18543 18545 300.000000 0.957200
18544 18545 300.000000 1.513901
18546 18547 300.000000 0.957200
18546 18548 300.000000 0.957200
18547 18548 300.000000 1.513901
18549 18550 300.000000 0.957200
18549 18551 300.000000 0.957200
18550 18551 300.000000 1.513901
18552 18553 300.000000 0.957200
18552 18554 300.000000 0.957200
18553 18554 300.000000 1.513901
18555 18556 300.000000 0.957200
18555 18557 300.000000 0.957200
18556 18557 300.000000 1.513901
18558 18559 300.000000 0.957200
18558 18560 300.000000 0.957200
18559 18560 300.000000 1.513901
18561 18562 300.000000 0.957200
18561 18563 300.000000 0.957200
18562 18563 300.000000 1.513901
18564 18565 300.000000 0.957200
18564 18566 300.000000 0.957200
18565 18566 300.000000 1.513901
18567 18568 300.000000 0.957200
18567 18569 300.000000 0.957200
18568 18569 300.000000 1.513901
18570 18571 300.000000 0.957200
18570 18572 300.000000 0.957200
18571 18572 300.000000 1.513901
18573 18574 300.000000 0.957200
18573 18575 300.000000 0.957200
18574 18575 300.000000 1.513901
18576 18577 300.000000 0.957200
18576 18578 300.000000 0.957200
18577 18578 300.000000 1.513901
18579 18580 300.000000 0.957200
18579 18581 300.000000 0.957200
18580 18581 300.000000 1.513901
18582 18583 300.000000 0.957200
18582 18584 300.000000 0.957200
18583 18584 300.000000 1.513901
18585 18586 300.000000 0.957200
18585 18587 300.000000 0.957200
18586 18587 300.000000 1.513901
18588 18589 300.000000 0.957200
18588 18590 300.000000 0.957200
18589 18590 300.000000 1.513901
18591 18592 300.000000 0.957200
18591 18593 300.000000 0.957200
18592 18593 300.000000 1.513901
18594 18595 300.000000 0.957200
18594 18596 300.000000 0.957200
18595 18596 300.000000 1.513901
18597 18598 300.000000 0.957200
18597 18599 300.000000 0.957200
18598 18599 300.000000 1.513901
18600 18601 300.000000 0.957200
18600 18602 300.000000 0.957200
18601 18602 300.000000 1.513901
18603 18604 300.000000 0.957200
18603 18605 300.000000 0.957200
18604 18605 300.000000 1.513901
18606 18607 300.000000 0.957200
18606 18608 300.000000 0.957200
18607 18608 300.000000 1.513901
18609 18610 300.000000 0.957200
18609 18611 300.000000 0.957200
18610 18611 300.000000 1.513901
18612 18613 300.000000 0.957200
18612 18614 300.000000 0.957200
18613 18614 300.000000 1.513901
18615 18616 300.000000 0.957200
18615 18617 300.000000 0.957200
18616 18617 300.000000 1.513901
18618 18619 300.000000 0.957200
18618 18620 300.000000 0.957200
18619 18620 300.000000 1.513901
18621 18622 300.000000 0.957200
18621 18623 300.000000 0.957200
18622 18623 300.000000 1.513901
18624 18625 300.000000 0.957200
18624 18626 300.000000 0.957200
18625 18626 300.000000 1.513901
18627 18628 300.000000 0.957200
18627 18629 300.000000 0.957200
18628 18629 300.000000 1.513901
18630 18631 300.000000 0.957200
18630 18632 300.000000 0.957200
18631 18632 300.000000 1.513901
18633 18634 300.000000 0.957200
18633 18635 300.000000 0.957200
18634 18635 300.000000 1.513901
18636 18637 300.000000 0.957200
18636 18638 300.000000 0.957200
18637 18638 300.000000 1.513901
18639 18640 300.000000 0.957200
18639 18641 300.000000 0.957200
18640 18641 300.000000 1.513901
18642 18643 300.000000 0.957200
18642 18644 300.000000 0.957200
18643 18644 300.000000 1.513901
18645 18646 300.000000 0.957200
18645 18647 300.000000 0.957200
18646 18647 300.000000 1.513901
18648 18649 300.000000 0.957200
18648 18650 300.000000 0.957200
18649 18650 300.000000 1.513901
18651 18652 300.000000 0.957200
18651 18653 300.000000 0.957200
18652 18653 300.000000 1.513901
18654 18655 300.000000 0.957200
18654 18656 300.000000 0.957200
18655 18656 300.000000 1.513901
18657 18658 300.000000 0.957200
18657 18659 300.000000 0.957200
18658 18659 300.000000 1.513901
18660 18661 300.000000 0.957200
18660 18662 300.000000 0.957200
18661 18662 300.000000 1.513901
18663 18664 300.000000 0.957200
18663 18665 300.000000 0.957200
18664 18665 300.000000 1.513901
18666 18667 300.000000 0.957200
18666 18668 300.000000 0.957200
18667 18668 300.000000 1.513901
18669 18670 300.000000 0.957200
18669 18671 300.000000 0.957200
18670 18671 300.000000 1.513901
18672 18673 300.000000 0.957200
18672 18674 300.000000 0.957200
18673 18674 300.000000 1.513901
18675 18676 300.000000 0.957200
18675 18677 300.000000 0.957200
18676 18677 300.000000 1.513901
18678 18679 300.000000 0.957200
18678 18680 300.000000 0.957200
18679 18680 300.000000 1.513901
18681 18682 300.000000 0.957200
18681 18683 300.000000 0.957200
18682 18683 300.000000 1.513901
18684 18685 300.000000 0.957200
18684 18686 300.000000 0.957200
18685 18686 300.000000 1.513901
18687 18688 300.000000 0.957200
18687 18689 300.000000 0.957200
18688 18689 300.000000 1.513901
18690 18691 300.000000 0.957200
18690 18692 300.000000 0.957200
18691 18692 300.000000 1.513901
18693 18694 300.000000 0.957200
18693 18695 300.000000 0.957200
18694 18695 300.000000 1.513901
18696 18697 300.000000 0.957200
18696 18698 300.000000 0.957200
18697 18698 300.000000 1.513901
18699 18700 300.000000 0.957200
18699 18701 300.000000 0.957200
18700 18701 300.000000 1.513901
18702 18703 300.000000 0.957200
18702 18704 300.000000 0.957200
18703 18704 300.000000 1.513901
18705 18706 300.000000 0.957200
18705 18707 300.000000 0.957200
18706 18707 300.000000 1.513901
18708 18709 300.000000 0.957200
18708 18710 300.000000 0.957200
18709 18710 300.000000 1.513901
18711 18712 300.000000 0.957200
18711 18713 300.000000 0.957200
18712 18713 300.000000 1.513901
18714 18715 300.000000 0.957200
18714 18716 300.000000 0.957200
18715 18716 300.000000 1.513901
18717 18718 300.000000 0.957200
18717 18719 300.000000 0.957200
18718 18719 300.000000 1.513901
18720 18721 300.000000 0.957200
18720 18722 300.000000 0.957200
18721 18722 300.000000 1.513901
18723 18724 300.000000 0.957200
18723 18725 300.000000 0.957200
18724 18725 300.000000 1.513901
18726 18727 300.000000 0.957200
18726 18728 300.000000 0.957200
18727 18728 300.000000 1.513901
18729 18730 300.000000 0.957200
18729 18731 300.000000 0.957200
18730 18731 300.000000 1.513901
18732 18733 300.000000 0.957200
18732 18734 300.000000 0.957200
18733 18734 300.000000 1.513901
18735 18736 300.000000 0.957200
18735 18737 300.000000 0.957200
18736 18737 300.000000 1.513901
18738 18739 300.000000 0.957200
18738 18740 300.000000 0.957200
18739 18740 300.000000 1.513901
18741 18742 300.000000 0.957200
18741 18743 300.000000 0.957200
18742 18743 300.000000 1.513901
18744 18745 300.000000 0.957200
18744 18746 300.000000 0.957200
18745 18746 300.000000 1.513901
18747 18748 300.000000 0.957200
18747 18749 300.000000 0.957200
18748 18749 300.000000 1.513901
18750 18751 300.000000 0.957200
18750 18752 300.000000 0.957200
18751 18752 300.000000 1.513901
18753 18754 300.000000 0.957200
18753 18755 300.000000 0.957200
18754 18755 300.000000 1.513901
18756 18757 300.000000 0.957200
18756 18758 300.000000 0.957200
18757 18758 300.000000 1.513901
18759 18760 300.000000 0.957200
18759 18761 300.000000 0.957200
18760 18761 300.000000 1.513901
18762 18763 300.000000 0.957200
18762 18764 300.000000 0.957200
18763 18764 300.000000 1.513901
18765 18766 300.000000 0.957200
18765 18767 300.000000 0.957200
18766 18767 300.000000 1.513901
18768 18769 300.000000 0.957200
18768 18770 300.000000 0.957200
18769 18770 300.000000 1.513901
18771 18772 300.000000 0.957200
18771 18773 300.000000 0.957200
18772 18773 300.000000 1.513901
18774 18775 300.000000 0.957200
18774 18776 300.000000 0.957200
18775 18776 300.000000 1.513901
18777 18778 300.000000 0.957200
18777 18779 300.000000 0.957200
18778 18779 300.000000 1.513901
18780 18781 300.000000 0.957200
18780 18782 300.000000 0.957200
18781 18782 300.000000 1.513901
18783 18784 300.000000 0.957200
18783 18785 300.000000 0.957200
18784 18785 300.000000 1.513901
18786 18787 300.000000 0.957200
18786 18788 300.000000 0.957200
18787 18788 300.000000 1.513901
18789 18790 300.000000 0.957200
18789 18791 300.000000 0.957200
18790 18791 300.000000 1.513901
18792 18793 300.000000 0.957200
18792 18794 300.000000 0.957200
18793 18794 300.000000 1.513901
18795 18796 300.000000 0.957200
18795 18797 300.000000 0.957200
18796 18797 300.000000 1.513901
18798 18799 300.000000 0.957200
18798 18800 300.000000 0.957200
18799 18800 300.000000 1.513901
18801 18802 300.000000 0.957200
18801 18803 300.000000 0.957200
18802 18803 300.000000 1.513901
18804 18805 300.000000 0.957200
18804 18806 300.000000 0.957200
18805 18806 300.000000 1.513901
18807 18808 300.000000 0.957200
18807 18809 300.000000 0.957200
18808 18809 300.000000 1.513901
18810 18811 300.000000 0.957200
18810 18812 300.000000 0.957200
18811 18812 300.000000 1.513901
18813 18814 300.000000 0.957200
18813 18815 300.000000 0.957200
18814 18815 300.000000 1.513901
18816 18817 300.000000 0.957200
18816 18818 300.000000 0.957200
18817 18818 300.000000 1.513901
18819 18820 300.000000 0.957200
18819 18821 300.000000 0.957200
18820 18821 300.000000 1.513901
18822 18823 300.000000 0.957200
18822 18824 300.000000 0.957200
18823 18824 300.000000 1.513901
18825 18826 300.000000 0.957200
18825 18827 300.000000 0.957200
18826 18827 300.000000 1.513901
18828 18829 300.000000 0.957200
18828 18830 300.000000 0.957200
18829 18830 300.000000 1.513901
18831 18832 300.000000 0.957200
18831 18833 300.000000 0.957200
18832 18833 300.000000 1.513901
18834 18835 300.000000 0.957200
18834 18836 300.000000 0.957200
18835 18836 300.000000 1.513901
18837 18838 300.000000 0.957200
18837 18839 300.000000 0.957200
18838 18839 300.000000 1.513901
18840 18841 300.000000 0.957200
18840 18842 300.000000 0.957200
18841 18842 300.000000 1.513901
18843 18844 300.000000 0.957200
18843 18845 300.000000 0.957200
18844 18845 300.000000 1.513901
18846 18847 300.000000 0.957200
18846 18848 300.000000 0.957200
18847 18848 300.000000 1.513901
18849 18850 300.000000 0.957200
18849 18851 300.000000 0.957200
18850 18851 300.000000 1.513901
18852 18853 300.000000 0.957200
18852 18854 300.000000 0.957200
18853 18854 300.000000 1.513901
18855 18856 300.000000 0.957200
18855 18857 300.000000 0.957200
18856 18857 300.000000 1.513901
18858 18859 300.000000 0.957200
18858 18860 300.000000 0.957200
18859 18860 300.000000 1.513901
18861 18862 300.000000 0.957200
18861 18863 300.000000 0.957200
18862 18863 300.000000 1.513901
18864 18865 300.000000 0.957200
18864 18866 300.000000 0.957200
18865 18866 300.000000 1.513901
18867 18868 300.000000 0.957200
18867 18869 300.000000 0.957200
18868 18869 300.000000 1.513901
18870 18871 300.000000 0.957200
18870 18872 300.000000 0.957200
18871 18872 300.000000 1.513901
18873 18874 300.000000 0.957200
18873 18875 300.000000 0.957200
18874 18875 300.000000 1.513901
18876 18877 300.000000 0.957200
18876 18878 300.000000 0.957200
18877 18878 300.000000 1.513901
18879 18880 300.000000 0.957200
18879 18881 300.000000 0.957200
18880 18881 300.000000 1.513901
18882 18883 300.000000 0.957200
18882 18884 300.000000 0.957200
18883 18884 300.000000 1.513901
18885 18886 300.000000 0.957200
18885 18887 300.000000 0.957200
18886 18887 300.000000 1.513901
18888 18889 300.000000 0.957200
18888 18890 300.000000 0.957200
18889 18890 300.000000 1.513901
18891 18892 300.000000 0.957200
18891 18893 300.000000 0.957200
18892 18893 300.000000 1.513901
18894 18895 300.000000 0.957200
18894 18896 300.000000 0.957200
18895 18896 300.000000 1.513901
18897 18898 300.000000 0.957200
18897 18899 300.000000 0.957200
18898 18899 300.000000 1.513901
18900 18901 300.000000 0.957200
18900 18902 300.000000 0.957200
18901 18902 300.000000 1.513901
18903 18904 300.000000 0.957200
18903 18905 300.000000 0.957200
18904 18905 300.000000 1.513901
18906 18907 300.000000 0.957200
18906 18908 300.000000 0.957200
18907 18908 300.000000 1.513901
18909 18910 300.000000 0.957200
18909 18911 300.000000 0.957200
18910 18911 300.000000 1.513901
18912 18913 300.000000 0.957200
18912 18914 300.000000 0.957200
18913 18914 300.000000 1.513901
18915 18916 300.000000 0.957200
18915 18917 300.000000 0.957200
18916 18917 300.000000 1.513901
18918 18919 300.000000 0.957200
18918 18920 300.000000 0.957200
18919 18920 300.000000 1.513901
18921 18922 300.000000 0.957200
18921 18923 300.000000 0.957200
18922 18923 300.000000 1.513901
18924 18925 300.000000 0.957200
18924 18926 300.000000 0.957200
18925 18926 300.000000 1.513901
18927 18928 300.000000 0.957200
18927 18929 300.000000 0.957200
18928 18929 300.000000 1.513901
18930 18931 300.000000 0.957200
18930 18932 300.000000 0.957200
18931 18932 300.000000 1.513901
18933 18934 300.000000 0.957200
18933 18935 300.000000 0.957200
18934 18935 300.000000 1.513901
18936 18937 300.000000 0.957200
18936 18938 300.000000 0.957200
18937 18938 300.000000 1.513901
18939 18940 300.000000 0.957200
18939 18941 300.000000 0.957200
18940 18941 300.000000 1.513901
18942 18943 300.000000 0.957200
18942 18944 300.000000 0.957200
18943 18944 300.000000 1.513901
18945 18946 300.000000 0.957200
18945 18947 300.000000 0.957200
18946 18947 300.000000 1.513901
18948 18949 300.000000 0.957200
18948 18950 300.000000 0.957200
18949 18950 300.000000 1.513901
18951 18952 300.000000 0.957200
18951 18953 300.000000 0.957200
18952 18953 300.000000 1.513901
18954 18955 300.000000 0.957200
18954 18956 300.000000 0.957200
18955 18956 300.000000 1.513901
18957 18958 300.000000 0.957200
18957 18959 300.000000 0.957200
18958 18959 300.000000 1.513901
18960 18961 300.000000 0.957200
18960 18962 300.000000 0.957200
18961 18962 300.000000 1.513901
18963 18964 300.000000 0.957200
18963 18965 300.000000 0.957200
18964 18965 300.000000 1.513901
18966 18967 300.000000 0.957200
18966 18968 300.000000 0.957200
18967 18968 300.000000 1.513901
18969 18970 300.000000 0.957200
18969 18971 300.000000 0.957200
18970 18971 300.000000 1.513901
18972 18973 300.000000 0.957200
18972 18974 300.000000 0.957200
18973 18974 300.000000 1.513901
18975 18976 300.000000 0.957200
18975 18977 300.000000 0.957200
18976 18977 300.000000 1.513901
18978 18979 300.000000 0.957200
18978 18980 300.000000 0.957200
18979 18980 300.000000 1.513901
18981 18982 300.000000 0.957200
18981 18983 300.000000 0.957200
18982 18983 300.000000 1.513901
18984 18985 300.000000 0.957200
18984 18986 300.000000 0.957200
18985 18986 300.000000 1.513901
18987 18988 300.000000 0.957200
18987 18989 300.000000 0.957200
18988 18989 300.000000 1.513901
18990 18991 300.000000 0.957200
18990 18992 300.000000 0.957200
18991 18992 300.000000 1.513901
18993 18994 300.000000 0.957200
18993 18995 300.000000 0.957200
18994 18995 300.000000 1.513901
18996 18997 300.000000 0.957200
18996 18998 300.000000 0.957200
18997 18998 300.000000 1.513901
18999 19000 300.000000 0.957200
18999 19001 300.000000 0.957200
19000 19001 300.000000 1.513901
19002 19003 300.000000 0.957200
19002 19004 300.000000 0.957200
19003 19004 300.000000 1.513901
19005 19006 300.000000 0.957200
19005 19007 300.000000 0.957200
19006 19007 300.000000 1.513901
19008 19009 300.000000 0.957200
19008 19010 300.000000 0.957200
19009 19010 300.000000 1.513901
19011 19012 300.000000 0.957200
19011 19013 300.000000 0.957200
19012 19013 300.000000 1.513901
19014 19015 300.000000 0.957200
19014 19016 300.000000 0.957200
19015 19016 300.000000 1.513901
19017 19018 300.000000 0.957200
19017 19019 300.000000 0.957200
19018 19019 300.000000 1.513901
19020 19021 300.000000 0.957200
19020 19022 300.000000 0.957200
19021 19022 300.000000 1.513901
19023 19024 300.000000 0.957200
19023 19025 300.000000 0.957200
19024 19025 300.000000 1.513901
19026 19027 300.000000 0.957200
19026 19028 300.000000 0.957200
19027 19028 300.000000 1.513901
19029 19030 300.000000 0.957200
19029 19031 300.000000 0.957200
19030 19031 300.000000 1.513901
19032 19033 300.000000 0.957200
19032 19034 300.000000 0.957200
19033 19034 300.000000 1.513901
19035 19036 300.000000 0.957200
19035 19037 300.000000 0.957200
19036 19037 300.000000 1.513901
19038 19039 300.000000 0.957200
19038 19040 300.000000 0.957200
19039 19040 300.000000 1.513901
19041 19042 300.000000 0.957200
19041 19043 300.000000 0.957200
19042 19043 300.000000 1.513901
19044 19045 300.000000 0.957200
19044 19046 300.000000 0.957200
19045 19046 300.000000 1.513901
19047 19048 300.000000 0.957200
19047 19049 300.000000 0.957200
19048 19049 300.000000 1.513901
19050 19051 300.000000 0.957200
19050 19052 300.000000 0.957200
19051 19052 300.000000 1.513901
19053 19054 300.000000 0.957200
19053 19055 300.000000 0.957200
19054 19055 300.000000 1.513901
19056 19057 300.000000 0.957200
19056 19058 300.000000 0.957200
19057 19058 300.000000 1.513901
19059 19060 300.000000 0.957200
19059 19061 300.000000 0.957200
19060 19061 300.000000 1.513901
19062 19063 300.000000 0.957200
19062 19064 300.000000 0.957200
19063 19064 300.000000 1.513901
19065 19066 300.000000 0.957200
19065 19067 300.000000 0.957200
19066 19067 300.000000 1.513901
19068 19069 300.000000 0.957200
19068 19070 300.000000 0.957200
19069 19070 300.000000 1.513901
19071 19072 300.000000 0.957200
19071 19073 300.000000 0.957200
19072 19073 300.000000 1.513901
19074 19075 300.000000 0.957200
19074 19076 300.000000 0.957200
19075 19076 300.000000 1.513901
19077 19078 300.000000 0.957200
19077 19079 300.000000 0.957200
19078 19079 300.000000 1.513901
19080 19081 300.000000 0.957200
19080 19082 300.000000 0.957200
19081 19082 300.000000 1.513901
19083 19084 300.000000 0.957200
19083 19085 300.000000 0.957200
19084 19085 300.000000 1.513901
19086 19087 300.000000 0.957200
19086 19088 300.000000 0.957200
19087 19088 300.000000 1.513901
19089 19090 300.000000 0.957200
19089 19091 300.000000 0.957200
19090 19091 300.000000 1.513901
19092 19093 300.000000 0.957200
19092 19094 300.000000 0.957200
19093 19094 300.000000 1.513901
19095 19096 300.000000 0.957200
19095 19097 300.000000 0.957200
19096 19097 300.000000 1.513901
19098 19099 300.000000 0.957200
19098 19100 300.000000 0.957200
19099 19100 300.000000 1.513901
19101 19102 300.000000 0.957200
19101 19103 300.000000 0.957200
19102 19103 300.000000 1.513901
19104 19105 300.000000 0.957200
19104 19106 300.000000 0.957200
19105 19106 300.000000 1.513901
19107 19108 300.000000 0.957200
19107 19109 300.000000 0.957200
19108 19109 300.000000 1.513901
19110 19111 300.000000 0.957200
19110 19112 300.000000 0.957200
19111 19112 300.000000 1.513901
19113 19114 300.000000 0.957200
19113 19115 300.000000 0.957200
19114 19115 300.000000 1.513901
19116 19117 300.000000 0.957200
19116 19118 300.000000 0.957200
19117 19118 300.000000 1.513901
19119 19120 300.000000 0.957200
19119 19121 300.000000 0.957200
19120 19121 300.000000 1.513901
19122 19123 300.000000 0.957200
19122 19124 300.000000 0.957200
19123 19124 300.000000 1.513901
19125 19126 300.000000 0.957200
19125 19127 300.000000 0.957200
19126 19127 300.000000 1.513901
19128 19129 300.000000 0.957200
19128 19130 300.000000 0.957200
19129 19130 300.000000 1.513901
19131 19132 300.000000 0.957200
19131 19133 300.000000 0.957200
19132 19133 300.000000 1.513901
19134 19135 300.000000 0.957200
19134 19136 300.000000 0.957200
19135 19136 300.000000 1.513901
19137 19138 300.000000 0.957200
19137 19139 300.000000 0.957200
19138 19139 300.000000 1.513901
19140 19141 300.000000 0.957200
19140 19142 300.000000 0.957200
19141 19142 300.000000 1.513901
19143 19144 300.000000 0.957200
19143 19145 300.000000 0.957200
19144 19145 300.000000 1.513901
19146 19147 300.000000 0.957200
19146 19148 300.000000 0.957200
19147 19148 300.000000 1.513901
19149 19150 300.000000 0.957200
19149 19151 300.000000 0.957200
19150 19151 300.000000 1.513901
19152 19153 300.000000 0.957200
19152 19154 300.000000 0.957200
19153 19154 300.000000 1.513901
19155 19156 300.000000 0.957200
19155 19157 300.000000 0.957200
19156 19157 300.000000 1.513901
19158 19159 300.000000 0.957200
19158 19160 300.000000 0.957200
19159 19160 300.000000 1.513901
19161 19162 300.000000 0.957200
19161 19163 300.000000 0.957200
19162 19163 300.000000 1.513901
19164 19165 300.000000 0.957200
19164 19166 300.000000 0.957200
19165 19166 300.000000 1.513901
19167 19168 300.000000 0.957200
19167 19169 300.000000 0.957200
19168 19169 300.000000 1.513901
19170 19171 300.000000 0.957200
19170 19172 300.000000 0.957200
19171 19172 300.000000 1.513901
19173 19174 300.000000 0.957200
19173 19175 300.000000 0.957200
19174 19175 300.000000 1.513901
19176 19177 300.000000 0.957200
19176 19178 300.000000 0.957200
19177 19178 300.000000 1.513901
19179 19180 300.000000 0.957200
19179 19181 300.000000 0.957200
19180 19181 300.000000 1.513901
19182 19183 300.000000 0.957200
19182 19184 300.000000 0.957200
19183 19184 300.000000 1.513901
19185 19186 300.000000 0.957200
19185 19187 300.000000 0.957200
19186 19187 300.000000 1.513901
19188 19189 300.000000 0.957200
19188 19190 300.000000 0.957200
19189 19190 300.000000 1.513901
19191 19192 300.000000 0.957200
19191 19193 300.000000 0.957200
19192 19193 300.000000 1.513901
19194 19195 300.000000 0.957200
19194 19196 300.000000 0.957200
19195 19196 300.000000 1.513901
19197 19198 300.000000 0.957200
19197 19199 300.000000 0.957200
19198 19199 300.000000 1.513901
19200 19201 300.000000 0.957200
19200 19202 300.000000 0.957200
19201 19202 300.000000 1.513901
19203 19204 300.000000 0.957200
19203 19205 300.000000 0.957200
19204 19205 300.000000 1.513901
19206 19207 300.000000 0.957200
19206 19208 300.000000 0.957200
19207 19208 300.000000 1.513901
19209 19210 300.000000 0.957200
19209 19211 300.000000 0.957200
19210 19211 300.000000 1.513901
19212 19213 300.000000 0.957200
19212 19214 300.000000 0.957200
19213 19214 300.000000 1.513901
19215 19216 300.000000 0.957200
19215 19217 300.000000 0.957200
19216 19217 300.000000 1.513901
19218 19219 300.000000 0.957200
19218 19220 300.000000 0.957200
19219 19220 300.000000 1.513901
19221 19222 300.000000 0.957200
19221 19223 300.000000 0.957200
19222 19223 300.000000 1.513901
19224 19225 300.000000 0.957200
19224 19226 300.000000 0.957200
19225 19226 300.000000 1.513901
19227 19228 300.000000 0.957200
19227 19229 300.000000 0.957200
19228 19229 300.000000 1.513901
19230 19231 300.000000 0.957200
19230 19232 300.000000 0.957200
19231 19232 300.000000 1.513901
19233 19234 300.000000 0.957200
19233 19235 300.000000 0.957200
19234 19235 300.000000 1.513901
19236 19237 300.000000 0.957200
19236 19238 300.000000 0.957200
19237 19238 300.000000 1.513901
19239 19240 300.000000 0.957200
19239 19241 300.000000 0.957200
19240 19241 300.000000 1.513901
19242 19243 300.000000 0.957200
19242 19244 300.000000 0.957200
19243 19244 300.000000 1.513901
19245 19246 300.000000 0.957200
19245 19247 300.000000 0.957200
19246 19247 300.000000 1.513901
19248 19249 300.000000 0.957200
19248 19250 300.000000 0.957200
19249 19250 300.000000 1.513901
19251 19252 300.000000 0.957200
19251 19253 300.000000 0.957200
19252 19253 300.000000 1.513901
19254 19255 300.000000 0.957200
19254 19256 300.000000 0.957200
19255 19256 300.000000 1.513901
19257 19258 300.000000 0.957200
19257 19259 300.000000 0.957200
19258 19259 300.000000 1.513901
19260 19261 300.000000 0.957200
19260 19262 300.000000 0.957200
19261 19262 300.000000 1.513901
19263 19264 300.000000 0.957200
19263 19265 300.000000 0.957200
19264 19265 300.000000 1.513901
19266 19267 300.000000 0.957200
19266 19268 300.000000 0.957200
19267 19268 300.000000 1.513901
19269 19270 300.000000 0.957200
19269 19271 300.000000 0.957200
19270 19271 300.000000 1.513901
19272 19273 300.000000 0.957200
19272 19274 300.000000 0.957200
19273 19274 300.000000 1.513901
19275 19276 300.000000 0.957200
19275 19277 300.000000 0.957200
19276 19277 300.000000 1.513901
19278 19279 300.000000 0.957200
19278 19280 300.000000 0.957200
19279 19280 300.000000 1.513901
19281 19282 300.000000 0.957200
19281 19283 300.000000 0.957200
19282 19283 300.000000 1.513901
19284 19285 300.000000 0.957200
19284 19286 300.000000 0.957200
19285 19286 300.000000 1.513901
19287 19288 300.000000 0.957200
19287 19289 300.000000 0.957200
19288 19289 300.000000 1.513901
19290 19291 300.000000 0.957200
19290 19292 300.000000 0.957200
19291 19292 300.000000 1.513901
19293 19294 300.000000 0.957200
19293 19295 300.000000 0.957200
19294 19295 300.000000 1.513901
19296 19297 300.000000 0.957200
19296 19298 300.000000 0.957200
19297 19298 300.000000 1.513901
19299 19300 300.000000 0.957200
19299 19301 300.000000 0.957200
19300 19301 300.000000 1.513901
19302 19303 300.000000 0.957200
19302 19304 300.000000 0.957200
19303 19304 300.000000 1.513901
19305 19306 300.000000 0.957200
19305 19307 300.000000 0.957200
19306 19307 300.000000 1.513901
19308 19309 300.000000 0.957200
19308 19310 300.000000 0.957200
19309 19310 300.000000 1.513901
19311 19312 300.000000 0.957200
19311 19313 300.000000 0.957200
19312 19313 300.000000 1.513901
19314 19315 300.000000 0.957200
19314 19316 300.000000 0.957200
19315 19316 300.000000 1.513901
19317 19318 300.000000 0.957200
19317 19319 300.000000 0.957200
19318 19319 300.000000 1.513901
19320 19321 300.000000 0.957200
19320 19322 300.000000 0.957200
19321 19322 300.000000 1.513901
19323 19324 300.000000 0.957200
19323 19325 300.000000 0.957200
19324 19325 300.000000 1.513901
19326 19327 300.000000 0.957200
19326 19328 300.000000 0.957200
19327 19328 300.000000 1.513901
19329 19330 300.000000 0.957200
19329 19331 300.000000 0.957200
19330 19331 300.000000 1.513901
19332 19333 300.000000 0.957200
19332 19334 300.000000 0.957200
19333 19334 300.000000 1.513901
19335 19336 300.000000 0.957200
19335 19337 300.000000 0.957200
19336 19337 300.000000 1.513901
19338 19339 300.000000 0.957200
19338 19340 300.000000 0.957200
19339 19340 300.000000 1.513901
19341 19342 300.000000 0.957200
19341 19343 300.000000 0.957200
19342 19343 300.000000 1.513901
19344 19345 300.000000 0.957200
19344 19346 300.000000 0.957200
19345 19346 300.000000 1.513901
19347 19348 300.000000 0.957200
19347 19349 300.000000 0.957200
19348 19349 300.000000 1.513901
19350 19351 300.000000 0.957200
19350 19352 300.000000 0.957200
19351 19352 300.000000 1.513901
19353 19354 300.000000 0.957200
19353 19355 300.000000 0.957200
19354 19355 300.000000 1.513901
19356 19357 300.000000 0.957200
19356 19358 300.000000 0.957200
19357 19358 300.000000 1.513901
19359 19360 300.000000 0.957200
19359 19361 300.000000 0.957200
19360 19361 300.000000 1.513901
19362 19363 300.000000 0.957200
19362 19364 300.000000 0.957200
19363 19364 300.000000 1.513901
19365 19366 300.000000 0.957200
19365 19367 300.000000 0.957200
19366 19367 300.000000 1.513901
19368 19369 300.000000 0.957200
19368 19370 300.000000 0.957200
19369 19370 300.000000 1.513901
19371 19372 300.000000 0.957200
19371 19373 300.000000 0.957200
19372 19373 300.000000 1.513901
19374 19375 300.000000 0.957200
19374 19376 300.000000 0.957200
19375 19376 300.000000 1.513901
19377 19378 300.000000 0.957200
19377 19379 300.000000 0.957200
19378 19379 300.000000 1.513901
19380 19381 300.000000 0.957200
19380 19382 300.000000 0.957200
19381 19382 300.000000 1.513901
19383 19384 300.000000 0.957200
19383 19385 300.000000 0.957200
19384 19385 300.000000 1.513901
19386 19387 300.000000 0.957200
19386 19388 300.000000 0.957200
19387 19388 300.000000 1.513901
19389 19390 300.000000 0.957200
19389 19391 300.000000 0.957200
19390 19391 300.000000 1.513901
19392 19393 300.000000 0.957200
19392 19394 300.000000 0.957200
19393 19394 300.000000 1.513901
19395 19396 300.000000 0.957200
19395 19397 300.000000 0.957200
19396 19397 300.000000 1.513901
19398 19399 300.000000 0.957200
19398 19400 300.000000 0.957200
19399 19400 300.000000 1.513901
19401 19402 300.000000 0.957200
19401 19403 300.000000 0.957200
19402 19403 300.000000 1.513901
19404 19405 300.000000 0.957200
19404 19406 300.000000 0.957200
19405 19406 300.000000 1.513901
19407 19408 300.000000 0.957200
19407 19409 300.000000 0.957200
19408 19409 300.000000 1.513901
19410 19411 300.000000 0.957200
19410 19412 300.000000 0.957200
19411 19412 300.000000 1.513901
19413 19414 300.000000 0.957200
19413 19415 300.000000 0.957200
19414 19415 300.000000 1.513901
19416 19417 300.000000 0.957200
19416 19418 300.000000 0.957200
19417 19418 300.000000 1.513901
19419 19420 300.000000 0.957200
19419 19421 300.000000 0.957200
19420 19421 300.000000 1.513901
19422 19423 300.000000 0.957200
19422 19424 300.000000 0.957200
19423 19424 300.000000 1.513901
19425 19426 300.000000 0.957200
19425 19427 300.000000 0.957200
19426 19427 300.000000 1.513901
19428 19429 300.000000 0.957200
19428 19430 300.000000 0.957200
19429 19430 300.000000 1.513901
19431 19432 300.000000 0.957200
19431 19433 300.000000 0.957200
19432 19433 300.000000 1.513901
19434 19435 300.000000 0.957200
19434 19436 300.000000 0.957200
19435 19436 300.000000 1.513901
19437 19438 300.000000 0.957200
19437 19439 300.000000 0.957200
19438 19439 300.000000 1.513901
19440 19441 300.000000 0.957200
19440 19442 300.000000 0.957200
19441 19442 300.000000 1.513901
19443 19444 300.000000 0.957200
19443 19445 300.000000 0.957200
19444 19445 300.000000 1.513901
19446 19447 300.000000 0.957200
19446 19448 300.000000 0.957200
19447 19448 300.000000 1.513901
19449 19450 300.000000 0.957200
19449 19451 300.000000 0.957200
19450 19451 300.000000 1.513901
19452 19453 300.000000 0.957200
19452 19454 300.000000 0.957200
19453 19454 300.000000 1.513901
19455 19456 300.000000 0.957200
19455 19457 300.000000 0.957200
19456 19457 300.000000 1.513901
19458 19459 300.000000 0.957200
19458 19460 300.000000 0.957200
19459 19460 300.000000 1.513901
19461 19462 300.000000 0.957200
19461 19463 300.000000 0.957200
19462 19463 300.000000 1.513901
19464 19465 300.000000 0.957200
19464 19466 300.000000 0.957200
19465 19466 300.000000 1.513901
19467 19468 300.000000 0.957200
19467 19469 300.000000 0.957200
19468 19469 300.000000 1.513901
19470 19471 300.000000 0.957200
19470 19472 300.000000 0.957200
19471 19472 300.000000 1.513901
19473 19474 300.000000 0.957200
19473 19475 300.000000 0.957200
19474 19475 300.000000 1.513901
19476 19477 300.000000 0.957200
19476 19478 300.000000 0.957200
19477 19478 300.000000 1.513901
19479 19480 300.000000 0.957200
19479 19481 300.000000 0.957200
19480 19481 300.000000 1.513901
19482 19483 300.000000 0.957200
19482 19484 300.000000 0.957200
19483 19484 300.000000 1.513901
19485 19486 300.000000 0.957200
19485 19487 300.000000 0.957200
19486 19487 300.000000 1.513901
19488 19489 300.000000 0.957200
19488 19490 300.000000 0.957200
19489 19490 300.000000 1.513901
19491 19492 300.000000 0.957200
19491 19493 300.000000 0.957200
19492 19493 300.000000 1.513901
19494 19495 300.000000 0.957200
19494 19496 300.000000 0.957200
19495 19496 300.000000 1.513901
19497 19498 300.000000 0.957200
19497 19499 300.000000 0.957200
19498 19499 300.000000 1.513901
19500 19501 300.000000 0.957200
19500 19502 300.000000 0.957200
19501 19502 300.000000 1.513901
19503 19504 300.000000 0.957200
19503 19505 300.000000 0.957200
19504 19505 300.000000 1.513901
19506 19507 300.000000 0.957200
19506 19508 300.000000 0.957200
19507 19508 300.000000 1.513901
19509 19510 300.000000 0.957200
19509 19511 300.000000 0.957200
19510 19511 300.000000 1.513901
19512 19513 300.000000 0.957200
19512 19514 300.000000 0.957200
19513 19514 300.000000 1.513901
19515 19516 300.000000 0.957200
19515 19517 300.000000 0.957200
19516 19517 300.000000 1.513901
19518 19519 300.000000 0.957200
19518 19520 300.000000 0.957200
19519 19520 300.000000 1.513901
19521 19522 300.000000 0.957200
19521 19523 300.000000 0.957200
19522 19523 300.000000 1.513901
19524 19525 300.000000 0.957200
19524 19526 300.000000 0.957200
19525 19526 300.000000 1.513901
19527 19528 300.000000 0.957200
19527 19529 300.000000 0.957200
19528 19529 300.000000 1.513901
19530 19531 300.000000 0.957200
19530 19532 300.000000 0.957200
19531 19532 300.000000 1.513901
19533 19534 300.000000 0.957200
19533 19535 300.000000 0.957200
19534 19535 300.000000 1.513901
19536 19537 300.000000 0.957200
19536 19538 300.000000 0.957200
19537 19538 300.000000 1.513901
19539 19540 300.000000 0.957200
19539 19541 300.000000 0.957200
19540 19541 300.000000 1.513901
19542 19543 300.000000 0.957200
19542 19544 300.000000 0.957200
19543 19544 300.000000 1.513901
19545 19546 300.000000 0.957200
19545 19547 300.000000 0.957200
19546 19547 300.000000 1.513901
19548 19549 300.000000 0.957200
19548 19550 300.000000 0.957200
19549 19550 300.000000 1.513901
19551 19552 300.000000 0.957200
19551 19553 300.000000 0.957200
19552 19553 300.000000 1.513901
19554 19555 300.000000 0.957200
19554 19556 300.000000 0.957200
19555 19556 300.000000 1.513901
19557 19558 300.000000 0.957200
19557 19559 300.000000 0.957200
19558 19559 300.000000 1.513901
19560 19561 300.000000 0.957200
19560 19562 300.000000 0.957200
19561 19562 300.000000 1.513901
19563 19564 300.000000 0.957200
19563 19565 300.000000 0.957200
19564 19565 300.000000 1.513901
19566 19567 300.000000 0.957200
19566 19568 300.000000 0.957200
19567 19568 300.000000 1.513901
19569 19570 300.000000 0.957200
19569 19571 300.000000 0.957200
19570 19571 300.000000 1.513901
19572 19573 300.000000 0.957200
19572 19574 300.000000 0.957200
19573 19574 300.000000 1.513901
19575 19576 300.000000 0.957200
19575 19577 300.000000 0.957200
19576 19577 300.000000 1.513901
19578 19579 300.000000 0.957200
19578 19580 300.000000 0.957200
19579 19580 300.000000 1.513901
19581 19582 300.000000 0.957200
19581 19583 300.000000 0.957200
19582 19583 300.000000 1.513901
19584 19585 300.000000 0.957200
19584 19586 300.000000 0.957200
19585 19586 300.000000 1.513901
19587 19588 300.000000 0.957200
19587 19589 300.000000 0.957200
19588 19589 300.000000 1.513901
19590 19591 300.000000 0.957200
19590 19592 300.000000 0.957200
19591 19592 300.000000 1.513901
19593 19594 300.000000 0.957200
19593 19595 300.000000 0.957200
19594 19595 300.000000 1.513901
19596 19597 300.000000 0.957200
19596 19598 300.000000 0.957200
19597 19598 300.000000 1.513901
19599 19600 300.000000 0.957200
19599 19601 300.000000 0.957200
19600 19601 300.000000 1.513901
19602 19603 300.000000 0.957200
19602 19604 300.000000 0.957200
19603 19604 300.000000 1.513901
19605 19606 300.000000 0.957200
19605 19607 300.000000 0.957200
19606 19607 300.000000 1.513901
19608 19609 300.000000 0.957200
19608 19610 300.000000 0.957200
19609 19610 300.000000 1.513901
19611 19612 300.000000 0.957200
19611 19613 300.000000 0.957200
19612 19613 300.000000 1.513901
19614 19615 300.000000 0.957200
19614 19616 300.000000 0.957200
19615 19616 300.000000 1.513901
19617 19618 300.000000 0.957200
19617 19619 300.000000 0.957200
19618 19619 300.000000 1.513901
19620 19621 300.000000 0.957200
19620 19622 300.000000 0.957200
19621 19622 300.000000 1.513901
19623 19624 300.000000 0.957200
19623 19625 300.000000 0.957200
19624 19625 300.000000 1.513901
19626 19627 300.000000 0.957200
19626 19628 300.000000 0.957200
19627 19628 300.000000 1.513901
19629 19630 300.000000 0.957200
19629 19631 300.000000 0.957200
19630 19631 300.000000 1.513901
19632 19633 300.000000 0.957200
19632 19634 300.000000 0.957200
19633 19634 300.000000 1.513901
19635 19636 300.000000 0.957200
19635 19637 300.000000 0.957200
19636 19637 300.000000 1.513901
19638 19639 300.000000 0.957200
19638 19640 300.000000 0.957200
19639 19640 300.000000 1.513901
19641 19642 300.000000 0.957200
19641 19643 300.000000 0.957200
19642 19643 300.000000 1.513901
19644 19645 300.000000 0.957200
19644 19646 300.000000 0.957200
19645 19646 300.000000 1.513901
19647 19648 300.000000 0.957200
19647 19649 300.000000 0.957200
19648 19649 300.000000 1.513901
19650 19651 300.000000 0.957200
19650 19652 300.000000 0.957200
19651 19652 300.000000 1.513901
19653 19654 300.000000 0.957200
19653 19655 300.000000 0.957200
19654 19655 300.000000 1.513901
19656 19657 300.000000 0.957200
19656 19658 300.000000 0.957200
19657 19658 300.000000 1.513901
19659 19660 300.000000 0.957200
19659 19661 300.000000 0.957200
19660 19661 300.000000 1.513901
19662 19663 300.000000 0.957200
19662 19664 300.000000 0.957200
19663 19664 300.000000 1.513901
19665 19666 300.000000 0.957200
19665 19667 300.000000 0.957200
19666 19667 300.000000 1.513901
19668 19669 300.000000 0.957200
19668 19670 300.000000 0.957200
19669 19670 300.000000 1.513901
19671 19672 300.000000 0.957200
19671 19673 300.000000 0.957200
19672 19673 300.000000 1.513901
19674 19675 300.000000 0.957200
19674 19676 300.000000 0.957200
19675 19676 300.000000 1.513901
19677 19678 300.000000 0.957200
19677 19679 300.000000 0.957200
19678 19679 300.000000 1.513901
19680 19681 300.000000 0.957200
19680 19682 300.000000 0.957200
19681 19682 300.000000 1.513901
19683 19684 300.000000 0.957200
19683 19685 300.000000 0.957200
19684 19685 300.000000 1.513901
19686 19687 300.000000 0.957200
19686 19688 300.000000 0.957200
19687 19688 300.000000 1.513901
19689 19690 300.000000 0.957200
19689 19691 300.000000 0.957200
19690 19691 300.000000 1.513901
19692 19693 300.000000 0.957200
19692 19694 300.000000 0.957200
19693 19694 300.000000 1.513901
19695 19696 300.000000 0.957200
19695 19697 300.000000 0.957200
19696 19697 300.000000 1.513901
19698 19699 300.000000 0.957200
19698 19700 300.000000 0.957200
19699 19700 300.000000 1.513901
19701 19702 300.000000 0.957200
19701 19703 300.000000 0.957200
19702 19703 300.000000 1.513901
19704 19705 300.000000 0.957200
19704 19706 300.000000 0.957200
19705 19706 300.000000 1.513901
19707 19708 300.000000 0.957200
19707 19709 300.000000 0.957200
19708 19709 300.000000 1.513901
19710 19711 300.000000 0.957200
19710 19712 300.000000 0.957200
19711 19712 300.000000 1.513901
19713 19714 300.000000 0.957200
19713 19715 300.000000 0.957200
19714 19715 300.000000 1.513901
19716 19717 300.000000 0.957200
19716 19718 300.000000 0.957200
19717 19718 300.000000 1.513901
19719 19720 300.000000 0.957200
19719 19721 300.000000 0.957200
19720 19721 300.000000 1.513901
19722 19723 300.000000 0.957200
19722 19724 300.000000 0.957200
19723 19724 300.000000 1.513901
19725 19726 300.000000 0.957200
19725 19727 300.000000 0.957200
19726 19727 300.000000 1.513901
19728 19729 300.000000 0.957200
19728 19730 300.000000 0.957200
19729 19730 300.000000 1.513901
19731 19732 300.000000 0.957200
19731 19733 300.000000 0.957200
19732 19733 300.000000 1.513901
19734 19735 300.000000 0.957200
19734 19736 300.000000 0.957200
19735 19736 300.000000 1.513901
19737 19738 300.000000 0.957200
19737 19739 300.000000 0.957200
19738 19739 300.000000 1.513901
19740 19741 300.000000 0.957200
19740 19742 300.000000 0.957200
19741 19742 300.000000 1.513901
19743 19744 300.000000 0.957200
19743 19745 300.000000 0.957200
19744 19745 300.000000 1.513901
19746 19747 300.000000 0.957200
19746 19748 300.000000 0.957200
19747 19748 300.000000 1.513901
19749 19750 300.000000 0.957200
19749 19751 300.000000 0.957200
19750 19751 300.000000 1.513901
19752 19753 300.000000 0.957200
19752 19754 300.000000 0.957200
19753 19754 300.000000 1.513901
19755 19756 300.000000 0.957200
19755 19757 300.000000 0.957200
19756 19757 300.000000 1.513901
19758 19759 300.000000 0.957200
19758 19760 300.000000 0.957200
19759 19760 300.000000 1.513901
19761 19762 300.000000 0.957200
19761 19763 300.000000 0.957200
19762 19763 300.000000 1.513901
19764 19765 300.000000 0.957200
19764 19766 300.000000 0.957200
19765 19766 300.000000 1.513901
19767 19768 300.000000 0.957200
19767 19769 300.000000 0.957200
19768 19769 300.000000 1.513901
19770 19771 300.000000 0.957200
19770 19772 300.000000 0.957200
19771 19772 300.000000 1.513901
19773 19774 300.000000 0.957200
19773 19775 300.000000 0.957200
19774 19775 300.000000 1.513901
19776 19777 300.000000 0.957200
19776 19778 300.000000 0.957200
19777 19778 300.000000 1.513901
19779 19780 300.000000 0.957200
19779 19781 300.000000 0.957200
19780 19781 300.000000 1.513901
19782 19783 300.000000 0.957200
19782 19784 300.000000 0.957200
19783 19784 300.000000 1.513901
19785 19786 300.000000 0.957200
19785 19787 300.000000 0.957200
19786 19787 300.000000 1.513901
19788 19789 300.000000 0.957200
19788 19790 300.000000 0.957200
19789 19790 300.000000 1.513901
19791 19792 300.000000 0.957200
19791 19793 300.000000 0.957200
19792 19793 300.000000 1.513901
19794 19795 300.000000 0.957200
19794 19796 300.000000 0.957200
19795 19796 300.000000 1.513901
19797 19798 300.000000 0.957200
19797 19799 300.000000 0.957200
19798 19799 300.000000 1.513901
19800 19801 300.000000 0.957200
19800 19802 300.000000 0.957200
19801 19802 300.000000 1.513901
19803 19804 300.000000 0.957200
19803 19805 300.000000 0.957200
19804 19805 300.000000 1.513901
19806 19807 300.000000 0.957200
19806 19808 300.000000 0.957200
19807 19808 300.000000 1.513901
19809 19810 300.000000 0.957200
19809 19811 300.000000 0.957200
19810 19811 300.000000 1.513901
19812 19813 300.000000 0.957200
19812 19814 300.000000 0.957200
19813 19814 300.000000 1.513901
19815 19816 300.000000 0.957200
19815 19817 300.000000 0.957200
19816 19817 300.000000 1.513901
19818 19819 300.000000 0.957200
19818 19820 300.000000 0.957200
19819 19820 300.000000 1.513901
19821 19822 300.000000 0.957200
19821 19823 300.000000 0.957200
19822 19823 300.000000 1.513901
19824 19825 300.000000 0.957200
19824 19826 300.000000 0.957200
19825 19826 300.000000 1.513901
19827 19828 300.000000 0.957200
19827 19829 300.000000 0.957200
19828 19829 300.000000 1.513901
19830 19831 300.000000 0.957200
19830 19832 300.000000 0.957200
19831 19832 300.000000 1.513901
19833 19834 300.000000 0.957200
19833 19835 300.000000 0.957200
19834 19835 300.000000 1.513901
19836 19837 300.000000 0.957200
19836 19838 300.000000 0.957200
19837 19838 300.000000 1.513901
19839 19840 300.000000 0.957200
19839 19841 300.000000 0.957200
19840 19841 300.000000 1.513901
19842 19843 300.000000 0.957200
19842 19844 300.000000 0.957200
19843 19844 300.000000 1.513901
19845 19846 300.000000 0.957200
19845 19847 300.000000 0.957200
19846 19847 300.000000 1.513901
19848 19849 300.000000 0.957200
19848 19850 300.000000 0.957200
19849 19850 300.000000 1.513901
19851 19852 300.000000 0.957200
19851 19853 300.000000 0.957200
19852 19853 300.000000 1.513901
19854 19855 300.000000 0.957200
19854 19856 300.000000 0.957200
19855 19856 300.000000 1.513901
19857 19858 300.000000 0.957200
19857 19859 300.000000 0.957200
19858 19859 300.000000 1.513901
19860 19861 300.000000 0.957200
19860 19862 300.000000 0.957200
19861 19862 300.000000 1.513901
19863 19864 300.000000 0.957200
19863 19865 300.000000 0.957200
19864 19865 300.000000 1.513901
19866 19867 300.000000 0.957200
19866 19868 300.000000 0.957200
19867 19868 300.000000 1.513901
19869 19870 300.000000 0.957200
19869 19871 300.000000 0.957200
19870 19871 300.000000 1.513901
19872 19873 300.000000 0.957200
19872 19874 300.000000 0.957200
19873 19874 300.000000 1.513901
19875 19876 300.000000 0.957200
19875 19877 300.000000 0.957200
19876 19877 300.000000 1.513901
19878 19879 300.000000 0.957200
19878 19880 300.000000 0.957200
19879 19880 300.000000 1.513901
19881 19882 300.000000 0.957200
19881 19883 300.000000 0.957200
19882 19883 300.000000 1.513901
19884 19885 300.000000 0.957200
19884 19886 300.000000 0.957200
19885 19886 300.000000 1.513901
19887 19888 300.000000 0.957200
19887 19889 300.000000 0.957200
19888 19889 300.000000 1.513901
19890 19891 300.000000 0.957200
19890 19892 300.000000 0.957200
19891 19892 300.000000 1.513901
19893 19894 300.000000 0.957200
19893 19895 300.000000 0.957200
19894 19895 300.000000 1.513901
19896 19897 300.000000 0.957200
19896 19898 300.000000 0.957200
19897 19898 300.000000 1.513901
19899 19900 300.000000 0.957200
19899 19901 300.000000 0.957200
19900 19901 300.000000 1.513901
19902 19903 300.000000 0.957200
19902 19904 300.000000 0.957200
19903 19904 300.000000 1.513901
19905 19906 300.000000 0.957200
19905 19907 300.000000 0.957200
19906 19907 300.000000 1.513901
19908 19909 300.000000 0.957200
19908 19910 300.000000 0.957200
19909 19910 300.000000 1.513901
19911 19912 300.000000 0.957200
19911 19913 300.000000 0.957200
19912 19913 300.000000 1.513901
19914 19915 300.000000 0.957200
19914 19916 300.000000 0.957200
19915 19916 300.000000 1.513901
19917 19918 300.000000 0.957200
19917 19919 300.000000 0.957200
19918 19919 300.000000 1.513901
19920 19921 300.000000 0.957200
19920 19922 300.000000 0.957200
19921 19922 300.000000 1.513901
19923 19924 300.000000 0.957200
19923 19925 300.000000 0.957200
19924 19925 300.000000 1.513901
19926 19927 300.000000 0.957200
19926 19928 300.000000 0.957200
19927 19928 300.000000 1.513901
19929 19930 300.000000 0.957200
19929 19931 300.000000 0.957200
19930 19931 300.000000 1.513901
19932 19933 300.000000 0.957200
19932 19934 300.000000 0.957200
19933 19934 300.000000 1.513901
19935 19936 300.000000 0.957200
19935 19937 300.000000 0.957200
19936 19937 300.000000 1.513901
19938 19939 300.000000 0.957200
19938 19940 300.000000 0.957200
19939 19940 300.000000 1.513901
19941 19942 300.000000 0.957200
19941 19943 300.000000 0.957200
19942 19943 300.000000 1.513901
19944 19945 300.000000 0.957200
19944 19946 300.000000 0.957200
19945 19946 300.000000 1.513901
19947 19948 300.000000 0.957200
19947 19949 300.000000 0.957200
19948 19949 300.000000 1.513901
19950 19951 300.000000 0.957200
19950 19952 300.000000 0.957200
19951 19952 300.000000 1.513901
19953 19954 300.000000 0.957200
19953 19955 300.000000 0.957200
19954 19955 300.000000 1.513901
19956 19957 300.000000 0.957200
19956 19958 300.000000 0.957200
19957 19958 300.000000 1.513901
19959 19960 300.000000 0.957200
19959 19961 300.000000 0.957200
19960 19961 300.000000 1.513901
19962 19963 300.000000 0.957200
19962 19964 300.000000 0.957200
19963 19964 300.000000 1.513901
19965 19966 300.000000 0.957200
19965 19967 300.000000 0.957200
19966 19967 300.000000 1.513901
19968 19969 300.000000 0.957200
19968 19970 300.000000 0.957200
19969 19970 300.000000 1.513901
19971 19972 300.000000 0.957200
19971 19973 300.000000 0.957200
19972 19973 300.000000 1.513901
19974 19975 300.000000 0.957200
19974 19976 300.000000 0.957200
19975 19976 300.000000 1.513901
19977 19978 300.000000 0.957200
19977 19979 300.000000 0.957200
19978 19979 300.000000 1.513901
19980 19981 300.000000 0.957200
19980 19982 300.000000 0.957200
19981 19982 300.000000 1.513901
19983 19984 300.000000 0.957200
19983 19985 300.000000 0.957200
19984 19985 300.000000 1.513901
19986 19987 300.000000 0.957200
19986 19988 300.000000 0.957200
19987 19988 300.000000 1.513901
19989 19990 300.000000 0.957200
19989 19991 300.000000 0.957200
19990 19991 300.000000 1.513901
19992 19993 300.000000 0.957200
19992 19994 300.000000 0.957200
19993 19994 300.000000 1.513901
19995 19996 300.000000 0.957200
19995 19997 300.000000 0.957200
19996 19997 300.000000 1.513901
19998 19999 300.000000 0.957200
19998 20000 300.000000 0.957200
19999 20000 300.000000 1.513901
20001 20002 300.000000 0.957200
20001 20003 300.000000 0.957200
20002 20003 300.000000 1.513901
20004 20005 300.000000 0.957200
20004 20006 300.000000 0.957200
20005 20006 300.000000 1.513901
20007 20008 300.000000 0.957200
20007 20009 300.000000 0.957200
20008 20009 300.000000 1.513901
20010 20011 300.000000 0.957200
20010 20012 300.000000 0.957200
20011 20012 300.000000 1.513901
20013 20014 300.000000 0.957200
20013 20015 300.000000 0.957200
20014 20015 300.000000 1.513901
20016 20017 300.000000 0.957200
20016 20018 300.000000 0.957200
20017 20018 300.000000 1.513901
20019 20020 300.000000 0.957200
20019 20021 300.000000 0.957200
20020 20021 300.000000 1.513901
20022 20023 300.000000 0.957200
20022 20024 300.000000 0.957200
20023 20024 300.000000 1.513901
20025 20026 300.000000 0.957200
20025 20027 300.000000 0.957200
20026 20027 300.000000 1.513901
20028 20029 300.000000 0.957200
20028 20030 300.000000 0.957200
20029 20030 300.000000 1.513901
20031 20032 300.000000 0.957200
20031 20033 300.000000 0.957200
20032 20033 300.000000 1.513901
20034 20035 300.000000 0.957200
20034 20036 300.000000 0.957200
20035 20036 300.000000 1.513901
20037 20038 300.000000 0.957200
20037 20039 300.000000 0.957200
20038 20039 300.000000 1.513901
20040 20041 300.000000 0.957200
20040 20042 300.000000 0.957200
20041 20042 300.000000 1.513901
20043 20044 300.000000 0.957200
20043 20045 300.000000 0.957200
20044 20045 300.000000 1.513901
20046 20047 300.000000 0.957200
20046 20048 300.000000 0.957200
20047 20048 300.000000 1.513901
20049 20050 300.000000 0.957200
20049 20051 300.000000 0.957200
20050 20051 300.000000 1.513901
20052 20053 300.000000 0.957200
20052 20054 300.000000 0.957200
20053 20054 300.000000 1.513901
20055 20056 300.000000 0.957200
20055 20057 300.000000 0.957200
20056 20057 300.000000 1.513901
20058 20059 300.000000 0.957200
20058 20060 300.000000 0.957200
20059 20060 300.000000 1.513901
20061 20062 300.000000 0.957200
20061 20063 300.000000 0.957200
20062 20063 300.000000 1.513901
20064 20065 300.000000 0.957200
20064 20066 300.000000 0.957200
20065 20066 300.000000 1.513901
20067 20068 300.000000 0.957200
20067 20069 300.000000 0.957200
20068 20069 300.000000 1.513901
20070 20071 300.000000 0.957200
20070 20072 300.000000 0.957200
20071 20072 300.000000 1.513901
20073 20074 300.000000 0.957200
20073 20075 300.000000 0.957200
20074 20075 300.000000 1.513901
20076 20077 300.000000 0.957200
20076 20078 300.000000 0.957200
20077 20078 300.000000 1.513901
20079 20080 300.000000 0.957200
20079 20081 300.000000 0.957200
20080 20081 300.000000 1.513901
20082 20083 300.000000 0.957200
20082 20084 300.000000 0.957200
20083 20084 300.000000 1.513901
20085 20086 300.000000 0.957200
20085 20087 300.000000 0.957200
20086 20087 300.000000 1.513901
20088 20089 300.000000 0.957200
20088 20090 300.000000 0.957200
20089 20090 300.000000 1.513901
20091 20092 300.000000 0.957200
20091 20093 300.000000 0.957200
20092 20093 300.000000 1.513901
20094 20095 300.000000 0.957200
20094 20096 300.000000 0.957200
20095 20096 300.000000 1.513901
20097 20098 300.000000 0.957200
20097 20099 300.000000 0.957200
20098 20099 300.000000 1.513901
20100 20101 300.000000 0.957200
20100 20102 300.000000 0.957200
20101 20102 300.000000 1.513901
20103 20104 300.000000 0.957200
20103 20105 300.000000 0.957200
20104 20105 300.000000 1.513901
20106 20107 300.000000 0.957200
20106 20108 300.000000 0.957200
20107 20108 300.000000 1.513901
20109 20110 300.000000 0.957200
20109 20111 300.000000 0.957200
20110 20111 300.000000 1.513901
20112 20113 300.000000 0.957200
20112 20114 300.000000 0.957200
20113 20114 300.000000 1.513901
20115 20116 300.000000 0.957200
20115 20117 300.000000 0.957200
20116 20117 300.000000 1.513901
20118 20119 300.000000 0.957200
20118 20120 300.000000 0.957200
20119 20120 300.000000 1.513901
20121 20122 300.000000 0.957200
20121 20123 300.000000 0.957200
20122 20123 300.000000 1.513901
20124 20125 300.000000 0.957200
20124 20126 300.000000 0.957200
20125 20126 300.000000 1.513901
20127 20128 300.000000 0.957200
20127 20129 300.000000 0.957200
20128 20129 300.000000 1.513901
20130 20131 300.000000 0.957200
20130 20132 300.000000 0.957200
20131 20132 300.000000 1.513901
20133 20134 300.000000 0.957200
20133 20135 300.000000 0.957200
20134 20135 300.000000 1.513901
20136 20137 300.000000 0.957200
20136 20138 300.000000 0.957200
20137 20138 300.000000 1.513901
20139 20140 300.000000 0.957200
20139 20141 300.000000 0.957200
20140 20141 300.000000 1.513901
20142 20143 300.000000 0.957200
20142 20144 300.000000 0.957200
20143 20144 300.000000 1.513901
20145 20146 300.000000 0.957200
20145 20147 300.000000 0.957200
20146 20147 300.000000 1.513901
20148 20149 300.000000 0.957200
20148 20150 300.000000 0.957200
20149 20150 300.000000 1.513901
20151 20152 300.000000 0.957200
20151 20153 300.000000 0.957200
20152 20153 300.000000 1.513901
20154 20155 300.000000 0.957200
20154 20156 300.000000 0.957200
20155 20156 300.000000 1.513901
20157 20158 300.000000 0.957200
20157 20159 300.000000 0.957200
20158 20159 300.000000 1.513901
20160 20161 300.000000 0.957200
20160 20162 300.000000 0.957200
20161 20162 300.000000 1.513901
20163 20164 300.000000 0.957200
20163 20165 300.000000 0.957200
20164 20165 300.000000 1.513901
20166 20167 300.000000 0.957200
20166 20168 300.000000 0.957200
20167 20168 300.000000 1.513901
20169 20170 300.000000 0.957200
20169 20171 300.000000 0.957200
20170 20171 300.000000 1.513901
20172 20173 300.000000 0.957200
20172 20174 300.000000 0.957200
20173 20174 300.000000 1.513901
20175 20176 300.000000 0.957200
20175 20177 300.000000 0.957200
20176 20177 300.000000 1.513901
20178 20179 300.000000 0.957200
20178 20180 300.000000 0.957200
20179 20180 300.000000 1.513901
20181 20182 300.000000 0.957200
20181 20183 300.000000 0.957200
20182 20183 300.000000 1.513901
20184 20185 300.000000 0.957200
20184 20186 300.000000 0.957200
20185 20186 300.000000 1.513901
20187 20188 300.000000 0.957200
20187 20189 300.000000 0.957200
20188 20189 300.000000 1.513901
20190 20191 300.000000 0.957200
20190 20192 300.000000 0.957200
20191 20192 300.000000 1.513901
20193 20194 300.000000 0.957200
20193 20195 300.000000 0.957200
20194 20195 300.000000 1.513901
20196 20197 300.000000 0.957200
20196 20198 300.000000 0.957200
20197 20198 300.000000 1.513901
20199 20200 300.000000 0.957200
20199 20201 300.000000 0.957200
20200 20201 300.000000 1.513901
20202 20203 300.000000 0.957200
20202 20204 300.000000 0.957200
20203 20204 300.000000 1.513901
20205 20206 300.000000 0.957200
20205 20207 300.000000 0.957200
20206 20207 300.000000 1.513901
20208 20209 300.000000 0.957200
20208 20210 300.000000 0.957200
20209 20210 300.000000 1.513901
20211 20212 300.000000 0.957200
20211 20213 300.000000 0.957200
20212 20213 300.000000 1.513901
20214 20215 300.000000 0.957200
20214 20216 300.000000 0.957200
20215 20216 300.000000 1.513901
20217 20218 300.000000 0.957200
20217 20219 300.000000 0.957200
20218 20219 300.000000 1.513901
20220 20221 300.000000 0.957200
20220 20222 300.000000 0.957200
20221 20222 300.000000 1.513901
20223 20224 300.000000 0.957200
20223 20225 300.000000 0.957200
20224 20225 300.000000 1.513901
20226 20227 300.000000 0.957200
20226 20228 300.000000 0.957200
20227 20228 300.000000 1.513901
20229 20230 300.000000 0.957200
20229 20231 300.000000 0.957200
20230 20231 300.000000 1.513901
20232 20233 300.000000 0.957200
20232 20234 300.000000 0.957200
20233 20234 300.000000 1.513901
20235 20236 300.000000 0.957200
20235 20237 300.000000 0.957200
20236 20237 300.000000 1.513901
20238 20239 300.000000 0.957200
20238 20240 300.000000 0.957200
20239 20240 300.000000 1.513901
20241 20242 300.000000 0.957200
20241 20243 300.000000 0.957200
20242 20243 300.000000 1.513901
20244 20245 300.000000 0.957200
20244 20246 300.000000 0.957200
20245 20246 300.000000 1.513901
20247 20248 300.000000 0.957200
20247 20249 300.000000 0.957200
20248 20249 300.000000 1.513901
20250 20251 300.000000 0.957200
20250 20252 300.000000 0.957200
20251 20252 300.000000 1.513901
20253 20254 300.000000 0.957200
20253 20255 300.000000 0.957200
20254 20255 300.000000 1.513901
20256 20257 300.000000 0.957200
20256 20258 300.000000 0.957200
20257 20258 300.000000 1.513901
20259 20260 300.000000 0.957200
20259 20261 300.000000 0.957200
20260 20261 300.000000 1.513901
20262 20263 300.000000 0.957200
20262 20264 300.000000 0.957200
20263 20264 300.000000 1.513901
20265 20266 300.000000 0.957200
20265 20267 300.000000 0.957200
20266 20267 300.000000 1.513901
20268 20269 300.000000 0.957200
20268 20270 300.000000 0.957200
20269 20270 300.000000 1.513901
20271 20272 300.000000 0.957200
20271 20273 300.000000 0.957200
20272 20273 300.000000 1.513901
20274 20275 300.000000 0.957200
20274 20276 300.000000 0.957200
20275 20276 300.000000 1.513901
20277 20278 300.000000 0.957200
20277 20279 300.000000 0.957200
20278 20279 300.000000 1.513901
20280 20281 300.000000 0.957200
20280 20282 300.000000 0.957200
20281 20282 300.000000 1.513901
20283 20284 300.000000 0.957200
20283 20285 300.000000 0.957200
20284 20285 300.000000 1.513901
20286 20287 300.000000 0.957200
20286 20288 300.000000 0.957200
20287 20288 300.000000 1.513901
20289 20290 300.000000 0.957200
20289 20291 300.000000 0.957200
20290 20291 300.000000 1.513901
20292 20293 300.000000 0.957200
20292 20294 300.000000 0.957200
20293 20294 300.000000 1.513901
20295 20296 300.000000 0.957200
20295 20297 300.000000 0.957200
20296 20297 300.000000 1.513901
20298 20299 300.000000 0.957200
20298 20300 300.000000 0.957200
20299 20300 300.000000 1.513901
20301 20302 300.000000 0.957200
20301 20303 300.000000 0.957200
20302 20303 300.000000 1.513901
20304 20305 300.000000 0.957200
20304 20306 300.000000 0.957200
20305 20306 300.000000 1.513901
20307 20308 300.000000 0.957200
20307 20309 300.000000 0.957200
20308 20309 300.000000 1.513901
20310 20311 300.000000 0.957200
20310 20312 300.000000 0.957200
20311 20312 300.000000 1.513901
20313 20314 300.000000 0.957200
20313 20315 300.000000 0.957200
20314 20315 300.000000 1.513901
20316 20317 300.000000 0.957200
20316 20318 300.000000 0.957200
20317 20318 300.000000 1.513901
20319 20320 300.000000 0.957200
20319 20321 300.000000 0.957200
20320 20321 300.000000 1.513901
20322 20323 300.000000 0.957200
20322 20324 300.000000 0.957200
20323 20324 300.000000 1.513901
20325 20326 300.000000 0.957200
20325 20327 300.000000 0.957200
20326 20327 300.000000 1.513901
20328 20329 300.000000 0.957200
20328 20330 300.000000 0.957200
20329 20330 300.000000 1.513901
20331 20332 300.000000 0.957200
20331 20333 300.000000 0.957200
20332 20333 300.000000 1.513901
20334 20335 300.000000 0.957200
20334 20336 300.000000 0.957200
20335 20336 300.000000 1.513901
20337 20338 300.000000 0.957200
20337 20339 300.000000 0.957200
20338 20339 300.000000 1.513901
20340 20341 300.000000 0.957200
20340 20342 300.000000 0.957200
20341 20342 300.000000 1.513901
20343 20344 300.000000 0.957200
20343 20345 300.000000 0.957200
20344 20345 300.000000 1.513901
20346 20347 300.000000 0.957200
20346 20348 300.000000 0.957200
20347 20348 300.000000 1.513901
20349 20350 300.000000 0.957200
20349 20351 300.000000 0.957200
20350 20351 300.000000 1.513901
20352 20353 300.000000 0.957200
20352 20354 300.000000 0.957200
20353 20354 300.000000 1.513901
20355 20356 300.000000 0.957200
20355 20357 300.000000 0.957200
20356 20357 300.000000 1.513901
20358 20359 300.000000 0.957200
20358 20360 300.000000 0.957200
20359 20360 300.000000 1.513901
20361 20362 300.000000 0.957200
20361 20363 300.000000 0.957200
20362 20363 300.000000 1.513901
20364 20365 300.000000 0.957200
20364 20366 300.000000 0.957200
20365 20366 300.000000 1.513901
20367 20368 300.000000 0.957200
20367 20369 300.000000 0.957200
20368 20369 300.000000 1.513901
20370 20371 300.000000 0.957200
20370 20372 300.000000 0.957200
20371 20372 300.000000 1.513901
20373 20374 300.000000 0.957200
20373 20375 300.000000 0.957200
20374 20375 300.000000 1.513901
20376 20377 300.000000 0.957200
20376 20378 300.000000 0.957200
20377 20378 300.000000 1.513901
20379 20380 300.000000 0.957200
20379 20381 300.000000 0.957200
20380 20381 300.000000 1.513901
20382 20383 300.000000 0.957200
20382 20384 300.000000 0.957200
20383 20384 300.000000 1.513901
20385 20386 300.000000 0.957200
20385 20387 300.000000 0.957200
20386 20387 300.000000 1.513901
20388 20389 300.000000 0.957200
20388 20390 300.000000 0.957200
20389 20390 300.000000 1.513901
20391 20392 300.000000 0.957200
20391 20393 300.000000 0.957200
20392 20393 300.000000 1.513901
20394 20395 300.000000 0.957200
20394 20396 300.000000 0.957200
20395 20396 300.000000 1.513901
20397 20398 300.000000 0.957200
20397 20399 300.000000 0.957200
20398 20399 300.000000 1.513901
20400 20401 300.000000 0.957200
20400 20402 300.000000 0.957200
20401 20402 300.000000 1.513901
20403 20404 300.000000 0.957200
20403 20405 300.000000 0.957200
20404 20405 300.000000 1.513901
20406 20407 300.000000 0.957200
20406 20408 300.000000 0.957200
20407 20408 300.000000 1.513901
20409 20410 300.000000 0.957200
20409 20411 300.000000 0.957200
20410 20411 300.000000 1.513901
20412 20413 300.000000 0.957200
20412 20414 300.000000 0.957200
20413 20414 300.000000 1.513901
20415 20416 300.000000 0.957200
20415 20417 300.000000 0.957200
20416 20417 300.000000 1.513901
20418 20419 300.000000 0.957200
20418 20420 300.000000 0.957200
20419 20420 300.000000 1.513901
20421 20422 300.000000 0.957200
20421 20423 300.000000 0.957200
20422 20423 300.000000 1.513901
20424 20425 300.000000 0.957200
20424 20426 300.000000 0.957200
20425 20426 300.000000 1.513901
20427 20428 300.000000 0.957200
20427 20429 300.000000 0.957200
20428 20429 300.000000 1.513901
20430 20431 300.000000 0.957200
20430 20432 300.000000 0.957200
20431 20432 300.000000 1.513901
20433 20434 300.000000 0.957200
20433 20435 300.000000 0.957200
20434 20435 300.000000 1.513901
20436 20437 300.000000 0.957200
20436 20438 300.000000 0.957200
20437 20438 300.000000 1.513901
20439 20440 300.000000 0.957200
20439 20441 300.000000 0.957200
20440 20441 300.000000 1.513901
20442 20443 300.000000 0.957200
20442 20444 300.000000 0.957200
20443 20444 300.000000 1.513901
20445 20446 300.000000 0.957200
20445 20447 300.000000 0.957200
20446 20447 300.000000 1.513901
20448 20449 300.000000 0.957200
20448 20450 300.000000 0.957200
20449 20450 300.000000 1.513901
20451 20452 300.000000 0.957200
20451 20453 300.000000 0.957200
20452 20453 300.000000 1.513901
20454 20455 300.000000 0.957200
20454 20456 300.000000 0.957200
20455 20456 300.000000 1.513901
20457 20458 300.000000 0.957200
20457 20459 300.000000 0.957200
20458 20459 300.000000 1.513901
20460 20461 300.000000 0.957200
20460 20462 300.000000 0.957200
20461 20462 300.000000 1.513901
20463 20464 300.000000 0.957200
20463 20465 300.000000 0.957200
20464 20465 300.000000 1.513901
20466 20467 300.000000 0.957200
20466 20468 300.000000 0.957200
20467 20468 300.000000 1.513901
20469 20470 300.000000 0.957200
20469 20471 300.000000 0.957200
20470 20471 300.000000 1.513901
20472 20473 300.000000 0.957200
20472 20474 300.000000 0.957200
20473 20474 300.000000 1.513901
20475 20476 300.000000 0.957200
20475 20477 300.000000 0.957200
20476 20477 300.000000 1.513901
20478 20479 300.000000 0.957200
20478 20480 300.000000 0.957200
20479 20480 300.000000 1.513901
20481 20482 300.000000 0.957200
20481 20483 300.000000 0.957200
20482 20483 300.000000 1.513901
20484 20485 300.000000 0.957200
20484 20486 300.000000 0.957200
20485 20486 300.000000 1.513901
20487 20488 300.000000 0.957200
20487 20489 300.000000 0.957200
20488 20489 300.000000 1.513901
20490 20491 300.000000 0.957200
20490 20492 300.000000 0.957200
20491 20492 300.000000 1.513901
20493 20494 300.000000 0.957200
20493 20495 300.000000 0.957200
20494 20495 300.000000 1.513901
20496 20497 300.000000 0.957200
20496 20498 300.000000 0.957200
20497 20498 300.000000 1.513901
20499 20500 300.000000 0.957200
20499 20501 300.000000 0.957200
20500 20501 300.000000 1.513901
20502 20503 300.000000 0.957200
20502 20504 300.000000 0.957200
20503 20504 300.000000 1.513901
20505 20506 300.000000 0.957200
20505 20507 300.000000 0.957200
20506 20507 300.000000 1.513901
20508 20509 300.000000 0.957200
20508 20510 300.000000 0.957200
20509 20510 300.000000 1.513901
20511 20512 300.000000 0.957200
20511 20513 300.000000 0.957200
20512 20513 300.000000 1.513901
20514 20515 300.000000 0.957200
20514 20516 300.000000 0.957200
20515 20516 300.000000 1.513901
20517 20518 300.000000 0.957200
20517 20519 300.000000 0.957200
20518 20519 300.000000 1.513901
20520 20521 300.000000 0.957200
20520 20522 300.000000 0.957200
20521 20522 300.000000 1.513901
20523 20524 300.000000 0.957200
20523 20525 300.000000 0.957200
20524 20525 300.000000 1.513901
20526 20527 300.000000 0.957200
20526 20528 300.000000 0.957200
20527 20528 300.000000 1.513901
20529 20530 300.000000 0.957200
20529 20531 300.000000 0.957200
20530 20531 300.000000 1.513901
20532 20533 300.000000 0.957200
20532 20534 300.000000 0.957200
20533 20534 300.000000 1.513901
20535 20536 300.000000 0.957200
20535 20537 300.000000 0.957200
20536 20537 300.000000 1.513901
20538 20539 300.000000 0.957200
20538 20540 300.000000 0.957200
20539 20540 300.000000 1.513901
20541 20542 300.000000 0.957200
20541 20543 300.000000 0.957200
20542 20543 300.000000 1.513901
20544 20545 300.000000 0.957200
20544 20546 300.000000 0.957200
20545 20546 300.000000 1.513901
20547 20548 300.000000 0.957200
20547 20549 300.000000 0.957200
20548 20549 300.000000 1.513901
20550 20551 300.000000 0.957200
20550 20552 300.000000 0.957200
20551 20552 300.000000 1.513901
20553 20554 300.000000 0.957200
20553 20555 300.000000 0.957200
20554 20555 300.000000 1.513901
20556 20557 300.000000 0.957200
20556 20558 300.000000 0.957200
20557 20558 300.000000 1.513901
20559 20560 300.000000 0.957200
20559 20561 300.000000 0.957200
20560 20561 300.000000 1.513901
20562 20563 300.000000 0.957200
20562 20564 300.000000 0.957200
20563 20564 300.000000 1.513901
20565 20566 300.000000 0.957200
20565 20567 300.000000 0.957200
20566 20567 300.000000 1.513901
20568 20569 300.000000 0.957200
20568 20570 300.000000 0.957200
20569 20570 300.000000 1.513901
20571 20572 300.000000 0.957200
20571 20573 300.000000 0.957200
20572 20573 300.000000 1.513901
20574 20575 300.000000 0.957200
20574 20576 300.000000 0.957200
20575 20576 300.000000 1.513901
20577 20578 300.000000 0.957200
20577 20579 300.000000 0.957200
20578 20579 300.000000 1.513901
20580 20581 300.000000 0.957200
20580 20582 300.000000 0.957200
20581 20582 300.000000 1.513901
20583 20584 300.000000 0.957200
20583 20585 300.000000 0.957200
20584 20585 300.000000 1.513901
20586 20587 300.000000 0.957200
20586 20588 300.000000 0.957200
20587 20588 300.000000 1.513901
20589 20590 300.000000 0.957200
20589 20591 300.000000 0.957200
20590 20591 300.000000 1.513901
20592 20593 300.000000 0.957200
20592 20594 300.000000 0.957200
20593 20594 300.000000 1.513901
20595 20596 300.000000 0.957200
20595 20597 300.000000 0.957200
20596 20597 300.000000 1.513901
20598 20599 300.000000 0.957200
20598 20600 300.000000 0.957200
20599 20600 300.000000 1.513901
20601 20602 300.000000 0.957200
20601 20603 300.000000 0.957200
20602 20603 300.000000 1.513901
20604 20605 300.000000 0.957200
20604 20606 300.000000 0.957200
20605 20606 300.000000 1.513901
20607 20608 300.000000 0.957200
20607 20609 300.000000 0.957200
20608 20609 300.000000 1.513901
20610 20611 300.000000 0.957200
20610 20612 300.000000 0.957200
20611 20612 300.000000 1.513901
20613 20614 300.000000 0.957200
20613 20615 300.000000 0.957200
20614 20615 300.000000 1.513901
20616 20617 300.000000 0.957200
20616 20618 300.000000 0.957200
20617 20618 300.000000 1.513901
20619 20620 300.000000 0.957200
20619 20621 300.000000 0.957200
20620 20621 300.000000 1.513901
20622 20623 300.000000 0.957200
20622 20624 300.000000 0.957200
20623 20624 300.000000 1.513901
20625 20626 300.000000 0.957200
20625 20627 300.000000 0.957200
20626 20627 300.000000 1.513901
20628 20629 300.000000 0.957200
20628 20630 300.000000 0.957200
20629 20630 300.000000 1.513901
20631 20632 300.000000 0.957200
20631 20633 300.000000 0.957200
20632 20633 300.000000 1.513901
20634 20635 300.000000 0.957200
20634 20636 300.000000 0.957200
20635 20636 300.000000 1.513901
20637 20638 300.000000 0.957200
20637 20639 300.000000 0.957200
20638 20639 300.000000 1.513901
20640 20641 300.000000 0.957200
20640 20642 300.000000 0.957200
20641 20642 300.000000 1.513901
20643 20644 300.000000 0.957200
20643 20645 300.000000 0.957200
20644 20645 300.000000 1.513901
20646 20647 300.000000 0.957200
20646 20648 300.000000 0.957200
20647 20648 300.000000 1.513901
20649 20650 300.000000 0.957200
20649 20651 300.000000 0.957200
20650 20651 300.000000 1.513901
20652 20653 300.000000 0.957200
20652 20654 300.000000 0.957200
20653 20654 300.000000 1.513901
20655 20656 300.000000 0.957200
20655 20657 300.000000 0.957200
20656 20657 300.000000 1.513901
20658 20659 300.000000 0.957200
20658 20660 300.000000 0.957200
20659 20660 300.000000 1.513901
20661 20662 300.000000 0.957200
20661 20663 300.000000 0.957200
20662 20663 300.000000 1.513901
20664 20665 300.000000 0.957200
20664 20666 300.000000 0.957200
20665 20666 300.000000 1.513901
20667 20668 300.000000 0.957200
20667 20669 300.000000 0.957200
20668 20669 300.000000 1.513901
20670 20671 300.000000 0.957200
20670 20672 300.000000 0.957200
20671 20672 300.000000 1.513901
20673 20674 300.000000 0.957200
20673 20675 300.000000 0.957200
20674 20675 300.000000 1.513901
20676 20677 300.000000 0.957200
20676 20678 300.000000 0.957200
20677 20678 300.000000 1.513901
20679 20680 300.000000 0.957200
20679 20681 300.000000 0.957200
20680 20681 300.000000 1.513901
20682 20683 300.000000 0.957200
20682 20684 300.000000 0.957200
20683 20684 300.000000 1.513901
20685 20686 300.000000 0.957200
20685 20687 300.000000 0.957200
20686 20687 300.000000 1.513901
20688 20689 300.000000 0.957200
20688 20690 300.000000 0.957200
20689 20690 300.000000 1.513901
20691 20692 300.000000 0.957200
20691 20693 300.000000 0.957200
20692 20693 300.000000 1.513901
20694 20695 300.000000 0.957200
20694 20696 300.000000 0.957200
20695 20696 300.000000 1.513901
20697 20698 300.000000 0.957200
20697 20699 300.000000 0.957200
20698 20699 300.000000 1.513901
20700 20701 300.000000 0.957200
20700 20702 300.000000 0.957200
20701 20702 300.000000 1.513901
20703 20704 300.000000 0.957200
20703 20705 300.000000 0.957200
20704 20705 300.000000 1.513901
20706 20707 300.000000 0.957200
20706 20708 300.000000 0.957200
20707 20708 300.000000 1.513901
20709 20710 300.000000 0.957200
20709 20711 300.000000 0.957200
20710 20711 300.000000 1.513901
20712 20713 300.000000 0.957200
20712 20714 300.000000 0.957200
20713 20714 300.000000 1.513901
20715 20716 300.000000 0.957200
20715 20717 300.000000 0.957200
20716 20717 300.000000 1.513901
20718 20719 300.000000 0.957200
20718 20720 300.000000 0.957200
20719 20720 300.000000 1.513901
20721 20722 300.000000 0.957200
20721 20723 300.000000 0.957200
20722 20723 300.000000 1.513901
20724 20725 300.000000 0.957200
20724 20726 300.000000 0.957200
20725 20726 300.000000 1.513901
20727 20728 300.000000 0.957200
20727 20729 300.000000 0.957200
20728 20729 300.000000 1.513901
20730 20731 300.000000 0.957200
20730 20732 300.000000 0.957200
20731 20732 300.000000 1.513901
20733 20734 300.000000 0.957200
20733 20735 300.000000 0.957200
20734 20735 300.000000 1.513901
20736 20737 300.000000 0.957200
20736 20738 300.000000 0.957200
20737 20738 300.000000 1.513901
20739 20740 300.000000 0.957200
20739 20741 300.000000 0.957200
20740 20741 300.000000 1.513901
20742 20743 300.000000 0.957200
20742 20744 300.000000 0.957200
20743 20744 300.000000 1.513901
20745 20746 300.000000 0.957200
20745 20747 300.000000 0.957200
20746 20747 300.000000 1.513901
20748 20749 300.000000 0.957200
20748 20750 300.000000 0.957200
20749 20750 300.000000 1.513901
20751 20752 300.000000 0.957200
20751 20753 300.000000 0.957200
20752 20753 300.000000 1.513901
20754 20755 300.000000 0.957200
20754 20756 300.000000 0.957200
20755 20756 300.000000 1.513901
20757 20758 300.000000 0.957200
20757 20759 300.000000 0.957200
20758 20759 300.000000 1.513901
20760 20761 300.000000 0.957200
20760 20762 300.000000 0.957200
20761 20762 300.000000 1.513901
20763 20764 300.000000 0.957200
20763 20765 300.000000 0.957200
20764 20765 300.000000 1.513901
20766 20767 300.000000 0.957200
20766 20768 300.000000 0.957200
20767 20768 300.000000 1.513901
20769 20770 300.000000 0.957200
20769 20771 300.000000 0.957200
20770 20771 300.000000 1.513901
20772 20773 300.000000 0.957200
20772 20774 300.000000 0.957200
20773 20774 300.000000 1.513901
20775 20776 300.000000 0.957200
20775 20777 300.000000 0.957200
20776 20777 300.000000 1.513901
20778 20779 300.000000 0.957200
20778 20780 300.000000 0.957200
20779 20780 300.000000 1.513901
20781 20782 300.000000 0.957200
20781 20783 300.000000 0.957200
20782 20783 300.000000 1.513901
20784 20785 300.000000 0.957200
20784 20786 300.000000 0.957200
20785 20786 300.000000 1.513901
20787 20788 300.000000 0.957200
20787 20789 300.000000 0.957200
20788 20789 300.000000 1.513901
20790 20791 300.000000 0.957200
20790 20792 300.000000 0.957200
20791 20792 300.000000 1.513901
20793 20794 300.000000 0.957200
20793 20795 300.000000 0.957200
20794 20795 300.000000 1.513901
20796 20797 300.000000 0.957200
20796 20798 300.000000 0.957200
20797 20798 300.000000 1.513901
20799 20800 300.000000 0.957200
20799 20801 300.000000 0.957200
20800 20801 300.000000 1.513901
20802 20803 300.000000 0.957200
20802 20804 300.000000 0.957200
20803 20804 300.000000 1.513901
20805 20806 300.000000 0.957200
20805 20807 300.000000 0.957200
20806 20807 300.000000 1.513901
20808 20809 300.000000 0.957200
20808 20810 300.000000 0.957200
20809 20810 300.000000 1.513901
20811 20812 300.000000 0.957200
20811 20813 300.000000 0.957200
20812 20813 300.000000 1.513901
20814 20815 300.000000 0.957200
20814 20816 300.000000 0.957200
20815 20816 300.000000 1.513901
20817 20818 300.000000 0.957200
20817 20819 300.000000 0.957200
20818 20819 300.000000 1.513901
20820 20821 300.000000 0.957200
20820 20822 300.000000 0.957200
20821 20822 300.000000 1.513901
20823 20824 300.000000 0.957200
20823 20825 300.000000 0.957200
20824 20825 300.000000 1.513901
20826 20827 300.000000 0.957200
20826 20828 300.000000 0.957200
20827 20828 300.000000 1.513901
20829 20830 300.000000 0.957200
20829 20831 300.000000 0.957200
20830 20831 300.000000 1.513901
20832 20833 300.000000 0.957200
20832 20834 300.000000 0.957200
20833 20834 300.000000 1.513901
20835 20836 300.000000 0.957200
20835 20837 300.000000 0.957200
20836 20837 300.000000 1.513901
20838 20839 300.000000 0.957200
20838 20840 300.000000 0.957200
20839 20840 300.000000 1.513901
20841 20842 300.000000 0.957200
20841 20843 300.000000 0.957200
20842 20843 300.000000 1.513901
20844 20845 300.000000 0.957200
20844 20846 300.000000 0.957200
20845 20846 300.000000 1.513901
20847 20848 300.000000 0.957200
20847 20849 300.000000 0.957200
20848 20849 300.000000 1.513901
20850 20851 300.000000 0.957200
20850 20852 300.000000 0.957200
20851 20852 300.000000 1.513901
20853 20854 300.000000 0.957200
20853 20855 300.000000 0.957200
20854 20855 300.000000 1.513901
20856 20857 300.000000 0.957200
20856 20858 300.000000 0.957200
20857 20858 300.000000 1.513901
20859 20860 300.000000 0.957200
20859 20861 300.000000 0.957200
20860 20861 300.000000 1.513901
20862 20863 300.000000 0.957200
20862 20864 300.000000 0.957200
20863 20864 300.000000 1.513901
20865 20866 300.000000 0.957200
20865 20867 300.000000 0.957200
20866 20867 300.000000 1.513901
20868 20869 300.000000 0.957200
20868 20870 300.000000 0.957200
20869 20870 300.000000 1.513901
20871 20872 300.000000 0.957200
20871 20873 300.000000 0.957200
20872 20873 300.000000 1.513901
20874 20875 300.000000 0.957200
20874 20876 300.000000 0.957200
20875 20876 300.000000 1.513901
20877 20878 300.000000 0.957200
20877 20879 300.000000 0.957200
20878 20879 300.000000 1.513901
20880 20881 300.000000 0.957200
20880 20882 300.000000 0.957200
20881 20882 300.000000 1.513901
20883 20884 300.000000 0.957200
20883 20885 300.000000 0.957200
20884 20885 300.000000 1.513901
20886 20887 300.000000 0.957200
20886 20888 300.000000 0.957200
20887 20888 300.000000 1.513901
20889 20890 300.000000 0.957200
20889 20891 300.000000 0.957200
20890 20891 300.000000 1.513901
20892 20893 300.000000 0.957200
20892 20894 300.000000 0.957200
20893 20894 300.000000 1.513901
20895 20896 300.000000 0.957200
20895 20897 300.000000 0.957200
20896 20897 300.000000 1.513901
20898 20899 300.000000 0.957200
20898 20900 300.000000 0.957200
20899 20900 300.000000 1.513901
20901 20902 300.000000 0.957200
20901 20903 300.000000 0.957200
20902 20903 300.000000 1.513901
20904 20905 300.000000 0.957200
20904 20906 300.000000 0.957200
20905 20906 300.000000 1.513901
20907 20908 300.000000 0.957200
20907 20909 300.000000 0.957200
20908 20909 300.000000 1.513901
20910 20911 300.000000 0.957200
20910 20912 300.000000 0.957200
20911 20912 300.000000 1.513901
20913 20914 300.000000 0.957200
20913 20915 300.000000 0.957200
20914 20915 300.000000 1.513901
20916 20917 300.000000 0.957200
20916 20918 300.000000 0.957200
20917 20918 300.000000 1.513901
20919 20920 300.000000 0.957200
20919 20921 300.000000 0.957200
20920 20921 300.000000 1.513901
20922 20923 300.000000 0.957200
20922 20924 300.000000 0.957200
20923 20924 300.000000 1.513901
20925 20926 300.000000 0.957200
20925 20927 300.000000 0.957200
20926 20927 300.000000 1.513901
20928 20929 300.000000 0.957200
20928 20930 300.000000 0.957200
20929 20930 300.000000 1.513901
20931 20932 300.000000 0.957200
20931 20933 300.000000 0.957200
20932 20933 300.000000 1.513901
20934 20935 300.000000 0.957200
20934 20936 300.000000 0.957200
20935 20936 300.000000 1.513901
20937 20938 300.000000 0.957200
20937 20939 300.000000 0.957200
20938 20939 300.000000 1.513901
20940 20941 300.000000 0.957200
20940 20942 300.000000 0.957200
20941 20942 300.000000 1.513901
20943 20944 300.000000 0.957200
20943 20945 300.000000 0.957200
20944 20945 300.000000 1.513901
20946 20947 300.000000 0.957200
20946 20948 300.000000 0.957200
20947 20948 300.000000 1.513901
20949 20950 300.000000 0.957200
20949 20951 300.000000 0.957200
20950 20951 300.000000 1.513901
20952 20953 300.000000 0.957200
20952 20954 300.000000 0.957200
20953 20954 300.000000 1.513901
20955 20956 300.000000 0.957200
20955 20957 300.000000 0.957200
20956 20957 300.000000 1.513901
20958 20959 300.000000 0.957200
20958 20960 300.000000 0.957200
20959 20960 300.000000 1.513901
20961 20962 300.000000 0.957200
20961 20963 300.000000 0.957200
20962 20963 300.000000 1.513901
20964 20965 300.000000 0.957200
20964 20966 300.000000 0.957200
20965 20966 300.000000 1.513901
20967 20968 300.000000 0.957200
20967 20969 300.000000 0.957200
20968 20969 300.000000 1.513901
20970 20971 300.000000 0.957200
20970 20972 300.000000 0.957200
20971 20972 300.000000 1.513901
20973 20974 300.000000 0.957200
20973 20975 300.000000 0.957200
20974 20975 300.000000 1.513901
20976 20977 300.000000 0.957200
20976 20978 300.000000 0.957200
20977 20978 300.000000 1.513901
20979 20980 300.000000 0.957200
20979 20981 300.000000 0.957200
20980 20981 300.000000 1.513901
20982 20983 300.000000 0.957200
20982 20984 300.000000 0.957200
20983 20984 300.000000 1.513901
20985 20986 300.000000 0.957200
20985 20987 300.000000 0.957200
20986 20987 300.000000 1.513901
20988 20989 300.000000 0.957200
20988 20990 300.000000 0.957200
20989 20990 300.000000 1.513901
20991 20992 300.000000 0.957200
20991 20993 300.000000 0.957200
20992 20993 300.000000 1.513901
20994 20995 300.000000 0.957200
20994 20996 300.000000 0.957200
20995 20996 300.000000 1.513901
20997 20998 300.000000 0.957200
20997 20999 300.000000 0.957200
20998 20999 300.000000 1.513901
21000 21001 300.000000 0.957200
21000 21002 300.000000 0.957200
21001 21002 300.000000 1.513901
21003 21004 300.000000 0.957200
21003 21005 300.000000 0.957200
21004 21005 300.000000 1.513901
21006 21007 300.000000 0.957200
21006 21008 300.000000 0.957200
21007 21008 300.000000 1.513901
21009 21010 300.000000 0.957200
21009 21011 300.000000 0.957200
21010 21011 300.000000 1.513901
21012 21013 300.000000 0.957200
21012 21014 300.000000 0.957200
21013 21014 300.000000 1.513901
21015 21016 300.000000 0.957200
21015 21017 300.000000 0.957200
21016 21017 300.000000 1.513901
21018 21019 300.000000 0.957200
21018 21020 300.000000 0.957200
21019 21020 300.000000 1.513901
21021 21022 300.000000 0.957200
21021 21023 300.000000 0.957200
21022 21023 300.000000 1.513901
21024 21025 300.000000 0.957200
21024 21026 300.000000 0.957200
21025 21026 300.000000 1.513901
21027 21028 300.000000 0.957200
21027 21029 300.000000 0.957200
21028 21029 300.000000 1.513901
21030 21031 300.000000 0.957200
21030 21032 300.000000 0.957200
21031 21032 300.000000 1.513901
21033 21034 300.000000 0.957200
21033 21035 300.000000 0.957200
21034 21035 300.000000 1.513901
21036 21037 300.000000 0.957200
21036 21038 300.000000 0.957200
21037 21038 300.000000 1.513901
21039 21040 300.000000 0.957200
21039 21041 300.000000 0.957200
21040 21041 300.000000 1.513901
21042 21043 300.000000 0.957200
21042 21044 300.000000 0.957200
21043 21044 300.000000 1.513901
21045 21046 300.000000 0.957200
21045 21047 300.000000 0.957200
21046 21047 300.000000 1.513901
21048 21049 300.000000 0.957200
21048 21050 300.000000 0.957200
21049 21050 300.000000 1.513901
21051 21052 300.000000 0.957200
21051 21053 300.000000 0.957200
21052 21053 300.000000 1.513901
21054 21055 300.000000 0.957200
21054 21056 300.000000 0.957200
21055 21056 300.000000 1.513901
21057 21058 300.000000 0.957200
21057 21059 300.000000 0.957200
21058 21059 300.000000 1.513901
21060 21061 300.000000 0.957200
21060 21062 300.000000 0.957200
21061 21062 300.000000 1.513901
21063 21064 300.000000 0.957200
21063 21065 300.000000 0.957200
21064 21065 300.000000 1.513901
21066 21067 300.000000 0.957200
21066 21068 300.000000 0.957200
21067 21068 300.000000 1.513901
21069 21070 300.000000 0.957200
21069 21071 300.000000 0.957200
21070 21071 300.000000 1.513901
21072 21073 300.000000 0.957200
21072 21074 300.000000 0.957200
21073 21074 300.000000 1.513901
21075 21076 300.000000 0.957200
21075 21077 300.000000 0.957200
21076 21077 300.000000 1.513901
21078 21079 300.000000 0.957200
21078 21080 300.000000 0.957200
21079 21080 300.000000 1.513901
21081 21082 300.000000 0.957200
21081 21083 300.000000 0.957200
21082 21083 300.000000 1.513901
21084 21085 300.000000 0.957200
21084 21086 300.000000 0.957200
21085 21086 300.000000 1.513901
21087 21088 300.000000 0.957200
21087 21089 300.000000 0.957200
21088 21089 300.000000 1.513901
21090 21091 300.000000 0.957200
21090 21092 300.000000 0.957200
21091 21092 300.000000 1.513901
21093 21094 300.000000 0.957200
21093 21095 300.000000 0.957200
21094 21095 300.000000 1.513901
21096 21097 300.000000 0.957200
21096 21098 300.000000 0.957200
21097 21098 300.000000 1.513901
21099 21100 300.000000 0.957200
21099 21101 300.000000 0.957200
21100 21101 300.000000 1.513901
21102 21103 300.000000 0.957200
21102 21104 300.000000 0.957200
21103 21104 300.000000 1.513901
21105 21106 300.000000 0.957200
21105 21107 300.000000 0.957200
21106 21107 300.000000 1.513901
21108 21109 300.000000 0.957200
21108 21110 300.000000 0.957200
21109 21110 300.000000 1.513901
21111 21112 300.000000 0.957200
21111 21113 300.000000 0.957200
21112 21113 300.000000 1.513901
21114 21115 300.000000 0.957200
21114 21116 300.000000 0.957200
21115 21116 300.000000 1.513901
21117 21118 300.000000 0.957200
21117 21119 300.000000 0.957200
21118 21119 300.000000 1.513901
21120 21121 300.000000 0.957200
21120 21122 300.000000 0.957200
21121 21122 300.000000 1.513901
21123 21124 300.000000 0.957200
21123 21125 300.000000 0.957200
21124 21125 300.000000 1.513901
21126 21127 300.000000 0.957200
21126 21128 300.000000 0.957200
21127 21128 300.000000 1.513901
21129 21130 300.000000 0.957200
21129 21131 300.000000 0.957200
21130 21131 300.000000 1.513901
21132 21133 300.000000 0.957200
21132 21134 300.000000 0.957200
21133 21134 300.000000 1.513901
21135 21136 300.000000 0.957200
21135 21137 300.000000 0.957200
21136 21137 300.000000 1.513901
21138 21139 300.000000 0.957200
21138 21140 300.000000 0.957200
21139 21140 300.000000 1.513901
21141 21142 300.000000 0.957200
21141 21143 300.000000 0.957200
21142 21143 300.000000 1.513901
21144 21145 300.000000 0.957200
21144 21146 300.000000 0.957200
21145 21146 300.000000 1.513901
21147 21148 300.000000 0.957200
21147 21149 300.000000 0.957200
21148 21149 300.000000 1.513901
21150 21151 300.000000 0.957200
21150 21152 300.000000 0.957200
21151 21152 300.000000 1.513901
21153 21154 300.000000 0.957200
21153 21155 300.000000 0.957200
21154 21155 300.000000 1.513901
21156 21157 300.000000 0.957200
21156 21158 300.000000 0.957200
21157 21158 300.000000 1.513901
21159 21160 300.000000 0.957200
21159 21161 300.000000 0.957200
21160 21161 300.000000 1.513901
21162 21163 300.000000 0.957200
21162 21164 300.000000 0.957200
21163 21164 300.000000 1.513901
21165 21166 300.000000 0.957200
21165 21167 300.000000 0.957200
21166 21167 300.000000 1.513901
21168 21169 300.000000 0.957200
21168 21170 300.000000 0.957200
21169 21170 300.000000 1.513901
21171 21172 300.000000 0.957200
21171 21173 300.000000 0.957200
21172 21173 300.000000 1.513901
21174 21175 300.000000 0.957200
21174 21176 300.000000 0.957200
21175 21176 300.000000 1.513901
21177 21178 300.000000 0.957200
21177 21179 300.000000 0.957200
21178 21179 300.000000 1.513901
21180 21181 300.000000 0.957200
21180 21182 300.000000 0.957200
21181 21182 300.000000 1.513901
21183 21184 300.000000 0.957200
21183 21185 300.000000 0.957200
21184 21185 300.000000 1.513901
21186 21187 300.000000 0.957200
21186 21188 300.000000 0.957200
21187 21188 300.000000 1.513901
21189 21190 300.000000 0.957200
21189 21191 300.000000 0.957200
21190 21191 300.000000 1.513901
21192 21193 300.000000 0.957200
21192 21194 300.000000 0.957200
21193 21194 300.000000 1.513901
21195 21196 300.000000 0.957200
21195 21197 300.000000 0.957200
21196 21197 300.000000 1.513901
21198 21199 300.000000 0.957200
21198 21200 300.000000 0.957200
21199 21200 300.000000 1.513901
21201 21202 300.000000 0.957200
21201 21203 300.000000 0.957200
21202 21203 300.000000 1.513901
21204 21205 300.000000 0.957200
21204 21206 300.000000 0.957200
21205 21206 300.000000 1.513901
21207 21208 300.000000 0.957200
21207 21209 300.000000 0.957200
21208 21209 300.000000 1.513901
21210 21211 300.000000 0.957200
21210 21212 300.000000 0.957200
21211 21212 300.000000 1.513901
21213 21214 300.000000 0.957200
21213 21215 300.000000 0.957200
21214 21215 300.000000 1.513901
21216 21217 300.000000 0.957200
21216 21218 300.000000 0.957200
21217 21218 300.000000 1.513901
21219 21220 300.000000 0.957200
21219 21221 300.000000 0.957200
21220 21221 300.000000 1.513901
21222 21223 300.000000 0.957200
21222 21224 300.000000 0.957200
21223 21224 300.000000 1.513901
21225 21226 300.000000 0.957200
21225 21227 300.000000 0.957200
21226 21227 300.000000 1.513901
21228 21229 300.000000 0.957200
21228 21230 300.000000 0.957200
21229 21230 300.000000 1.513901
21231 21232 300.000000 0.957200
21231 21233 300.000000 0.957200
21232 21233 300.000000 1.513901
21234 21235 300.000000 0.957200
21234 21236 300.000000 0.957200
21235 21236 300.000000 1.513901
21237 21238 300.000000 0.957200
21237 21239 300.000000 0.957200
21238 21239 300.000000 1.513901
21240 21241 300.000000 0.957200
21240 21242 300.000000 0.957200
21241 21242 300.000000 1.513901
21243 21244 300.000000 0.957200
21243 21245 300.000000 0.957200
21244 21245 300.000000 1.513901
21246 21247 300.000000 0.957200
21246 21248 300.000000 0.957200
21247 21248 300.000000 1.513901
21249 21250 300.000000 0.957200
21249 21251 300.000000 0.957200
21250 21251 300.000000 1.513901
21252 21253 300.000000 0.957200
21252 21254 300.000000 0.957200
21253 21254 300.000000 1.513901
21255 21256 300.000000 0.957200
21255 21257 300.000000 0.957200
21256 21257 300.000000 1.513901
21258 21259 300.000000 0.957200
21258 21260 300.000000 0.957200
21259 21260 300.000000 1.513901
21261 21262 300.000000 0.957200
21261 21263 300.000000 0.957200
21262 21263 300.000000 1.513901
21264 21265 300.000000 0.957200
21264 21266 300.000000 0.957200
21265 21266 300.000000 1.513901
21267 21268 300.000000 0.957200
21267 21269 300.000000 0.957200
21268 21269 300.000000 1.513901
21270 21271 300.000000 0.957200
21270 21272 300.000000 0.957200
21271 21272 300.000000 1.513901
21273 21274 300.000000 0.957200
21273 21275 300.000000 0.957200
21274 21275 300.000000 1.513901
21276 21277 300.000000 0.957200
21276 21278 300.000000 0.957200
21277 21278 300.000000 1.513901
21279 21280 300.000000 0.957200
21279 21281 300.000000 0.957200
21280 21281 300.000000 1.513901
21282 21283 300.000000 0.957200
21282 21284 300.000000 0.957200
21283 21284 300.000000 1.513901
21285 21286 300.000000 0.957200
21285 21287 300.000000 0.957200
21286 21287 300.000000 1.513901
21288 21289 300.000000 0.957200
21288 21290 300.000000 0.957200
21289 21290 300.000000 1.513901
21291 21292 300.000000 0.957200
21291 21293 300.000000 0.957200
21292 21293 300.000000 1.513901
21294 21295 300.000000 0.957200
21294 21296 300.000000 0.957200
21295 21296 300.000000 1.513901
21297 21298 300.000000 0.957200
21297 21299 300.000000 0.957200
21298 21299 300.000000 1.513901
21300 21301 300.000000 0.957200
21300 21302 300.000000 0.957200
21301 21302 300.000000 1.513901
21303 21304 300.000000 0.957200
21303 21305 300.000000 0.957200
21304 21305 300.000000 1.513901
21306 21307 300.000000 0.957200
21306 21308 300.000000 0.957200
21307 21308 300.000000 1.513901
21309 21310 300.000000 0.957200
21309 21311 300.000000 0.957200
21310 21311 300.000000 1.513901
21312 21313 300.000000 0.957200
21312 21314 300.000000 0.957200
21313 21314 300.000000 1.513901
21315 21316 300.000000 0.957200
21315 21317 300.000000 0.957200
21316 21317 300.000000 1.513901
21318 21319 300.000000 0.957200
21318 21320 300.000000 0.957200
21319 21320 300.000000 1.513901
21321 21322 300.000000 0.957200
21321 21323 300.000000 0.957200
21322 21323 300.000000 1.513901
21324 21325 300.000000 0.957200
21324 21326 300.000000 0.957200
21325 21326 300.000000 1.513901
21327 21328 300.000000 0.957200
21327 21329 300.000000 0.957200
21328 21329 300.000000 1.513901
21330 21331 300.000000 0.957200
21330 21332 300.000000 0.957200
21331 21332 300.000000 1.513901
21333 21334 300.000000 0.957200
21333 21335 300.000000 0.957200
21334 21335 300.000000 1.513901
21336 21337 300.000000 0.957200
21336 21338 300.000000 0.957200
21337 21338 300.000000 1.513901
21339 21340 300.000000 0.957200
21339 21341 300.000000 0.957200
21340 21341 300.000000 1.513901
21342 21343 300.000000 0.957200
21342 21344 300.000000 0.957200
21343 21344 300.000000 1.513901
21345 21346 300.000000 0.957200
21345 21347 300.000000 0.957200
21346 21347 300.000000 1.513901
21348 21349 300.000000 0.957200
21348 21350 300.000000 0.957200
21349 21350 300.000000 1.513901
21351 21352 300.000000 0.957200
21351 21353 300.000000 0.957200
21352 21353 300.000000 1.513901
21354 21355 300.000000 0.957200
21354 21356 300.000000 0.957200
21355 21356 300.000000 1.513901
21357 21358 300.000000 0.957200
21357 21359 300.000000 0.957200
21358 21359 300.000000 1.513901
21360 21361 300.000000 0.957200
21360 21362 300.000000 0.957200
21361 21362 300.000000 1.513901
21363 21364 300.000000 0.957200
21363 21365 300.000000 0.957200
21364 21365 300.000000 1.513901
21366 21367 300.000000 0.957200
21366 21368 300.000000 0.957200
21367 21368 300.000000 1.513901
21369 21370 300.000000 0.957200
21369 21371 300.000000 0.957200
21370 21371 300.000000 1.513901
21372 21373 300.000000 0.957200
21372 21374 300.000000 0.957200
21373 21374 300.000000 1.513901
21375 21376 300.000000 0.957200
21375 21377 300.000000 0.957200
21376 21377 300.000000 1.513901
21378 21379 300.000000 0.957200
21378 21380 300.000000 0.957200
21379 21380 300.000000 1.513901
21381 21382 300.000000 0.957200
21381 21383 300.000000 0.957200
21382 21383 300.000000 1.513901
21384 21385 300.000000 0.957200
21384 21386 300.000000 0.957200
21385 21386 300.000000 1.513901
21387 21388 300.000000 0.957200
21387 21389 300.000000 0.957200
21388 21389 300.000000 1.513901
21390 21391 300.000000 0.957200
21390 21392 300.000000 0.957200
21391 21392 300.000000 1.513901
21393 21394 300.000000 0.957200
21393 21395 300.000000 0.957200
21394 21395 300.000000 1.513901
21396 21397 300.000000 0.957200
21396 21398 300.000000 0.957200
21397 21398 300.000000 1.513901
21399 21400 300.000000 0.957200
21399 21401 300.000000 0.957200
21400 21401 300.000000 1.513901
21402 21403 300.000000 0.957200
21402 21404 300.000000 0.957200
21403 21404 300.000000 1.513901
21405 21406 300.000000 0.957200
21405 21407 300.000000 0.957200
21406 21407 300.000000 1.513901
21408 21409 300.000000 0.957200
21408 21410 300.000000 0.957200
21409 21410 300.000000 1.513901
21411 21412 300.000000 0.957200
21411 21413 300.000000 0.957200
21412 21413 300.000000 1.513901
21414 21415 300.000000 0.957200
21414 21416 300.000000 0.957200
21415 21416 300.000000 1.513901
21417 21418 300.000000 0.957200
21417 21419 300.000000 0.957200
21418 21419 300.000000 1.513901
21420 21421 300.000000 0.957200
21420 21422 300.000000 0.957200
21421 21422 300.000000 1.513901
21423 21424 300.000000 0.957200
21423 21425 300.000000 0.957200
21424 21425 300.000000 1.513901
21426 21427 300.000000 0.957200
21426 21428 300.000000 0.957200
21427 21428 300.000000 1.513901
21429 21430 300.000000 0.957200
21429 21431 300.000000 0.957200
21430 21431 300.000000 1.513901
21432 21433 300.000000 0.957200
21432 21434 300.000000 0.957200
21433 21434 300.000000 1.513901
21435 21436 300.000000 0.957200
21435 21437 300.000000 0.957200
21436 21437 300.000000 1.513901
21438 21439 300.000000 0.957200
21438 21440 300.000000 0.957200
21439 21440 300.000000 1.513901
21441 21442 300.000000 0.957200
21441 21443 300.000000 0.957200
21442 21443 300.000000 1.513901
21444 21445 300.000000 0.957200
21444 21446 300.000000 0.957200
21445 21446 300.000000 1.513901
21447 21448 300.000000 0.957200
21447 21449 300.000000 0.957200
21448 21449 300.000000 1.513901
21450 21451 300.000000 0.957200
21450 21452 300.000000 0.957200
21451 21452 300.000000 1.513901
21453 21454 300.000000 0.957200
21453 21455 300.000000 0.957200
21454 21455 300.000000 1.513901
21456 21457 300.000000 0.957200
21456 21458 300.000000 0.957200
21457 21458 300.000000 1.513901
21459 21460 300.000000 0.957200
21459 21461 300.000000 0.957200
21460 21461 300.000000 1.513901
21462 21463 300.000000 0.957200
21462 21464 300.000000 0.957200
21463 21464 300.000000 1.513901
21465 21466 300.000000 0.957200
21465 21467 300.000000 0.957200
21466 21467 300.000000 1.513901
21468 21469 300.000000 0.957200
21468 21470 300.000000 0.957200
21469 21470 300.000000 1.513901
21471 21472 300.000000 0.957200
21471 21473 300.000000 0.957200
21472 21473 300.000000 1.513901
21474 21475 300.000000 0.957200
21474 21476 300.000000 0.957200
21475 21476 300.000000 1.513901
21477 21478 300.000000 0.957200
21477 21479 300.000000 0.957200
21478 21479 300.000000 1.513901
21480 21481 300.000000 0.957200
21480 21482 300.000000 0.957200
21481 21482 300.000000 1.513901
21483 21484 300.000000 0.957200
21483 21485 300.000000 0.957200
21484 21485 300.000000 1.513901
21486 21487 300.000000 0.957200
21486 21488 300.000000 0.957200
21487 21488 300.000000 1.513901
21489 21490 300.000000 0.957200
21489 21491 300.000000 0.957200
21490 21491 300.000000 1.513901
21492 21493 300.000000 0.957200
21492 21494 300.000000 0.957200
21493 21494 300.000000 1.513901
21495 21496 300.000000 0.957200
21495 21497 300.000000 0.957200
21496 21497 300.000000 1.513901
21498 21499 300.000000 0.957200
21498 21500 300.000000 0.957200
21499 21500 300.000000 1.513901
21501 21502 300.000000 0.957200
21501 21503 300.000000 0.957200
21502 21503 300.000000 1.513901
21504 21505 300.000000 0.957200
21504 21506 300.000000 0.957200
21505 21506 300.000000 1.513901
21507 21508 300.000000 0.957200
21507 21509 300.000000 0.957200
21508 21509 300.000000 1.513901
21510 21511 300.000000 0.957200
21510 21512 300.000000 0.957200
21511 21512 300.000000 1.513901
21513 21514 300.000000 0.957200
21513 21515 300.000000 0.957200
21514 21515 300.000000 1.513901
21516 21517 300.000000 0.957200
21516 21518 300.000000 0.957200
21517 21518 300.000000 1.513901
21519 21520 300.000000 0.957200
21519 21521 300.000000 0.957200
21520 21521 300.000000 1.513901
21522 21523 300.000000 0.957200
21522 21524 300.000000 0.957200
21523 21524 300.000000 1.513901
21525 21526 300.000000 0.957200
21525 21527 300.000000 0.957200
21526 21527 300.000000 1.513901
21528 21529 300.000000 0.957200
21528 21530 300.000000 0.957200
21529 21530 300.000000 1.513901
21531 21532 300.000000 0.957200
21531 21533 300.000000 0.957200
21532 21533 300.000000 1.513901
21534 21535 300.000000 0.957200
21534 21536 300.000000 0.957200
21535 21536 300.000000 1.513901
21537 21538 300.000000 0.957200
21537 21539 300.000000 0.957200
21538 21539 300.000000 1.513901
21540 21541 300.000000 0.957200
21540 21542 300.000000 0.957200
21541 21542 300.000000 1.513901
21543 21544 300.000000 0.957200
21543 21545 300.000000 0.957200
21544 21545 300.000000 1.513901
21546 21547 300.000000 0.957200
21546 21548 300.000000 0.957200
21547 21548 300.000000 1.513901
21549 21550 300.000000 0.957200
21549 21551 300.000000 0.957200
21550 21551 300.000000 1.513901
21552 21553 300.000000 0.957200
21552 21554 300.000000 0.957200
21553 21554 300.000000 1.513901
21555 21556 300.000000 0.957200
21555 21557 300.000000 0.957200
21556 21557 300.000000 1.513901
21558 21559 300.000000 0.957200
21558 21560 300.000000 0.957200
21559 21560 300.000000 1.513901
21561 21562 300.000000 0.957200
21561 21563 300.000000 0.957200
21562 21563 300.000000 1.513901
21564 21565 300.000000 0.957200
21564 21566 300.000000 0.957200
21565 21566 300.000000 1.513901
21567 21568 300.000000 0.957200
21567 21569 300.000000 0.957200
21568 21569 300.000000 1.513901
21570 21571 300.000000 0.957200
21570 21572 300.000000 0.957200
21571 21572 300.000000 1.513901
21573 21574 300.000000 0.957200
21573 21575 300.000000 0.957200
21574 21575 300.000000 1.513901
21576 21577 300.000000 0.957200
21576 21578 300.000000 0.957200
21577 21578 300.000000 1.513901
21579 21580 300.000000 0.957200
21579 21581 300.000000 0.957200
21580 21581 300.000000 1.513901
21582 21583 300.000000 0.957200
21582 21584 300.000000 0.957200
21583 21584 300.000000 1.513901
21585 21586 300.000000 0.957200
21585 21587 300.000000 0.957200
21586 21587 300.000000 1.513901
21588 21589 300.000000 0.957200
21588 21590 300.000000 0.957200
21589 21590 300.000000 1.513901
21591 21592 300.000000 0.957200
21591 21593 300.000000 0.957200
21592 21593 300.000000 1.513901
21594 21595 300.000000 0.957200
21594 21596 300.000000 0.957200
21595 21596 300.000000 1.513901
21597 21598 300.000000 0.957200
21597 21599 300.000000 0.957200
21598 21599 300.000000 1.513901
21600 21601 300.000000 0.957200
21600 21602 300.000000 0.957200
21601 21602 300.000000 1.513901
21603 21604 300.000000 0.957200
21603 21605 300.000000 0.957200
21604 21605 300.000000 1.513901
21606 21607 300.000000 0.957200
21606 21608 300.000000 0.957200
21607 21608 300.000000 1.513901
21609 21610 300.000000 0.957200
21609 21611 300.000000 0.957200
21610 21611 300.000000 1.513901
21612 21613 300.000000 0.957200
21612 21614 300.000000 0.957200
21613 21614 300.000000 1.513901
21615 21616 300.000000 0.957200
21615 21617 300.000000 0.957200
21616 21617 300.000000 1.513901
21618 21619 300.000000 0.957200
21618 21620 300.000000 0.957200
21619 21620 300.000000 1.513901
21621 21622 300.000000 0.957200
21621 21623 300.000000 0.957200
21622 21623 300.000000 1.513901
21624 21625 300.000000 0.957200
21624 21626 300.000000 0.957200
21625 21626 300.000000 1.513901
21627 21628 300.000000 0.957200
21627 21629 300.000000 0.957200
21628 21629 300.000000 1.513901
21630 21631 300.000000 0.957200
21630 21632 300.000000 0.957200
21631 21632 300.000000 1.513901
21633 21634 300.000000 0.957200
21633 21635 300.000000 0.957200
21634 21635 300.000000 1.513901
21636 21637 300.000000 0.957200
21636 21638 300.000000 0.957200
21637 21638 300.000000 1.513901
21639 21640 300.000000 0.957200
21639 21641 300.000000 0.957200
21640 21641 300.000000 1.513901
21642 21643 300.000000 0.957200
21642 21644 300.000000 0.957200
21643 21644 300.000000 1.513901
21645 21646 300.000000 0.957200
21645 21647 300.000000 0.957200
21646 21647 300.000000 1.513901
21648 21649 300.000000 0.957200
21648 21650 300.000000 0.957200
21649 21650 300.000000 1.513901
21651 21652 300.000000 0.957200
21651 21653 300.000000 0.957200
21652 21653 300.000000 1.513901
21654 21655 300.000000 0.957200
21654 21656 300.000000 0.957200
21655 21656 300.000000 1.513901
21657 21658 300.000000 0.957200
21657 21659 300.000000 0.957200
21658 21659 300.000000 1.513901
21660 21661 300.000000 0.957200
21660 21662 300.000000 0.957200
21661 21662 300.000000 1.513901
21663 21664 300.000000 0.957200
21663 21665 300.000000 0.957200
21664 21665 300.000000 1.513901
21666 21667 300.000000 0.957200
21666 21668 300.000000 0.957200
21667 21668 300.000000 1.513901
21669 21670 300.000000 0.957200
21669 21671 300.000000 0.957200
21670 21671 300.000000 1.513901
21672 21673 300.000000 0.957200
21672 21674 300.000000 0.957200
21673 21674 300.000000 1.513901
21675 21676 300.000000 0.957200
21675 21677 300.000000 0.957200
21676 21677 300.000000 1.513901
21678 21679 300.000000 0.957200
21678 21680 300.000000 0.957200
21679 21680 300.000000 1.513901
21681 21682 300.000000 0.957200
21681 21683 300.000000 0.957200
21682 21683 300.000000 1.513901
21684 21685 300.000000 0.957200
21684 21686 300.000000 0.957200
21685 21686 300.000000 1.513901
21687 21688 300.000000 0.957200
21687 21689 300.000000 0.957200
21688 21689 300.000000 1.513901
21690 21691 300.000000 0.957200
21690 21692 300.000000 0.957200
21691 21692 300.000000 1.513901
21693 21694 300.000000 0.957200
21693 21695 300.000000 0.957200
21694 21695 300.000000 1.513901
21696 21697 300.000000 0.957200
21696 21698 300.000000 0.957200
21697 21698 300.000000 1.513901
21699 21700 300.000000 0.957200
21699 21701 300.000000 0.957200
21700 21701 300.000000 1.513901
21702 21703 300.000000 0.957200
21702 21704 300.000000 0.957200
21703 21704 300.000000 1.513901
21705 21706 300.000000 0.957200
21705 21707 300.000000 0.957200
21706 21707 300.000000 1.513901
21708 21709 300.000000 0.957200
21708 21710 300.000000 0.957200
21709 21710 300.000000 1.513901
21711 21712 300.000000 0.957200
21711 21713 300.000000 0.957200
21712 21713 300.000000 1.513901
21714 21715 300.000000 0.957200
21714 21716 300.000000 0.957200
21715 21716 300.000000 1.513901
21717 21718 300.000000 0.957200
21717 21719 300.000000 0.957200
21718 21719 300.000000 1.513901
21720 21721 300.000000 0.957200
21720 21722 300.000000 0.957200
21721 21722 300.000000 1.513901
21723 21724 300.000000 0.957200
21723 21725 300.000000 0.957200
21724 21725 300.000000 1.513901
21726 21727 300.000000 0.957200
21726 21728 300.000000 0.957200
21727 21728 300.000000 1.513901
21729 21730 300.000000 0.957200
21729 21731 300.000000 0.957200
21730 21731 300.000000 1.513901
21732 21733 300.000000 0.957200
21732 21734 300.000000 0.957200
21733 21734 300.000000 1.513901
21735 21736 300.000000 0.957200
21735 21737 300.000000 0.957200
21736 21737 300.000000 1.513901
21738 21739 300.000000 0.957200
21738 21740 300.000000 0.957200
21739 21740 300.000000 1.513901
21741 21742 300.000000 0.957200
21741 21743 300.000000 0.957200
21742 21743 300.000000 1.513901
21744 21745 300.000000 0.957200
21744 21746 300.000000 0.957200
21745 21746 300.000000 1.513901
21747 21748 300.000000 0.957200
21747 21749 300.000000 0.957200
21748 21749 300.000000 1.513901
21750 21751 300.000000 0.957200
21750 21752 300.000000 0.957200
21751 21752 300.000000 1.513901
21753 21754 300.000000 0.957200
21753 21755 300.000000 0.957200
21754 21755 300.000000 1.513901
21756 21757 300.000000 0.957200
21756 21758 300.000000 0.957200
21757 21758 300.000000 1.513901
21759 21760 300.000000 0.957200
21759 21761 300.000000 0.957200
21760 21761 300.000000 1.513901
21762 21763 300.000000 0.957200
21762 21764 300.000000 0.957200
21763 21764 300.000000 1.513901
21765 21766 300.000000 0.957200
21765 21767 300.000000 0.957200
21766 21767 300.000000 1.513901
21768 21769 300.000000 0.957200
21768 21770 300.000000 0.957200
21769 21770 300.000000 1.513901
21771 21772 300.000000 0.957200
21771 21773 300.000000 0.957200
21772 21773 300.000000 1.513901
21774 21775 300.000000 0.957200
21774 21776 300.000000 0.957200
21775 21776 300.000000 1.513901
21777 21778 300.000000 0.957200
21777 21779 300.000000 0.957200
21778 21779 300.000000 1.513901
21780 21781 300.000000 0.957200
21780 21782 300.000000 0.957200
21781 21782 300.000000 1.513901
21783 21784 300.000000 0.957200
21783 21785 300.000000 0.957200
21784 21785 300.000000 1.513901
21786 21787 300.000000 0.957200
21786 21788 300.000000 0.957200
21787 21788 300.000000 1.513901
21789 21790 300.000000 0.957200
21789 21791 300.000000 0.957200
21790 21791 300.000000 1.513901
21792 21793 300.000000 0.957200
21792 21794 300.000000 0.957200
21793 21794 300.000000 1.513901
21795 21796 300.000000 0.957200
21795 21797 300.000000 0.957200
21796 21797 300.000000 1.513901
21798 21799 300.000000 0.957200
21798 21800 300.000000 0.957200
21799 21800 300.000000 1.513901
21801 21802 300.000000 0.957200
21801 21803 300.000000 0.957200
21802 21803 300.000000 1.513901
21804 21805 300.000000 0.957200
21804 21806 300.000000 0.957200
21805 21806 300.000000 1.513901
21807 21808 300.000000 0.957200
21807 21809 300.000000 0.957200
21808 21809 300.000000 1.513901
21810 21811 300.000000 0.957200
21810 21812 300.000000 0.957200
21811 21812 300.000000 1.513901
21813 21814 300.000000 0.957200
21813 21815 300.000000 0.957200
21814 21815 300.000000 1.513901
21816 21817 300.000000 0.957200
21816 21818 300.000000 0.957200
21817 21818 300.000000 1.513901
21819 21820 300.000000 0.957200
21819 21821 300.000000 0.957200
21820 21821 300.000000 1.513901
21822 21823 300.000000 0.957200
21822 21824 300.000000 0.957200
21823 21824 300.000000 1.513901
21825 21826 300.000000 0.957200
21825 21827 300.000000 0.957200
21826 21827 300.000000 1.513901
21828 21829 300.000000 0.957200
21828 21830 300.000000 0.957200
21829 21830 300.000000 1.513901
21831 21832 300.000000 0.957200
21831 21833 300.000000 0.957200
21832 21833 300.000000 1.513901
21834 21835 300.000000 0.957200
21834 21836 300.000000 0.957200
21835 21836 300.000000 1.513901
21837 21838 300.000000 0.957200
21837 21839 300.000000 0.957200
21838 21839 300.000000 1.513901
21840 21841 300.000000 0.957200
21840 21842 300.000000 0.957200
21841 21842 300.000000 1.513901
21843 21844 300.000000 0.957200
21843 21845 300.000000 0.957200
21844 21845 300.000000 1.513901
21846 21847 300.000000 0.957200
21846 21848 300.000000 0.957200
21847 21848 300.000000 1.513901
21849 21850 300.000000 0.957200
21849 21851 300.000000 0.957200
21850 21851 300.000000 1.513901
21852 21853 300.000000 0.957200
21852 21854 300.000000 0.957200
21853 21854 300.000000 1.513901
21855 21856 300.000000 0.957200
21855 21857 300.000000 0.957200
21856 21857 300.000000 1.513901
21858 21859 300.000000 0.957200
21858 21860 300.000000 0.957200
21859 21860 300.000000 1.513901
21861 21862 300.000000 0.957200
21861 21863 300.000000 0.957200
21862 21863 300.000000 1.513901
21864 21865 300.000000 0.957200
21864 21866 300.000000 0.957200
21865 21866 300.000000 1.513901
21867 21868 300.000000 0.957200
21867 21869 300.000000 0.957200
21868 21869 300.000000 1.513901
21870 21871 300.000000 0.957200
21870 21872 300.000000 0.957200
21871 21872 300.000000 1.513901
21873 21874 300.000000 0.957200
21873 21875 300.000000 0.957200
21874 21875 300.000000 1.513901
21876 21877 300.000000 0.957200
21876 21878 300.000000 0.957200
21877 21878 300.000000 1.513901
21879 21880 300.000000 0.957200
21879 21881 300.000000 0.957200
21880 21881 300.000000 1.513901
21882 21883 300.000000 0.957200
21882 21884 300.000000 0.957200
21883 21884 300.000000 1.513901
21885 21886 300.000000 0.957200
21885 21887 300.000000 0.957200
21886 21887 300.000000 1.513901
21888 21889 300.000000 0.957200
21888 21890 300.000000 0.957200
21889 21890 300.000000 1.513901
21891 21892 300.000000 0.957200
21891 21893 300.000000 0.957200
21892 21893 300.000000 1.513901
21894 21895 300.000000 0.957200
21894 21896 300.000000 0.957200
21895 21896 300.000000 1.513901
21897 21898 300.000000 0.957200
21897 21899 300.000000 0.957200
21898 21899 300.000000 1.513901
21900 21901 300.000000 0.957200
21900 21902 300.000000 0.957200
21901 21902 300.000000 1.513901
21903 21904 300.000000 0.957200
21903 21905 300.000000 0.957200
21904 21905 300.000000 1.513901
21906 21907 300.000000 0.957200
21906 21908 300.000000 0.957200
21907 21908 300.000000 1.513901
21909 21910 300.000000 0.957200
21909 21911 300.000000 0.957200
21910 21911 300.000000 1.513901
21912 21913 300.000000 0.957200
21912 21914 300.000000 0.957200
21913 21914 300.000000 1.513901
21915 21916 300.000000 0.957200
21915 21917 300.000000 0.957200
21916 21917 300.000000 1.513901
21918 21919 300.000000 0.957200
21918 21920 300.000000 0.957200
21919 21920 300.000000 1.513901
21921 21922 300.000000 0.957200
21921 21923 300.000000 0.957200
21922 21923 300.000000 1.513901
21924 21925 300.000000 0.957200
21924 21926 300.000000 0.957200
21925 21926 300.000000 1.513901
21927 21928 300.000000 0.957200
21927 21929 300.000000 0.957200
21928 21929 300.000000 1.513901
21930 21931 300.000000 0.957200
21930 21932 300.000000 0.957200
21931 21932 300.000000 1.513901
21933 21934 300.000000 0.957200
21933 21935 300.000000 0.957200
21934 21935 300.000000 1.513901
21936 21937 300.000000 0.957200
21936 21938 300.000000 0.957200
21937 21938 300.000000 1.513901
21939 21940 300.000000 0.957200
21939 21941 300.000000 0.957200
21940 21941 300.000000 1.513901
21942 21943 300.000000 0.957200
21942 21944 300.000000 0.957200
21943 21944 300.000000 1.513901
21945 21946 300.000000 0.957200
21945 21947 300.000000 0.957200
21946 21947 300.000000 1.513901
21948 21949 300.000000 0.957200
21948 21950 300.000000 0.957200
21949 21950 300.000000 1.513901
21951 21952 300.000000 0.957200
21951 21953 300.000000 0.957200
21952 21953 300.000000 1.513901
21954 21955 300.000000 0.957200
21954 21956 300.000000 0.957200
21955 21956 300.000000 1.513901
21957 21958 300.000000 0.957200
21957 21959 300.000000 0.957200
21958 21959 300.000000 1.513901
21960 21961 300.000000 0.957200
21960 21962 300.000000 0.957200
21961 21962 300.000000 1.513901
21963 21964 300.000000 0.957200
21963 21965 300.000000 0.957200
21964 21965 300.000000 1.513901
21966 21967 300.000000 0.957200
21966 21968 300.000000 0.957200
21967 21968 300.000000 1.513901
21969 21970 300.000000 0.957200
21969 21971 300.000000 0.957200
21970 21971 300.000000 1.513901
21972 21973 300.000000 0.957200
21972 21974 300.000000 0.957200
21973 21974 300.000000 1.513901
21975 21976 300.000000 0.957200
21975 21977 300.000000 0.957200
21976 21977 300.000000 1.513901
21978 21979 300.000000 0.957200
21978 21980 300.000000 0.957200
21979 21980 300.000000 1.513901
21981 21982 300.000000 0.957200
21981 21983 300.000000 0.957200
21982 21983 300.000000 1.513901
21984 21985 300.000000 0.957200
21984 21986 300.000000 0.957200
21985 21986 300.000000 1.513901
21987 21988 300.000000 0.957200
21987 21989 300.000000 0.957200
21988 21989 300.000000 1.513901
21990 21991 300.000000 0.957200
21990 21992 300.000000 0.957200
21991 21992 300.000000 1.513901
21993 21994 300.000000 0.957200
21993 21995 300.000000 0.957200
21994 21995 300.000000 1.513901
21996 21997 300.000000 0.957200
21996 21998 300.000000 0.957200
21997 21998 300.000000 1.513901
21999 22000 300.000000 0.957200
21999 22001 300.000000 0.957200
22000 22001 300.000000 1.513901
22002 22003 300.000000 0.957200
22002 22004 300.000000 0.957200
22003 22004 300.000000 1.513901
22005 22006 300.000000 0.957200
22005 22007 300.000000 0.957200
22006 22007 300.000000 1.513901
22008 22009 300.000000 0.957200
22008 22010 300.000000 0.957200
22009 22010 300.000000 1.513901
22011 22012 300.000000 0.957200
22011 22013 300.000000 0.957200
22012 22013 300.000000 1.513901
22014 22015 300.000000 0.957200
22014 22016 300.000000 0.957200
22015 22016 300.000000 1.513901
22017 22018 300.000000 0.957200
22017 22019 300.000000 0.957200
22018 22019 300.000000 1.513901
22020 22021 300.000000 0.957200
22020 22022 300.000000 0.957200
22021 22022 300.000000 1.513901
22023 22024 300.000000 0.957200
22023 22025 300.000000 0.957200
22024 22025 300.000000 1.513901
22026 22027 300.000000 0.957200
22026 22028 300.000000 0.957200
22027 22028 300.000000 1.513901
22029 22030 300.000000 0.957200
22029 22031 300.000000 0.957200
22030 22031 300.000000 1.513901
22032 22033 300.000000 0.957200
22032 22034 300.000000 0.957200
22033 22034 300.000000 1.513901
22035 22036 300.000000 0.957200
22035 22037 300.000000 0.957200
22036 22037 300.000000 1.513901
22038 22039 300.000000 0.957200
22038 22040 300.000000 0.957200
22039 22040 300.000000 1.513901
22041 22042 300.000000 0.957200
22041 22043 300.000000 0.957200
22042 22043 300.000000 1.513901
22044 22045 300.000000 0.957200
22044 22046 300.000000 0.957200
22045 22046 300.000000 1.513901
22047 22048 300.000000 0.957200
22047 22049 300.000000 0.957200
22048 22049 300.000000 1.513901
22050 22051 300.000000 0.957200
22050 22052 300.000000 0.957200
22051 22052 300.000000 1.513901
22053 22054 300.000000 0.957200
22053 22055 300.000000 0.957200
22054 22055 300.000000 1.513901
22056 22057 300.000000 0.957200
22056 22058 300.000000 0.957200
22057 22058 300.000000 1.513901
22059 22060 300.000000 0.957200
22059 22061 300.000000 0.957200
22060 22061 300.000000 1.513901
22062 22063 300.000000 0.957200
22062 22064 300.000000 0.957200
22063 22064 300.000000 1.513901
22065 22066 300.000000 0.957200
22065 22067 300.000000 0.957200
22066 22067 300.000000 1.513901
22068 22069 300.000000 0.957200
22068 22070 300.000000 0.957200
22069 22070 300.000000 1.513901
22071 22072 300.000000 0.957200
22071 22073 300.000000 0.957200
22072 22073 300.000000 1.513901
22074 22075 300.000000 0.957200
22074 22076 300.000000 0.957200
22075 22076 300.000000 1.513901
22077 22078 300.000000 0.957200
22077 22079 300.000000 0.957200
22078 22079 300.000000 1.513901
22080 22081 300.000000 0.957200
22080 22082 300.000000 0.957200
22081 22082 300.000000 1.513901
22083 22084 300.000000 0.957200
22083 22085 300.000000 0.957200
22084 22085 300.000000 1.513901
22086 22087 300.000000 0.957200
22086 22088 300.000000 0.957200
22087 22088 300.000000 1.513901
22089 22090 300.000000 0.957200
22089 22091 300.000000 0.957200
22090 22091 300.000000 1.513901
22092 22093 300.000000 0.957200
22092 22094 300.000000 0.957200
22093 22094 300.000000 1.513901
22095 22096 300.000000 0.957200
22095 22097 300.000000 0.957200
22096 22097 300.000000 1.513901
22098 22099 300.000000 0.957200
22098 22100 300.000000 0.957200
22099 22100 300.000000 1.513901
22101 22102 300.000000 0.957200
22101 22103 300.000000 0.957200
22102 22103 300.000000 1.513901
22104 22105 300.000000 0.957200
22104 22106 300.000000 0.957200
22105 22106 300.000000 1.513901
22107 22108 300.000000 0.957200
22107 22109 300.000000 0.957200
22108 22109 300.000000 1.513901
22110 22111 300.000000 0.957200
22110 22112 300.000000 0.957200
22111 22112 300.000000 1.513901
22113 22114 300.000000 0.957200
22113 22115 300.000000 0.957200
22114 22115 300.000000 1.513901
22116 22117 300.000000 0.957200
22116 22118 300.000000 0.957200
22117 22118 300.000000 1.513901
22119 22120 300.000000 0.957200
22119 22121 300.000000 0.957200
22120 22121 300.000000 1.513901
22122 22123 300.000000 0.957200
22122 22124 300.000000 0.957200
22123 22124 300.000000 1.513901
22125 22126 300.000000 0.957200
22125 22127 300.000000 0.957200
22126 22127 300.000000 1.513901
22128 22129 300.000000 0.957200
22128 22130 300.000000 0.957200
22129 22130 300.000000 1.513901
22131 22132 300.000000 0.957200
22131 22133 300.000000 0.957200
22132 22133 300.000000 1.513901
22134 22135 300.000000 0.957200
22134 22136 300.000000 0.957200
22135 22136 300.000000 1.513901
22137 22138 300.000000 0.957200
22137 22139 300.000000 0.957200
22138 22139 300.000000 1.513901
22140 22141 300.000000 0.957200
22140 22142 300.000000 0.957200
22141 22142 300.000000 1.513901
22143 22144 300.000000 0.957200
22143 22145 300.000000 0.957200
22144 22145 300.000000 1.513901
22146 22147 300.000000 0.957200
22146 22148 300.000000 0.957200
22147 22148 300.000000 1.513901
22149 22150 300.000000 0.957200
22149 22151 300.000000 0.957200
22150 22151 300.000000 1.513901
22152 22153 300.000000 0.957200
22152 22154 300.000000 0.957200
22153 22154 300.000000 1.513901
22155 22156 300.000000 0.957200
22155 22157 300.000000 0.957200
22156 22157 300.000000 1.513901
22158 22159 300.000000 0.957200
22158 22160 300.000000 0.957200
22159 22160 300.000000 1.513901
22161 22162 300.000000 0.957200
22161 22163 300.000000 0.957200
22162 22163 300.000000 1.513901
22164 22165 300.000000 0.957200
22164 22166 300.000000 0.957200
22165 22166 300.000000 1.513901
22167 22168 300.000000 0.957200
22167 22169 300.000000 0.957200
22168 22169 300.000000 1.513901
22170 22171 300.000000 0.957200
22170 22172 300.000000 0.957200
22171 22172 300.000000 1.513901
22173 22174 300.000000 0.957200
22173 22175 300.000000 0.957200
22174 22175 300.000000 1.513901
22176 22177 300.000000 0.957200
22176 22178 300.000000 0.957200
22177 22178 300.000000 1.513901
22179 22180 300.000000 0.957200
22179 22181 300.000000 0.957200
22180 22181 300.000000 1.513901
22182 22183 300.000000 0.957200
22182 22184 300.000000 0.957200
22183 22184 300.000000 1.513901
22185 22186 300.000000 0.957200
22185 22187 300.000000 0.957200
22186 22187 300.000000 1.513901
22188 22189 300.000000 0.957200
22188 22190 300.000000 0.957200
22189 22190 300.000000 1.513901
22191 22192 300.000000 0.957200
22191 22193 300.000000 0.957200
22192 22193 300.000000 1.513901
22194 22195 300.000000 0.957200
22194 22196 300.000000 0.957200
22195 22196 300.000000 1.513901
22197 22198 300.000000 0.957200
22197 22199 300.000000 0.957200
22198 22199 300.000000 1.513901
22200 22201 300.000000 0.957200
22200 22202 300.000000 0.957200
22201 22202 300.000000 1.513901
22203 22204 300.000000 0.957200
22203 22205 300.000000 0.957200
22204 22205 300.000000 1.513901
22206 22207 300.000000 0.957200
22206 22208 300.000000 0.957200
22207 22208 300.000000 1.513901
22209 22210 300.000000 0.957200
22209 22211 300.000000 0.957200
22210 22211 300.000000 1.513901
22212 22213 300.000000 0.957200
22212 22214 300.000000 0.957200
22213 22214 300.000000 1.513901
22215 22216 300.000000 0.957200
22215 22217 300.000000 0.957200
22216 22217 300.000000 1.513901
22218 22219 300.000000 0.957200
22218 22220 300.000000 0.957200
22219 22220 300.000000 1.513901
22221 22222 300.000000 0.957200
22221 22223 300.000000 0.957200
22222 22223 300.000000 1.513901
22224 22225 300.000000 0.957200
22224 22226 300.000000 0.957200
22225 22226 300.000000 1.513901
22227 22228 300.000000 0.957200
22227 22229 300.000000 0.957200
22228 22229 300.000000 1.513901
22230 22231 300.000000 0.957200
22230 22232 300.000000 0.957200
22231 22232 300.000000 1.513901
22233 22234 300.000000 0.957200
22233 22235 300.000000 0.957200
22234 22235 300.000000 1.513901
22236 22237 300.000000 0.957200
22236 22238 300.000000 0.957200
22237 22238 300.000000 1.513901
22239 22240 300.000000 0.957200
22239 22241 300.000000 0.957200
22240 22241 300.000000 1.513901
22242 22243 300.000000 0.957200
22242 22244 300.000000 0.957200
22243 22244 300.000000 1.513901
22245 22246 300.000000 0.957200
22245 22247 300.000000 0.957200
22246 22247 300.000000 1.513901
22248 22249 300.000000 0.957200
22248 22250 300.000000 0.957200
22249 22250 300.000000 1.513901
22251 22252 300.000000 0.957200
22251 22253 300.000000 0.957200
22252 22253 300.000000 1.513901
22254 22255 300.000000 0.957200
22254 22256 300.000000 0.957200
22255 22256 300.000000 1.513901
22257 22258 300.000000 0.957200
22257 22259 300.000000 0.957200
22258 22259 300.000000 1.513901
22260 22261 300.000000 0.957200
22260 22262 300.000000 0.957200
22261 22262 300.000000 1.513901
22263 22264 300.000000 0.957200
22263 22265 300.000000 0.957200
22264 22265 300.000000 1.513901
22266 22267 300.000000 0.957200
22266 22268 300.000000 0.957200
22267 22268 300.000000 1.513901
22269 22270 300.000000 0.957200
22269 22271 300.000000 0.957200
22270 22271 300.000000 1.513901
22272 22273 300.000000 0.957200
22272 22274 300.000000 0.957200
22273 22274 300.000000 1.513901
22275 22276 300.000000 0.957200
22275 22277 300.000000 0.957200
22276 22277 300.000000 1.513901
22278 22279 300.000000 0.957200
22278 22280 300.000000 0.957200
22279 22280 300.000000 1.513901
22281 22282 300.000000 0.957200
22281 22283 300.000000 0.957200
22282 22283 300.000000 1.513901
22284 22285 300.000000 0.957200
22284 22286 300.000000 0.957200
22285 22286 300.000000 1.513901
22287 22288 300.000000 0.957200
22287 22289 300.000000 0.957200
22288 22289 300.000000 1.513901
22290 22291 300.000000 0.957200
22290 22292 300.000000 0.957200
22291 22292 300.000000 1.513901
22293 22294 300.000000 0.957200
22293 22295 300.000000 0.957200
22294 22295 300.000000 1.513901
22296 22297 300.000000 0.957200
22296 22298 300.000000 0.957200
22297 22298 300.000000 1.513901
22299 22300 300.000000 0.957200
22299 22301 300.000000 0.957200
22300 22301 300.000000 1.513901
22302 22303 300.000000 0.957200
22302 22304 300.000000 0.957200
22303 22304 300.000000 1.513901
22305 22306 300.000000 0.957200
22305 22307 300.000000 0.957200
22306 22307 300.000000 1.513901
22308 22309 300.000000 0.957200
22308 22310 300.000000 0.957200
22309 22310 300.000000 1.513901
22311 22312 300.000000 0.957200
22311 22313 300.000000 0.957200
22312 22313 300.000000 1.513901
22314 22315 300.000000 0.957200
22314 22316 300.000000 0.957200
22315 22316 300.000000 1.513901
22317 22318 300.000000 0.957200
22317 22319 300.000000 0.957200
22318 22319 300.000000 1.513901
22320 22321 300.000000 0.957200
22320 22322 300.000000 0.957200
22321 22322 300.000000 1.513901
22323 22324 300.000000 0.957200
22323 22325 300.000000 0.957200
22324 22325 300.000000 1.513901
22326 22327 300.000000 0.957200
22326 22328 300.000000 0.957200
22327 22328 300.000000 1.513901
22329 22330 300.000000 0.957200
22329 22331 300.000000 0.957200
22330 22331 300.000000 1.513901
22332 22333 300.000000 0.957200
22332 22334 300.000000 0.957200
22333 22334 300.000000 1.513901
22335 22336 300.000000 0.957200
22335 22337 300.000000 0.957200
22336 22337 300.000000 1.513901
22338 22339 300.000000 0.957200
22338 22340 300.000000 0.957200
22339 22340 300.000000 1.513901
22341 22342 300.000000 0.957200
22341 22343 300.000000 0.957200
22342 22343 300.000000 1.513901
22344 22345 300.000000 0.957200
22344 22346 300.000000 0.957200
22345 22346 300.000000 1.513901
22347 22348 300.000000 0.957200
22347 22349 300.000000 0.957200
22348 22349 300.000000 1.513901
22350 22351 300.000000 0.957200
22350 22352 300.000000 0.957200
22351 22352 300.000000 1.513901
22353 22354 300.000000 0.957200
22353 22355 300.000000 0.957200
22354 22355 300.000000 1.513901
22356 22357 300.000000 0.957200
22356 22358 300.000000 0.957200
22357 22358 300.000000 1.513901
22359 22360 300.000000 0.957200
22359 22361 300.000000 0.957200
22360 22361 300.000000 1.513901
22362 22363 300.000000 0.957200
22362 22364 300.000000 0.957200
22363 22364 300.000000 1.513901
22365 22366 300.000000 0.957200
22365 22367 300.000000 0.957200
22366 22367 300.000000 1.513901
22368 22369 300.000000 0.957200
22368 22370 300.000000 0.957200
22369 22370 300.000000 1.513901
22371 22372 300.000000 0.957200
22371 22373 300.000000 0.957200
22372 22373 300.000000 1.513901
22374 22375 300.000000 0.957200
22374 22376 300.000000 0.957200
22375 22376 300.000000 1.513901
22377 22378 300.000000 0.957200
22377 22379 300.000000 0.957200
22378 22379 300.000000 1.513901
22380 22381 300.000000 0.957200
22380 22382 300.000000 0.957200
22381 22382 300.000000 1.513901
22383 22384 300.000000 0.957200
22383 22385 300.000000 0.957200
22384 22385 300.000000 1.513901
22386 22387 300.000000 0.957200
22386 22388 300.000000 0.957200
22387 22388 300.000000 1.513901
22389 22390 300.000000 0.957200
22389 22391 300.000000 0.957200
22390 22391 300.000000 1.513901
22392 22393 300.000000 0.957200
22392 22394 300.000000 0.957200
22393 22394 300.000000 1.513901
22395 22396 300.000000 0.957200
22395 22397 300.000000 0.957200
22396 22397 300.000000 1.513901
22398 22399 300.000000 0.957200
22398 22400 300.000000 0.957200
22399 22400 300.000000 1.513901
22401 22402 300.000000 0.957200
22401 22403 300.000000 0.957200
22402 22403 300.000000 1.513901
22404 22405 300.000000 0.957200
22404 22406 300.000000 0.957200
22405 22406 300.000000 1.513901
22407 22408 300.000000 0.957200
22407 22409 300.000000 0.957200
22408 22409 300.000000 1.513901
22410 22411 300.000000 0.957200
22410 22412 300.000000 0.957200
22411 22412 300.000000 1.513901
22413 22414 300.000000 0.957200
22413 22415 300.000000 0.957200
22414 22415 300.000000 1.513901
22416 22417 300.000000 0.957200
22416 22418 300.000000 0.957200
22417 22418 300.000000 1.513901
22419 22420 300.000000 0.957200
22419 22421 300.000000 0.957200
22420 22421 300.000000 1.513901
22422 22423 300.000000 0.957200
22422 22424 300.000000 0.957200
22423 22424 300.000000 1.513901
22425 22426 300.000000 0.957200
22425 22427 300.000000 0.957200
22426 22427 300.000000 1.513901
22428 22429 300.000000 0.957200
22428 22430 300.000000 0.957200
22429 22430 300.000000 1.513901
22431 22432 300.000000 0.957200
22431 22433 300.000000 0.957200
22432 22433 300.000000 1.513901
22434 22435 300.000000 0.957200
22434 22436 300.000000 0.957200
22435 22436 300.000000 1.513901
22437 22438 300.000000 0.957200
22437 22439 300.000000 0.957200
22438 22439 300.000000 1.513901
22440 22441 300.000000 0.957200
22440 22442 300.000000 0.957200
22441 22442 300.000000 1.513901
22443 22444 300.000000 0.957200
22443 22445 300.000000 0.957200
22444 22445 300.000000 1.513901
22446 22447 300.000000 0.957200
22446 22448 300.000000 0.957200
22447 22448 300.000000 1.513901
22449 22450 300.000000 0.957200
22449 22451 300.000000 0.957200
22450 22451 300.000000 1.513901
22452 22453 300.000000 0.957200
22452 22454 300.000000 0.957200
22453 22454 300.000000 1.513901
22455 22456 300.000000 0.957200
22455 22457 300.000000 0.957200
22456 22457 300.000000 1.513901
22458 22459 300.000000 0.957200
22458 22460 300.000000 0.957200
22459 22460 300.000000 1.513901
22461 22462 300.000000 0.957200
22461 22463 300.000000 0.957200
22462 22463 300.000000 1.513901
22464 22465 300.000000 0.957200
22464 22466 300.000000 0.957200
22465 22466 300.000000 1.513901
22467 22468 300.000000 0.957200
22467 22469 300.000000 0.957200
22468 22469 300.000000 1.513901
22470 22471 300.000000 0.957200
22470 22472 300.000000 0.957200
22471 22472 300.000000 1.513901
22473 22474 300.000000 0.957200
22473 22475 300.000000 0.957200
22474 22475 300.000000 1.513901
22476 22477 300.000000 0.957200
22476 22478 300.000000 0.957200
22477 22478 300.000000 1.513901
22479 22480 300.000000 0.957200
22479 22481 300.000000 0.957200
22480 22481 300.000000 1.513901
22482 22483 300.000000 0.957200
22482 22484 300.000000 0.957200
22483 22484 300.000000 1.513901
22485 22486 300.000000 0.957200
22485 22487 300.000000 0.957200
22486 22487 300.000000 1.513901
22488 22489 300.000000 0.957200
22488 22490 300.000000 0.957200
22489 22490 300.000000 1.513901
22491 22492 300.000000 0.957200
22491 22493 300.000000 0.957200
22492 22493 300.000000 1.513901
22494 22495 300.000000 0.957200
22494 22496 300.000000 0.957200
22495 22496 300.000000 1.513901
22497 22498 300.000000 0.957200
22497 22499 300.000000 0.957200
22498 22499 300.000000 1.513901
22500 22501 300.000000 0.957200
22500 22502 300.000000 0.957200
22501 22502 300.000000 1.513901
22503 22504 300.000000 0.957200
22503 22505 300.000000 0.957200
22504 22505 300.000000 1.513901
22506 22507 300.000000 0.957200
22506 22508 300.000000 0.957200
22507 22508 300.000000 1.513901
22509 22510 300.000000 0.957200
22509 22511 300.000000 0.957200
22510 22511 300.000000 1.513901
22512 22513 300.000000 0.957200
22512 22514 300.000000 0.957200
22513 22514 300.000000 1.513901
22515 22516 300.000000 0.957200
22515 22517 300.000000 0.957200
22516 22517 300.000000 1.513901
22518 22519 300.000000 0.957200
22518 22520 300.000000 0.957200
22519 22520 300.000000 1.513901
22521 22522 300.000000 0.957200
22521 22523 300.000000 0.957200
22522 22523 300.000000 1.513901
22524 22525 300.000000 0.957200
22524 22526 300.000000 0.957200
22525 22526 300.000000 1.513901
22527 22528 300.000000 0.957200
22527 22529 300.000000 0.957200
22528 22529 300.000000 1.513901
22530 22531 300.000000 0.957200
22530 22532 300.000000 0.957200
22531 22532 300.000000 1.513901
22533 22534 300.000000 0.957200
22533 22535 300.000000 0.957200
22534 22535 300.000000 1.513901
22536 22537 300.000000 0.957200
22536 22538 300.000000 0.957200
22537 22538 300.000000 1.513901
22539 22540 300.000000 0.957200
22539 22541 300.000000 0.957200
22540 22541 300.000000 1.513901
22542 22543 300.000000 0.957200
22542 22544 300.000000 0.957200
22543 22544 300.000000 1.513901
22545 22546 300.000000 0.957200
22545 22547 300.000000 0.957200
22546 22547 300.000000 1.513901
22548 22549 300.000000 0.957200
22548 22550 300.000000 0.957200
22549 22550 300.000000 1.513901
22551 22552 300.000000 0.957200
22551 22553 300.000000 0.957200
22552 22553 300.000000 1.513901
22554 22555 300.000000 0.957200
22554 22556 300.000000 0.957200
22555 22556 300.000000 1.513901
22557 22558 300.000000 0.957200
22557 22559 300.000000 0.957200
22558 22559 300.000000 1.513901
22560 22561 300.000000 0.957200
22560 22562 300.000000 0.957200
22561 22562 300.000000 1.513901
22563 22564 300.000000 0.957200
22563 22565 300.000000 0.957200
22564 22565 300.000000 1.513901
22566 22567 300.000000 0.957200
22566 22568 300.000000 0.957200
22567 22568 300.000000 1.513901
22569 22570 300.000000 0.957200
22569 22571 300.000000 0.957200
22570 22571 300.000000 1.513901
22572 22573 300.000000 0.957200
22572 22574 300.000000 0.957200
22573 22574 300.000000 1.513901
22575 22576 300.000000 0.957200
22575 22577 300.000000 0.957200
22576 22577 300.000000 1.513901
22578 22579 300.000000 0.957200
22578 22580 300.000000 0.957200
22579 22580 300.000000 1.513901
22581 22582 300.000000 0.957200
22581 22583 300.000000 0.957200
22582 22583 300.000000 1.513901
22584 22585 300.000000 0.957200
22584 22586 300.000000 0.957200
22585 22586 300.000000 1.513901
22587 22588 300.000000 0.957200
22587 22589 300.000000 0.957200
22588 22589 300.000000 1.513901
22590 22591 300.000000 0.957200
22590 22592 300.000000 0.957200
22591 22592 300.000000 1.513901
22593 22594 300.000000 0.957200
22593 22595 300.000000 0.957200
22594 22595 300.000000 1.513901
22596 22597 300.000000 0.957200
22596 22598 300.000000 0.957200
22597 22598 300.000000 1.513901
22599 22600 300.000000 0.957200
22599 22601 300.000000 0.957200
22600 22601 300.000000 1.513901
22602 22603 300.000000 0.957200
22602 22604 300.000000 0.957200
22603 22604 300.000000 1.513901
22605 22606 300.000000 0.957200
22605 22607 300.000000 0.957200
22606 22607 300.000000 1.513901
22608 22609 300.000000 0.957200
22608 22610 300.000000 0.957200
22609 22610 300.000000 1.513901
22611 22612 300.000000 0.957200
22611 22613 300.000000 0.957200
22612 22613 300.000000 1.513901
22614 22615 300.000000 0.957200
22614 22616 300.000000 0.957200
22615 22616 300.000000 1.513901
22617 22618 300.000000 0.957200
22617 22619 300.000000 0.957200
22618 22619 300.000000 1.513901
22620 22621 300.000000 0.957200
22620 22622 300.000000 0.957200
22621 22622 300.000000 1.513901
22623 22624 300.000000 0.957200
22623 22625 300.000000 0.957200
22624 22625 300.000000 1.513901
22626 22627 300.000000 0.957200
22626 22628 300.000000 0.957200
22627 22628 300.000000 1.513901
22629 22630 300.000000 0.957200
22629 22631 300.000000 0.957200
22630 22631 300.000000 1.513901
22632 22633 300.000000 0.957200
22632 22634 300.000000 0.957200
22633 22634 300.000000 1.513901
22635 22636 300.000000 0.957200
22635 22637 300.000000 0.957200
22636 22637 300.000000 1.513901
22638 22639 300.000000 0.957200
22638 22640 300.000000 0.957200
22639 22640 300.000000 1.513901
22641 22642 300.000000 0.957200
22641 22643 300.000000 0.957200
22642 22643 300.000000 1.513901
22644 22645 300.000000 0.957200
22644 22646 300.000000 0.957200
22645 22646 300.000000 1.513901
22647 22648 300.000000 0.957200
22647 22649 300.000000 0.957200
22648 22649 300.000000 1.513901
22650 22651 300.000000 0.957200
22650 22652 300.000000 0.957200
22651 22652 300.000000 1.513901
22653 22654 300.000000 0.957200
22653 22655 300.000000 0.957200
22654 22655 300.000000 1.513901
22656 22657 300.000000 0.957200
22656 22658 300.000000 0.957200
22657 22658 300.000000 1.513901
22659 22660 300.000000 0.957200
22659 22661 300.000000 0.957200
22660 22661 300.000000 1.513901
22662 22663 300.000000 0.957200
22662 22664 300.000000 0.957200
22663 22664 300.000000 1.513901
22665 22666 300.000000 0.957200
22665 22667 300.000000 0.957200
22666 22667 300.000000 1.513901
22668 22669 300.000000 0.957200
22668 22670 300.000000 0.957200
22669 22670 300.000000 1.513901
22671 22672 300.000000 0.957200
22671 22673 300.000000 0.957200
22672 22673 300.000000 1.513901
22674 22675 300.000000 0.957200
22674 22676 300.000000 0.957200
22675 22676 300.000000 1.513901
22677 22678 300.000000 0.957200
22677 22679 300.000000 0.957200
22678 22679 300.000000 1.513901
22680 22681 300.000000 0.957200
22680 22682 300.000000 0.957200
22681 22682 300.000000 1.513901
22683 22684 300.000000 0.957200
22683 22685 300.000000 0.957200
22684 22685 300.000000 1.513901
22686 22687 300.000000 0.957200
22686 22688 300.000000 0.957200
22687 22688 300.000000 1.513901
22689 22690 300.000000 0.957200
22689 22691 300.000000 0.957200
22690 22691 300.000000 1.513901
22692 22693 300.000000 0.957200
22692 22694 300.000000 0.957200
22693 22694 300.000000 1.513901
22695 22696 300.000000 0.957200
22695 22697 300.000000 0.957200
22696 22697 300.000000 1.513901
22698 22699 300.000000 0.957200
22698 22700 300.000000 0.957200
22699 22700 300.000000 1.513901
22701 22702 300.000000 0.957200
22701 22703 300.000000 0.957200
22702 22703 300.000000 1.513901
22704 22705 300.000000 0.957200
22704 22706 300.000000 0.957200
22705 22706 300.000000 1.513901
22707 22708 300.000000 0.957200
22707 22709 300.000000 0.957200
22708 22709 300.000000 1.513901
22710 22711 300.000000 0.957200
22710 22712 300.000000 0.957200
22711 22712 300.000000 1.513901
22713 22714 300.000000 0.957200
22713 22715 300.000000 0.957200
22714 22715 300.000000 1.513901
22716 22717 300.000000 0.957200
22716 22718 300.000000 0.957200
22717 22718 300.000000 1.513901
22719 22720 300.000000 0.957200
22719 22721 300.000000 0.957200
22720 22721 300.000000 1.513901
22722 22723 300.000000 0.957200
22722 22724 300.000000 0.957200
22723 22724 300.000000 1.513901
22725 22726 300.000000 0.957200
22725 22727 300.000000 0.957200
22726 22727 300.000000 1.513901
22728 22729 300.000000 0.957200
22728 22730 300.000000 0.957200
22729 22730 300.000000 1.513901
22731 22732 300.000000 0.957200
22731 22733 300.000000 0.957200
22732 22733 300.000000 1.513901
22734 22735 300.000000 0.957200
22734 22736 300.000000 0.957200
22735 22736 300.000000 1.513901
22737 22738 300.000000 0.957200
22737 22739 300.000000 0.957200
22738 22739 300.000000 1.513901
22740 22741 300.000000 0.957200
22740 22742 300.000000 0.957200
22741 22742 300.000000 1.513901
22743 22744 300.000000 0.957200
22743 22745 300.000000 0.957200
22744 22745 300.000000 1.513901
22746 22747 300.000000 0.957200
22746 22748 300.000000 0.957200
22747 22748 300.000000 1.513901
22749 22750 300.000000 0.957200
22749 22751 300.000000 0.957200
22750 22751 300.000000 1.513901
22752 22753 300.000000 0.957200
22752 22754 300.000000 0.957200
22753 22754 300.000000 1.513901
22755 22756 300.000000 0.957200
22755 22757 300.000000 0.957200
22756 22757 300.000000 1.513901
22758 22759 300.000000 0.957200
22758 22760 300.000000 0.957200
22759 22760 300.000000 1.513901
22761 22762 300.000000 0.957200
22761 22763 300.000000 0.957200
22762 22763 300.000000 1.513901
22764 22765 300.000000 0.957200
22764 22766 300.000000 0.957200
22765 22766 300.000000 1.513901
22767 22768 300.000000 0.957200
22767 22769 300.000000 0.957200
22768 22769 300.000000 1.513901
22770 22771 300.000000 0.957200
22770 22772 300.000000 0.957200
22771 22772 300.000000 1.513901
22773 22774 300.000000 0.957200
22773 22775 300.000000 0.957200
22774 22775 300.000000 1.513901
22776 22777 300.000000 0.957200
22776 22778 300.000000 0.957200
22777 22778 300.000000 1.513901
22779 22780 300.000000 0.957200
22779 22781 300.000000 0.957200
22780 22781 300.000000 1.513901
22782 22783 300.000000 0.957200
22782 22784 300.000000 0.957200
22783 22784 300.000000 1.513901
22785 22786 300.000000 0.957200
22785 22787 300.000000 0.957200
22786 22787 300.000000 1.513901
22788 22789 300.000000 0.957200
22788 22790 300.000000 0.957200
22789 22790 300.000000 1.513901
22791 22792 300.000000 0.957200
22791 22793 300.000000 0.957200
22792 22793 300.000000 1.513901
22794 22795 300.000000 0.957200
22794 22796 300.000000 0.957200
22795 22796 300.000000 1.513901
22797 22798 300.000000 0.957200
22797 22799 300.000000 0.957200
22798 22799 300.000000 1.513901
22800 22801 300.000000 0.957200
22800 22802 300.000000 0.957200
22801 22802 300.000000 1.513901
22803 22804 300.000000 0.957200
22803 22805 300.000000 0.957200
22804 22805 300.000000 1.513901
22806 22807 300.000000 0.957200
22806 22808 300.000000 0.957200
22807 22808 300.000000 1.513901
22809 22810 300.000000 0.957200
22809 22811 300.000000 0.957200
22810 22811 300.000000 1.513901
22812 22813 300.000000 0.957200
22812 22814 300.000000 0.957200
22813 22814 300.000000 1.513901
22815 22816 300.000000 0.957200
22815 22817 300.000000 0.957200
22816 22817 300.000000 1.513901
22818 22819 300.000000 0.957200
22818 22820 300.000000 0.957200
22819 22820 300.000000 1.513901
22821 22822 300.000000 0.957200
22821 22823 300.000000 0.957200
22822 22823 300.000000 1.513901
22824 22825 300.000000 0.957200
22824 22826 300.000000 0.957200
22825 22826 300.000000 1.513901
22827 22828 300.000000 0.957200
22827 22829 300.000000 0.957200
22828 22829 300.000000 1.513901
22830 22831 300.000000 0.957200
22830 22832 300.000000 0.957200
22831 22832 300.000000 1.513901
22833 22834 300.000000 0.957200
22833 22835 300.000000 0.957200
22834 22835 300.000000 1.513901
22836 22837 300.000000 0.957200
22836 22838 300.000000 0.957200
22837 22838 300.000000 1.513901
22839 22840 300.000000 0.957200
22839 22841 300.000000 0.957200
22840 22841 300.000000 1.513901
22842 22843 300.000000 0.957200
22842 22844 300.000000 0.957200
22843 22844 300.000000 1.513901
22845 22846 300.000000 0.957200
22845 22847 300.000000 0.957200
22846 22847 300.000000 1.513901
22848 22849 300.000000 0.957200
22848 22850 300.000000 0.957200
22849 22850 300.000000 1.513901
22851 22852 300.000000 0.957200
22851 22853 300.000000 0.957200
22852 22853 300.000000 1.513901
22854 22855 300.000000 0.957200
22854 22856 300.000000 0.957200
22855 22856 300.000000 1.513901
22857 22858 300.000000 0.957200
22857 22859 300.000000 0.957200
22858 22859 300.000000 1.513901
22860 22861 300.000000 0.957200
22860 22862 300.000000 0.957200
22861 22862 300.000000 1.513901
22863 22864 300.000000 0.957200
22863 22865 300.000000 0.957200
22864 22865 300.000000 1.513901
22866 22867 300.000000 0.957200
22866 22868 300.000000 0.957200
22867 22868 300.000000 1.513901
22869 22870 300.000000 0.957200
22869 22871 300.000000 0.957200
22870 22871 300.000000 1.513901
22872 22873 300.000000 0.957200
22872 22874 300.000000 0.957200
22873 22874 300.000000 1.513901
22875 22876 300.000000 0.957200
22875 22877 300.000000 0.957200
22876 22877 300.000000 1.513901
22878 22879 300.000000 0.957200
22878 22880 300.000000 0.957200
22879 22880 300.000000 1.513901
22881 22882 300.000000 0.957200
22881 22883 300.000000 0.957200
22882 22883 300.000000 1.513901
22884 22885 300.000000 0.957200
22884 22886 300.000000 0.957200
22885 22886 300.000000 1.513901
22887 22888 300.000000 0.957200
22887 22889 300.000000 0.957200
22888 22889 300.000000 1.513901
22890 22891 300.000000 0.957200
22890 22892 300.000000 0.957200
22891 22892 300.000000 1.513901
22893 22894 300.000000 0.957200
22893 22895 300.000000 0.957200
22894 22895 300.000000 1.513901
22896 22897 300.000000 0.957200
22896 22898 300.000000 0.957200
22897 22898 300.000000 1.513901
22899 22900 300.000000 0.957200
22899 22901 300.000000 0.957200
22900 22901 300.000000 1.513901
22902 22903 300.000000 0.957200
22902 22904 300.000000 0.957200
22903 22904 300.000000 1.513901
22905 22906 300.000000 0.957200
22905 22907 300.000000 0.957200
22906 22907 300.000000 1.513901
22908 22909 300.000000 0.957200
22908 22910 300.000000 0.957200
22909 22910 300.000000 1.513901
22911 22912 300.000000 0.957200
22911 22913 300.000000 0.957200
22912 22913 300.000000 1.513901
22914 22915 300.000000 0.957200
22914 22916 300.000000 0.957200
22915 22916 300.000000 1.513901
22917 22918 300.000000 0.957200
22917 22919 300.000000 0.957200
22918 22919 300.000000 1.513901
22920 22921 300.000000 0.957200
22920 22922 300.000000 0.957200
22921 22922 300.000000 1.513901
22923 22924 300.000000 0.957200
22923 22925 300.000000 0.957200
22924 22925 300.000000 1.513901
22926 22927 300.000000 0.957200
22926 22928 300.000000 0.957200
22927 22928 300.000000 1.513901
22929 22930 300.000000 0.957200
22929 22931 300.000000 0.957200
22930 22931 300.000000 1.513901
22932 22933 300.000000 0.957200
22932 22934 300.000000 0.957200
22933 22934 300.000000 1.513901
22935 22936 300.000000 0.957200
22935 22937 300.000000 0.957200
22936 22937 300.000000 1.513901
22938 22939 300.000000 0.957200
22938 22940 300.000000 0.957200
22939 22940 300.000000 1.513901
22941 22942 300.000000 0.957200
22941 22943 300.000000 0.957200
22942 22943 300.000000 1.513901
22944 22945 300.000000 0.957200
22944 22946 300.000000 0.957200
22945 22946 300.000000 1.513901
22947 22948 300.000000 0.957200
22947 22949 300.000000 0.957200
22948 22949 300.000000 1.513901
22950 22951 300.000000 0.957200
22950 22952 300.000000 0.957200
22951 22952 300.000000 1.513901
22953 22954 300.000000 0.957200
22953 22955 300.000000 0.957200
22954 22955 300.000000 1.513901
22956 22957 300.000000 0.957200
22956 22958 300.000000 0.957200
22957 22958 300.000000 1.513901
22959 22960 300.000000 0.957200
22959 22961 300.000000 0.957200
22960 22961 300.000000 1.513901
22962 22963 300.000000 0.957200
22962 22964 300.000000 0.957200
22963 22964 300.000000 1.513901
22965 22966 300.000000 0.957200
22965 22967 300.000000 0.957200
22966 22967 300.000000 1.513901
22968 22969 300.000000 0.957200
22968 22970 300.000000 0.957200
22969 22970 300.000000 1.513901
22971 22972 300.000000 0.957200
22971 22973 300.000000 0.957200
22972 22973 300.000000 1.513901
22974 22975 300.000000 0.957200
22974 22976 300.000000 0.957200
22975 22976 300.000000 1.513901
22977 22978 300.000000 0.957200
22977 22979 300.000000 0.957200
22978 22979 300.000000 1.513901
22980 22981 300.000000 0.957200
22980 22982 300.000000 0.957200
22981 22982 300.000000 1.513901
22983 22984 300.000000 0.957200
22983 22985 300.000000 0.957200
22984 22985 300.000000 1.513901
22986 22987 300.000000 0.957200
22986 22988 300.000000 0.957200
22987 22988 300.000000 1.513901
22989 22990 300.000000 0.957200
22989 22991 300.000000 0.957200
22990 22991 300.000000 1.513901
22992 22993 300.000000 0.957200
22992 22994 300.000000 0.957200
22993 22994 300.000000 1.513901
22995 22996 300.000000 0.957200
22995 22997 300.000000 0.957200
22996 22997 300.000000 1.513901
22998 22999 300.000000 0.957200
22998 23000 300.000000 0.957200
22999 23000 300.000000 1.513901
23001 23002 300.000000 0.957200
23001 23003 300.000000 0.957200
23002 23003 300.000000 1.513901
23004 23005 300.000000 0.957200
23004 23006 300.000000 0.957200
23005 23006 300.000000 1.513901
23007 23008 300.000000 0.957200
23007 23009 300.000000 0.957200
23008 23009 300.000000 1.513901
23010 23011 300.000000 0.957200
23010 23012 300.000000 0.957200
23011 23012 300.000000 1.513901
23013 23014 300.000000 0.957200
23013 23015 300.000000 0.957200
23014 23015 300.000000 1.513901
23016 23017 300.000000 0.957200
23016 23018 300.000000 0.957200
23017 23018 300.000000 1.513901
23019 23020 300.000000 0.957200
23019 23021 300.000000 0.957200
23020 23021 300.000000 1.513901
23022 23023 300.000000 0.957200
23022 23024 300.000000 0.957200
23023 23024 300.000000 1.513901
23025 23026 300.000000 0.957200
23025 23027 300.000000 0.957200
23026 23027 300.000000 1.513901
23028 23029 300.000000 0.957200
23028 23030 300.000000 0.957200
23029 23030 300.000000 1.513901
23031 23032 300.000000 0.957200
23031 23033 300.000000 0.957200
23032 23033 300.000000 1.513901
23034 23035 300.000000 0.957200
23034 23036 300.000000 0.957200
23035 23036 300.000000 1.513901
23037 23038 300.000000 0.957200
23037 23039 300.000000 0.957200
23038 23039 300.000000 1.513901
23040 23041 300.000000 0.957200
23040 23042 300.000000 0.957200
23041 23042 300.000000 1.513901
23043 23044 300.000000 0.957200
23043 23045 300.000000 0.957200
23044 23045 300.000000 1.513901
23046 23047 300.000000 0.957200
23046 23048 300.000000 0.957200
23047 23048 300.000000 1.513901
23049 23050 300.000000 0.957200
23049 23051 300.000000 0.957200
23050 23051 300.000000 1.513901
23052 23053 300.000000 0.957200
23052 23054 300.000000 0.957200
23053 23054 300.000000 1.513901
23055 23056 300.000000 0.957200
23055 23057 300.000000 0.957200
23056 23057 300.000000 1.513901
23058 23059 300.000000 0.957200
23058 23060 300.000000 0.957200
23059 23060 300.000000 1.513901
23061 23062 300.000000 0.957200
23061 23063 300.000000 0.957200
23062 23063 300.000000 1.513901
23064 23065 300.000000 0.957200
23064 23066 300.000000 0.957200
23065 23066 300.000000 1.513901
23067 23068 300.000000 0.957200
23067 23069 300.000000 0.957200
23068 23069 300.000000 1.513901
23070 23071 300.000000 0.957200
23070 23072 300.000000 0.957200
23071 23072 300.000000 1.513901
23073 23074 300.000000 0.957200
23073 23075 300.000000 0.957200
23074 23075 300.000000 1.513901
23076 23077 300.000000 0.957200
23076 23078 300.000000 0.957200
23077 23078 300.000000 1.513901
23079 23080 300.000000 0.957200
23079 23081 300.000000 0.957200
23080 23081 300.000000 1.513901
23082 23083 300.000000 0.957200
23082 23084 300.000000 0.957200
23083 23084 300.000000 1.513901
23085 23086 300.000000 0.957200
23085 23087 300.000000 0.957200
23086 23087 300.000000 1.513901
23088 23089 300.000000 0.957200
23088 23090 300.000000 0.957200
23089 23090 300.000000 1.513901
23091 23092 300.000000 0.957200
23091 23093 300.000000 0.957200
23092 23093 300.000000 1.513901
23094 23095 300.000000 0.957200
23094 23096 300.000000 0.957200
23095 23096 300.000000 1.513901
23097 23098 300.000000 0.957200
23097 23099 300.000000 0.957200
23098 23099 300.000000 1.513901
23100 23101 300.000000 0.957200
23100 23102 300.000000 0.957200
23101 23102 300.000000 1.513901
23103 23104 300.000000 0.957200
23103 23105 300.000000 0.957200
23104 23105 300.000000 1.513901
23106 23107 300.000000 0.957200
23106 23108 300.000000 0.957200
23107 23108 300.000000 1.513901
23109 23110 300.000000 0.957200
23109 23111 300.000000 0.957200
23110 23111 300.000000 1.513901
23112 23113 300.000000 0.957200
23112 23114 300.000000 0.957200
23113 23114 300.000000 1.513901
23115 23116 300.000000 0.957200
23115 23117 300.000000 0.957200
23116 23117 300.000000 1.513901
23118 23119 300.000000 0.957200
23118 23120 300.000000 0.957200
23119 23120 300.000000 1.513901
23121 23122 300.000000 0.957200
23121 23123 300.000000 0.957200
23122 23123 300.000000 1.513901
23124 23125 300.000000 0.957200
23124 23126 300.000000 0.957200
23125 23126 300.000000 1.513901
23127 23128 300.000000 0.957200
23127 23129 300.000000 0.957200
23128 23129 300.000000 1.513901
23130 23131 300.000000 0.957200
23130 23132 300.000000 0.957200
23131 23132 300.000000 1.513901
23133 23134 300.000000 0.957200
23133 23135 300.000000 0.957200
23134 23135 300.000000 1.513901
23136 23137 300.000000 0.957200
23136 23138 300.000000 0.957200
23137 23138 300.000000 1.513901
23139 23140 300.000000 0.957200
23139 23141 300.000000 0.957200
23140 23141 300.000000 1.513901
23142 23143 300.000000 0.957200
23142 23144 300.000000 0.957200
23143 23144 300.000000 1.513901
23145 23146 300.000000 0.957200
23145 23147 300.000000 0.957200
23146 23147 300.000000 1.513901
23148 23149 300.000000 0.957200
23148 23150 300.000000 0.957200
23149 23150 300.000000 1.513901
23151 23152 300.000000 0.957200
23151 23153 300.000000 0.957200
23152 23153 300.000000 1.513901
23154 23155 300.000000 0.957200
23154 23156 300.000000 0.957200
23155 23156 300.000000 1.513901
23157 23158 300.000000 0.957200
23157 23159 300.000000 0.957200
23158 23159 300.000000 1.513901
23160 23161 300.000000 0.957200
23160 23162 300.000000 0.957200
23161 23162 300.000000 1.513901
23163 23164 300.000000 0.957200
23163 23165 300.000000 0.957200
23164 23165 300.000000 1.513901
23166 23167 300.000000 0.957200
23166 23168 300.000000 0.957200
23167 23168 300.000000 1.513901
23169 23170 300.000000 0.957200
23169 23171 300.000000 0.957200
23170 23171 300.000000 1.513901
23172 23173 300.000000 0.957200
23172 23174 300.000000 0.957200
23173 23174 300.000000 1.513901
23175 23176 300.000000 0.957200
23175 23177 300.000000 0.957200
23176 23177 300.000000 1.513901
23178 23179 300.000000 0.957200
23178 23180 300.000000 0.957200
23179 23180 300.000000 1.513901
23181 23182 300.000000 0.957200
23181 23183 300.000000 0.957200
23182 23183 300.000000 1.513901
23184 23185 300.000000 0.957200
23184 23186 300.000000 0.957200
23185 23186 300.000000 1.513901
23187 23188 300.000000 0.957200
23187 23189 300.000000 0.957200
23188 23189 300.000000 1.513901
23190 23191 300.000000 0.957200
23190 23192 300.000000 0.957200
23191 23192 300.000000 1.513901
23193 23194 300.000000 0.957200
23193 23195 300.000000 0.957200
23194 23195 300.000000 1.513901
23196 23197 300.000000 0.957200
23196 23198 300.000000 0.957200
23197 23198 300.000000 1.513901
23199 23200 300.000000 0.957200
23199 23201 300.000000 0.957200
23200 23201 300.000000 1.513901
23202 23203 300.000000 0.957200
23202 23204 300.000000 0.957200
23203 23204 300.000000 1.513901
23205 23206 300.000000 0.957200
23205 23207 300.000000 0.957200
23206 23207 300.000000 1.513901
23208 23209 300.000000 0.957200
23208 23210 300.000000 0.957200
23209 23210 300.000000 1.513901
23211 23212 300.000000 0.957200
23211 23213 300.000000 0.957200
23212 23213 300.000000 1.513901
23214 23215 300.000000 0.957200
23214 23216 300.000000 0.957200
23215 23216 300.000000 1.513901
23217 23218 300.000000 0.957200
23217 23219 300.000000 0.957200
23218 23219 300.000000 1.513901
23220 23221 300.000000 0.957200
23220 23222 300.000000 0.957200
23221 23222 300.000000 1.513901
23223 23224 300.000000 0.957200
23223 23225 300.000000 0.957200
23224 23225 300.000000 1.513901
23226 23227 300.000000 0.957200
23226 23228 300.000000 0.957200
23227 23228 300.000000 1.513901
23229 23230 300.000000 0.957200
23229 23231 300.000000 0.957200
23230 23231 300.000000 1.513901
23232 23233 300.000000 0.957200
23232 23234 300.000000 0.957200
23233 23234 300.000000 1.513901
23235 23236 300.000000 0.957200
23235 23237 300.000000 0.957200
23236 23237 300.000000 1.513901
23238 23239 300.000000 0.957200
23238 23240 300.000000 0.957200
23239 23240 300.000000 1.513901
23241 23242 300.000000 0.957200
23241 23243 300.000000 0.957200
23242 23243 300.000000 1.513901
23244 23245 300.000000 0.957200
23244 23246 300.000000 0.957200
23245 23246 300.000000 1.513901
23247 23248 300.000000 0.957200
23247 23249 300.000000 0.957200
23248 23249 300.000000 1.513901
23250 23251 300.000000 0.957200
23250 23252 300.000000 0.957200
23251 23252 300.000000 1.513901
23253 23254 300.000000 0.957200
23253 23255 300.000000 0.957200
23254 23255 300.000000 1.513901
23256 23257 300.000000 0.957200
23256 23258 300.000000 0.957200
23257 23258 300.000000 1.513901
23259 23260 300.000000 0.957200
23259 23261 300.000000 0.957200
23260 23261 300.000000 1.513901
23262 23263 300.000000 0.957200
23262 23264 300.000000 0.957200
23263 23264 300.000000 1.513901
23265 23266 300.000000 0.957200
23265 23267 300.000000 0.957200
23266 23267 300.000000 1.513901
23268 23269 300.000000 0.957200
23268 23270 300.000000 0.957200
23269 23270 300.000000 1.513901
23271 23272 300.000000 0.957200
23271 23273 300.000000 0.957200
23272 23273 300.000000 1.513901
23274 23275 300.000000 0.957200
23274 23276 300.000000 0.957200
23275 23276 300.000000 1.513901
23277 23278 300.000000 0.957200
23277 23279 300.000000 0.957200
23278 23279 300.000000 1.513901
23280 23281 300.000000 0.957200
23280 23282 300.000000 0.957200
23281 23282 300.000000 1.513901
23283 23284 300.000000 0.957200
23283 23285 300.000000 0.957200
23284 23285 300.000000 1.513901
23286 23287 300.000000 0.957200
23286 23288 300.000000 0.957200
23287 23288 300.000000 1.513901
23289 23290 300.000000 0.957200
23289 23291 300.000000 0.957200
23290 23291 300.000000 1.513901
23292 23293 300.000000 0.957200
23292 23294 300.000000 0.957200
23293 23294 300.000000 1.513901
23295 23296 300.000000 0.957200
23295 23297 300.000000 0.957200
23296 23297 300.000000 1.513901
23298 23299 300.000000 0.957200
23298 23300 300.000000 0.957200
23299 23300 300.000000 1.513901
23301 23302 300.000000 0.957200
23301 23303 300.000000 0.957200
23302 23303 300.000000 1.513901
23304 23305 300.000000 0.957200
23304 23306 300.000000 0.957200
23305 23306 300.000000 1.513901
23307 23308 300.000000 0.957200
23307 23309 300.000000 0.957200
23308 23309 300.000000 1.513901
23310 23311 300.000000 0.957200
23310 23312 300.000000 0.957200
23311 23312 300.000000 1.513901
23313 23314 300.000000 0.957200
23313 23315 300.000000 0.957200
23314 23315 300.000000 1.513901
23316 23317 300.000000 0.957200
23316 23318 300.000000 0.957200
23317 23318 300.000000 1.513901
23319 23320 300.000000 0.957200
23319 23321 300.000000 0.957200
23320 23321 300.000000 1.513901
23322 23323 300.000000 0.957200
23322 23324 300.000000 0.957200
23323 23324 300.000000 1.513901
23325 23326 300.000000 0.957200
23325 23327 300.000000 0.957200
23326 23327 300.000000 1.513901
23328 23329 300.000000 0.957200
23328 23330 300.000000 0.957200
23329 23330 300.000000 1.513901
23331 23332 300.000000 0.957200
23331 23333 300.000000 0.957200
23332 23333 300.000000 1.513901
23334 23335 300.000000 0.957200
23334 23336 300.000000 0.957200
23335 23336 300.000000 1.513901
23337 23338 300.000000 0.957200
23337 23339 300.000000 0.957200
23338 23339 300.000000 1.513901
23340 23341 300.000000 0.957200
23340 23342 300.000000 0.957200
23341 23342 300.000000 1.513901
23343 23344 300.000000 0.957200
23343 23345 300.000000 0.957200
23344 23345 300.000000 1.513901
23346 23347 300.000000 0.957200
23346 23348 300.000000 0.957200
23347 23348 300.000000 1.513901
23349 23350 300.000000 0.957200
23349 23351 300.000000 0.957200
23350 23351 300.000000 1.513901
23352 23353 300.000000 0.957200
23352 23354 300.000000 0.957200
23353 23354 300.000000 1.513901
23355 23356 300.000000 0.957200
23355 23357 300.000000 0.957200
23356 23357 300.000000 1.513901
23358 23359 300.000000 0.957200
23358 23360 300.000000 0.957200
23359 23360 300.000000 1.513901
23361 23362 300.000000 0.957200
23361 23363 300.000000 0.957200
23362 23363 300.000000 1.513901
23364 23365 300.000000 0.957200
23364 23366 300.000000 0.957200
23365 23366 300.000000 1.513901
23367 23368 300.000000 0.957200
23367 23369 300.000000 0.957200
23368 23369 300.000000 1.513901
23370 23371 300.000000 0.957200
23370 23372 300.000000 0.957200
23371 23372 300.000000 1.513901
23373 23374 300.000000 0.957200
23373 23375 300.000000 0.957200
23374 23375 300.000000 1.513901
23376 23377 300.000000 0.957200
23376 23378 300.000000 0.957200
23377 23378 300.000000 1.513901
23379 23380 300.000000 0.957200
23379 23381 300.000000 0.957200
23380 23381 300.000000 1.513901
23382 23383 300.000000 0.957200
23382 23384 300.000000 0.957200
23383 23384 300.000000 1.513901
23385 23386 300.000000 0.957200
23385 23387 300.000000 0.957200
23386 23387 300.000000 1.513901
23388 23389 300.000000 0.957200
23388 23390 300.000000 0.957200
23389 23390 300.000000 1.513901
23391 23392 300.000000 0.957200
23391 23393 300.000000 0.957200
23392 23393 300.000000 1.513901
23394 23395 300.000000 0.957200
23394 23396 300.000000 0.957200
23395 23396 300.000000 1.513901
23397 23398 300.000000 0.957200
23397 23399 300.000000 0.957200
23398 23399 300.000000 1.513901
23400 23401 300.000000 0.957200
23400 23402 300.000000 0.957200
23401 23402 300.000000 1.513901
23403 23404 300.000000 0.957200
23403 23405 300.000000 0.957200
23404 23405 300.000000 1.513901
23406 23407 300.000000 0.957200
23406 23408 300.000000 0.957200
23407 23408 300.000000 1.513901
23409 23410 300.000000 0.957200
23409 23411 300.000000 0.957200
23410 23411 300.000000 1.513901
23412 23413 300.000000 0.957200
23412 23414 300.000000 0.957200
23413 23414 300.000000 1.513901
23415 23416 300.000000 0.957200
23415 23417 300.000000 0.957200
23416 23417 300.000000 1.513901
23418 23419 300.000000 0.957200
23418 23420 300.000000 0.957200
23419 23420 300.000000 1.513901
23421 23422 300.000000 0.957200
23421 23423 300.000000 0.957200
23422 23423 300.000000 1.513901
23424 23425 300.000000 0.957200
23424 23426 300.000000 0.957200
23425 23426 300.000000 1.513901
23427 23428 300.000000 0.957200
23427 23429 300.000000 0.957200
23428 23429 300.000000 1.513901
23430 23431 300.000000 0.957200
23430 23432 300.000000 0.957200
23431 23432 300.000000 1.513901
23433 23434 300.000000 0.957200
23433 23435 300.000000 0.957200
23434 23435 300.000000 1.513901
23436 23437 300.000000 0.957200
23436 23438 300.000000 0.957200
23437 23438 300.000000 1.513901
23439 23440 300.000000 0.957200
23439 23441 300.000000 0.957200
23440 23441 300.000000 1.513901
23442 23443 300.000000 0.957200
23442 23444 300.000000 0.957200
23443 23444 300.000000 1.513901
23445 23446 300.000000 0.957200
23445 23447 300.000000 0.957200
23446 23447 300.000000 1.513901
23448 23449 300.000000 0.957200
23448 23450 300.000000 0.957200
23449 23450 300.000000 1.513901
23451 23452 300.000000 0.957200
23451 23453 300.000000 0.957200
23452 23453 300.000000 1.513901
23454 23455 300.000000 0.957200
23454 23456 300.000000 0.957200
23455 23456 300.000000 1.513901
23457 23458 300.000000 0.957200
23457 23459 300.000000 0.957200
23458 23459 300.000000 1.513901
23460 23461 300.000000 0.957200
23460 23462 300.000000 0.957200
23461 23462 300.000000 1.513901
23463 23464 300.000000 0.957200
23463 23465 300.000000 0.957200
23464 23465 300.000000 1.513901
23466 23467 300.000000 0.957200
23466 23468 300.000000 0.957200
23467 23468 300.000000 1.513901
23469 23470 300.000000 0.957200
23469 23471 300.000000 0.957200
23470 23471 300.000000 1.513901
23472 23473 300.000000 0.957200
23472 23474 300.000000 0.957200
23473 23474 300.000000 1.513901
23475 23476 300.000000 0.957200
23475 23477 300.000000 0.957200
23476 23477 300.000000 1.513901
23478 23479 300.000000 0.957200
23478 23480 300.000000 0.957200
23479 23480 300.000000 1.513901
23481 23482 300.000000 0.957200
23481 23483 300.000000 0.957200
23482 23483 300.000000 1.513901
23484 23485 300.000000 0.957200
23484 23486 300.000000 0.957200
23485 23486 300.000000 1.513901
23487 23488 300.000000 0.957200
23487 23489 300.000000 0.957200
23488 23489 300.000000 1.513901
23490 23491 300.000000 0.957200
23490 23492 300.000000 0.957200
23491 23492 300.000000 1.513901
23493 23494 300.000000 0.957200
23493 23495 300.000000 0.957200
23494 23495 300.000000 1.513901
23496 23497 300.000000 0.957200
23496 23498 300.000000 0.957200
23497 23498 300.000000 1.513901
23499 23500 300.000000 0.957200
23499 23501 300.000000 0.957200
23500 23501 300.000000 1.513901
23502 23503 300.000000 0.957200
23502 23504 300.000000 0.957200
23503 23504 300.000000 1.513901
23505 23506 300.000000 0.957200
23505 23507 300.000000 0.957200
23506 23507 300.000000 1.513901
23508 23509 300.000000 0.957200
23508 23510 300.000000 0.957200
23509 23510 300.000000 1.513901
23511 23512 300.000000 0.957200
23511 23513 300.000000 0.957200
23512 23513 300.000000 1.513901
23514 23515 300.000000 0.957200
23514 23516 300.000000 0.957200
23515 23516 300.000000 1.513901
23517 23518 300.000000 0.957200
23517 23519 300.000000 0.957200
23518 23519 300.000000 1.513901
23520 23521 300.000000 0.957200
23520 23522 300.000000 0.957200
23521 23522 300.000000 1.513901
23523 23524 300.000000 0.957200
23523 23525 300.000000 0.957200
23524 23525 300.000000 1.513901
23526 23527 300.000000 0.957200
23526 23528 300.000000 0.957200
23527 23528 300.000000 1.513901
23529 23530 300.000000 0.957200
23529 23531 300.000000 0.957200
23530 23531 300.000000 1.513901
23532 23533 300.000000 0.957200
23532 23534 300.000000 0.957200
23533 23534 300.000000 1.513901
23535 23536 300.000000 0.957200
23535 23537 300.000000 0.957200
23536 23537 300.000000 1.513901
23538 23539 300.000000 0.957200
23538 23540 300.000000 0.957200
23539 23540 300.000000 1.513901
23541 23542 300.000000 0.957200
23541 23543 300.000000 0.957200
23542 23543 300.000000 1.513901
23544 23545 300.000000 0.957200
23544 23546 300.000000 0.957200
23545 23546 300.000000 1.513901
23547 23548 300.000000 0.957200
23547 23549 300.000000 0.957200
23548 23549 300.000000 1.513901
23550 23551 300.000000 0.957200
23550 23552 300.000000 0.957200
23551 23552 300.000000 1.513901
23553 23554 300.000000 0.957200
23553 23555 300.000000 0.957200
23554 23555 300.000000 1.513901
23556 23557 300.000000 0.957200
23556 23558 300.000000 0.957200
23557 23558 300.000000 1.513901
23559 23560 300.000000 0.957200
23559 23561 300.000000 0.957200
23560 23561 300.000000 1.513901
23562 23563 300.000000 0.957200
23562 23564 300.000000 0.957200
23563 23564 300.000000 1.513901
23565 23566 300.000000 0.957200
23565 23567 300.000000 0.957200
23566 23567 300.000000 1.513901
23568 23569 300.000000 0.957200
23568 23570 300.000000 0.957200
23569 23570 300.000000 1.513901
23571 23572 300.000000 0.957200
23571 23573 300.000000 0.957200
23572 23573 300.000000 1.513901
23574 23575 300.000000 0.957200
23574 23576 300.000000 0.957200
23575 23576 300.000000 1.513901
23577 23578 300.000000 0.957200
23577 23579 300.000000 0.957200
23578 23579 300.000000 1.513901
23580 23581 300.000000 0.957200
23580 23582 300.000000 0.957200
23581 23582 300.000000 1.513901
23583 23584 300.000000 0.957200
23583 23585 300.000000 0.957200
23584 23585 300.000000 1.513901
23586 23587 300.000000 0.957200
23586 23588 300.000000 0.957200
23587 23588 300.000000 1.513901
23589 23590 300.000000 0.957200
23589 23591 300.000000 0.957200
23590 23591 300.000000 1.513901
23592 23593 300.000000 0.957200
23592 23594 300.000000 0.957200
23593 23594 300.000000 1.513901
23595 23596 300.000000 0.957200
23595 23597 300.000000 0.957200
23596 23597 300.000000 1.513901
23598 23599 300.000000 0.957200
23598 23600 300.000000 0.957200
23599 23600 300.000000 1.513901
23601 23602 300.000000 0.957200
23601 23603 300.000000 0.957200
23602 23603 300.000000 1.513901
23604 23605 300.000000 0.957200
23604 23606 300.000000 0.957200
23605 23606 300.000000 1.513901
23607 23608 300.000000 0.957200
23607 23609 300.000000 0.957200
23608 23609 300.000000 1.513901
23610 23611 300.000000 0.957200
23610 23612 300.000000 0.957200
23611 23612 300.000000 1.513901
23613 23614 300.000000 0.957200
23613 23615 300.000000 0.957200
23614 23615 300.000000 1.513901
23616 23617 300.000000 0.957200
23616 23618 300.000000 0.957200
23617 23618 300.000000 1.513901
23619 23620 300.000000 0.957200
23619 23621 300.000000 0.957200
23620 23621 300.000000 1.513901
23622 23623 300.000000 0.957200
23622 23624 300.000000 0.957200
23623 23624 300.000000 1.513901
23625 23626 300.000000 0.957200
23625 23627 300.000000 0.957200
23626 23627 300.000000 1.513901
23628 23629 300.000000 0.957200
23628 23630 300.000000 0.957200
23629 23630 300.000000 1.513901
23631 23632 300.000000 0.957200
23631 23633 300.000000 0.957200
23632 23633 300.000000 1.513901
23634 23635 300.000000 0.957200
23634 23636 300.000000 0.957200
23635 23636 300.000000 1.513901
23637 23638 300.000000 0.957200
23637 23639 300.000000 0.957200
23638 23639 300.000000 1.513901
23640 23641 300.000000 0.957200
23640 23642 300.000000 0.957200
23641 23642 300.000000 1.513901
23643 23644 300.000000 0.957200
23643 23645 300.000000 0.957200
23644 23645 300.000000 1.513901
23646 23647 300.000000 0.957200
23646 23648 300.000000 0.957200
23647 23648 300.000000 1.513901
23649 23650 300.000000 0.957200
23649 23651 300.000000 0.957200
23650 23651 300.000000 1.513901
23652 23653 300.000000 0.957200
23652 23654 300.000000 0.957200
23653 23654 300.000000 1.513901
23655 23656 300.000000 0.957200
23655 23657 300.000000 0.957200
23656 23657 300.000000 1.513901
23658 23659 300.000000 0.957200
23658 23660 300.000000 0.957200
23659 23660 300.000000 1.513901
23661 23662 300.000000 0.957200
23661 23663 300.000000 0.957200
23662 23663 300.000000 1.513901
23664 23665 300.000000 0.957200
23664 23666 300.000000 0.957200
23665 23666 300.000000 1.513901
23667 23668 300.000000 0.957200
23667 23669 300.000000 0.957200
23668 23669 300.000000 1.513901
23670 23671 300.000000 0.957200
23670 23672 300.000000 0.957200
23671 23672 300.000000 1.513901
23673 23674 300.000000 0.957200
23673 23675 300.000000 0.957200
23674 23675 300.000000 1.513901
23676 23677 300.000000 0.957200
23676 23678 300.000000 0.957200
23677 23678 300.000000 1.513901
23679 23680 300.000000 0.957200
23679 23681 300.000000 0.957200
23680 23681 300.000000 1.513901
23682 23683 300.000000 0.957200
23682 23684 300.000000 0.957200
23683 23684 300.000000 1.513901
23685 23686 300.000000 0.957200
23685 23687 300.000000 0.957200
23686 23687 300.000000 1.513901
23688 23689 300.000000 0.957200
23688 23690 300.000000 0.957200
23689 23690 300.000000 1.513901
23691 23692 300.000000 0.957200
23691 23693 300.000000 0.957200
23692 23693 300.000000 1.513901
23694 23695 300.000000 0.957200
23694 23696 300.000000 0.957200
23695 23696 300.000000 1.513901
23697 23698 300.000000 0.957200
23697 23699 300.000000 0.957200
23698 23699 300.000000 1.513901
23700 23701 300.000000 0.957200
23700 23702 300.000000 0.957200
23701 23702 300.000000 1.513901
23703 23704 300.000000 0.957200
23703 23705 300.000000 0.957200
23704 23705 300.000000 1.513901
23706 23707 300.000000 0.957200
23706 23708 300.000000 0.957200
23707 23708 300.000000 1.513901
23709 23710 300.000000 0.957200
23709 23711 300.000000 0.957200
23710 23711 300.000000 1.513901
23712 23713 300.000000 0.957200
23712 23714 300.000000 0.957200
23713 23714 300.000000 1.513901
23715 23716 300.000000 0.957200
23715 23717 300.000000 0.957200
23716 23717 300.000000 1.513901
23718 23719 300.000000 0.957200
23718 23720 300.000000 0.957200
23719 23720 300.000000 1.513901
23721 23722 300.000000 0.957200
23721 23723 300.000000 0.957200
23722 23723 300.000000 1.513901
23724 23725 300.000000 0.957200
23724 23726 300.000000 0.957200
23725 23726 300.000000 1.513901
23727 23728 300.000000 0.957200
23727 23729 300.000000 0.957200
23728 23729 300.000000 1.513901
23730 23731 300.000000 0.957200
23730 23732 300.000000 0.957200
23731 23732 300.000000 1.513901
23733 23734 300.000000 0.957200
23733 23735 300.000000 0.957200
23734 23735 300.000000 1.513901
23736 23737 300.000000 0.957200
23736 23738 300.000000 0.957200
23737 23738 300.000000 1.513901
23739 23740 300.000000 0.957200
23739 23741 300.000000 0.957200
23740 23741 300.000000 1.513901
23742 23743 300.000000 0.957200
23742 23744 300.000000 0.957200
23743 23744 300.000000 1.513901
23745 23746 300.000000 0.957200
23745 23747 300.000000 0.957200
23746 23747 300.000000 1.513901
23748 23749 300.000000 0.957200
23748 23750 300.000000 0.957200
23749 23750 300.000000 1.513901
23751 23752 300.000000 0.957200
23751 23753 300.000000 0.957200
23752 23753 300.000000 1.513901
23754 23755 300.000000 0.957200
23754 23756 300.000000 0.957200
23755 23756 300.000000 1.513901
23757 23758 300.000000 0.957200
23757 23759 300.000000 0.957200
23758 23759 300.000000 1.513901
23760 23761 300.000000 0.957200
23760 23762 300.000000 0.957200
23761 23762 300.000000 1.513901
23763 23764 300.000000 0.957200
23763 23765 300.000000 0.957200
23764 23765 300.000000 1.513901
23766 23767 300.000000 0.957200
23766 23768 300.000000 0.957200
23767 23768 300.000000 1.513901
23769 23770 300.000000 0.957200
23769 23771 300.000000 0.957200
23770 23771 300.000000 1.513901
23772 23773 300.000000 0.957200
23772 23774 300.000000 0.957200
23773 23774 300.000000 1.513901
23775 23776 300.000000 0.957200
23775 23777 300.000000 0.957200
23776 23777 300.000000 1.513901
23778 23779 300.000000 0.957200
23778 23780 300.000000 0.957200
23779 23780 300.000000 1.513901
23781 23782 300.000000 0.957200
23781 23783 300.000000 0.957200
23782 23783 300.000000 1.513901
23784 23785 300.000000 0.957200
23784 23786 300.000000 0.957200
23785 23786 300.000000 1.513901
23787 23788 300.000000 0.957200
23787 23789 300.000000 0.957200
23788 23789 300.000000 1.513901
23790 23791 300.000000 0.957200
23790 23792 300.000000 0.957200
23791 23792 300.000000 1.513901
23793 23794 300.000000 0.957200
23793 23795 300.000000 0.957200
23794 23795 300.000000 1.513901
23796 23797 300.000000 0.957200
23796 23798 300.000000 0.957200
23797 23798 300.000000 1.513901
23799 23800 300.000000 0.957200
23799 23801 300.000000 0.957200
23800 23801 300.000000 1.513901
23802 23803 300.000000 0.957200
23802 23804 300.000000 0.957200
23803 23804 300.000000 1.513901
23805 23806 300.000000 0.957200
23805 23807 300.000000 0.957200
23806 23807 300.000000 1.513901
23808 23809 300.000000 0.957200
23808 23810 300.000000 0.957200
23809 23810 300.000000 1.513901
23811 23812 300.000000 0.957200
23811 23813 300.000000 0.957200
23812 23813 300.000000 1.513901
23814 23815 300.000000 0.957200
23814 23816 300.000000 0.957200
23815 23816 300.000000 1.513901
23817 23818 300.000000 0.957200
23817 23819 300.000000 0.957200
23818 23819 300.000000 1.513901
23820 23821 300.000000 0.957200
23820 23822 300.000000 0.957200
23821 23822 300.000000 1.513901
23823 23824 300.000000 0.957200
23823 23825 300.000000 0.957200
23824 23825 300.000000 1.513901
23826 23827 300.000000 0.957200
23826 23828 300.000000 0.957200
23827 23828 300.000000 1.513901
23829 23830 300.000000 0.957200
23829 23831 300.000000 0.957200
23830 23831 300.000000 1.513901
23832 23833 300.000000 0.957200
23832 23834 300.000000 0.957200
23833 23834 300.000000 1.513901
23835 23836 300.000000 0.957200
23835 23837 300.000000 0.957200
23836 23837 300.000000 1.513901
23838 23839 300.000000 0.957200
23838 23840 300.000000 0.957200
23839 23840 300.000000 1.513901
23841 23842 300.000000 0.957200
23841 23843 300.000000 0.957200
23842 23843 300.000000 1.513901
23844 23845 300.000000 0.957200
23844 23846 300.000000 0.957200
23845 23846 300.000000 1.513901
23847 23848 300.000000 0.957200
23847 23849 300.000000 0.957200
23848 23849 300.000000 1.513901
23850 23851 300.000000 0.957200
23850 23852 300.000000 0.957200
23851 23852 300.000000 1.513901
23853 23854 300.000000 0.957200
23853 23855 300.000000 0.957200
23854 23855 300.000000 1.513901
23856 23857 300.000000 0.957200
23856 23858 300.000000 0.957200
23857 23858 300.000000 1.513901
23859 23860 300.000000 0.957200
23859 23861 300.000000 0.957200
23860 23861 300.000000 1.513901
23862 23863 300.000000 0.957200
23862 23864 300.000000 0.957200
23863 23864 300.000000 1.513901
23865 23866 300.000000 0.957200
23865 23867 300.000000 0.957200
23866 23867 300.000000 1.513901
23868 23869 300.000000 0.957200
23868 23870 300.000000 0.957200
23869 23870 300.000000 1.513901
23871 23872 300.000000 0.957200
23871 23873 300.000000 0.957200
23872 23873 300.000000 1.513901
23874 23875 300.000000 0.957200
23874 23876 300.000000 0.957200
23875 23876 300.000000 1.513901
23877 23878 300.000000 0.957200
23877 23879 300.000000 0.957200
23878 23879 300.000000 1.513901
23880 23881 300.000000 0.957200
23880 23882 300.000000 0.957200
23881 23882 300.000000 1.513901
23883 23884 300.000000 0.957200
23883 23885 300.000000 0.957200
23884 23885 300.000000 1.513901
23886 23887 300.000000 0.957200
23886 23888 300.000000 0.957200
23887 23888 300.000000 1.513901
23889 23890 300.000000 0.957200
23889 23891 300.000000 0.957200
23890 23891 300.000000 1.513901
23892 23893 300.000000 0.957200
23892 23894 300.000000 0.957200
23893 23894 300.000000 1.513901
23895 23896 300.000000 0.957200
23895 23897 300.000000 0.957200
23896 23897 300.000000 1.513901
23898 23899 300.000000 0.957200
23898 23900 300.000000 0.957200
23899 23900 300.000000 1.513901
23901 23902 300.000000 0.957200
23901 23903 300.000000 0.957200
23902 23903 300.000000 1.513901
23904 23905 300.000000 0.957200
23904 23906 300.000000 0.957200
23905 23906 300.000000 1.513901
23907 23908 300.000000 0.957200
23907 23909 300.000000 0.957200
23908 23909 300.000000 1.513901
23910 23911 300.000000 0.957200
23910 23912 300.000000 0.957200
23911 23912 300.000000 1.513901
23913 23914 300.000000 0.957200
23913 23915 300.000000 0.957200
23914 23915 300.000000 1.513901
23916 23917 300.000000 0.957200
23916 23918 300.000000 0.957200
23917 23918 300.000000 1.513901
23919 23920 300.000000 0.957200
23919 23921 300.000000 0.957200
23920 23921 300.000000 1.513901
23922 23923 300.000000 0.957200
23922 23924 300.000000 0.957200
23923 23924 300.000000 1.513901
23925 23926 300.000000 0.957200
23925 23927 300.000000 0.957200
23926 23927 300.000000 1.513901
23928 23929 300.000000 0.957200
23928 23930 300.000000 0.957200
23929 23930 300.000000 1.513901
23931 23932 300.000000 0.957200
23931 23933 300.000000 0.957200
23932 23933 300.000000 1.513901
23934 23935 300.000000 0.957200
23934 23936 300.000000 0.957200
23935 23936 300.000000 1.513901
23937 23938 300.000000 0.957200
23937 23939 300.000000 0.957200
23938 23939 300.000000 1.513901
23940 23941 300.000000 0.957200
23940 23942 300.000000 0.957200
23941 23942 300.000000 1.513901
23943 23944 300.000000 0.957200
23943 23945 300.000000 0.957200
23944 23945 300.000000 1.513901
23946 23947 300.000000 0.957200
23946 23948 300.000000 0.957200
23947 23948 300.000000 1.513901
23949 23950 300.000000 0.957200
23949 23951 300.000000 0.957200
23950 23951 300.000000 1.513901
23952 23953 300.000000 0.957200
23952 23954 300.000000 0.957200
23953 23954 300.000000 1.513901
23955 23956 300.000000 0.957200
23955 23957 300.000000 0.957200
23956 23957 300.000000 1.513901
23958 23959 300.000000 0.957200
23958 23960 300.000000 0.957200
23959 23960 300.000000 1.513901
23961 23962 300.000000 0.957200
23961 23963 300.000000 0.957200
23962 23963 300.000000 1.513901
23964 23965 300.000000 0.957200
23964 23966 300.000000 0.957200
23965 23966 300.000000 1.513901
23967 23968 300.000000 0.957200
23967 23969 300.000000 0.957200
23968 23969 300.000000 1.513901
23970 23971 300.000000 0.957200
23970 23972 300.000000 0.957200
23971 23972 300.000000 1.513901
23973 23974 300.000000 0.957200
23973 23975 300.000000 0.957200
23974 23975 300.000000 1.513901
23976 23977 300.000000 0.957200
23976 23978 300.000000 0.957200
23977 23978 300.000000 1.513901
23979 23980 300.000000 0.957200
23979 23981 300.000000 0.957200
23980 23981 300.000000 1.513901
23982 23983 300.000000 0.957200
23982 23984 300.000000 0.957200
23983 23984 300.000000 1.513901
23985 23986 300.000000 0.957200
23985 23987 300.000000 0.957200
23986 23987 300.000000 1.513901
23988 23989 300.000000 0.957200
23988 23990 300.000000 0.957200
23989 23990 300.000000 1.513901
23991 23992 300.000000 0.957200
23991 23993 300.000000 0.957200
23992 23993 300.000000 1.513901
23994 23995 300.000000 0.957200
23994 23996 300.000000 0.957200
23995 23996 300.000000 1.513901
23997 23998 300.000000 0.957200
23997 23999 300.000000 0.957200
23998 23999 300.000000 1.513901
24000 24001 300.000000 0.957200
24000 24002 300.000000 0.957200
24001 24002 300.000000 1.513901
24003 24004 300.000000 0.957200
24003 24005 300.000000 0.957200
24004 24005 300.000000 1.513901
24006 24007 300.000000 0.957200
24006 24008 300.000000 0.957200
24007 24008 300.000000 1.513901
24009 24010 300.000000 0.957200
24009 24011 300.000000 0.957200
24010 24011 300.000000 1.513901
24012 24013 300.000000 0.957200
24012 24014 300.000000 0.957200
24013 24014 300.000000 1.513901
24015 24016 300.000000 0.957200
24015 24017 300.000000 0.957200
24016 24017 300.000000 1.513901
24018 24019 300.000000 0.957200
24018 24020 300.000000 0.957200
24019 24020 300.000000 1.513901
24021 24022 300.000000 0.957200
24021 24023 300.000000 0.957200
24022 24023 300.000000 1.513901
24024 24025 300.000000 0.957200
24024 24026 300.000000 0.957200
24025 24026 300.000000 1.513901
24027 24028 300.000000 0.957200
24027 24029 300.000000 0.957200
24028 24029 300.000000 1.513901
24030 24031 300.000000 0.957200
24030 24032 300.000000 0.957200
24031 24032 300.000000 1.513901
24033 24034 300.000000 0.957200
24033 24035 300.000000 0.957200
24034 24035 300.000000 1.513901
24036 24037 300.000000 0.957200
24036 24038 300.000000 0.957200
24037 24038 300.000000 1.513901
24039 24040 300.000000 0.957200
24039 24041 300.000000 0.957200
24040 24041 300.000000 1.513901
24042 24043 300.000000 0.957200
24042 24044 300.000000 0.957200
24043 24044 300.000000 1.513901
24045 24046 300.000000 0.957200
24045 24047 300.000000 0.957200
24046 24047 300.000000 1.513901
24048 24049 300.000000 0.957200
24048 24050 300.000000 0.957200
24049 24050 300.000000 1.513901
24051 24052 300.000000 0.957200
24051 24053 300.000000 0.957200
24052 24053 300.000000 1.513901
24054 24055 300.000000 0.957200
24054 24056 300.000000 0.957200
24055 24056 300.000000 1.513901
24057 24058 300.000000 0.957200
24057 24059 300.000000 0.957200
24058 24059 300.000000 1.513901
24060 24061 300.000000 0.957200
24060 24062 300.000000 0.957200
24061 24062 300.000000 1.513901
24063 24064 300.000000 0.957200
24063 24065 300.000000 0.957200
24064 24065 300.000000 1.513901
24066 24067 300.000000 0.957200
24066 24068 300.000000 0.957200
24067 24068 300.000000 1.513901
24069 24070 300.000000 0.957200
24069 24071 300.000000 0.957200
24070 24071 300.000000 1.513901
24072 24073 300.000000 0.957200
24072 24074 300.000000 0.957200
24073 24074 300.000000 1.513901
24075 24076 300.000000 0.957200
24075 24077 300.000000 0.957200
24076 24077 300.000000 1.513901
24078 24079 300.000000 0.957200
24078 24080 300.000000 0.957200
24079 24080 300.000000 1.513901
24081 24082 300.000000 0.957200
24081 24083 300.000000 0.957200
24082 24083 300.000000 1.513901
24084 24085 300.000000 0.957200
24084 24086 300.000000 0.957200
24085 24086 300.000000 1.513901
24087 24088 300.000000 0.957200
24087 24089 300.000000 0.957200
24088 24089 300.000000 1.513901
24090 24091 300.000000 0.957200
24090 24092 300.000000 0.957200
24091 24092 300.000000 1.513901
24093 24094 300.000000 0.957200
24093 24095 300.000000 0.957200
24094 24095 300.000000 1.513901
24096 24097 300.000000 0.957200
24096 24098 300.000000 0.957200
24097 24098 300.000000 1.513901
24099 24100 300.000000 0.957200
24099 24101 300.000000 0.957200
24100 24101 300.000000 1.513901
24102 24103 300.000000 0.957200
24102 24104 300.000000 0.957200
24103 24104 300.000000 1.513901
24105 24106 300.000000 0.957200
24105 24107 300.000000 0.957200
24106 24107 300.000000 1.513901
24108 24109 300.000000 0.957200
24108 24110 300.000000 0.957200
24109 24110 300.000000 1.513901
24111 24112 300.000000 0.957200
24111 24113 300.000000 0.957200
24112 24113 300.000000 1.513901
24114 24115 300.000000 0.957200
24114 24116 300.000000 0.957200
24115 24116 300.000000 1.513901
24117 24118 300.000000 0.957200
24117 24119 300.000000 0.957200
24118 24119 300.000000 1.513901
24120 24121 300.000000 0.957200
24120 24122 300.000000 0.957200
24121 24122 300.000000 1.513901
24123 24124 300.000000 0.957200
24123 24125 300.000000 0.957200
24124 24125 300.000000 1.513901
24126 24127 300.000000 0.957200
24126 24128 300.000000 0.957200
24127 24128 300.000000 1.513901
24129 24130 300.000000 0.957200
24129 24131 300.000000 0.957200
24130 24131 300.000000 1.513901
24132 24133 300.000000 0.957200
24132 24134 300.000000 0.957200
24133 24134 300.000000 1.513901
24135 24136 300.000000 0.957200
24135 24137 300.000000 0.957200
24136 24137 300.000000 1.513901
24138 24139 300.000000 0.957200
24138 24140 300.000000 0.957200
24139 24140 300.000000 1.513901
24141 24142 300.000000 0.957200
24141 24143 300.000000 0.957200
24142 24143 300.000000 1.513901
24144 24145 300.000000 0.957200
24144 24146 300.000000 0.957200
24145 24146 300.000000 1.513901
24147 24148 300.000000 0.957200
24147 24149 300.000000 0.957200
24148 24149 300.000000 1.513901
24150 24151 300.000000 0.957200
24150 24152 300.000000 0.957200
24151 24152 300.000000 1.513901
24153 24154 300.000000 0.957200
24153 24155 300.000000 0.957200
24154 24155 300.000000 1.513901
24156 24157 300.000000 0.957200
24156 24158 300.000000 0.957200
24157 24158 300.000000 1.513901
24159 24160 300.000000 0.957200
24159 24161 300.000000 0.957200
24160 24161 300.000000 1.513901
24162 24163 300.000000 0.957200
24162 24164 300.000000 0.957200
24163 24164 300.000000 1.513901
24165 24166 300.000000 0.957200
24165 24167 300.000000 0.957200
24166 24167 300.000000 1.513901
24168 24169 300.000000 0.957200
24168 24170 300.000000 0.957200
24169 24170 300.000000 1.513901
24171 24172 300.000000 0.957200
24171 24173 300.000000 0.957200
24172 24173 300.000000 1.513901
24174 24175 300.000000 0.957200
24174 24176 300.000000 0.957200
24175 24176 300.000000 1.513901
24177 24178 300.000000 0.957200
24177 24179 300.000000 0.957200
24178 24179 300.000000 1.513901
24180 24181 300.000000 0.957200
24180 24182 300.000000 0.957200
24181 24182 300.000000 1.513901
24183 24184 300.000000 0.957200
24183 24185 300.000000 0.957200
24184 24185 300.000000 1.513901
24186 24187 300.000000 0.957200
24186 24188 300.000000 0.957200
24187 24188 300.000000 1.513901
24189 24190 300.000000 0.957200
24189 24191 300.000000 0.957200
24190 24191 300.000000 1.513901